reserve_id,caid,snapshot_date,current_balance,fully_funded_target,percent_funded,annual_contribution,last_study_date,study_type
RF-C47H02BY0IWJ,CA-NV-00000001,2024-01-01,2831425.72,3644019.69,77.7,217959.02,2020-06-10,STANDARD
RF-MSX3M19ML1GO,CA-NV-00000001,2024-04-01,2943940.55,3644019.69,80.79,167141.32,2021-05-23,STANDARD
RF-EIOI1V7L4J5W,CA-NV-00000001,2024-07-01,2985083.28,3644019.69,81.92,240222.48,,STANDARD
RF-O06HB1O9WZU4,CA-NV-00000001,2024-10-01,2948158.26,3644019.69,80.9,111442.28,2020-11-22,STANDARD
RF-3IY0O1KPO2DQ,CA-NV-00000001,2025-01-01,3042722.08,3644019.69,83.5,186302.77,2021-11-05,INFORMAL
RF-QBZR7P146KOA,CA-NV-00000001,2025-04-01,2912416.4,3644019.69,79.92,285462.63,2021-09-28,INFORMAL
RF-BP800VVBYW07,CA-TX-00000002,2024-01-01,729675.48,3332450.55,21.9,237477.04,2022-09-20,INFORMAL
RF-19HA2YZ5GZNR,CA-TX-00000002,2024-04-01,883372.99,3332450.55,26.51,110719.22,2022-08-22,STANDARD
RF-6PI6V8QS7GLA,CA-TX-00000002,2024-07-01,831302.85,3332450.55,24.95,204023.53,2023-07-15,STANDARD
RF-IBSR1IA90MSK,CA-TX-00000002,2024-10-01,785817.38,3332450.55,23.58,192105.34,2022-08-29,STANDARD
RF-OL4NYMIXEBQX,CA-TX-00000002,2025-01-01,792593.25,3332450.55,23.78,138955.0,,STANDARD
RF-912FDMI7F76Z,CA-TX-00000002,2025-04-01,712341.63,3332450.55,21.38,191298.74,2023-06-26,STANDARD
RF-97SRD0PTT95I,CA-TX-00000003,2024-01-01,1532709.29,1539748.16,99.54,106415.09,2022-08-23,INFORMAL
RF-AVTPR1YS0LHZ,CA-TX-00000003,2024-04-01,1538410.36,1539748.16,99.91,122298.42,2022-12-17,STANDARD
RF-BSO0IFEH33WW,CA-TX-00000003,2024-07-01,1558805.22,1539748.16,101.24,54838.85,,STANDARD
RF-HZ7V0MBX3W3D,CA-TX-00000003,2024-10-01,1559311.24,1539748.16,101.27,56908.93,2021-09-03,INFORMAL
RF-WZF09LWCSZA4,CA-TX-00000003,2025-01-01,1559531.61,1539748.16,101.28,76209.79,2021-03-25,INFORMAL
RF-NZPIEEVS0HFL,CA-TX-00000003,2025-04-01,1542262.75,1539748.16,100.16,59196.09,,STANDARD
RF-KGGDF6BE5R1A,CA-TX-00000004,2024-01-01,2339080.35,4875048.6,47.98,372374.79,2021-06-26,INFORMAL
RF-76H0ZE8EFM2R,CA-TX-00000004,2024-04-01,2285215.61,4875048.6,46.88,382712.04,,STANDARD
RF-ZHI7W6RGOIME,CA-TX-00000004,2024-07-01,2288708.58,4875048.6,46.95,254555.11,2023-10-04,INFORMAL
RF-07CAX6DQUMOA,CA-TX-00000004,2024-10-01,2120197.48,4875048.6,43.49,263993.86,,INFORMAL
RF-YWS6RMKMDJE0,CA-TX-00000004,2025-01-01,2070589.78,4875048.6,42.47,208861.73,2024-03-24,INFORMAL
RF-43R2BLTKJYVS,CA-TX-00000004,2025-04-01,2119131.95,4875048.6,43.47,187852.9,2024-10-02,INFORMAL
RF-RJZXNG1FXG87,CA-CA-00000005,2024-01-01,1767891.4,4228395.07,41.81,256273.33,2020-11-24,STANDARD
RF-GWCC0UB0Z3O7,CA-CA-00000005,2024-04-01,1578459.96,4228395.07,37.33,256297.01,,STANDARD
RF-K7AJMVAWX46U,CA-CA-00000005,2024-07-01,1770134.06,4228395.07,41.86,218153.13,2021-06-22,INFORMAL
RF-O7I2W2GSW04B,CA-CA-00000005,2024-10-01,1650413.93,4228395.07,39.03,169595.04,,STANDARD
RF-DQ37JWBVL351,CA-CA-00000005,2025-01-01,1620675.22,4228395.07,38.33,295413.73,2021-03-25,INFORMAL
RF-TUGOE4AMO12B,CA-CA-00000005,2025-04-01,1570871.7,4228395.07,37.15,208651.32,2022-01-05,INFORMAL
RF-9K5CNH7LW9H2,CA-WA-00000006,2024-01-01,1473685.71,2868405.6,51.38,123098.62,2022-02-12,STANDARD
RF-B03MFZNYX05C,CA-WA-00000006,2024-04-01,1452896.11,2868405.6,50.65,198558.05,2021-03-21,STANDARD
RF-VY2PTY2WMTLC,CA-WA-00000006,2024-07-01,1405713.18,2868405.6,49.01,221621.09,2023-02-28,INFORMAL
RF-37SAS0WA0V5I,CA-WA-00000006,2024-10-01,1416966.6,2868405.6,49.4,120437.44,2021-09-07,STANDARD
RF-Y3WATZS2P2IB,CA-WA-00000006,2025-01-01,1469714.89,2868405.6,51.24,113090.58,2022-07-06,STANDARD
RF-KJPFKJVX1954,CA-WA-00000006,2025-04-01,1567447.47,2868405.6,54.65,212153.54,,INFORMAL
RF-P9YNBQI4MU2R,CA-VA-00000007,2024-01-01,1761246.31,2725113.96,64.63,174943.83,2023-03-03,STANDARD
RF-VWS6OHG11DRX,CA-VA-00000007,2024-04-01,1823545.14,2725113.96,66.92,200062.81,,STANDARD
RF-HFAC90VV5NGX,CA-VA-00000007,2024-07-01,1833342.72,2725113.96,67.28,189404.39,2021-10-24,INFORMAL
RF-600JJQB27SHP,CA-VA-00000007,2024-10-01,1745151.37,2725113.96,64.04,204170.25,2021-01-29,INFORMAL
RF-YXQQLSL8ELWF,CA-VA-00000007,2025-01-01,1864072.28,2725113.96,68.4,141498.88,,STANDARD
RF-9YIQ3O4M4NJN,CA-VA-00000007,2025-04-01,1867752.29,2725113.96,68.54,183285.82,2021-11-25,STANDARD
RF-KF35IB2AX4V8,CA-NY-00000008,2024-01-01,1564857.53,1928876.91,81.13,64473.91,2023-02-08,STANDARD
RF-FRX52YFNNH2V,CA-NY-00000008,2024-04-01,1551671.99,1928876.91,80.44,82443.91,2022-10-09,INFORMAL
RF-K9U8KKN3HFLE,CA-NY-00000008,2024-07-01,1519012.62,1928876.91,78.75,71704.5,2022-12-05,INFORMAL
RF-1VCTPPA25ZFX,CA-NY-00000008,2024-10-01,1502492.64,1928876.91,77.89,136942.4,2023-10-30,INFORMAL
RF-9LSMXFAMR2RE,CA-NY-00000008,2025-01-01,1616678.85,1928876.91,83.81,138562.22,,INFORMAL
RF-QDAHWT5HKDC7,CA-NY-00000008,2025-04-01,1551652.32,1928876.91,80.44,109899.19,2023-04-09,INFORMAL
RF-R8823YZW1PUG,CA-CA-00000009,2024-01-01,1918220.16,2735197.2,70.13,141420.82,2021-01-31,INFORMAL
RF-01AALPTDXDH3,CA-CA-00000009,2024-04-01,1938277.77,2735197.2,70.86,147894.28,2020-10-10,STANDARD
RF-9CZ200MGRXPV,CA-CA-00000009,2024-07-01,1935168.73,2735197.2,70.75,116955.58,,INFORMAL
RF-9FX3FFHDM1QS,CA-CA-00000009,2024-10-01,1928496.15,2735197.2,70.51,208407.53,2023-04-10,INFORMAL
RF-5QITBWC8I1FV,CA-CA-00000009,2025-01-01,1940536.61,2735197.2,70.95,100101.99,2023-10-10,INFORMAL
RF-01131O1MYTS6,CA-CA-00000009,2025-04-01,1972570.11,2735197.2,72.12,157659.19,2023-07-09,STANDARD
RF-5HEDO1NO92DM,CA-AZ-00000010,2024-01-01,2387827.82,3826056.43,62.41,288906.39,,INFORMAL
RF-61L3UIKF702C,CA-AZ-00000010,2024-04-01,2450150.99,3826056.43,64.04,240922.96,,INFORMAL
RF-7F8T61UL4NHY,CA-AZ-00000010,2024-07-01,2444713.73,3826056.43,63.9,261623.09,,STANDARD
RF-5DNJFYU0T65Y,CA-AZ-00000010,2024-10-01,2560966.75,3826056.43,66.93,144386.78,,STANDARD
RF-8SLQF4FUWJT3,CA-AZ-00000010,2025-01-01,2337814.14,3826056.43,61.1,259024.48,2021-05-31,STANDARD
RF-QZYXWB14WKKM,CA-AZ-00000010,2025-04-01,2567902.27,3826056.43,67.12,292119.19,,STANDARD
RF-PPP27YHKCD2O,CA-TX-00000011,2024-01-01,688963.64,841811.97,81.84,43432.97,2022-07-10,INFORMAL
RF-TQEXEVM2RSL0,CA-TX-00000011,2024-04-01,714184.78,841811.97,84.84,57496.2,2020-12-03,STANDARD
RF-MFSUCHYMLJMZ,CA-TX-00000011,2024-07-01,717188.96,841811.97,85.2,52617.84,2020-10-25,INFORMAL
RF-9L9U3WV8NS3O,CA-TX-00000011,2024-10-01,707473.55,841811.97,84.04,59591.47,2023-02-21,INFORMAL
RF-D1KQTT2VKYK7,CA-TX-00000011,2025-01-01,718792.07,841811.97,85.39,60539.82,2021-08-23,INFORMAL
RF-V4H1HZ8MTB0X,CA-TX-00000011,2025-04-01,717957.51,841811.97,85.29,61686.17,2022-05-14,STANDARD
RF-SXV667OVIQUC,CA-FL-00000012,2024-01-01,491415.49,793491.74,61.93,35484.59,2021-12-01,INFORMAL
RF-FSQKVA8A9JI7,CA-FL-00000012,2024-04-01,493032.74,793491.74,62.13,63158.53,2022-04-24,INFORMAL
RF-TDHGG3SPUH3C,CA-FL-00000012,2024-07-01,484107.35,793491.74,61.01,56557.3,2022-06-26,INFORMAL
RF-BWYV5KEEF92U,CA-FL-00000012,2024-10-01,459698.87,793491.74,57.93,48974.48,2021-08-27,STANDARD
RF-8R5MC46TLXKV,CA-FL-00000012,2025-01-01,464513.75,793491.74,58.54,56858.34,2022-12-07,STANDARD
RF-KZVDD4XFP4RX,CA-FL-00000012,2025-04-01,474201.04,793491.74,59.76,46133.11,2023-07-22,INFORMAL
RF-3X0ZFQ0BDZSP,CA-AZ-00000013,2024-01-01,176101.16,679823.22,25.9,44254.16,2023-02-24,INFORMAL
RF-5KCF0MWWVX4T,CA-AZ-00000013,2024-04-01,164340.32,679823.22,24.17,28862.42,2021-11-23,INFORMAL
RF-61WM966TU0D2,CA-AZ-00000013,2024-07-01,160929.35,679823.22,23.67,48093.82,2022-01-02,STANDARD
RF-NQ97QAMHBCRZ,CA-AZ-00000013,2024-10-01,169961.97,679823.22,25.0,54161.71,2020-10-28,INFORMAL
RF-P9X2IIECCB5C,CA-AZ-00000013,2025-01-01,165202.9,679823.22,24.3,40643.54,2023-08-21,INFORMAL
RF-KDROW9ASWW4K,CA-AZ-00000013,2025-04-01,154952.22,679823.22,22.79,23298.5,2023-10-05,STANDARD
RF-JUMB121KJPUT,CA-FL-00000014,2024-01-01,3179626.28,3863910.89,82.29,131303.3,2021-07-02,INFORMAL
RF-GH8B8FI57VGH,CA-FL-00000014,2024-04-01,3293437.72,3863910.89,85.24,173841.67,2021-12-23,INFORMAL
RF-BGHXAV26YIDQ,CA-FL-00000014,2024-07-01,3307569.91,3863910.89,85.6,238167.82,2020-12-17,INFORMAL
RF-B6QED7Q49IM9,CA-FL-00000014,2024-10-01,3270709.3,3863910.89,84.65,204248.89,2023-08-09,STANDARD
RF-4YPKPG7RSEQB,CA-FL-00000014,2025-01-01,3323008.08,3863910.89,86.0,193850.86,2024-05-05,STANDARD
RF-6JOYOF970NAS,CA-FL-00000014,2025-04-01,3247048.62,3863910.89,84.04,175689.89,2021-04-29,INFORMAL
RF-ZCYZJ3VO6K6F,CA-NY-00000015,2024-01-01,2982278.31,3690437.41,80.81,238154.28,2023-03-16,STANDARD
RF-SV9TVKSX7GX4,CA-NY-00000015,2024-04-01,2978339.45,3690437.41,80.7,185748.86,2020-04-03,STANDARD
RF-ZA0LGW287WGV,CA-NY-00000015,2024-07-01,3080106.9,3690437.41,83.46,172132.65,2021-09-25,STANDARD
RF-UP74NSXSFQN9,CA-NY-00000015,2024-10-01,2997809.06,3690437.41,81.23,201195.27,2023-09-24,INFORMAL
RF-UW5PI6VE445G,CA-NY-00000015,2025-01-01,2973593.28,3690437.41,80.58,123298.51,2021-12-13,INFORMAL
RF-5I9Y6XU82OG1,CA-NY-00000015,2025-04-01,2980152.96,3690437.41,80.75,275676.06,2024-09-29,STANDARD
RF-3PSSY0GK7GIT,CA-IL-00000016,2024-01-01,1547016.48,3449198.64,44.85,129515.23,2023-03-04,INFORMAL
RF-BLETWL2XE978,CA-IL-00000016,2024-04-01,1693705.22,3449198.64,49.1,227945.34,,INFORMAL
RF-ZS3D1NBS55H4,CA-IL-00000016,2024-07-01,1484853.29,3449198.64,43.05,274984.02,,STANDARD
RF-DCZWTISGPV4N,CA-IL-00000016,2024-10-01,1669991.74,3449198.64,48.42,137467.95,,INFORMAL
RF-7U4FVDROQLRT,CA-IL-00000016,2025-01-01,1582790.54,3449198.64,45.89,263299.49,2024-06-25,INFORMAL
RF-F3J4VX03FOIV,CA-IL-00000016,2025-04-01,1556521.59,3449198.64,45.13,163099.72,,INFORMAL
RF-L2BID1VC3CF4,CA-CA-00000017,2024-01-01,2515024.07,3926064.36,64.06,245808.92,,INFORMAL
RF-2RAA6JIWAMKB,CA-CA-00000017,2024-04-01,2505006.48,3926064.36,63.8,227715.61,2023-06-09,INFORMAL
RF-CQAQOQTW0RYC,CA-CA-00000017,2024-07-01,2587901.59,3926064.36,65.92,299624.82,2023-09-12,STANDARD
RF-RPZJU1S5IUWH,CA-CA-00000017,2024-10-01,2545358.31,3926064.36,64.83,296419.24,2022-10-13,INFORMAL
RF-LR04TOHJ0W6W,CA-CA-00000017,2025-01-01,2563187.01,3926064.36,65.29,169078.44,2023-08-27,INFORMAL
RF-V2A8B292K6E7,CA-CA-00000017,2025-04-01,2548626.38,3926064.36,64.92,292113.95,,STANDARD
RF-WW19BQH16INI,CA-CO-00000018,2024-01-01,1701218.82,2438032.27,69.78,142729.19,2021-11-19,STANDARD
RF-POZSY26QBR2V,CA-CO-00000018,2024-04-01,1637172.8,2438032.27,67.15,166203.26,2021-11-05,STANDARD
RF-F7KM0YB7CDAQ,CA-CO-00000018,2024-07-01,1660162.82,2438032.27,68.09,127538.75,2021-06-20,STANDARD
RF-BFMANAIS8G6B,CA-CO-00000018,2024-10-01,1746400.27,2438032.27,71.63,133420.52,2023-09-05,INFORMAL
RF-SAZIFXO30ENP,CA-CO-00000018,2025-01-01,1735219.5,2438032.27,71.17,78372.0,2024-07-03,STANDARD
RF-SYA0E5R25ZU9,CA-CO-00000018,2025-04-01,1731994.64,2438032.27,71.04,167619.46,2022-05-06,STANDARD
RF-F6YUP1NZXJII,CA-IL-00000019,2024-01-01,1785535.87,2523990.33,70.74,181180.72,2020-01-12,STANDARD
RF-J3JHZYBEGONO,CA-IL-00000019,2024-04-01,1762037.22,2523990.33,69.81,186184.72,2022-09-15,INFORMAL
RF-UPJR64OT3GLY,CA-IL-00000019,2024-07-01,1763101.9,2523990.33,69.85,128566.24,2022-04-27,STANDARD
RF-CY4M4EW7JLKL,CA-IL-00000019,2024-10-01,1810079.04,2523990.33,71.71,162544.0,2024-01-26,STANDARD
RF-YWJE79KPHS7O,CA-IL-00000019,2025-01-01,1775719.27,2523990.33,70.35,131266.18,2021-07-04,INFORMAL
RF-15CAKJ58Q1RT,CA-IL-00000019,2025-04-01,1838312.68,2523990.33,72.83,168693.01,2024-08-22,INFORMAL
RF-8GNCPMRZ2PBM,CA-VA-00000020,2024-01-01,391203.49,765373.89,51.11,33561.88,,INFORMAL
RF-IRGHWUCIFN3T,CA-VA-00000020,2024-04-01,387875.36,765373.89,50.68,43069.48,2020-07-01,INFORMAL
RF-Z7H4HQZ6A460,CA-VA-00000020,2024-07-01,388450.53,765373.89,50.75,30263.71,,INFORMAL
RF-L2SNJKNY4JWT,CA-VA-00000020,2024-10-01,399854.54,765373.89,52.24,35540.67,2022-04-06,INFORMAL
RF-VJ9XJM05MXAN,CA-VA-00000020,2025-01-01,410754.8,765373.89,53.67,57478.53,2024-06-20,INFORMAL
RF-OYXM9JA6EQOF,CA-VA-00000020,2025-04-01,406341.22,765373.89,53.09,25538.75,2022-03-29,INFORMAL
RF-C652V23S19DR,CA-TX-00000021,2024-01-01,526030.33,1143789.28,45.99,72120.82,2021-04-12,STANDARD
RF-78URXHTQNIVW,CA-TX-00000021,2024-04-01,541839.08,1143789.28,47.37,83595.07,,INFORMAL
RF-XWJS0ICNEXR5,CA-TX-00000021,2024-07-01,557581.78,1143789.28,48.75,45667.78,2020-07-13,STANDARD
RF-XMSMFXC40L5D,CA-TX-00000021,2024-10-01,570590.69,1143789.28,49.89,56539.68,2022-01-02,STANDARD
RF-NY7YA9G56JGQ,CA-TX-00000021,2025-01-01,553832.99,1143789.28,48.42,87644.57,,INFORMAL
RF-WNQ2PIRBELPW,CA-TX-00000021,2025-04-01,574063.94,1143789.28,50.19,38027.31,2024-08-07,INFORMAL
RF-FC1M0GFLMAI9,CA-TX-00000022,2024-01-01,2699842.35,4498378.14,60.02,355303.15,2021-11-13,INFORMAL
RF-XWNCAR2WAB58,CA-TX-00000022,2024-04-01,2664183.04,4498378.14,59.23,310161.29,,INFORMAL
RF-HNGH5BM452VG,CA-TX-00000022,2024-07-01,2714796.17,4498378.14,60.35,284525.69,2023-12-11,INFORMAL
RF-MIDGYAWOJ9Y0,CA-TX-00000022,2024-10-01,2703879.64,4498378.14,60.11,230035.86,2023-06-26,INFORMAL
RF-R52E3I28YT7V,CA-TX-00000022,2025-01-01,2747231.28,4498378.14,61.07,299963.26,2023-09-02,INFORMAL
RF-H1I9XZYNYVHQ,CA-TX-00000022,2025-04-01,2902167.68,4498378.14,64.52,152036.46,2023-06-04,STANDARD
RF-DXGQ49JTLBQN,CA-NC-00000023,2024-01-01,1608337.89,2571045.75,62.56,84049.51,2020-05-24,INFORMAL
RF-BPK4X7UR9OB9,CA-NC-00000023,2024-04-01,1536127.59,2571045.75,59.75,131530.93,2022-04-29,INFORMAL
RF-NS5AI1J0I3TY,CA-NC-00000023,2024-07-01,1534514.97,2571045.75,59.68,142383.33,2020-11-08,INFORMAL
RF-7QX91HAEWEON,CA-NC-00000023,2024-10-01,1504567.66,2571045.75,58.52,171734.52,2020-10-24,INFORMAL
RF-8ASF5XZOIJJM,CA-NC-00000023,2025-01-01,1574962.93,2571045.75,61.26,96435.38,2023-10-23,INFORMAL
RF-7DQ3SNAHZNSZ,CA-NC-00000023,2025-04-01,1536039.31,2571045.75,59.74,83952.95,2024-01-08,INFORMAL
RF-F8SCZVDPWCT3,CA-FL-00000024,2024-01-01,315014.78,1443948.55,21.82,94541.73,2023-03-23,INFORMAL
RF-XKD1BRDVMOB2,CA-FL-00000024,2024-04-01,241601.31,1443948.55,16.73,81417.16,2022-08-07,STANDARD
RF-I0U2UWNGO1KW,CA-FL-00000024,2024-07-01,252690.83,1443948.55,17.5,50939.87,2021-03-26,INFORMAL
RF-23LI25Z150SB,CA-FL-00000024,2024-10-01,196684.76,1443948.55,13.62,47770.87,2020-12-30,STANDARD
RF-SGYDDLI7M9NB,CA-FL-00000024,2025-01-01,195273.77,1443948.55,13.52,109713.38,2021-03-31,INFORMAL
RF-KZBYTHZTBAHX,CA-FL-00000024,2025-04-01,218502.33,1443948.55,15.13,44356.5,2024-01-29,STANDARD
RF-FSU1909BR60P,CA-FL-00000025,2024-01-01,834578.35,2405466.81,34.7,97612.9,2023-04-15,STANDARD
RF-5NPQJV4IZJTG,CA-FL-00000025,2024-04-01,787502.28,2405466.81,32.74,88973.06,2022-07-01,STANDARD
RF-YIQ050X4UJ80,CA-FL-00000025,2024-07-01,734453.85,2405466.81,30.53,174394.33,2022-11-17,STANDARD
RF-HGBCTLR4TNQX,CA-FL-00000025,2024-10-01,770350.91,2405466.81,32.03,91364.0,2021-12-01,STANDARD
RF-U5WYQZU2ALLZ,CA-FL-00000025,2025-01-01,775407.69,2405466.81,32.24,89426.08,2024-01-14,INFORMAL
RF-4N9S38DGXSTY,CA-FL-00000025,2025-04-01,755535.72,2405466.81,31.41,105284.44,2023-09-24,STANDARD
RF-KOTW3X73US0U,CA-CA-00000026,2024-01-01,732350.47,3742860.58,19.57,265499.36,2021-03-04,INFORMAL
RF-5IXXL5UJ51ER,CA-CA-00000026,2024-04-01,748049.07,3742860.58,19.99,179971.35,2022-02-28,INFORMAL
RF-VFPWALNIFOCX,CA-CA-00000026,2024-07-01,746537.99,3742860.58,19.95,215657.03,2021-10-13,STANDARD
RF-BXIG53IVUKCT,CA-CA-00000026,2024-10-01,774334.66,3742860.58,20.69,296289.68,2023-12-27,INFORMAL
RF-ECQF1TNF4AGA,CA-CA-00000026,2025-01-01,738236.39,3742860.58,19.72,259342.73,2023-04-28,STANDARD
RF-7YDJSOFV8SW6,CA-CA-00000026,2025-04-01,642061.04,3742860.58,17.15,151318.71,2022-12-28,INFORMAL
RF-UZ35H5UL43GI,CA-PA-00000027,2024-01-01,976373.81,1293582.95,75.48,60525.07,2022-01-15,INFORMAL
RF-JL8QU2UQXW3N,CA-PA-00000027,2024-04-01,980562.52,1293582.95,75.8,90305.48,2021-06-09,STANDARD
RF-T8ZKSLH7XV9R,CA-PA-00000027,2024-07-01,995846.02,1293582.95,76.98,89226.95,2023-05-16,INFORMAL
RF-F3R6R4EGB51W,CA-PA-00000027,2024-10-01,996230.37,1293582.95,77.01,90825.39,2022-01-17,STANDARD
RF-3GDEWPS5QY8U,CA-PA-00000027,2025-01-01,994133.3,1293582.95,76.85,64642.21,2022-07-22,INFORMAL
RF-KV13XU5T05YD,CA-PA-00000027,2025-04-01,989036.34,1293582.95,76.46,74709.92,,INFORMAL
RF-61O2DUCNYIOZ,CA-FL-00000028,2024-01-01,347654.6,1719964.32,20.21,67872.08,2020-05-14,SIRS
RF-GLIOAEBRIYZB,CA-FL-00000028,2024-04-01,336769.02,1719964.32,19.58,55619.4,2020-06-15,SIRS
RF-H2YGNDWVYNG8,CA-FL-00000028,2024-07-01,333257.48,1719964.32,19.38,56234.76,2023-01-18,SIRS
RF-WCTF70GO9BH6,CA-FL-00000028,2024-10-01,288151.57,1719964.32,16.75,109448.41,2023-10-03,SIRS
RF-K1WA3DE1CPYR,CA-FL-00000028,2025-01-01,288040.43,1719964.32,16.75,83169.73,2023-08-29,SIRS
RF-IV8FW3H666K0,CA-FL-00000028,2025-04-01,337942.0,1719964.32,19.65,56648.69,2023-01-05,SIRS
RF-AWYH1GXGSCGU,CA-MA-00000029,2024-01-01,1380456.57,1956773.56,70.55,133271.8,2023-05-14,STANDARD
RF-XIOG7AGGXAPQ,CA-MA-00000029,2024-04-01,1369111.72,1956773.56,69.97,82473.42,2023-06-28,INFORMAL
RF-2ZJ2MT9CLWCS,CA-MA-00000029,2024-07-01,1376981.01,1956773.56,70.37,145525.7,,STANDARD
RF-32Z1XFDD1FBS,CA-MA-00000029,2024-10-01,1411474.85,1956773.56,72.13,116973.59,2022-05-14,STANDARD
RF-M39IUNGQ9UHY,CA-MA-00000029,2025-01-01,1376615.07,1956773.56,70.35,145167.63,2023-05-07,INFORMAL
RF-CEU82KGPZC7U,CA-MA-00000029,2025-04-01,1402410.2,1956773.56,71.67,59734.53,2022-07-14,INFORMAL
RF-Q0FVYKENZT08,CA-NC-00000030,2024-01-01,749290.43,2250057.06,33.3,166114.76,2021-02-15,STANDARD
RF-JR1P378ERK83,CA-NC-00000030,2024-04-01,746770.05,2250057.06,33.19,108686.49,2021-02-06,INFORMAL
RF-PXHWFOE8NARD,CA-NC-00000030,2024-07-01,757951.91,2250057.06,33.69,106436.61,2023-06-29,INFORMAL
RF-ICMHWH0OP9HE,CA-NC-00000030,2024-10-01,727546.36,2250057.06,32.33,146202.32,2020-12-26,INFORMAL
RF-370H511K0KJ9,CA-NC-00000030,2025-01-01,779337.2,2250057.06,34.64,108559.94,2023-07-10,INFORMAL
RF-HN3MSHF1MERK,CA-NC-00000030,2025-04-01,700010.43,2250057.06,31.11,72511.7,2022-08-22,STANDARD
RF-ZWZ8I5PRO1G5,CA-FL-00000031,2024-01-01,2003677.51,2986198.09,67.1,101421.97,2022-02-21,SIRS
RF-2055JY5GVTCR,CA-FL-00000031,2024-04-01,2100133.6,2986198.09,70.33,177805.2,,SIRS
RF-P7FOEUB2HWST,CA-FL-00000031,2024-07-01,2056068.23,2986198.09,68.85,105473.35,,SIRS
RF-MZC11DI2B9JC,CA-FL-00000031,2024-10-01,2105428.13,2986198.09,70.51,142246.52,2023-09-10,SIRS
RF-WFS5MZWQBQGS,CA-FL-00000031,2025-01-01,2004610.88,2986198.09,67.13,96187.11,2023-01-31,SIRS
RF-OQHKAYE58RD0,CA-FL-00000031,2025-04-01,2095060.31,2986198.09,70.16,156011.12,,SIRS
RF-XL1R6HUA2XS9,CA-MA-00000032,2024-01-01,2304288.79,4581182.51,50.3,322127.37,2023-04-06,INFORMAL
RF-56D0RLM5D6CV,CA-MA-00000032,2024-04-01,2358108.27,4581182.51,51.47,349236.11,,INFORMAL
RF-7OIFH4352KDE,CA-MA-00000032,2024-07-01,2235600.43,4581182.51,48.8,346115.86,2020-12-06,STANDARD
RF-61WN2AK8236Y,CA-MA-00000032,2024-10-01,2354250.94,4581182.51,51.39,316496.84,2022-09-16,INFORMAL
RF-WYWUE90FKRB1,CA-MA-00000032,2025-01-01,2401635.3,4581182.51,52.42,316623.93,2021-06-09,INFORMAL
RF-E6H5CQRLZ8U8,CA-MA-00000032,2025-04-01,2204983.23,4581182.51,48.13,227127.66,2021-12-14,STANDARD
RF-F2LLZ1CBQHCS,CA-CO-00000033,2024-01-01,957138.73,1432112.5,66.83,75722.86,,INFORMAL
RF-BC4Z5AFLR0N0,CA-CO-00000033,2024-04-01,965577.91,1432112.5,67.42,49410.89,2021-10-24,STANDARD
RF-RC5XLMXBDK0T,CA-CO-00000033,2024-07-01,926142.57,1432112.5,64.67,65849.98,,STANDARD
RF-BBCGQD9W9MHR,CA-CO-00000033,2024-10-01,934076.61,1432112.5,65.22,111593.23,2022-01-15,INFORMAL
RF-Z25G4NXUNRGD,CA-CO-00000033,2025-01-01,942778.17,1432112.5,65.83,97754.37,2022-12-14,STANDARD
RF-N9O37XG5X4X3,CA-CO-00000033,2025-04-01,925678.77,1432112.5,64.64,90416.7,2023-09-19,STANDARD
RF-5HLCK5U9NS42,CA-FL-00000034,2024-01-01,1103248.8,1919696.3,57.47,60025.28,2022-09-18,STANDARD
RF-BLNS965M5T5D,CA-FL-00000034,2024-04-01,1117733.19,1919696.3,58.22,146165.3,2020-12-21,STANDARD
RF-XM1XV210CVJK,CA-FL-00000034,2024-07-01,1146522.28,1919696.3,59.72,104506.05,2022-03-15,INFORMAL
RF-8ZTR0H2FZYV8,CA-FL-00000034,2024-10-01,1161944.15,1919696.3,60.53,138758.36,2021-01-06,STANDARD
RF-YROSTNMSA206,CA-FL-00000034,2025-01-01,1207525.97,1919696.3,62.9,59601.17,,INFORMAL
RF-R59I250GQQF0,CA-FL-00000034,2025-04-01,1141809.36,1919696.3,59.48,63062.79,2024-04-29,STANDARD
RF-X2NVYZXVHSHL,CA-WA-00000035,2024-01-01,2195661.03,2694363.93,81.49,99806.99,2020-01-30,INFORMAL
RF-AQLJD6AA0Z2S,CA-WA-00000035,2024-04-01,2213087.84,2694363.93,82.14,204259.56,2022-03-31,STANDARD
RF-OHQ2GP09096S,CA-WA-00000035,2024-07-01,2253137.53,2694363.93,83.62,196901.62,2023-02-03,INFORMAL
RF-MEHHO2NDLXRF,CA-WA-00000035,2024-10-01,2191266.52,2694363.93,81.33,117186.56,2023-06-19,INFORMAL
RF-WIIWFOGLPUDJ,CA-WA-00000035,2025-01-01,2262874.57,2694363.93,83.99,182842.34,2022-08-26,INFORMAL
RF-8546ZE3OUCI0,CA-WA-00000035,2025-04-01,2264924.0,2694363.93,84.06,138594.51,2024-02-14,INFORMAL
RF-D818RM3A19IY,CA-NY-00000036,2024-01-01,1924477.03,2520824.17,76.34,86680.23,2020-05-02,STANDARD
RF-F79GTZ7AQ45K,CA-NY-00000036,2024-04-01,2016466.88,2520824.17,79.99,178734.93,2023-04-13,STANDARD
RF-WUV897DQ2R9H,CA-NY-00000036,2024-07-01,1909595.02,2520824.17,75.75,141129.36,2021-08-07,STANDARD
RF-6W9MOO1G11CA,CA-NY-00000036,2024-10-01,1923714.53,2520824.17,76.31,150184.18,2021-08-22,INFORMAL
RF-4UL4E1UE7VHX,CA-NY-00000036,2025-01-01,1930313.66,2520824.17,76.57,198850.49,2021-09-12,STANDARD
RF-TLEQM8WHXRTL,CA-NY-00000036,2025-04-01,1942955.47,2520824.17,77.08,183933.91,2023-06-30,STANDARD
RF-9AID2BTG0DNN,CA-AZ-00000037,2024-01-01,394910.62,615750.15,64.13,25285.5,2021-08-07,STANDARD
RF-NILP6YEX7PZA,CA-AZ-00000037,2024-04-01,399511.69,615750.15,64.88,45880.15,2020-11-04,INFORMAL
RF-AG9W2SRQ4T5J,CA-AZ-00000037,2024-07-01,383583.0,615750.15,62.3,35240.44,2021-11-17,INFORMAL
RF-RDM3QT52MN4L,CA-AZ-00000037,2024-10-01,383629.71,615750.15,62.3,42076.9,2021-02-19,STANDARD
RF-AJNESMAKDTI7,CA-AZ-00000037,2025-01-01,398134.67,615750.15,64.66,36974.18,2023-11-19,INFORMAL
RF-E9I96P6LZ5U8,CA-AZ-00000037,2025-04-01,391143.09,615750.15,63.52,19008.98,2023-07-20,INFORMAL
RF-IYHJT8NEAUTR,CA-GA-00000038,2024-01-01,2372049.02,3045009.27,77.9,150653.11,,INFORMAL
RF-78KZMF09IYUI,CA-GA-00000038,2024-04-01,2305728.69,3045009.27,75.72,181083.9,,INFORMAL
RF-6OEN2AIYLKU7,CA-GA-00000038,2024-07-01,2457823.07,3045009.27,80.72,93963.58,2022-10-08,STANDARD
RF-298HPED9RBJ1,CA-GA-00000038,2024-10-01,2481347.55,3045009.27,81.49,209100.84,2022-01-27,STANDARD
RF-CQ1H2XNMCKMV,CA-GA-00000038,2025-01-01,2383511.42,3045009.27,78.28,189392.58,2022-05-13,INFORMAL
RF-TMGM7L47JVWA,CA-GA-00000038,2025-04-01,2405972.34,3045009.27,79.01,233865.26,2023-06-24,STANDARD
RF-ZR8OF6CAT522,CA-FL-00000039,2024-01-01,1610922.95,3709063.26,43.43,122857.02,2022-08-29,STANDARD
RF-CR31BUCV2DP7,CA-FL-00000039,2024-04-01,1617826.67,3709063.26,43.62,265357.15,2021-03-06,INFORMAL
RF-BJEEK7NHXQXG,CA-FL-00000039,2024-07-01,1681900.38,3709063.26,45.35,242034.27,2023-01-16,STANDARD
RF-AN1CF1EIJORG,CA-FL-00000039,2024-10-01,1549088.93,3709063.26,41.76,171380.34,2021-11-27,INFORMAL
RF-EY3F3TD119SQ,CA-FL-00000039,2025-01-01,1503392.34,3709063.26,40.53,241875.03,,STANDARD
RF-84DRB6J831KS,CA-FL-00000039,2025-04-01,1459939.44,3709063.26,39.36,284544.06,2021-12-18,STANDARD
RF-1IN9R1BAUUK4,CA-FL-00000040,2024-01-01,2990829.55,4888641.95,61.18,153833.87,2020-06-15,SIRS
RF-EYDM54M6UTWI,CA-FL-00000040,2024-04-01,3144407.56,4888641.95,64.32,172927.06,2022-02-03,SIRS
RF-LASKW80SLF00,CA-FL-00000040,2024-07-01,2994411.63,4888641.95,61.25,319347.39,2023-10-31,SIRS
RF-F2NMO8O3HPDC,CA-FL-00000040,2024-10-01,3068332.73,4888641.95,62.76,219371.93,2021-05-13,SIRS
RF-8V3B67A77CVD,CA-FL-00000040,2025-01-01,3070272.72,4888641.95,62.8,376919.4,2023-09-10,SIRS
RF-JR9VO5QTNO8B,CA-FL-00000040,2025-04-01,3178176.01,4888641.95,65.01,190254.62,2022-07-20,SIRS
RF-2BBAU1Z20KLW,CA-CA-00000041,2024-01-01,1375449.83,3776720.75,36.42,122319.87,2020-05-20,INFORMAL
RF-S3T1ANPCB6Z8,CA-CA-00000041,2024-04-01,1336252.91,3776720.75,35.38,231541.91,2022-07-27,STANDARD
RF-YAUJO60BKC1T,CA-CA-00000041,2024-07-01,1381588.68,3776720.75,36.58,152187.11,2022-04-11,STANDARD
RF-FNDJNWN0AQ88,CA-CA-00000041,2024-10-01,1319521.9,3776720.75,34.94,270004.15,2022-07-17,STANDARD
RF-B6NHZHPN5IH1,CA-CA-00000041,2025-01-01,1343965.73,3776720.75,35.59,280798.39,2024-01-03,INFORMAL
RF-8AVKDZOKFNOF,CA-CA-00000041,2025-04-01,1230884.34,3776720.75,32.59,281681.83,2024-01-25,INFORMAL
RF-5LMXZRZND865,CA-NY-00000042,2024-01-01,2016047.24,3028258.46,66.57,102339.45,2020-11-22,INFORMAL
RF-WLATHS2XOSPY,CA-NY-00000042,2024-04-01,2051692.05,3028258.46,67.75,223080.71,2021-07-05,INFORMAL
RF-ZQS80ZMJ89S7,CA-NY-00000042,2024-07-01,2050712.95,3028258.46,67.72,208382.01,2020-11-29,STANDARD
RF-PA7D0QGLGHS1,CA-NY-00000042,2024-10-01,2048598.86,3028258.46,67.65,102461.91,2022-01-12,STANDARD
RF-D03MFC3R3ZK2,CA-NY-00000042,2025-01-01,2086122.04,3028258.46,68.89,130287.81,2021-06-18,STANDARD
RF-EJ7YQE83NZJZ,CA-NY-00000042,2025-04-01,2102896.51,3028258.46,69.44,94978.5,2024-07-29,STANDARD
RF-18ZE2XPYCIPB,CA-NC-00000043,2024-01-01,1024188.23,1794964.37,57.06,68638.67,2022-01-25,STANDARD
RF-UVYSXV7N5D0O,CA-NC-00000043,2024-04-01,996837.61,1794964.37,55.54,61344.98,2021-04-26,STANDARD
RF-RDJ2QL1DECGA,CA-NC-00000043,2024-07-01,999902.46,1794964.37,55.71,132931.59,2022-08-08,STANDARD
RF-PSQEWTOD8KGN,CA-NC-00000043,2024-10-01,1023051.99,1794964.37,57.0,124563.12,2021-03-19,INFORMAL
RF-D9TERXUOX1JW,CA-NC-00000043,2025-01-01,963186.93,1794964.37,53.66,91569.46,2023-04-05,STANDARD
RF-SLGWCKH3NIT8,CA-NC-00000043,2025-04-01,989723.93,1794964.37,55.14,78636.09,2022-08-31,STANDARD
RF-LP1ISGAYR35H,CA-FL-00000044,2024-01-01,420289.94,3024450.45,13.9,184061.69,2021-04-30,STANDARD
RF-EP1H1Z4IX4X2,CA-FL-00000044,2024-04-01,443716.14,3024450.45,14.67,219825.8,2020-09-13,STANDARD
RF-IQP8ORTW4EPL,CA-FL-00000044,2024-07-01,361117.51,3024450.45,11.94,182389.75,,INFORMAL
RF-LBLACNKPQX84,CA-FL-00000044,2024-10-01,321285.69,3024450.45,10.62,222333.31,2021-11-06,STANDARD
RF-5SQ21RHG2Q00,CA-FL-00000044,2025-01-01,224217.79,3024450.45,7.41,145500.28,2024-01-15,INFORMAL
RF-G995U54OUNUZ,CA-FL-00000044,2025-04-01,286496.21,3024450.45,9.47,158006.59,2022-12-05,STANDARD
RF-XM3BTCGKUS31,CA-CA-00000045,2024-01-01,3400224.07,4198289.92,80.99,324159.9,,STANDARD
RF-N2K1GKQQPU0H,CA-CA-00000045,2024-04-01,3261405.54,4198289.92,77.68,306095.64,2020-06-21,INFORMAL
RF-MXPC84YJKGYA,CA-CA-00000045,2024-07-01,3311381.68,4198289.92,78.87,315668.79,,STANDARD
RF-IEOTXO2H07TK,CA-CA-00000045,2024-10-01,3330078.77,4198289.92,79.32,270398.79,2022-06-28,INFORMAL
RF-O4RB5B4ALI6Q,CA-CA-00000045,2025-01-01,3430506.24,4198289.92,81.71,242506.19,2021-09-03,INFORMAL
RF-HT8PT4WJITH5,CA-CA-00000045,2025-04-01,3341959.14,4198289.92,79.6,243711.28,2021-04-22,STANDARD
RF-POSCZLZ9YUH9,CA-CA-00000046,2024-01-01,533664.11,2649243.73,20.14,160600.71,2021-08-06,STANDARD
RF-NZ0GVOC756TJ,CA-CA-00000046,2024-04-01,487781.03,2649243.73,18.41,187494.04,,INFORMAL
RF-5LEXGHE42JEI,CA-CA-00000046,2024-07-01,433483.08,2649243.73,16.36,140325.6,2021-07-24,INFORMAL
RF-0VJ5BVMRLMKE,CA-CA-00000046,2024-10-01,429794.95,2649243.73,16.22,135765.72,2023-05-01,STANDARD
RF-YEWP9DP7S7A8,CA-CA-00000046,2025-01-01,435605.07,2649243.73,16.44,81895.68,2022-02-17,STANDARD
RF-8BVFFJ48HLET,CA-CA-00000046,2025-04-01,323006.37,2649243.73,12.19,142853.37,2023-12-10,STANDARD
RF-X9WHKC7U3AJD,CA-CO-00000047,2024-01-01,1921980.34,4799496.83,40.05,268814.49,2022-05-13,STANDARD
RF-6PW9ID08STX1,CA-CO-00000047,2024-04-01,2044019.6,4799496.83,42.59,332160.08,2023-01-05,INFORMAL
RF-4XPPUVNQO9V2,CA-CO-00000047,2024-07-01,1833928.81,4799496.83,38.21,158298.7,2023-01-27,INFORMAL
RF-MLRBNCQL34HH,CA-CO-00000047,2024-10-01,1888950.13,4799496.83,39.36,196826.23,2021-03-08,INFORMAL
RF-9B10EBMWJG34,CA-CO-00000047,2025-01-01,1941946.2,4799496.83,40.46,308401.36,,INFORMAL
RF-CBB99MP19VVC,CA-CO-00000047,2025-04-01,2013097.21,4799496.83,41.94,157986.97,2022-01-02,STANDARD
RF-P2TGPGT7M3QA,CA-CA-00000048,2024-01-01,260602.69,1666129.94,15.64,55060.98,,INFORMAL
RF-7KX1RWAZBYHO,CA-CA-00000048,2024-04-01,303164.56,1666129.94,18.2,124664.04,2023-05-12,INFORMAL
RF-YVNFMLWUKDJZ,CA-CA-00000048,2024-07-01,201634.66,1666129.94,12.1,57174.3,2021-02-10,INFORMAL
RF-Y0TLNI3G75WM,CA-CA-00000048,2024-10-01,164543.48,1666129.94,9.88,125488.15,2021-01-24,INFORMAL
RF-468FT5EF1RWG,CA-CA-00000048,2025-01-01,212165.31,1666129.94,12.73,118157.32,2024-06-12,STANDARD
RF-QTX3D3XW0A5A,CA-CA-00000048,2025-04-01,170293.75,1666129.94,10.22,103794.36,2022-03-05,STANDARD
RF-ZF9E0GPO7B52,CA-NC-00000049,2024-01-01,2275383.15,3869189.86,58.81,229032.87,2020-07-19,STANDARD
RF-ZR4I8ENVN3BQ,CA-NC-00000049,2024-04-01,2263898.09,3869189.86,58.51,238673.97,2021-01-03,INFORMAL
RF-P3OSMF2RYMZM,CA-NC-00000049,2024-07-01,2232487.27,3869189.86,57.7,232393.16,2023-12-03,INFORMAL
RF-KPVU420WA8AK,CA-NC-00000049,2024-10-01,2206395.83,3869189.86,57.02,215053.22,2021-07-16,INFORMAL
RF-2HDBB0K692MR,CA-NC-00000049,2025-01-01,2346814.25,3869189.86,60.65,206168.23,2023-01-07,INFORMAL
RF-MLK2XG0VRGCA,CA-NC-00000049,2025-04-01,2349391.74,3869189.86,60.72,222661.47,2024-03-05,INFORMAL
RF-ZQ7FMQT63AFK,CA-FL-00000050,2024-01-01,1190862.17,1663683.63,71.58,129908.9,2022-08-22,INFORMAL
RF-AWMEJTSU9V8L,CA-FL-00000050,2024-04-01,1124729.37,1663683.63,67.6,73419.96,2022-04-01,STANDARD
RF-57LY8YEPVSW9,CA-FL-00000050,2024-07-01,1120018.47,1663683.63,67.32,69856.82,2023-04-02,STANDARD
RF-GW0D1J4G1M2V,CA-FL-00000050,2024-10-01,1147476.33,1663683.63,68.97,79943.69,2023-12-16,INFORMAL
RF-T2S5A6XEJUNS,CA-FL-00000050,2025-01-01,1170260.2,1663683.63,70.34,131593.62,2022-11-12,INFORMAL
RF-1N451CPXYZ9C,CA-FL-00000050,2025-04-01,1184125.14,1663683.63,71.17,56020.48,2021-07-09,INFORMAL
RF-IQ0H6HP4VJTX,CA-CA-00000051,2024-01-01,1189129.69,3202331.28,37.13,240704.59,2020-01-02,INFORMAL
RF-38M0XYKK65FU,CA-CA-00000051,2024-04-01,1102494.07,3202331.28,34.43,181608.67,2022-11-03,INFORMAL
RF-FJXKPDGF74A1,CA-CA-00000051,2024-07-01,1222355.92,3202331.28,38.17,148326.13,,STANDARD
RF-2FIOWX80P341,CA-CA-00000051,2024-10-01,1139451.61,3202331.28,35.58,209523.79,,STANDARD
RF-JOZJY3P6B4KQ,CA-CA-00000051,2025-01-01,1187460.02,3202331.28,37.08,212492.32,2022-02-23,STANDARD
RF-7J3Q298QC9AV,CA-CA-00000051,2025-04-01,1140646.55,3202331.28,35.62,109349.31,2023-05-01,INFORMAL
RF-RA5QJL4FHAMB,CA-AZ-00000052,2024-01-01,1900720.85,4146814.12,45.84,275619.57,,INFORMAL
RF-4CKNRJBKXKHJ,CA-AZ-00000052,2024-04-01,1880688.08,4146814.12,45.35,300626.96,2021-07-24,STANDARD
RF-EB9UQZNGXBUK,CA-AZ-00000052,2024-07-01,1880377.95,4146814.12,45.35,161817.57,2022-08-22,STANDARD
RF-AA0H92A0R4Q7,CA-AZ-00000052,2024-10-01,1910634.96,4146814.12,46.07,237114.4,2022-11-16,INFORMAL
RF-X5EV40FBL2YX,CA-AZ-00000052,2025-01-01,1827742.34,4146814.12,44.08,129108.51,2022-12-21,STANDARD
RF-E5I59RRX9OQF,CA-AZ-00000052,2025-04-01,1847179.45,4146814.12,44.54,236008.47,,STANDARD
RF-6Q59QC70P8KD,CA-CA-00000053,2024-01-01,3003521.91,4225352.37,71.08,228573.77,2021-02-12,STANDARD
RF-ACI4YTINJGAQ,CA-CA-00000053,2024-04-01,2886278.34,4225352.37,68.31,132356.75,2021-07-11,STANDARD
RF-37X61VC0024H,CA-CA-00000053,2024-07-01,3060193.81,4225352.37,72.42,156672.82,2021-03-05,INFORMAL
RF-FRFG5SGCUACP,CA-CA-00000053,2024-10-01,2960405.87,4225352.37,70.06,314409.27,2023-04-26,STANDARD
RF-9Q06XMOA7MZS,CA-CA-00000053,2025-01-01,2889169.57,4225352.37,68.38,301740.18,2024-02-28,STANDARD
RF-OY90Q1X8DL6D,CA-CA-00000053,2025-04-01,3004873.21,4225352.37,71.12,243573.75,2024-09-09,INFORMAL
RF-ZN46VEGTNF25,CA-AZ-00000054,2024-01-01,3013946.23,4777342.33,63.09,348319.98,2021-07-05,INFORMAL
RF-CAMZLAMUYHKU,CA-AZ-00000054,2024-04-01,2926047.85,4777342.33,61.25,309550.18,2023-03-21,STANDARD
RF-CFNHWECW1HDU,CA-AZ-00000054,2024-07-01,2959950.78,4777342.33,61.96,309588.55,2022-04-08,INFORMAL
RF-356V1GP5RALG,CA-AZ-00000054,2024-10-01,2875628.97,4777342.33,60.19,328625.27,2021-02-07,INFORMAL
RF-XLN95AZSAHQY,CA-AZ-00000054,2025-01-01,2997730.75,4777342.33,62.75,258991.56,,STANDARD
RF-R3T1EI05HSL6,CA-AZ-00000054,2025-04-01,2875556.93,4777342.33,60.19,309374.51,2021-08-28,INFORMAL
RF-199IYKFV01FR,CA-NY-00000055,2024-01-01,129755.9,599783.52,21.63,24101.46,2021-02-02,INFORMAL
RF-BJ0GEHRV3J21,CA-NY-00000055,2024-04-01,128184.93,599783.52,21.37,39061.2,2020-05-10,INFORMAL
RF-WFGT2H5L6B3E,CA-NY-00000055,2024-07-01,123143.67,599783.52,20.53,19341.13,,INFORMAL
RF-FW4ZELNYYRYV,CA-NY-00000055,2024-10-01,108816.94,599783.52,18.14,33346.02,2021-06-27,INFORMAL
RF-3GMXZ9KPFDI4,CA-NY-00000055,2025-01-01,115287.98,599783.52,19.22,38931.58,2023-10-28,INFORMAL
RF-OZ2K508XSNIP,CA-NY-00000055,2025-04-01,113885.47,599783.52,18.99,29383.91,2021-10-14,INFORMAL
RF-XFI1JK7XNAY1,CA-NV-00000056,2024-01-01,1037157.13,1777332.0,58.35,118851.96,2022-06-21,STANDARD
RF-UWHWYGWYZEGI,CA-NV-00000056,2024-04-01,1027576.35,1777332.0,57.82,96702.74,2023-03-25,INFORMAL
RF-759V36T5RCIN,CA-NV-00000056,2024-07-01,1005404.32,1777332.0,56.57,106570.73,2021-11-26,STANDARD
RF-OMS3WT27UP8O,CA-NV-00000056,2024-10-01,1019121.32,1777332.0,57.34,75332.11,2022-02-28,STANDARD
RF-572C457X6PSE,CA-NV-00000056,2025-01-01,1031069.36,1777332.0,58.01,74313.11,2024-03-03,STANDARD
RF-QLJQSPLFZI6L,CA-NV-00000056,2025-04-01,978190.59,1777332.0,55.04,115020.2,,INFORMAL
RF-LAFGBNK3YL1P,CA-FL-00000057,2024-01-01,447830.84,1261108.3,35.51,72202.99,2020-03-07,SIRS
RF-23L51NFXQH22,CA-FL-00000057,2024-04-01,438001.09,1261108.3,34.73,61627.1,2023-03-22,SIRS
RF-A8UFZUMWUH8O,CA-FL-00000057,2024-07-01,447847.57,1261108.3,35.51,62739.54,2023-01-20,SIRS
RF-YI4HMD02PH97,CA-FL-00000057,2024-10-01,483387.87,1261108.3,38.33,79132.73,2021-08-13,SIRS
RF-WLIWHV8H3OKM,CA-FL-00000057,2025-01-01,457720.97,1261108.3,36.3,86334.08,2023-09-18,SIRS
RF-0XXZS9HP1WGG,CA-FL-00000057,2025-04-01,431010.28,1261108.3,34.18,99654.78,2022-03-17,SIRS
RF-DMV09WSRFORI,CA-CA-00000058,2024-01-01,3906179.2,4946407.35,78.97,225246.83,2020-09-23,INFORMAL
RF-MGV4IS5N3PLW,CA-CA-00000058,2024-04-01,3890742.32,4946407.35,78.66,371147.21,2022-03-02,STANDARD
RF-5ZLDB1ASKLRU,CA-CA-00000058,2024-07-01,3846348.07,4946407.35,77.76,306836.45,2023-06-06,INFORMAL
RF-IAF44GSNB0M8,CA-CA-00000058,2024-10-01,3813709.16,4946407.35,77.1,333530.49,2021-12-18,STANDARD
RF-FGQUKEQG14NV,CA-CA-00000058,2025-01-01,3933300.44,4946407.35,79.52,196536.71,2023-06-19,INFORMAL
RF-5Y8GQ7Y2XR0H,CA-CA-00000058,2025-04-01,3930475.7,4946407.35,79.46,388444.55,2022-04-03,STANDARD
RF-A6T54VT1BTIU,CA-OH-00000059,2024-01-01,687267.98,1342449.37,51.2,67631.18,2020-05-12,STANDARD
RF-Z71U2FW1VWSA,CA-OH-00000059,2024-04-01,691584.91,1342449.37,51.52,104632.47,2021-04-28,INFORMAL
RF-L4VVJ7ZVJ1L5,CA-OH-00000059,2024-07-01,655645.1,1342449.37,48.84,105880.49,2022-04-18,INFORMAL
RF-8TB07DOI9RDL,CA-OH-00000059,2024-10-01,688923.67,1342449.37,51.32,78609.57,2022-12-15,INFORMAL
RF-AT6FC0PBLPZY,CA-OH-00000059,2025-01-01,662347.31,1342449.37,49.34,102308.11,2022-09-17,INFORMAL
RF-XKYYPNVAN8JF,CA-OH-00000059,2025-04-01,696129.94,1342449.37,51.86,48905.12,2022-01-17,STANDARD
RF-UQRWJ7GG27U1,CA-NY-00000060,2024-01-01,2961039.27,4602626.07,64.33,340881.13,2023-02-18,STANDARD
RF-BRTY7HNHRG5P,CA-NY-00000060,2024-04-01,2873263.54,4602626.07,62.43,259932.03,2021-01-05,STANDARD
RF-C0VSQ8PDXNYB,CA-NY-00000060,2024-07-01,2833036.9,4602626.07,61.55,207843.75,2022-02-23,INFORMAL
RF-ORQKPJGRJ2WD,CA-NY-00000060,2024-10-01,2863013.72,4602626.07,62.2,155784.58,2023-11-15,INFORMAL
RF-UAXXUVTIVGTF,CA-NY-00000060,2025-01-01,2892714.82,4602626.07,62.85,189942.26,2022-08-04,STANDARD
RF-M86DUQWH5BWD,CA-NY-00000060,2025-04-01,2962526.07,4602626.07,64.37,144716.44,2021-04-07,STANDARD
RF-SM5H1UZSTXAM,CA-NC-00000061,2024-01-01,1652781.62,2191626.37,75.41,90654.74,,STANDARD
RF-BRPMZS1V2BIJ,CA-NC-00000061,2024-04-01,1679607.53,2191626.37,76.64,116997.43,2020-06-27,STANDARD
RF-4V45RYURQ7UF,CA-NC-00000061,2024-07-01,1759600.52,2191626.37,80.29,103543.68,2020-11-18,STANDARD
RF-8GOUDK3JYCCO,CA-NC-00000061,2024-10-01,1754733.12,2191626.37,80.07,101591.0,2021-10-07,STANDARD
RF-FT127KLR7TDP,CA-NC-00000061,2025-01-01,1721051.56,2191626.37,78.53,71752.65,2024-05-11,INFORMAL
RF-WQ3YJWMHM3QQ,CA-NC-00000061,2025-04-01,1716723.53,2191626.37,78.33,154862.56,2021-08-13,INFORMAL
RF-5ADEG5LL2EBK,CA-VA-00000062,2024-01-01,1945252.18,4646970.48,41.86,353977.73,,STANDARD
RF-NUMSH2I6N9TQ,CA-VA-00000062,2024-04-01,1817252.97,4646970.48,39.11,354027.09,2022-12-09,STANDARD
RF-HALL9MDT8VUB,CA-VA-00000062,2024-07-01,1856665.04,4646970.48,39.95,198810.11,2021-12-23,INFORMAL
RF-M1KAXHARSQYU,CA-VA-00000062,2024-10-01,1744356.54,4646970.48,37.54,269885.75,2023-11-25,INFORMAL
RF-XCTGTM7C4IAC,CA-VA-00000062,2025-01-01,1874551.21,4646970.48,40.34,223732.04,2022-06-08,INFORMAL
RF-I8TYO0XBR9ZB,CA-VA-00000062,2025-04-01,1877895.13,4646970.48,40.41,193590.19,2023-09-08,STANDARD
RF-9VWPHR7KGXL1,CA-VA-00000063,2024-01-01,1508486.42,4182949.81,36.06,168329.72,2022-10-12,STANDARD
RF-EL476DUJNU9M,CA-VA-00000063,2024-04-01,1320269.22,4182949.81,31.56,142882.91,2023-03-04,STANDARD
RF-T0DTILWBK2QR,CA-VA-00000063,2024-07-01,1292749.01,4182949.81,30.91,198224.65,2022-01-16,STANDARD
RF-SHSNJFW7FQKC,CA-VA-00000063,2024-10-01,1386164.32,4182949.81,33.14,174442.98,2023-10-23,INFORMAL
RF-UN26UI6MO6L6,CA-VA-00000063,2025-01-01,1425231.81,4182949.81,34.07,302887.71,2023-06-08,INFORMAL
RF-BEHFXDGBU2T6,CA-VA-00000063,2025-04-01,1452640.34,4182949.81,34.73,241609.5,,INFORMAL
RF-0L6386CJTLNN,CA-GA-00000064,2024-01-01,1534191.18,4308144.99,35.61,180313.67,2021-04-03,INFORMAL
RF-F5AKG45ILJL7,CA-GA-00000064,2024-04-01,1449071.54,4308144.99,33.64,335202.78,2022-09-20,STANDARD
RF-OOZ5J3YJLU5N,CA-GA-00000064,2024-07-01,1427480.06,4308144.99,33.13,239196.77,2020-08-04,STANDARD
RF-AWL6EJFX0RCS,CA-GA-00000064,2024-10-01,1482815.2,4308144.99,34.42,209683.38,2023-10-31,STANDARD
RF-QOTBM0L5443V,CA-GA-00000064,2025-01-01,1454941.26,4308144.99,33.77,131867.78,2022-06-27,INFORMAL
RF-BPW7COXQ5I1B,CA-GA-00000064,2025-04-01,1297992.41,4308144.99,30.13,299962.74,2022-04-21,INFORMAL
RF-HE27KBM61BGK,CA-VA-00000065,2024-01-01,2205905.93,2456776.71,89.79,75608.09,2020-02-15,INFORMAL
RF-LHNBR6ET5SNA,CA-VA-00000065,2024-04-01,2141821.38,2456776.71,87.18,96282.93,2022-07-13,STANDARD
RF-5PER8LK5E2AF,CA-VA-00000065,2024-07-01,2189287.52,2456776.71,89.11,87768.4,2022-04-09,STANDARD
RF-MYVYIBHJZ9GP,CA-VA-00000065,2024-10-01,2202734.44,2456776.71,89.66,107517.49,2020-12-29,INFORMAL
RF-UN2HQ9ITBQ4Y,CA-VA-00000065,2025-01-01,2203961.98,2456776.71,89.71,164885.51,2021-10-13,INFORMAL
RF-06GK8C2CITFJ,CA-VA-00000065,2025-04-01,2183903.17,2456776.71,88.89,135874.89,2024-01-09,STANDARD
RF-2NWBWPAY79RZ,CA-NY-00000066,2024-01-01,1184447.66,1913418.07,61.9,127620.45,2021-06-19,STANDARD
RF-WCYXRD9RTPN6,CA-NY-00000066,2024-04-01,1226493.58,1913418.07,64.1,99088.75,2022-08-21,INFORMAL
RF-SKDJ7AJDQN7C,CA-NY-00000066,2024-07-01,1216090.45,1913418.07,63.56,91185.05,2023-03-16,INFORMAL
RF-A61ZBIK0TAYO,CA-NY-00000066,2024-10-01,1197505.01,1913418.07,62.58,76322.24,2022-09-20,STANDARD
RF-IPMGRAHVFEL0,CA-NY-00000066,2025-01-01,1237944.52,1913418.07,64.7,80430.86,2023-06-14,STANDARD
RF-DG6ES7G1ZLWW,CA-NY-00000066,2025-04-01,1141692.66,1913418.07,59.67,145184.96,2022-05-04,INFORMAL
RF-Z9HUDM7L981C,CA-NV-00000067,2024-01-01,2359369.34,2906500.01,81.18,224801.46,2020-03-05,INFORMAL
RF-NGK1ALHMD3L7,CA-NV-00000067,2024-04-01,2431040.99,2906500.01,83.64,191902.37,2021-11-22,STANDARD
RF-LY94IHLH7NJZ,CA-NV-00000067,2024-07-01,2409653.7,2906500.01,82.91,110155.88,2021-11-26,STANDARD
RF-9I7ZHYZPE8SN,CA-NV-00000067,2024-10-01,2413649.63,2906500.01,83.04,158507.87,,STANDARD
RF-TPZDC0DA1YHG,CA-NV-00000067,2025-01-01,2532329.66,2906500.01,87.13,210431.91,2021-08-04,INFORMAL
RF-CFBK8ZXPO8DW,CA-NV-00000067,2025-04-01,2472955.91,2906500.01,85.08,148298.76,2023-09-20,INFORMAL
RF-O7VXI45O9CAP,CA-FL-00000068,2024-01-01,3684630.85,4973339.1,74.09,180819.96,2022-07-18,INFORMAL
RF-HMTYU2UVT5I8,CA-FL-00000068,2024-04-01,3743611.77,4973339.1,75.27,342580.31,2023-06-19,INFORMAL
RF-N489ZZ025HQB,CA-FL-00000068,2024-07-01,3733648.76,4973339.1,75.07,317433.28,2021-06-29,STANDARD
RF-P8BQ4P1M94QF,CA-FL-00000068,2024-10-01,3652099.86,4973339.1,73.43,182613.17,2022-06-13,INFORMAL
RF-06U90JUTL3VS,CA-FL-00000068,2025-01-01,3842026.14,4973339.1,77.25,394156.24,2024-06-08,STANDARD
RF-RO6N7AAIJJY9,CA-FL-00000068,2025-04-01,3750763.62,4973339.1,75.42,210025.08,,INFORMAL
RF-I636WR0V32OH,CA-PA-00000069,2024-01-01,921581.54,4567067.98,20.18,317525.29,2021-05-28,INFORMAL
RF-PMZ2OZDDL35I,CA-PA-00000069,2024-04-01,1040019.89,4567067.98,22.77,206936.89,2022-04-20,INFORMAL
RF-PG3Q0590PN3B,CA-PA-00000069,2024-07-01,981752.91,4567067.98,21.5,165630.2,2023-10-19,STANDARD
RF-HAEAF0I40AJR,CA-PA-00000069,2024-10-01,885921.63,4567067.98,19.4,252510.9,2023-08-04,STANDARD
RF-NPYAG19MPJ3S,CA-PA-00000069,2025-01-01,872178.94,4567067.98,19.1,184169.28,2023-03-13,INFORMAL
RF-OS8UZDRZPS32,CA-PA-00000069,2025-04-01,860370.05,4567067.98,18.84,148167.96,2023-12-02,STANDARD
RF-T334HSRKDRUZ,CA-CA-00000070,2024-01-01,1426580.25,2194945.55,64.99,161250.99,,INFORMAL
RF-GDCNCBQ9MA34,CA-CA-00000070,2024-04-01,1421579.27,2194945.55,64.77,152853.31,2023-07-27,STANDARD
RF-MYJP1RE1XGUJ,CA-CA-00000070,2024-07-01,1434756.91,2194945.55,65.37,163489.3,2022-07-07,INFORMAL
RF-I1SYAJ00BM03,CA-CA-00000070,2024-10-01,1402112.77,2194945.55,63.88,82390.55,,STANDARD
RF-VZVTLIG7A9RP,CA-CA-00000070,2025-01-01,1379137.24,2194945.55,62.83,90989.81,2022-06-01,INFORMAL
RF-ZAWPAPACP3V6,CA-CA-00000070,2025-04-01,1374616.5,2194945.55,62.63,88766.14,2023-08-18,STANDARD
RF-D7M8B1TCLZ16,CA-FL-00000071,2024-01-01,819604.22,1186371.56,69.08,56494.27,,STANDARD
RF-A5WHNLRKHP46,CA-FL-00000071,2024-04-01,837960.68,1186371.56,70.63,70122.83,2021-06-27,INFORMAL
RF-6JCK8LNFUUJE,CA-FL-00000071,2024-07-01,830681.99,1186371.56,70.02,48161.24,2023-02-22,INFORMAL
RF-5SCX4ZO4MISD,CA-FL-00000071,2024-10-01,847540.82,1186371.56,71.44,94524.88,2022-12-17,STANDARD
RF-7ZD4EFCCDH9B,CA-FL-00000071,2025-01-01,837812.16,1186371.56,70.62,74421.45,2022-05-13,STANDARD
RF-BYVFKMR2W429,CA-FL-00000071,2025-04-01,845393.4,1186371.56,71.26,43424.23,2022-11-07,INFORMAL
RF-AJAIYNCDE9ME,CA-CA-00000072,2024-01-01,59081.2,1750817.8,3.37,75250.06,2021-10-29,STANDARD
RF-382HG3QC2X0X,CA-CA-00000072,2024-04-01,24856.93,1750817.8,1.42,61648.9,2023-04-24,INFORMAL
RF-JSC67YJ9A9AH,CA-CA-00000072,2024-07-01,22708.37,1750817.8,1.3,129855.79,2021-06-13,STANDARD
RF-MBABY2ELJPI7,CA-CA-00000072,2024-10-01,0.0,1750817.8,0.0,138292.35,2023-09-08,INFORMAL
RF-FX3MV2VYQXEE,CA-CA-00000072,2025-01-01,12825.83,1750817.8,0.73,79053.47,,INFORMAL
RF-TQ1E0VCI6234,CA-CA-00000072,2025-04-01,0.0,1750817.8,0.0,79791.34,,STANDARD
RF-0E6W4CXS9LKR,CA-FL-00000073,2024-01-01,1942703.4,2376734.74,81.74,89073.17,,STANDARD
RF-CMUJTUERWB28,CA-FL-00000073,2024-04-01,2011130.06,2376734.74,84.62,138361.97,2023-01-13,STANDARD
RF-XJOQ319L727C,CA-FL-00000073,2024-07-01,1961235.65,2376734.74,82.52,113838.24,2022-10-15,INFORMAL
RF-HMDFPVTE6WZR,CA-FL-00000073,2024-10-01,1986059.93,2376734.74,83.56,135301.31,2024-01-05,INFORMAL
RF-H9STVQ80TAN4,CA-FL-00000073,2025-01-01,2086042.04,2376734.74,87.77,165339.6,2022-05-06,STANDARD
RF-41NT5YPUTOWL,CA-FL-00000073,2025-04-01,2020513.78,2376734.74,85.01,92745.11,,INFORMAL
RF-ZGPULA74I6ZK,CA-FL-00000074,2024-01-01,2514068.7,3401329.42,73.91,108974.94,2021-12-07,SIRS
RF-SGEYN0942RKK,CA-FL-00000074,2024-04-01,2508572.87,3401329.42,73.75,141373.33,2021-11-22,SIRS
RF-DQD4E187GZTL,CA-FL-00000074,2024-07-01,2504562.89,3401329.42,73.63,247079.73,2021-07-27,SIRS
RF-PVNS8V6PDZ65,CA-FL-00000074,2024-10-01,2529114.14,3401329.42,74.36,189466.51,2024-02-02,SIRS
RF-EGXH4DSJLGOW,CA-FL-00000074,2025-01-01,2646721.29,3401329.42,77.81,220774.6,2021-04-06,SIRS
RF-808TNYMOS32Y,CA-FL-00000074,2025-04-01,2534764.77,3401329.42,74.52,266624.01,,SIRS
RF-NX7DRQGBGY6Z,CA-CA-00000075,2024-01-01,2157437.02,4960860.41,43.49,354964.08,,INFORMAL
RF-32RNVJOQRIMK,CA-CA-00000075,2024-04-01,2146637.59,4960860.41,43.27,373357.85,2022-06-26,INFORMAL
RF-NZCCHVEAUNKF,CA-CA-00000075,2024-07-01,2137819.99,4960860.41,43.09,162854.24,2021-07-31,STANDARD
RF-UB4ZISKATSE0,CA-CA-00000075,2024-10-01,2082136.81,4960860.41,41.97,279198.84,2023-09-10,STANDARD
RF-6QXO50K15KY3,CA-CA-00000075,2025-01-01,1934670.14,4960860.41,39.0,285067.4,2022-12-24,STANDARD
RF-7UHVCW4RLWCQ,CA-CA-00000075,2025-04-01,2126390.26,4960860.41,42.86,231921.0,2022-03-18,INFORMAL
RF-9NJ6P6ZW7WBM,CA-AZ-00000076,2024-01-01,269311.7,1027993.25,26.2,59425.0,2022-01-01,STANDARD
RF-KUCESZCHUB8C,CA-AZ-00000076,2024-04-01,249930.26,1027993.25,24.31,58418.75,2020-10-30,STANDARD
RF-Y66AOM43C2GO,CA-AZ-00000076,2024-07-01,257488.13,1027993.25,25.05,56242.42,,STANDARD
RF-GZ5LKIR0N8L5,CA-AZ-00000076,2024-10-01,260462.64,1027993.25,25.34,42779.93,2021-10-23,STANDARD
RF-IELKM0K8N54L,CA-AZ-00000076,2025-01-01,257264.47,1027993.25,25.03,50950.11,2022-11-14,STANDARD
RF-GK70NIZ7P2ND,CA-AZ-00000076,2025-04-01,255731.17,1027993.25,24.88,58437.18,2023-05-22,INFORMAL
RF-CHTFNYSNUL6E,CA-CA-00000077,2024-01-01,3324249.58,3691771.46,90.04,266194.08,2021-05-22,INFORMAL
RF-4R78FGQ9320C,CA-CA-00000077,2024-04-01,3300380.94,3691771.46,89.4,280983.04,,STANDARD
RF-4RG44KD4XS35,CA-CA-00000077,2024-07-01,3382056.42,3691771.46,91.61,152963.06,2020-10-24,INFORMAL
RF-M8IDYOFMT1KW,CA-CA-00000077,2024-10-01,3409304.46,3691771.46,92.35,234867.0,,STANDARD
RF-ANHV27FOQIQ3,CA-CA-00000077,2025-01-01,3290222.04,3691771.46,89.12,246153.57,2021-01-03,STANDARD
RF-339G6RNYYJXB,CA-CA-00000077,2025-04-01,3406051.8,3691771.46,92.26,173949.91,2021-12-30,INFORMAL
RF-OER6KJ2ZPRKO,CA-CA-00000078,2024-01-01,2281596.62,4806627.02,47.47,197741.85,2020-04-29,STANDARD
RF-J26CQLR0G7OT,CA-CA-00000078,2024-04-01,2387818.54,4806627.02,49.68,144760.72,2023-04-21,INFORMAL
RF-30HKBR2GBMVA,CA-CA-00000078,2024-07-01,2263392.09,4806627.02,47.09,170455.67,2021-07-05,STANDARD
RF-Q7Q7OZ1SRSXC,CA-CA-00000078,2024-10-01,2268845.12,4806627.02,47.2,196100.96,2022-09-12,STANDARD
RF-39ZHFWDFSBH4,CA-CA-00000078,2025-01-01,2232892.87,4806627.02,46.45,247693.39,2023-06-10,STANDARD
RF-ZP597UDLVZUE,CA-CA-00000078,2025-04-01,2232074.61,4806627.02,46.44,296343.86,2024-01-31,INFORMAL
RF-U5A1BQNKHICP,CA-FL-00000079,2024-01-01,472676.16,1954449.2,24.18,85218.02,2022-10-07,STANDARD
RF-UZUWHQ5T73W0,CA-FL-00000079,2024-04-01,555776.1,1954449.2,28.44,92253.99,2021-01-19,STANDARD
RF-Q6AAVGGAFS9M,CA-FL-00000079,2024-07-01,478336.92,1954449.2,24.47,88571.61,2022-01-18,INFORMAL
RF-FR0G45TPJZRV,CA-FL-00000079,2024-10-01,468239.33,1954449.2,23.96,84118.33,2024-01-05,INFORMAL
RF-X2ML9HPAUZYE,CA-FL-00000079,2025-01-01,428309.99,1954449.2,21.91,128594.28,,STANDARD
RF-YWQC0GGQZNN5,CA-FL-00000079,2025-04-01,466844.75,1954449.2,23.89,141525.06,2024-02-19,STANDARD
RF-YVK92MC76RVW,CA-TX-00000080,2024-01-01,234791.2,900067.83,26.09,39262.06,2021-01-17,STANDARD
RF-N7BAZP1S3D1H,CA-TX-00000080,2024-04-01,223555.68,900067.83,24.84,59938.5,2020-11-21,STANDARD
RF-WHITEC6RBOTH,CA-TX-00000080,2024-07-01,197931.19,900067.83,21.99,39052.86,2021-05-05,INFORMAL
RF-6MVQ3GSDO3S1,CA-TX-00000080,2024-10-01,234931.89,900067.83,26.1,51781.67,2022-06-24,STANDARD
RF-HUPDXR2M7KCB,CA-TX-00000080,2025-01-01,215076.34,900067.83,23.9,56308.05,2023-02-20,STANDARD
RF-8KQ51NJNL6J6,CA-TX-00000080,2025-04-01,194735.75,900067.83,21.64,28883.52,2023-11-11,INFORMAL
RF-SOFNBK1CH6I6,CA-PA-00000081,2024-01-01,2032337.22,4678110.89,43.44,283393.79,2021-01-27,INFORMAL
RF-W5GSSA3MJ766,CA-PA-00000081,2024-04-01,1792781.8,4678110.89,38.32,192367.54,2021-07-15,INFORMAL
RF-6B6SMQB2MSFD,CA-PA-00000081,2024-07-01,1793542.49,4678110.89,38.34,304880.38,2023-08-02,STANDARD
RF-1850HM2LKWYP,CA-PA-00000081,2024-10-01,1999470.77,4678110.89,42.74,273491.6,2024-01-09,STANDARD
RF-SBVEBV75FMBB,CA-PA-00000081,2025-01-01,2117629.23,4678110.89,45.27,242474.36,2022-06-12,STANDARD
RF-RZ9IDRTOAMAE,CA-PA-00000081,2025-04-01,2062276.92,4678110.89,44.08,202837.37,2024-02-19,INFORMAL
RF-PJUYLUIRKLPZ,CA-NY-00000082,2024-01-01,3367983.4,4336885.13,77.66,253777.78,2021-08-06,INFORMAL
RF-JUF5T5PA4LPN,CA-NY-00000082,2024-04-01,3402157.7,4336885.13,78.45,300690.0,2022-03-26,INFORMAL
RF-MVP5VGHAXA4S,CA-NY-00000082,2024-07-01,3413358.55,4336885.13,78.71,160857.19,2022-10-14,STANDARD
RF-PPAWZBJK2TB3,CA-NY-00000082,2024-10-01,3399627.73,4336885.13,78.39,201228.17,2022-07-30,STANDARD
RF-2VUKJ0A8YHZX,CA-NY-00000082,2025-01-01,3405461.47,4336885.13,78.52,196327.36,2022-11-04,INFORMAL
RF-CX135FH0IDW2,CA-NY-00000082,2025-04-01,3411958.49,4336885.13,78.67,213075.49,2024-01-08,STANDARD
RF-MJ1UCZ0B6V5D,CA-CA-00000083,2024-01-01,1295616.1,2140402.9,60.53,160207.83,,STANDARD
RF-WK27L8FWR9R0,CA-CA-00000083,2024-04-01,1258834.94,2140402.9,58.81,100238.48,2021-01-18,INFORMAL
RF-U7VMHVD28WHA,CA-CA-00000083,2024-07-01,1318593.4,2140402.9,61.6,69829.31,2021-09-01,STANDARD
RF-3217GSD3DBSR,CA-CA-00000083,2024-10-01,1298572.56,2140402.9,60.67,140761.76,2021-01-28,STANDARD
RF-9UY8L4LNQUYU,CA-CA-00000083,2025-01-01,1303442.03,2140402.9,60.9,107094.88,2022-08-26,STANDARD
RF-55FB081AH637,CA-CA-00000083,2025-04-01,1353211.22,2140402.9,63.22,117844.82,2021-06-12,STANDARD
RF-6LSOAQZR7E04,CA-AZ-00000084,2024-01-01,545998.99,619879.29,88.08,38371.22,2023-06-06,INFORMAL
RF-YBOIE03HFXUS,CA-AZ-00000084,2024-04-01,525337.01,619879.29,84.75,38496.37,2023-08-24,STANDARD
RF-S7TDHDUSN9NR,CA-AZ-00000084,2024-07-01,533217.59,619879.29,86.02,26470.03,2023-04-02,INFORMAL
RF-C3V78Q36P2UU,CA-AZ-00000084,2024-10-01,553646.33,619879.29,89.32,43312.46,2022-12-15,STANDARD
RF-2J5N4XEDCB0E,CA-AZ-00000084,2025-01-01,538243.02,619879.29,86.83,40641.33,2024-03-06,STANDARD
RF-O7MIPC5SPND8,CA-AZ-00000084,2025-04-01,547769.21,619879.29,88.37,29915.27,2024-05-07,STANDARD
RF-BCCKHTY9DVNM,CA-WA-00000085,2024-01-01,586107.05,1312725.37,44.65,104450.67,2022-01-04,STANDARD
RF-CDN25SWYS2AA,CA-WA-00000085,2024-04-01,603311.36,1312725.37,45.96,104468.01,2023-09-08,STANDARD
RF-BNIVM05TYCAW,CA-WA-00000085,2024-07-01,571030.11,1312725.37,43.5,52344.36,2021-11-24,STANDARD
RF-A2Y0QGSV74EB,CA-WA-00000085,2024-10-01,581518.62,1312725.37,44.3,66494.14,2023-05-11,INFORMAL
RF-RKDFY7PK87QX,CA-WA-00000085,2025-01-01,595718.69,1312725.37,45.38,46221.03,,INFORMAL
RF-78ET82PDFYBF,CA-WA-00000085,2025-04-01,554116.27,1312725.37,42.21,77693.16,2023-10-19,INFORMAL
RF-6Q3BEFRUXBIW,CA-FL-00000086,2024-01-01,1306359.33,1735881.74,75.26,93811.33,2020-05-12,STANDARD
RF-31EQC9RGPTW9,CA-FL-00000086,2024-04-01,1328200.05,1735881.74,76.51,114974.38,2022-02-10,STANDARD
RF-RHIP6FOIJCEX,CA-FL-00000086,2024-07-01,1326588.05,1735881.74,76.42,88259.98,2021-08-31,INFORMAL
RF-9EKOVNY5UO05,CA-FL-00000086,2024-10-01,1363221.04,1735881.74,78.53,104408.97,2021-06-23,STANDARD
RF-C9YGK05D6RD4,CA-FL-00000086,2025-01-01,1337905.4,1735881.74,77.07,55328.13,2023-02-14,STANDARD
RF-JTFAE9YQO2N7,CA-FL-00000086,2025-04-01,1330407.34,1735881.74,76.64,64728.7,2024-05-28,INFORMAL
RF-CSF4Y2D6SYNJ,CA-WA-00000087,2024-01-01,1304821.54,3122888.79,41.78,210315.12,2020-03-03,STANDARD
RF-1LNFLTINQ43D,CA-WA-00000087,2024-04-01,1272291.75,3122888.79,40.74,212010.22,2022-02-17,STANDARD
RF-APNR7ESZL9SP,CA-WA-00000087,2024-07-01,1262535.77,3122888.79,40.43,136792.32,2020-09-09,STANDARD
RF-YKNC9SSKIT71,CA-WA-00000087,2024-10-01,1218382.02,3122888.79,39.01,126440.5,2022-06-25,INFORMAL
RF-ANGPLHFR5TEG,CA-WA-00000087,2025-01-01,1210844.5,3122888.79,38.77,175284.49,2021-11-02,STANDARD
RF-S5J0OPXW3AMT,CA-WA-00000087,2025-04-01,1166825.62,3122888.79,37.36,123702.29,2023-01-01,STANDARD
RF-Y3BYI8EQ0ZBW,CA-VA-00000088,2024-01-01,2189421.37,2456460.05,89.13,129626.04,2020-09-29,STANDARD
RF-2IDKLP7T5YFQ,CA-VA-00000088,2024-04-01,2219548.31,2456460.05,90.36,169515.13,2020-12-18,INFORMAL
RF-VH6OCR41ZOAB,CA-VA-00000088,2024-07-01,2228434.48,2456460.05,90.72,76612.65,,INFORMAL
RF-1CM6TTWXU278,CA-VA-00000088,2024-10-01,2297706.59,2456460.05,93.54,148470.05,2021-10-23,STANDARD
RF-E1504ZNBLHYN,CA-VA-00000088,2025-01-01,2263689.26,2456460.05,92.15,188684.48,2023-11-09,STANDARD
RF-2Q1SYQCAUS68,CA-VA-00000088,2025-04-01,2330358.51,2456460.05,94.87,174957.03,2024-03-19,STANDARD
RF-48KAVGXP3TCN,CA-OH-00000089,2024-01-01,967136.45,3037812.87,31.84,146200.58,2022-07-04,INFORMAL
RF-NZ063WLYKZTP,CA-OH-00000089,2024-04-01,907245.61,3037812.87,29.87,198351.56,2021-09-14,STANDARD
RF-MAMO9WOJEIN6,CA-OH-00000089,2024-07-01,1033945.01,3037812.87,34.04,192248.18,2020-09-02,STANDARD
RF-BTD8P6ROTZOI,CA-OH-00000089,2024-10-01,872967.62,3037812.87,28.74,94464.93,2021-09-14,INFORMAL
RF-A35BSV3FSVWS,CA-OH-00000089,2025-01-01,932087.37,3037812.87,30.68,154950.49,2022-04-22,INFORMAL
RF-FASS5JTUV9Y9,CA-OH-00000089,2025-04-01,937735.71,3037812.87,30.87,219979.39,2024-01-13,STANDARD
RF-7WCESCEYKBTQ,CA-TX-00000090,2024-01-01,1586331.48,3589987.72,44.19,235351.63,2023-01-07,INFORMAL
RF-OVFIO4PTTGTB,CA-TX-00000090,2024-04-01,1578548.41,3589987.72,43.97,171990.0,2022-11-22,STANDARD
RF-I7QHSZEEQZZD,CA-TX-00000090,2024-07-01,1577128.5,3589987.72,43.93,143884.03,2023-12-10,STANDARD
RF-22RPFP87LD83,CA-TX-00000090,2024-10-01,1556083.27,3589987.72,43.35,144097.77,2022-02-17,INFORMAL
RF-ETSJ32J6FDVO,CA-TX-00000090,2025-01-01,1605134.05,3589987.72,44.71,181433.33,2022-07-22,INFORMAL
RF-1MW0BG8OD16I,CA-TX-00000090,2025-04-01,1661495.63,3589987.72,46.28,238842.92,2024-09-16,STANDARD
RF-CVYY7ZM6UFWQ,CA-NC-00000091,2024-01-01,2360872.0,3854145.47,61.26,162468.6,,STANDARD
RF-6F9OQY8ZVZ8Y,CA-NC-00000091,2024-04-01,2450376.1,3854145.47,63.58,215381.46,2020-11-16,STANDARD
RF-V4S0TPQYFSHN,CA-NC-00000091,2024-07-01,2620035.09,3854145.47,67.98,229293.87,2021-12-09,STANDARD
RF-S5VYW94BDOEL,CA-NC-00000091,2024-10-01,2439850.86,3854145.47,63.3,132464.43,2021-10-21,INFORMAL
RF-5GANCGMZH6P1,CA-NC-00000091,2025-01-01,2596490.54,3854145.47,67.37,259041.94,2023-12-03,INFORMAL
RF-8Q5KJD989PDM,CA-NC-00000091,2025-04-01,2614137.75,3854145.47,67.83,250380.92,2022-08-09,INFORMAL
RF-4KRSYOPLX7NI,CA-NC-00000092,2024-01-01,2311285.27,3599548.83,64.21,151514.0,2023-03-01,INFORMAL
RF-UO83JB3WPDR4,CA-NC-00000092,2024-04-01,2382884.62,3599548.83,66.2,215103.52,2021-11-07,STANDARD
RF-J1XGQB509DVO,CA-NC-00000092,2024-07-01,2288890.09,3599548.83,63.59,201987.74,2021-02-14,INFORMAL
RF-9L6KRZC7QUWB,CA-NC-00000092,2024-10-01,2312766.66,3599548.83,64.25,185452.46,2023-05-24,STANDARD
RF-TE0HJS20JUMY,CA-NC-00000092,2025-01-01,2306749.98,3599548.83,64.08,218164.37,2024-03-03,INFORMAL
RF-4D05DQOG5QQN,CA-NC-00000092,2025-04-01,2297765.01,3599548.83,63.83,223543.45,2022-08-03,STANDARD
RF-3AH6CLUMASLJ,CA-FL-00000093,2024-01-01,2080687.94,3446401.94,60.37,182349.02,2020-07-15,INFORMAL
RF-SSX09PH0DWED,CA-FL-00000093,2024-04-01,2159508.38,3446401.94,62.66,222155.94,2021-11-18,INFORMAL
RF-XQTNXM005U5T,CA-FL-00000093,2024-07-01,2131727.45,3446401.94,61.85,154399.0,2023-04-30,INFORMAL
RF-I7CZG77414NZ,CA-FL-00000093,2024-10-01,2197403.42,3446401.94,63.76,242657.46,2023-11-25,INFORMAL
RF-OXNWK2HFXTDN,CA-FL-00000093,2025-01-01,2118669.6,3446401.94,61.47,155330.5,2022-05-17,INFORMAL
RF-64IP7HLN7EXB,CA-FL-00000093,2025-04-01,2229994.02,3446401.94,64.7,140548.33,2022-09-10,INFORMAL
RF-BX91JPT54S88,CA-TX-00000094,2024-01-01,801619.99,1723478.68,46.51,106941.02,2022-08-10,STANDARD
RF-8T3DJ3LDYTJ4,CA-TX-00000094,2024-04-01,857662.15,1723478.68,49.76,62381.86,2022-07-31,STANDARD
RF-1WB8W9NP9KY8,CA-TX-00000094,2024-07-01,874559.45,1723478.68,50.74,114979.02,2020-07-19,INFORMAL
RF-EKJY47X80C5W,CA-TX-00000094,2024-10-01,806379.24,1723478.68,46.79,106686.34,2023-06-14,STANDARD
RF-ROQ8PUR52HOP,CA-TX-00000094,2025-01-01,875720.3,1723478.68,50.81,84105.64,2023-07-11,INFORMAL
RF-0G4368JKJPSX,CA-TX-00000094,2025-04-01,838142.78,1723478.68,48.63,77715.19,,STANDARD
RF-RR078DQ999Y6,CA-NY-00000095,2024-01-01,1483124.97,4791042.73,30.96,208935.25,2023-01-19,INFORMAL
RF-IJ55JM3EXTJB,CA-NY-00000095,2024-04-01,1512884.24,4791042.73,31.58,143748.48,2021-01-29,STANDARD
RF-YR40W77GUM1K,CA-NY-00000095,2024-07-01,1463848.77,4791042.73,30.55,284431.0,,INFORMAL
RF-2B27GNYWRUS1,CA-NY-00000095,2024-10-01,1482731.51,4791042.73,30.95,194325.82,2023-10-10,STANDARD
RF-83U4B1TRYCGI,CA-NY-00000095,2025-01-01,1363475.54,4791042.73,28.46,148773.97,2022-08-17,STANDARD
RF-EDCL6DAQV7X1,CA-NY-00000095,2025-04-01,1427438.43,4791042.73,29.79,256519.81,2023-01-24,STANDARD
RF-68JXZKT0AOTW,CA-NV-00000096,2024-01-01,2236736.48,4230747.61,52.87,290822.0,2020-07-26,STANDARD
RF-QF59B8VCZ7H1,CA-NV-00000096,2024-04-01,2203354.93,4230747.61,52.08,147887.3,2022-10-30,INFORMAL
RF-JWABFVSVLUYS,CA-NV-00000096,2024-07-01,2230963.38,4230747.61,52.73,174586.97,2022-04-24,STANDARD
RF-QUAFMPBWDGUX,CA-NV-00000096,2024-10-01,2373007.96,4230747.61,56.09,296805.53,2021-04-27,INFORMAL
RF-24I74DU1O1GU,CA-NV-00000096,2025-01-01,2380742.85,4230747.61,56.27,130330.57,2023-08-20,INFORMAL
RF-J1WQTRNXTA7E,CA-NV-00000096,2025-04-01,2367066.62,4230747.61,55.95,335220.47,2021-07-24,STANDARD
RF-T8Q2CB96Q8LB,CA-CA-00000097,2024-01-01,145659.54,1870575.12,7.79,133588.58,2022-04-10,STANDARD
RF-I1CSVVGDK1LV,CA-CA-00000097,2024-04-01,167999.05,1870575.12,8.98,101849.14,2021-03-27,INFORMAL
RF-PKY20JDDSWOE,CA-CA-00000097,2024-07-01,117361.25,1870575.12,6.27,90681.13,2020-08-13,STANDARD
RF-ZP4XCP2OBZKX,CA-CA-00000097,2024-10-01,157885.75,1870575.12,8.44,66288.63,2023-07-18,STANDARD
RF-VEEDCQD3M834,CA-CA-00000097,2025-01-01,83268.18,1870575.12,4.45,75257.73,2023-10-02,STANDARD
RF-UN3C5T4Q7URU,CA-CA-00000097,2025-04-01,57044.53,1870575.12,3.05,100410.53,2021-05-04,INFORMAL
RF-QYXM4JY0E2BY,CA-WA-00000098,2024-01-01,232411.09,1578088.53,14.73,77685.76,2023-05-25,STANDARD
RF-G1MZ78UDWMGJ,CA-WA-00000098,2024-04-01,208281.86,1578088.53,13.2,117427.49,2022-05-26,STANDARD
RF-M4WK9XPKYADL,CA-WA-00000098,2024-07-01,211293.92,1578088.53,13.39,69939.97,2023-03-02,STANDARD
RF-1E8X9RSQ31AV,CA-WA-00000098,2024-10-01,199819.49,1578088.53,12.66,64135.65,2022-04-12,STANDARD
RF-RUVP6GTKG1HH,CA-WA-00000098,2025-01-01,141208.69,1578088.53,8.95,99171.63,2023-03-14,INFORMAL
RF-E5YTUFPEVF1D,CA-WA-00000098,2025-04-01,110943.08,1578088.53,7.03,53196.79,2021-04-20,INFORMAL
RF-5VGV8UU6XC12,CA-FL-00000099,2024-01-01,424014.28,2326230.99,18.23,134454.45,2020-01-16,STANDARD
RF-YA6RETAV43YA,CA-FL-00000099,2024-04-01,360809.72,2326230.99,15.51,100183.95,2021-08-16,INFORMAL
RF-Q7N78K10C02R,CA-FL-00000099,2024-07-01,317209.5,2326230.99,13.64,159287.75,2023-07-07,STANDARD
RF-E4PBY365VP0A,CA-FL-00000099,2024-10-01,398911.47,2326230.99,17.15,121160.18,,INFORMAL
RF-WNL1ZYUV2TO3,CA-FL-00000099,2025-01-01,465363.32,2326230.99,20.01,107689.05,2024-04-24,STANDARD
RF-9FAHHGZFMNTZ,CA-FL-00000099,2025-04-01,371183.4,2326230.99,15.96,133349.29,2021-10-12,STANDARD
RF-WPKTZZ8DE2DX,CA-FL-00000100,2024-01-01,514295.55,1035119.95,49.68,35989.51,2023-03-18,INFORMAL
RF-PT37I4N8ELVG,CA-FL-00000100,2024-04-01,508384.2,1035119.95,49.11,49509.17,2022-09-14,INFORMAL
RF-UAC7GNVBQI04,CA-FL-00000100,2024-07-01,521084.6,1035119.95,50.34,74301.92,2021-05-20,STANDARD
RF-I7PWVT8JIFE8,CA-FL-00000100,2024-10-01,499201.89,1035119.95,48.23,32655.6,2023-11-15,STANDARD
RF-YU0DPUJIFAYF,CA-FL-00000100,2025-01-01,504755.31,1035119.95,48.76,34523.12,2022-08-04,STANDARD
RF-B6GXZ65XXCY9,CA-FL-00000100,2025-04-01,502493.14,1035119.95,48.54,78071.4,2021-08-19,STANDARD
RF-3NVEWLUJKJQX,CA-TX-00000101,2024-01-01,2093906.53,3298998.37,63.47,151037.71,2023-01-10,INFORMAL
RF-2JTYA4SEKW3C,CA-TX-00000101,2024-04-01,2049353.46,3298998.37,62.12,137002.04,2022-04-25,INFORMAL
RF-GO09VKG9AR1B,CA-TX-00000101,2024-07-01,2033809.3,3298998.37,61.65,212624.95,2022-07-07,STANDARD
RF-18POQNV33ACI,CA-TX-00000101,2024-10-01,2110952.5,3298998.37,63.99,216343.27,2022-01-12,STANDARD
RF-0Y56X6FEG7MB,CA-TX-00000101,2025-01-01,2053138.65,3298998.37,62.24,167327.5,2023-11-11,INFORMAL
RF-PD5LLK8X8I6F,CA-TX-00000101,2025-04-01,2112189.85,3298998.37,64.03,167647.05,2024-09-24,STANDARD
RF-ZRJ5BKM4Z4YV,CA-TX-00000102,2024-01-01,672201.9,1638740.81,41.02,69290.28,2021-12-21,INFORMAL
RF-7790BBG69T8Z,CA-TX-00000102,2024-04-01,652261.77,1638740.81,39.8,105522.71,,STANDARD
RF-5OHJNV02NH83,CA-TX-00000102,2024-07-01,635061.74,1638740.81,38.75,96819.71,2022-03-31,INFORMAL
RF-7C3HXKYBY4TZ,CA-TX-00000102,2024-10-01,650862.32,1638740.81,39.72,82389.44,2024-02-05,STANDARD
RF-DD4L3OQOLFX6,CA-TX-00000102,2025-01-01,660017.34,1638740.81,40.28,63332.53,2023-11-16,INFORMAL
RF-4MKDYVKLDNDW,CA-TX-00000102,2025-04-01,634639.86,1638740.81,38.73,95274.76,2024-04-16,STANDARD
RF-1DUBVJXJOYYO,CA-TX-00000103,2024-01-01,1040535.78,1526686.57,68.16,67344.63,,STANDARD
RF-A1R6WC5FLPGD,CA-TX-00000103,2024-04-01,1052292.55,1526686.57,68.93,63915.66,2021-04-16,INFORMAL
RF-9I4GWHA2I50R,CA-TX-00000103,2024-07-01,1075800.98,1526686.57,70.47,121856.53,2020-12-22,INFORMAL
RF-WEBOH2X42OVS,CA-TX-00000103,2024-10-01,1074939.45,1526686.57,70.41,119435.82,2022-02-02,INFORMAL
RF-OWGQ7QHYHX5K,CA-TX-00000103,2025-01-01,1090722.51,1526686.57,71.44,45870.94,,INFORMAL
RF-G8HYNH9U6LEN,CA-TX-00000103,2025-04-01,1102408.26,1526686.57,72.21,102130.35,2024-07-26,STANDARD
RF-BSY9RMFFHL5S,CA-CO-00000104,2024-01-01,2549677.24,3343814.23,76.25,115427.55,2022-09-10,STANDARD
RF-S5C0GPPR8TIU,CA-CO-00000104,2024-04-01,2590990.09,3343814.23,77.49,109380.93,2021-07-02,STANDARD
RF-WMML00NZ8JOZ,CA-CO-00000104,2024-07-01,2583197.63,3343814.23,77.25,204947.82,2023-05-12,INFORMAL
RF-N5DED3EN6ZPD,CA-CO-00000104,2024-10-01,2494255.13,3343814.23,74.59,142367.31,2022-02-17,STANDARD
RF-PMI145U0FLMB,CA-CO-00000104,2025-01-01,2559599.84,3343814.23,76.55,204849.62,2023-02-03,INFORMAL
RF-DC8U4OIFMJGE,CA-CO-00000104,2025-04-01,2612862.52,3343814.23,78.14,113418.66,2022-10-20,INFORMAL
RF-J8GA2BGLLDO7,CA-NV-00000105,2024-01-01,319677.7,566969.74,56.38,17033.98,2021-09-15,STANDARD
RF-5VVG97U5TZRW,CA-NV-00000105,2024-04-01,329861.8,566969.74,58.18,21375.58,2023-05-08,INFORMAL
RF-U0OK4FAZ2RZS,CA-NV-00000105,2024-07-01,329476.35,566969.74,58.11,30943.41,2023-01-31,INFORMAL
RF-RBJQDT1WNVO5,CA-NV-00000105,2024-10-01,319563.98,566969.74,56.36,32320.55,2024-01-05,INFORMAL
RF-TEDCB3DHW7IS,CA-NV-00000105,2025-01-01,336325.05,566969.74,59.32,37647.45,2023-03-16,STANDARD
RF-UMDP4EF5YNKI,CA-NV-00000105,2025-04-01,327179.32,566969.74,57.71,39700.5,2024-03-08,INFORMAL
RF-6KZSZTGX9TPY,CA-NY-00000106,2024-01-01,1063050.27,1634585.21,65.03,50323.16,2023-03-14,INFORMAL
RF-22SRXPHR341P,CA-NY-00000106,2024-04-01,1077212.31,1634585.21,65.9,66381.74,2022-12-02,STANDARD
RF-J3SM313OC4GN,CA-NY-00000106,2024-07-01,1081649.22,1634585.21,66.17,96800.21,2021-02-12,STANDARD
RF-R44DJDNZHNRG,CA-NY-00000106,2024-10-01,1101883.58,1634585.21,67.41,67568.71,2023-06-19,INFORMAL
RF-48XWH8QC2QJ2,CA-NY-00000106,2025-01-01,1108180.6,1634585.21,67.8,113691.99,,STANDARD
RF-2TLWDK8EKZJY,CA-NY-00000106,2025-04-01,1110856.55,1634585.21,67.96,96606.38,2022-01-31,INFORMAL
RF-PO6HFU5O84TE,CA-CA-00000107,2024-01-01,634159.56,823271.35,77.03,31853.76,2021-01-19,INFORMAL
RF-7V4OH538D1KD,CA-CA-00000107,2024-04-01,634475.38,823271.35,77.07,57289.07,,STANDARD
RF-2COQBC3RP9FR,CA-CA-00000107,2024-07-01,607705.25,823271.35,73.82,29555.58,,STANDARD
RF-46S6QWOUGL6J,CA-CA-00000107,2024-10-01,597796.89,823271.35,72.61,34113.96,2021-09-18,STANDARD
RF-CW4RS2SPA5KL,CA-CA-00000107,2025-01-01,644166.51,823271.35,78.24,63886.66,2021-12-08,INFORMAL
RF-YR8V906U0CQA,CA-CA-00000107,2025-04-01,619041.93,823271.35,75.19,56857.23,2023-08-25,INFORMAL
RF-SAQFEX8V6VUA,CA-FL-00000108,2024-01-01,1305531.49,1991729.04,65.55,117702.21,2023-04-05,INFORMAL
RF-D2EANHXX4MWL,CA-FL-00000108,2024-04-01,1294620.78,1991729.04,65.0,143596.32,2023-05-01,STANDARD
RF-VVBTWE4ZWPOZ,CA-FL-00000108,2024-07-01,1372600.25,1991729.04,68.92,150304.95,2023-07-10,STANDARD
RF-IT870ODQGYQU,CA-FL-00000108,2024-10-01,1387070.93,1991729.04,69.64,151024.13,2021-11-21,INFORMAL
RF-KHP2YOGXSGST,CA-FL-00000108,2025-01-01,1355133.59,1991729.04,68.04,82829.61,2022-09-11,INFORMAL
RF-07GN3EI1LMKF,CA-FL-00000108,2025-04-01,1302914.48,1991729.04,65.42,81627.94,2023-06-18,INFORMAL
RF-OOALUT5RZIQ1,CA-AZ-00000109,2024-01-01,845973.93,2522827.26,33.53,145306.83,2022-06-07,STANDARD
RF-N0VLFKW24E24,CA-AZ-00000109,2024-04-01,767613.06,2522827.26,30.43,111519.09,2022-08-05,INFORMAL
RF-69GQ6H3BGVZX,CA-AZ-00000109,2024-07-01,822948.94,2522827.26,32.62,112281.12,2020-12-21,STANDARD
RF-C6R68C62E8FH,CA-AZ-00000109,2024-10-01,807862.31,2522827.26,32.02,181289.29,2022-12-12,INFORMAL
RF-EXU24OE8QYIC,CA-AZ-00000109,2025-01-01,822794.98,2522827.26,32.61,150871.88,2023-10-27,STANDARD
RF-QV901S4D9E0I,CA-AZ-00000109,2025-04-01,797829.92,2522827.26,31.62,82053.18,2024-06-06,STANDARD
RF-O8MIE183T6T7,CA-NC-00000110,2024-01-01,865369.33,1439450.58,60.12,108668.01,2021-02-05,STANDARD
RF-0CZXJ86Y4WWF,CA-NC-00000110,2024-04-01,841868.12,1439450.58,58.49,59691.1,2022-11-06,INFORMAL
RF-DS344KHBXIPO,CA-NC-00000110,2024-07-01,850459.3,1439450.58,59.08,48199.3,,INFORMAL
RF-VLA0SXZX27GY,CA-NC-00000110,2024-10-01,836655.76,1439450.58,58.12,72298.62,2023-04-04,INFORMAL
RF-RIPC36YRSRB0,CA-NC-00000110,2025-01-01,852993.21,1439450.58,59.26,107793.81,2022-04-15,STANDARD
RF-OO2BVVQ9FSOM,CA-NC-00000110,2025-04-01,849217.81,1439450.58,59.0,115155.04,2023-01-02,INFORMAL
RF-3567NA3AJM2Q,CA-NV-00000111,2024-01-01,371469.14,526964.81,70.49,23051.95,2023-03-12,INFORMAL
RF-4Q9AWKSI52PF,CA-NV-00000111,2024-04-01,349202.69,526964.81,66.27,35449.82,,STANDARD
RF-030DAY8RNJV0,CA-NV-00000111,2024-07-01,349400.36,526964.81,66.3,16676.3,2023-04-19,STANDARD
RF-F5PH0PK94XYB,CA-NV-00000111,2024-10-01,375891.39,526964.81,71.33,21957.53,2023-04-22,INFORMAL
RF-TU6R4AT3K3IC,CA-NV-00000111,2025-01-01,364715.83,526964.81,69.21,38946.39,2022-07-02,STANDARD
RF-N1S5E1BGE3NK,CA-NV-00000111,2025-04-01,363189.62,526964.81,68.92,36916.43,2022-03-17,STANDARD
RF-8LQTU1Q3ALJ4,CA-NC-00000112,2024-01-01,1158142.03,4744381.0,24.41,302473.49,2020-02-04,STANDARD
RF-DYNRA9WB61FQ,CA-NC-00000112,2024-04-01,1279002.19,4744381.0,26.96,273996.83,2023-06-09,STANDARD
RF-QIGQPOTMQ9AX,CA-NC-00000112,2024-07-01,1145109.79,4744381.0,24.14,230708.63,2022-01-10,INFORMAL
RF-JUDGBMBPJVP0,CA-NC-00000112,2024-10-01,1009953.96,4744381.0,21.29,314911.11,2022-08-21,INFORMAL
RF-U2ZPA1P4QLZ9,CA-NC-00000112,2025-01-01,1146014.71,4744381.0,24.16,318540.74,,INFORMAL
RF-331L3DYHMVZ7,CA-NC-00000112,2025-04-01,897194.0,4744381.0,18.91,172832.35,2021-09-05,INFORMAL
RF-7LKBTP77APBS,CA-FL-00000113,2024-01-01,1302528.02,2666159.98,48.85,175039.32,2022-03-03,STANDARD
RF-SSST42L25H5F,CA-FL-00000113,2024-04-01,1334619.87,2666159.98,50.06,116233.5,2021-11-20,INFORMAL
RF-D9CB6BVD47DA,CA-FL-00000113,2024-07-01,1337010.21,2666159.98,50.15,197033.85,2020-11-30,STANDARD
RF-QHFPH9OZXWDJ,CA-FL-00000113,2024-10-01,1267843.07,2666159.98,47.55,151884.72,2021-03-15,STANDARD
RF-VK3LAS4PSRR2,CA-FL-00000113,2025-01-01,1228433.68,2666159.98,46.08,154201.21,2021-08-14,INFORMAL
RF-TB3BC6U67Z2O,CA-FL-00000113,2025-04-01,1268961.58,2666159.98,47.6,110808.23,2022-08-31,STANDARD
RF-V2QLJJLJ2K3F,CA-TX-00000114,2024-01-01,679740.9,1976709.47,34.39,104267.62,,INFORMAL
RF-DCJCNNBBKYEI,CA-TX-00000114,2024-04-01,618160.91,1976709.47,31.27,83321.32,2021-02-16,STANDARD
RF-2019H64R9WOU,CA-TX-00000114,2024-07-01,597350.4,1976709.47,30.22,76403.2,2021-07-08,INFORMAL
RF-B4E9ZRJYKQAK,CA-TX-00000114,2024-10-01,607728.18,1976709.47,30.74,143169.58,2024-03-23,INFORMAL
RF-R027OPRQQ1CR,CA-TX-00000114,2025-01-01,556379.0,1976709.47,28.15,140401.02,2023-08-28,STANDARD
RF-CODV3NVTCRJA,CA-TX-00000114,2025-04-01,561583.05,1976709.47,28.41,140707.3,2022-12-12,INFORMAL
RF-3CIGDMK2XHUE,CA-WA-00000115,2024-01-01,972385.94,1837476.99,52.92,118760.18,2020-02-16,INFORMAL
RF-UI1SXU10U7WK,CA-WA-00000115,2024-04-01,956123.81,1837476.99,52.03,115077.88,2021-04-04,INFORMAL
RF-81WEPL6MHC3L,CA-WA-00000115,2024-07-01,994257.81,1837476.99,54.11,114343.23,2022-09-01,STANDARD
RF-FPTXGZ5CU90L,CA-WA-00000115,2024-10-01,1006634.63,1837476.99,54.78,91466.98,2022-08-23,STANDARD
RF-YJ07YI95CDVG,CA-WA-00000115,2025-01-01,988257.54,1837476.99,53.78,125932.5,2022-04-29,STANDARD
RF-A89N7CF6BCS6,CA-WA-00000115,2025-04-01,990382.43,1837476.99,53.9,90634.28,2024-09-09,STANDARD
RF-0QPC963HV9IM,CA-NC-00000116,2024-01-01,553353.63,1956298.72,28.29,117291.3,2020-04-06,STANDARD
RF-Y5PCY8SB49D4,CA-NC-00000116,2024-04-01,633262.88,1956298.72,32.37,72164.68,2023-04-07,STANDARD
RF-JN7QHNREWP8W,CA-NC-00000116,2024-07-01,573869.26,1956298.72,29.33,122071.41,2022-07-17,STANDARD
RF-GSC3HN7ID0E7,CA-NC-00000116,2024-10-01,570108.67,1956298.72,29.14,150129.81,2022-04-16,STANDARD
RF-98KKNH0SU8PB,CA-NC-00000116,2025-01-01,610575.51,1956298.72,31.21,127110.25,2023-11-05,INFORMAL
RF-T75NOZVHNXET,CA-NC-00000116,2025-04-01,582053.72,1956298.72,29.75,125648.7,2022-11-13,INFORMAL
RF-5K9RQ4D37T0G,CA-CO-00000117,2024-01-01,175971.57,364948.78,48.22,24294.98,2021-06-17,STANDARD
RF-2NO7SOPKNP9Q,CA-CO-00000117,2024-04-01,159502.24,364948.78,43.71,17111.91,2020-10-13,INFORMAL
RF-LRWNC9W5MFAA,CA-CO-00000117,2024-07-01,167009.37,364948.78,45.76,28035.26,2022-09-03,INFORMAL
RF-7YH8G2SCHL14,CA-CO-00000117,2024-10-01,161147.41,364948.78,44.16,26129.6,2022-05-30,STANDARD
RF-O1VO3R0FHYM9,CA-CO-00000117,2025-01-01,161210.8,364948.78,44.17,21913.56,2024-01-21,INFORMAL
RF-PNLL5JOCSSHV,CA-CO-00000117,2025-04-01,167012.81,364948.78,45.76,14369.63,,INFORMAL
RF-ELS04AMRPO88,CA-GA-00000118,2024-01-01,2720903.09,3538167.7,76.9,110093.57,2021-09-21,STANDARD
RF-VL1CCR25JP3G,CA-GA-00000118,2024-04-01,2763407.69,3538167.7,78.1,266881.21,2021-10-26,STANDARD
RF-20NJNR3NU9EH,CA-GA-00000118,2024-07-01,2701270.74,3538167.7,76.35,190036.6,2021-04-15,INFORMAL
RF-FGJIX7FAL2MK,CA-GA-00000118,2024-10-01,672605.68,3538167.7,19.01,235333.52,2023-06-23,STANDARD
RF-XF2UCV57Y00W,CA-GA-00000118,2025-01-01,673313.31,3538167.7,19.03,128807.89,,INFORMAL
RF-KDX7WYJUKF6D,CA-GA-00000118,2025-04-01,664467.89,3538167.7,18.78,267606.18,2024-04-28,STANDARD
RF-4WB1GHKLMDB9,CA-TX-00000119,2024-01-01,1339399.4,4212630.75,31.79,187371.41,2022-08-21,INFORMAL
RF-L5VGRMBLHHSV,CA-TX-00000119,2024-04-01,1348790.7,4212630.75,32.02,288659.0,2020-06-08,INFORMAL
RF-8OF1H2VK4YIU,CA-TX-00000119,2024-07-01,1298940.98,4212630.75,30.83,306433.36,2020-08-21,INFORMAL
RF-HTKMBQGIETSD,CA-TX-00000119,2024-10-01,1289518.59,4212630.75,30.61,278488.4,2023-01-04,STANDARD
RF-O5EIWEZ2DF6B,CA-TX-00000119,2025-01-01,1275300.78,4212630.75,30.27,233821.61,2023-09-18,STANDARD
RF-CWHVBCPUUIPC,CA-TX-00000119,2025-04-01,1231788.7,4212630.75,29.24,216234.96,2023-04-10,STANDARD
RF-WMXOZEDMWJ6I,CA-CA-00000120,2024-01-01,1042333.19,1661025.53,62.75,58561.46,2021-06-22,STANDARD
RF-6DI61CI7WQG3,CA-CA-00000120,2024-04-01,1060181.78,1661025.53,63.83,69880.36,2021-01-11,STANDARD
RF-VR89D1RXTJZO,CA-CA-00000120,2024-07-01,1053589.06,1661025.53,63.43,75522.73,2021-10-13,INFORMAL
RF-13JPICCHAKUC,CA-CA-00000120,2024-10-01,1106477.03,1661025.53,66.61,66273.39,2023-09-28,STANDARD
RF-KH8T26MF9K4K,CA-CA-00000120,2025-01-01,1085306.33,1661025.53,65.34,113265.72,2021-07-10,INFORMAL
RF-V6F2H1U1HICJ,CA-CA-00000120,2025-04-01,1098027.36,1661025.53,66.11,113026.85,,INFORMAL
RF-A48ZR2GKDUDR,CA-NC-00000121,2024-01-01,3235001.09,4058219.62,79.71,300210.47,2020-04-26,INFORMAL
RF-IY0ASBHT1FUR,CA-NC-00000121,2024-04-01,3190820.12,4058219.62,78.63,212927.22,2022-07-31,STANDARD
RF-D6NRJWIZ0CVN,CA-NC-00000121,2024-07-01,3117091.19,4058219.62,76.81,287957.93,2023-07-17,STANDARD
RF-4NWKCBFLVA88,CA-NC-00000121,2024-10-01,3236596.82,4058219.62,79.75,234854.05,,INFORMAL
RF-Q553AL9CS4YH,CA-NC-00000121,2025-01-01,3188849.14,4058219.62,78.58,320863.56,2022-08-22,INFORMAL
RF-HIEHPRN39WHR,CA-NC-00000121,2025-04-01,3212553.62,4058219.62,79.16,310301.17,2023-10-07,INFORMAL
RF-L5POBYDFNWAW,CA-IL-00000122,2024-01-01,1524460.53,3150115.83,48.39,109603.37,2020-07-01,INFORMAL
RF-R8HKG4IQTR83,CA-IL-00000122,2024-04-01,1457504.27,3150115.83,46.27,228683.43,2021-12-16,INFORMAL
RF-PS2WMWP89ZQY,CA-IL-00000122,2024-07-01,1461641.7,3150115.83,46.4,120883.9,2021-06-16,STANDARD
RF-M6YKDH6ER0FF,CA-IL-00000122,2024-10-01,1518031.07,3150115.83,48.19,153327.45,2021-08-20,INFORMAL
RF-HEU10WH9VWF2,CA-IL-00000122,2025-01-01,1439524.12,3150115.83,45.7,249992.71,2023-11-30,STANDARD
RF-9K48Z46FFCLV,CA-IL-00000122,2025-04-01,1541631.81,3150115.83,48.94,206254.48,,STANDARD
RF-L3SE4D293XKH,CA-NY-00000123,2024-01-01,3057871.65,4124179.4,74.14,279049.92,2020-02-25,STANDARD
RF-AF0C37N87SX8,CA-NY-00000123,2024-04-01,3229897.63,4124179.4,78.32,258417.35,2021-02-28,INFORMAL
RF-WVH7ZA4G065W,CA-NY-00000123,2024-07-01,3223370.09,4124179.4,78.16,144433.72,2022-08-21,INFORMAL
RF-CPHSF4U0O85V,CA-NY-00000123,2024-10-01,3296074.9,4124179.4,79.92,274840.29,2023-07-31,STANDARD
RF-2HNV9AVG5LT0,CA-NY-00000123,2025-01-01,3274428.85,4124179.4,79.4,224684.88,2024-05-16,STANDARD
RF-JGFABXUI6195,CA-NY-00000123,2025-04-01,3240715.5,4124179.4,78.58,327230.47,2024-02-22,STANDARD
RF-YG07YVBU0IO1,CA-VA-00000124,2024-01-01,1431237.65,2602492.25,54.99,204998.16,2021-03-27,INFORMAL
RF-CJ8Z5Q4DEVRH,CA-VA-00000124,2024-04-01,1416605.25,2602492.25,54.43,177049.52,2020-04-27,STANDARD
RF-6AA52JVDJ1OU,CA-VA-00000124,2024-07-01,1437555.2,2602492.25,55.24,185649.79,2021-12-05,STANDARD
RF-N90P8L6NQOMK,CA-VA-00000124,2024-10-01,1493603.84,2602492.25,57.39,157479.5,2022-04-26,STANDARD
RF-6UU0SVLN0KZ7,CA-VA-00000124,2025-01-01,1546225.95,2602492.25,59.41,198509.32,2024-03-01,STANDARD
RF-S876HM11NLBS,CA-VA-00000124,2025-04-01,1506854.16,2602492.25,57.9,138409.41,,INFORMAL
RF-QLD12OJ2UCBC,CA-TX-00000125,2024-01-01,2166979.01,3847871.27,56.32,282696.0,2020-02-12,INFORMAL
RF-XX49E0M57UF2,CA-TX-00000125,2024-04-01,2225776.14,3847871.27,57.84,221312.03,2021-02-18,INFORMAL
RF-1O8C9IBRS390,CA-TX-00000125,2024-07-01,2136904.88,3847871.27,55.53,126395.15,2022-06-02,INFORMAL
RF-MYCIXY6T205K,CA-TX-00000125,2024-10-01,2179756.64,3847871.27,56.65,158895.8,2020-10-30,STANDARD
RF-W67L52E1MKID,CA-TX-00000125,2025-01-01,2203731.11,3847871.27,57.27,245902.23,2024-04-07,STANDARD
RF-RIEGN5G90I9X,CA-TX-00000125,2025-04-01,2172972.01,3847871.27,56.47,284354.96,2022-08-27,INFORMAL
RF-7HSAP6OL53RE,CA-IL-00000126,2024-01-01,293836.73,1335328.88,22.0,69085.76,2022-04-19,INFORMAL
RF-S2CAVAFEU7QO,CA-IL-00000126,2024-04-01,289973.91,1335328.88,21.72,74047.98,2021-08-04,INFORMAL
RF-JZ3S278JQOYQ,CA-IL-00000126,2024-07-01,249105.67,1335328.88,18.66,57659.56,2022-10-07,STANDARD
RF-GO8IITJQ37D0,CA-IL-00000126,2024-10-01,243431.2,1335328.88,18.23,92932.0,2021-07-10,INFORMAL
RF-N5T33B1NRGDB,CA-IL-00000126,2025-01-01,251974.1,1335328.88,18.87,93617.28,2022-10-05,INFORMAL
RF-Y2SM4GDNRJZ1,CA-IL-00000126,2025-04-01,215348.4,1335328.88,16.13,95149.14,2023-09-19,INFORMAL
RF-D0UAJMOIL407,CA-FL-00000127,2024-01-01,1790920.46,1987171.27,90.12,125677.66,2023-05-22,STANDARD
RF-8E4XGYB10IXT,CA-FL-00000127,2024-04-01,1817478.63,1987171.27,91.46,105380.67,2022-12-30,STANDARD
RF-GOFYX2LEC2QH,CA-FL-00000127,2024-07-01,1846528.28,1987171.27,92.92,140367.95,2021-11-10,STANDARD
RF-O6XL29DAXBZU,CA-FL-00000127,2024-10-01,1784400.66,1987171.27,89.8,147870.15,2022-12-25,STANDARD
RF-N4SXZ50D15NE,CA-FL-00000127,2025-01-01,1782141.95,1987171.27,89.68,67544.09,2022-07-18,INFORMAL
RF-VDEGDEKW07OT,CA-FL-00000127,2025-04-01,1797099.96,1987171.27,90.44,123515.36,2023-07-02,STANDARD
RF-4RG2073TMPQ9,CA-IL-00000128,2024-01-01,568137.62,1055562.27,53.82,33973.18,2020-03-13,STANDARD
RF-VI60NMWSDL6H,CA-IL-00000128,2024-04-01,614213.83,1055562.27,58.19,65012.63,2023-04-20,INFORMAL
RF-C1RK1B193DVN,CA-IL-00000128,2024-07-01,561608.08,1055562.27,53.2,56174.76,2021-04-11,INFORMAL
RF-ICRKVK47DYI5,CA-IL-00000128,2024-10-01,570297.45,1055562.27,54.03,82377.11,2024-02-10,STANDARD
RF-I1FMSUAZH9W5,CA-IL-00000128,2025-01-01,588625.58,1055562.27,55.76,83800.54,2022-10-02,STANDARD
RF-TAPLFVR8JCKY,CA-IL-00000128,2025-04-01,592805.34,1055562.27,56.16,53273.69,2023-04-26,INFORMAL
RF-VF1PBQPPTI5S,CA-NV-00000129,2024-01-01,2163243.99,2240528.97,96.55,140106.14,2020-10-22,INFORMAL
RF-9G8TIOU51L08,CA-NV-00000129,2024-04-01,2166012.04,2240528.97,96.67,116224.79,2021-02-26,STANDARD
RF-ILLX1635GF20,CA-NV-00000129,2024-07-01,2160471.14,2240528.97,96.43,137494.64,2023-04-06,INFORMAL
RF-VJY1WHCDAV4S,CA-NV-00000129,2024-10-01,2175678.75,2240528.97,97.11,131677.68,2024-02-13,INFORMAL
RF-MEICUC3F5T7E,CA-NV-00000129,2025-01-01,2139957.55,2240528.97,95.51,84187.78,2021-05-17,INFORMAL
RF-VRN90JTXOI4D,CA-NV-00000129,2025-04-01,2139945.9,2240528.97,95.51,171948.72,2021-10-29,STANDARD
RF-3U4TRY8GWBM2,CA-NV-00000130,2024-01-01,834272.19,1196874.56,69.7,95380.36,,STANDARD
RF-M9R00YZDYDYX,CA-NV-00000130,2024-04-01,833978.18,1196874.56,69.68,51702.75,2023-03-02,INFORMAL
RF-G4XYJ2M72PPC,CA-NV-00000130,2024-07-01,859404.86,1196874.56,71.8,91522.49,2022-12-15,INFORMAL
RF-9OMKA4CJZ7D3,CA-NV-00000130,2024-10-01,868840.74,1196874.56,72.59,70621.66,2022-07-08,STANDARD
RF-MN4VKYK5QGG7,CA-NV-00000130,2025-01-01,858064.71,1196874.56,71.69,41498.51,2021-03-31,INFORMAL
RF-E84T62ADN66W,CA-NV-00000130,2025-04-01,887791.3,1196874.56,74.18,37841.22,2022-06-15,STANDARD
RF-HUMIMOGJTG50,CA-FL-00000131,2024-01-01,544154.95,2133167.91,25.51,116457.11,2022-10-02,SIRS
RF-AS1O4JG6EO27,CA-FL-00000131,2024-04-01,521015.54,2133167.91,24.42,152180.53,2021-02-21,SIRS
RF-IUJAFB8DYYVR,CA-FL-00000131,2024-07-01,477828.03,2133167.91,22.4,65673.12,2021-05-11,SIRS
RF-FONBTCF7EAVB,CA-FL-00000131,2024-10-01,528507.49,2133167.91,24.78,105034.93,2022-10-30,SIRS
RF-XD0THFKML8KX,CA-FL-00000131,2025-01-01,520857.94,2133167.91,24.42,83397.28,2024-04-21,SIRS
RF-J9L46MK15KR2,CA-FL-00000131,2025-04-01,566780.69,2133167.91,26.57,135155.44,2023-11-20,SIRS
RF-GXAYEFA70JK1,CA-VA-00000132,2024-01-01,3150965.83,4144183.14,76.03,309304.6,2020-09-02,INFORMAL
RF-2UPHZEE9X65R,CA-VA-00000132,2024-04-01,3346464.32,4144183.14,80.75,175032.54,,INFORMAL
RF-J04SZXG67AS8,CA-VA-00000132,2024-07-01,3323688.37,4144183.14,80.2,290458.68,2020-10-16,INFORMAL
RF-LOJ01EGQKMEN,CA-VA-00000132,2024-10-01,3300547.09,4144183.14,79.64,190009.84,2020-11-06,INFORMAL
RF-WYC4HND6XGO3,CA-VA-00000132,2025-01-01,3266860.15,4144183.14,78.83,254142.44,2023-11-28,STANDARD
RF-JR4L1L2BDEER,CA-VA-00000132,2025-04-01,3237874.38,4144183.14,78.13,231038.25,2024-02-24,INFORMAL
RF-M1SB42OC9YI4,CA-IL-00000133,2024-01-01,2361151.09,3515362.73,67.17,267425.53,2021-12-11,INFORMAL
RF-A8I55IO0ULQ9,CA-IL-00000133,2024-04-01,2417177.41,3515362.73,68.76,255446.19,2023-01-30,STANDARD
RF-YN1D5BP70AZU,CA-IL-00000133,2024-07-01,2413239.71,3515362.73,68.65,262907.4,2022-12-31,INFORMAL
RF-59O8PCRMQHUM,CA-IL-00000133,2024-10-01,2320148.0,3515362.73,66.0,272979.77,2023-08-18,STANDARD
RF-ETRL2RZXJUAB,CA-IL-00000133,2025-01-01,2300948.77,3515362.73,65.45,243403.61,2021-08-14,STANDARD
RF-1SGFQVF3NQ9X,CA-IL-00000133,2025-04-01,2381477.14,3515362.73,67.74,257676.01,2023-04-08,INFORMAL
RF-AP4WJIVCI4OC,CA-GA-00000134,2024-01-01,514765.24,2743442.39,18.76,113593.35,2023-01-27,INFORMAL
RF-UBFRZUOI2340,CA-GA-00000134,2024-04-01,487161.95,2743442.39,17.76,95111.74,2022-07-07,STANDARD
RF-3L9UWOK06IX7,CA-GA-00000134,2024-07-01,465827.54,2743442.39,16.98,176062.74,2021-09-10,INFORMAL
RF-C48W1J7PO8Q5,CA-GA-00000134,2024-10-01,411150.74,2743442.39,14.99,193525.3,2023-08-06,INFORMAL
RF-T6AD1HKRMXSH,CA-GA-00000134,2025-01-01,489680.54,2743442.39,17.85,130475.34,2022-03-19,STANDARD
RF-OM7IT7JRIZT5,CA-GA-00000134,2025-04-01,438393.21,2743442.39,15.98,158746.26,2024-03-02,INFORMAL
RF-FM0MIBICE4AE,CA-IL-00000135,2024-01-01,109550.3,3287555.67,3.33,259186.51,2020-07-03,INFORMAL
RF-JLBIG0XVOEWM,CA-IL-00000135,2024-04-01,213671.16,3287555.67,6.5,177969.07,2021-04-11,STANDARD
RF-I40P9L3QQZ7T,CA-IL-00000135,2024-07-01,266260.54,3287555.67,8.1,182101.33,2022-09-19,INFORMAL
RF-N2Y4U3TOHK4A,CA-IL-00000135,2024-10-01,224624.02,3287555.67,6.83,258499.32,2023-12-31,INFORMAL
RF-SG9KS91SGB1T,CA-IL-00000135,2025-01-01,83997.74,3287555.67,2.56,165195.84,2022-08-05,INFORMAL
RF-M5WBU6Z3NYEC,CA-IL-00000135,2025-04-01,40678.48,3287555.67,1.24,149652.71,2021-05-08,INFORMAL
RF-UKIH3Z6K0IAY,CA-FL-00000136,2024-01-01,1066009.15,1438071.01,74.13,60014.54,2022-11-19,STANDARD
RF-GZC1BFJ4ZRYF,CA-FL-00000136,2024-04-01,1099807.64,1438071.01,76.48,45784.59,2020-10-21,INFORMAL
RF-ZU7HQ9260YTX,CA-FL-00000136,2024-07-01,1115575.12,1438071.01,77.57,114478.28,2020-08-16,INFORMAL
RF-87MGQ3NY5RCW,CA-FL-00000136,2024-10-01,1131268.5,1438071.01,78.67,112592.99,2022-08-05,INFORMAL
RF-2513LLAQ7YG2,CA-FL-00000136,2025-01-01,1108394.09,1438071.01,77.08,97282.06,2022-12-17,STANDARD
RF-07CHY84QTXCS,CA-FL-00000136,2025-04-01,1111913.35,1438071.01,77.32,56509.44,2023-01-22,INFORMAL
RF-A4RADS5QPB5L,CA-CA-00000137,2024-01-01,256759.59,2939158.79,8.74,114875.85,2022-03-11,INFORMAL
RF-DI15OOEVZHS6,CA-CA-00000137,2024-04-01,250898.97,2939158.79,8.54,90637.01,2022-06-21,STANDARD
RF-BSW2A531CH54,CA-CA-00000137,2024-07-01,244749.27,2939158.79,8.33,200470.18,2021-02-07,STANDARD
RF-LNUQBXFB3C4X,CA-CA-00000137,2024-10-01,236499.89,2939158.79,8.05,156934.95,2021-01-30,STANDARD
RF-JVKDXMVNJMFX,CA-CA-00000137,2025-01-01,128481.53,2939158.79,4.37,210126.05,2023-06-07,STANDARD
RF-R5J8LAJMOYDI,CA-CA-00000137,2025-04-01,197369.57,2939158.79,6.72,148421.11,2022-09-02,STANDARD
RF-86W88NYRTXK2,CA-FL-00000138,2024-01-01,1053947.79,1579788.99,66.71,116956.14,2023-02-28,INFORMAL
RF-TTEPATX4TVGQ,CA-FL-00000138,2024-04-01,1043066.73,1579788.99,66.03,79258.49,2022-04-25,INFORMAL
RF-R4T0W2L09N4G,CA-FL-00000138,2024-07-01,1009645.61,1579788.99,63.91,87641.94,2021-10-25,INFORMAL
RF-G1ORK3LCLIH6,CA-FL-00000138,2024-10-01,1094360.67,1579788.99,69.27,123306.01,,INFORMAL
RF-YICPT3S58IL2,CA-FL-00000138,2025-01-01,1097191.62,1579788.99,69.45,79263.71,2024-01-31,STANDARD
RF-G14N2US023A0,CA-FL-00000138,2025-04-01,1079383.33,1579788.99,68.32,106396.8,2023-02-08,INFORMAL
RF-YAJVPI0MZS7D,CA-OH-00000139,2024-01-01,454801.5,635394.66,71.58,28870.27,2021-03-02,INFORMAL
RF-ABEOIS0JI61A,CA-OH-00000139,2024-04-01,437533.21,635394.66,68.86,44344.38,2021-03-18,INFORMAL
RF-Z0GOBRP7BQD0,CA-OH-00000139,2024-07-01,449924.93,635394.66,70.81,25654.74,2023-10-18,INFORMAL
RF-BEUGCDM7RA4B,CA-OH-00000139,2024-10-01,465078.94,635394.66,73.2,28991.73,2024-03-22,INFORMAL
RF-NHYBD21WWEFD,CA-OH-00000139,2025-01-01,448095.91,635394.66,70.52,35527.74,2023-11-08,STANDARD
RF-VJJMQ9HYK69H,CA-OH-00000139,2025-04-01,465389.9,635394.66,73.24,23689.88,2021-09-07,INFORMAL
RF-7MTV5S9MU1HT,CA-MA-00000140,2024-01-01,2469403.19,4537620.53,54.42,343209.85,2022-02-10,STANDARD
RF-IBWIF3NC8D6U,CA-MA-00000140,2024-04-01,2453380.53,4537620.53,54.07,198370.7,2021-07-31,INFORMAL
RF-VOB7T09J0N6L,CA-MA-00000140,2024-07-01,2364024.09,4537620.53,52.1,223252.89,2022-11-24,INFORMAL
RF-8563RJPAWUSJ,CA-MA-00000140,2024-10-01,2571384.58,4537620.53,56.67,326688.02,2022-11-29,STANDARD
RF-W952DT13VHXZ,CA-MA-00000140,2025-01-01,2460258.42,4537620.53,54.22,208667.42,2023-02-07,STANDARD
RF-XY51V6IBHUA9,CA-MA-00000140,2025-04-01,2473259.1,4537620.53,54.51,307846.1,2021-05-06,STANDARD
RF-4UCHEH7EYG8P,CA-WA-00000141,2024-01-01,2648142.16,3572305.13,74.13,203030.09,2022-04-22,INFORMAL
RF-55WCAZDI2NTC,CA-WA-00000141,2024-04-01,2546449.75,3572305.13,71.28,204176.88,2023-01-22,INFORMAL
RF-UJY5CUY5O3J7,CA-WA-00000141,2024-07-01,2618476.45,3572305.13,73.3,190493.08,2022-02-21,STANDARD
RF-ENJ8QMF0WI6L,CA-WA-00000141,2024-10-01,2652438.53,3572305.13,74.25,188797.02,2024-03-27,INFORMAL
RF-GZMUJP6VRD74,CA-WA-00000141,2025-01-01,2680889.57,3572305.13,75.05,198180.66,2021-04-04,STANDARD
RF-TUO286I45WRN,CA-WA-00000141,2025-04-01,2667493.56,3572305.13,74.67,180637.88,2022-07-02,STANDARD
RF-ESXY0QK153T8,CA-IL-00000142,2024-01-01,734051.66,1140641.54,64.35,75255.0,,INFORMAL
RF-E59JYOKT957T,CA-IL-00000142,2024-04-01,754247.87,1140641.54,66.12,70311.72,2020-08-14,INFORMAL
RF-XEYGQ1NSD2LF,CA-IL-00000142,2024-07-01,738992.65,1140641.54,64.79,45524.15,2020-12-14,STANDARD
RF-1XG99CDI54P1,CA-IL-00000142,2024-10-01,711915.91,1140641.54,62.41,68020.88,2021-10-12,STANDARD
RF-VDI6Q939QR7P,CA-IL-00000142,2025-01-01,773931.05,1140641.54,67.85,79668.13,2021-04-19,INFORMAL
RF-UQYNWIXAUVTC,CA-IL-00000142,2025-04-01,786490.23,1140641.54,68.95,38560.79,2023-01-03,INFORMAL
RF-XWWUIRI3IC0V,CA-TX-00000143,2024-01-01,1990949.64,4961223.49,40.13,201101.5,2022-07-07,INFORMAL
RF-T9PPL9CR9XRX,CA-TX-00000143,2024-04-01,2132013.47,4961223.49,42.97,211231.53,2021-11-15,STANDARD
RF-AGZXC4KC59BI,CA-TX-00000143,2024-07-01,2258897.35,4961223.49,45.53,297753.9,2022-01-12,STANDARD
RF-8G897X1TGZ4I,CA-TX-00000143,2024-10-01,2127174.25,4961223.49,42.88,325938.77,2021-08-20,INFORMAL
RF-838SJ75TZPJA,CA-TX-00000143,2025-01-01,2091294.93,4961223.49,42.15,356226.16,2022-01-11,STANDARD
RF-U29SQIYBL768,CA-TX-00000143,2025-04-01,2151705.75,4961223.49,43.37,187727.48,,STANDARD
RF-NA6K5RT1BHN1,CA-FL-00000144,2024-01-01,1589721.89,1858681.01,85.53,68550.48,2023-05-25,STANDARD
RF-H87ABLLV0T2B,CA-FL-00000144,2024-04-01,1592884.59,1858681.01,85.7,129950.9,2023-02-18,INFORMAL
RF-68914FAX3VIA,CA-FL-00000144,2024-07-01,1609141.96,1858681.01,86.57,78418.34,2021-03-17,STANDARD
RF-ZPRV7XMEW99Y,CA-FL-00000144,2024-10-01,1603456.68,1858681.01,86.27,119062.5,2021-12-20,INFORMAL
RF-1B7VN6NDTGAB,CA-FL-00000144,2025-01-01,1640890.48,1858681.01,88.28,59128.45,2024-05-18,INFORMAL
RF-KX1NA9AMXDVV,CA-FL-00000144,2025-04-01,1690201.52,1858681.01,90.94,73029.43,2021-06-22,STANDARD
RF-QNMMTYMS66IP,CA-CA-00000145,2024-01-01,1143799.14,2660095.67,43.0,91259.8,2020-12-28,INFORMAL
RF-PPW1VXBQGRRB,CA-CA-00000145,2024-04-01,1134244.43,2660095.67,42.64,173534.28,2023-07-23,INFORMAL
RF-ZK6KUB7K7QM6,CA-CA-00000145,2024-07-01,1075534.27,2660095.67,40.43,80253.87,2022-05-03,INFORMAL
RF-X8BN132FU0Y2,CA-CA-00000145,2024-10-01,1165164.89,2660095.67,43.8,176821.67,2021-04-24,INFORMAL
RF-4XMIGHTK3WNZ,CA-CA-00000145,2025-01-01,1118841.44,2660095.67,42.06,139584.4,2021-01-10,INFORMAL
RF-9G4HBDDPG3KW,CA-CA-00000145,2025-04-01,1106765.56,2660095.67,41.61,100657.27,2022-10-08,STANDARD
RF-Y56ETL4RLTY1,CA-TX-00000146,2024-01-01,2217893.07,2207998.38,100.45,155491.13,2022-09-24,STANDARD
RF-4DP8U3AKHO4F,CA-TX-00000146,2024-04-01,2191931.07,2207998.38,99.27,79378.64,2022-11-27,INFORMAL
RF-M9XY9UNO2EOY,CA-TX-00000146,2024-07-01,2211541.41,2207998.38,100.16,155393.61,2021-05-11,STANDARD
RF-KJ7NXGPDOHSI,CA-TX-00000146,2024-10-01,2272530.85,2207998.38,102.92,119847.6,2023-06-11,STANDARD
RF-ILNNNU45MWW2,CA-TX-00000146,2025-01-01,2247077.87,2207998.38,101.77,158928.9,2022-06-28,INFORMAL
RF-MF0SF0L3DTZ9,CA-TX-00000146,2025-04-01,2204522.62,2207998.38,99.84,147560.26,2023-08-28,STANDARD
RF-EI8U9XLTGWYN,CA-TX-00000147,2024-01-01,1515640.11,3060135.39,49.53,183937.79,2022-10-14,STANDARD
RF-760W13Z0DCAX,CA-TX-00000147,2024-04-01,1623117.04,3060135.39,53.04,213781.75,2020-11-09,INFORMAL
RF-JCNC9DZI0YZ7,CA-TX-00000147,2024-07-01,1577524.87,3060135.39,51.55,222905.59,2021-06-27,STANDARD
RF-N4HMC11YVNNX,CA-TX-00000147,2024-10-01,1498235.08,3060135.39,48.96,232031.31,2024-04-01,STANDARD
RF-SMT84PM8V7SW,CA-TX-00000147,2025-01-01,1568388.91,3060135.39,51.25,183354.53,2023-04-04,STANDARD
RF-YB6QLD1ABTBR,CA-TX-00000147,2025-04-01,1503521.95,3060135.39,49.13,178594.68,2021-09-09,INFORMAL
RF-602KBRQ0UV1H,CA-AZ-00000148,2024-01-01,300445.99,371102.48,80.96,29316.99,2022-10-17,INFORMAL
RF-A4X8OHQHRMIU,CA-AZ-00000148,2024-04-01,294520.84,371102.48,79.36,13209.0,2023-01-18,INFORMAL
RF-GQCE7X9PONCM,CA-AZ-00000148,2024-07-01,297134.18,371102.48,80.07,13035.73,2023-09-25,STANDARD
RF-OYPR3VV0KX66,CA-AZ-00000148,2024-10-01,307934.25,371102.48,82.98,14114.18,2023-06-30,STANDARD
RF-DJZJNS109WU0,CA-AZ-00000148,2025-01-01,301821.81,371102.48,81.33,15421.97,2022-01-07,INFORMAL
RF-N8KGRT9I3R46,CA-AZ-00000148,2025-04-01,302922.83,371102.48,81.63,11657.09,2023-12-09,INFORMAL
RF-N1OS4J7E0ODW,CA-IL-00000149,2024-01-01,203949.5,711271.6,28.67,32982.0,,INFORMAL
RF-61FV26N338CR,CA-IL-00000149,2024-04-01,219301.51,711271.6,30.83,35604.67,2022-05-27,INFORMAL
RF-3T3P1QCY5H26,CA-IL-00000149,2024-07-01,183772.88,711271.6,25.84,49823.29,2021-12-04,INFORMAL
RF-50JF0TV0GL4R,CA-IL-00000149,2024-10-01,193287.05,711271.6,27.17,22284.34,2021-05-02,INFORMAL
RF-6AMYL24TMGJD,CA-IL-00000149,2025-01-01,205961.92,711271.6,28.96,38545.1,2022-09-25,INFORMAL
RF-94OO8PP2V87G,CA-IL-00000149,2025-04-01,187911.32,711271.6,26.42,42100.7,,INFORMAL
RF-JGXUMDUEYDRG,CA-GA-00000150,2024-01-01,1181182.14,1599761.9,73.83,71209.15,2021-02-26,INFORMAL
RF-RZ1DOL0EZ8V3,CA-GA-00000150,2024-04-01,1223352.68,1599761.9,76.47,98435.25,2023-06-07,STANDARD
RF-L1SXMI6LA220,CA-GA-00000150,2024-07-01,1214983.09,1599761.9,75.95,83103.75,2022-04-14,STANDARD
RF-WFHQLT7ODP71,CA-GA-00000150,2024-10-01,1249526.93,1599761.9,78.11,58803.07,,INFORMAL
RF-HFOIXJQA63JM,CA-GA-00000150,2025-01-01,1260765.0,1599761.9,78.81,125412.43,,INFORMAL
RF-JD48XGJDGRD2,CA-GA-00000150,2025-04-01,1300811.31,1599761.9,81.31,106299.91,,INFORMAL
RF-9LX009X5JHK4,CA-CA-00000151,2024-01-01,1809275.14,2336227.86,77.44,90648.02,2022-05-05,STANDARD
RF-8BJ0OQAJ57YC,CA-CA-00000151,2024-04-01,1814014.92,2336227.86,77.65,90174.84,2022-02-14,STANDARD
RF-RM0KRMU2M1C6,CA-CA-00000151,2024-07-01,1804171.79,2336227.86,77.23,150956.23,,INFORMAL
RF-VXXF37S2HK5Q,CA-CA-00000151,2024-10-01,1837754.49,2336227.86,78.66,110737.61,2022-11-12,STANDARD
RF-JQ0P1IBWJ6FT,CA-CA-00000151,2025-01-01,1824885.89,2336227.86,78.11,131138.44,2022-09-20,INFORMAL
RF-G7IWVJ5JS76S,CA-CA-00000151,2025-04-01,1850486.13,2336227.86,79.21,173248.27,2022-03-22,INFORMAL
RF-3YJWO5UYRTNK,CA-FL-00000152,2024-01-01,1155877.86,1371126.05,84.3,81267.45,2021-07-07,SIRS
RF-PJOILILWZHLT,CA-FL-00000152,2024-04-01,1205507.57,1371126.05,87.92,103660.83,2023-05-22,SIRS
RF-QS7FTE0JHFMZ,CA-FL-00000152,2024-07-01,1214637.28,1371126.05,88.59,105278.43,2023-04-24,SIRS
RF-FDXKMXOOMIOR,CA-FL-00000152,2024-10-01,1190604.52,1371126.05,86.83,86796.76,2023-05-01,SIRS
RF-EU5ABTBCH52R,CA-FL-00000152,2025-01-01,1154877.37,1371126.05,84.23,88702.36,2023-02-15,SIRS
RF-TXE4LLREIOKH,CA-FL-00000152,2025-04-01,1191500.82,1371126.05,86.9,80523.03,,SIRS
RF-BW8IAAMTUFHL,CA-TX-00000153,2024-01-01,3535500.19,4133655.31,85.53,181667.89,2021-06-23,STANDARD
RF-17K89SHU1U00,CA-TX-00000153,2024-04-01,3491491.18,4133655.31,84.46,295646.05,2022-11-09,INFORMAL
RF-SS9LVRCHA7YJ,CA-TX-00000153,2024-07-01,3538688.88,4133655.31,85.61,258177.49,2022-03-07,INFORMAL
RF-LUQKVWEX7TDM,CA-TX-00000153,2024-10-01,3638644.49,4133655.31,88.02,330322.07,2022-09-19,STANDARD
RF-ZS1G7BN5X5KQ,CA-TX-00000153,2025-01-01,3636956.73,4133655.31,87.98,148410.96,2023-01-16,STANDARD
RF-8XQOXI2DUWS9,CA-TX-00000153,2025-04-01,3604776.29,4133655.31,87.21,156255.62,2024-01-25,INFORMAL
RF-842H188QNQN8,CA-TX-00000154,2024-01-01,2390460.6,3677039.41,65.01,293290.12,2022-06-24,STANDARD
RF-TZ11Z317IMQO,CA-TX-00000154,2024-04-01,2375900.33,3677039.41,64.61,121907.73,2021-04-03,STANDARD
RF-90EAR35S222K,CA-TX-00000154,2024-07-01,2530581.57,3677039.41,68.82,229484.4,2023-06-02,STANDARD
RF-4VEPXTGWFNGB,CA-TX-00000154,2024-10-01,2438414.95,3677039.41,66.31,248911.9,2022-11-12,STANDARD
RF-EYG0E4WZJWSB,CA-TX-00000154,2025-01-01,2538033.98,3677039.41,69.02,212150.74,2021-02-18,INFORMAL
RF-RRIZMVOPRO77,CA-TX-00000154,2025-04-01,2569518.12,3677039.41,69.88,254152.44,2023-03-28,STANDARD
RF-G67L7LP9JCXQ,CA-NV-00000155,2024-01-01,322124.34,633700.11,50.83,20955.69,2020-05-13,STANDARD
RF-WJWBZZ3T9GR9,CA-NV-00000155,2024-04-01,328163.67,633700.11,51.79,47155.08,2023-09-21,INFORMAL
RF-TND6ZN20EPEZ,CA-NV-00000155,2024-07-01,322194.92,633700.11,50.84,39447.18,2023-10-09,INFORMAL
RF-RVA22NSOVQHB,CA-NV-00000155,2024-10-01,311933.67,633700.11,49.22,40000.85,2023-04-05,INFORMAL
RF-J9TSZ8UDAH2I,CA-NV-00000155,2025-01-01,321705.91,633700.11,50.77,33838.44,2023-08-17,INFORMAL
RF-K6KB8T16SEIE,CA-NV-00000155,2025-04-01,305514.24,633700.11,48.21,38143.04,2024-08-13,INFORMAL
RF-LKOJNTLCOMGQ,CA-NV-00000156,2024-01-01,2066042.56,3894135.77,53.06,200967.16,2021-06-24,INFORMAL
RF-HNGA7FN3I9PU,CA-NV-00000156,2024-04-01,2093249.54,3894135.77,53.75,128795.11,2020-04-30,INFORMAL
RF-4P8JNOI8B6YT,CA-NV-00000156,2024-07-01,2086364.41,3894135.77,53.58,272220.18,2023-06-29,STANDARD
RF-2E0JMG8B2N1G,CA-NV-00000156,2024-10-01,2043011.42,3894135.77,52.46,197363.45,2023-02-03,INFORMAL
RF-CXVQ23PKHM22,CA-NV-00000156,2025-01-01,2080722.15,3894135.77,53.43,265007.78,2022-04-11,STANDARD
RF-L0C15W6MCNPX,CA-NV-00000156,2025-04-01,2007029.68,3894135.77,51.54,204804.05,2023-06-05,INFORMAL
RF-YUHQ50MY7X61,CA-IL-00000157,2024-01-01,1011402.51,4607460.57,21.95,360332.36,2022-02-05,STANDARD
RF-YEIIBMEYEVEL,CA-IL-00000157,2024-04-01,1062478.0,4607460.57,23.06,361798.37,2022-08-10,STANDARD
RF-Y1E8CSMLNN39,CA-IL-00000157,2024-07-01,1137064.68,4607460.57,24.68,361719.02,2022-05-26,INFORMAL
RF-SIEEUK6DIQYS,CA-IL-00000157,2024-10-01,883244.73,4607460.57,19.17,144204.66,2024-02-16,STANDARD
RF-NN2N28PDCIYP,CA-IL-00000157,2025-01-01,854857.22,4607460.57,18.55,317657.67,2022-11-11,INFORMAL
RF-1QCF7YYT0WF9,CA-IL-00000157,2025-04-01,886532.55,4607460.57,19.24,265436.11,,STANDARD
RF-QTWNBLNG0TH6,CA-TX-00000158,2024-01-01,3136570.37,4315534.38,72.68,265636.6,2020-02-20,STANDARD
RF-NTLLRC4WYHUE,CA-TX-00000158,2024-04-01,3162801.72,4315534.38,73.29,231373.95,2022-02-24,STANDARD
RF-NCI0A4WH1DAZ,CA-TX-00000158,2024-07-01,3189484.74,4315534.38,73.91,329158.65,2021-02-12,STANDARD
RF-AFXGBJGH1EZK,CA-TX-00000158,2024-10-01,3237493.66,4315534.38,75.02,161298.61,2022-03-08,STANDARD
RF-EX06BDN5CNB2,CA-TX-00000158,2025-01-01,3209450.38,4315534.38,74.37,227882.96,2022-09-27,STANDARD
RF-GM4G9CGI86Y9,CA-TX-00000158,2025-04-01,3184566.38,4315534.38,73.79,293099.05,2021-08-24,STANDARD
RF-J6ZEDAZDRPUV,CA-AZ-00000159,2024-01-01,2622389.88,3240690.76,80.92,182670.49,,INFORMAL
RF-F9GT5AZ0RKGO,CA-AZ-00000159,2024-04-01,2536551.33,3240690.76,78.27,252850.8,2020-07-24,INFORMAL
RF-XYH9V5T78IA1,CA-AZ-00000159,2024-07-01,2508589.24,3240690.76,77.41,207938.38,,STANDARD
RF-NFFPKBECW4M8,CA-AZ-00000159,2024-10-01,2622739.82,3240690.76,80.93,192276.77,2020-10-06,STANDARD
RF-86TEJ5GEGOV5,CA-AZ-00000159,2025-01-01,2576035.22,3240690.76,79.49,181667.97,2023-05-05,INFORMAL
RF-Y8BDKK6UWOOV,CA-AZ-00000159,2025-04-01,2489235.5,3240690.76,76.81,231962.14,2022-03-03,INFORMAL
RF-F53YCPLZ9M8D,CA-FL-00000160,2024-01-01,597049.05,1221807.03,48.87,43755.44,2023-03-01,STANDARD
RF-6J1P0TPYVK9U,CA-FL-00000160,2024-04-01,601535.43,1221807.03,49.23,68887.04,,INFORMAL
RF-463D7ZWCVJW2,CA-FL-00000160,2024-07-01,605613.46,1221807.03,49.57,51647.33,2020-08-08,STANDARD
RF-H3VMQ6XLFN7H,CA-FL-00000160,2024-10-01,599355.11,1221807.03,49.05,72177.03,,STANDARD
RF-NBRSJBJ8VFXF,CA-FL-00000160,2025-01-01,605200.58,1221807.03,49.53,77718.95,,INFORMAL
RF-9NIL1L5KRC4D,CA-FL-00000160,2025-04-01,580551.76,1221807.03,47.52,50002.76,2021-07-06,STANDARD
RF-R69QGH0KEO0K,CA-GA-00000161,2024-01-01,650726.33,3141249.33,20.72,148237.91,2022-06-12,INFORMAL
RF-0UMP7EH28U7E,CA-GA-00000161,2024-04-01,663213.92,3141249.33,21.11,130849.12,2021-10-10,INFORMAL
RF-9CL8ADME2Y3D,CA-GA-00000161,2024-07-01,622843.7,3141249.33,19.83,137452.24,2021-08-03,STANDARD
RF-VLNKQ8BMKYW8,CA-GA-00000161,2024-10-01,515217.92,3141249.33,16.4,222870.65,2021-05-05,INFORMAL
RF-BEYFO1TWU67H,CA-GA-00000161,2025-01-01,575910.98,3141249.33,18.33,162420.79,,STANDARD
RF-IMSEHMJ5N8NV,CA-GA-00000161,2025-04-01,464933.21,3141249.33,14.8,153045.83,2023-09-04,STANDARD
RF-S5ZXSCH3BA87,CA-PA-00000162,2024-01-01,1025751.13,2061909.76,49.75,139353.48,2022-11-16,INFORMAL
RF-JN65X45TUXLU,CA-PA-00000162,2024-04-01,1065058.23,2061909.76,51.65,102753.17,,INFORMAL
RF-J92S78YCUEV1,CA-PA-00000162,2024-07-01,995108.47,2061909.76,48.26,83681.55,2021-11-18,INFORMAL
RF-X8ZQ3Z877ZYH,CA-PA-00000162,2024-10-01,985030.34,2061909.76,47.77,75521.54,,INFORMAL
RF-2NSE94NDE3YA,CA-PA-00000162,2025-01-01,989047.89,2061909.76,47.97,142256.6,2023-10-12,STANDARD
RF-4R86ZZ256T12,CA-PA-00000162,2025-04-01,974085.84,2061909.76,47.24,94693.42,2023-02-18,INFORMAL
RF-UMAYLHAZB9TL,CA-FL-00000163,2024-01-01,987744.46,2116224.78,46.67,78397.04,2022-06-26,INFORMAL
RF-4UU53HDQ9KXE,CA-FL-00000163,2024-04-01,999255.51,2116224.78,47.22,147016.81,2021-01-18,STANDARD
RF-N5QQGNRKOAJX,CA-FL-00000163,2024-07-01,992458.6,2116224.78,46.9,68695.96,2023-01-26,STANDARD
RF-GGS2AZNNK4U2,CA-FL-00000163,2024-10-01,1050171.56,2116224.78,49.62,167432.22,2023-01-20,INFORMAL
RF-0WI3WH12COBF,CA-FL-00000163,2025-01-01,1067957.55,2116224.78,50.47,161771.15,,INFORMAL
RF-IFJNXASCPEER,CA-FL-00000163,2025-04-01,1003992.67,2116224.78,47.44,84871.33,2023-12-24,STANDARD
RF-Y8PMJ4HGMGL1,CA-NV-00000164,2024-01-01,1009817.11,2687169.08,37.58,81821.58,2023-06-23,STANDARD
RF-6WPONDPLDGW9,CA-NV-00000164,2024-04-01,1045764.43,2687169.08,38.92,208603.1,,STANDARD
RF-Z81QQOP2P8IA,CA-NV-00000164,2024-07-01,953491.15,2687169.08,35.48,159529.19,2021-08-03,STANDARD
RF-JVAZVU49E28J,CA-NV-00000164,2024-10-01,992417.03,2687169.08,36.93,119795.53,2024-03-30,STANDARD
RF-8EDUZJWS3GWQ,CA-NV-00000164,2025-01-01,1014055.27,2687169.08,37.74,160739.39,2022-10-01,STANDARD
RF-1N307J35YV2G,CA-NV-00000164,2025-04-01,986883.82,2687169.08,36.73,212004.99,,INFORMAL
RF-7SX1MQ5IRRFQ,CA-TX-00000165,2024-01-01,2644855.08,3584953.67,73.78,128150.8,2022-05-05,INFORMAL
RF-VLWAX1I0WBF6,CA-TX-00000165,2024-04-01,2459999.9,3584953.67,68.62,265173.09,2020-04-16,INFORMAL
RF-YK4JNY33B58C,CA-TX-00000165,2024-07-01,2656156.43,3584953.67,74.09,141417.19,2021-06-27,INFORMAL
RF-2XVMMM3GJG7I,CA-TX-00000165,2024-10-01,2598871.51,3584953.67,72.49,202522.3,,INFORMAL
RF-KEY8NC0RT0CQ,CA-TX-00000165,2025-01-01,2549942.77,3584953.67,71.13,276915.94,2022-10-15,INFORMAL
RF-7NMM18EDOUZD,CA-TX-00000165,2025-04-01,2690213.16,3584953.67,75.04,266883.13,2023-11-04,STANDARD
RF-5Q9Q4Y19X9XT,CA-CO-00000166,2024-01-01,420272.42,753477.09,55.78,42293.76,2021-04-04,STANDARD
RF-N8UZE48GCNUW,CA-CO-00000166,2024-04-01,430334.99,753477.09,57.11,32596.93,2023-09-06,INFORMAL
RF-QNIY39AE9Q2H,CA-CO-00000166,2024-07-01,435527.24,753477.09,57.8,60181.66,2023-09-19,INFORMAL
RF-2JA904461DQ6,CA-CO-00000166,2024-10-01,429905.95,753477.09,57.06,33755.05,,STANDARD
RF-I293AOLVISCG,CA-CO-00000166,2025-01-01,431319.29,753477.09,57.24,28220.47,2023-11-10,INFORMAL
RF-NN9CYSNMAPTK,CA-CO-00000166,2025-04-01,418911.36,753477.09,55.6,39027.38,2023-06-08,STANDARD
RF-H2XRQAJJX992,CA-FL-00000167,2024-01-01,456942.92,3006100.51,15.2,199285.19,2021-06-05,SIRS
RF-J4VWS9IXT6D8,CA-FL-00000167,2024-04-01,485015.54,3006100.51,16.13,113499.6,2021-08-03,SIRS
RF-23NF6YDVO0FK,CA-FL-00000167,2024-07-01,425020.5,3006100.51,14.14,91777.88,,SIRS
RF-YCXCBFRUSHBP,CA-FL-00000167,2024-10-01,527867.74,3006100.51,17.56,108772.89,2021-04-26,SIRS
RF-B5RZ0O6M3E9T,CA-FL-00000167,2025-01-01,388978.6,3006100.51,12.94,126996.55,,SIRS
RF-XC0MA1H3RPU2,CA-FL-00000167,2025-04-01,369397.94,3006100.51,12.29,93839.33,2021-11-14,SIRS
RF-SP65OF91S1D2,CA-IL-00000168,2024-01-01,2267728.92,4910286.71,46.18,195182.39,2022-08-08,STANDARD
RF-BTYM3TAVIU4T,CA-IL-00000168,2024-04-01,2374634.35,4910286.71,48.36,230706.38,2020-07-13,STANDARD
RF-TLGNMVCYR9EC,CA-IL-00000168,2024-07-01,2189194.88,4910286.71,44.58,270961.39,2022-07-26,STANDARD
RF-F0SYCLHTL0NL,CA-IL-00000168,2024-10-01,2234658.5,4910286.71,45.51,175152.56,2023-03-04,INFORMAL
RF-CG8554WRXXQL,CA-IL-00000168,2025-01-01,2150907.82,4910286.71,43.8,391351.26,2024-06-09,STANDARD
RF-MYAROG4KIEPF,CA-IL-00000168,2025-04-01,2093637.77,4910286.71,42.64,201455.43,2021-08-29,STANDARD
RF-BB1DMT3AZJBB,CA-MA-00000169,2024-01-01,3119619.83,4983162.27,62.6,200346.51,2020-10-18,INFORMAL
RF-HHRZ38YH2YHA,CA-MA-00000169,2024-04-01,3110231.64,4983162.27,62.41,161294.82,2020-12-11,INFORMAL
RF-V0ZJJBNLCH7T,CA-MA-00000169,2024-07-01,3110496.84,4983162.27,62.42,331775.27,2023-10-05,STANDARD
RF-VMS8LKV80NLT,CA-MA-00000169,2024-10-01,3077067.56,4983162.27,61.75,391037.37,2023-12-04,STANDARD
RF-2XXOSG3GRUBL,CA-MA-00000169,2025-01-01,3195906.9,4983162.27,64.13,169386.06,,INFORMAL
RF-FPS81FTWN1VR,CA-MA-00000169,2025-04-01,3109577.49,4983162.27,62.4,180098.57,2022-12-22,INFORMAL
RF-XJDHZJXNWJ6F,CA-AZ-00000170,2024-01-01,1032163.4,1302507.56,79.24,95740.01,2021-01-31,INFORMAL
RF-SK23C126GII1,CA-AZ-00000170,2024-04-01,1007285.68,1302507.56,77.33,85049.62,2022-01-23,STANDARD
RF-ROLPJTGB8MAX,CA-AZ-00000170,2024-07-01,1034931.58,1302507.56,79.46,73174.18,2022-12-23,STANDARD
RF-6DCLDPDCRAFK,CA-AZ-00000170,2024-10-01,1031487.48,1302507.56,79.19,93358.72,2022-03-05,STANDARD
RF-X0059TI1OSWH,CA-AZ-00000170,2025-01-01,1057628.76,1302507.56,81.2,92593.52,2023-12-02,STANDARD
RF-5U12J8WY58T5,CA-AZ-00000170,2025-04-01,1082792.08,1302507.56,83.13,80134.11,2022-01-05,STANDARD
RF-9D2VEHZ8QU7K,CA-IL-00000171,2024-01-01,1765579.22,3703716.87,47.67,288982.91,2021-03-16,STANDARD
RF-9IIE5YVY1JKM,CA-IL-00000171,2024-04-01,1765107.43,3703716.87,47.66,290854.02,2022-09-25,STANDARD
RF-4U21JEI1VJYQ,CA-IL-00000171,2024-07-01,1826115.4,3703716.87,49.3,236741.99,,STANDARD
RF-S4NJFLUATE27,CA-IL-00000171,2024-10-01,1815477.76,3703716.87,49.02,171397.77,2022-06-27,STANDARD
RF-FBY0CG5PJ5L9,CA-IL-00000171,2025-01-01,1776672.11,3703716.87,47.97,137082.15,2021-12-18,STANDARD
RF-SMYYAA68ESGZ,CA-IL-00000171,2025-04-01,1815537.92,3703716.87,49.02,283079.75,2024-05-10,STANDARD
RF-VD14ZTHX12UQ,CA-MA-00000172,2024-01-01,522375.99,4265754.98,12.25,251138.22,2021-04-20,STANDARD
RF-R9A5QIZC2NWE,CA-MA-00000172,2024-04-01,407966.59,4265754.98,9.56,190408.16,2023-10-04,STANDARD
RF-QN9SMKI5Z1R1,CA-MA-00000172,2024-07-01,481329.84,4265754.98,11.28,300527.72,2022-11-09,INFORMAL
RF-Q7CIVI00R5KH,CA-MA-00000172,2024-10-01,308874.87,4265754.98,7.24,158090.88,2022-09-22,STANDARD
RF-DQW4FDTOPQNG,CA-MA-00000172,2025-01-01,220504.68,4265754.98,5.17,132854.2,2023-08-29,STANDARD
RF-LZSFTVPUYXZQ,CA-MA-00000172,2025-04-01,122052.7,4265754.98,2.86,319136.67,2022-12-10,STANDARD
RF-VNNJ5WKH0P8R,CA-PA-00000173,2024-01-01,3850.66,1938136.0,0.2,123596.02,2022-02-07,INFORMAL
RF-1VO7C24HAUAE,CA-PA-00000173,2024-04-01,36351.15,1938136.0,1.88,77862.39,2021-03-10,INFORMAL
RF-3SA3R68F1523,CA-PA-00000173,2024-07-01,22055.41,1938136.0,1.14,75669.0,2021-12-06,STANDARD
RF-4ZFL5C3Q4HTF,CA-PA-00000173,2024-10-01,0.0,1938136.0,0.0,150069.55,2022-12-14,INFORMAL
RF-2DQHE6WP2KBT,CA-PA-00000173,2025-01-01,0.0,1938136.0,0.0,153380.44,2023-01-17,INFORMAL
RF-R2A2INIG7T1W,CA-PA-00000173,2025-04-01,0.0,1938136.0,0.0,146011.08,,INFORMAL
RF-7S8V2JEW8XUV,CA-TX-00000174,2024-01-01,337124.57,454469.21,74.18,15322.94,2020-04-04,STANDARD
RF-VF4IOKWDHJ9J,CA-TX-00000174,2024-04-01,334065.66,454469.21,73.51,33504.01,2023-05-29,STANDARD
RF-W03TUP9H47PU,CA-TX-00000174,2024-07-01,327939.17,454469.21,72.16,23142.11,2023-08-16,STANDARD
RF-O6ZHJX0FPGFX,CA-TX-00000174,2024-10-01,325512.33,454469.21,71.62,34227.3,2022-01-07,INFORMAL
RF-807ZH170NUKF,CA-TX-00000174,2025-01-01,318736.5,454469.21,70.13,21047.41,,INFORMAL
RF-2K3O2DO09STE,CA-TX-00000174,2025-04-01,330320.88,454469.21,72.68,30684.36,2023-09-08,STANDARD
RF-QHJAGQI3D0GJ,CA-IL-00000175,2024-01-01,2006893.2,3041407.73,65.99,127233.0,2022-03-10,STANDARD
RF-19IA0F4VAICQ,CA-IL-00000175,2024-04-01,2058106.98,3041407.73,67.67,230894.97,2022-11-19,STANDARD
RF-3Q46CYHA06ZH,CA-IL-00000175,2024-07-01,2079766.76,3041407.73,68.38,162039.37,2021-05-03,STANDARD
RF-K4MTOMT779VW,CA-IL-00000175,2024-10-01,2078168.15,3041407.73,68.33,149921.92,2022-08-27,STANDARD
RF-H789ENKAZVYK,CA-IL-00000175,2025-01-01,2070938.11,3041407.73,68.09,207632.39,2022-01-01,STANDARD
RF-I9XJ1EW4LKSF,CA-IL-00000175,2025-04-01,2120451.8,3041407.73,69.72,203243.85,2024-05-01,STANDARD
RF-0CMXIWH9RVNL,CA-CA-00000176,2024-01-01,704372.56,956148.57,73.67,43357.83,,INFORMAL
RF-PBQCKPR0S0GM,CA-CA-00000176,2024-04-01,744071.82,956148.57,77.82,53526.62,,STANDARD
RF-25B42EPPSWWU,CA-CA-00000176,2024-07-01,726246.52,956148.57,75.96,49677.04,2020-07-19,INFORMAL
RF-Z6EKD2VGWAUF,CA-CA-00000176,2024-10-01,182911.22,956148.57,19.13,33702.68,2023-06-01,INFORMAL
RF-GM76KMB1DW0J,CA-CA-00000176,2025-01-01,186353.36,956148.57,19.49,34263.01,2021-08-17,INFORMAL
RF-UTTC89VD2G9Y,CA-CA-00000176,2025-04-01,185588.44,956148.57,19.41,42540.78,,INFORMAL
RF-TNK60Z4DWZ8W,CA-NV-00000177,2024-01-01,488244.22,596377.43,81.87,43891.79,,INFORMAL
RF-GVK77YZ6DRZP,CA-NV-00000177,2024-04-01,482582.55,596377.43,80.92,29581.29,2020-11-17,STANDARD
RF-FQMKBAL0XJR9,CA-NV-00000177,2024-07-01,493680.61,596377.43,82.78,37808.01,2021-11-29,INFORMAL
RF-30W77GKZC6Y2,CA-NV-00000177,2024-10-01,482600.84,596377.43,80.92,36641.63,2021-04-20,STANDARD
RF-BO4TBM124QK8,CA-NV-00000177,2025-01-01,496188.88,596377.43,83.2,45767.62,2023-01-13,INFORMAL
RF-H5QCFFH6191J,CA-NV-00000177,2025-04-01,497305.99,596377.43,83.39,43227.89,2024-02-12,STANDARD
RF-2THTXW2ULEFA,CA-CO-00000178,2024-01-01,500770.69,3307106.93,15.14,119001.26,2022-03-20,STANDARD
RF-QYHVATT1Y5KZ,CA-CO-00000178,2024-04-01,377416.69,3307106.93,11.41,189498.35,,STANDARD
RF-5KLDX7CKQQU2,CA-CO-00000178,2024-07-01,407170.27,3307106.93,12.31,145327.96,,INFORMAL
RF-KHMSMT1XCGI2,CA-CO-00000178,2024-10-01,402618.19,3307106.93,12.17,223190.79,2024-03-09,INFORMAL
RF-ZUKHLUM6X9MY,CA-CO-00000178,2025-01-01,369564.23,3307106.93,11.17,263696.0,2023-12-17,INFORMAL
RF-L89SSS3RC44H,CA-CO-00000178,2025-04-01,274276.65,3307106.93,8.29,138807.98,,STANDARD
RF-8ZGP4U1GM5AM,CA-NY-00000179,2024-01-01,3073456.4,3663707.89,83.89,168945.37,,INFORMAL
RF-20X4YX4WGL1P,CA-NY-00000179,2024-04-01,3188989.53,3663707.89,87.04,142445.13,2022-06-14,STANDARD
RF-XK5O4KJCPP1C,CA-NY-00000179,2024-07-01,3173843.97,3663707.89,86.63,166763.74,2023-04-18,STANDARD
RF-7QFAKOSO3GMW,CA-NY-00000179,2024-10-01,3129508.25,3663707.89,85.42,242888.38,2022-08-15,INFORMAL
RF-H9U1OPYTY0JR,CA-NY-00000179,2025-01-01,3277240.21,3663707.89,89.45,250996.2,2023-06-16,STANDARD
RF-PTJOTMP5WBWD,CA-NY-00000179,2025-04-01,3128734.69,3663707.89,85.4,121455.43,2023-04-07,STANDARD
RF-PLC0K8FD0PE8,CA-CA-00000180,2024-01-01,759355.86,920088.7,82.53,51497.96,2020-07-23,INFORMAL
RF-1W6LY2TSMP3H,CA-CA-00000180,2024-04-01,739971.4,920088.7,80.42,66222.07,2022-11-17,STANDARD
RF-QDU83CVT2V9Z,CA-CA-00000180,2024-07-01,772125.08,920088.7,83.92,44170.65,2023-01-16,INFORMAL
RF-2GCUN7JK32EL,CA-CA-00000180,2024-10-01,753136.58,920088.7,81.85,70987.02,2021-09-07,STANDARD
RF-J10F8AM2B1IM,CA-CA-00000180,2025-01-01,764252.27,920088.7,83.06,40338.37,2022-04-15,INFORMAL
RF-9RA5H9R2C5XW,CA-CA-00000180,2025-04-01,767541.06,920088.7,83.42,47577.47,2021-04-13,STANDARD
RF-J6WAWGEGTL31,CA-GA-00000181,2024-01-01,2169464.99,3116845.54,69.6,187454.05,2023-02-01,STANDARD
RF-JLWY8S59QGBR,CA-GA-00000181,2024-04-01,2181122.63,3116845.54,69.98,205588.31,2023-05-29,STANDARD
RF-MV1PX52URUT0,CA-GA-00000181,2024-07-01,2074743.73,3116845.54,66.57,175580.31,,INFORMAL
RF-ZZ5A3YYF5VLQ,CA-GA-00000181,2024-10-01,2229941.08,3116845.54,71.54,226349.37,2021-12-25,INFORMAL
RF-G38IZ7DFAIBH,CA-GA-00000181,2025-01-01,2103701.09,3116845.54,67.49,241728.73,2024-04-24,STANDARD
RF-70ACRPY3L20S,CA-GA-00000181,2025-04-01,2242168.74,3116845.54,71.94,179721.1,2022-02-08,INFORMAL
RF-XABSBYHR6CYU,CA-MA-00000182,2024-01-01,743072.96,907470.14,81.88,69113.42,2020-10-06,INFORMAL
RF-Q85VQXEBWSAH,CA-MA-00000182,2024-04-01,755961.11,907470.14,83.3,48299.49,2021-04-18,STANDARD
RF-HACQ85VBXMW1,CA-MA-00000182,2024-07-01,750132.1,907470.14,82.66,72085.91,,INFORMAL
RF-SNPB870YQUUL,CA-MA-00000182,2024-10-01,765887.38,907470.14,84.4,55290.86,,STANDARD
RF-NNGFKILIL1D6,CA-MA-00000182,2025-01-01,768249.79,907470.14,84.66,50395.18,2021-07-09,INFORMAL
RF-56LSOGSXPQ13,CA-MA-00000182,2025-04-01,786685.43,907470.14,86.69,70730.21,2022-08-07,STANDARD
RF-MM6XE6OHPNE3,CA-VA-00000183,2024-01-01,4336162.99,4937713.2,87.82,266616.55,2020-05-08,INFORMAL
RF-9L9ICYGIDJ5V,CA-VA-00000183,2024-04-01,4210904.18,4937713.2,85.28,212205.04,2021-06-27,INFORMAL
RF-2K99M2PX4C60,CA-VA-00000183,2024-07-01,4256796.24,4937713.2,86.21,232667.72,2022-05-23,INFORMAL
RF-H5SAUG5K3ZK9,CA-VA-00000183,2024-10-01,4167358.23,4937713.2,84.4,352519.37,2021-04-10,INFORMAL
RF-VJFL01D6GZ24,CA-VA-00000183,2025-01-01,4252106.78,4937713.2,86.11,187696.87,,STANDARD
RF-ICOZKPA2PO6J,CA-VA-00000183,2025-04-01,4403007.37,4937713.2,89.17,244173.61,2024-08-17,INFORMAL
RF-YWIJZJJM2FWG,CA-TX-00000184,2024-01-01,4324692.49,4940502.93,87.54,192167.69,2023-03-26,INFORMAL
RF-TWKT39IP8YCY,CA-TX-00000184,2024-04-01,4392022.99,4940502.93,88.9,313957.82,2021-11-09,STANDARD
RF-IBW0WPZ9GCW7,CA-TX-00000184,2024-07-01,4453734.21,4940502.93,90.15,362883.96,2023-06-12,STANDARD
RF-81C0X4DND9W2,CA-TX-00000184,2024-10-01,4496215.14,4940502.93,91.01,252165.1,2024-03-09,INFORMAL
RF-P732ZI63JLIY,CA-TX-00000184,2025-01-01,4435217.37,4940502.93,89.77,214774.51,2022-07-21,STANDARD
RF-KEQX91RPT2TB,CA-TX-00000184,2025-04-01,4546403.23,4940502.93,92.02,265895.58,2022-12-17,INFORMAL
RF-7UQ6MNOBUAD6,CA-CA-00000185,2024-01-01,932674.96,2760026.28,33.79,160919.65,2022-10-27,STANDARD
RF-Y6ZT5DY25TIC,CA-CA-00000185,2024-04-01,947609.6,2760026.28,34.33,216686.01,2020-06-07,STANDARD
RF-5B1V1D90HPE8,CA-CA-00000185,2024-07-01,916979.02,2760026.28,33.22,117294.72,2021-10-20,INFORMAL
RF-748NTZGBEZXV,CA-CA-00000185,2024-10-01,890366.51,2760026.28,32.26,86541.78,2021-08-19,INFORMAL
RF-M050AKRWA7XV,CA-CA-00000185,2025-01-01,895615.09,2760026.28,32.45,166853.13,2022-06-28,STANDARD
RF-XL1YOSG5USH5,CA-CA-00000185,2025-04-01,888214.64,2760026.28,32.18,195454.82,2021-11-02,INFORMAL
RF-03HBHC7R4O45,CA-CA-00000186,2024-01-01,928878.03,1425278.78,65.17,52577.87,2021-07-07,STANDARD
RF-I0B5NKRMLXIQ,CA-CA-00000186,2024-04-01,974289.77,1425278.78,68.36,108258.72,,INFORMAL
RF-IY7BDRZOG3II,CA-CA-00000186,2024-07-01,957805.11,1425278.78,67.2,55250.4,2020-12-10,STANDARD
RF-X10B62BHQG0K,CA-CA-00000186,2024-10-01,945197.1,1425278.78,66.32,60768.86,2024-01-09,INFORMAL
RF-Y7IZ51366N81,CA-CA-00000186,2025-01-01,972115.66,1425278.78,68.21,92944.53,2022-03-21,INFORMAL
RF-W4ZL8Z6IHH50,CA-CA-00000186,2025-04-01,955779.67,1425278.78,67.06,109050.46,2022-11-28,INFORMAL
RF-YH1E211BDKY7,CA-CA-00000187,2024-01-01,2485942.76,4592375.38,54.13,362361.13,2023-04-08,INFORMAL
RF-AEFR5LB104KG,CA-CA-00000187,2024-04-01,2439311.02,4592375.38,53.12,302161.05,2022-01-02,INFORMAL
RF-P2W0QA0CTFT6,CA-CA-00000187,2024-07-01,2463766.73,4592375.38,53.65,147599.46,2021-07-21,INFORMAL
RF-DLV8Z7RMOCCX,CA-CA-00000187,2024-10-01,2310937.55,4592375.38,50.32,164695.08,2022-04-05,STANDARD
RF-FYTFXW0TAVB2,CA-CA-00000187,2025-01-01,2327753.13,4592375.38,50.69,170392.55,2023-06-10,STANDARD
RF-EWV2KVAPVMXV,CA-CA-00000187,2025-04-01,2309349.81,4592375.38,50.29,233741.22,,INFORMAL
RF-PDBLNKZM9DBQ,CA-CA-00000188,2024-01-01,2070589.05,4725852.05,43.81,246258.93,2020-07-28,INFORMAL
RF-P2PAX9R9K8UW,CA-CA-00000188,2024-04-01,2091769.27,4725852.05,44.26,331076.22,2022-04-25,STANDARD
RF-PWYJAS8YIYQT,CA-CA-00000188,2024-07-01,1964649.82,4725852.05,41.57,259143.62,2021-07-10,INFORMAL
RF-XBHGCGI3M07F,CA-CA-00000188,2024-10-01,1940745.99,4725852.05,41.07,359822.0,,STANDARD
RF-5ST5N824H018,CA-CA-00000188,2025-01-01,1763391.7,4725852.05,37.31,163714.83,2021-05-11,STANDARD
RF-TJ0HDAUUZPSC,CA-CA-00000188,2025-04-01,1838418.19,4725852.05,38.9,183531.96,2024-02-20,INFORMAL
RF-3MLPHYMBXPRW,CA-TX-00000189,2024-01-01,1316515.41,4521726.88,29.12,186064.98,2021-03-08,INFORMAL
RF-3HUYK9MZA39R,CA-TX-00000189,2024-04-01,1333655.27,4521726.88,29.49,148511.08,2021-07-27,STANDARD
RF-ICHDRXXZK04A,CA-TX-00000189,2024-07-01,1299474.63,4521726.88,28.74,175761.28,2022-03-28,STANDARD
RF-LZ5W5WOW11Y7,CA-TX-00000189,2024-10-01,1183681.62,4521726.88,26.18,287217.44,2020-11-02,STANDARD
RF-D3R0QCH64KS4,CA-TX-00000189,2025-01-01,1355091.93,4521726.88,29.97,339032.77,2021-05-12,INFORMAL
RF-KU8RYJXU6YWK,CA-TX-00000189,2025-04-01,1218039.29,4521726.88,26.94,302086.84,2022-10-15,INFORMAL
RF-9P3AIZWIP8PN,CA-FL-00000190,2024-01-01,1981843.38,2608303.45,75.98,198372.61,2021-08-20,STANDARD
RF-SLF94POBBCJR,CA-FL-00000190,2024-04-01,1875158.53,2608303.45,71.89,172804.26,2020-07-10,INFORMAL
RF-DR31NAGYT4Y6,CA-FL-00000190,2024-07-01,1822565.89,2608303.45,69.88,170959.21,2021-01-27,INFORMAL
RF-ERRIH2F1KFOZ,CA-FL-00000190,2024-10-01,1920805.68,2608303.45,73.64,183241.48,2021-09-23,INFORMAL
RF-Z6G92HYVNX1X,CA-FL-00000190,2025-01-01,1985503.23,2608303.45,76.12,105090.72,2022-06-19,INFORMAL
RF-MEMYPZM60IFJ,CA-FL-00000190,2025-04-01,2029481.36,2608303.45,77.81,203934.08,2022-02-27,INFORMAL
RF-NOQUBWZB30YL,CA-WA-00000191,2024-01-01,2253084.15,4024050.53,55.99,271209.72,2022-10-24,STANDARD
RF-BB3N6JFL3KX9,CA-WA-00000191,2024-04-01,2211112.72,4024050.53,54.95,240474.87,2020-09-13,STANDARD
RF-AXB411O2EKBI,CA-WA-00000191,2024-07-01,2248900.29,4024050.53,55.89,158088.52,2022-11-03,INFORMAL
RF-0P61NSJWTJBX,CA-WA-00000191,2024-10-01,2431006.18,4024050.53,60.41,161314.5,2022-02-12,STANDARD
RF-QSG6US546FJ4,CA-WA-00000191,2025-01-01,2196767.39,4024050.53,54.59,222434.5,2022-04-03,INFORMAL
RF-QA2R0OX6FWYG,CA-WA-00000191,2025-04-01,2318899.94,4024050.53,57.63,274382.72,2022-06-25,STANDARD
RF-2X59ZY8I590L,CA-CA-00000192,2024-01-01,473096.3,2114848.21,22.37,99706.11,2022-05-14,INFORMAL
RF-11AANLJVWFIH,CA-CA-00000192,2024-04-01,418497.16,2114848.21,19.79,68743.01,,INFORMAL
RF-Q0O940672OKV,CA-CA-00000192,2024-07-01,401897.74,2114848.21,19.0,164671.73,2023-05-23,INFORMAL
RF-N8FNNTYYR3OX,CA-CA-00000192,2024-10-01,356438.05,2114848.21,16.85,151051.64,2021-04-29,INFORMAL
RF-WN52531KPNNF,CA-CA-00000192,2025-01-01,354136.32,2114848.21,16.75,83531.59,2022-07-16,STANDARD
RF-941M1BJOEPRK,CA-CA-00000192,2025-04-01,311448.56,2114848.21,14.73,63852.55,2023-04-12,STANDARD
RF-F38ZM7LKJ5TH,CA-CA-00000193,2024-01-01,2062772.4,4445204.12,46.4,254167.97,2023-03-22,STANDARD
RF-0KEOH929US9D,CA-CA-00000193,2024-04-01,2099226.01,4445204.12,47.22,220510.97,2022-07-20,INFORMAL
RF-J5SWBDL49IJ4,CA-CA-00000193,2024-07-01,2058794.89,4445204.12,46.31,181885.29,,STANDARD
RF-W83JZA2UF5XM,CA-CA-00000193,2024-10-01,2122493.31,4445204.12,47.75,260875.23,2021-04-25,STANDARD
RF-UMAYEPNOEI16,CA-CA-00000193,2025-01-01,2030648.02,4445204.12,45.68,147218.7,2024-05-08,STANDARD
RF-LCPN3RTD2AIY,CA-CA-00000193,2025-04-01,1902516.87,4445204.12,42.8,221615.0,2023-10-09,STANDARD
RF-Z1NR51RMMD29,CA-IL-00000194,2024-01-01,3169631.67,3783078.25,83.78,273785.85,2022-11-19,INFORMAL
RF-26DJGNIZ7YFG,CA-IL-00000194,2024-04-01,3199062.08,3783078.25,84.56,218398.37,2020-12-28,INFORMAL
RF-AEWEUHRICQ2C,CA-IL-00000194,2024-07-01,3217491.64,3783078.25,85.05,227601.75,2022-08-26,STANDARD
RF-H2XRCE9XHUP6,CA-IL-00000194,2024-10-01,3344419.55,3783078.25,88.4,299767.02,2023-09-05,INFORMAL
RF-SOE6KNJEU17N,CA-IL-00000194,2025-01-01,3160366.42,3783078.25,83.54,147034.42,2021-09-26,STANDARD
RF-THAU985JTKAR,CA-IL-00000194,2025-04-01,3474745.3,3783078.25,91.85,239316.89,2022-08-21,INFORMAL
RF-NRTD5ZA0VAB5,CA-AZ-00000195,2024-01-01,1275903.7,2429943.78,52.51,88131.12,2020-05-08,STANDARD
RF-SI1N1N2C34OS,CA-AZ-00000195,2024-04-01,1258476.16,2429943.78,51.79,89079.4,,INFORMAL
RF-VPS3V233N3T6,CA-AZ-00000195,2024-07-01,1263595.38,2429943.78,52.0,148346.63,2022-05-29,STANDARD
RF-V8VX4NDOD8D7,CA-AZ-00000195,2024-10-01,1264891.81,2429943.78,52.05,145231.29,2023-04-21,INFORMAL
RF-MSTZ23LIYM0K,CA-AZ-00000195,2025-01-01,1262125.07,2429943.78,51.94,92397.39,2022-11-14,STANDARD
RF-IJHYQ7SSWEFI,CA-AZ-00000195,2025-04-01,1251568.99,2429943.78,51.51,73077.67,2022-06-13,INFORMAL
RF-Y71I5MPECWWS,CA-NC-00000196,2024-01-01,2077977.78,2935869.31,70.78,228208.84,2021-10-12,STANDARD
RF-ZOE0ATKWTWYY,CA-NC-00000196,2024-04-01,2091749.88,2935869.31,71.25,156691.57,2020-08-21,INFORMAL
RF-90POMNUZAI4B,CA-NC-00000196,2024-07-01,2101571.75,2935869.31,71.58,163635.06,2021-10-26,STANDARD
RF-ZC910YWB5JMH,CA-NC-00000196,2024-10-01,2171827.62,2935869.31,73.98,223601.23,2021-05-29,STANDARD
RF-377L316A85FL,CA-NC-00000196,2025-01-01,2159781.16,2935869.31,73.57,219372.8,2023-07-08,STANDARD
RF-PQAO6Q4BQPMI,CA-NC-00000196,2025-04-01,2015896.61,2935869.31,68.66,123228.38,2024-04-02,STANDARD
RF-MBK8M86M33XV,CA-TX-00000197,2024-01-01,1668821.8,3501300.43,47.66,249500.53,2020-12-17,INFORMAL
RF-OE5TV7KT2UHG,CA-TX-00000197,2024-04-01,1647107.87,3501300.43,47.04,139181.4,,STANDARD
RF-ED1XM26ASNUO,CA-TX-00000197,2024-07-01,1617181.75,3501300.43,46.19,225431.81,,INFORMAL
RF-RRAMFMUVF9TK,CA-TX-00000197,2024-10-01,1686120.49,3501300.43,48.16,215405.43,,INFORMAL
RF-SUN32RZT3QPK,CA-TX-00000197,2025-01-01,1666342.37,3501300.43,47.59,271500.2,2021-08-11,INFORMAL
RF-0XPTKKJ7D91B,CA-TX-00000197,2025-04-01,1565483.69,3501300.43,44.71,170560.37,2024-09-11,INFORMAL
RF-K7VCPV9QZF80,CA-NY-00000198,2024-01-01,311096.28,1654861.35,18.8,105203.11,2021-07-30,STANDARD
RF-UE6SNSNYI6PD,CA-NY-00000198,2024-04-01,282766.01,1654861.35,17.09,112359.16,2023-08-07,STANDARD
RF-W8RAWRAC13JW,CA-NY-00000198,2024-07-01,283251.74,1654861.35,17.12,109575.5,2020-11-10,INFORMAL
RF-IQOXC8MD84GR,CA-NY-00000198,2024-10-01,302012.34,1654861.35,18.25,66597.71,2022-09-13,STANDARD
RF-VEH1Y9XOQ9FM,CA-NY-00000198,2025-01-01,286061.08,1654861.35,17.29,73134.38,2021-02-07,STANDARD
RF-P48N1MFYXL95,CA-NY-00000198,2025-04-01,256934.54,1654861.35,15.53,99105.62,2024-01-10,INFORMAL
RF-YP9EZ913CILX,CA-FL-00000199,2024-01-01,2881520.66,3625675.43,79.48,143784.77,2021-09-03,SIRS
RF-AJE45T8DCPEX,CA-FL-00000199,2024-04-01,2833063.88,3625675.43,78.14,137229.95,2023-04-14,SIRS
RF-7LXMA0RP0HMD,CA-FL-00000199,2024-07-01,2905943.81,3625675.43,80.15,144396.17,,SIRS
RF-1W40CCYYW8ST,CA-FL-00000199,2024-10-01,2940486.72,3625675.43,81.1,155461.85,,SIRS
RF-MAULW56H4Q32,CA-FL-00000199,2025-01-01,2952481.28,3625675.43,81.43,199217.07,2022-10-05,SIRS
RF-7PYS6A2284GK,CA-FL-00000199,2025-04-01,2990620.96,3625675.43,82.48,164691.68,2023-09-08,SIRS
RF-JDBJA3MHM12E,CA-CA-00000200,2024-01-01,1222716.54,1547217.21,79.03,120288.84,2022-07-11,STANDARD
RF-DYP7KVCO917F,CA-CA-00000200,2024-04-01,1245585.23,1547217.21,80.5,65717.07,2020-04-27,INFORMAL
RF-51HYWVRT2KG9,CA-CA-00000200,2024-07-01,1226322.26,1547217.21,79.26,109256.54,2021-11-03,INFORMAL
RF-FH9EX1AH4FI4,CA-CA-00000200,2024-10-01,1212659.87,1547217.21,78.38,103952.24,2021-10-01,INFORMAL
RF-1OVTJ6K30MEJ,CA-CA-00000200,2025-01-01,1235531.01,1547217.21,79.86,82956.52,2023-02-28,INFORMAL
RF-QPUBCDH77N8T,CA-CA-00000200,2025-04-01,1228216.49,1547217.21,79.38,63551.95,2022-04-03,INFORMAL
RF-020EH65Z7N34,CA-GA-00000201,2024-01-01,1021890.17,3277276.09,31.18,197857.62,,INFORMAL
RF-8YQ0981PZXHD,CA-GA-00000201,2024-04-01,980208.07,3277276.09,29.91,123217.25,2021-06-14,INFORMAL
RF-XT0A0SS84MWW,CA-GA-00000201,2024-07-01,994191.8,3277276.09,30.34,162461.99,2021-01-14,INFORMAL
RF-SZROF4DEMM4K,CA-GA-00000201,2024-10-01,906410.63,3277276.09,27.66,111609.46,2021-01-07,INFORMAL
RF-AP30QMOHLGXI,CA-GA-00000201,2025-01-01,1000152.6,3277276.09,30.52,237607.48,2024-04-29,STANDARD
RF-ARNH8S9KS4BN,CA-GA-00000201,2025-04-01,979894.7,3277276.09,29.9,145438.42,2024-09-13,STANDARD
RF-ND8ZHX412MQP,CA-CA-00000202,2024-01-01,1643576.83,2686293.91,61.18,179594.53,2022-04-15,STANDARD
RF-DYXWDUZIB4CW,CA-CA-00000202,2024-04-01,1665536.92,2686293.91,62.0,187857.82,2021-11-09,INFORMAL
RF-KKDY6R5CBXXG,CA-CA-00000202,2024-07-01,1573727.59,2686293.91,58.58,166858.24,2020-10-29,INFORMAL
RF-3YVC02TCEJCZ,CA-CA-00000202,2024-10-01,1618514.89,2686293.91,60.25,184121.84,2021-03-25,STANDARD
RF-JM9T7SDCJD4A,CA-CA-00000202,2025-01-01,1629001.48,2686293.91,60.64,173397.93,2024-05-22,STANDARD
RF-ORNHHKHHDOK5,CA-CA-00000202,2025-04-01,1632865.95,2686293.91,60.79,172920.81,2023-01-02,INFORMAL
RF-6BOFAA8IWXG7,CA-OH-00000203,2024-01-01,1137708.7,4873445.27,23.35,159087.52,2021-05-23,STANDARD
RF-0ETX98Z8GL46,CA-OH-00000203,2024-04-01,1078933.34,4873445.27,22.14,289550.44,2022-07-07,STANDARD
RF-PQUVDRU8EY8E,CA-OH-00000203,2024-07-01,898176.22,4873445.27,18.43,174472.54,,INFORMAL
RF-H8HXDUUVV8KO,CA-OH-00000203,2024-10-01,1037504.15,4873445.27,21.29,191729.36,2022-01-08,INFORMAL
RF-CXPXWID98C21,CA-OH-00000203,2025-01-01,846854.25,4873445.27,17.38,339705.61,2022-02-03,STANDARD
RF-64FFRDHPTBH9,CA-OH-00000203,2025-04-01,888219.4,4873445.27,18.23,389304.61,2023-07-20,STANDARD
RF-AMY1PLLAJEWR,CA-FL-00000204,2024-01-01,342824.63,454858.5,75.37,29254.78,2022-11-05,INFORMAL
RF-NQMZSVWZ2OBT,CA-FL-00000204,2024-04-01,326430.53,454858.5,71.77,34831.13,2020-12-19,INFORMAL
RF-Q4RHWONLCXQO,CA-FL-00000204,2024-07-01,316578.13,454858.5,69.6,16339.48,2022-12-28,INFORMAL
RF-03QBAS8EB4KL,CA-FL-00000204,2024-10-01,340253.71,454858.5,74.8,23728.51,2023-02-24,STANDARD
RF-1I4PGDEICLJB,CA-FL-00000204,2025-01-01,353103.42,454858.5,77.63,36169.84,2021-09-16,INFORMAL
RF-ZQOYY14PH8K2,CA-FL-00000204,2025-04-01,351091.37,454858.5,77.19,25932.95,,STANDARD
RF-5BAHLSL5QAU3,CA-VA-00000205,2024-01-01,3131417.41,4362614.45,71.78,168578.84,2022-10-11,STANDARD
RF-S8UMM1LKVUA9,CA-VA-00000205,2024-04-01,3233857.63,4362614.45,74.13,252050.71,2022-05-13,INFORMAL
RF-F7BWHJNXRFSU,CA-VA-00000205,2024-07-01,3134782.51,4362614.45,71.86,332539.23,2023-06-22,STANDARD
RF-GC6P6UNEOK1G,CA-VA-00000205,2024-10-01,3247113.55,4362614.45,74.43,139741.04,2021-10-03,STANDARD
RF-JE74QLLC5FIG,CA-VA-00000205,2025-01-01,3266469.1,4362614.45,74.87,164882.16,2023-03-22,STANDARD
RF-NAQGMB50JH11,CA-VA-00000205,2025-04-01,3320221.29,4362614.45,76.11,132656.55,2021-11-26,STANDARD
RF-YSEBY17DAHRI,CA-TX-00000206,2024-01-01,4565825.57,4539107.3,100.59,284284.46,2023-06-15,STANDARD
RF-VDVV1BJOBRZH,CA-TX-00000206,2024-04-01,4522610.12,4539107.3,99.64,137886.25,2020-09-07,INFORMAL
RF-LYZUC8D3HVHR,CA-TX-00000206,2024-07-01,4573678.89,4539107.3,100.76,186979.3,,STANDARD
RF-UDA6X7V5OH9S,CA-TX-00000206,2024-10-01,4473126.21,4539107.3,98.55,234093.76,2024-01-19,STANDARD
RF-C0NK0T7CSHTA,CA-TX-00000206,2025-01-01,4564432.36,4539107.3,100.56,307000.73,2023-03-01,INFORMAL
RF-6XKT053OVS9V,CA-TX-00000206,2025-04-01,4602022.79,4539107.3,101.39,323790.64,,STANDARD
RF-ZZFZLCN12E1E,CA-FL-00000207,2024-01-01,2347656.84,3671686.34,63.94,142014.06,2021-02-23,STANDARD
RF-SUO2OW2D1P6J,CA-FL-00000207,2024-04-01,2308657.58,3671686.34,62.88,240952.36,2020-04-08,INFORMAL
RF-0BQFIDLAPAJT,CA-FL-00000207,2024-07-01,2430380.44,3671686.34,66.19,233316.13,,INFORMAL
RF-26YB45689REW,CA-FL-00000207,2024-10-01,2383337.49,3671686.34,64.91,126105.55,2023-08-30,INFORMAL
RF-DOF2XU3H1U38,CA-FL-00000207,2025-01-01,2397500.62,3671686.34,65.3,158086.49,,STANDARD
RF-DPHHJDGC8WYD,CA-FL-00000207,2025-04-01,2394640.68,3671686.34,65.22,249532.28,,INFORMAL
RF-M7UVBA743E0F,CA-CA-00000208,2024-01-01,675735.58,3469015.8,19.48,187730.78,2023-06-19,INFORMAL
RF-X8EIQ02DJQ5S,CA-CA-00000208,2024-04-01,549520.9,3469015.8,15.84,145491.63,2022-02-09,STANDARD
RF-SP7IREAF1QL3,CA-CA-00000208,2024-07-01,522237.81,3469015.8,15.05,176928.21,2021-05-03,INFORMAL
RF-2OCKFHOJRQ3P,CA-CA-00000208,2024-10-01,502519.42,3469015.8,14.49,121093.84,2024-03-26,INFORMAL
RF-P20J1BGNC5W7,CA-CA-00000208,2025-01-01,410131.99,3469015.8,11.82,114423.87,2021-08-18,STANDARD
RF-5LIYE1DCCJ6F,CA-CA-00000208,2025-04-01,399375.25,3469015.8,11.51,236865.69,2023-04-13,INFORMAL
RF-QFEEC10CE72T,CA-CA-00000209,2024-01-01,783533.67,2232484.7,35.1,153782.78,2021-09-21,INFORMAL
RF-3Q33AGDDALO1,CA-CA-00000209,2024-04-01,756347.77,2232484.7,33.88,132764.84,2021-10-23,STANDARD
RF-Z3LCTA019FYR,CA-CA-00000209,2024-07-01,747340.65,2232484.7,33.48,159854.19,2022-09-10,STANDARD
RF-4UTNII5I6W31,CA-CA-00000209,2024-10-01,762654.65,2232484.7,34.16,93234.22,2023-08-07,INFORMAL
RF-PC0FJ07UTDKY,CA-CA-00000209,2025-01-01,722862.74,2232484.7,32.38,85047.89,2021-10-29,STANDARD
RF-BAXY3VO98YVG,CA-CA-00000209,2025-04-01,733841.09,2232484.7,32.87,82934.8,2021-04-20,STANDARD
RF-9WQC810FBM1X,CA-NC-00000210,2024-01-01,2054062.33,2970041.46,69.16,108740.08,,INFORMAL
RF-2901SSLZIV5L,CA-NC-00000210,2024-04-01,2028158.18,2970041.46,68.29,230884.96,2023-05-12,STANDARD
RF-VYRBV7D00XBG,CA-NC-00000210,2024-07-01,1957349.79,2970041.46,65.9,188791.29,2022-07-16,STANDARD
RF-NC1K509ROXNG,CA-NC-00000210,2024-10-01,2071898.55,2970041.46,69.76,198792.12,2023-10-02,INFORMAL
RF-3I6D21PR4C9F,CA-NC-00000210,2025-01-01,2153145.25,2970041.46,72.5,232482.69,2024-01-09,INFORMAL
RF-CF6GJS7Z6ZG9,CA-NC-00000210,2025-04-01,2142904.58,2970041.46,72.15,173167.4,2021-10-23,STANDARD
RF-72KGJMLRIET9,CA-CA-00000211,2024-01-01,1727391.15,2070245.16,83.44,105524.47,,STANDARD
RF-1GHDBGMV89GZ,CA-CA-00000211,2024-04-01,1700038.87,2070245.16,82.12,109068.81,2022-09-27,STANDARD
RF-R5KB4FPR8T12,CA-CA-00000211,2024-07-01,1711694.09,2070245.16,82.68,107638.86,,STANDARD
RF-KQK18WTML5NA,CA-CA-00000211,2024-10-01,1694667.33,2070245.16,81.86,118033.15,2022-03-30,STANDARD
RF-RIS14UH99SZI,CA-CA-00000211,2025-01-01,1712313.45,2070245.16,82.71,116600.35,2022-09-15,INFORMAL
RF-1BU6BOVENFVE,CA-CA-00000211,2025-04-01,1749531.61,2070245.16,84.51,114671.93,2021-06-03,INFORMAL
RF-RQTSF1CYZQVN,CA-CA-00000212,2024-01-01,4059877.8,4819564.33,84.24,264195.67,2020-06-08,INFORMAL
RF-MBC0PJH27JGY,CA-CA-00000212,2024-04-01,4056691.37,4819564.33,84.17,343153.16,2023-04-21,STANDARD
RF-M0FMPW6UQ5Q0,CA-CA-00000212,2024-07-01,4108553.53,4819564.33,85.25,284852.09,2023-05-18,STANDARD
RF-WG5E38ICEIFD,CA-CA-00000212,2024-10-01,4171256.94,4819564.33,86.55,325554.52,2023-02-13,INFORMAL
RF-FLKQCRQ519GR,CA-CA-00000212,2025-01-01,4042690.61,4819564.33,83.88,235891.47,2022-11-19,INFORMAL
RF-SP9MWLPY1U5G,CA-CA-00000212,2025-04-01,4000351.26,4819564.33,83.0,296754.75,2023-05-01,STANDARD
RF-F16P38D6QF9A,CA-TX-00000213,2024-01-01,1412943.38,4548712.66,31.06,282959.75,2021-02-10,STANDARD
RF-TJ75271G7J7L,CA-TX-00000213,2024-04-01,1447916.53,4548712.66,31.83,353308.31,,INFORMAL
RF-IUEP79PV0T34,CA-TX-00000213,2024-07-01,1458858.0,4548712.66,32.07,245802.08,2022-01-02,STANDARD
RF-S2F58MRIBAY5,CA-TX-00000213,2024-10-01,1424369.56,4548712.66,31.31,214227.61,2021-07-28,INFORMAL
RF-58LWDJ3239EZ,CA-TX-00000213,2025-01-01,1540751.74,4548712.66,33.87,320208.3,2024-01-13,INFORMAL
RF-ZC4H3CY3RJ06,CA-TX-00000213,2025-04-01,1450296.76,4548712.66,31.88,190008.41,2022-04-03,INFORMAL
RF-U6621UIVGIBS,CA-WA-00000214,2024-01-01,1556718.72,2088461.95,74.54,77795.59,2021-04-22,STANDARD
RF-9180V740TMA1,CA-WA-00000214,2024-04-01,1509904.58,2088461.95,72.3,161062.58,2022-03-25,STANDARD
RF-4G1YYGH06RY3,CA-WA-00000214,2024-07-01,1586486.75,2088461.95,75.96,140816.1,2021-02-19,STANDARD
RF-XNI9L43TPNR6,CA-WA-00000214,2024-10-01,1559914.96,2088461.95,74.69,120062.56,2023-07-17,STANDARD
RF-IOF64PZ25K30,CA-WA-00000214,2025-01-01,1591646.37,2088461.95,76.21,147581.51,2022-11-08,INFORMAL
RF-PSGDD4JWQXMW,CA-WA-00000214,2025-04-01,1545418.12,2088461.95,74.0,111527.95,,STANDARD
RF-6BIIL7IIZI7Q,CA-VA-00000215,2024-01-01,677015.11,1287548.21,52.58,86686.46,2023-04-28,STANDARD
RF-AY0AXLEEU11S,CA-VA-00000215,2024-04-01,673638.9,1287548.21,52.32,80881.26,2021-09-10,STANDARD
RF-FT5XE8YUL8TQ,CA-VA-00000215,2024-07-01,654097.89,1287548.21,50.8,55931.16,2023-05-17,STANDARD
RF-ETJPL2VX7S7P,CA-VA-00000215,2024-10-01,659873.61,1287548.21,51.25,100038.98,,STANDARD
RF-TCMDRTCW1YMA,CA-VA-00000215,2025-01-01,703555.57,1287548.21,54.64,70711.86,2022-08-13,INFORMAL
RF-UQPJIEWS2BHN,CA-VA-00000215,2025-04-01,663998.62,1287548.21,51.57,55462.13,2024-05-10,INFORMAL
RF-WHZCKZXZVKKR,CA-TX-00000216,2024-01-01,2765959.33,3130289.17,88.36,179154.95,2021-09-20,STANDARD
RF-OHVSS5MPO7IV,CA-TX-00000216,2024-04-01,2850743.81,3130289.17,91.07,211375.48,,STANDARD
RF-LB83SNGH4T1G,CA-TX-00000216,2024-07-01,2817859.63,3130289.17,90.02,193137.45,2021-08-23,STANDARD
RF-NXP0PRNIQMDB,CA-TX-00000216,2024-10-01,2874133.12,3130289.17,91.82,134262.22,,STANDARD
RF-3D5TXFVQN2I9,CA-TX-00000216,2025-01-01,2832783.5,3130289.17,90.5,209537.84,2024-02-24,INFORMAL
RF-IMZ8N1R8CJMI,CA-TX-00000216,2025-04-01,2863209.33,3130289.17,91.47,216815.59,2023-07-07,INFORMAL
RF-WFFSEZP6MMLZ,CA-GA-00000217,2024-01-01,364426.75,946864.29,38.49,46049.04,2020-05-28,INFORMAL
RF-LEZSR1DPHW2R,CA-GA-00000217,2024-04-01,386342.09,946864.29,40.8,39893.25,2020-06-06,INFORMAL
RF-73EBJMPA8CA2,CA-GA-00000217,2024-07-01,365690.44,946864.29,38.62,53949.04,2021-12-30,STANDARD
RF-SN781WU5PCXL,CA-GA-00000217,2024-10-01,366892.21,946864.29,38.75,66969.3,2023-05-09,INFORMAL
RF-ZSSDVL3NZRFD,CA-GA-00000217,2025-01-01,353175.7,946864.29,37.3,42562.4,2021-10-15,INFORMAL
RF-15694AM5XEYR,CA-GA-00000217,2025-04-01,328065.09,946864.29,34.65,45467.84,2021-08-12,INFORMAL
RF-UPR2Y046JM2Y,CA-CA-00000218,2024-01-01,908998.42,4761472.19,19.09,230912.3,2022-01-22,INFORMAL
RF-6TA4RQJ1CE4G,CA-CA-00000218,2024-04-01,740346.28,4761472.19,15.55,323617.63,,STANDARD
RF-LCES91PBGPS9,CA-CA-00000218,2024-07-01,630556.4,4761472.19,13.24,155205.8,,INFORMAL
RF-XL0J2JTA8F0O,CA-CA-00000218,2024-10-01,560779.61,4761472.19,11.78,185480.66,,INFORMAL
RF-HAEUQ82HKYGB,CA-CA-00000218,2025-01-01,528784.19,4761472.19,11.11,348747.33,2021-02-17,STANDARD
RF-RN1BF45MORC2,CA-CA-00000218,2025-04-01,513879.82,4761472.19,10.79,273656.52,2022-10-15,INFORMAL
RF-N5BONYSUD6JG,CA-FL-00000219,2024-01-01,363237.13,3937538.35,9.22,289843.07,2022-03-15,SIRS
RF-PYFR1PHNIVVK,CA-FL-00000219,2024-04-01,296361.56,3937538.35,7.53,284908.86,2022-08-16,SIRS
RF-ZY59Q586WMOX,CA-FL-00000219,2024-07-01,253214.27,3937538.35,6.43,172948.26,2022-03-02,SIRS
RF-AWPLRWMZABJE,CA-FL-00000219,2024-10-01,193380.82,3937538.35,4.91,205685.37,2020-11-20,SIRS
RF-OP2V1H3Z1TLI,CA-FL-00000219,2025-01-01,125328.79,3937538.35,3.18,183131.09,2024-03-13,SIRS
RF-ZDBY7OO4GGJD,CA-FL-00000219,2025-04-01,120598.5,3937538.35,3.06,270185.28,2024-01-31,SIRS
RF-9BGA96LKGFVW,CA-FL-00000220,2024-01-01,243773.78,318364.28,76.57,24193.38,2021-02-23,STANDARD
RF-WF2HQ1SP3RXD,CA-FL-00000220,2024-04-01,243998.74,318364.28,76.64,22511.2,2021-12-10,INFORMAL
RF-4FLO9FI5FTTP,CA-FL-00000220,2024-07-01,248497.82,318364.28,78.05,20352.1,2020-11-29,STANDARD
RF-QWFQ3BYNXRFH,CA-FL-00000220,2024-10-01,256682.16,318364.28,80.63,15247.33,2022-05-26,STANDARD
RF-U4DK98FCS78C,CA-FL-00000220,2025-01-01,244641.01,318364.28,76.84,9669.19,2022-03-25,INFORMAL
RF-14YI6UK5S5N8,CA-FL-00000220,2025-04-01,244823.66,318364.28,76.9,22135.11,2022-04-24,INFORMAL
RF-Y0944XSB613A,CA-NV-00000221,2024-01-01,1435865.96,1992778.6,72.05,152825.22,2022-08-04,INFORMAL
RF-NMPP2G4UMTGJ,CA-NV-00000221,2024-04-01,1447497.43,1992778.6,72.64,121919.53,,INFORMAL
RF-J0TSG9BVYW3M,CA-NV-00000221,2024-07-01,1457579.24,1992778.6,73.14,100896.84,2020-10-09,STANDARD
RF-I6S9L7DXRZ33,CA-NV-00000221,2024-10-01,1451586.3,1992778.6,72.84,64971.05,,STANDARD
RF-MO8HZPWB8TCR,CA-NV-00000221,2025-01-01,1510763.82,1992778.6,75.81,154887.14,2023-03-05,INFORMAL
RF-8LRE54R4HXRQ,CA-NV-00000221,2025-04-01,1426346.71,1992778.6,71.58,92140.25,,INFORMAL
RF-CX2UZH7M1HOF,CA-VA-00000222,2024-01-01,345443.53,1174851.98,29.4,62737.76,2021-11-24,INFORMAL
RF-NHS20CTFWOXW,CA-VA-00000222,2024-04-01,314781.06,1174851.98,26.79,78466.17,2023-02-26,STANDARD
RF-F8XHLTSNP4IW,CA-VA-00000222,2024-07-01,337115.01,1174851.98,28.69,71568.23,2020-10-15,STANDARD
RF-JA7K4V3F0W59,CA-VA-00000222,2024-10-01,365969.22,1174851.98,31.15,37219.45,2023-02-22,STANDARD
RF-NW0K89Z0DF84,CA-VA-00000222,2025-01-01,333533.02,1174851.98,28.39,70905.77,2022-12-12,STANDARD
RF-VF3HLBQB3WKZ,CA-VA-00000222,2025-04-01,333705.98,1174851.98,28.4,49824.93,2022-02-08,STANDARD
RF-PAQTO3F0ZO00,CA-AZ-00000223,2024-01-01,2326753.05,4312517.04,53.95,198050.1,2023-01-10,STANDARD
RF-IPL1CS9YR3EE,CA-AZ-00000223,2024-04-01,2359603.54,4312517.04,54.72,144720.75,2023-01-01,STANDARD
RF-OVLENBAN2TIB,CA-AZ-00000223,2024-07-01,2380571.95,4312517.04,55.2,241620.48,2020-12-08,STANDARD
RF-IZ8NR7KEZBJC,CA-AZ-00000223,2024-10-01,2501280.95,4312517.04,58.0,251687.14,2021-06-25,STANDARD
RF-K1UQCM3A6WF6,CA-AZ-00000223,2025-01-01,2471700.14,4312517.04,57.31,215825.58,2024-04-21,STANDARD
RF-ZQSDE4E77PTO,CA-AZ-00000223,2025-04-01,2380976.71,4312517.04,55.21,194075.74,2023-04-26,STANDARD
RF-6AWBJZZBFKSS,CA-GA-00000224,2024-01-01,353874.28,1794551.56,19.72,68507.25,2023-04-29,INFORMAL
RF-0YBZKPRMI2Q7,CA-GA-00000224,2024-04-01,351413.78,1794551.56,19.58,58796.66,2020-09-13,STANDARD
RF-OJKX05DMZWLV,CA-GA-00000224,2024-07-01,343528.3,1794551.56,19.14,99487.62,,STANDARD
RF-JH1ODITWJ5P5,CA-GA-00000224,2024-10-01,253918.22,1794551.56,14.15,61861.71,2021-02-22,STANDARD
RF-1F73SKZ68KS6,CA-GA-00000224,2025-01-01,239675.86,1794551.56,13.36,123008.54,2021-02-15,INFORMAL
RF-VNFHGYHL47HM,CA-GA-00000224,2025-04-01,207910.85,1794551.56,11.59,84481.18,2022-07-18,STANDARD
RF-CBFO92TZ48EO,CA-GA-00000225,2024-01-01,1635381.67,4373695.76,37.39,182065.94,2020-04-18,INFORMAL
RF-XJW7ZKLDJZOT,CA-GA-00000225,2024-04-01,1656439.45,4373695.76,37.87,197818.08,2022-07-19,INFORMAL
RF-6PFE56BP2RDZ,CA-GA-00000225,2024-07-01,1573561.05,4373695.76,35.98,329716.07,2022-02-12,INFORMAL
RF-F5RISQWR38H7,CA-GA-00000225,2024-10-01,1544439.03,4373695.76,35.31,226760.09,2022-05-13,STANDARD
RF-WIR56DDSXDF6,CA-GA-00000225,2025-01-01,1562257.83,4373695.76,35.72,171631.1,2021-04-11,INFORMAL
RF-KSKT3Z45U7AC,CA-GA-00000225,2025-04-01,1484390.67,4373695.76,33.94,144620.71,,STANDARD
RF-ZAV7R35QSC09,CA-CO-00000226,2024-01-01,961471.67,3071321.69,31.3,192445.83,2021-07-30,STANDARD
RF-FANLR0AO4ZA0,CA-CO-00000226,2024-04-01,1010262.76,3071321.69,32.89,245340.05,,STANDARD
RF-D54GXHPIC7A8,CA-CO-00000226,2024-07-01,1061194.44,3071321.69,34.55,196434.93,2023-09-02,STANDARD
RF-B5781UZORAQ1,CA-CO-00000226,2024-10-01,934495.99,3071321.69,30.43,131103.51,2021-04-07,INFORMAL
RF-PTE2HKLAM700,CA-CO-00000226,2025-01-01,891643.12,3071321.69,29.03,231318.11,2021-08-30,STANDARD
RF-BH3KD8SK0UPY,CA-CO-00000226,2025-04-01,850146.19,3071321.69,27.68,157861.93,2022-09-11,STANDARD
RF-5FMH7Z9P1UW9,CA-CO-00000227,2024-01-01,1955525.83,4963947.33,39.39,342824.92,2022-11-13,INFORMAL
RF-Q5XSKMQDX5K4,CA-CO-00000227,2024-04-01,1673719.29,4963947.33,33.72,319074.52,2022-12-31,INFORMAL
RF-A4PW9N9X69KA,CA-CO-00000227,2024-07-01,1937699.2,4963947.33,39.04,183642.37,2022-02-08,STANDARD
RF-TEQDF5LX95K0,CA-CO-00000227,2024-10-01,1702602.37,4963947.33,34.3,178902.66,,STANDARD
RF-JJ1AWGVFJJDQ,CA-CO-00000227,2025-01-01,1773882.53,4963947.33,35.74,256542.05,2024-03-05,STANDARD
RF-8TZBTA1WQ15Z,CA-CO-00000227,2025-04-01,1746884.21,4963947.33,35.19,246236.09,,STANDARD
RF-SA5ZKK3PJJXG,CA-GA-00000228,2024-01-01,907646.37,2055104.87,44.17,96393.45,2021-03-27,STANDARD
RF-YJD7O6IR486F,CA-GA-00000228,2024-04-01,964992.95,2055104.87,46.96,155094.68,2021-02-24,STANDARD
RF-LL8BPNS99P79,CA-GA-00000228,2024-07-01,1006982.97,2055104.87,49.0,144238.43,2021-04-21,STANDARD
RF-XW62UIOWR19E,CA-GA-00000228,2024-10-01,896393.14,2055104.87,43.62,163411.69,2023-05-04,INFORMAL
RF-1RCXYVIVJ2FG,CA-GA-00000228,2025-01-01,938097.8,2055104.87,45.65,102949.2,2022-04-01,STANDARD
RF-IZ82871W7MVK,CA-GA-00000228,2025-04-01,905677.85,2055104.87,44.07,65042.75,2023-03-09,INFORMAL
RF-FCN3NR3GHR6N,CA-TX-00000229,2024-01-01,2008090.75,2672488.21,75.14,147204.79,2022-09-18,INFORMAL
RF-83MKGBXEZITK,CA-TX-00000229,2024-04-01,1992297.63,2672488.21,74.55,90804.13,2021-03-06,STANDARD
RF-R19M949MDTI9,CA-TX-00000229,2024-07-01,2048260.57,2672488.21,76.64,147580.9,2022-08-02,STANDARD
RF-109ON7UNT12T,CA-TX-00000229,2024-10-01,2111724.52,2672488.21,79.02,139491.95,2023-05-30,STANDARD
RF-F50USOUVJQG9,CA-TX-00000229,2025-01-01,2042430.16,2672488.21,76.42,197619.64,2023-03-08,INFORMAL
RF-ARZ9X3KNW3VM,CA-TX-00000229,2025-04-01,2089626.1,2672488.21,78.19,112648.17,2023-06-07,STANDARD
RF-613BGSVDZN12,CA-CA-00000230,2024-01-01,107824.91,478242.6,22.55,24233.48,2020-03-07,INFORMAL
RF-ITWAUKGBNNXM,CA-CA-00000230,2024-04-01,116640.18,478242.6,24.39,15819.52,2022-03-29,STANDARD
RF-KFEQ5FMF510M,CA-CA-00000230,2024-07-01,122463.1,478242.6,25.61,21766.09,,STANDARD
RF-CMZMOK5R3YGS,CA-CA-00000230,2024-10-01,112932.9,478242.6,23.61,36201.51,2021-05-28,INFORMAL
RF-L2ZG25NPCS73,CA-CA-00000230,2025-01-01,106701.36,478242.6,22.31,36637.54,,INFORMAL
RF-67H8JBV04QQQ,CA-CA-00000230,2025-04-01,107507.32,478242.6,22.48,30587.43,2021-05-20,INFORMAL
RF-392EOI7BD3GK,CA-FL-00000231,2024-01-01,2784352.13,4980784.41,55.9,378217.84,2023-03-13,INFORMAL
RF-1O5VFRKNIMG3,CA-FL-00000231,2024-04-01,2825031.52,4980784.41,56.72,267367.24,2022-10-09,INFORMAL
RF-E9L4NJHH32KR,CA-FL-00000231,2024-07-01,2745257.53,4980784.41,55.12,285984.75,2021-05-07,STANDARD
RF-WIZTSZ8YI27W,CA-FL-00000231,2024-10-01,2763839.46,4980784.41,55.49,149840.47,2021-07-02,STANDARD
RF-4RM71OSH6OY9,CA-FL-00000231,2025-01-01,2838744.51,4980784.41,56.99,294822.4,2023-12-10,INFORMAL
RF-YXMDHF38OU3S,CA-FL-00000231,2025-04-01,2806175.31,4980784.41,56.34,365364.02,2021-05-24,STANDARD
RF-P7OSRZA4DTLD,CA-TX-00000232,2024-01-01,338710.05,809227.16,41.86,46335.13,2021-06-04,INFORMAL
RF-WP9Z69GU4L3T,CA-TX-00000232,2024-04-01,307796.59,809227.16,38.04,50700.02,2020-08-17,STANDARD
RF-NNAOZF4BYLF1,CA-TX-00000232,2024-07-01,304017.73,809227.16,37.57,43633.26,2020-08-13,INFORMAL
RF-8K7XNESY88GX,CA-TX-00000232,2024-10-01,298079.6,809227.16,36.84,40237.36,,STANDARD
RF-HPQ6TH6J3G5C,CA-TX-00000232,2025-01-01,312545.35,809227.16,38.62,44969.17,2022-06-15,STANDARD
RF-33WCV1ZKMXK4,CA-TX-00000232,2025-04-01,298884.59,809227.16,36.93,40273.51,2024-09-25,INFORMAL
RF-NG97GYHX3GMT,CA-TX-00000233,2024-01-01,1656068.56,2579968.82,64.19,184192.77,2020-04-08,INFORMAL
RF-IX6UZHLFKMZZ,CA-TX-00000233,2024-04-01,1670192.56,2579968.82,64.74,91504.47,2023-01-20,INFORMAL
RF-E6ONGFBOBO1S,CA-TX-00000233,2024-07-01,1602338.35,2579968.82,62.11,94319.62,2022-12-11,STANDARD
RF-QE72ZQZQTVJE,CA-TX-00000233,2024-10-01,1563660.11,2579968.82,60.61,183391.63,2021-09-30,STANDARD
RF-YEV2LW4A2GKD,CA-TX-00000233,2025-01-01,1685204.52,2579968.82,65.32,117617.16,2021-05-04,INFORMAL
RF-LV8OIIY9CJB6,CA-TX-00000233,2025-04-01,1630039.23,2579968.82,63.18,157331.95,2023-08-28,STANDARD
RF-L3PAUX4D2KIQ,CA-AZ-00000234,2024-01-01,3381590.49,4418511.16,76.53,351038.26,2020-04-17,STANDARD
RF-5928PU2U0126,CA-AZ-00000234,2024-04-01,3588997.69,4418511.16,81.23,179078.52,2022-08-11,INFORMAL
RF-JVF211VX7YJ4,CA-AZ-00000234,2024-07-01,3467238.81,4418511.16,78.47,160659.25,2020-09-27,INFORMAL
RF-BUKFJ1QPN895,CA-AZ-00000234,2024-10-01,3613619.85,4418511.16,81.78,301846.17,2021-02-02,INFORMAL
RF-7F6XJVHX2SO3,CA-AZ-00000234,2025-01-01,3583806.54,4418511.16,81.11,327300.11,2022-05-23,INFORMAL
RF-P9ORSIWRUG3F,CA-AZ-00000234,2025-04-01,3537309.72,4418511.16,80.06,133848.32,2023-09-30,INFORMAL
RF-VNNT0BDQQCJ8,CA-AZ-00000235,2024-01-01,2562399.94,3873910.83,66.15,202924.65,,INFORMAL
RF-8I1B5QP8EPDY,CA-AZ-00000235,2024-04-01,2544167.92,3873910.83,65.67,127512.56,2020-07-22,INFORMAL
RF-C3UXK9G3CQTN,CA-AZ-00000235,2024-07-01,2587469.64,3873910.83,66.79,191233.47,2023-01-21,STANDARD
RF-COI1JNALGDFL,CA-AZ-00000235,2024-10-01,2683854.14,3873910.83,69.28,214469.29,,INFORMAL
RF-S0N0CAZU7WTD,CA-AZ-00000235,2025-01-01,2493605.48,3873910.83,64.37,167482.67,2024-07-04,INFORMAL
RF-9WYAKAW4BTN8,CA-AZ-00000235,2025-04-01,2693971.17,3873910.83,69.54,123046.85,2024-03-02,STANDARD
RF-0DCPHJCM8LL8,CA-CA-00000236,2024-01-01,82203.41,498605.24,16.49,19108.46,2023-02-23,INFORMAL
RF-UIX9NBNSD6XK,CA-CA-00000236,2024-04-01,73491.31,498605.24,14.74,32544.93,,INFORMAL
RF-WWGLZG1H2B9E,CA-CA-00000236,2024-07-01,76541.72,498605.24,15.35,38440.39,2023-01-26,INFORMAL
RF-T5Q6FT2KINKS,CA-CA-00000236,2024-10-01,79364.6,498605.24,15.92,33898.89,2020-11-07,INFORMAL
RF-Q9J3SZDSH6PS,CA-CA-00000236,2025-01-01,66032.9,498605.24,13.24,23134.98,2023-03-06,STANDARD
RF-OQRTHHTYLUZG,CA-CA-00000236,2025-04-01,72804.24,498605.24,14.6,22502.48,2023-10-14,STANDARD
RF-C0E50KEH8X1R,CA-CA-00000237,2024-01-01,2151389.64,4092602.98,52.57,182945.45,2022-06-02,INFORMAL
RF-3AB2522Z96NU,CA-CA-00000237,2024-04-01,2091618.95,4092602.98,51.11,141691.67,,STANDARD
RF-NXMHPMVRQ7JB,CA-CA-00000237,2024-07-01,2207195.61,4092602.98,53.93,287186.44,2023-06-12,STANDARD
RF-TFE4GRYN2FXU,CA-CA-00000237,2024-10-01,2255688.18,4092602.98,55.12,311207.05,2020-12-18,STANDARD
RF-9J00P5FNLOY1,CA-CA-00000237,2025-01-01,2191783.25,4092602.98,53.55,175240.48,,STANDARD
RF-M8GSP5TECB0G,CA-CA-00000237,2025-04-01,2074113.63,4092602.98,50.68,320916.57,2022-02-01,INFORMAL
RF-RDLS04TF88DR,CA-TX-00000238,2024-01-01,3341948.25,4575348.48,73.04,154335.14,2021-05-29,INFORMAL
RF-K90UBBFT7Y0Z,CA-TX-00000238,2024-04-01,3358023.02,4575348.48,73.39,184676.98,2022-07-06,INFORMAL
RF-GG4TTFF6O0NZ,CA-TX-00000238,2024-07-01,3433389.59,4575348.48,75.04,196701.34,2023-08-19,STANDARD
RF-DSCEAHBK2IJY,CA-TX-00000238,2024-10-01,3293372.31,4575348.48,71.98,258971.04,2021-03-30,INFORMAL
RF-C3CXB3PFATQT,CA-TX-00000238,2025-01-01,3431863.75,4575348.48,75.01,260467.28,2022-12-23,STANDARD
RF-GLDTRZHFEUHK,CA-TX-00000238,2025-04-01,3485323.82,4575348.48,76.18,237140.12,,INFORMAL
RF-8FPN8J9SPTDK,CA-CA-00000239,2024-01-01,212314.42,1139244.24,18.64,73009.42,2022-12-21,INFORMAL
RF-VX3R6NID5KJO,CA-CA-00000239,2024-04-01,194818.5,1139244.24,17.1,73647.95,2022-09-15,STANDARD
RF-HIL7DK9QVT2S,CA-CA-00000239,2024-07-01,198623.42,1139244.24,17.43,39646.62,,INFORMAL
RF-FUFPNJVM0F8K,CA-CA-00000239,2024-10-01,202540.12,1139244.24,17.78,82833.78,2020-11-19,STANDARD
RF-49WAB3735BUY,CA-CA-00000239,2025-01-01,184854.98,1139244.24,16.23,83122.18,2022-08-08,STANDARD
RF-3E2B7BJZKCLH,CA-CA-00000239,2025-04-01,178216.38,1139244.24,15.64,61645.83,2021-11-03,INFORMAL
RF-HS6RFVCDAXAJ,CA-CA-00000240,2024-01-01,1798069.41,2614272.46,68.78,136766.13,2021-08-30,STANDARD
RF-QF8EMG0BOF9Z,CA-CA-00000240,2024-04-01,1808582.22,2614272.46,69.18,203425.79,2022-08-28,STANDARD
RF-GJQX6KL80RJI,CA-CA-00000240,2024-07-01,1888259.95,2614272.46,72.23,180358.21,,STANDARD
RF-UZTF92M3MRR2,CA-CA-00000240,2024-10-01,1827027.13,2614272.46,69.89,138705.78,,STANDARD
RF-6V3JJRAV8LLT,CA-CA-00000240,2025-01-01,1908661.96,2614272.46,73.01,140244.48,2022-05-24,STANDARD
RF-QRZZRBB6KZPR,CA-CA-00000240,2025-04-01,1911130.31,2614272.46,73.1,196578.59,2021-09-23,STANDARD
RF-4DD3OP684PKJ,CA-CO-00000241,2024-01-01,1687848.46,3496394.39,48.27,129144.43,,INFORMAL
RF-82VHDBD0OYCF,CA-CO-00000241,2024-04-01,1799995.7,3496394.39,51.48,107555.58,2020-12-01,STANDARD
RF-4QTHHGMW0MFT,CA-CO-00000241,2024-07-01,1699896.99,3496394.39,48.62,160283.86,2023-06-15,INFORMAL
RF-HXC6IDP7QTBV,CA-CO-00000241,2024-10-01,1740984.58,3496394.39,49.79,208817.93,,INFORMAL
RF-B7094WOOSIOJ,CA-CO-00000241,2025-01-01,1803559.47,3496394.39,51.58,238239.23,2023-05-28,INFORMAL
RF-75TCXFPZXCPL,CA-CO-00000241,2025-04-01,1834397.48,3496394.39,52.47,243034.28,2022-03-30,INFORMAL
RF-52HODD3WQYHE,CA-IL-00000242,2024-01-01,249499.65,1770578.01,14.09,124867.97,2023-06-02,INFORMAL
RF-8JN3OO3U2S5Z,CA-IL-00000242,2024-04-01,283668.62,1770578.01,16.02,128609.16,2020-07-29,INFORMAL
RF-BQVVH0UWU89A,CA-IL-00000242,2024-07-01,272598.87,1770578.01,15.4,110342.02,2023-02-28,INFORMAL
RF-HAHEYZKV3CRA,CA-IL-00000242,2024-10-01,232936.82,1770578.01,13.16,128063.97,2022-10-02,STANDARD
RF-94Z0FHPZ2TPY,CA-IL-00000242,2025-01-01,189729.23,1770578.01,10.72,141100.53,,STANDARD
RF-2RK483DKQHQA,CA-IL-00000242,2025-04-01,146520.47,1770578.01,8.28,130845.32,2022-05-24,STANDARD
RF-F4VTIU021OQR,CA-FL-00000243,2024-01-01,410105.6,1352660.71,30.32,96700.51,2021-06-03,STANDARD
RF-X3VHO2VGJ6Y5,CA-FL-00000243,2024-04-01,403935.12,1352660.71,29.86,107570.11,2023-03-04,STANDARD
RF-G0SZLBU3X7R5,CA-FL-00000243,2024-07-01,419826.18,1352660.71,31.04,88608.92,,INFORMAL
RF-6BRBC8JBVNNF,CA-FL-00000243,2024-10-01,400527.47,1352660.71,29.61,49243.61,2022-07-06,INFORMAL
RF-F918VURM4MV1,CA-FL-00000243,2025-01-01,352774.54,1352660.71,26.08,65682.35,2023-01-01,STANDARD
RF-VFFMN8HPRVAH,CA-FL-00000243,2025-04-01,400557.85,1352660.71,29.61,77020.19,2021-10-12,STANDARD
RF-H9LF7CC55A94,CA-IL-00000244,2024-01-01,2668902.1,4645825.61,57.45,236281.09,2020-08-02,STANDARD
RF-K01564QM4LDR,CA-IL-00000244,2024-04-01,2731679.15,4645825.61,58.8,293916.77,2022-07-15,INFORMAL
RF-V4KNTDR5PWXZ,CA-IL-00000244,2024-07-01,2871899.5,4645825.61,61.82,162542.04,2021-03-31,INFORMAL
RF-X6T242EL29JV,CA-IL-00000244,2024-10-01,2968132.05,4645825.61,63.89,184624.86,2021-01-29,STANDARD
RF-TVSF49B3YS7L,CA-IL-00000244,2025-01-01,2812274.2,4645825.61,60.53,370417.17,2023-07-20,STANDARD
RF-LZY5EQ1RIYFX,CA-IL-00000244,2025-04-01,2775810.07,4645825.61,59.75,308837.59,2024-06-10,INFORMAL
RF-YVOVHYFJNDFK,CA-CA-00000245,2024-01-01,1923836.21,2474529.01,77.75,95238.86,,INFORMAL
RF-BSKA0HCDJWXN,CA-CA-00000245,2024-04-01,1888883.87,2474529.01,76.33,158431.63,2023-03-12,STANDARD
RF-NYDGAZAOOUQF,CA-CA-00000245,2024-07-01,1977319.05,2474529.01,79.91,91314.9,2023-02-13,STANDARD
RF-6438BHS0TXM5,CA-CA-00000245,2024-10-01,1929122.37,2474529.01,77.96,102465.38,2020-12-31,INFORMAL
RF-CBO4LTMT24OW,CA-CA-00000245,2025-01-01,1948955.93,2474529.01,78.76,132585.71,2023-07-11,STANDARD
RF-NJD5JSDL60IK,CA-CA-00000245,2025-04-01,1965096.59,2474529.01,79.41,128761.68,2022-09-18,STANDARD
RF-JP5PHJN8JM0B,CA-CA-00000246,2024-01-01,1061566.59,2316948.21,45.82,96489.43,2023-04-15,INFORMAL
RF-JW6E58APMVTA,CA-CA-00000246,2024-04-01,1004006.86,2316948.21,43.33,134760.39,2023-07-03,INFORMAL
RF-IERFLWPNNYSU,CA-CA-00000246,2024-07-01,999104.83,2316948.21,43.12,77017.06,2023-01-10,STANDARD
RF-P54VZFPFO7UC,CA-CA-00000246,2024-10-01,973322.32,2316948.21,42.01,177405.02,,INFORMAL
RF-O3QT5FZQCPMY,CA-CA-00000246,2025-01-01,1019881.01,2316948.21,44.02,73147.45,2022-11-06,INFORMAL
RF-LZ6M5TEB7U3W,CA-CA-00000246,2025-04-01,1024726.97,2316948.21,44.23,179732.2,2022-08-09,STANDARD
RF-FFA50PW3AQAN,CA-CA-00000247,2024-01-01,2817771.72,3612295.69,78.01,142822.82,2021-05-16,STANDARD
RF-5Z4YTRN4BW31,CA-CA-00000247,2024-04-01,2741186.26,3612295.69,75.88,224794.15,2021-12-12,INFORMAL
RF-BHFY5O2182AQ,CA-CA-00000247,2024-07-01,2792174.05,3612295.69,77.3,191893.08,2020-07-17,STANDARD
RF-XX0CDYAN2R15,CA-CA-00000247,2024-10-01,2711234.65,3612295.69,75.06,214716.98,,STANDARD
RF-QQOEYUZLJGAT,CA-CA-00000247,2025-01-01,2763862.25,3612295.69,76.51,283052.59,2024-04-19,STANDARD
RF-TPM69I7PJJ7L,CA-CA-00000247,2025-04-01,2836973.53,3612295.69,78.54,195480.04,2022-02-18,STANDARD
RF-9D7LO21YE4IO,CA-WA-00000248,2024-01-01,698832.95,876298.52,79.75,52407.68,,STANDARD
RF-V7ZVRRSZCEVX,CA-WA-00000248,2024-04-01,705261.05,876298.52,80.48,53536.0,2023-02-28,STANDARD
RF-W2B3EJJNNA0X,CA-WA-00000248,2024-07-01,689755.73,876298.52,78.71,41306.68,2023-06-19,INFORMAL
RF-MYD877RX0BXT,CA-WA-00000248,2024-10-01,708519.61,876298.52,80.85,55695.95,2023-04-12,STANDARD
RF-VQBRU73NU3L7,CA-WA-00000248,2025-01-01,728421.39,876298.52,83.12,30890.69,2022-09-16,STANDARD
RF-41ZUWV08NR4J,CA-WA-00000248,2025-04-01,727783.73,876298.52,83.05,42842.23,2024-07-08,INFORMAL
RF-6NIKVQCB15RA,CA-FL-00000249,2024-01-01,360728.69,474127.41,76.08,14289.01,2021-06-26,STANDARD
RF-UFOIH4POAVKG,CA-FL-00000249,2024-04-01,362321.45,474127.41,76.42,30506.67,2022-12-05,INFORMAL
RF-W097ZIGF5XR2,CA-FL-00000249,2024-07-01,359471.58,474127.41,75.82,29812.73,2023-10-31,INFORMAL
RF-Z4KQLC0YWLHJ,CA-FL-00000249,2024-10-01,371034.24,474127.41,78.26,37055.62,2023-12-04,STANDARD
RF-CV0DOOKA3D88,CA-FL-00000249,2025-01-01,370954.67,474127.41,78.24,37337.92,2023-02-26,INFORMAL
RF-CNRJV7JQPGV6,CA-FL-00000249,2025-04-01,373356.45,474127.41,78.75,28882.06,2022-02-19,INFORMAL
RF-3GDYJR497SA5,CA-TX-00000250,2024-01-01,444931.71,1485206.4,29.96,115136.51,,STANDARD
RF-9EDK3HXQR8SN,CA-TX-00000250,2024-04-01,512890.94,1485206.4,34.53,102812.17,2022-12-06,STANDARD
RF-SBYD64S9FAVQ,CA-TX-00000250,2024-07-01,473325.26,1485206.4,31.87,101002.15,2021-11-29,STANDARD
RF-J9MIOGN4G0HL,CA-TX-00000250,2024-10-01,460316.23,1485206.4,30.99,62137.94,2021-10-01,STANDARD
RF-P9H0C23LKBLD,CA-TX-00000250,2025-01-01,490531.0,1485206.4,33.03,52901.08,2021-07-31,INFORMAL
RF-59UK7SZJYGYA,CA-TX-00000250,2025-04-01,461892.7,1485206.4,31.1,78684.39,2021-10-09,INFORMAL
RF-MHGLNYD3H14R,CA-FL-00000251,2024-01-01,2393541.79,2861556.66,83.64,116420.4,2022-06-24,STANDARD
RF-1JH2GFCZFA83,CA-FL-00000251,2024-04-01,2407845.14,2861556.66,84.14,169730.14,2021-08-14,STANDARD
RF-HFFNEBDMAM05,CA-FL-00000251,2024-07-01,2331318.88,2861556.66,81.47,147850.54,2023-09-09,INFORMAL
RF-V3HO2CC963A6,CA-FL-00000251,2024-10-01,2453417.2,2861556.66,85.74,94940.58,2021-12-30,INFORMAL
RF-8LSBPM3A8RAK,CA-FL-00000251,2025-01-01,2424056.48,2861556.66,84.71,132867.12,2023-08-12,INFORMAL
RF-LEQ5O0BQONNZ,CA-FL-00000251,2025-04-01,2408438.35,2861556.66,84.17,109623.31,2023-04-08,INFORMAL
RF-RKYWBV7R2X8I,CA-TX-00000252,2024-01-01,241133.34,1557431.77,15.48,55124.55,2023-05-12,STANDARD
RF-7X6VB16R4E90,CA-TX-00000252,2024-04-01,275043.8,1557431.77,17.66,79465.34,2021-12-02,INFORMAL
RF-UN2UIX1C07E2,CA-TX-00000252,2024-07-01,224317.68,1557431.77,14.4,61878.56,2022-05-28,INFORMAL
RF-5X32QJZXZ9Q0,CA-TX-00000252,2024-10-01,199633.2,1557431.77,12.82,95856.42,2023-12-17,STANDARD
RF-IIR45J0ZGW6Y,CA-TX-00000252,2025-01-01,178537.26,1557431.77,11.46,52383.74,2021-03-30,STANDARD
RF-4D0CVOQ2BVNV,CA-TX-00000252,2025-04-01,222964.12,1557431.77,14.32,109639.44,2021-10-29,STANDARD
RF-NWSRF68VDV3R,CA-FL-00000253,2024-01-01,485677.41,3404324.37,14.27,174786.65,2021-01-30,STANDARD
RF-9KV1078ZRIK2,CA-FL-00000253,2024-04-01,342549.61,3404324.37,10.06,252739.76,2020-12-21,INFORMAL
RF-G6DU8S9E8MJP,CA-FL-00000253,2024-07-01,245276.67,3404324.37,7.2,240949.17,2020-09-19,STANDARD
RF-NKKBZTZ20IOV,CA-FL-00000253,2024-10-01,237999.93,3404324.37,6.99,124932.7,,INFORMAL
RF-8G8D9RQGWG97,CA-FL-00000253,2025-01-01,320674.09,3404324.37,9.42,140471.21,2022-04-08,INFORMAL
RF-9WZ48K5SWVOJ,CA-FL-00000253,2025-04-01,212159.05,3404324.37,6.23,173969.69,,INFORMAL
RF-I7EZLCOORGP4,CA-AZ-00000254,2024-01-01,1118593.7,1757121.45,63.66,137388.58,2021-09-06,INFORMAL
RF-K2PZT17UPRXE,CA-AZ-00000254,2024-04-01,1134630.01,1757121.45,64.57,98167.84,2020-05-23,INFORMAL
RF-NWKJN49WIWGE,CA-AZ-00000254,2024-07-01,1157884.18,1757121.45,65.9,127067.1,2023-07-26,STANDARD
RF-8JIV31APNG5T,CA-AZ-00000254,2024-10-01,1173639.42,1757121.45,66.79,104526.65,2023-05-31,STANDARD
RF-WD9FXM8MMMDX,CA-AZ-00000254,2025-01-01,1133007.72,1757121.45,64.48,59047.72,,INFORMAL
RF-RGV7NJ36KIDI,CA-AZ-00000254,2025-04-01,1114568.16,1757121.45,63.43,124620.02,,INFORMAL
RF-O2JFQ0R3WJN7,CA-CA-00000255,2024-01-01,117391.1,336086.46,34.93,11253.45,2021-08-03,STANDARD
RF-6PQ6TPZJJ6GO,CA-CA-00000255,2024-04-01,110212.09,336086.46,32.79,18492.25,2021-01-08,STANDARD
RF-9B4MUF4B3TWD,CA-CA-00000255,2024-07-01,109237.15,336086.46,32.5,22347.04,2022-11-03,INFORMAL
RF-Y86T8Z5ODIGH,CA-CA-00000255,2024-10-01,114787.31,336086.46,34.15,26819.86,2024-03-25,INFORMAL
RF-9BKS36XV5MJM,CA-CA-00000255,2025-01-01,111800.64,336086.46,33.27,11039.13,2022-01-22,INFORMAL
RF-S7BDKZJVP1P0,CA-CA-00000255,2025-04-01,111202.99,336086.46,33.09,20450.29,,INFORMAL
RF-125EKHE29Z99,CA-FL-00000256,2024-01-01,641543.72,2134746.47,30.05,103810.94,2020-02-09,SIRS
RF-S5HQLOAX4CRF,CA-FL-00000256,2024-04-01,612922.14,2134746.47,28.71,65958.69,2022-06-10,SIRS
RF-BSMLOHZV9DI2,CA-FL-00000256,2024-07-01,664618.17,2134746.47,31.13,70650.5,2021-07-23,SIRS
RF-2OHEW0PRRQ2N,CA-FL-00000256,2024-10-01,662858.63,2134746.47,31.05,70399.87,2023-11-04,SIRS
RF-7UFW9Z972ZDK,CA-FL-00000256,2025-01-01,564187.32,2134746.47,26.43,106777.39,2022-06-02,SIRS
RF-84U9S1F7PK4R,CA-FL-00000256,2025-04-01,587136.18,2134746.47,27.5,91245.79,2024-04-06,SIRS
RF-82DP74RPOLBD,CA-VA-00000257,2024-01-01,926932.42,1815143.73,51.07,80343.78,2021-01-11,INFORMAL
RF-VC6HJXD8ZMCE,CA-VA-00000257,2024-04-01,949619.52,1815143.73,52.32,122976.89,2021-03-21,STANDARD
RF-ZW8TJLX1Y1NK,CA-VA-00000257,2024-07-01,919682.16,1815143.73,50.67,88108.74,2020-07-23,STANDARD
RF-TL2KGTYKEJAB,CA-VA-00000257,2024-10-01,941312.83,1815143.73,51.86,99287.24,2022-12-21,STANDARD
RF-BG1SUZ4MWYUE,CA-VA-00000257,2025-01-01,946338.12,1815143.73,52.14,117696.03,2024-05-22,STANDARD
RF-17HWP5RLDMLX,CA-VA-00000257,2025-04-01,986576.9,1815143.73,54.35,99724.88,,STANDARD
RF-E2DZP31GQDRG,CA-NY-00000258,2024-01-01,2573179.8,3689171.75,69.75,202101.31,2022-09-25,STANDARD
RF-QKV86QFH9LOC,CA-NY-00000258,2024-04-01,2637660.53,3689171.75,71.5,196332.96,2023-02-28,STANDARD
RF-EV2SU8WOFYKJ,CA-NY-00000258,2024-07-01,2612380.43,3689171.75,70.81,158106.59,2021-11-22,STANDARD
RF-MJOG0F7AN6RT,CA-NY-00000258,2024-10-01,2642356.33,3689171.75,71.62,271347.49,,INFORMAL
RF-MOLIKSSAA0V6,CA-NY-00000258,2025-01-01,2764750.54,3689171.75,74.94,116120.34,2022-01-17,STANDARD
RF-K3P41FNM1PS5,CA-NY-00000258,2025-04-01,2761080.31,3689171.75,74.84,170873.92,2021-06-30,STANDARD
RF-VXBC7BIO12U4,CA-TX-00000259,2024-01-01,914018.3,1642451.89,55.65,90294.6,2020-12-20,STANDARD
RF-JG5NFF9D1KXV,CA-TX-00000259,2024-04-01,920136.37,1642451.89,56.02,122305.52,2022-11-03,INFORMAL
RF-WYT4Y74QA5JE,CA-TX-00000259,2024-07-01,878426.47,1642451.89,53.48,83383.56,2021-04-21,INFORMAL
RF-FT72OWWT0YOL,CA-TX-00000259,2024-10-01,933457.83,1642451.89,56.83,125096.87,2022-09-12,STANDARD
RF-XSDMFI9K3OYS,CA-TX-00000259,2025-01-01,957745.28,1642451.89,58.31,100754.02,2022-02-28,INFORMAL
RF-0L030SS0VCHE,CA-TX-00000259,2025-04-01,898769.51,1642451.89,54.72,76326.28,2024-06-19,STANDARD
RF-9LQKAP021G6O,CA-OH-00000260,2024-01-01,835436.42,1380511.1,60.52,53128.47,,INFORMAL
RF-JT9F98U1WVKO,CA-OH-00000260,2024-04-01,825507.11,1380511.1,59.8,65726.88,2020-07-10,STANDARD
RF-M0T8W5QYTP0C,CA-OH-00000260,2024-07-01,836826.91,1380511.1,60.62,105759.67,2020-08-06,INFORMAL
RF-ZX2LWICLJ31H,CA-OH-00000260,2024-10-01,837981.97,1380511.1,60.7,46190.21,2020-11-28,STANDARD
RF-5ICSPRIB02I9,CA-OH-00000260,2025-01-01,844541.61,1380511.1,61.18,51358.67,2023-01-13,INFORMAL
RF-8GJTUE3FPYSL,CA-OH-00000260,2025-04-01,814505.11,1380511.1,59.0,43774.56,,INFORMAL
RF-PL04D8RWBHFX,CA-IL-00000261,2024-01-01,1176550.68,2185995.25,53.82,100106.43,2020-01-22,INFORMAL
RF-FRK0MCV3TNHX,CA-IL-00000261,2024-04-01,1124120.22,2185995.25,51.42,156191.08,,INFORMAL
RF-2JTD3U5M9F3X,CA-IL-00000261,2024-07-01,1123658.33,2185995.25,51.4,133091.2,2020-09-17,STANDARD
RF-OM7BKC1ZXEVB,CA-IL-00000261,2024-10-01,1068321.04,2185995.25,48.87,154346.5,2023-01-30,STANDARD
RF-CX9AGV053UTO,CA-IL-00000261,2025-01-01,1128830.34,2185995.25,51.64,144168.16,2022-05-20,INFORMAL
RF-274E30CIA3U5,CA-IL-00000261,2025-04-01,1124167.7,2185995.25,51.43,71501.38,2023-01-28,INFORMAL
RF-1YMF4YPKHO63,CA-VA-00000262,2024-01-01,1885240.71,2657505.48,70.94,189825.76,2020-07-23,INFORMAL
RF-21MRE2DIPSHE,CA-VA-00000262,2024-04-01,1837733.92,2657505.48,69.15,157864.25,2022-11-16,STANDARD
RF-6KSJ6MUQHN9W,CA-VA-00000262,2024-07-01,1884187.77,2657505.48,70.9,92754.45,2022-05-18,INFORMAL
RF-RWD5FCJ69M63,CA-VA-00000262,2024-10-01,1831664.69,2657505.48,68.92,133782.55,2022-01-29,STANDARD
RF-8GVPN43U0ALU,CA-VA-00000262,2025-01-01,1882002.32,2657505.48,70.82,185256.38,2022-12-01,INFORMAL
RF-YB999HQL6YM1,CA-VA-00000262,2025-04-01,1886620.98,2657505.48,70.99,92373.24,2024-06-27,STANDARD
RF-WWDKH6C42UTY,CA-NC-00000263,2024-01-01,1560326.37,2162632.36,72.15,71102.5,2020-03-17,INFORMAL
RF-GBVORD25NLT8,CA-NC-00000263,2024-04-01,1576699.26,2162632.36,72.91,119741.02,2021-05-19,STANDARD
RF-C28580QUDFQW,CA-NC-00000263,2024-07-01,1616411.24,2162632.36,74.74,164822.8,2023-03-09,INFORMAL
RF-FERZZQE67RNT,CA-NC-00000263,2024-10-01,1584096.82,2162632.36,73.25,100333.52,2023-08-13,STANDARD
RF-4ISOUSTMHXNX,CA-NC-00000263,2025-01-01,1554799.22,2162632.36,71.89,168500.77,2023-07-21,INFORMAL
RF-LA1M03FQ85Y2,CA-NC-00000263,2025-04-01,1672321.89,2162632.36,77.33,77885.42,2023-10-23,STANDARD
RF-M7FIVD3N6P2N,CA-CA-00000264,2024-01-01,269362.11,1031515.52,26.11,39254.5,2020-01-29,INFORMAL
RF-HF6ELI0FC8UP,CA-CA-00000264,2024-04-01,288681.94,1031515.52,27.99,58127.79,2023-08-06,STANDARD
RF-BF7XX986TGLX,CA-CA-00000264,2024-07-01,258881.21,1031515.52,25.1,66156.86,2022-06-21,STANDARD
RF-7LUSZ7GBVKD6,CA-CA-00000264,2024-10-01,259393.8,1031515.52,25.15,34199.77,,STANDARD
RF-5DBH3OGOC3XY,CA-CA-00000264,2025-01-01,248522.71,1031515.52,24.09,55581.5,2021-04-05,STANDARD
RF-JLCG2JH16UID,CA-CA-00000264,2025-04-01,228996.66,1031515.52,22.2,31900.43,2023-12-09,INFORMAL
RF-ZJCBGUDV52T8,CA-FL-00000265,2024-01-01,400003.63,4126274.21,9.69,303975.68,2022-03-27,STANDARD
RF-7XQ4P162QBIQ,CA-FL-00000265,2024-04-01,340648.15,4126274.21,8.26,310137.57,2020-04-16,STANDARD
RF-QA7YRXE8YR4Z,CA-FL-00000265,2024-07-01,300481.12,4126274.21,7.28,208980.21,2023-03-23,STANDARD
RF-TKR7DWE6OGQ2,CA-FL-00000265,2024-10-01,302419.06,4126274.21,7.33,166584.38,2021-08-01,INFORMAL
RF-EOFY7I91URLI,CA-FL-00000265,2025-01-01,216886.66,4126274.21,5.26,275592.9,2023-08-19,INFORMAL
RF-927JW5TQBRXW,CA-FL-00000265,2025-04-01,258013.98,4126274.21,6.25,177312.5,2022-02-19,INFORMAL
RF-ZR9BFVVJKEQ2,CA-WA-00000266,2024-01-01,1321997.79,1519941.72,86.98,95002.7,2023-02-22,INFORMAL
RF-7559XSTHYUEG,CA-WA-00000266,2024-04-01,1346760.48,1519941.72,88.61,117781.56,2022-10-09,INFORMAL
RF-7YX2N5XLSLSS,CA-WA-00000266,2024-07-01,1358774.42,1519941.72,89.4,85344.98,2023-10-19,STANDARD
RF-UXMC1MD86RGI,CA-WA-00000266,2024-10-01,1364223.04,1519941.72,89.75,97009.79,2022-01-08,INFORMAL
RF-TOT5LNDS6FO8,CA-WA-00000266,2025-01-01,1361273.28,1519941.72,89.56,104152.82,2023-04-01,INFORMAL
RF-GUANIWPNOT4L,CA-WA-00000266,2025-04-01,1382553.85,1519941.72,90.96,115970.4,2024-08-07,STANDARD
RF-TMMWRHGF4912,CA-NV-00000267,2024-01-01,272655.41,627797.16,43.43,21976.95,2021-09-24,STANDARD
RF-K6KPUIQONJ8J,CA-NV-00000267,2024-04-01,290611.84,627797.16,46.29,44847.84,2022-10-08,STANDARD
RF-KVWC4NPQ4S3Q,CA-NV-00000267,2024-07-01,288899.22,627797.16,46.02,23561.63,2022-10-01,STANDARD
RF-JM0OWK694TYZ,CA-NV-00000267,2024-10-01,271472.41,627797.16,43.24,41380.75,2022-09-15,STANDARD
RF-6XU3I0WMPTET,CA-NV-00000267,2025-01-01,277134.11,627797.16,44.14,19384.21,,INFORMAL
RF-IHPIZS0I2TJ9,CA-NV-00000267,2025-04-01,281328.34,627797.16,44.81,32498.22,2023-06-10,INFORMAL
RF-HKMI6ISB1Q0Z,CA-CA-00000268,2024-01-01,545008.47,3218245.45,16.93,169401.06,2022-06-09,INFORMAL
RF-XMMJG1UMK135,CA-CA-00000268,2024-04-01,571924.0,3218245.45,17.77,245510.91,2020-12-09,STANDARD
RF-XQZ8184F6J3R,CA-CA-00000268,2024-07-01,384468.03,3218245.45,11.95,253439.75,,INFORMAL
RF-DNKESFKGEM7R,CA-CA-00000268,2024-10-01,320341.66,3218245.45,9.95,106358.33,2021-07-25,INFORMAL
RF-HWJMQJ43GRGO,CA-CA-00000268,2025-01-01,366275.51,3218245.45,11.38,235974.56,2022-07-04,STANDARD
RF-YKH022PFSOQP,CA-CA-00000268,2025-04-01,351040.85,3218245.45,10.91,227808.84,2022-08-17,STANDARD
RF-LQGZYC31XOQN,CA-TX-00000269,2024-01-01,2404368.02,3464033.32,69.41,176398.86,,STANDARD
RF-GYV3UYGMJ0F7,CA-TX-00000269,2024-04-01,2273157.37,3464033.32,65.62,181034.74,2023-06-26,STANDARD
RF-JYW8XOEVLEJR,CA-TX-00000269,2024-07-01,2392572.53,3464033.32,69.07,216153.31,2020-10-31,INFORMAL
RF-64DFWHBP05P6,CA-TX-00000269,2024-10-01,2338943.44,3464033.32,67.52,156170.87,2021-10-16,STANDARD
RF-MDBHGUXXQV4D,CA-TX-00000269,2025-01-01,2473620.14,3464033.32,71.41,157862.49,2023-03-27,INFORMAL
RF-26M74YGGI3BO,CA-TX-00000269,2025-04-01,2501668.63,3464033.32,72.22,194249.24,2023-12-28,INFORMAL
RF-D34I14Z43O92,CA-GA-00000270,2024-01-01,757919.71,2571330.0,29.48,162959.61,2020-02-20,INFORMAL
RF-T0PVWSN5SHGS,CA-GA-00000270,2024-04-01,804556.37,2571330.0,31.29,86981.39,2022-08-17,INFORMAL
RF-4Y3I4APZBTVJ,CA-GA-00000270,2024-07-01,748756.51,2571330.0,29.12,123550.05,2021-09-01,INFORMAL
RF-SQNZLYCEDYLV,CA-GA-00000270,2024-10-01,754222.62,2571330.0,29.33,89227.78,2020-12-27,STANDARD
RF-Z2RZXFU4WPTZ,CA-GA-00000270,2025-01-01,749239.37,2571330.0,29.14,96295.16,2024-04-06,INFORMAL
RF-L5X205AERUS7,CA-GA-00000270,2025-04-01,666504.45,2571330.0,25.92,164560.17,2021-09-10,STANDARD
RF-CDVEJDI102AJ,CA-CO-00000271,2024-01-01,2799494.17,4069070.35,68.8,165777.78,2022-10-22,INFORMAL
RF-VMXVSM3AC9JF,CA-CO-00000271,2024-04-01,2827770.44,4069070.35,69.49,163893.87,2022-03-07,STANDARD
RF-TFPYC42YDKUN,CA-CO-00000271,2024-07-01,2962258.6,4069070.35,72.8,202145.07,2023-11-12,STANDARD
RF-PSKD8VKMIPPY,CA-CO-00000271,2024-10-01,2813729.05,4069070.35,69.15,134159.29,2023-06-23,INFORMAL
RF-ZRJV4UAG58WO,CA-CO-00000271,2025-01-01,2956332.4,4069070.35,72.65,134438.45,2023-12-07,STANDARD
RF-MY7LWE4H71U4,CA-CO-00000271,2025-04-01,2905947.04,4069070.35,71.42,147842.98,2023-04-20,STANDARD
RF-HQVT33R5ZUWN,CA-FL-00000272,2024-01-01,635131.02,3982642.75,15.95,235917.34,,SIRS
RF-SQNPSRGF1VP0,CA-FL-00000272,2024-04-01,564419.96,3982642.75,14.17,300857.19,2023-01-25,SIRS
RF-QH4R9YTU5AHU,CA-FL-00000272,2024-07-01,534384.56,3982642.75,13.42,202094.66,2021-08-14,SIRS
RF-CM87N5F2AS5J,CA-FL-00000272,2024-10-01,514326.28,3982642.75,12.91,173639.05,2023-10-19,SIRS
RF-46PJQE5R5OX4,CA-FL-00000272,2025-01-01,392885.96,3982642.75,9.86,202846.84,,SIRS
RF-ZKW8CMD1BC7G,CA-FL-00000272,2025-04-01,332294.33,3982642.75,8.34,123591.38,2021-12-26,SIRS
RF-66CCTT18EF7G,CA-AZ-00000273,2024-01-01,255771.75,1013355.64,25.24,46007.4,2021-06-11,STANDARD
RF-HWP1PRNC06A6,CA-AZ-00000273,2024-04-01,310105.42,1013355.64,30.6,31099.8,,STANDARD
RF-XOH8CI2H2DSA,CA-AZ-00000273,2024-07-01,281157.68,1013355.64,27.75,77536.83,2022-06-20,STANDARD
RF-USIN1SS7H9MF,CA-AZ-00000273,2024-10-01,238661.29,1013355.64,23.55,77276.35,2022-01-12,STANDARD
RF-WAE4XBVNN1AT,CA-AZ-00000273,2025-01-01,236056.2,1013355.64,23.29,45952.92,2021-04-17,STANDARD
RF-JB7NWWF5BUB4,CA-AZ-00000273,2025-04-01,260442.46,1013355.64,25.7,31033.94,2024-05-14,STANDARD
RF-IS2VP3FCEJAQ,CA-NV-00000274,2024-01-01,69481.47,312959.25,22.2,16875.43,2021-08-26,STANDARD
RF-RB4DJLDOGOGN,CA-NV-00000274,2024-04-01,62265.39,312959.25,19.9,14549.18,2023-07-11,INFORMAL
RF-CXE1AH1DAUDD,CA-NV-00000274,2024-07-01,59430.76,312959.25,18.99,21559.37,,STANDARD
RF-6HDXRD8G90KK,CA-NV-00000274,2024-10-01,58116.34,312959.25,18.57,12836.03,2021-01-11,STANDARD
RF-AQOKXSCS1PCV,CA-NV-00000274,2025-01-01,53537.81,312959.25,17.11,15783.9,2023-01-07,INFORMAL
RF-27ZS2EOFRJDC,CA-NV-00000274,2025-04-01,39273.78,312959.25,12.55,13036.68,2023-03-27,INFORMAL
RF-FWWH6B32ZW7L,CA-GA-00000275,2024-01-01,984352.92,1492228.48,65.97,116900.69,2020-11-19,INFORMAL
RF-2TPL1BKITEDM,CA-GA-00000275,2024-04-01,1013301.06,1492228.48,67.91,73443.07,2020-10-04,INFORMAL
RF-6POBOZ0BNFFI,CA-GA-00000275,2024-07-01,1082168.46,1492228.48,72.52,91204.65,2020-11-01,INFORMAL
RF-LUOJ03PM5O06,CA-GA-00000275,2024-10-01,1029542.55,1492228.48,68.99,112339.71,2022-06-29,INFORMAL
RF-VJLWO766Z5IT,CA-GA-00000275,2025-01-01,1020268.1,1492228.48,68.37,118322.76,,INFORMAL
RF-SSM4OF3T9RCF,CA-GA-00000275,2025-04-01,1053887.96,1492228.48,70.63,65607.29,2023-05-31,STANDARD
RF-O8MCRKFNYOJ1,CA-AZ-00000276,2024-01-01,3308650.24,4329424.87,76.42,186367.91,2022-03-18,INFORMAL
RF-M6RJO7JSTSB2,CA-AZ-00000276,2024-04-01,3338096.13,4329424.87,77.1,157751.53,2020-08-30,INFORMAL
RF-HCTYM7ZPD6VC,CA-AZ-00000276,2024-07-01,3449558.88,4329424.87,79.68,138786.71,2023-04-28,STANDARD
RF-1CITZIXF1215,CA-AZ-00000276,2024-10-01,3259880.37,4329424.87,75.3,206147.41,2021-03-04,STANDARD
RF-SR9RBPD3O9PX,CA-AZ-00000276,2025-01-01,3381397.84,4329424.87,78.1,221370.68,,INFORMAL
RF-DUF6PVTB4N3K,CA-AZ-00000276,2025-04-01,3307796.76,4329424.87,76.4,341671.34,2022-03-23,STANDARD
RF-3KUY98OWLHXY,CA-CA-00000277,2024-01-01,2337410.27,3104620.24,75.29,195761.9,2022-11-24,INFORMAL
RF-0J9GE9URAF82,CA-CA-00000277,2024-04-01,2373174.86,3104620.24,76.44,100545.6,2022-03-24,INFORMAL
RF-S53P7A30PKCA,CA-CA-00000277,2024-07-01,2391287.69,3104620.24,77.02,174167.37,2021-10-30,INFORMAL
RF-XJ3FR40MGRQH,CA-CA-00000277,2024-10-01,2462891.41,3104620.24,79.33,232976.91,2020-11-17,STANDARD
RF-FVJGARFTAP1N,CA-CA-00000277,2025-01-01,2472638.57,3104620.24,79.64,223599.01,2023-08-18,STANDARD
RF-TRJTY3PICD0Z,CA-CA-00000277,2025-04-01,2384273.08,3104620.24,76.8,226659.57,2023-10-04,STANDARD
RF-27GDSACUGLIW,CA-VA-00000278,2024-01-01,3309877.61,4755923.91,69.59,146287.5,2022-02-23,STANDARD
RF-5OSORKZ3E7MP,CA-VA-00000278,2024-04-01,3289741.62,4755923.91,69.17,287275.02,,STANDARD
RF-TR0YYY17CV8B,CA-VA-00000278,2024-07-01,3383063.87,4755923.91,71.13,163112.1,2023-03-13,STANDARD
RF-ITD0B43SF3S4,CA-VA-00000278,2024-10-01,3395562.51,4755923.91,71.4,317424.36,2023-06-17,STANDARD
RF-J36GIOCT5OGH,CA-VA-00000278,2025-01-01,3609712.2,4755923.91,75.9,213166.16,2022-02-14,INFORMAL
RF-D2QVWYQ6DJEU,CA-VA-00000278,2025-04-01,3486503.57,4755923.91,73.31,292334.22,2022-01-05,STANDARD
RF-VCTD3HKKLDHB,CA-NC-00000279,2024-01-01,372160.11,707240.6,52.62,31811.05,2021-01-31,INFORMAL
RF-DHTFXXF3CAK5,CA-NC-00000279,2024-04-01,391816.0,707240.6,55.4,33510.7,2022-01-20,STANDARD
RF-ZZ7U6NMUV19E,CA-NC-00000279,2024-07-01,405964.97,707240.6,57.4,49721.8,2023-02-02,INFORMAL
RF-PW9AHELLA3YN,CA-NC-00000279,2024-10-01,369813.39,707240.6,52.29,53341.73,2021-04-12,INFORMAL
RF-66WS3ZM8OJ4W,CA-NC-00000279,2025-01-01,369524.04,707240.6,52.25,47390.8,2023-02-25,INFORMAL
RF-FE3JO2JWCQ9M,CA-NC-00000279,2025-04-01,412144.73,707240.6,58.28,36064.74,2023-11-17,STANDARD
RF-ONULATRO9TTQ,CA-TX-00000280,2024-01-01,2684274.67,3658399.13,73.37,193699.99,2022-05-12,STANDARD
RF-OE8ACUWLNGJX,CA-TX-00000280,2024-04-01,2775894.99,3658399.13,75.88,239441.49,2022-02-02,STANDARD
RF-PRQE8RAY6KU6,CA-TX-00000280,2024-07-01,2616551.03,3658399.13,71.52,186062.76,2023-03-23,INFORMAL
RF-7DTYKU1V0ZUO,CA-TX-00000280,2024-10-01,2776009.11,3658399.13,75.88,125338.74,2020-12-25,STANDARD
RF-SNE1Q0PUT5X8,CA-TX-00000280,2025-01-01,2808446.99,3658399.13,76.77,264798.4,2021-06-18,STANDARD
RF-ZTXRBUAZOJ98,CA-TX-00000280,2025-04-01,2855811.31,3658399.13,78.06,200408.63,2023-10-21,STANDARD
RF-K0MIMVRY1BG2,CA-OH-00000281,2024-01-01,1790755.32,3089545.12,57.96,160657.24,2022-10-02,STANDARD
RF-EI9O3RXVJWHI,CA-OH-00000281,2024-04-01,1756255.37,3089545.12,56.85,110702.45,2022-01-08,INFORMAL
RF-4LDIDF4HCYGG,CA-OH-00000281,2024-07-01,1823335.96,3089545.12,59.02,102731.56,2022-03-07,STANDARD
RF-4PP544Y54SVQ,CA-OH-00000281,2024-10-01,1782365.66,3089545.12,57.69,165519.87,2022-12-06,INFORMAL
RF-149YVFB6HVLR,CA-OH-00000281,2025-01-01,1817304.34,3089545.12,58.82,103469.02,2022-01-23,INFORMAL
RF-G3C8OUNLNLBW,CA-OH-00000281,2025-04-01,1802425.96,3089545.12,58.34,110092.04,2021-08-08,STANDARD
RF-AXPEQ2N6V9TN,CA-CO-00000282,2024-01-01,571833.43,2433668.59,23.5,100345.54,2020-09-23,INFORMAL
RF-O6DO3ODGUNK3,CA-CO-00000282,2024-04-01,505160.46,2433668.59,20.76,187178.74,2022-02-10,INFORMAL
RF-L66N4JC5RQ4Z,CA-CO-00000282,2024-07-01,488350.82,2433668.59,20.07,87412.58,2022-04-09,STANDARD
RF-15PGNHH96GUU,CA-CO-00000282,2024-10-01,407303.71,2433668.59,16.74,147656.81,2021-02-19,STANDARD
RF-SM2N7RTQFK5A,CA-CO-00000282,2025-01-01,422474.52,2433668.59,17.36,78606.82,,INFORMAL
RF-0N9K8E12XGFE,CA-CO-00000282,2025-04-01,404811.15,2433668.59,16.63,120084.58,2022-09-17,STANDARD
RF-NIBSGY5VG6Y1,CA-CO-00000283,2024-01-01,233937.85,644485.4,36.3,44149.22,2020-09-23,STANDARD
RF-J11GE6OGE7OU,CA-CO-00000283,2024-04-01,251752.82,644485.4,39.06,51378.9,2021-11-18,INFORMAL
RF-KJYTEZAXRIBN,CA-CO-00000283,2024-07-01,240145.78,644485.4,37.26,30412.32,2021-04-07,STANDARD
RF-UWZQ3T4FODHM,CA-CO-00000283,2024-10-01,226132.52,644485.4,35.09,51484.73,2023-03-26,INFORMAL
RF-7N2PYNOCGRMB,CA-CO-00000283,2025-01-01,233331.27,644485.4,36.2,50549.47,2022-09-13,INFORMAL
RF-QOCJLO7OBNTJ,CA-CO-00000283,2025-04-01,212838.1,644485.4,33.02,30493.93,,INFORMAL
RF-I6WSAXF48M1G,CA-CA-00000284,2024-01-01,1949863.34,2614100.21,74.59,97553.03,2022-11-26,STANDARD
RF-YMR0W2I5LY8Z,CA-CA-00000284,2024-04-01,2010380.66,2614100.21,76.91,136614.08,2021-09-08,STANDARD
RF-8JO7KMT07O7W,CA-CA-00000284,2024-07-01,2015853.29,2614100.21,77.11,193125.41,2023-04-16,INFORMAL
RF-HNOL13JW03PS,CA-CA-00000284,2024-10-01,1958781.74,2614100.21,74.93,121465.51,2023-05-25,STANDARD
RF-3OU1OVH8IUH2,CA-CA-00000284,2025-01-01,1942042.22,2614100.21,74.29,189354.53,2024-01-19,INFORMAL
RF-JIORPT2I3NT7,CA-CA-00000284,2025-04-01,1996269.11,2614100.21,76.37,173021.92,2022-05-20,INFORMAL
RF-QXHZF3AXJ8PW,CA-NY-00000285,2024-01-01,110543.21,1052351.01,10.5,66856.91,2020-11-07,STANDARD
RF-E7Q4E14M3O6T,CA-NY-00000285,2024-04-01,119503.39,1052351.01,11.36,46992.77,2023-04-16,STANDARD
RF-G4CWCQZ4W6QN,CA-NY-00000285,2024-07-01,81175.61,1052351.01,7.71,50854.58,2023-02-19,INFORMAL
RF-OU0TI6X07U81,CA-NY-00000285,2024-10-01,76142.4,1052351.01,7.24,65659.19,2021-03-27,INFORMAL
RF-ALABV8GHFPME,CA-NY-00000285,2025-01-01,66158.42,1052351.01,6.29,64973.2,2021-08-17,STANDARD
RF-ZUA9Q8Z4SKAY,CA-NY-00000285,2025-04-01,67059.36,1052351.01,6.37,38383.6,2021-08-04,STANDARD
RF-7HF6MJIVNAFH,CA-TX-00000286,2024-01-01,1216857.64,2888526.65,42.13,201764.04,2023-01-27,STANDARD
RF-ZW681XN82G1R,CA-TX-00000286,2024-04-01,1263853.27,2888526.65,43.75,114469.63,2023-09-02,STANDARD
RF-7DH4WOZ6FCVL,CA-TX-00000286,2024-07-01,1318249.8,2888526.65,45.64,152801.96,2021-03-07,STANDARD
RF-0E07LQS9GMV6,CA-TX-00000286,2024-10-01,1256493.91,2888526.65,43.5,157671.42,2022-07-04,INFORMAL
RF-Y8HQ4C6H9Q6R,CA-TX-00000286,2025-01-01,1208054.03,2888526.65,41.82,224868.89,2024-06-22,INFORMAL
RF-TRG8Q4GK1GOU,CA-TX-00000286,2025-04-01,1327766.02,2888526.65,45.97,174577.81,2022-05-30,INFORMAL
RF-DTB4ZYTFS9WZ,CA-IL-00000287,2024-01-01,2275004.68,3754681.39,60.59,253158.08,2021-02-20,STANDARD
RF-2SO83YU575YW,CA-IL-00000287,2024-04-01,2321862.43,3754681.39,61.84,152596.61,2023-04-21,INFORMAL
RF-V61KMRPENTT0,CA-IL-00000287,2024-07-01,2361651.91,3754681.39,62.9,275700.41,2023-01-23,STANDARD
RF-PTUS6RTR7BTR,CA-IL-00000287,2024-10-01,2353003.8,3754681.39,62.67,123519.72,2021-03-12,STANDARD
RF-A9RGS55GDAOZ,CA-IL-00000287,2025-01-01,2277863.91,3754681.39,60.67,254304.25,2022-10-17,STANDARD
RF-W8LZL8L29Z4N,CA-IL-00000287,2025-04-01,2467623.57,3754681.39,65.72,257513.79,2023-08-30,INFORMAL
RF-WWLR7UKG9X1G,CA-IL-00000288,2024-01-01,2451885.47,2841916.2,86.28,144873.21,2020-07-28,INFORMAL
RF-YNYF6TEU8YAR,CA-IL-00000288,2024-04-01,2386981.46,2841916.2,83.99,182758.86,,INFORMAL
RF-T17WGPZUAS1A,CA-IL-00000288,2024-07-01,2438257.9,2841916.2,85.8,112854.25,2023-02-07,INFORMAL
RF-P4WRPKZWM5VU,CA-IL-00000288,2024-10-01,2457936.9,2841916.2,86.49,190699.69,2020-11-19,INFORMAL
RF-V4KRSXQJGJVK,CA-IL-00000288,2025-01-01,2495108.42,2841916.2,87.8,183962.24,2022-04-15,STANDARD
RF-OL6TOO5EOIHN,CA-IL-00000288,2025-04-01,2509440.74,2841916.2,88.3,188649.19,2021-12-10,INFORMAL
RF-8ECXS2C488IM,CA-VA-00000289,2024-01-01,170599.64,1516494.75,11.25,95282.41,2021-04-03,INFORMAL
RF-JTX09HJIIYI5,CA-VA-00000289,2024-04-01,162454.96,1516494.75,10.71,69004.96,2021-12-06,INFORMAL
RF-THF2CU1BRYHX,CA-VA-00000289,2024-07-01,168487.77,1516494.75,11.11,80188.19,2021-08-13,INFORMAL
RF-UKVCPQWUNV52,CA-VA-00000289,2024-10-01,134715.83,1516494.75,8.88,69220.24,2022-10-04,STANDARD
RF-8WUKQCWI8QZJ,CA-VA-00000289,2025-01-01,119957.69,1516494.75,7.91,58281.74,2023-08-19,STANDARD
RF-TUXQF19AEC2T,CA-VA-00000289,2025-04-01,87234.08,1516494.75,5.75,115522.63,2021-12-16,INFORMAL
RF-45DJUJQSS590,CA-FL-00000290,2024-01-01,2002742.27,3511109.51,57.04,141284.86,,SIRS
RF-UILEQAX3UJBL,CA-FL-00000290,2024-04-01,1925277.5,3511109.51,54.83,238934.77,2020-10-19,SIRS
RF-S0542PKSH6TE,CA-FL-00000290,2024-07-01,2034005.57,3511109.51,57.93,255485.15,2021-08-31,SIRS
RF-97PREHZU70WG,CA-FL-00000290,2024-10-01,1986317.68,3511109.51,56.57,240354.41,2024-02-18,SIRS
RF-0R2V2G8GQ8GM,CA-FL-00000290,2025-01-01,1915694.48,3511109.51,54.56,254829.37,,SIRS
RF-LH8YQVVMAXZL,CA-FL-00000290,2025-04-01,1903241.51,3511109.51,54.21,216841.21,2021-05-25,SIRS
RF-R22PARDNV4X4,CA-VA-00000291,2024-01-01,432828.69,2156876.76,20.07,166727.85,2020-05-30,STANDARD
RF-DGECGFEYRPCS,CA-VA-00000291,2024-04-01,400500.58,2156876.76,18.57,115064.82,2020-08-14,STANDARD
RF-BGJRLWY3ROS7,CA-VA-00000291,2024-07-01,380463.73,2156876.76,17.64,137745.52,2020-10-12,STANDARD
RF-N9EB2B9MA2FL,CA-VA-00000291,2024-10-01,401665.25,2156876.76,18.62,73173.94,,INFORMAL
RF-KTJJEPUCJ256,CA-VA-00000291,2025-01-01,357608.42,2156876.76,16.58,121875.96,2022-01-26,STANDARD
RF-7LE8FSEFHE2P,CA-VA-00000291,2025-04-01,305382.64,2156876.76,14.16,172193.7,2022-04-11,INFORMAL
RF-ZTEM63ZHBALQ,CA-FL-00000292,2024-01-01,680800.87,1382422.65,49.25,108804.15,2021-04-13,INFORMAL
RF-R0IQITHTIOW5,CA-FL-00000292,2024-04-01,706315.92,1382422.65,51.09,86261.0,2023-05-05,STANDARD
RF-6RJ17SDRDGCG,CA-FL-00000292,2024-07-01,731435.49,1382422.65,52.91,74020.31,2023-11-08,INFORMAL
RF-ZG0DSF3JGN4Y,CA-FL-00000292,2024-10-01,685248.36,1382422.65,49.57,93462.59,2022-05-16,STANDARD
RF-C4O2DPVS16UJ,CA-FL-00000292,2025-01-01,668045.74,1382422.65,48.32,85456.79,2021-01-15,STANDARD
RF-WIHMLP8O0VGJ,CA-FL-00000292,2025-04-01,667953.36,1382422.65,48.32,82586.31,,INFORMAL
RF-3LOV71GWE7ZR,CA-FL-00000293,2024-01-01,411735.19,1630811.35,25.25,128059.17,2021-06-29,SIRS
RF-4UTVI1OHELMA,CA-FL-00000293,2024-04-01,416976.31,1630811.35,25.57,51064.24,2022-01-20,SIRS
RF-PKJN3AMPZYSU,CA-FL-00000293,2024-07-01,386764.08,1630811.35,23.72,50911.44,2021-07-17,SIRS
RF-EKHA5C1K7VBW,CA-FL-00000293,2024-10-01,416636.93,1630811.35,25.55,76906.54,2023-12-17,SIRS
RF-DLPAX0EMY5XP,CA-FL-00000293,2025-01-01,433434.09,1630811.35,26.58,78275.02,2023-04-11,SIRS
RF-6394ZF3QDCW6,CA-FL-00000293,2025-04-01,384264.32,1630811.35,23.56,98431.07,2022-09-25,SIRS
RF-IEJ6T4ZQKRP8,CA-AZ-00000294,2024-01-01,1408733.29,1582889.16,89.0,120548.69,,INFORMAL
RF-MHAF7QHH2VUU,CA-AZ-00000294,2024-04-01,1427406.36,1582889.16,90.18,59742.16,2023-05-11,INFORMAL
RF-1WG7LC07A6ZQ,CA-AZ-00000294,2024-07-01,1393649.3,1582889.16,88.04,60245.94,2021-09-02,STANDARD
RF-XXVGIR7H9K37,CA-AZ-00000294,2024-10-01,1435889.33,1582889.16,90.71,84312.43,2022-06-12,STANDARD
RF-86LZ96HMSPU7,CA-AZ-00000294,2025-01-01,1396005.45,1582889.16,88.19,114584.9,2024-06-09,INFORMAL
RF-9PBV12TRU77A,CA-AZ-00000294,2025-04-01,1449400.61,1582889.16,91.57,99260.64,,STANDARD
RF-ZAUT6CA5ELY0,CA-FL-00000295,2024-01-01,454699.4,2367659.81,19.2,88565.17,2020-02-12,SIRS
RF-3XFBP75C2H1Z,CA-FL-00000295,2024-04-01,367255.36,2367659.81,15.51,107305.02,,SIRS
RF-M0KT5RM0RAIM,CA-FL-00000295,2024-07-01,351173.91,2367659.81,14.83,159207.12,2022-09-21,SIRS
RF-BQL65IMI2K5L,CA-FL-00000295,2024-10-01,378128.46,2367659.81,15.97,75715.03,,SIRS
RF-RCYYYDWVU7VF,CA-FL-00000295,2025-01-01,297193.22,2367659.81,12.55,94762.15,2023-01-24,SIRS
RF-KO41C47247GA,CA-FL-00000295,2025-04-01,321280.17,2367659.81,13.57,76647.8,,SIRS
RF-BJQ5EKOU7VWR,CA-FL-00000296,2024-01-01,2141462.4,3903034.09,54.87,175634.86,2020-03-22,SIRS
RF-KOPY01769GKQ,CA-FL-00000296,2024-04-01,2035259.04,3903034.09,52.15,192638.64,2023-08-05,SIRS
RF-LLEXKHN27RQY,CA-FL-00000296,2024-07-01,2155364.56,3903034.09,55.22,294433.03,2020-11-22,SIRS
RF-DBBCCA3KIC4Q,CA-FL-00000296,2024-10-01,2175269.9,3903034.09,55.73,123566.57,2021-11-26,SIRS
RF-MXED3L75NFLU,CA-FL-00000296,2025-01-01,2113461.29,3903034.09,54.15,155253.8,2021-06-18,SIRS
RF-BX59GTE4ROFE,CA-FL-00000296,2025-04-01,2203941.33,3903034.09,56.47,193415.55,,SIRS
RF-KDY5HZYVZ753,CA-FL-00000297,2024-01-01,1707609.69,4083525.54,41.82,247078.55,2022-05-19,INFORMAL
RF-1PCU71UISCAB,CA-FL-00000297,2024-04-01,1666587.85,4083525.54,40.81,171591.12,2023-03-22,INFORMAL
RF-SHUBVBZOSG8V,CA-FL-00000297,2024-07-01,1595897.67,4083525.54,39.08,204290.43,2020-10-14,INFORMAL
RF-LAU1CY2W6KY3,CA-FL-00000297,2024-10-01,1725280.65,4083525.54,42.25,281293.03,2023-01-19,STANDARD
RF-I3FKZ7MTVV0N,CA-FL-00000297,2025-01-01,1595764.32,4083525.54,39.08,226965.61,2023-07-30,INFORMAL
RF-G6SB85DXGAS5,CA-FL-00000297,2025-04-01,1685202.53,4083525.54,41.27,302087.55,2021-10-19,INFORMAL
RF-BH6TCLIAHZZV,CA-TX-00000298,2024-01-01,1788219.35,2635263.13,67.86,207969.32,2021-04-01,INFORMAL
RF-IYB3UTR8B10V,CA-TX-00000298,2024-04-01,1759975.06,2635263.13,66.79,160613.85,,STANDARD
RF-LIVIW9L28G2Y,CA-TX-00000298,2024-07-01,1769432.93,2635263.13,67.14,162060.75,2020-07-07,STANDARD
RF-LPFKUUIMHXPC,CA-TX-00000298,2024-10-01,1821926.78,2635263.13,69.14,158637.26,2020-12-12,INFORMAL
RF-CZX2O2IW40KM,CA-TX-00000298,2025-01-01,1816782.25,2635263.13,68.94,140885.36,2022-09-21,STANDARD
RF-UXY371UNTKXS,CA-TX-00000298,2025-04-01,1826576.12,2635263.13,69.31,176589.0,2024-04-25,INFORMAL
RF-FB5LXZBVUR35,CA-TX-00000299,2024-01-01,1961372.58,2674798.87,73.33,184465.07,2020-12-24,INFORMAL
RF-QZ7N05O2ZALJ,CA-TX-00000299,2024-04-01,2064045.84,2674798.87,77.17,129721.8,2022-01-26,STANDARD
RF-0KMKKI2ASEZA,CA-TX-00000299,2024-07-01,2068954.63,2674798.87,77.35,154793.26,2021-01-29,INFORMAL
RF-OPDF5ESP7PYU,CA-TX-00000299,2024-10-01,2014289.02,2674798.87,75.31,160405.16,2024-02-10,INFORMAL
RF-SURAEF9ZQK54,CA-TX-00000299,2025-01-01,2055986.57,2674798.87,76.87,187805.67,2023-04-17,INFORMAL
RF-FIYHQ4H24NC1,CA-TX-00000299,2025-04-01,2074901.67,2674798.87,77.57,150008.79,2022-05-31,INFORMAL
RF-QWM3ILEMQUPY,CA-IL-00000300,2024-01-01,1867941.66,4866100.51,38.39,245037.7,2020-10-09,STANDARD
RF-87L2P7E0WTJE,CA-IL-00000300,2024-04-01,1933452.03,4866100.51,39.73,350016.97,2021-05-11,INFORMAL
RF-CK1ROQQJQR5Z,CA-IL-00000300,2024-07-01,1893335.9,4866100.51,38.91,146683.15,,INFORMAL
RF-MYUC2IJ1JF1M,CA-IL-00000300,2024-10-01,1703996.96,4866100.51,35.02,339107.83,2023-09-12,INFORMAL
RF-I1BPDBLON870,CA-IL-00000300,2025-01-01,1830585.34,4866100.51,37.62,168888.89,2024-03-21,INFORMAL
RF-TFU9Q49D9GGY,CA-IL-00000300,2025-04-01,1867582.06,4866100.51,38.38,381544.88,2021-06-20,INFORMAL
