unit_id,caid,unit_number,unit_type,square_footage,bedrooms,occupancy_status,parcel_id
U-AVB3K3QMVIFI,CA-NV-00000001,100,SINGLE_FAMILY,2835.0,4,RENTED,38-7363-463
U-GV3Z6BZ8UUG9,CA-NV-00000001,101,SINGLE_FAMILY,2666.0,3,OWNER_OCCUPIED,
U-IHSA7HEZ74LA,CA-NV-00000001,102,SINGLE_FAMILY,1230.0,3,RENTED,19-7120-821
U-VML90PXRLZU6,CA-NV-00000001,103,TOWNHOME,2111.0,2,OWNER_OCCUPIED,49-5825-230
U-088O98BV78HU,CA-NV-00000001,104,SINGLE_FAMILY,1226.0,2,OWNER_OCCUPIED,50-3750-751
U-3Y0MAHYM2ZBP,CA-NV-00000001,105,SINGLE_FAMILY,1331.0,4,OWNER_OCCUPIED,79-7149-203
U-2U1IQ2BAJDM5,CA-NV-00000001,106,TOWNHOME,957.0,3,RENTED,86-8909-821
U-PXVPBL9OT7TX,CA-NV-00000001,107,SINGLE_FAMILY,1042.0,1,OWNER_OCCUPIED,29-1893-469
U-PKXVHAGKC4LO,CA-NV-00000001,108,SINGLE_FAMILY,1735.0,1,OWNER_OCCUPIED,58-7052-291
U-BPJ4UFZDY3O1,CA-NV-00000001,109,TOWNHOME,899.0,4,RENTED,78-8779-686
U-RC6ZS62YWE1G,CA-NV-00000001,110,SINGLE_FAMILY,1517.0,4,OWNER_OCCUPIED,97-8133-306
U-4J66CNOLJQ52,CA-NV-00000001,111,SINGLE_FAMILY,2790.0,3,OWNER_OCCUPIED,82-2641-208
U-2555JXURGOWY,CA-NV-00000001,112,SINGLE_FAMILY,2271.0,4,OWNER_OCCUPIED,70-5400-481
U-M2L44Y9IK01L,CA-NV-00000001,113,SINGLE_FAMILY,3127.0,3,OWNER_OCCUPIED,62-8937-877
U-3SFLSE45BG34,CA-NV-00000001,114,TOWNHOME,2519.0,1,OWNER_OCCUPIED,57-8605-617
U-WEBNVG5VMF60,CA-NV-00000001,115,TOWNHOME,1817.0,1,OWNER_OCCUPIED,37-4626-762
U-YJOA21A6XVAJ,CA-NV-00000001,116,SINGLE_FAMILY,1901.0,3,RENTED,58-6713-570
U-HKSWVA984UVK,CA-NV-00000001,117,TOWNHOME,2623.0,1,VACANT,45-5278-771
U-GSIC43OLFARK,CA-NV-00000001,118,TOWNHOME,2307.0,2,OWNER_OCCUPIED,83-4111-451
U-YWR7MKGXUKQ0,CA-NV-00000001,119,SINGLE_FAMILY,2939.0,3,OWNER_OCCUPIED,52-2463-327
U-I5P5NVQEBWUW,CA-NV-00000001,120,TOWNHOME,1446.0,3,RENTED,48-7768-155
U-EHOU6QLZ2RWG,CA-NV-00000001,121,SINGLE_FAMILY,669.0,3,OWNER_OCCUPIED,83-3595-601
U-EPPPRAT0861T,CA-NV-00000001,122,SINGLE_FAMILY,,1,RENTED,54-6113-232
U-NVG3KK0VM59M,CA-NV-00000001,123,SINGLE_FAMILY,2121.0,3,OWNER_OCCUPIED,61-1313-333
U-0E0VGNXB5JTB,CA-NV-00000001,124,SINGLE_FAMILY,1092.0,3,OWNER_OCCUPIED,63-8279-489
U-TRFZWKXXJVE3,CA-NV-00000001,125,SINGLE_FAMILY,3180.0,2,OWNER_OCCUPIED,35-4272-896
U-39MOFT6YRIAD,CA-NV-00000001,126,TOWNHOME,3001.0,3,OWNER_OCCUPIED,75-2229-840
U-6XQ9JB354MYP,CA-NV-00000001,127,SINGLE_FAMILY,837.0,1,OWNER_OCCUPIED,52-6857-548
U-5D3GO8JN42X2,CA-NV-00000001,128,TOWNHOME,890.0,5,RENTED,85-8908-921
U-GNMBY49E7EOB,CA-NV-00000001,129,TOWNHOME,1937.0,1,RENTED,83-4669-785
U-SYWP0RXXF36W,CA-NV-00000001,130,TOWNHOME,,4,OWNER_OCCUPIED,73-3709-176
U-LLKSTN3CPUDR,CA-NV-00000001,131,TOWNHOME,2687.0,3,OWNER_OCCUPIED,14-9996-100
U-28W6UXQM334L,CA-NV-00000001,132,SINGLE_FAMILY,3107.0,3,RENTED,24-2596-877
U-AMW2TND6R30O,CA-NV-00000001,133,SINGLE_FAMILY,1452.0,2,VACANT,68-4122-833
U-DO74V1QX8ERT,CA-NV-00000001,134,TOWNHOME,,4,RENTED,75-3903-808
U-0ENV5SN961J8,CA-NV-00000001,135,SINGLE_FAMILY,2504.0,4,OWNER_OCCUPIED,75-5897-963
U-Z7WHWKMY9X8S,CA-NV-00000001,136,TOWNHOME,1970.0,3,RENTED,84-7839-790
U-5PADNBCJ29YF,CA-NV-00000001,137,TOWNHOME,,3,OWNER_OCCUPIED,55-8415-204
U-0UI22KX7N89L,CA-NV-00000001,138,SINGLE_FAMILY,703.0,3,OWNER_OCCUPIED,66-4695-748
U-1TV18KGYGGSN,CA-NV-00000001,139,TOWNHOME,2929.0,2,OWNER_OCCUPIED,10-6415-577
U-B7V1W4K2TCZS,CA-NV-00000001,140,SINGLE_FAMILY,2782.0,1,OWNER_OCCUPIED,78-7609-194
U-HHLMH1T939AY,CA-NV-00000001,141,TOWNHOME,3163.0,4,OWNER_OCCUPIED,
U-N2EJ0AS1SSRK,CA-NV-00000001,142,TOWNHOME,1962.0,3,VACANT,78-9736-107
U-HWHY4H350P3C,CA-NV-00000001,143,SINGLE_FAMILY,747.0,3,OWNER_OCCUPIED,16-3916-913
U-UUIJNWPAYTXW,CA-NV-00000001,144,TOWNHOME,3048.0,1,RENTED,74-2738-396
U-VK7N3BFH024K,CA-NV-00000001,145,TOWNHOME,1870.0,3,RENTED,92-7113-111
U-EAVT8K06MOXS,CA-NV-00000001,146,SINGLE_FAMILY,1554.0,3,OWNER_OCCUPIED,95-1891-971
U-XCYJHU8MYIKC,CA-NV-00000001,147,TOWNHOME,2640.0,3,OWNER_OCCUPIED,84-3496-679
U-38GL2ZXJMYLR,CA-NV-00000001,148,TOWNHOME,1901.0,3,OWNER_OCCUPIED,20-5597-979
U-6H0W064W3U1H,CA-NV-00000001,149,SINGLE_FAMILY,,2,RENTED,93-3435-474
U-I10KQSOSX43W,CA-NV-00000001,150,TOWNHOME,2755.0,2,OWNER_OCCUPIED,82-3395-853
U-7B1IJIYS2N75,CA-NV-00000001,151,TOWNHOME,,3,OWNER_OCCUPIED,91-5480-954
U-UUNNV6CJ9IO3,CA-NV-00000001,152,TOWNHOME,2624.0,4,OWNER_OCCUPIED,66-3713-335
U-SKFFV3XOLEYR,CA-NV-00000001,153,SINGLE_FAMILY,2333.0,1,OWNER_OCCUPIED,30-3207-744
U-6FF7SO8W5038,CA-NV-00000001,154,SINGLE_FAMILY,3134.0,5,RENTED,62-3338-913
U-WSGY7VCNEAS6,CA-NV-00000001,155,SINGLE_FAMILY,1262.0,3,OWNER_OCCUPIED,86-1639-998
U-DX6TA7YPP5ZP,CA-NV-00000001,156,SINGLE_FAMILY,2624.0,3,OWNER_OCCUPIED,99-2600-535
U-J16DVTJA0ASS,CA-NV-00000001,157,SINGLE_FAMILY,1491.0,3,OWNER_OCCUPIED,29-7980-767
U-JTUW9OHTUGUR,CA-NV-00000001,158,TOWNHOME,3016.0,2,RENTED,94-2951-865
U-QZFHOMTZZF8A,CA-NV-00000001,159,SINGLE_FAMILY,1245.0,3,OWNER_OCCUPIED,43-4633-479
U-V07OXK8C1GRA,CA-TX-00000002,100,SINGLE_FAMILY,2772.0,2,OWNER_OCCUPIED,76-4795-729
U-YMX9DJOYOHAZ,CA-TX-00000002,101,SINGLE_FAMILY,2901.0,2,RENTED,54-6693-935
U-I8QOAGSUSMES,CA-TX-00000002,102,TOWNHOME,2853.0,4,OWNER_OCCUPIED,58-8923-888
U-18QQVAECW9YI,CA-TX-00000002,103,SINGLE_FAMILY,2096.0,3,OWNER_OCCUPIED,41-5706-195
U-Y3C7RM6J8Y6R,CA-TX-00000002,104,TOWNHOME,1641.0,4,OWNER_OCCUPIED,41-6833-259
U-EC8RA484NL65,CA-TX-00000002,105,SINGLE_FAMILY,1775.0,3,VACANT,45-7518-327
U-B2RTSOYG9ZQY,CA-TX-00000002,106,SINGLE_FAMILY,,2,OWNER_OCCUPIED,88-5254-291
U-IQWNRHZN4KGE,CA-TX-00000002,107,TOWNHOME,1586.0,4,RENTED,81-8081-976
U-H20RAPE6WTLR,CA-TX-00000002,108,TOWNHOME,2975.0,1,OWNER_OCCUPIED,37-5166-587
U-QMMU7JAE58HU,CA-TX-00000002,109,SINGLE_FAMILY,1364.0,5,OWNER_OCCUPIED,75-8987-893
U-6NKWFG3MWU4C,CA-TX-00000002,110,TOWNHOME,1584.0,2,RENTED,87-7479-377
U-270SQG4EIJ00,CA-TX-00000002,111,TOWNHOME,2276.0,2,OWNER_OCCUPIED,80-1881-126
U-S9DWD7OI0PES,CA-TX-00000002,112,TOWNHOME,793.0,3,RENTED,70-8654-991
U-TE8TVQ05PXT6,CA-TX-00000002,113,TOWNHOME,1580.0,4,OWNER_OCCUPIED,43-3551-410
U-A34MQA78RAPK,CA-TX-00000002,114,SINGLE_FAMILY,679.0,3,OWNER_OCCUPIED,65-7467-355
U-ZX3HCWS2WYJX,CA-TX-00000002,115,SINGLE_FAMILY,1751.0,2,RENTED,47-2808-752
U-WJWGABTGDJZ0,CA-TX-00000002,116,TOWNHOME,1267.0,1,OWNER_OCCUPIED,73-7084-574
U-L48C1CQG433E,CA-TX-00000002,117,SINGLE_FAMILY,1669.0,2,VACANT,14-4263-571
U-S9RYLLWB7SJW,CA-TX-00000002,118,SINGLE_FAMILY,863.0,4,OWNER_OCCUPIED,91-8113-432
U-GJE2AB2RVNDF,CA-TX-00000002,119,SINGLE_FAMILY,3183.0,2,VACANT,17-1979-464
U-Z2EI9212PGYM,CA-TX-00000002,120,SINGLE_FAMILY,811.0,3,OWNER_OCCUPIED,99-9029-294
U-TLQ5V4FTQ3TQ,CA-TX-00000002,121,SINGLE_FAMILY,2722.0,2,OWNER_OCCUPIED,
U-1IZXTNSRTWLX,CA-TX-00000002,122,TOWNHOME,2793.0,3,OWNER_OCCUPIED,32-1512-306
U-RDU4XSZJNVC7,CA-TX-00000002,123,SINGLE_FAMILY,2662.0,4,RENTED,91-1994-469
U-32CWT04CHSDI,CA-TX-00000002,124,TOWNHOME,1441.0,3,OWNER_OCCUPIED,32-7802-864
U-1UYZPD2TSXTV,CA-TX-00000002,125,SINGLE_FAMILY,1940.0,3,VACANT,62-8054-945
U-VUH17J8QO09V,CA-TX-00000002,126,TOWNHOME,1886.0,1,VACANT,50-1355-890
U-7SUUDQFJ6IJK,CA-TX-00000002,127,TOWNHOME,2980.0,4,RENTED,71-3832-599
U-VK0UCC1M3O55,CA-TX-00000002,128,SINGLE_FAMILY,3117.0,4,OWNER_OCCUPIED,16-5993-636
U-LULZFY981UDP,CA-TX-00000002,129,SINGLE_FAMILY,1256.0,2,OWNER_OCCUPIED,16-9980-508
U-DS1EEURXHW0I,CA-TX-00000002,130,TOWNHOME,,3,OWNER_OCCUPIED,21-2843-787
U-PMLVAK9W9PFB,CA-TX-00000002,131,TOWNHOME,1467.0,3,OWNER_OCCUPIED,20-2841-857
U-IWF3KM2KQL0H,CA-TX-00000002,132,SINGLE_FAMILY,1709.0,3,OWNER_OCCUPIED,98-1301-485
U-JCHZJQ8CXX6M,CA-TX-00000002,133,SINGLE_FAMILY,1848.0,4,OWNER_OCCUPIED,58-9331-826
U-6RVDH8UZB7KR,CA-TX-00000002,134,SINGLE_FAMILY,725.0,2,OWNER_OCCUPIED,40-9212-382
U-W563BTKF6XDN,CA-TX-00000002,135,SINGLE_FAMILY,3158.0,4,RENTED,83-3502-536
U-6LTHET25LZSE,CA-TX-00000002,136,TOWNHOME,1244.0,3,OWNER_OCCUPIED,18-9732-836
U-G4FBL98K03W0,CA-TX-00000002,137,SINGLE_FAMILY,1419.0,2,OWNER_OCCUPIED,88-5372-720
U-VIAC2E4QXGNR,CA-TX-00000002,138,SINGLE_FAMILY,1576.0,1,RENTED,
U-8IYHHG8PWY55,CA-TX-00000002,139,TOWNHOME,821.0,3,RENTED,60-9784-637
U-SQ3B9SO0USWB,CA-TX-00000003,100,SINGLE_FAMILY,2280.0,4,RENTED,31-7921-401
U-Y6QXDSGV6TOL,CA-TX-00000003,101,SINGLE_FAMILY,,3,RENTED,68-2477-356
U-Y62ZEEQNSN2S,CA-TX-00000003,102,TOWNHOME,2201.0,3,OWNER_OCCUPIED,52-3459-266
U-GZPL1QWEEHWJ,CA-TX-00000003,103,SINGLE_FAMILY,2692.0,3,OWNER_OCCUPIED,40-4553-702
U-QPVA5KW3HGBM,CA-TX-00000003,104,TOWNHOME,782.0,3,RENTED,21-1803-211
U-9FKXZUU80MB1,CA-TX-00000003,105,TOWNHOME,2202.0,4,RENTED,18-5797-582
U-E4LOHHCU9TD0,CA-TX-00000003,106,SINGLE_FAMILY,1826.0,2,RENTED,83-6797-232
U-SWRGVZ9AAWE4,CA-TX-00000003,107,TOWNHOME,2348.0,2,OWNER_OCCUPIED,91-4478-111
U-YJCKT1ELOU83,CA-TX-00000003,108,SINGLE_FAMILY,2034.0,4,OWNER_OCCUPIED,14-3224-593
U-W6TM2O04K0LT,CA-TX-00000003,109,SINGLE_FAMILY,2008.0,3,RENTED,29-5595-960
U-MNTFVGE2L4ZJ,CA-TX-00000003,110,SINGLE_FAMILY,1623.0,2,RENTED,77-5953-279
U-NBHDS26FMR5L,CA-TX-00000003,111,SINGLE_FAMILY,1052.0,4,VACANT,26-4361-841
U-QZSA7YVDQBSX,CA-TX-00000003,112,SINGLE_FAMILY,3015.0,3,OWNER_OCCUPIED,35-4154-393
U-T1YJFE8UDTTJ,CA-TX-00000003,113,TOWNHOME,1810.0,3,OWNER_OCCUPIED,53-9856-554
U-EQYDBPGVV4ZW,CA-TX-00000003,114,SINGLE_FAMILY,1461.0,3,RENTED,69-3159-195
U-DLX1Q8F6JNG7,CA-TX-00000003,115,TOWNHOME,1980.0,3,OWNER_OCCUPIED,54-8842-572
U-KMUSOZDUCKQV,CA-TX-00000003,116,SINGLE_FAMILY,1648.0,3,VACANT,53-4411-933
U-2P2TIXC7URVQ,CA-TX-00000003,117,TOWNHOME,2473.0,2,VACANT,23-7208-435
U-XCHFU131XQKW,CA-TX-00000003,118,TOWNHOME,1492.0,3,OWNER_OCCUPIED,96-5989-545
U-9UWS44C68AU9,CA-TX-00000003,119,TOWNHOME,1805.0,4,OWNER_OCCUPIED,60-6212-828
U-OPHGFT4MPK5E,CA-TX-00000003,120,TOWNHOME,,3,OWNER_OCCUPIED,94-8155-239
U-E346Z7WQP3NI,CA-TX-00000003,121,SINGLE_FAMILY,680.0,3,RENTED,74-5411-520
U-BBRNU8C0S41K,CA-TX-00000003,122,TOWNHOME,2793.0,4,OWNER_OCCUPIED,94-2279-800
U-W6TAQ6ULM9KG,CA-TX-00000003,123,TOWNHOME,3097.0,3,RENTED,17-8752-692
U-UXK0AREC2JWJ,CA-TX-00000003,124,SINGLE_FAMILY,1106.0,3,RENTED,94-8317-478
U-JZR25MDF7FR9,CA-TX-00000003,125,SINGLE_FAMILY,1624.0,3,RENTED,83-6653-155
U-1EGOK01TNZRF,CA-TX-00000003,126,TOWNHOME,698.0,2,RENTED,50-9687-799
U-DTM4VXJJ2JVQ,CA-TX-00000003,127,SINGLE_FAMILY,1640.0,3,OWNER_OCCUPIED,53-3947-420
U-Y3ADDQHKGAD7,CA-TX-00000003,128,SINGLE_FAMILY,1538.0,5,OWNER_OCCUPIED,25-2415-976
U-N1X2GDGKXCQ9,CA-TX-00000003,129,SINGLE_FAMILY,1974.0,2,RENTED,17-7271-497
U-9J3GC9HOXDTP,CA-TX-00000003,130,TOWNHOME,1085.0,4,RENTED,19-2153-685
U-1ARXABOFLOAZ,CA-TX-00000003,131,TOWNHOME,2608.0,2,RENTED,18-9849-331
U-NY2ET9MKB9XN,CA-TX-00000003,132,SINGLE_FAMILY,2042.0,1,OWNER_OCCUPIED,92-4327-280
U-8XKODYR5PGBA,CA-TX-00000003,133,SINGLE_FAMILY,1626.0,3,OWNER_OCCUPIED,49-9186-646
U-8AMMZOHXS75T,CA-TX-00000003,134,TOWNHOME,1604.0,4,OWNER_OCCUPIED,93-1312-582
U-IXAW63DW4C3E,CA-TX-00000003,135,SINGLE_FAMILY,3171.0,2,RENTED,96-7586-432
U-9UE421VMEFOZ,CA-TX-00000003,136,SINGLE_FAMILY,2446.0,2,OWNER_OCCUPIED,90-7162-896
U-ARAGDX5O31YH,CA-TX-00000003,137,SINGLE_FAMILY,2792.0,3,OWNER_OCCUPIED,98-1616-710
U-ZWD3KPUG99W5,CA-TX-00000003,138,SINGLE_FAMILY,2728.0,2,RENTED,45-1869-298
U-2Y8RGYBXKPM2,CA-TX-00000003,139,SINGLE_FAMILY,827.0,2,OWNER_OCCUPIED,30-1476-596
U-CIQUP06IDIIO,CA-TX-00000003,140,SINGLE_FAMILY,1553.0,1,OWNER_OCCUPIED,65-3374-321
U-GNQGMJMBUKDQ,CA-TX-00000003,141,TOWNHOME,2057.0,2,OWNER_OCCUPIED,91-3784-691
U-D4R9V4K00ILU,CA-TX-00000003,142,SINGLE_FAMILY,3073.0,4,RENTED,63-1724-141
U-0SPO3ZDRC1YO,CA-TX-00000003,143,TOWNHOME,2118.0,2,OWNER_OCCUPIED,71-5994-265
U-40AQ15O2NQW4,CA-TX-00000003,144,TOWNHOME,,4,OWNER_OCCUPIED,
U-1ZWUHYWM7S6N,CA-TX-00000003,145,TOWNHOME,,2,OWNER_OCCUPIED,56-3871-763
U-U1EMTX015Z11,CA-TX-00000003,146,SINGLE_FAMILY,1745.0,3,OWNER_OCCUPIED,57-6656-563
U-S3QT36QNYY95,CA-TX-00000003,147,TOWNHOME,2525.0,1,OWNER_OCCUPIED,19-2791-268
U-EFFH8AOY7RP0,CA-TX-00000003,148,TOWNHOME,,2,OWNER_OCCUPIED,76-6503-521
U-X2RXTTQU6L2I,CA-TX-00000003,149,TOWNHOME,1830.0,3,OWNER_OCCUPIED,68-3725-733
U-ZK94YXFIBLEJ,CA-TX-00000003,150,SINGLE_FAMILY,2953.0,3,RENTED,28-7109-559
U-TEA7187F8TSX,CA-TX-00000003,151,SINGLE_FAMILY,1837.0,5,RENTED,95-3409-918
U-MERBYEAWHMLV,CA-TX-00000003,152,TOWNHOME,2806.0,2,VACANT,12-2369-651
U-Y89ORVSCYOZP,CA-TX-00000003,153,TOWNHOME,699.0,2,OWNER_OCCUPIED,81-2435-320
U-0OPF060O4VFK,CA-TX-00000003,154,TOWNHOME,2801.0,5,OWNER_OCCUPIED,58-2449-106
U-WJGQU6H3KR3K,CA-TX-00000003,155,TOWNHOME,2673.0,3,OWNER_OCCUPIED,
U-FKXWEXKG6XB1,CA-TX-00000003,156,SINGLE_FAMILY,923.0,3,OWNER_OCCUPIED,65-5225-743
U-93N0AJUFQYMB,CA-TX-00000003,157,TOWNHOME,2108.0,1,OWNER_OCCUPIED,19-9419-298
U-1VGLL42JZNTM,CA-TX-00000003,158,SINGLE_FAMILY,1210.0,3,OWNER_OCCUPIED,53-3671-204
U-FHG6W3STT1EQ,CA-TX-00000003,159,SINGLE_FAMILY,,4,RENTED,49-6940-242
U-6V1MZB3I4FIE,CA-TX-00000004,100,TOWNHOME,971.0,2,RENTED,12-8934-875
U-BD2SCEJCY127,CA-TX-00000004,101,TOWNHOME,1469.0,2,OWNER_OCCUPIED,45-6698-460
U-42WSC31TZ8G1,CA-TX-00000004,102,SINGLE_FAMILY,,3,RENTED,70-7004-814
U-P8GMNHIE9EDE,CA-TX-00000004,103,SINGLE_FAMILY,1830.0,3,OWNER_OCCUPIED,24-7304-390
U-VL9PTK4GC4RY,CA-TX-00000004,104,TOWNHOME,2663.0,3,OWNER_OCCUPIED,96-2392-222
U-OZ906GNHH4OI,CA-TX-00000004,105,SINGLE_FAMILY,2694.0,2,RENTED,44-7557-464
U-Y89SFQERI7B0,CA-TX-00000004,106,TOWNHOME,2690.0,3,VACANT,96-6356-256
U-WDC112HXRJM4,CA-TX-00000004,107,TOWNHOME,779.0,5,RENTED,67-6153-973
U-PBGX25FPLO1U,CA-TX-00000004,108,TOWNHOME,2918.0,3,OWNER_OCCUPIED,30-9301-157
U-JVNY1KCVEN3V,CA-TX-00000004,109,TOWNHOME,2047.0,2,OWNER_OCCUPIED,62-6755-157
U-IXV6CKMALQ5U,CA-TX-00000004,110,SINGLE_FAMILY,1742.0,1,OWNER_OCCUPIED,
U-NOU3DYMS1MWN,CA-TX-00000004,111,TOWNHOME,2685.0,3,VACANT,78-4507-394
U-B9OI0D4DMC2R,CA-TX-00000004,112,TOWNHOME,964.0,3,OWNER_OCCUPIED,65-9846-420
U-OJSYT5WSGRX3,CA-TX-00000004,113,SINGLE_FAMILY,1747.0,4,OWNER_OCCUPIED,65-1981-634
U-NFFYKPL3CHO3,CA-TX-00000004,114,SINGLE_FAMILY,1700.0,3,OWNER_OCCUPIED,29-4144-128
U-2LR9P6HJB2JT,CA-TX-00000004,115,SINGLE_FAMILY,822.0,5,OWNER_OCCUPIED,
U-LKC86Y5O44IU,CA-TX-00000004,116,SINGLE_FAMILY,1144.0,3,RENTED,77-5125-608
U-IE3LVO0IPFG8,CA-TX-00000004,117,SINGLE_FAMILY,1691.0,4,OWNER_OCCUPIED,99-2850-424
U-RIJ2FRNLX6B0,CA-TX-00000004,118,TOWNHOME,873.0,3,RENTED,80-7302-416
U-6YTIPA877K71,CA-TX-00000004,119,TOWNHOME,1306.0,4,OWNER_OCCUPIED,92-7656-908
U-JC2R07LP7DFJ,CA-TX-00000004,120,SINGLE_FAMILY,,2,RENTED,51-8426-811
U-1XGPXAHKUDIZ,CA-TX-00000004,121,SINGLE_FAMILY,1182.0,4,RENTED,50-8397-589
U-JY32HOG585I8,CA-TX-00000004,122,SINGLE_FAMILY,3156.0,3,RENTED,35-5289-818
U-BWVF8GUAS173,CA-TX-00000004,123,SINGLE_FAMILY,1569.0,3,OWNER_OCCUPIED,44-5717-864
U-NPHH30GG2B9I,CA-TX-00000004,124,TOWNHOME,1667.0,2,RENTED,11-8682-236
U-9OHNPVCUB7QM,CA-TX-00000004,125,TOWNHOME,3100.0,3,RENTED,
U-KON8UUJS75EL,CA-TX-00000004,126,TOWNHOME,1230.0,2,OWNER_OCCUPIED,73-5603-865
U-7K5W1JL6L91F,CA-TX-00000004,127,TOWNHOME,2452.0,1,OWNER_OCCUPIED,14-8704-366
U-ZP97BMZRR45E,CA-TX-00000004,128,SINGLE_FAMILY,1813.0,2,OWNER_OCCUPIED,44-4479-697
U-SUOC1Y5AYYOV,CA-TX-00000004,129,SINGLE_FAMILY,1975.0,2,OWNER_OCCUPIED,94-8861-564
U-VA8X8L008UHB,CA-TX-00000004,130,TOWNHOME,1973.0,3,RENTED,87-7248-194
U-JI1OAHNOX8FK,CA-TX-00000004,131,TOWNHOME,1920.0,4,OWNER_OCCUPIED,22-7020-624
U-R5RUP13WPPBM,CA-TX-00000004,132,SINGLE_FAMILY,1568.0,3,RENTED,77-9596-185
U-QC2K9YKIPUT7,CA-TX-00000004,133,TOWNHOME,2741.0,2,OWNER_OCCUPIED,82-5151-463
U-V1A0Q24BOZL0,CA-TX-00000004,134,TOWNHOME,2492.0,3,OWNER_OCCUPIED,33-4458-289
U-0V5DTAEGRY58,CA-TX-00000004,135,SINGLE_FAMILY,2643.0,2,RENTED,98-7471-923
U-DEG3ZGARFI44,CA-TX-00000004,136,TOWNHOME,1002.0,2,OWNER_OCCUPIED,12-2908-270
U-0QRAQIK3OMD4,CA-TX-00000004,137,SINGLE_FAMILY,2352.0,4,RENTED,80-5764-137
U-OS0765ICAUTJ,CA-TX-00000004,138,TOWNHOME,2588.0,2,OWNER_OCCUPIED,67-8147-121
U-KGMIH6MV4XEK,CA-TX-00000004,139,SINGLE_FAMILY,2357.0,4,RENTED,70-3654-736
U-K0YEHVDO9KHB,CA-TX-00000004,140,SINGLE_FAMILY,,4,OWNER_OCCUPIED,74-1523-926
U-MEIUR9211U64,CA-TX-00000004,141,SINGLE_FAMILY,3125.0,3,RENTED,66-8489-961
U-92V4DUSGEHN0,CA-TX-00000004,142,SINGLE_FAMILY,2722.0,3,RENTED,56-6482-938
U-EH81A4RKGJZO,CA-TX-00000004,143,SINGLE_FAMILY,1655.0,2,RENTED,39-3260-921
U-OOQ42NBFA37D,CA-TX-00000004,144,TOWNHOME,1323.0,2,OWNER_OCCUPIED,
U-6CWZXSKOYTK0,CA-TX-00000004,145,SINGLE_FAMILY,682.0,4,RENTED,28-7618-556
U-5WWPM3X15DTO,CA-TX-00000004,146,SINGLE_FAMILY,1166.0,3,OWNER_OCCUPIED,75-6115-633
U-1FB2VI109DCN,CA-TX-00000004,147,TOWNHOME,2101.0,2,RENTED,67-5881-686
U-Q929U6WTVMK2,CA-TX-00000004,148,SINGLE_FAMILY,1223.0,3,OWNER_OCCUPIED,51-9461-696
U-3NDZ3CC5RQNS,CA-TX-00000004,149,SINGLE_FAMILY,2775.0,3,RENTED,91-7937-550
U-0PFSRQ8STZQB,CA-TX-00000004,150,TOWNHOME,2939.0,2,VACANT,62-2807-223
U-UBFN9KR2FVB6,CA-TX-00000004,151,TOWNHOME,1533.0,2,RENTED,
U-CBRLQMN44EEW,CA-TX-00000004,152,TOWNHOME,2489.0,2,RENTED,89-7711-496
U-6MBYPJDFAW1L,CA-TX-00000004,153,SINGLE_FAMILY,2941.0,1,VACANT,16-9548-293
U-SAXT8JH34UDT,CA-TX-00000004,154,TOWNHOME,3062.0,1,RENTED,
U-GATND9TKG1F8,CA-TX-00000004,155,TOWNHOME,891.0,3,OWNER_OCCUPIED,
U-KDF6J76BIVIS,CA-TX-00000004,156,SINGLE_FAMILY,1121.0,2,OWNER_OCCUPIED,18-8932-129
U-W6ATVD1XEUQ4,CA-TX-00000004,157,TOWNHOME,1233.0,2,VACANT,78-7942-668
U-B38WXGC7JJY9,CA-TX-00000004,158,TOWNHOME,1521.0,3,OWNER_OCCUPIED,78-2145-407
U-OEFUKPV8LYMJ,CA-TX-00000004,159,SINGLE_FAMILY,2504.0,2,RENTED,36-8533-713
U-L6E7VAAGUZRO,CA-CA-00000005,6B,CONDO_UNIT,2473.0,3,OWNER_OCCUPIED,86-6864-496
U-G1ZAQ7QHAK7M,CA-CA-00000005,6E,CONDO_UNIT,1555.0,2,OWNER_OCCUPIED,45-9074-820
U-ZHH3O5URTXUY,CA-CA-00000005,37C,CONDO_UNIT,,2,OWNER_OCCUPIED,82-4734-635
U-0J4A8YWY5APY,CA-CA-00000005,4F,CONDO_UNIT,2316.0,2,RENTED,56-9474-877
U-BZB7TLOM539I,CA-CA-00000005,28B,CONDO_UNIT,1456.0,2,OWNER_OCCUPIED,22-1456-591
U-PA274IR833SI,CA-CA-00000005,5H,CONDO_UNIT,2478.0,3,OWNER_OCCUPIED,14-7183-420
U-6Y2C2BVPDCB4,CA-CA-00000005,26B,CONDO_UNIT,2333.0,2,OWNER_OCCUPIED,11-8428-493
U-QPWDXYASVDAZ,CA-CA-00000005,38D,CONDO_UNIT,1166.0,3,OWNER_OCCUPIED,89-8284-290
U-I2CLP81L51FL,CA-CA-00000005,22E,CONDO_UNIT,683.0,3,RENTED,40-9308-938
U-44PHH62MYZ9V,CA-CA-00000005,22F,CONDO_UNIT,2364.0,2,OWNER_OCCUPIED,15-9125-324
U-7WYQHR133NO3,CA-CA-00000005,1F,CONDO_UNIT,,2,OWNER_OCCUPIED,66-4185-746
U-V1BBHG5ZMTGA,CA-CA-00000005,17B,CONDO_UNIT,,3,OWNER_OCCUPIED,24-6544-315
U-KI3X79955CF7,CA-CA-00000005,13D,CONDO_UNIT,2182.0,2,OWNER_OCCUPIED,15-4098-974
U-T2LB25485HCQ,CA-CA-00000005,40B,CONDO_UNIT,2239.0,3,OWNER_OCCUPIED,73-9501-575
U-GZSR8RUW2XH6,CA-CA-00000005,29D,CONDO_UNIT,1903.0,2,OWNER_OCCUPIED,57-5170-663
U-D1KSIBSMQPNR,CA-CA-00000005,18G,CONDO_UNIT,,2,OWNER_OCCUPIED,20-5825-962
U-STCJIEMTMYJ0,CA-CA-00000005,18D,CONDO_UNIT,1214.0,5,RENTED,43-1139-888
U-K32OOUXQS1FO,CA-CA-00000005,15D,CONDO_UNIT,2762.0,3,OWNER_OCCUPIED,69-6581-910
U-D4P7PP4BF5L0,CA-CA-00000005,32F,CONDO_UNIT,2366.0,2,RENTED,98-9808-406
U-LA27F8LWVV59,CA-CA-00000005,14G,CONDO_UNIT,,2,OWNER_OCCUPIED,67-5991-195
U-GYG3VAH6NHKS,CA-CA-00000005,30A,CONDO_UNIT,695.0,2,RENTED,30-2814-232
U-TRC85EHPZRV7,CA-CA-00000005,38D,CONDO_UNIT,2529.0,2,OWNER_OCCUPIED,18-7541-719
U-3S65QU0K5QZZ,CA-CA-00000005,20G,CONDO_UNIT,1367.0,2,OWNER_OCCUPIED,65-8501-493
U-6GUO8I5JWK6Z,CA-CA-00000005,14H,CONDO_UNIT,2914.0,2,OWNER_OCCUPIED,74-6341-519
U-QJSQCZ0N04OA,CA-CA-00000005,8C,CONDO_UNIT,2551.0,3,OWNER_OCCUPIED,41-8171-243
U-QKF4VGE0GYAJ,CA-CA-00000005,29F,CONDO_UNIT,791.0,4,OWNER_OCCUPIED,16-9566-756
U-XXDYPVBNHI6H,CA-CA-00000005,2G,CONDO_UNIT,,1,RENTED,18-4613-198
U-23GGODLUGHT7,CA-CA-00000005,8D,CONDO_UNIT,2110.0,2,OWNER_OCCUPIED,11-7376-317
U-QC3XNCHKV9DT,CA-CA-00000005,37C,CONDO_UNIT,1038.0,3,VACANT,96-3177-440
U-G1Y9XCA6QS0S,CA-CA-00000005,1D,CONDO_UNIT,,3,OWNER_OCCUPIED,64-4990-734
U-CERHNXI09P5E,CA-CA-00000005,21A,CONDO_UNIT,2349.0,3,OWNER_OCCUPIED,
U-4LIT6XIYZVNL,CA-CA-00000005,29A,CONDO_UNIT,,3,VACANT,28-4345-228
U-DV37IC0LZIGI,CA-CA-00000005,19H,CONDO_UNIT,1474.0,2,RENTED,56-7524-486
U-GPS0132AN417,CA-CA-00000005,39C,CONDO_UNIT,1369.0,2,OWNER_OCCUPIED,58-8878-173
U-LZH6A50NOOO0,CA-CA-00000005,25H,CONDO_UNIT,3059.0,1,RENTED,25-7304-679
U-F1811MZWNCNP,CA-CA-00000005,16D,CONDO_UNIT,2130.0,3,RENTED,92-3422-367
U-V7FIUXFEDZNZ,CA-CA-00000005,6D,CONDO_UNIT,1329.0,4,OWNER_OCCUPIED,78-7271-700
U-0175DU23JH0Z,CA-WA-00000006,100,TOWNHOME,,2,OWNER_OCCUPIED,99-7845-637
U-X0GNZHG8Q3GC,CA-WA-00000006,101,TOWNHOME,1435.0,2,RENTED,90-2789-989
U-CDECBIR1AJ8X,CA-WA-00000006,102,SINGLE_FAMILY,821.0,1,OWNER_OCCUPIED,
U-7RMPN6937XNC,CA-WA-00000006,103,TOWNHOME,2002.0,4,OWNER_OCCUPIED,61-3275-126
U-5KZ3NWXROG98,CA-WA-00000006,104,SINGLE_FAMILY,718.0,3,RENTED,51-8279-339
U-OWCP779460KH,CA-WA-00000006,105,TOWNHOME,2780.0,4,RENTED,14-3094-609
U-KYT5GQEXIH1X,CA-WA-00000006,106,SINGLE_FAMILY,2431.0,5,OWNER_OCCUPIED,51-7283-884
U-HJR6EET0DY57,CA-WA-00000006,107,TOWNHOME,3110.0,1,OWNER_OCCUPIED,58-8159-927
U-IEDD070EN48U,CA-WA-00000006,108,SINGLE_FAMILY,,1,OWNER_OCCUPIED,64-6237-889
U-27EXVDA4L3KH,CA-WA-00000006,109,TOWNHOME,1253.0,3,OWNER_OCCUPIED,99-1562-713
U-L9E9ZR3RZN9L,CA-WA-00000006,110,TOWNHOME,1512.0,4,VACANT,16-3933-977
U-0K36FAOPRMOC,CA-WA-00000006,111,TOWNHOME,1806.0,3,OWNER_OCCUPIED,60-2594-234
U-1U24ZQFEZKFH,CA-WA-00000006,112,TOWNHOME,687.0,2,RENTED,28-7169-537
U-7D9GB9XV8WOB,CA-WA-00000006,113,SINGLE_FAMILY,2651.0,2,OWNER_OCCUPIED,58-2468-896
U-5XJXNECRYSAU,CA-WA-00000006,114,TOWNHOME,1771.0,3,OWNER_OCCUPIED,59-8932-760
U-KELZ5TOZO32T,CA-WA-00000006,115,TOWNHOME,,4,OWNER_OCCUPIED,93-3033-871
U-86GVGT2EEHFU,CA-WA-00000006,116,SINGLE_FAMILY,793.0,1,OWNER_OCCUPIED,79-3811-533
U-IB86KTFRL69V,CA-WA-00000006,117,SINGLE_FAMILY,1055.0,3,OWNER_OCCUPIED,
U-K38VHMEWCJN6,CA-WA-00000006,118,SINGLE_FAMILY,991.0,4,RENTED,28-9780-308
U-WJWXZUXSF3L2,CA-WA-00000006,119,SINGLE_FAMILY,3122.0,2,OWNER_OCCUPIED,97-9984-516
U-LD62F2JD9I82,CA-WA-00000006,120,SINGLE_FAMILY,2806.0,3,OWNER_OCCUPIED,72-2565-641
U-Z5TV6G8OM08T,CA-WA-00000006,121,TOWNHOME,2299.0,3,OWNER_OCCUPIED,
U-XFUJ7XN1YPQP,CA-WA-00000006,122,SINGLE_FAMILY,2569.0,3,OWNER_OCCUPIED,39-6000-750
U-8OLDC08FC0TR,CA-WA-00000006,123,SINGLE_FAMILY,2386.0,3,VACANT,73-9437-801
U-OW60ZZ0I0835,CA-WA-00000006,124,SINGLE_FAMILY,3145.0,1,OWNER_OCCUPIED,77-4687-279
U-NEMBRG8MY344,CA-WA-00000006,125,SINGLE_FAMILY,2628.0,2,OWNER_OCCUPIED,82-7449-322
U-78S6764CAQKD,CA-WA-00000006,126,TOWNHOME,1412.0,2,OWNER_OCCUPIED,35-2388-641
U-O6A1JQNN6TJ9,CA-WA-00000006,127,SINGLE_FAMILY,2449.0,2,OWNER_OCCUPIED,55-4251-213
U-KEPLBX889ERR,CA-WA-00000006,128,SINGLE_FAMILY,1171.0,2,RENTED,74-7370-234
U-82EMAYB3PVAR,CA-WA-00000006,129,SINGLE_FAMILY,988.0,3,OWNER_OCCUPIED,75-4061-355
U-159I3HZ3ZSG9,CA-WA-00000006,130,TOWNHOME,1259.0,2,OWNER_OCCUPIED,
U-7PWDBOLWIMRS,CA-WA-00000006,131,SINGLE_FAMILY,1896.0,2,OWNER_OCCUPIED,63-5046-427
U-GAXLKKVPJRME,CA-WA-00000006,132,SINGLE_FAMILY,2910.0,3,OWNER_OCCUPIED,56-9664-719
U-IJVDDWVB853G,CA-WA-00000006,133,TOWNHOME,1054.0,1,OWNER_OCCUPIED,70-4309-646
U-BGTJ54696QZ6,CA-WA-00000006,134,SINGLE_FAMILY,,2,VACANT,12-3735-713
U-ZEBU2Y0OY58F,CA-WA-00000006,135,TOWNHOME,2223.0,3,OWNER_OCCUPIED,36-4015-103
U-UVA7SSZJ4KJE,CA-WA-00000006,136,SINGLE_FAMILY,2835.0,2,OWNER_OCCUPIED,45-3178-376
U-XI3TAMVNCZTZ,CA-VA-00000007,100,SINGLE_FAMILY,3154.0,2,VACANT,11-6824-324
U-G8T922D0NX5W,CA-VA-00000007,101,TOWNHOME,2461.0,2,OWNER_OCCUPIED,60-3550-556
U-0PFRRQ3GU7GK,CA-VA-00000007,102,SINGLE_FAMILY,1377.0,4,RENTED,28-2180-536
U-QXO0E1ADNDA3,CA-VA-00000007,103,SINGLE_FAMILY,1191.0,2,OWNER_OCCUPIED,90-1221-911
U-8D0MZHRUPFLF,CA-VA-00000007,104,SINGLE_FAMILY,,3,OWNER_OCCUPIED,15-2684-657
U-D5OAIINMK7YY,CA-VA-00000007,105,TOWNHOME,1110.0,3,VACANT,46-6854-178
U-E776VGTVYFYK,CA-VA-00000007,106,TOWNHOME,2076.0,4,OWNER_OCCUPIED,57-5348-930
U-2592FFQ293EP,CA-VA-00000007,107,SINGLE_FAMILY,1242.0,1,VACANT,59-6777-426
U-PYO2M2XIPRTT,CA-VA-00000007,108,TOWNHOME,2225.0,1,RENTED,98-4593-819
U-IA9AU87CM453,CA-VA-00000007,109,SINGLE_FAMILY,1240.0,4,OWNER_OCCUPIED,63-4973-315
U-CE8ZNA8NZXC4,CA-VA-00000007,110,SINGLE_FAMILY,773.0,2,OWNER_OCCUPIED,11-7823-253
U-QFS8Q0PXAECX,CA-VA-00000007,111,SINGLE_FAMILY,1360.0,3,OWNER_OCCUPIED,97-8443-667
U-7SZPF9S9EHWH,CA-VA-00000007,112,TOWNHOME,2940.0,3,OWNER_OCCUPIED,71-6131-768
U-3F2XHDCV4BKT,CA-VA-00000007,113,TOWNHOME,,3,RENTED,80-4305-753
U-IDUB9RBDL918,CA-VA-00000007,114,SINGLE_FAMILY,1938.0,3,RENTED,99-2595-439
U-6SS1A2R5BFYC,CA-VA-00000007,115,TOWNHOME,1598.0,4,RENTED,30-9218-628
U-QEKW7BZYI9V8,CA-VA-00000007,116,TOWNHOME,2687.0,1,OWNER_OCCUPIED,49-9964-988
U-RQGKCUMCZQ99,CA-VA-00000007,117,SINGLE_FAMILY,2460.0,3,OWNER_OCCUPIED,82-8999-140
U-4O47EN48NYSJ,CA-VA-00000007,118,TOWNHOME,824.0,3,OWNER_OCCUPIED,41-1130-258
U-KFOCNQDQX6QD,CA-VA-00000007,119,SINGLE_FAMILY,2275.0,3,OWNER_OCCUPIED,50-6610-718
U-H0EQT8FHU91C,CA-VA-00000007,120,TOWNHOME,2411.0,5,OWNER_OCCUPIED,12-7929-376
U-WDCOKZ5SYJ3D,CA-VA-00000007,121,TOWNHOME,2050.0,5,OWNER_OCCUPIED,63-8890-586
U-8P6U3U6H0UFX,CA-VA-00000007,122,SINGLE_FAMILY,1946.0,1,RENTED,73-6184-216
U-J0974WXUB0GZ,CA-VA-00000007,123,TOWNHOME,3111.0,2,OWNER_OCCUPIED,96-1235-479
U-A6S5ZXQOMTS1,CA-VA-00000007,124,TOWNHOME,1370.0,3,OWNER_OCCUPIED,30-9892-546
U-KXYWZ76DD4DA,CA-VA-00000007,125,TOWNHOME,1074.0,3,RENTED,22-8276-615
U-Y4H1TE48M2Q6,CA-VA-00000007,126,SINGLE_FAMILY,2271.0,1,OWNER_OCCUPIED,46-5384-774
U-L66YA6BA24S0,CA-VA-00000007,127,TOWNHOME,1348.0,5,VACANT,60-4156-731
U-32UEW9G6SPD2,CA-VA-00000007,128,TOWNHOME,3013.0,3,RENTED,43-3605-430
U-DAA1FWT9UA09,CA-VA-00000007,129,SINGLE_FAMILY,2116.0,2,RENTED,34-9772-960
U-03NJBCFA95D7,CA-VA-00000007,130,SINGLE_FAMILY,1230.0,2,RENTED,73-6921-958
U-ORAC8CYNL63G,CA-VA-00000007,131,SINGLE_FAMILY,,2,OWNER_OCCUPIED,14-2920-451
U-RWTF07GBASF5,CA-VA-00000007,132,TOWNHOME,1538.0,1,OWNER_OCCUPIED,98-3073-374
U-R8MTK0RSOGGY,CA-VA-00000007,133,TOWNHOME,1801.0,5,OWNER_OCCUPIED,85-6105-269
U-8R5P03WVPUNW,CA-VA-00000007,134,SINGLE_FAMILY,,2,OWNER_OCCUPIED,85-7714-400
U-OE3PGIHNFLAY,CA-VA-00000007,135,TOWNHOME,1525.0,3,RENTED,81-2085-494
U-VSDKV54C6P1L,CA-VA-00000007,136,TOWNHOME,1457.0,1,OWNER_OCCUPIED,45-7901-222
U-QVVIAA2UAQE8,CA-VA-00000007,137,SINGLE_FAMILY,,3,OWNER_OCCUPIED,12-2137-581
U-3OKLMC1RBK9R,CA-VA-00000007,138,SINGLE_FAMILY,1147.0,4,VACANT,38-1783-945
U-E950ID033TAY,CA-VA-00000007,139,SINGLE_FAMILY,,4,OWNER_OCCUPIED,48-2229-370
U-Y2NZ7VELFV46,CA-VA-00000007,140,TOWNHOME,1151.0,3,OWNER_OCCUPIED,72-5596-429
U-IJKCU5X0HC8C,CA-VA-00000007,141,TOWNHOME,,2,RENTED,23-6577-313
U-1LQFS6HN95S2,CA-VA-00000007,142,TOWNHOME,1788.0,2,RENTED,83-2672-250
U-50I6GBXQJ7DP,CA-VA-00000007,143,TOWNHOME,2706.0,2,OWNER_OCCUPIED,57-2602-150
U-0PKOVTRPYX8H,CA-VA-00000007,144,TOWNHOME,,1,OWNER_OCCUPIED,22-5513-331
U-OD05JH2MKV0D,CA-VA-00000007,145,TOWNHOME,3198.0,3,OWNER_OCCUPIED,40-3789-422
U-FLQ8XPA95G1A,CA-VA-00000007,146,SINGLE_FAMILY,2590.0,3,OWNER_OCCUPIED,24-1740-938
U-U94SGFDK0Q09,CA-VA-00000007,147,SINGLE_FAMILY,2642.0,2,OWNER_OCCUPIED,48-6467-630
U-EY0A94XFRI09,CA-VA-00000007,148,TOWNHOME,1015.0,2,VACANT,45-9927-560
U-JY5OP9LBSMWP,CA-VA-00000007,149,SINGLE_FAMILY,2071.0,2,VACANT,97-3410-577
U-SKUFRCKQH3ER,CA-VA-00000007,150,SINGLE_FAMILY,,2,RENTED,27-6737-999
U-2S8U8ZF0P7KB,CA-VA-00000007,151,TOWNHOME,1668.0,4,OWNER_OCCUPIED,22-5280-409
U-GP52F1JOHKK7,CA-VA-00000007,152,TOWNHOME,1401.0,2,RENTED,27-9627-552
U-SYMMQ8Q6A1DF,CA-VA-00000007,153,TOWNHOME,1643.0,3,OWNER_OCCUPIED,82-5806-154
U-EYQ1S4DJ9DV3,CA-VA-00000007,154,TOWNHOME,2007.0,4,OWNER_OCCUPIED,75-1868-818
U-SU8E6XFWZ73W,CA-VA-00000007,155,SINGLE_FAMILY,925.0,1,OWNER_OCCUPIED,22-5050-309
U-R3PCEO934T3Y,CA-VA-00000007,156,SINGLE_FAMILY,3177.0,2,OWNER_OCCUPIED,
U-3XG0TRKY8RYO,CA-VA-00000007,157,SINGLE_FAMILY,1089.0,3,RENTED,46-8488-223
U-AKX6WB68Q0J9,CA-VA-00000007,158,TOWNHOME,2711.0,2,RENTED,75-2028-278
U-MZMZ2K1KO6XN,CA-VA-00000007,159,SINGLE_FAMILY,1388.0,3,RENTED,77-5247-232
U-VUV3CB0IXRYL,CA-NY-00000008,100,TOWNHOME,1619.0,2,RENTED,59-7882-165
U-WE4C1V47LZN9,CA-NY-00000008,101,SINGLE_FAMILY,1468.0,2,OWNER_OCCUPIED,38-4296-859
U-PT2DA8DBFA1U,CA-NY-00000008,102,SINGLE_FAMILY,2045.0,2,RENTED,92-9653-608
U-3URMWUECPNCC,CA-NY-00000008,103,SINGLE_FAMILY,1871.0,2,OWNER_OCCUPIED,79-6421-123
U-3K3OM5FKTISW,CA-NY-00000008,104,SINGLE_FAMILY,3183.0,1,RENTED,70-5309-768
U-BPH5CH3L16CR,CA-NY-00000008,105,SINGLE_FAMILY,2959.0,4,RENTED,14-6666-172
U-VWCT8JBBSXPK,CA-NY-00000008,106,TOWNHOME,1582.0,1,OWNER_OCCUPIED,35-9752-722
U-Y0TB1ZPPEP69,CA-NY-00000008,107,TOWNHOME,1443.0,2,RENTED,21-1164-332
U-052U9AZ3CEGB,CA-NY-00000008,108,TOWNHOME,1650.0,5,OWNER_OCCUPIED,94-3005-772
U-C7HZ364PKNT5,CA-NY-00000008,109,SINGLE_FAMILY,1745.0,2,OWNER_OCCUPIED,54-7731-822
U-KHE9I0HN3F9Z,CA-NY-00000008,110,TOWNHOME,2508.0,5,OWNER_OCCUPIED,44-5554-702
U-K8C4NANPINXT,CA-NY-00000008,111,TOWNHOME,778.0,3,OWNER_OCCUPIED,
U-763V1M3PP00C,CA-NY-00000008,112,TOWNHOME,2239.0,5,VACANT,78-8594-534
U-FN07EA28DITM,CA-NY-00000008,113,TOWNHOME,3171.0,2,OWNER_OCCUPIED,93-1202-227
U-ULJGQPQ8R4HC,CA-NY-00000008,114,TOWNHOME,1782.0,4,OWNER_OCCUPIED,66-3945-364
U-JRIG5XIXGSPL,CA-NY-00000008,115,TOWNHOME,1583.0,1,RENTED,42-1264-794
U-TBIDSECHU3YC,CA-NY-00000008,116,TOWNHOME,1809.0,2,OWNER_OCCUPIED,52-7686-767
U-Q9WFB76AV3S2,CA-NY-00000008,117,TOWNHOME,3031.0,3,VACANT,84-1534-772
U-N9CC7ISUTP04,CA-NY-00000008,118,SINGLE_FAMILY,860.0,3,RENTED,50-5410-299
U-6L29IL9YQ8OC,CA-NY-00000008,119,TOWNHOME,963.0,4,RENTED,67-7862-335
U-7I6YXV2MEOSF,CA-NY-00000008,120,SINGLE_FAMILY,1461.0,4,RENTED,
U-P1ZQD54AGCST,CA-NY-00000008,121,SINGLE_FAMILY,2379.0,2,OWNER_OCCUPIED,47-2950-444
U-VW9B0MQOQ4KR,CA-NY-00000008,122,TOWNHOME,1401.0,3,OWNER_OCCUPIED,75-2372-255
U-VNXNPSV8DKMU,CA-NY-00000008,123,SINGLE_FAMILY,3024.0,3,RENTED,59-6219-875
U-8B850PK5LMFK,CA-NY-00000008,124,SINGLE_FAMILY,1566.0,4,OWNER_OCCUPIED,87-2738-337
U-FH41A68T2A3A,CA-NY-00000008,125,TOWNHOME,2989.0,2,OWNER_OCCUPIED,68-5832-212
U-PPJ590EMC20L,CA-NY-00000008,126,SINGLE_FAMILY,1780.0,3,RENTED,19-6157-139
U-DZSGU4W8WIV5,CA-NY-00000008,127,TOWNHOME,1451.0,2,OWNER_OCCUPIED,73-5630-234
U-WDS0HPRWZBYW,CA-NY-00000008,128,SINGLE_FAMILY,1611.0,3,OWNER_OCCUPIED,33-5916-960
U-5YRWVTKH861P,CA-NY-00000008,129,SINGLE_FAMILY,1663.0,3,OWNER_OCCUPIED,50-2860-455
U-Z1R2ROIKS62C,CA-NY-00000008,130,TOWNHOME,1721.0,3,OWNER_OCCUPIED,64-7531-366
U-J0M3LOUFHW8W,CA-NY-00000008,131,SINGLE_FAMILY,3127.0,3,VACANT,
U-DZ61TXSNHFT4,CA-NY-00000008,132,TOWNHOME,1311.0,4,OWNER_OCCUPIED,41-1223-136
U-1SS2BKAWYB03,CA-NY-00000008,133,SINGLE_FAMILY,2291.0,2,RENTED,20-2253-175
U-A0T7DVO342P0,CA-NY-00000008,134,TOWNHOME,2529.0,2,OWNER_OCCUPIED,70-7169-398
U-D8UR6TIARONT,CA-NY-00000008,135,TOWNHOME,1567.0,3,OWNER_OCCUPIED,67-7059-588
U-XL39DG5RIFWR,CA-NY-00000008,136,SINGLE_FAMILY,2970.0,3,OWNER_OCCUPIED,62-6102-858
U-4BYV5JHURR8I,CA-NY-00000008,137,TOWNHOME,2628.0,3,RENTED,20-2721-535
U-N1F0FP8BPG2R,CA-NY-00000008,138,SINGLE_FAMILY,2890.0,2,OWNER_OCCUPIED,47-5441-635
U-WNXFSHWZSJQ7,CA-NY-00000008,139,TOWNHOME,1204.0,2,RENTED,50-7820-283
U-Q9AZHDQDWVCW,CA-NY-00000008,140,SINGLE_FAMILY,2062.0,3,RENTED,64-6009-476
U-7UXHVDHGUESX,CA-NY-00000008,141,TOWNHOME,3007.0,3,OWNER_OCCUPIED,88-8756-314
U-AIH7WFRAC8E3,CA-NY-00000008,142,SINGLE_FAMILY,2582.0,2,OWNER_OCCUPIED,81-7442-486
U-ZM4LCVHFWJFP,CA-NY-00000008,143,TOWNHOME,1676.0,3,OWNER_OCCUPIED,54-3916-125
U-41MPW57GN79H,CA-NY-00000008,144,TOWNHOME,1448.0,1,OWNER_OCCUPIED,57-5157-614
U-VBJRBZJW8357,CA-NY-00000008,145,SINGLE_FAMILY,2511.0,3,OWNER_OCCUPIED,79-2702-139
U-B6F05EP4CWCD,CA-NY-00000008,146,TOWNHOME,1445.0,3,RENTED,96-6185-826
U-6V7S7O4YC3S0,CA-NY-00000008,147,SINGLE_FAMILY,2466.0,1,OWNER_OCCUPIED,62-3833-750
U-LUEQ4D7D7GDL,CA-NY-00000008,148,SINGLE_FAMILY,732.0,3,RENTED,57-8542-183
U-LY7500LNKKUO,CA-NY-00000008,149,SINGLE_FAMILY,1767.0,4,OWNER_OCCUPIED,99-8202-370
U-RUMXQW3B4NTH,CA-NY-00000008,150,SINGLE_FAMILY,2070.0,3,RENTED,53-9253-664
U-D1JQBEXGFVNN,CA-NY-00000008,151,TOWNHOME,788.0,2,OWNER_OCCUPIED,11-3600-531
U-MXD6LQGA3QUP,CA-NY-00000008,152,TOWNHOME,1647.0,2,OWNER_OCCUPIED,96-7572-407
U-8516SP18OBS7,CA-NY-00000008,153,SINGLE_FAMILY,2796.0,2,VACANT,26-6458-907
U-8L12QFAF5KCI,CA-NY-00000008,154,SINGLE_FAMILY,1019.0,3,OWNER_OCCUPIED,57-1081-588
U-MQYZ6Y3Z1DE1,CA-NY-00000008,155,SINGLE_FAMILY,1989.0,4,RENTED,64-7452-646
U-MY8A5GINSAVO,CA-NY-00000008,156,SINGLE_FAMILY,,2,OWNER_OCCUPIED,48-8133-195
U-NGFLYRJ8GOSD,CA-NY-00000008,157,TOWNHOME,2068.0,3,OWNER_OCCUPIED,11-3635-426
U-UNQR8O1KJWV2,CA-NY-00000008,158,SINGLE_FAMILY,2177.0,3,RENTED,56-2829-904
U-9TNYFM7VH30Q,CA-NY-00000008,159,SINGLE_FAMILY,,2,OWNER_OCCUPIED,56-1820-713
U-JMK3TGMALWVM,CA-CA-00000009,100,TOWNHOME,,3,OWNER_OCCUPIED,22-3065-844
U-WPJ8YI340SQC,CA-CA-00000009,101,SINGLE_FAMILY,1251.0,3,RENTED,22-7257-624
U-MWKOG0Z0C682,CA-CA-00000009,102,SINGLE_FAMILY,1891.0,3,OWNER_OCCUPIED,98-1800-483
U-H7JYGSBOGKAH,CA-CA-00000009,103,TOWNHOME,1181.0,2,OWNER_OCCUPIED,91-6212-199
U-IZHW0VQPVTRU,CA-CA-00000009,104,SINGLE_FAMILY,1959.0,2,OWNER_OCCUPIED,73-4451-645
U-YJB48WUMH9NK,CA-CA-00000009,105,SINGLE_FAMILY,2564.0,1,OWNER_OCCUPIED,55-8070-525
U-1K09NTN8EOHD,CA-CA-00000009,106,SINGLE_FAMILY,1301.0,3,VACANT,80-7693-460
U-PVLND581LTO4,CA-CA-00000009,107,SINGLE_FAMILY,2550.0,2,RENTED,32-7554-395
U-TMQG6NX9OWWE,CA-CA-00000009,108,SINGLE_FAMILY,979.0,3,RENTED,51-5095-270
U-Y8AV2OSG6Q0I,CA-CA-00000009,109,TOWNHOME,1468.0,2,OWNER_OCCUPIED,36-8555-570
U-YPIGQX2456IZ,CA-CA-00000009,110,SINGLE_FAMILY,,3,RENTED,76-8703-982
U-CPJZE1XTAR0K,CA-CA-00000009,111,TOWNHOME,813.0,2,RENTED,93-8209-538
U-D41U2ZNXFIRJ,CA-CA-00000009,112,SINGLE_FAMILY,953.0,3,RENTED,43-6610-402
U-LQJJBFSA5UZL,CA-CA-00000009,113,TOWNHOME,2975.0,3,OWNER_OCCUPIED,47-3530-861
U-FKNWBHKVJZ09,CA-CA-00000009,114,SINGLE_FAMILY,3183.0,4,VACANT,85-9209-421
U-N7X5RRNYCIHF,CA-CA-00000009,115,TOWNHOME,1139.0,3,OWNER_OCCUPIED,91-1199-960
U-0NBW8SJ84TC2,CA-CA-00000009,116,SINGLE_FAMILY,2791.0,2,OWNER_OCCUPIED,98-5015-333
U-G9JJ0076EKHI,CA-CA-00000009,117,TOWNHOME,2604.0,3,OWNER_OCCUPIED,50-2196-301
U-EDHTHRUU5E51,CA-CA-00000009,118,TOWNHOME,3166.0,3,VACANT,62-5435-604
U-LRKXJTMYSWE1,CA-CA-00000009,119,SINGLE_FAMILY,676.0,2,VACANT,30-3929-167
U-YD5MY3GDILK1,CA-CA-00000009,120,TOWNHOME,1879.0,4,OWNER_OCCUPIED,51-3562-296
U-24VF89X22J7Q,CA-CA-00000009,121,TOWNHOME,1893.0,2,OWNER_OCCUPIED,50-8368-415
U-U1A7BOXFQJ3H,CA-CA-00000009,122,TOWNHOME,1698.0,2,OWNER_OCCUPIED,58-6336-671
U-2WPJCF07V882,CA-CA-00000009,123,SINGLE_FAMILY,2644.0,2,VACANT,17-2661-157
U-JN7DE0L1OFFK,CA-CA-00000009,124,TOWNHOME,1010.0,2,OWNER_OCCUPIED,94-5271-670
U-YF15Z08N10HL,CA-CA-00000009,125,TOWNHOME,2133.0,2,RENTED,42-1379-243
U-XP323C9NU985,CA-CA-00000009,126,SINGLE_FAMILY,2856.0,3,OWNER_OCCUPIED,19-2509-671
U-T24D7V911PJQ,CA-CA-00000009,127,SINGLE_FAMILY,1273.0,3,OWNER_OCCUPIED,53-8439-640
U-6OKWOALF4V1T,CA-CA-00000009,128,TOWNHOME,1470.0,3,OWNER_OCCUPIED,83-3500-293
U-HGAV42T8LLIH,CA-CA-00000009,129,SINGLE_FAMILY,2387.0,5,OWNER_OCCUPIED,55-1447-240
U-E8A54HBPH1VE,CA-CA-00000009,130,TOWNHOME,2725.0,4,RENTED,36-2971-600
U-0LG92MJEQA2O,CA-CA-00000009,131,TOWNHOME,2102.0,2,OWNER_OCCUPIED,93-5926-334
U-X35A806B4GAS,CA-AZ-00000010,100,SINGLE_FAMILY,2574.0,3,OWNER_OCCUPIED,94-5801-480
U-3PGSF3YN72BH,CA-AZ-00000010,101,TOWNHOME,2178.0,4,OWNER_OCCUPIED,13-6432-129
U-B56BNVSFA6D9,CA-AZ-00000010,102,TOWNHOME,2598.0,3,OWNER_OCCUPIED,66-3202-977
U-LQ6EXNWZR04H,CA-AZ-00000010,103,SINGLE_FAMILY,1181.0,4,OWNER_OCCUPIED,22-7616-389
U-IJ0KZQVS9J6L,CA-AZ-00000010,104,SINGLE_FAMILY,1244.0,3,VACANT,
U-W29AW4IOAR4G,CA-AZ-00000010,105,TOWNHOME,3014.0,2,VACANT,43-9943-550
U-0XSM9GM51QD4,CA-AZ-00000010,106,SINGLE_FAMILY,1726.0,1,OWNER_OCCUPIED,79-3068-196
U-93EZEMQT788G,CA-AZ-00000010,107,SINGLE_FAMILY,2742.0,2,RENTED,12-4255-851
U-S2UTBTTY9GFY,CA-AZ-00000010,108,TOWNHOME,3182.0,2,VACANT,79-7947-978
U-K88K686QE7AJ,CA-AZ-00000010,109,SINGLE_FAMILY,1926.0,2,RENTED,18-1970-873
U-FRF899OFPVIM,CA-AZ-00000010,110,TOWNHOME,1781.0,2,OWNER_OCCUPIED,84-3487-310
U-FJLWSS1VIP3T,CA-AZ-00000010,111,TOWNHOME,1279.0,1,VACANT,53-5458-141
U-4JWPGZ5RKSD0,CA-AZ-00000010,112,TOWNHOME,2135.0,2,RENTED,99-8085-531
U-W5K0JJSP49CD,CA-AZ-00000010,113,SINGLE_FAMILY,1644.0,3,OWNER_OCCUPIED,44-2703-899
U-U4NS7NVV28UE,CA-AZ-00000010,114,TOWNHOME,2127.0,3,RENTED,60-1653-455
U-4US73W1YAUA8,CA-AZ-00000010,115,TOWNHOME,2338.0,4,RENTED,42-6875-938
U-M8J2LZW1FU5X,CA-AZ-00000010,116,TOWNHOME,2077.0,3,OWNER_OCCUPIED,21-6468-460
U-LL6DOWX1H4RM,CA-AZ-00000010,117,SINGLE_FAMILY,2130.0,3,VACANT,24-4109-695
U-6ZU1TOZHDV5O,CA-AZ-00000010,118,TOWNHOME,2043.0,3,OWNER_OCCUPIED,23-5815-728
U-LI3IF9AIZH5P,CA-AZ-00000010,119,SINGLE_FAMILY,1245.0,1,OWNER_OCCUPIED,
U-4OTUO4UW590Z,CA-AZ-00000010,120,TOWNHOME,1729.0,2,OWNER_OCCUPIED,40-6245-653
U-CYL3Z2UD79ZT,CA-AZ-00000010,121,TOWNHOME,3124.0,2,OWNER_OCCUPIED,80-4669-576
U-UBWRP8GUUCM5,CA-AZ-00000010,122,TOWNHOME,2101.0,1,RENTED,13-9041-541
U-9HQTYLU58FTY,CA-AZ-00000010,123,SINGLE_FAMILY,677.0,5,OWNER_OCCUPIED,85-2960-893
U-WT00IV1GGXRE,CA-AZ-00000010,124,SINGLE_FAMILY,2302.0,3,VACANT,62-7247-813
U-EMDMZ5RGOI9W,CA-AZ-00000010,125,TOWNHOME,1035.0,3,OWNER_OCCUPIED,81-1969-799
U-DA9ALL2UNCGW,CA-AZ-00000010,126,TOWNHOME,2842.0,2,OWNER_OCCUPIED,29-7130-687
U-6Z5GF3BBT873,CA-AZ-00000010,127,SINGLE_FAMILY,1843.0,2,RENTED,31-2633-609
U-V9777TNQETMN,CA-AZ-00000010,128,SINGLE_FAMILY,2660.0,2,OWNER_OCCUPIED,71-2618-968
U-XLSUTOTHLQH7,CA-AZ-00000010,129,SINGLE_FAMILY,2432.0,2,OWNER_OCCUPIED,51-8931-724
U-L911ZSB8LV6T,CA-AZ-00000010,130,TOWNHOME,846.0,3,OWNER_OCCUPIED,34-6763-650
U-3YPS4SYBHQGH,CA-AZ-00000010,131,SINGLE_FAMILY,1483.0,3,OWNER_OCCUPIED,15-7250-310
U-7AI33993N4BF,CA-AZ-00000010,132,SINGLE_FAMILY,1707.0,4,OWNER_OCCUPIED,90-6074-309
U-OA3N4G2JAYB1,CA-AZ-00000010,133,TOWNHOME,1563.0,1,OWNER_OCCUPIED,72-2089-287
U-G08ZZKK4J1O5,CA-AZ-00000010,134,TOWNHOME,1004.0,3,OWNER_OCCUPIED,14-8683-590
U-EBNDYCPN0P1X,CA-AZ-00000010,135,SINGLE_FAMILY,1424.0,3,RENTED,11-3502-449
U-7MHXOFKCGGXP,CA-AZ-00000010,136,TOWNHOME,934.0,4,OWNER_OCCUPIED,30-3348-660
U-CYOTWG7NFDIN,CA-AZ-00000010,137,TOWNHOME,2237.0,3,OWNER_OCCUPIED,90-1576-677
U-A3RUNYN6IRJ9,CA-AZ-00000010,138,SINGLE_FAMILY,2612.0,4,OWNER_OCCUPIED,56-4667-247
U-WG895NA2FQZT,CA-AZ-00000010,139,TOWNHOME,2297.0,2,OWNER_OCCUPIED,61-7899-527
U-0PNNLO0HHGH5,CA-AZ-00000010,140,TOWNHOME,3184.0,2,OWNER_OCCUPIED,62-7140-759
U-HFDXK31WBHTF,CA-AZ-00000010,141,TOWNHOME,2769.0,2,VACANT,
U-NYJ0UFO2HOQ5,CA-AZ-00000010,142,SINGLE_FAMILY,2643.0,2,VACANT,90-1578-792
U-2DA5B4L6HFH4,CA-AZ-00000010,143,SINGLE_FAMILY,1942.0,3,RENTED,32-5747-410
U-2F5FE6OUWZK4,CA-AZ-00000010,144,SINGLE_FAMILY,1114.0,3,OWNER_OCCUPIED,15-3221-490
U-NGAY37VG688U,CA-AZ-00000010,145,TOWNHOME,998.0,4,OWNER_OCCUPIED,48-7449-253
U-92Y8LZ8CV2A6,CA-AZ-00000010,146,SINGLE_FAMILY,1342.0,2,OWNER_OCCUPIED,76-1384-601
U-6BILQPB01QCT,CA-AZ-00000010,147,TOWNHOME,693.0,3,OWNER_OCCUPIED,70-7226-497
U-ZJNNS9PZEMJG,CA-AZ-00000010,148,SINGLE_FAMILY,991.0,4,RENTED,95-6220-982
U-AE1IGCUIDC00,CA-AZ-00000010,149,SINGLE_FAMILY,3179.0,1,OWNER_OCCUPIED,68-6421-904
U-WCE77GZDPYHZ,CA-AZ-00000010,150,SINGLE_FAMILY,2818.0,2,RENTED,73-4048-580
U-0V4PSC9J5UGE,CA-AZ-00000010,151,TOWNHOME,1420.0,2,OWNER_OCCUPIED,30-7466-750
U-VSKP30TX8J1C,CA-AZ-00000010,152,TOWNHOME,,2,RENTED,65-2309-790
U-A0DV6NYYCJ4Q,CA-AZ-00000010,153,TOWNHOME,2617.0,2,OWNER_OCCUPIED,79-4117-333
U-BMQQ749Q6QF1,CA-AZ-00000010,154,SINGLE_FAMILY,750.0,4,RENTED,90-3447-509
U-A2XGVGDOFMAO,CA-AZ-00000010,155,TOWNHOME,2900.0,2,OWNER_OCCUPIED,73-8091-545
U-RXMD8ZVFSRHR,CA-AZ-00000010,156,SINGLE_FAMILY,1299.0,2,OWNER_OCCUPIED,88-2996-713
U-TMNYEURANI8Y,CA-AZ-00000010,157,SINGLE_FAMILY,1930.0,3,RENTED,45-6582-691
U-Z682U6ZV3IU6,CA-AZ-00000010,158,TOWNHOME,1041.0,2,OWNER_OCCUPIED,77-9043-573
U-COG1ZN1RIAMW,CA-AZ-00000010,159,TOWNHOME,1767.0,5,OWNER_OCCUPIED,78-4277-943
U-8VE00H2K2P3A,CA-TX-00000011,100,SINGLE_FAMILY,1240.0,2,OWNER_OCCUPIED,63-2289-477
U-19QNFPL7QHVK,CA-TX-00000011,101,TOWNHOME,1972.0,5,OWNER_OCCUPIED,80-8816-477
U-LZTWXOL4BKUU,CA-TX-00000011,102,SINGLE_FAMILY,878.0,3,RENTED,18-3292-255
U-S7I19MO1RTSX,CA-TX-00000011,103,SINGLE_FAMILY,1284.0,3,OWNER_OCCUPIED,30-2888-881
U-ICYAXZRB188E,CA-TX-00000011,104,TOWNHOME,2237.0,3,RENTED,
U-RYZTBVHUAZUN,CA-TX-00000011,105,TOWNHOME,1322.0,2,OWNER_OCCUPIED,
U-JNN41JH6OXQQ,CA-TX-00000011,106,TOWNHOME,2746.0,3,OWNER_OCCUPIED,59-2748-860
U-HU03Y53MBWU5,CA-TX-00000011,107,SINGLE_FAMILY,2743.0,1,OWNER_OCCUPIED,52-4380-611
U-ZQO17RV2Y7CD,CA-TX-00000011,108,TOWNHOME,,1,OWNER_OCCUPIED,
U-7KNUFBHGP5CP,CA-TX-00000011,109,TOWNHOME,,3,RENTED,43-8486-919
U-EW8257GE0Q5Z,CA-TX-00000011,110,SINGLE_FAMILY,742.0,3,OWNER_OCCUPIED,29-4530-166
U-YBR3O9UBC1KK,CA-TX-00000011,111,TOWNHOME,1744.0,1,OWNER_OCCUPIED,40-8339-929
U-9BU4UZ2Z0KDN,CA-TX-00000011,112,SINGLE_FAMILY,2880.0,2,RENTED,80-9859-249
U-0MGOQMK31RTM,CA-TX-00000011,113,TOWNHOME,3116.0,2,OWNER_OCCUPIED,92-8644-561
U-6M79FMW04U92,CA-TX-00000011,114,SINGLE_FAMILY,2273.0,1,OWNER_OCCUPIED,74-9912-142
U-UJT70Y2RL4N7,CA-TX-00000011,115,SINGLE_FAMILY,2258.0,2,OWNER_OCCUPIED,23-4699-755
U-FY1Z682R6ZL1,CA-TX-00000011,116,TOWNHOME,1507.0,3,OWNER_OCCUPIED,13-1265-131
U-EG1CJ8PMOZKN,CA-TX-00000011,117,TOWNHOME,2405.0,3,RENTED,85-1686-795
U-9RMJR211PV58,CA-TX-00000011,118,TOWNHOME,761.0,2,VACANT,21-8780-358
U-C0Z7Q0I9BL14,CA-TX-00000011,119,SINGLE_FAMILY,2331.0,1,RENTED,96-1462-618
U-CGJU2T0JESGQ,CA-TX-00000011,120,TOWNHOME,813.0,2,OWNER_OCCUPIED,29-2258-303
U-RA1361BGMY4I,CA-TX-00000011,121,TOWNHOME,1125.0,2,OWNER_OCCUPIED,87-1387-548
U-NZASYWDRKUPC,CA-TX-00000011,122,TOWNHOME,2114.0,3,OWNER_OCCUPIED,27-2982-124
U-DGHXTUR8XUEB,CA-TX-00000011,123,SINGLE_FAMILY,1880.0,2,RENTED,
U-SASJTK3LIRHX,CA-TX-00000011,124,SINGLE_FAMILY,1527.0,1,OWNER_OCCUPIED,79-2161-249
U-4F1R9CFWOW73,CA-TX-00000011,125,SINGLE_FAMILY,2418.0,1,OWNER_OCCUPIED,34-7122-500
U-V50EW25X1FVK,CA-TX-00000011,126,TOWNHOME,2422.0,3,OWNER_OCCUPIED,28-1654-478
U-OQ37KTLL8SN5,CA-TX-00000011,127,TOWNHOME,2944.0,4,OWNER_OCCUPIED,83-3248-580
U-DRMSWJJJKSL6,CA-TX-00000011,128,TOWNHOME,2968.0,2,VACANT,52-9481-792
U-KVYGW22YGYZT,CA-TX-00000011,129,TOWNHOME,2545.0,3,OWNER_OCCUPIED,47-5047-310
U-GXRIRJUTFVJ8,CA-TX-00000011,130,TOWNHOME,2260.0,1,OWNER_OCCUPIED,73-8450-663
U-SPJ9WRDPLFE1,CA-TX-00000011,131,TOWNHOME,818.0,4,OWNER_OCCUPIED,44-3087-902
U-7YH6UAMWJPIW,CA-FL-00000012,100,SINGLE_FAMILY,1742.0,4,OWNER_OCCUPIED,12-6189-880
U-G8NTAFUW93EI,CA-FL-00000012,101,SINGLE_FAMILY,1641.0,3,OWNER_OCCUPIED,38-5578-209
U-ILUVNHDCZP0N,CA-FL-00000012,102,SINGLE_FAMILY,2207.0,1,RENTED,96-9053-547
U-LRW4VNZVZN2H,CA-FL-00000012,103,TOWNHOME,2309.0,2,RENTED,58-8695-124
U-XCZAUMAPQPPM,CA-FL-00000012,104,SINGLE_FAMILY,1714.0,3,OWNER_OCCUPIED,92-9473-713
U-49N1D6DZBC7Q,CA-FL-00000012,105,SINGLE_FAMILY,2435.0,2,RENTED,49-3730-633
U-IDBX287GT76I,CA-FL-00000012,106,SINGLE_FAMILY,1450.0,3,OWNER_OCCUPIED,44-3928-646
U-2TNGTG2LGJ3S,CA-FL-00000012,107,SINGLE_FAMILY,2263.0,2,OWNER_OCCUPIED,26-4963-982
U-UKIGDIX1CNAQ,CA-FL-00000012,108,TOWNHOME,2267.0,3,RENTED,69-9514-462
U-1SOSR2HVNKVO,CA-FL-00000012,109,TOWNHOME,2180.0,1,OWNER_OCCUPIED,37-8135-893
U-QV1F2OF66JOZ,CA-FL-00000012,110,SINGLE_FAMILY,1488.0,3,OWNER_OCCUPIED,28-2659-402
U-BQNXPVMSR75R,CA-FL-00000012,111,TOWNHOME,1442.0,2,OWNER_OCCUPIED,
U-FZJAHSAO2QWK,CA-FL-00000012,112,SINGLE_FAMILY,,3,OWNER_OCCUPIED,72-8100-881
U-XT0S9F3LZ0WF,CA-FL-00000012,113,SINGLE_FAMILY,1454.0,1,OWNER_OCCUPIED,15-1721-410
U-8HUP3FTJ6AC4,CA-FL-00000012,114,SINGLE_FAMILY,2626.0,3,OWNER_OCCUPIED,31-9085-216
U-Y3M0NQ8UT60W,CA-FL-00000012,115,SINGLE_FAMILY,1287.0,3,RENTED,97-5570-925
U-IARLSR0O8K5D,CA-FL-00000012,116,SINGLE_FAMILY,1565.0,4,OWNER_OCCUPIED,69-3510-200
U-OOUKIW8X17CO,CA-FL-00000012,117,TOWNHOME,2346.0,3,OWNER_OCCUPIED,25-6046-341
U-5R8VO4KVFFLN,CA-FL-00000012,118,TOWNHOME,986.0,1,RENTED,64-9071-194
U-9AGE9NY3MUB6,CA-FL-00000012,119,SINGLE_FAMILY,809.0,5,OWNER_OCCUPIED,
U-3GGO9DVWS3KC,CA-FL-00000012,120,SINGLE_FAMILY,1714.0,2,RENTED,73-4666-805
U-B4XZ3MSKZO3I,CA-FL-00000012,121,TOWNHOME,1916.0,3,OWNER_OCCUPIED,29-1602-181
U-VEDQFC1YUZPE,CA-FL-00000012,122,SINGLE_FAMILY,2911.0,3,OWNER_OCCUPIED,70-1554-472
U-OMB42O3Q825Q,CA-FL-00000012,123,SINGLE_FAMILY,2379.0,3,VACANT,99-4014-107
U-8OR9F5IV86ZP,CA-FL-00000012,124,SINGLE_FAMILY,2127.0,3,RENTED,10-2713-594
U-HLX0ST69WWP8,CA-FL-00000012,125,SINGLE_FAMILY,2513.0,5,OWNER_OCCUPIED,68-1729-391
U-AV8C3PQ5U74I,CA-FL-00000012,126,TOWNHOME,808.0,4,RENTED,60-5347-104
U-B8QOP82J3TPS,CA-FL-00000012,127,SINGLE_FAMILY,1904.0,3,RENTED,84-4496-646
U-247O0GXAPLIR,CA-FL-00000012,128,TOWNHOME,1707.0,2,OWNER_OCCUPIED,30-7986-308
U-N1K9YXCFE78C,CA-FL-00000012,129,SINGLE_FAMILY,1756.0,5,OWNER_OCCUPIED,25-9199-884
U-SRW2MDG3TJA6,CA-FL-00000012,130,TOWNHOME,1003.0,5,OWNER_OCCUPIED,76-9762-298
U-91MMO1DS3HGW,CA-FL-00000012,131,TOWNHOME,924.0,5,RENTED,73-8501-496
U-XHBQAM97XO48,CA-AZ-00000013,100,TOWNHOME,999.0,2,OWNER_OCCUPIED,24-3224-584
U-TT1E32WITPBD,CA-AZ-00000013,101,TOWNHOME,1210.0,3,RENTED,45-6569-970
U-99NR0OAKGDES,CA-AZ-00000013,102,TOWNHOME,1060.0,2,OWNER_OCCUPIED,52-6215-226
U-UUCBL116CZ75,CA-AZ-00000013,103,SINGLE_FAMILY,2912.0,3,OWNER_OCCUPIED,15-6110-999
U-DL0ED8A6B3OD,CA-AZ-00000013,104,TOWNHOME,2948.0,4,OWNER_OCCUPIED,33-2701-745
U-Q0E03YIOY5U0,CA-AZ-00000013,105,SINGLE_FAMILY,2667.0,3,OWNER_OCCUPIED,95-7364-297
U-MOV6KI4EPXR9,CA-AZ-00000013,106,TOWNHOME,1433.0,3,RENTED,92-2965-787
U-EB900YEH8UXZ,CA-AZ-00000013,107,SINGLE_FAMILY,706.0,2,OWNER_OCCUPIED,28-3019-989
U-LOXYPHWHM54X,CA-AZ-00000013,108,TOWNHOME,1771.0,2,OWNER_OCCUPIED,30-2006-900
U-0SHDKKG1R1CQ,CA-AZ-00000013,109,SINGLE_FAMILY,1568.0,2,RENTED,71-7399-376
U-RPE2XN9TXFJN,CA-AZ-00000013,110,SINGLE_FAMILY,1054.0,2,RENTED,61-1332-164
U-IK31YUW2TGRT,CA-AZ-00000013,111,SINGLE_FAMILY,730.0,2,RENTED,82-6591-101
U-GDL1J2VWY8UM,CA-AZ-00000013,112,TOWNHOME,1453.0,4,OWNER_OCCUPIED,55-8723-877
U-TRPUYD6I5HO9,CA-AZ-00000013,113,SINGLE_FAMILY,,3,VACANT,27-4616-855
U-HDJ7O9X66D7W,CA-AZ-00000013,114,SINGLE_FAMILY,1675.0,3,OWNER_OCCUPIED,40-1723-587
U-TXZA43HOLDU7,CA-AZ-00000013,115,TOWNHOME,2399.0,3,VACANT,81-3691-127
U-9UYG3IBG3HKC,CA-AZ-00000013,116,SINGLE_FAMILY,3183.0,2,OWNER_OCCUPIED,36-7007-742
U-4PY4FNGBG4PD,CA-AZ-00000013,117,TOWNHOME,949.0,2,OWNER_OCCUPIED,31-5360-830
U-5F9TU8PV2KJH,CA-AZ-00000013,118,TOWNHOME,732.0,2,OWNER_OCCUPIED,69-2491-995
U-2EB0T4UOXZ3B,CA-AZ-00000013,119,SINGLE_FAMILY,1599.0,3,OWNER_OCCUPIED,87-9907-175
U-TDSDJT3BR4F2,CA-AZ-00000013,120,SINGLE_FAMILY,1016.0,3,OWNER_OCCUPIED,91-9957-182
U-QY9MBAAXA3BL,CA-AZ-00000013,121,TOWNHOME,3049.0,1,RENTED,22-8192-902
U-CW8AFMNE6X1J,CA-AZ-00000013,122,TOWNHOME,1255.0,3,OWNER_OCCUPIED,72-9556-886
U-F3KWBNBPAVAJ,CA-AZ-00000013,123,SINGLE_FAMILY,2064.0,3,OWNER_OCCUPIED,45-9684-253
U-NEO2S9NBLGU0,CA-AZ-00000013,124,TOWNHOME,811.0,3,OWNER_OCCUPIED,62-8537-732
U-2AWW77GCJBEO,CA-AZ-00000013,125,TOWNHOME,1158.0,4,RENTED,43-5237-977
U-TR5IGZGXOIYF,CA-AZ-00000013,126,SINGLE_FAMILY,1858.0,3,OWNER_OCCUPIED,95-6038-517
U-FIPZN0THL2C5,CA-AZ-00000013,127,TOWNHOME,1844.0,4,OWNER_OCCUPIED,57-5761-987
U-G2ZNTGG50YQL,CA-AZ-00000013,128,SINGLE_FAMILY,1840.0,3,VACANT,12-4700-848
U-NUSG9L9Q3CYB,CA-AZ-00000013,129,SINGLE_FAMILY,885.0,5,OWNER_OCCUPIED,37-4423-883
U-GSV5E033DZQQ,CA-AZ-00000013,130,TOWNHOME,1156.0,3,OWNER_OCCUPIED,85-2497-746
U-REX9BOBCD11R,CA-AZ-00000013,131,SINGLE_FAMILY,2244.0,1,VACANT,80-9592-108
U-6HA3VMOT4SAY,CA-AZ-00000013,132,SINGLE_FAMILY,2687.0,2,OWNER_OCCUPIED,25-7807-103
U-OVM5CV35XUDK,CA-AZ-00000013,133,SINGLE_FAMILY,2820.0,3,RENTED,62-4190-274
U-7VSCQMPD7Z4K,CA-AZ-00000013,134,SINGLE_FAMILY,2318.0,4,OWNER_OCCUPIED,12-6529-343
U-7P80SD0P4775,CA-AZ-00000013,135,TOWNHOME,,4,OWNER_OCCUPIED,87-2448-937
U-NYC7H81JMBPT,CA-AZ-00000013,136,SINGLE_FAMILY,1095.0,3,RENTED,81-3336-736
U-93K8EKT292MI,CA-AZ-00000013,137,SINGLE_FAMILY,2903.0,3,OWNER_OCCUPIED,37-4829-760
U-WEDNYA3S9UCK,CA-AZ-00000013,138,TOWNHOME,714.0,3,OWNER_OCCUPIED,31-7600-874
U-1UN2KTVV0Y9Q,CA-AZ-00000013,139,TOWNHOME,1860.0,2,RENTED,91-5066-250
U-UK15U2486D43,CA-AZ-00000013,140,TOWNHOME,1228.0,3,OWNER_OCCUPIED,17-7681-737
U-9ROE19BP0L70,CA-AZ-00000013,141,SINGLE_FAMILY,1552.0,2,RENTED,93-4997-632
U-XUA3KAMOX96U,CA-AZ-00000013,142,SINGLE_FAMILY,772.0,3,RENTED,85-6877-657
U-PJ2NNOC3ARPY,CA-AZ-00000013,143,SINGLE_FAMILY,1246.0,3,RENTED,53-2969-357
U-1OFV14J643F1,CA-AZ-00000013,144,SINGLE_FAMILY,,3,OWNER_OCCUPIED,59-2025-156
U-41SCY3M84BCT,CA-AZ-00000013,145,SINGLE_FAMILY,1793.0,1,OWNER_OCCUPIED,51-1890-564
U-15S58XWBNWJ6,CA-AZ-00000013,146,TOWNHOME,3102.0,2,OWNER_OCCUPIED,67-3289-843
U-1OEEA20RWRNB,CA-AZ-00000013,147,TOWNHOME,3114.0,1,RENTED,
U-CHHI78LZGM8D,CA-AZ-00000013,148,TOWNHOME,974.0,3,OWNER_OCCUPIED,31-2665-180
U-AE1ISYERUMEH,CA-AZ-00000013,149,SINGLE_FAMILY,,3,OWNER_OCCUPIED,16-3763-985
U-B5KB3PKBQY3O,CA-AZ-00000013,150,TOWNHOME,1230.0,4,RENTED,75-3790-291
U-AFDR3TGWJ7PU,CA-AZ-00000013,151,SINGLE_FAMILY,2662.0,3,RENTED,64-4795-995
U-3IEST9OMUQ0R,CA-FL-00000014,100,TOWNHOME,2880.0,3,OWNER_OCCUPIED,25-8431-589
U-ZO7IO2F2NATD,CA-FL-00000014,101,TOWNHOME,1389.0,2,OWNER_OCCUPIED,21-7444-795
U-5N1TQDJU0S1G,CA-FL-00000014,102,TOWNHOME,1218.0,2,OWNER_OCCUPIED,86-1646-670
U-V1JPVKTAF6BL,CA-FL-00000014,103,TOWNHOME,,3,RENTED,79-8096-836
U-VYSKE5M0SWXK,CA-FL-00000014,104,TOWNHOME,2885.0,3,VACANT,14-8231-193
U-MG6OOH1XAWJ2,CA-FL-00000014,105,TOWNHOME,910.0,3,RENTED,88-9719-604
U-NFW6SZF4LUR0,CA-FL-00000014,106,TOWNHOME,2829.0,2,OWNER_OCCUPIED,33-4890-477
U-BJB6M9NWYUBE,CA-FL-00000014,107,TOWNHOME,2869.0,2,RENTED,44-5115-286
U-7OVHM3KWWETU,CA-FL-00000014,108,TOWNHOME,2253.0,4,OWNER_OCCUPIED,79-2689-448
U-OJY6G107G8O8,CA-FL-00000014,109,TOWNHOME,3063.0,2,RENTED,87-7062-204
U-I9SUON8RJN4L,CA-FL-00000014,110,TOWNHOME,2647.0,3,OWNER_OCCUPIED,10-4181-413
U-563C36VFH3MI,CA-NY-00000015,100,SINGLE_FAMILY,1002.0,4,OWNER_OCCUPIED,51-5811-564
U-LLD0N53R4SIP,CA-NY-00000015,101,SINGLE_FAMILY,837.0,1,OWNER_OCCUPIED,29-2787-390
U-BMQW8EVRC0ER,CA-NY-00000015,102,SINGLE_FAMILY,1181.0,2,OWNER_OCCUPIED,54-7589-266
U-7U61O85VO1TK,CA-NY-00000015,103,SINGLE_FAMILY,1216.0,3,OWNER_OCCUPIED,95-5581-654
U-0PN524KSKWEC,CA-NY-00000015,104,TOWNHOME,2011.0,1,VACANT,
U-B2NIXI8E5532,CA-NY-00000015,105,SINGLE_FAMILY,933.0,2,OWNER_OCCUPIED,76-4343-748
U-TGDK4SNV9RR4,CA-NY-00000015,106,TOWNHOME,1559.0,2,RENTED,47-7771-253
U-E49Z7K8CH3Z3,CA-NY-00000015,107,SINGLE_FAMILY,1197.0,2,OWNER_OCCUPIED,28-1116-741
U-WC05SORHTMT1,CA-NY-00000015,108,TOWNHOME,1006.0,3,OWNER_OCCUPIED,54-8865-575
U-J9UJEFUBFD34,CA-NY-00000015,109,TOWNHOME,2216.0,4,OWNER_OCCUPIED,60-1869-662
U-Z8XGQHPZHUUG,CA-NY-00000015,110,SINGLE_FAMILY,769.0,2,OWNER_OCCUPIED,82-4507-858
U-5802XVXITIFX,CA-NY-00000015,111,TOWNHOME,1651.0,3,RENTED,50-6047-373
U-E0Q0RFOIAL5U,CA-NY-00000015,112,TOWNHOME,2690.0,3,RENTED,67-8189-102
U-GGCBI6QSRER6,CA-IL-00000016,21C,CONDO_UNIT,2936.0,4,OWNER_OCCUPIED,13-2614-237
U-2O25TG5JTV75,CA-IL-00000016,34H,CONDO_UNIT,1512.0,3,RENTED,95-9426-465
U-GWOC4191HKK7,CA-IL-00000016,6F,CONDO_UNIT,922.0,2,RENTED,83-2533-123
U-2XG770XDHJ5S,CA-IL-00000016,4D,CONDO_UNIT,3011.0,2,OWNER_OCCUPIED,85-9189-195
U-VEOW0EF578O1,CA-IL-00000016,9A,CONDO_UNIT,1015.0,2,OWNER_OCCUPIED,33-1685-223
U-WBEM0TPI70HK,CA-IL-00000016,13G,CONDO_UNIT,1503.0,3,RENTED,95-5939-895
U-SF2GDAUOS74U,CA-IL-00000016,21C,CONDO_UNIT,1824.0,2,OWNER_OCCUPIED,34-7008-458
U-Z4C0X2HYVEZR,CA-IL-00000016,2B,CONDO_UNIT,2508.0,2,OWNER_OCCUPIED,55-6351-652
U-NL7HA752A97P,CA-IL-00000016,24C,CONDO_UNIT,2933.0,3,OWNER_OCCUPIED,17-8259-836
U-ZDPVOE4T8DL8,CA-IL-00000016,11A,CONDO_UNIT,1819.0,1,OWNER_OCCUPIED,
U-N68U1QP2WNV2,CA-IL-00000016,23F,CONDO_UNIT,1356.0,4,OWNER_OCCUPIED,27-5114-572
U-PDT12SBA62TD,CA-IL-00000016,26E,CONDO_UNIT,1018.0,3,OWNER_OCCUPIED,11-9468-199
U-3YQFBZ9ZQHBQ,CA-IL-00000016,16A,CONDO_UNIT,1588.0,2,VACANT,46-6916-643
U-8RHOEHAPM4YQ,CA-IL-00000016,28E,CONDO_UNIT,1487.0,2,OWNER_OCCUPIED,95-4282-721
U-O37PJPO3CVS3,CA-IL-00000016,31A,CONDO_UNIT,,5,OWNER_OCCUPIED,49-6412-741
U-V12BVXEJAXVT,CA-IL-00000016,36B,CONDO_UNIT,2955.0,3,RENTED,44-1049-422
U-I9C2BVS3K337,CA-IL-00000016,26H,CONDO_UNIT,916.0,2,OWNER_OCCUPIED,63-7262-717
U-UKONDHKBRJIG,CA-IL-00000016,21G,CONDO_UNIT,2761.0,3,OWNER_OCCUPIED,24-8308-926
U-AZ6FP9XAQS3T,CA-IL-00000016,11B,CONDO_UNIT,874.0,4,RENTED,90-5251-197
U-46T9DNZWSS9V,CA-IL-00000016,10B,CONDO_UNIT,2470.0,5,RENTED,90-5747-777
U-S34876KE1Q5M,CA-IL-00000016,33D,CONDO_UNIT,2453.0,5,OWNER_OCCUPIED,79-3827-163
U-3JBRRD44NDVD,CA-IL-00000016,6C,CONDO_UNIT,2696.0,3,OWNER_OCCUPIED,86-7938-673
U-6F0O7Y4XBBMZ,CA-IL-00000016,17B,CONDO_UNIT,2384.0,2,OWNER_OCCUPIED,80-5065-281
U-RY3TI0M2Q22Y,CA-IL-00000016,26C,CONDO_UNIT,835.0,4,RENTED,46-7165-492
U-TZ7PJSFPFMNF,CA-IL-00000016,23D,CONDO_UNIT,2315.0,2,OWNER_OCCUPIED,
U-882JOZIBP9OF,CA-IL-00000016,34H,CONDO_UNIT,929.0,2,OWNER_OCCUPIED,48-2210-319
U-9E69IX9XF3HO,CA-IL-00000016,15D,CONDO_UNIT,2319.0,4,OWNER_OCCUPIED,15-5169-428
U-UDL3AF6KKFED,CA-IL-00000016,21A,CONDO_UNIT,1834.0,2,RENTED,18-8701-873
U-067CSZVUTBT6,CA-IL-00000016,1G,CONDO_UNIT,2907.0,2,OWNER_OCCUPIED,62-9470-968
U-924W7W8TWT2I,CA-IL-00000016,38G,CONDO_UNIT,2900.0,2,VACANT,49-2479-435
U-V92BEEVG429I,CA-CA-00000017,100,TOWNHOME,832.0,2,OWNER_OCCUPIED,97-2013-332
U-HLOZESJNCRBV,CA-CA-00000017,101,TOWNHOME,1883.0,4,OWNER_OCCUPIED,42-3931-148
U-79YJ65WPOLPF,CA-CA-00000017,102,TOWNHOME,1922.0,2,RENTED,66-6569-650
U-U2LLH22BE4N2,CA-CA-00000017,103,SINGLE_FAMILY,1185.0,4,OWNER_OCCUPIED,99-5738-155
U-OMVIBZYFGGK8,CA-CA-00000017,104,SINGLE_FAMILY,2403.0,5,OWNER_OCCUPIED,49-7573-237
U-WODGZDN9S8TS,CA-CA-00000017,105,TOWNHOME,895.0,1,RENTED,23-8775-702
U-RRUHCU5M767J,CA-CA-00000017,106,TOWNHOME,2323.0,3,RENTED,64-2247-250
U-7BTI1RIMVN1B,CA-CA-00000017,107,SINGLE_FAMILY,1341.0,2,OWNER_OCCUPIED,49-3095-226
U-S5N18BYPKNXM,CA-CA-00000017,108,SINGLE_FAMILY,1456.0,4,OWNER_OCCUPIED,34-3525-830
U-KT10R709Q6OH,CA-CA-00000017,109,TOWNHOME,1331.0,3,OWNER_OCCUPIED,81-9829-488
U-36MAT2C283JZ,CA-CA-00000017,110,SINGLE_FAMILY,2233.0,3,RENTED,79-9241-949
U-J6LILB7ZWDC5,CA-CA-00000017,111,SINGLE_FAMILY,2719.0,2,RENTED,54-3822-385
U-JYMJBT35YRWQ,CA-CA-00000017,112,TOWNHOME,1088.0,1,RENTED,95-6251-346
U-FQSX502UPVSF,CA-CA-00000017,113,SINGLE_FAMILY,3102.0,1,VACANT,84-3176-957
U-D4YJI359T8ZG,CA-CA-00000017,114,TOWNHOME,1484.0,4,OWNER_OCCUPIED,30-9543-341
U-UD99XRO37U9S,CA-CA-00000017,115,SINGLE_FAMILY,852.0,3,OWNER_OCCUPIED,28-2984-145
U-AI6AYNPE6SWY,CA-CA-00000017,116,SINGLE_FAMILY,2619.0,3,OWNER_OCCUPIED,47-4102-481
U-2K7IT7XXDSBR,CA-CA-00000017,117,TOWNHOME,2904.0,3,OWNER_OCCUPIED,85-6183-952
U-BH1A4OGN378V,CA-CA-00000017,118,SINGLE_FAMILY,955.0,2,RENTED,65-7388-532
U-DAX6KDD49IK3,CA-CA-00000017,119,TOWNHOME,1061.0,2,RENTED,44-8691-142
U-NUHPHTN0UONQ,CA-CA-00000017,120,SINGLE_FAMILY,,2,OWNER_OCCUPIED,91-2938-583
U-TYX2CB2PN4U6,CA-CO-00000018,100,TOWNHOME,,3,OWNER_OCCUPIED,26-8071-818
U-1M4WU3GA9TA7,CA-CO-00000018,101,TOWNHOME,2159.0,4,VACANT,56-6498-622
U-L8QQZYEKV2DY,CA-CO-00000018,102,TOWNHOME,2908.0,2,OWNER_OCCUPIED,61-3257-546
U-JFVRSCBZ95ZN,CA-CO-00000018,103,TOWNHOME,1081.0,4,OWNER_OCCUPIED,72-1743-426
U-PSAUE5RAU7BW,CA-CO-00000018,104,TOWNHOME,2051.0,2,VACANT,37-3228-385
U-4QGFULZ2ADS8,CA-CO-00000018,105,TOWNHOME,1398.0,2,OWNER_OCCUPIED,21-3232-529
U-C7T71AC27X1C,CA-CO-00000018,106,TOWNHOME,2172.0,5,OWNER_OCCUPIED,23-2411-422
U-GC50I32BUHBC,CA-CO-00000018,107,TOWNHOME,1935.0,3,OWNER_OCCUPIED,99-2419-998
U-S2ULK3FUQVU5,CA-CO-00000018,108,TOWNHOME,1188.0,3,OWNER_OCCUPIED,24-7773-956
U-082SFR23C60C,CA-CO-00000018,109,TOWNHOME,835.0,2,RENTED,61-4633-801
U-GQK820PS5I5F,CA-CO-00000018,110,TOWNHOME,2311.0,4,VACANT,64-8336-298
U-VHZJKTHKG2N9,CA-CO-00000018,111,TOWNHOME,1870.0,2,OWNER_OCCUPIED,52-1869-556
U-37ZOQMC8FU0A,CA-CO-00000018,112,TOWNHOME,,4,RENTED,15-9083-744
U-Z0XV6DDD27D9,CA-CO-00000018,113,TOWNHOME,,2,OWNER_OCCUPIED,97-7374-155
U-YGWOW7L7J7Y9,CA-CO-00000018,114,TOWNHOME,1203.0,2,RENTED,82-6854-992
U-8A41ZBLM576M,CA-CO-00000018,115,TOWNHOME,3059.0,2,OWNER_OCCUPIED,14-8177-389
U-B4DPGEVBM0YX,CA-CO-00000018,116,TOWNHOME,919.0,1,VACANT,96-4542-411
U-1AYUAM75PSZ1,CA-CO-00000018,117,TOWNHOME,,3,OWNER_OCCUPIED,38-6518-730
U-WGTM16YMBNBO,CA-CO-00000018,118,TOWNHOME,3015.0,1,OWNER_OCCUPIED,80-1963-175
U-TZRBZIRJYZ8X,CA-CO-00000018,119,TOWNHOME,1833.0,2,RENTED,38-1336-102
U-OQ14MAFMAR9L,CA-CO-00000018,120,TOWNHOME,2252.0,2,OWNER_OCCUPIED,33-2001-742
U-G8ZF2L4C0BB6,CA-CO-00000018,121,TOWNHOME,840.0,2,OWNER_OCCUPIED,79-7783-622
U-JA5ENP2WA6M9,CA-CO-00000018,122,TOWNHOME,2018.0,3,VACANT,79-8391-431
U-44DVVPGB8IY5,CA-CO-00000018,123,TOWNHOME,1229.0,3,OWNER_OCCUPIED,42-8568-574
U-6ZE6E24I1AGZ,CA-CO-00000018,124,TOWNHOME,3140.0,3,OWNER_OCCUPIED,77-3039-634
U-URANDDEPTLT0,CA-CO-00000018,125,TOWNHOME,2980.0,3,RENTED,98-2543-490
U-UBB9MIT3VHTN,CA-CO-00000018,126,TOWNHOME,2732.0,4,OWNER_OCCUPIED,75-5523-439
U-8LBDSG1FBTWT,CA-CO-00000018,127,TOWNHOME,1586.0,2,VACANT,21-5545-385
U-RKHE0SDP8MVH,CA-CO-00000018,128,TOWNHOME,,2,OWNER_OCCUPIED,
U-BHB7ZHEZR4E5,CA-CO-00000018,129,TOWNHOME,1444.0,1,RENTED,21-7847-443
U-5OOA9CZV7PQO,CA-CO-00000018,130,TOWNHOME,3153.0,3,OWNER_OCCUPIED,12-3652-712
U-DY39CK5B8U8H,CA-CO-00000018,131,TOWNHOME,769.0,2,RENTED,45-2095-734
U-NFU2HERSNUN4,CA-CO-00000018,132,TOWNHOME,2260.0,3,RENTED,59-4831-817
U-OFU2NCU22KB8,CA-CO-00000018,133,TOWNHOME,1454.0,3,OWNER_OCCUPIED,38-7829-452
U-AXNQEGE5EKFH,CA-CO-00000018,134,TOWNHOME,1212.0,4,RENTED,81-6252-372
U-YDSS5B08VYDW,CA-CO-00000018,135,TOWNHOME,1633.0,3,RENTED,94-7230-369
U-HU25Z8KQ86YN,CA-CO-00000018,136,TOWNHOME,1655.0,2,OWNER_OCCUPIED,98-4946-179
U-C44TONZNQ06U,CA-CO-00000018,137,TOWNHOME,2005.0,3,OWNER_OCCUPIED,44-6496-304
U-MINQ4O7VS8CH,CA-CO-00000018,138,TOWNHOME,973.0,2,OWNER_OCCUPIED,
U-ZAL4W7S3GOF2,CA-CO-00000018,139,TOWNHOME,2211.0,2,RENTED,40-1221-564
U-5JI1VEGE3BYJ,CA-CO-00000018,140,TOWNHOME,1450.0,2,RENTED,24-5931-895
U-LLZCUH1I8YAT,CA-CO-00000018,141,TOWNHOME,1149.0,3,OWNER_OCCUPIED,31-3327-223
U-C0Q6ULH3X0G6,CA-CO-00000018,142,TOWNHOME,2536.0,2,RENTED,96-9160-149
U-EG857YYOM0F6,CA-CO-00000018,143,TOWNHOME,1190.0,3,OWNER_OCCUPIED,34-4194-579
U-AKC37WMFPTA7,CA-CO-00000018,144,TOWNHOME,2776.0,3,OWNER_OCCUPIED,
U-F4GELLX8EAK8,CA-CO-00000018,145,TOWNHOME,1155.0,3,OWNER_OCCUPIED,90-2422-606
U-96HHWMF1GZVG,CA-CO-00000018,146,TOWNHOME,2635.0,3,OWNER_OCCUPIED,88-6771-947
U-6XHIGX1PZGSV,CA-CO-00000018,147,TOWNHOME,,2,OWNER_OCCUPIED,38-6800-330
U-EPDMBO6TQSOR,CA-CO-00000018,148,TOWNHOME,2721.0,4,RENTED,14-2616-114
U-RFDX89I8YWGD,CA-CO-00000018,149,TOWNHOME,2430.0,4,RENTED,43-7595-589
U-HPJF9899FFZA,CA-CO-00000018,150,TOWNHOME,3138.0,2,VACANT,95-3527-834
U-39WG0MCG59MN,CA-CO-00000018,151,TOWNHOME,,2,RENTED,71-5008-168
U-4EBO2J3AYIUK,CA-CO-00000018,152,TOWNHOME,2950.0,2,OWNER_OCCUPIED,38-7313-278
U-OC2XI3RNC02B,CA-CO-00000018,153,TOWNHOME,2979.0,1,OWNER_OCCUPIED,18-7034-188
U-PZCU7MPA7DZV,CA-CO-00000018,154,TOWNHOME,1964.0,3,OWNER_OCCUPIED,17-8817-922
U-AEJPFAWXD0DL,CA-IL-00000019,13D,CONDO_UNIT,2411.0,4,OWNER_OCCUPIED,82-8436-515
U-B8RCP6I29GPO,CA-IL-00000019,2H,CONDO_UNIT,3012.0,5,OWNER_OCCUPIED,79-7887-460
U-IWHWU6YHVWNL,CA-IL-00000019,2F,CONDO_UNIT,1160.0,2,OWNER_OCCUPIED,55-1385-893
U-M3JKX2KABF8Q,CA-IL-00000019,20E,CONDO_UNIT,2432.0,3,OWNER_OCCUPIED,67-6071-191
U-PH6P9JLAILHH,CA-IL-00000019,38G,CONDO_UNIT,2964.0,2,OWNER_OCCUPIED,20-2800-750
U-UMUNLBNQANDT,CA-IL-00000019,30G,CONDO_UNIT,2397.0,2,VACANT,88-5751-637
U-WUUMO7OPKLJ6,CA-IL-00000019,19D,CONDO_UNIT,1704.0,3,RENTED,25-7480-683
U-7V1IZ4JQI55J,CA-IL-00000019,34C,CONDO_UNIT,845.0,3,OWNER_OCCUPIED,71-4580-689
U-YT1S4JIDA6UE,CA-IL-00000019,12B,CONDO_UNIT,827.0,3,OWNER_OCCUPIED,54-4157-393
U-W2NRV4EIBKPK,CA-IL-00000019,5C,CONDO_UNIT,1565.0,3,RENTED,55-2747-239
U-2H5LOMZOLMYQ,CA-IL-00000019,1G,CONDO_UNIT,973.0,4,OWNER_OCCUPIED,43-6906-665
U-KJLNDITN5KG3,CA-IL-00000019,11C,CONDO_UNIT,,2,OWNER_OCCUPIED,43-7661-312
U-XAIQUSY2O33B,CA-IL-00000019,21C,CONDO_UNIT,1799.0,2,OWNER_OCCUPIED,93-2469-762
U-XR6CJ9K4CI24,CA-IL-00000019,4C,CONDO_UNIT,2940.0,3,OWNER_OCCUPIED,33-8347-869
U-M57FHSF2AALU,CA-IL-00000019,7D,CONDO_UNIT,690.0,2,OWNER_OCCUPIED,69-8224-169
U-0E62N3PP1VM3,CA-IL-00000019,16A,CONDO_UNIT,2166.0,2,OWNER_OCCUPIED,39-5232-935
U-RIHZ8EEKC8U0,CA-IL-00000019,2B,CONDO_UNIT,1317.0,5,RENTED,16-7116-159
U-P5O3XT083RWR,CA-IL-00000019,17G,CONDO_UNIT,3110.0,4,OWNER_OCCUPIED,59-6894-755
U-TT7FYWM5CFV2,CA-IL-00000019,38F,CONDO_UNIT,2836.0,2,OWNER_OCCUPIED,28-5053-597
U-IGU72DD9EQSI,CA-IL-00000019,23G,CONDO_UNIT,3165.0,1,RENTED,19-8445-975
U-B3KBWIFD8WZG,CA-IL-00000019,21B,CONDO_UNIT,1357.0,2,RENTED,42-5092-325
U-UGA4FEGYYJ5N,CA-IL-00000019,13D,CONDO_UNIT,656.0,3,RENTED,47-5823-409
U-P6ASSSULJAF4,CA-IL-00000019,40G,CONDO_UNIT,2080.0,1,RENTED,97-8343-608
U-JZGPXF50OJQR,CA-VA-00000020,21C,CONDO_UNIT,2119.0,3,OWNER_OCCUPIED,61-6722-655
U-D3EXU7FKC781,CA-VA-00000020,14A,CONDO_UNIT,1951.0,2,RENTED,39-8141-350
U-QZFO30X8BNMJ,CA-VA-00000020,33A,CONDO_UNIT,2907.0,2,OWNER_OCCUPIED,38-9819-878
U-4BU4I4CXGF8G,CA-VA-00000020,5F,CONDO_UNIT,2744.0,3,RENTED,78-3517-990
U-PPRO6DUTJTO9,CA-VA-00000020,9A,CONDO_UNIT,,2,OWNER_OCCUPIED,73-8245-753
U-SILL0NO8OL0V,CA-VA-00000020,9D,CONDO_UNIT,1388.0,2,OWNER_OCCUPIED,28-3933-176
U-GAYBFJH9KRS5,CA-VA-00000020,8B,CONDO_UNIT,3169.0,2,RENTED,88-5549-689
U-YDFZDTC5PAYG,CA-VA-00000020,1A,CONDO_UNIT,,4,RENTED,34-9912-505
U-GDLB3J56TAMY,CA-VA-00000020,27C,CONDO_UNIT,2962.0,3,OWNER_OCCUPIED,78-8081-267
U-3174GU65S6Y5,CA-VA-00000020,14D,CONDO_UNIT,2319.0,4,OWNER_OCCUPIED,24-9885-930
U-11GQIT8D9GX2,CA-VA-00000020,13D,CONDO_UNIT,1274.0,1,OWNER_OCCUPIED,38-6723-291
U-QV4TL70ZO6RD,CA-VA-00000020,3G,CONDO_UNIT,2166.0,4,OWNER_OCCUPIED,78-9563-202
U-43ICEV8E7ZMV,CA-VA-00000020,38D,CONDO_UNIT,1874.0,2,OWNER_OCCUPIED,12-3468-818
U-ON8ONG5UDLHW,CA-VA-00000020,38C,CONDO_UNIT,1565.0,3,RENTED,11-8280-855
U-KE5AJR1OV9CP,CA-VA-00000020,40G,CONDO_UNIT,2953.0,1,RENTED,97-9159-361
U-UY4KJ8GVSKOI,CA-VA-00000020,30F,CONDO_UNIT,3031.0,3,OWNER_OCCUPIED,47-9744-128
U-JL2FX35LG49F,CA-TX-00000021,100,TOWNHOME,2528.0,1,OWNER_OCCUPIED,17-1296-960
U-TJ4MDHUTT52L,CA-TX-00000021,101,TOWNHOME,2865.0,3,OWNER_OCCUPIED,43-2736-666
U-M9IF826BHYZ1,CA-TX-00000021,102,TOWNHOME,3075.0,4,RENTED,36-1283-466
U-NDJU39X6KQB1,CA-TX-00000021,103,TOWNHOME,729.0,3,OWNER_OCCUPIED,92-1572-131
U-E1P5EI7K8EVB,CA-TX-00000021,104,TOWNHOME,2054.0,5,OWNER_OCCUPIED,57-3700-408
U-7N2ELMV5E71G,CA-TX-00000021,105,TOWNHOME,1161.0,3,OWNER_OCCUPIED,91-5831-550
U-2JL6KK2NIPG4,CA-TX-00000021,106,TOWNHOME,2838.0,2,OWNER_OCCUPIED,27-5709-441
U-0HF36C0OX87C,CA-TX-00000021,107,TOWNHOME,2584.0,2,RENTED,69-9104-260
U-PJX0WUZLLGYG,CA-TX-00000021,108,TOWNHOME,1223.0,3,OWNER_OCCUPIED,74-6368-600
U-NDCMB4BLDQLQ,CA-TX-00000021,109,TOWNHOME,1529.0,2,OWNER_OCCUPIED,77-5846-214
U-34EUZ9QJ4VBI,CA-TX-00000021,110,TOWNHOME,774.0,2,OWNER_OCCUPIED,20-2124-804
U-H3SVG7SS63UM,CA-TX-00000021,111,TOWNHOME,2875.0,3,OWNER_OCCUPIED,65-4013-423
U-YLEYO3HLI32B,CA-TX-00000021,112,TOWNHOME,1089.0,2,RENTED,45-7250-608
U-DR07VO79I3EV,CA-TX-00000021,113,TOWNHOME,2190.0,3,OWNER_OCCUPIED,53-1862-724
U-VVBBBVMIA63Y,CA-TX-00000021,114,TOWNHOME,1039.0,3,OWNER_OCCUPIED,76-5759-394
U-GKJ71K16Y0UP,CA-TX-00000021,115,TOWNHOME,2169.0,4,RENTED,83-6710-872
U-S804BFPV0V64,CA-TX-00000021,116,TOWNHOME,1213.0,2,OWNER_OCCUPIED,67-2342-573
U-ALUK87322HR5,CA-TX-00000021,117,TOWNHOME,2252.0,5,OWNER_OCCUPIED,37-1486-314
U-TMPT1UV94C8M,CA-TX-00000021,118,TOWNHOME,,4,RENTED,83-3734-953
U-DQBLUPPH3NWX,CA-TX-00000021,119,TOWNHOME,2855.0,3,RENTED,11-6216-299
U-EO0EU2CI4EUR,CA-TX-00000021,120,TOWNHOME,1940.0,2,OWNER_OCCUPIED,83-1967-806
U-T324ZBL5KZHC,CA-TX-00000021,121,TOWNHOME,2824.0,3,OWNER_OCCUPIED,66-2292-322
U-YSVUHIWZWT99,CA-TX-00000021,122,TOWNHOME,2412.0,1,OWNER_OCCUPIED,95-5035-188
U-X43IRGM5DKOY,CA-TX-00000021,123,TOWNHOME,,2,OWNER_OCCUPIED,72-3977-567
U-BFV9XOMIGC3J,CA-TX-00000021,124,TOWNHOME,2338.0,1,RENTED,99-8566-431
U-WHT37OJ98BYT,CA-TX-00000021,125,TOWNHOME,1526.0,1,OWNER_OCCUPIED,64-3200-977
U-SDWYQTUV27UU,CA-TX-00000021,126,TOWNHOME,,3,OWNER_OCCUPIED,94-1058-683
U-GS1KWQJL8EZ3,CA-TX-00000021,127,TOWNHOME,2852.0,3,OWNER_OCCUPIED,25-8430-372
U-5A8389214311,CA-TX-00000021,128,TOWNHOME,,2,OWNER_OCCUPIED,76-2065-619
U-RTP08IIO1Q3D,CA-TX-00000021,129,TOWNHOME,3128.0,1,RENTED,54-4162-624
U-358GEEJGBJXG,CA-TX-00000021,130,TOWNHOME,998.0,3,RENTED,69-3194-107
U-JKAZRVZDHJ9I,CA-TX-00000021,131,TOWNHOME,958.0,1,OWNER_OCCUPIED,22-3366-247
U-1TQV0R095UHG,CA-TX-00000021,132,TOWNHOME,,3,OWNER_OCCUPIED,47-1229-371
U-3YYGDTWBKSDN,CA-TX-00000021,133,TOWNHOME,,1,OWNER_OCCUPIED,93-3782-157
U-7FBV2I6OEUH8,CA-TX-00000021,134,TOWNHOME,690.0,2,OWNER_OCCUPIED,17-2569-606
U-IM28AQWD1BQF,CA-TX-00000021,135,TOWNHOME,2864.0,4,OWNER_OCCUPIED,70-2238-770
U-OFE2J5ZKOERU,CA-TX-00000021,136,TOWNHOME,930.0,3,OWNER_OCCUPIED,41-7669-155
U-9FIK47EMDOFG,CA-TX-00000021,137,TOWNHOME,1755.0,3,OWNER_OCCUPIED,95-1278-697
U-J0Q45NAYPWLI,CA-TX-00000021,138,TOWNHOME,2325.0,1,OWNER_OCCUPIED,81-1394-793
U-E83MTEBDUD8T,CA-TX-00000021,139,TOWNHOME,1022.0,2,OWNER_OCCUPIED,99-5678-850
U-VTORP59YEQ96,CA-TX-00000021,140,TOWNHOME,1752.0,2,OWNER_OCCUPIED,39-8181-940
U-X99DBK4EPBO0,CA-TX-00000021,141,TOWNHOME,1475.0,2,VACANT,35-6341-335
U-KJPQ8SEUTLPF,CA-TX-00000021,142,TOWNHOME,1338.0,1,OWNER_OCCUPIED,72-3431-987
U-A6AHHCASIKZO,CA-TX-00000021,143,TOWNHOME,1105.0,3,OWNER_OCCUPIED,82-2474-224
U-JOAU4DU0FIYH,CA-TX-00000021,144,TOWNHOME,3033.0,3,VACANT,68-1732-497
U-A2MT4C46P9NB,CA-TX-00000021,145,TOWNHOME,,3,RENTED,45-4590-355
U-P60IQ7SDDVXY,CA-TX-00000021,146,TOWNHOME,1229.0,3,VACANT,12-4098-751
U-J4ANLIOBL7VJ,CA-TX-00000021,147,TOWNHOME,1769.0,4,OWNER_OCCUPIED,16-2564-159
U-TJXAF16YFEIQ,CA-TX-00000021,148,TOWNHOME,1833.0,5,OWNER_OCCUPIED,28-1551-643
U-M5RY6Q2M8OF7,CA-TX-00000021,149,TOWNHOME,2511.0,1,OWNER_OCCUPIED,22-3285-664
U-ZDEPCGWLUK5O,CA-TX-00000021,150,TOWNHOME,899.0,3,OWNER_OCCUPIED,64-7691-124
U-BEIFDD56H6U9,CA-TX-00000021,151,TOWNHOME,931.0,2,OWNER_OCCUPIED,43-9722-832
U-NRP1I3661L08,CA-TX-00000021,152,TOWNHOME,1377.0,4,VACANT,38-5912-492
U-3AWLAR0WH0RF,CA-TX-00000021,153,TOWNHOME,2936.0,5,OWNER_OCCUPIED,78-3770-267
U-710EQ8O9S4ZN,CA-TX-00000021,154,TOWNHOME,2289.0,5,RENTED,19-8240-518
U-4P4JWR3XUXNB,CA-TX-00000021,155,TOWNHOME,1095.0,4,OWNER_OCCUPIED,48-3385-228
U-I53LLP0NFDD2,CA-TX-00000021,156,TOWNHOME,1685.0,3,RENTED,42-3819-117
U-8XJK31DZRHTT,CA-TX-00000021,157,TOWNHOME,660.0,4,OWNER_OCCUPIED,53-5710-612
U-5SGCSVPAOJ1M,CA-TX-00000021,158,TOWNHOME,1062.0,5,OWNER_OCCUPIED,57-6095-300
U-XK2G5EOL0TA8,CA-TX-00000021,159,TOWNHOME,1061.0,3,OWNER_OCCUPIED,16-1957-307
U-CZDQ3W6BDJ7H,CA-TX-00000022,100,SINGLE_FAMILY,2594.0,4,OWNER_OCCUPIED,73-2620-703
U-1TB0515F9MZ9,CA-TX-00000022,101,TOWNHOME,2728.0,2,OWNER_OCCUPIED,91-8645-941
U-57WC8MMFERFT,CA-TX-00000022,102,TOWNHOME,2467.0,3,OWNER_OCCUPIED,69-1921-832
U-Q8DAYDW9F6Y5,CA-TX-00000022,103,SINGLE_FAMILY,2223.0,2,OWNER_OCCUPIED,35-8948-446
U-B5UD6GKA0T2Q,CA-TX-00000022,104,SINGLE_FAMILY,778.0,1,RENTED,47-4181-917
U-HOG8EV2NYNMQ,CA-TX-00000022,105,SINGLE_FAMILY,2583.0,1,RENTED,55-2086-547
U-I46N05FL0463,CA-TX-00000022,106,SINGLE_FAMILY,668.0,3,OWNER_OCCUPIED,15-9563-885
U-6F4ZZW5UK4SH,CA-TX-00000022,107,TOWNHOME,,4,RENTED,19-1253-423
U-BD6NZ1Z9ZO2I,CA-TX-00000022,108,SINGLE_FAMILY,3166.0,4,OWNER_OCCUPIED,21-1051-433
U-35JRJ9R3VP8L,CA-TX-00000022,109,SINGLE_FAMILY,2030.0,2,RENTED,27-9945-888
U-66LDINUSMJN7,CA-TX-00000022,110,SINGLE_FAMILY,,3,OWNER_OCCUPIED,59-1309-257
U-2P091PQFMPAH,CA-TX-00000022,111,TOWNHOME,2549.0,2,OWNER_OCCUPIED,93-8875-644
U-R0HRLIAGP34S,CA-TX-00000022,112,SINGLE_FAMILY,2530.0,3,OWNER_OCCUPIED,32-6444-365
U-YOFQT49QPEQ6,CA-TX-00000022,113,TOWNHOME,1239.0,3,OWNER_OCCUPIED,36-6542-313
U-RYME6PSRB6Y2,CA-TX-00000022,114,TOWNHOME,2793.0,5,OWNER_OCCUPIED,17-6482-898
U-1JMAS41RU08L,CA-TX-00000022,115,TOWNHOME,2407.0,5,RENTED,97-6270-521
U-CRVQZMF4V5I2,CA-TX-00000022,116,TOWNHOME,1391.0,3,RENTED,26-8461-846
U-GZGXRDCQN5PE,CA-TX-00000022,117,SINGLE_FAMILY,2382.0,2,RENTED,79-7094-216
U-JTUIN748AV3G,CA-TX-00000022,118,TOWNHOME,2342.0,5,VACANT,11-2567-372
U-YJ3CT5Q5173C,CA-TX-00000022,119,SINGLE_FAMILY,2475.0,4,OWNER_OCCUPIED,11-1539-398
U-HOQJKU45PU2P,CA-TX-00000022,120,SINGLE_FAMILY,2924.0,1,OWNER_OCCUPIED,60-6326-366
U-FM03TDV0IQF1,CA-TX-00000022,121,SINGLE_FAMILY,1006.0,2,OWNER_OCCUPIED,38-6702-767
U-K13C3ZQX3QFX,CA-TX-00000022,122,SINGLE_FAMILY,1491.0,3,OWNER_OCCUPIED,85-7121-123
U-0STKA0914ABA,CA-TX-00000022,123,TOWNHOME,1073.0,3,RENTED,15-3718-290
U-6185IBJUBI6M,CA-TX-00000022,124,SINGLE_FAMILY,1494.0,2,VACANT,18-1667-257
U-62M9E5IMLZ6I,CA-TX-00000022,125,TOWNHOME,2715.0,4,RENTED,36-4172-873
U-GF4OFPATM0TX,CA-TX-00000022,126,SINGLE_FAMILY,1753.0,3,OWNER_OCCUPIED,17-8279-898
U-1O6WW8EIRHRL,CA-TX-00000022,127,TOWNHOME,1305.0,1,OWNER_OCCUPIED,44-2522-679
U-6M9DEOCIRIO7,CA-TX-00000022,128,SINGLE_FAMILY,1772.0,3,OWNER_OCCUPIED,90-7531-357
U-D6Z6PQ1AUF0T,CA-TX-00000022,129,TOWNHOME,1212.0,2,OWNER_OCCUPIED,18-6797-807
U-4MLJZFUDI4SP,CA-TX-00000022,130,SINGLE_FAMILY,2538.0,3,OWNER_OCCUPIED,26-7133-809
U-4FDTZJ2L72V0,CA-TX-00000022,131,TOWNHOME,1889.0,3,OWNER_OCCUPIED,73-7262-949
U-851V9PD57FQT,CA-TX-00000022,132,SINGLE_FAMILY,2424.0,2,RENTED,74-6886-852
U-3T9LP2E2ASOE,CA-TX-00000022,133,SINGLE_FAMILY,1339.0,2,RENTED,91-6224-854
U-CVGFGM1TM27O,CA-TX-00000022,134,TOWNHOME,1878.0,2,OWNER_OCCUPIED,42-3953-761
U-D82IJKUV2VXO,CA-TX-00000022,135,SINGLE_FAMILY,2466.0,1,OWNER_OCCUPIED,
U-3BUPGRKBZWB1,CA-TX-00000022,136,TOWNHOME,1656.0,2,OWNER_OCCUPIED,27-3626-405
U-D8H4ZPATQXLK,CA-TX-00000022,137,TOWNHOME,2362.0,4,OWNER_OCCUPIED,26-7404-388
U-HS7AUIGJD3X4,CA-NC-00000023,8D,CONDO_UNIT,1461.0,3,OWNER_OCCUPIED,89-5243-389
U-Z8K7ZOJ3E0QQ,CA-NC-00000023,25F,CONDO_UNIT,2371.0,4,RENTED,98-4414-909
U-JKWBJPCLMSP9,CA-NC-00000023,32D,CONDO_UNIT,1398.0,1,OWNER_OCCUPIED,66-6040-373
U-1CRHM22SNJU9,CA-NC-00000023,11F,CONDO_UNIT,2845.0,2,OWNER_OCCUPIED,27-7848-672
U-UKQHPZCA8VI5,CA-NC-00000023,21H,CONDO_UNIT,1747.0,2,OWNER_OCCUPIED,51-1262-955
U-2UHTJPK4W0KQ,CA-NC-00000023,34E,CONDO_UNIT,2522.0,1,RENTED,67-6757-999
U-O64E51O762NK,CA-NC-00000023,6F,CONDO_UNIT,3144.0,3,VACANT,70-3735-690
U-4ASMZX4NKIO5,CA-NC-00000023,3F,CONDO_UNIT,1583.0,3,OWNER_OCCUPIED,85-9342-351
U-HOXXAOZ5E7GG,CA-NC-00000023,27H,CONDO_UNIT,1801.0,3,OWNER_OCCUPIED,67-9324-762
U-SLSLV3N1UHYG,CA-NC-00000023,33H,CONDO_UNIT,748.0,3,OWNER_OCCUPIED,51-1358-964
U-YKE3ZCXU11TO,CA-NC-00000023,29A,CONDO_UNIT,1493.0,2,OWNER_OCCUPIED,30-1242-585
U-G3U1SWYUTFEF,CA-NC-00000023,21D,CONDO_UNIT,1605.0,3,OWNER_OCCUPIED,10-9747-533
U-3LJOKBZVYX9D,CA-NC-00000023,16F,CONDO_UNIT,3113.0,3,OWNER_OCCUPIED,82-7857-560
U-ANGW3PAJVF9I,CA-NC-00000023,33E,CONDO_UNIT,1654.0,4,RENTED,98-2234-577
U-0EQ4AW8JHE5S,CA-NC-00000023,4B,CONDO_UNIT,1684.0,4,OWNER_OCCUPIED,28-9372-195
U-LHQBR79OKQBB,CA-NC-00000023,35A,CONDO_UNIT,918.0,3,OWNER_OCCUPIED,86-7793-663
U-G5KKS1B4QSX8,CA-NC-00000023,37C,CONDO_UNIT,2562.0,3,OWNER_OCCUPIED,10-7930-706
U-YZ5ND2OEUT4I,CA-NC-00000023,8H,CONDO_UNIT,,3,OWNER_OCCUPIED,34-5334-387
U-JLVWGJ9Y56CA,CA-NC-00000023,19C,CONDO_UNIT,2181.0,2,OWNER_OCCUPIED,29-4650-569
U-NATJQ37CVXQE,CA-NC-00000023,19D,CONDO_UNIT,1194.0,4,RENTED,55-6814-327
U-ZPSCTPN7Y853,CA-NC-00000023,18C,CONDO_UNIT,2984.0,3,OWNER_OCCUPIED,45-7554-520
U-FHEPN3VWTKCN,CA-NC-00000023,20H,CONDO_UNIT,1363.0,2,OWNER_OCCUPIED,87-9592-496
U-G8UENO88UOGM,CA-NC-00000023,40C,CONDO_UNIT,3120.0,3,RENTED,51-8822-985
U-9UQRVN2AEJGS,CA-NC-00000023,17D,CONDO_UNIT,1469.0,3,RENTED,86-2386-258
U-9OB6KB9Z7FW0,CA-NC-00000023,5E,CONDO_UNIT,1579.0,4,RENTED,82-2158-322
U-KASUL64QBWPL,CA-NC-00000023,25E,CONDO_UNIT,1204.0,2,OWNER_OCCUPIED,93-3479-156
U-SI3B79P7D7UW,CA-NC-00000023,9A,CONDO_UNIT,2165.0,2,OWNER_OCCUPIED,
U-RNWAWO7PLR1X,CA-NC-00000023,19A,CONDO_UNIT,1908.0,3,OWNER_OCCUPIED,38-2188-772
U-GXLOARRXC9MI,CA-NC-00000023,6C,CONDO_UNIT,1250.0,3,RENTED,84-2162-704
U-HRHBKGK9JQTA,CA-NC-00000023,18H,CONDO_UNIT,2468.0,3,OWNER_OCCUPIED,38-6164-167
U-75YQL1V2W9Y4,CA-NC-00000023,23B,CONDO_UNIT,1628.0,5,OWNER_OCCUPIED,54-2285-374
U-MGJVC2SMTC0D,CA-NC-00000023,29E,CONDO_UNIT,3186.0,2,OWNER_OCCUPIED,24-7526-148
U-X3AKV62ZLLT9,CA-NC-00000023,16C,CONDO_UNIT,2860.0,1,OWNER_OCCUPIED,30-1653-344
U-S6TO8WYAQTFL,CA-NC-00000023,39F,CONDO_UNIT,2215.0,2,OWNER_OCCUPIED,36-4878-450
U-ZEBG9K4SSB1P,CA-NC-00000023,3H,CONDO_UNIT,824.0,3,OWNER_OCCUPIED,25-2518-653
U-43W95CH4FODM,CA-NC-00000023,18F,CONDO_UNIT,2054.0,2,OWNER_OCCUPIED,25-2825-708
U-XB92YFAI6YR8,CA-NC-00000023,24E,CONDO_UNIT,882.0,4,RENTED,27-4222-181
U-PCOCWMIJ5RNO,CA-NC-00000023,27C,CONDO_UNIT,3010.0,2,OWNER_OCCUPIED,11-3258-867
U-N0KERTQHNOL3,CA-NC-00000023,26D,CONDO_UNIT,,2,OWNER_OCCUPIED,
U-B05DWJATE4VV,CA-NC-00000023,11A,CONDO_UNIT,1621.0,3,OWNER_OCCUPIED,87-5297-447
U-FH71UZN4U38B,CA-NC-00000023,40G,CONDO_UNIT,,4,OWNER_OCCUPIED,73-5837-777
U-L39VEL08KKLS,CA-NC-00000023,8A,CONDO_UNIT,1144.0,3,OWNER_OCCUPIED,54-9673-316
U-K4KL9FG2NEWB,CA-NC-00000023,27G,CONDO_UNIT,,5,OWNER_OCCUPIED,27-6072-654
U-PQK5FP7AH2CS,CA-NC-00000023,2B,CONDO_UNIT,1465.0,3,OWNER_OCCUPIED,91-2477-533
U-RDPMPCEJCILP,CA-NC-00000023,17A,CONDO_UNIT,1732.0,3,OWNER_OCCUPIED,50-8660-697
U-B0E7CXSUO874,CA-NC-00000023,26D,CONDO_UNIT,2240.0,4,OWNER_OCCUPIED,51-9108-370
U-O8NQ189Y42DJ,CA-FL-00000024,100,TOWNHOME,1060.0,3,OWNER_OCCUPIED,65-9009-347
U-G3YVR2EU4KB5,CA-FL-00000024,101,SINGLE_FAMILY,1969.0,2,OWNER_OCCUPIED,68-7161-732
U-JP7WZITMFEYA,CA-FL-00000024,102,SINGLE_FAMILY,650.0,1,OWNER_OCCUPIED,32-9458-385
U-E8RCVFV2R35L,CA-FL-00000024,103,TOWNHOME,2051.0,2,OWNER_OCCUPIED,66-6301-546
U-H8EA329HF1PW,CA-FL-00000024,104,SINGLE_FAMILY,1175.0,3,OWNER_OCCUPIED,19-7785-843
U-8OKR7PHNI2ML,CA-FL-00000024,105,SINGLE_FAMILY,1896.0,2,OWNER_OCCUPIED,14-8748-910
U-0ERAXP2NGQEU,CA-FL-00000024,106,TOWNHOME,,4,RENTED,
U-IO2XM43O8JOC,CA-FL-00000024,107,SINGLE_FAMILY,1744.0,2,OWNER_OCCUPIED,23-9564-322
U-04Z4VCVZPVWL,CA-FL-00000024,108,TOWNHOME,1805.0,3,RENTED,63-8151-403
U-E09JNEFTZ53C,CA-FL-00000024,109,SINGLE_FAMILY,1077.0,2,OWNER_OCCUPIED,39-5120-116
U-ZGQ095EGVT67,CA-FL-00000024,110,SINGLE_FAMILY,1311.0,2,RENTED,99-9055-165
U-6EQXXCX9KNBZ,CA-FL-00000024,111,SINGLE_FAMILY,1468.0,3,OWNER_OCCUPIED,61-6012-578
U-O1LPPJ1N5T84,CA-FL-00000024,112,TOWNHOME,2471.0,2,OWNER_OCCUPIED,79-1972-687
U-PNEDL60YOKR7,CA-FL-00000024,113,SINGLE_FAMILY,1970.0,2,RENTED,55-2636-276
U-QJANQS334KCC,CA-FL-00000024,114,TOWNHOME,1695.0,2,OWNER_OCCUPIED,48-5260-170
U-7A23HOTPSILQ,CA-FL-00000024,115,TOWNHOME,,1,OWNER_OCCUPIED,34-1746-737
U-K7FHXCBY0T0I,CA-FL-00000025,100,TOWNHOME,1788.0,3,OWNER_OCCUPIED,11-8098-753
U-CVV5765EJ9TD,CA-FL-00000025,101,TOWNHOME,3146.0,2,OWNER_OCCUPIED,15-8602-309
U-M11R99ALX8UY,CA-FL-00000025,102,TOWNHOME,3044.0,4,RENTED,94-8081-101
U-GWJX3BID6V1L,CA-FL-00000025,103,TOWNHOME,721.0,3,RENTED,39-2578-677
U-0XQTQV8ELSPJ,CA-FL-00000025,104,TOWNHOME,2790.0,3,OWNER_OCCUPIED,26-6242-905
U-X5Z3JUFXH8P0,CA-FL-00000025,105,TOWNHOME,2897.0,2,OWNER_OCCUPIED,68-7881-958
U-R7H4PZNGVXXY,CA-FL-00000025,106,TOWNHOME,2819.0,4,RENTED,79-9202-253
U-KFNNMLWVAPFE,CA-FL-00000025,107,TOWNHOME,1551.0,3,OWNER_OCCUPIED,84-1441-255
U-5IYUB31P35ZW,CA-FL-00000025,108,TOWNHOME,2911.0,2,OWNER_OCCUPIED,51-5251-172
U-WQRLVC35TY40,CA-FL-00000025,109,TOWNHOME,921.0,2,OWNER_OCCUPIED,17-5956-478
U-SVZOOTSTPHAF,CA-FL-00000025,110,TOWNHOME,,3,OWNER_OCCUPIED,61-2782-284
U-EWYB40T3D7XT,CA-FL-00000025,111,TOWNHOME,1052.0,3,OWNER_OCCUPIED,93-9002-107
U-6N18BEQERFTN,CA-FL-00000025,112,TOWNHOME,1596.0,2,RENTED,65-5977-722
U-67ILPLSOS0I9,CA-FL-00000025,113,TOWNHOME,2477.0,1,OWNER_OCCUPIED,22-3798-960
U-26HLMB4LYBED,CA-FL-00000025,114,TOWNHOME,3121.0,3,RENTED,45-5315-145
U-L9TDCC58XZ17,CA-FL-00000025,115,TOWNHOME,1971.0,4,OWNER_OCCUPIED,66-2865-432
U-WO7TCBW5QQB5,CA-FL-00000025,116,TOWNHOME,1889.0,4,OWNER_OCCUPIED,75-5782-369
U-OR3A1I10PKAP,CA-FL-00000025,117,TOWNHOME,3161.0,2,OWNER_OCCUPIED,94-4412-989
U-EURQ7VZFPDOU,CA-FL-00000025,118,TOWNHOME,804.0,2,RENTED,57-5985-757
U-F3IKN9NTWJIP,CA-FL-00000025,119,TOWNHOME,2561.0,4,OWNER_OCCUPIED,70-5171-498
U-GE0UTX7R07VP,CA-FL-00000025,120,TOWNHOME,2029.0,1,OWNER_OCCUPIED,75-2540-514
U-UC4K9I14YN6Z,CA-FL-00000025,121,TOWNHOME,2953.0,2,OWNER_OCCUPIED,13-3104-705
U-34TKWIH73P4M,CA-FL-00000025,122,TOWNHOME,771.0,3,OWNER_OCCUPIED,33-2909-671
U-6OQE09O8A906,CA-FL-00000025,123,TOWNHOME,781.0,2,RENTED,97-4607-375
U-WTC908T6RWAR,CA-FL-00000025,124,TOWNHOME,945.0,2,OWNER_OCCUPIED,61-2970-380
U-KWH1MQ46PL5N,CA-FL-00000025,125,TOWNHOME,,3,OWNER_OCCUPIED,58-4574-168
U-U2M6NWMUFGYN,CA-FL-00000025,126,TOWNHOME,1029.0,2,OWNER_OCCUPIED,80-6298-102
U-90MCZH7827JT,CA-FL-00000025,127,TOWNHOME,1389.0,3,OWNER_OCCUPIED,48-8681-873
U-IIJNN0DYK3FD,CA-FL-00000025,128,TOWNHOME,3059.0,3,OWNER_OCCUPIED,50-4500-165
U-EYKUKPXPSBTN,CA-FL-00000025,129,TOWNHOME,,1,RENTED,41-2405-419
U-HDDCIROW8A2C,CA-CA-00000026,30B,CONDO_UNIT,,3,OWNER_OCCUPIED,48-3111-438
U-14OT4FPUH7ZN,CA-CA-00000026,17C,CONDO_UNIT,1453.0,1,OWNER_OCCUPIED,16-4031-614
U-PMX76AL3G0D2,CA-CA-00000026,2G,CONDO_UNIT,800.0,2,OWNER_OCCUPIED,85-3321-119
U-D4PI4SE4KBL5,CA-CA-00000026,38C,CONDO_UNIT,1371.0,1,OWNER_OCCUPIED,22-1759-970
U-C1JLIDIGGN92,CA-CA-00000026,11D,CONDO_UNIT,1691.0,2,RENTED,52-3068-321
U-KSK2VPAJSPJ0,CA-CA-00000026,38F,CONDO_UNIT,2508.0,3,OWNER_OCCUPIED,41-5533-777
U-UWMW3M4DY99O,CA-CA-00000026,22B,CONDO_UNIT,2247.0,5,OWNER_OCCUPIED,91-9370-162
U-WOKJ2NI4ZF51,CA-CA-00000026,18G,CONDO_UNIT,1951.0,3,OWNER_OCCUPIED,99-7680-230
U-15U50FH61N7F,CA-CA-00000026,7F,CONDO_UNIT,1291.0,3,RENTED,63-4219-862
U-W7LHXOL0IUOD,CA-CA-00000026,35C,CONDO_UNIT,2576.0,3,OWNER_OCCUPIED,79-2264-525
U-D4YSD6SHQBA3,CA-CA-00000026,31C,CONDO_UNIT,2581.0,3,RENTED,22-5487-649
U-W386A6NJHEEK,CA-CA-00000026,13E,CONDO_UNIT,2460.0,2,OWNER_OCCUPIED,28-3694-497
U-4K1H3VQ0V3WK,CA-CA-00000026,14G,CONDO_UNIT,1724.0,3,RENTED,24-3974-757
U-O6ZUDO9AYTHH,CA-CA-00000026,8A,CONDO_UNIT,2245.0,2,OWNER_OCCUPIED,13-2861-510
U-1IV0B1HI8H7P,CA-CA-00000026,31D,CONDO_UNIT,1770.0,3,OWNER_OCCUPIED,82-9937-916
U-YDCCPVB96DO9,CA-CA-00000026,38B,CONDO_UNIT,844.0,4,RENTED,14-3466-642
U-U547OTB85VIF,CA-CA-00000026,13E,CONDO_UNIT,1998.0,2,OWNER_OCCUPIED,17-4432-426
U-HPZUYR7VHTCL,CA-CA-00000026,31B,CONDO_UNIT,1003.0,3,OWNER_OCCUPIED,22-6069-967
U-39KQ5F7UXKE4,CA-CA-00000026,30E,CONDO_UNIT,2634.0,4,OWNER_OCCUPIED,37-8145-587
U-4NN4GCT8BWK8,CA-CA-00000026,25B,CONDO_UNIT,1822.0,2,OWNER_OCCUPIED,46-1784-177
U-ZCMLOX8GCT3M,CA-CA-00000026,21C,CONDO_UNIT,2685.0,3,RENTED,
U-WKZCZVVWS6MO,CA-CA-00000026,19D,CONDO_UNIT,775.0,2,OWNER_OCCUPIED,53-8089-562
U-MXON2KF9Q0QO,CA-CA-00000026,9F,CONDO_UNIT,756.0,2,RENTED,94-1701-184
U-K97EI9NX85J2,CA-CA-00000026,33H,CONDO_UNIT,1070.0,4,OWNER_OCCUPIED,62-7703-654
U-VY92DEFQGSEM,CA-CA-00000026,11C,CONDO_UNIT,2911.0,2,OWNER_OCCUPIED,11-9782-384
U-Q5SMVVBJB1JV,CA-CA-00000026,8D,CONDO_UNIT,1066.0,3,VACANT,13-6151-298
U-L2PF1TE32PEZ,CA-CA-00000026,24H,CONDO_UNIT,817.0,3,OWNER_OCCUPIED,26-9854-117
U-4AKW6ZLKW5E1,CA-CA-00000026,7E,CONDO_UNIT,2926.0,2,OWNER_OCCUPIED,90-3111-663
U-BDSTVAHM9UZA,CA-CA-00000026,15H,CONDO_UNIT,1122.0,3,OWNER_OCCUPIED,89-8284-356
U-763OULLLMRNU,CA-CA-00000026,2E,CONDO_UNIT,652.0,4,OWNER_OCCUPIED,91-1800-806
U-K6S2PN0NPIQJ,CA-CA-00000026,29A,CONDO_UNIT,1953.0,2,OWNER_OCCUPIED,63-2132-406
U-VTFHAKROWX4K,CA-CA-00000026,20H,CONDO_UNIT,2693.0,4,OWNER_OCCUPIED,11-9708-388
U-YIFJHS1JQEDL,CA-CA-00000026,16G,CONDO_UNIT,1991.0,3,OWNER_OCCUPIED,84-1471-493
U-GR3AJNC9HXWM,CA-CA-00000026,39E,CONDO_UNIT,1560.0,4,OWNER_OCCUPIED,27-9607-496
U-IK6FPG5WDFR8,CA-CA-00000026,39C,CONDO_UNIT,758.0,2,OWNER_OCCUPIED,32-2953-467
U-YV6NH44O9318,CA-CA-00000026,8D,CONDO_UNIT,2698.0,1,OWNER_OCCUPIED,55-1124-289
U-FPYBUXHWRRVA,CA-CA-00000026,2C,CONDO_UNIT,2049.0,2,OWNER_OCCUPIED,53-7169-832
U-ZKRSN8L0UW6I,CA-CA-00000026,19F,CONDO_UNIT,1539.0,2,OWNER_OCCUPIED,93-8679-576
U-6TCLK04P2EK1,CA-CA-00000026,13B,CONDO_UNIT,2498.0,5,OWNER_OCCUPIED,64-6570-159
U-MXX1CAUT3XRB,CA-CA-00000026,5A,CONDO_UNIT,1657.0,1,OWNER_OCCUPIED,80-8238-124
U-N3WHIFYEMF5N,CA-CA-00000026,34E,CONDO_UNIT,2155.0,2,RENTED,46-3494-720
U-LAB0QM6UT6FI,CA-CA-00000026,5D,CONDO_UNIT,2441.0,2,RENTED,58-7225-727
U-H81TJRT2RMC9,CA-CA-00000026,14C,CONDO_UNIT,,1,OWNER_OCCUPIED,59-6785-267
U-ZOGQ2H5CFGK7,CA-CA-00000026,15D,CONDO_UNIT,2146.0,3,OWNER_OCCUPIED,88-8688-520
U-JPKPF3UZ3AOE,CA-CA-00000026,1G,CONDO_UNIT,2974.0,2,OWNER_OCCUPIED,24-3342-938
U-Y5115ZG80ZWV,CA-CA-00000026,14E,CONDO_UNIT,1753.0,4,OWNER_OCCUPIED,48-8161-989
U-2NAFH6Q9Y4YZ,CA-CA-00000026,19F,CONDO_UNIT,2973.0,3,RENTED,76-5772-814
U-XQHXTDQY89FI,CA-CA-00000026,29C,CONDO_UNIT,2974.0,3,OWNER_OCCUPIED,60-8999-509
U-AHWY423PACE2,CA-PA-00000027,100,TOWNHOME,850.0,4,RENTED,74-5397-229
U-315H9H4YN8S7,CA-PA-00000027,101,TOWNHOME,3129.0,2,RENTED,99-4388-490
U-4XJ765VA97KZ,CA-PA-00000027,102,SINGLE_FAMILY,,4,OWNER_OCCUPIED,21-4525-483
U-385C6KDM6Z6X,CA-PA-00000027,103,SINGLE_FAMILY,849.0,2,OWNER_OCCUPIED,91-1585-392
U-WCCIMNSCHLSX,CA-PA-00000027,104,TOWNHOME,1539.0,3,OWNER_OCCUPIED,16-4229-143
U-DO7NQR3TB8VF,CA-PA-00000027,105,SINGLE_FAMILY,1070.0,2,OWNER_OCCUPIED,92-4345-595
U-PDSO9SPDU3NM,CA-PA-00000027,106,SINGLE_FAMILY,2785.0,2,OWNER_OCCUPIED,70-1682-836
U-5L9HGMTVPPFN,CA-PA-00000027,107,TOWNHOME,1630.0,5,OWNER_OCCUPIED,75-3672-389
U-NXD6ZMBYTJPT,CA-PA-00000027,108,SINGLE_FAMILY,1502.0,1,RENTED,29-9444-449
U-F3G1PUXJCN0C,CA-PA-00000027,109,SINGLE_FAMILY,2771.0,2,OWNER_OCCUPIED,40-1072-923
U-37A67EZAQ3UZ,CA-PA-00000027,110,TOWNHOME,2631.0,3,OWNER_OCCUPIED,24-2980-999
U-FE0X7H2CPCC3,CA-PA-00000027,111,TOWNHOME,1791.0,2,OWNER_OCCUPIED,37-1849-457
U-4YQQ14267YUR,CA-PA-00000027,112,TOWNHOME,3148.0,2,RENTED,68-7663-403
U-V0N4H2AWNF3K,CA-PA-00000027,113,SINGLE_FAMILY,2205.0,3,OWNER_OCCUPIED,89-4281-811
U-EDCJ9ZQNKYP1,CA-PA-00000027,114,SINGLE_FAMILY,3053.0,2,RENTED,99-2575-144
U-O3FASEMUHJQM,CA-PA-00000027,115,SINGLE_FAMILY,2928.0,4,OWNER_OCCUPIED,74-9198-830
U-M6VDUQDJI6SO,CA-PA-00000027,116,SINGLE_FAMILY,1811.0,3,OWNER_OCCUPIED,36-2501-606
U-3ON2FOL4VFZY,CA-PA-00000027,117,SINGLE_FAMILY,811.0,4,RENTED,94-3314-121
U-XDXNADA1K3RE,CA-PA-00000027,118,TOWNHOME,1481.0,3,RENTED,35-4841-427
U-646NZ3HA6CBB,CA-FL-00000028,39D,CONDO_UNIT,,2,OWNER_OCCUPIED,
U-74TBS9IZKM5V,CA-FL-00000028,12A,CONDO_UNIT,1592.0,1,OWNER_OCCUPIED,66-7834-534
U-D1OTXS3FEWSM,CA-FL-00000028,37E,CONDO_UNIT,1700.0,3,RENTED,38-2206-948
U-5D9Y8Y0AWRHQ,CA-FL-00000028,33E,CONDO_UNIT,1037.0,3,VACANT,27-7917-720
U-I90MB0ORR5SR,CA-FL-00000028,9D,CONDO_UNIT,1617.0,2,OWNER_OCCUPIED,55-1402-189
U-0O1XQOVGPP3S,CA-FL-00000028,37D,CONDO_UNIT,2276.0,1,OWNER_OCCUPIED,31-4068-663
U-7V6TVQUILTEM,CA-FL-00000028,31H,CONDO_UNIT,2426.0,2,OWNER_OCCUPIED,47-1408-662
U-46N0ABCZ7EP6,CA-FL-00000028,25F,CONDO_UNIT,3036.0,2,OWNER_OCCUPIED,85-6775-988
U-O2TPX4LPCX1A,CA-FL-00000028,39C,CONDO_UNIT,3084.0,3,OWNER_OCCUPIED,81-9049-457
U-X9WX1VAD5MAX,CA-FL-00000028,26A,CONDO_UNIT,1350.0,3,VACANT,92-6646-252
U-9F4OHEUN5A8X,CA-FL-00000028,2C,CONDO_UNIT,1357.0,4,RENTED,43-8392-472
U-I80KA3R2DXJO,CA-FL-00000028,39F,CONDO_UNIT,2681.0,2,RENTED,73-4412-470
U-XJNJ0KX69XP7,CA-FL-00000028,33D,CONDO_UNIT,1746.0,3,RENTED,39-6786-770
U-TPFORPOKLF43,CA-FL-00000028,31F,CONDO_UNIT,668.0,4,RENTED,30-7693-889
U-2UXXK509Y5BA,CA-FL-00000028,20F,CONDO_UNIT,2129.0,5,OWNER_OCCUPIED,44-7568-574
U-F3BHG9VHBQI0,CA-FL-00000028,10F,CONDO_UNIT,2064.0,3,VACANT,
U-UBPM9DBEZA9A,CA-FL-00000028,12B,CONDO_UNIT,2056.0,2,OWNER_OCCUPIED,86-5338-890
U-YYIIR41G20DF,CA-FL-00000028,23A,CONDO_UNIT,1333.0,2,OWNER_OCCUPIED,43-3441-664
U-PY63MYSRTTYM,CA-FL-00000028,22B,CONDO_UNIT,2416.0,5,RENTED,90-2324-698
U-IDR6K3LYYZ7P,CA-FL-00000028,31C,CONDO_UNIT,1090.0,2,OWNER_OCCUPIED,59-2564-963
U-FDLR8Z101JD1,CA-FL-00000028,2E,CONDO_UNIT,2743.0,5,RENTED,11-1970-534
U-UD3I2IWMC07L,CA-FL-00000028,3F,CONDO_UNIT,3067.0,3,RENTED,96-7861-551
U-I288H23TU8LM,CA-FL-00000028,6E,CONDO_UNIT,884.0,2,OWNER_OCCUPIED,48-7000-147
U-4FG0DJQ1PQVC,CA-FL-00000028,22E,CONDO_UNIT,1818.0,3,OWNER_OCCUPIED,35-5901-354
U-PWI25Y4XVRYD,CA-FL-00000028,2G,CONDO_UNIT,3044.0,2,RENTED,26-7386-901
U-836HFEPYDBSI,CA-FL-00000028,40C,CONDO_UNIT,3081.0,3,OWNER_OCCUPIED,51-8252-323
U-YPR1MUYRPK40,CA-FL-00000028,6F,CONDO_UNIT,881.0,2,OWNER_OCCUPIED,
U-9A1N3IRW50LM,CA-FL-00000028,4C,CONDO_UNIT,2710.0,2,RENTED,93-1778-378
U-A22JYQMWT0IP,CA-FL-00000028,33B,CONDO_UNIT,,4,RENTED,67-3826-173
U-B1DINDLFDTTN,CA-FL-00000028,16C,CONDO_UNIT,,3,OWNER_OCCUPIED,96-7336-635
U-E2OOATYYXZ90,CA-FL-00000028,39A,CONDO_UNIT,2740.0,3,OWNER_OCCUPIED,71-4017-147
U-BMCZDBRAEIU5,CA-FL-00000028,2F,CONDO_UNIT,1537.0,3,OWNER_OCCUPIED,24-2318-737
U-JXN7PRWMOEGP,CA-FL-00000028,6D,CONDO_UNIT,1126.0,3,RENTED,28-7973-346
U-VOEO37PHANHD,CA-FL-00000028,35H,CONDO_UNIT,840.0,2,OWNER_OCCUPIED,46-7238-170
U-K25GP0A8D2OD,CA-FL-00000028,20C,CONDO_UNIT,1068.0,2,OWNER_OCCUPIED,86-7500-644
U-0H7JAJLTUV67,CA-FL-00000028,14G,CONDO_UNIT,1597.0,1,OWNER_OCCUPIED,97-4732-511
U-0YCM90F89VXG,CA-FL-00000028,4G,CONDO_UNIT,1563.0,2,OWNER_OCCUPIED,58-3378-692
U-DTGSKEGDEZ18,CA-FL-00000028,4H,CONDO_UNIT,2485.0,3,RENTED,76-5129-952
U-U6UQVL7ERDTO,CA-FL-00000028,22G,CONDO_UNIT,1038.0,3,OWNER_OCCUPIED,11-8088-178
U-RWY8ZOI9HDV9,CA-FL-00000028,24F,CONDO_UNIT,1379.0,3,RENTED,86-5998-723
U-ORUCU6SYVUVO,CA-FL-00000028,11A,CONDO_UNIT,1498.0,3,OWNER_OCCUPIED,73-6702-293
U-2ZEH9H72IQ4L,CA-FL-00000028,38A,CONDO_UNIT,835.0,2,OWNER_OCCUPIED,70-3676-715
U-MKSLIZ63IVV1,CA-FL-00000028,8C,CONDO_UNIT,1790.0,5,OWNER_OCCUPIED,28-6278-895
U-8MPJ4ZGU5W46,CA-FL-00000028,17H,CONDO_UNIT,1385.0,4,OWNER_OCCUPIED,33-4078-515
U-3ETIVMDH1JIL,CA-FL-00000028,14A,CONDO_UNIT,685.0,4,RENTED,76-6532-893
U-8BVZL5UQW6B9,CA-FL-00000028,40C,CONDO_UNIT,2537.0,3,RENTED,93-2522-528
U-OC5HWGPBYEXZ,CA-FL-00000028,1C,CONDO_UNIT,1353.0,3,RENTED,22-9605-910
U-4I3O6GIL6DTX,CA-FL-00000028,20E,CONDO_UNIT,1864.0,3,OWNER_OCCUPIED,29-1504-261
U-YI4NZLOZ7E0P,CA-FL-00000028,5F,CONDO_UNIT,1772.0,1,RENTED,49-9109-459
U-GTZ6QL3E49YW,CA-FL-00000028,33C,CONDO_UNIT,961.0,3,RENTED,92-4270-425
U-NWGU9B8INNU7,CA-FL-00000028,28C,CONDO_UNIT,2984.0,2,OWNER_OCCUPIED,82-5096-195
U-4WT1VAWI2EX4,CA-FL-00000028,19A,CONDO_UNIT,1377.0,3,OWNER_OCCUPIED,35-5913-790
U-SV8JRD8SPW0S,CA-FL-00000028,24E,CONDO_UNIT,1670.0,3,OWNER_OCCUPIED,27-6402-451
U-AJM3UM94W739,CA-FL-00000028,39E,CONDO_UNIT,2614.0,4,RENTED,64-7913-390
U-LLD5OBQ2SA12,CA-FL-00000028,22E,CONDO_UNIT,2733.0,4,OWNER_OCCUPIED,46-7585-782
U-N8PVWJAZQ4X5,CA-FL-00000028,28A,CONDO_UNIT,1718.0,3,RENTED,37-9578-366
U-287QMRMPLXC0,CA-FL-00000028,28A,CONDO_UNIT,2224.0,3,OWNER_OCCUPIED,97-3960-309
U-KH8VXPSA97L6,CA-FL-00000028,22G,CONDO_UNIT,3011.0,3,OWNER_OCCUPIED,15-3223-944
U-62PQZV62E84L,CA-MA-00000029,100,TOWNHOME,1635.0,3,RENTED,64-3825-873
U-5K9CO1SKI045,CA-MA-00000029,101,TOWNHOME,1452.0,2,OWNER_OCCUPIED,
U-AC1PUVD3XAK7,CA-MA-00000029,102,SINGLE_FAMILY,1253.0,4,RENTED,54-9588-485
U-BHLF80HKKWJS,CA-MA-00000029,103,TOWNHOME,1651.0,2,OWNER_OCCUPIED,29-4214-327
U-PPR46QHEQKMQ,CA-MA-00000029,104,TOWNHOME,2343.0,4,OWNER_OCCUPIED,66-9817-420
U-S6T5RR284WYX,CA-MA-00000029,105,SINGLE_FAMILY,2707.0,3,OWNER_OCCUPIED,34-8309-867
U-25582RQUKJF8,CA-MA-00000029,106,TOWNHOME,2563.0,2,OWNER_OCCUPIED,35-5883-190
U-LQH1CV2XB402,CA-MA-00000029,107,SINGLE_FAMILY,2112.0,3,OWNER_OCCUPIED,43-6626-350
U-XPI865EO9W6Y,CA-MA-00000029,108,TOWNHOME,,5,OWNER_OCCUPIED,
U-C03V1NPCYVU0,CA-MA-00000029,109,SINGLE_FAMILY,979.0,1,OWNER_OCCUPIED,74-4523-866
U-2JPLLQ7S1ORA,CA-MA-00000029,110,TOWNHOME,3040.0,2,RENTED,59-9971-250
U-0ZNMVNSWJFII,CA-MA-00000029,111,SINGLE_FAMILY,3002.0,3,OWNER_OCCUPIED,12-6169-384
U-YWP6CBC5TNLL,CA-MA-00000029,112,TOWNHOME,1523.0,3,RENTED,74-6563-271
U-Q53ALJD70Y6I,CA-MA-00000029,113,TOWNHOME,1574.0,4,VACANT,97-7656-523
U-75RDDHNSGFSH,CA-MA-00000029,114,TOWNHOME,2363.0,3,OWNER_OCCUPIED,36-9638-894
U-WYRVMWW3SZY9,CA-MA-00000029,115,TOWNHOME,2919.0,5,OWNER_OCCUPIED,24-7173-571
U-1GT7DHT8D610,CA-MA-00000029,116,TOWNHOME,2832.0,1,OWNER_OCCUPIED,43-3082-820
U-LFY5U0I1BV7G,CA-MA-00000029,117,SINGLE_FAMILY,1283.0,3,OWNER_OCCUPIED,21-5845-841
U-DILXN48LBCLA,CA-MA-00000029,118,TOWNHOME,1010.0,3,OWNER_OCCUPIED,62-6907-728
U-XLQ0ZI2L5EU9,CA-MA-00000029,119,TOWNHOME,1052.0,2,VACANT,86-5372-449
U-BLCW0DPDZNXY,CA-MA-00000029,120,SINGLE_FAMILY,891.0,4,RENTED,77-3169-263
U-E0OF37FD3MWG,CA-MA-00000029,121,TOWNHOME,3182.0,3,OWNER_OCCUPIED,77-4171-746
U-R2Z0AUF2W7WR,CA-MA-00000029,122,TOWNHOME,2907.0,3,OWNER_OCCUPIED,28-1499-147
U-6JMRE2U7FMKG,CA-MA-00000029,123,TOWNHOME,833.0,2,VACANT,92-1377-823
U-68O3BTG7GA24,CA-MA-00000029,124,SINGLE_FAMILY,1729.0,3,RENTED,87-6588-142
U-JDS0SP8JB6L4,CA-MA-00000029,125,SINGLE_FAMILY,1201.0,2,OWNER_OCCUPIED,75-8254-845
U-MZ6W3CO8PE74,CA-MA-00000029,126,TOWNHOME,,1,OWNER_OCCUPIED,34-7261-109
U-RVXQ51WHAL10,CA-MA-00000029,127,TOWNHOME,2784.0,3,VACANT,41-3760-835
U-LV1J308IPUV5,CA-MA-00000029,128,TOWNHOME,2324.0,3,OWNER_OCCUPIED,52-4621-229
U-XOAU51OW0O2N,CA-NC-00000030,100,TOWNHOME,3078.0,4,OWNER_OCCUPIED,94-9762-779
U-G5SFTA1SFNB6,CA-NC-00000030,101,TOWNHOME,2399.0,3,OWNER_OCCUPIED,64-8945-519
U-XSVOLTRJKLUM,CA-NC-00000030,102,TOWNHOME,,2,OWNER_OCCUPIED,51-6646-800
U-2LW7ZRTQJ8CW,CA-NC-00000030,103,TOWNHOME,2230.0,3,VACANT,66-6295-878
U-E0EWRJIWML12,CA-NC-00000030,104,TOWNHOME,1107.0,3,OWNER_OCCUPIED,40-1130-928
U-B8MSG4OGB1LR,CA-NC-00000030,105,TOWNHOME,1356.0,4,OWNER_OCCUPIED,79-4522-412
U-1VROBW1PY825,CA-NC-00000030,106,TOWNHOME,1774.0,1,OWNER_OCCUPIED,80-1082-173
U-4MH0N5O9R7LJ,CA-NC-00000030,107,TOWNHOME,2063.0,2,OWNER_OCCUPIED,88-8166-596
U-473OZRBLH74K,CA-NC-00000030,108,TOWNHOME,1088.0,3,OWNER_OCCUPIED,54-7697-555
U-07FS0GD5ML52,CA-NC-00000030,109,TOWNHOME,1540.0,3,RENTED,68-6573-995
U-LE6NPHVOXJ0A,CA-NC-00000030,110,TOWNHOME,741.0,4,RENTED,82-2639-721
U-SQNCUYK2VFHD,CA-NC-00000030,111,TOWNHOME,3189.0,3,OWNER_OCCUPIED,41-9476-899
U-XXRPPNL6RNKW,CA-NC-00000030,112,TOWNHOME,1511.0,3,OWNER_OCCUPIED,65-9798-582
U-XD42GFAU14BO,CA-NC-00000030,113,TOWNHOME,1637.0,2,OWNER_OCCUPIED,85-8599-577
U-EBBELJQIK8IC,CA-NC-00000030,114,TOWNHOME,1724.0,3,OWNER_OCCUPIED,56-8672-612
U-MJIJ8WLOLXQW,CA-NC-00000030,115,TOWNHOME,1623.0,4,OWNER_OCCUPIED,54-1289-954
U-1024RV3NSXOF,CA-NC-00000030,116,TOWNHOME,2824.0,3,OWNER_OCCUPIED,34-7726-271
U-I0X8KAADOV9W,CA-NC-00000030,117,TOWNHOME,2668.0,3,OWNER_OCCUPIED,98-5023-397
U-EMLMBZRKZOEA,CA-NC-00000030,118,TOWNHOME,2240.0,2,OWNER_OCCUPIED,96-1511-774
U-41PBNUXURPV7,CA-NC-00000030,119,TOWNHOME,1050.0,2,RENTED,56-4872-780
U-T2VQYMHP9NYM,CA-NC-00000030,120,TOWNHOME,2319.0,1,OWNER_OCCUPIED,78-9820-319
U-JDH231WCGV6L,CA-NC-00000030,121,TOWNHOME,1918.0,5,OWNER_OCCUPIED,96-4686-421
U-R1UP3CZSAZ46,CA-NC-00000030,122,TOWNHOME,,1,OWNER_OCCUPIED,56-8159-963
U-N3OAG4G9O6QV,CA-NC-00000030,123,TOWNHOME,929.0,2,OWNER_OCCUPIED,59-8031-697
U-D3Y82FJXLFN7,CA-NC-00000030,124,TOWNHOME,2888.0,3,VACANT,89-6015-503
U-91QJWNNHN3K7,CA-NC-00000030,125,TOWNHOME,1049.0,3,RENTED,99-6613-187
U-H7G8YFH3XDVQ,CA-NC-00000030,126,TOWNHOME,2406.0,3,RENTED,45-9137-182
U-JYF8JSHL96EP,CA-NC-00000030,127,TOWNHOME,2244.0,1,OWNER_OCCUPIED,60-5769-579
U-6BU9XRDT1N0N,CA-NC-00000030,128,TOWNHOME,2627.0,3,OWNER_OCCUPIED,22-9175-250
U-BT4OBKS3II3F,CA-NC-00000030,129,TOWNHOME,1995.0,3,OWNER_OCCUPIED,48-2788-702
U-WOL61VA2J2BU,CA-NC-00000030,130,TOWNHOME,2642.0,3,OWNER_OCCUPIED,94-2875-822
U-8QBT0NUG9FO8,CA-NC-00000030,131,TOWNHOME,1367.0,2,OWNER_OCCUPIED,86-5079-752
U-602MG2FEU7AZ,CA-NC-00000030,132,TOWNHOME,1781.0,3,OWNER_OCCUPIED,87-4799-303
U-1NISKYWCOQ5L,CA-NC-00000030,133,TOWNHOME,1925.0,2,OWNER_OCCUPIED,98-6655-225
U-AFCB3D6IDLSW,CA-NC-00000030,134,TOWNHOME,2969.0,3,VACANT,87-8434-202
U-RR4ZGMS66KE6,CA-NC-00000030,135,TOWNHOME,669.0,2,VACANT,39-6255-313
U-INJ1Q3Q5PCNI,CA-FL-00000031,21H,CONDO_UNIT,1605.0,4,OWNER_OCCUPIED,40-1730-333
U-IJ200Q696J5E,CA-FL-00000031,1E,CONDO_UNIT,2834.0,4,OWNER_OCCUPIED,66-4558-963
U-EDMAMKRQ2V73,CA-FL-00000031,20H,CONDO_UNIT,1130.0,2,OWNER_OCCUPIED,83-8744-501
U-LQK0PQS2FNUK,CA-FL-00000031,22E,CONDO_UNIT,751.0,3,OWNER_OCCUPIED,43-7229-641
U-40AP00G5X5CS,CA-FL-00000031,27H,CONDO_UNIT,,3,OWNER_OCCUPIED,68-8193-710
U-NBXU6ONRV537,CA-FL-00000031,5B,CONDO_UNIT,,2,OWNER_OCCUPIED,26-7872-276
U-G2O8XGHIY1BF,CA-FL-00000031,40D,CONDO_UNIT,2202.0,1,OWNER_OCCUPIED,13-7190-679
U-9JI7OMEMTO2V,CA-FL-00000031,6C,CONDO_UNIT,1643.0,3,RENTED,
U-N7J5UKR8IEU1,CA-FL-00000031,34A,CONDO_UNIT,2133.0,2,OWNER_OCCUPIED,10-6308-353
U-9O98N2R48TWQ,CA-FL-00000031,26A,CONDO_UNIT,822.0,2,OWNER_OCCUPIED,25-5081-176
U-7B6WZLOOHVUE,CA-FL-00000031,31H,CONDO_UNIT,2777.0,3,RENTED,42-3580-924
U-LNOUE6ULEAHG,CA-FL-00000031,36A,CONDO_UNIT,729.0,2,RENTED,72-6115-446
U-YFAY0XA0RK8C,CA-FL-00000031,18H,CONDO_UNIT,929.0,1,RENTED,26-8642-427
U-XADGYUJGB5OR,CA-FL-00000031,22E,CONDO_UNIT,1422.0,2,OWNER_OCCUPIED,73-3322-343
U-YHTXP25M9FER,CA-FL-00000031,18F,CONDO_UNIT,1058.0,3,OWNER_OCCUPIED,15-2750-679
U-PV4REWMUB4F0,CA-FL-00000031,23C,CONDO_UNIT,1261.0,5,OWNER_OCCUPIED,
U-JXHRMF6M8WNL,CA-FL-00000031,8B,CONDO_UNIT,1514.0,4,OWNER_OCCUPIED,86-3701-119
U-6Q3QZD2LGUQI,CA-FL-00000031,27C,CONDO_UNIT,2066.0,3,OWNER_OCCUPIED,98-2148-282
U-KU92QQ1XZQG1,CA-FL-00000031,20D,CONDO_UNIT,1459.0,3,OWNER_OCCUPIED,69-9501-607
U-F9NRMOZL65X4,CA-FL-00000031,40A,CONDO_UNIT,1577.0,2,OWNER_OCCUPIED,
U-KKUPBBBKVPMI,CA-FL-00000031,27C,CONDO_UNIT,1337.0,2,RENTED,27-3062-474
U-JFBOVB1ZJ396,CA-FL-00000031,22C,CONDO_UNIT,1095.0,4,OWNER_OCCUPIED,33-7488-418
U-6J8LU25WSEVI,CA-FL-00000031,22E,CONDO_UNIT,1904.0,2,OWNER_OCCUPIED,92-6292-731
U-POY22CM5AGP6,CA-FL-00000031,20H,CONDO_UNIT,1617.0,2,OWNER_OCCUPIED,28-1260-688
U-B8CKQC4LFSI0,CA-FL-00000031,21F,CONDO_UNIT,865.0,3,OWNER_OCCUPIED,25-7562-734
U-RFZCP83JUWLI,CA-FL-00000031,37G,CONDO_UNIT,1785.0,2,OWNER_OCCUPIED,85-4001-910
U-9MSUIQI2S6I7,CA-FL-00000031,15E,CONDO_UNIT,1502.0,1,VACANT,22-3928-256
U-KRJWTG3FIMLC,CA-FL-00000031,4C,CONDO_UNIT,1190.0,2,RENTED,21-6990-465
U-L4BV8WZJFXYK,CA-FL-00000031,22G,CONDO_UNIT,972.0,3,OWNER_OCCUPIED,21-3156-428
U-I2BRSV43056M,CA-MA-00000032,15E,CONDO_UNIT,1690.0,4,VACANT,70-2803-441
U-Y4LRE7PI8WEJ,CA-MA-00000032,16A,CONDO_UNIT,2413.0,2,OWNER_OCCUPIED,19-9789-772
U-N8PLA2Q7LKBV,CA-MA-00000032,25F,CONDO_UNIT,2370.0,3,OWNER_OCCUPIED,34-4535-809
U-8A7B1BB61PDB,CA-MA-00000032,14C,CONDO_UNIT,2753.0,3,OWNER_OCCUPIED,36-1626-387
U-26XNISOSZ0D3,CA-MA-00000032,23G,CONDO_UNIT,837.0,5,OWNER_OCCUPIED,58-6473-509
U-1TFRSA8ZFAWT,CA-MA-00000032,19H,CONDO_UNIT,1441.0,3,OWNER_OCCUPIED,69-9450-328
U-0ZBTBOP51V9N,CA-MA-00000032,17F,CONDO_UNIT,3138.0,3,OWNER_OCCUPIED,43-7349-592
U-JBPS0QCU16DK,CA-MA-00000032,28A,CONDO_UNIT,3138.0,3,RENTED,48-5078-868
U-DBWPVFZET8P1,CA-MA-00000032,14D,CONDO_UNIT,2603.0,3,OWNER_OCCUPIED,22-7201-607
U-YRVFONTYADJC,CA-MA-00000032,24E,CONDO_UNIT,747.0,3,VACANT,14-9311-862
U-ZXVTH4OQSRLD,CA-MA-00000032,14A,CONDO_UNIT,1805.0,2,OWNER_OCCUPIED,13-1490-694
U-CIFL79R9KPU8,CA-MA-00000032,27F,CONDO_UNIT,2342.0,3,OWNER_OCCUPIED,98-4189-467
U-DVNFF2WCFIE6,CA-MA-00000032,19A,CONDO_UNIT,2567.0,3,RENTED,33-6888-180
U-XS03DSW1S6MO,CA-MA-00000032,28A,CONDO_UNIT,1120.0,4,OWNER_OCCUPIED,77-5815-889
U-JWBU2OLRW334,CA-MA-00000032,19E,CONDO_UNIT,710.0,2,RENTED,81-3444-357
U-T4GC5ICNIC4D,CA-MA-00000032,35A,CONDO_UNIT,2207.0,3,OWNER_OCCUPIED,43-2991-718
U-1YONAQ2DS3ED,CA-MA-00000032,38C,CONDO_UNIT,2199.0,5,RENTED,48-8965-519
U-UYHCBJKHCD79,CA-MA-00000032,36B,CONDO_UNIT,2050.0,4,RENTED,50-2897-555
U-5YLQSOUJB9ND,CA-MA-00000032,33H,CONDO_UNIT,933.0,1,OWNER_OCCUPIED,55-7385-378
U-LE1QXRJB0AH9,CA-MA-00000032,29E,CONDO_UNIT,3028.0,3,VACANT,87-4762-352
U-VZO8WD3OKANI,CA-MA-00000032,28H,CONDO_UNIT,917.0,3,OWNER_OCCUPIED,60-4955-189
U-YBATOLODLONK,CA-MA-00000032,4E,CONDO_UNIT,2784.0,2,OWNER_OCCUPIED,58-9500-705
U-JJCAXOD97QQ1,CA-MA-00000032,29H,CONDO_UNIT,1558.0,3,OWNER_OCCUPIED,86-4232-928
U-H9BTD5PU139K,CA-MA-00000032,2C,CONDO_UNIT,1747.0,2,OWNER_OCCUPIED,55-6475-969
U-VQIIXKUOZM7I,CA-MA-00000032,7H,CONDO_UNIT,758.0,4,RENTED,10-1907-418
U-W2VNOMZZ8WXQ,CA-MA-00000032,7H,CONDO_UNIT,2976.0,4,RENTED,29-5473-618
U-R07H0UMS48IW,CA-MA-00000032,31G,CONDO_UNIT,1028.0,2,OWNER_OCCUPIED,40-5480-690
U-HE17O7PNUD53,CA-MA-00000032,30C,CONDO_UNIT,1147.0,2,OWNER_OCCUPIED,85-4079-997
U-NJKHVYQDK9XM,CA-MA-00000032,1D,CONDO_UNIT,1622.0,2,OWNER_OCCUPIED,22-9863-504
U-O08NE4XLWG9A,CA-MA-00000032,6B,CONDO_UNIT,876.0,1,OWNER_OCCUPIED,19-8531-297
U-U280WC84AYUF,CA-MA-00000032,13E,CONDO_UNIT,2187.0,4,OWNER_OCCUPIED,97-7633-589
U-EYHCXTR698I9,CA-MA-00000032,24F,CONDO_UNIT,937.0,3,OWNER_OCCUPIED,77-9961-239
U-5AHC0OKRCW9I,CA-MA-00000032,2C,CONDO_UNIT,1722.0,3,RENTED,40-7939-618
U-G6VC4PAIIUCU,CA-MA-00000032,15C,CONDO_UNIT,1223.0,3,OWNER_OCCUPIED,91-7591-924
U-QDNVQJ4U4FGG,CA-MA-00000032,40G,CONDO_UNIT,1707.0,2,OWNER_OCCUPIED,41-8032-885
U-ZTS55C2IBJVS,CA-MA-00000032,21H,CONDO_UNIT,2017.0,2,OWNER_OCCUPIED,98-1914-889
U-XN52T7B7UYA0,CA-MA-00000032,25D,CONDO_UNIT,1126.0,2,RENTED,60-1368-321
U-FLKTAWMWUR1Z,CA-MA-00000032,37D,CONDO_UNIT,2120.0,5,RENTED,54-2105-677
U-83JQYCRHO7AZ,CA-MA-00000032,28C,CONDO_UNIT,2259.0,5,OWNER_OCCUPIED,23-3626-473
U-8K4HBABOI0SF,CA-MA-00000032,11E,CONDO_UNIT,2938.0,2,OWNER_OCCUPIED,31-2812-140
U-5YSHGPZ91KMG,CA-MA-00000032,31C,CONDO_UNIT,,3,RENTED,27-9925-581
U-JYPZRZ1HOCW0,CA-MA-00000032,23F,CONDO_UNIT,729.0,1,OWNER_OCCUPIED,75-2881-733
U-KTJEPGYAP9EI,CA-MA-00000032,3C,CONDO_UNIT,2816.0,2,RENTED,44-3332-998
U-3J9LHEPU4U5E,CA-MA-00000032,27G,CONDO_UNIT,2378.0,4,RENTED,81-8720-844
U-YAHAN6CADOUA,CA-MA-00000032,35E,CONDO_UNIT,2006.0,3,OWNER_OCCUPIED,22-9024-516
U-KUOYSVKEA3X8,CA-MA-00000032,27G,CONDO_UNIT,1449.0,2,RENTED,57-3618-814
U-IFX97L4GQQKM,CA-MA-00000032,18A,CONDO_UNIT,1903.0,3,OWNER_OCCUPIED,96-4251-710
U-N1D613LY4QZT,CA-MA-00000032,12G,CONDO_UNIT,,1,OWNER_OCCUPIED,12-4898-120
U-J82T2A1Q4P24,CA-MA-00000032,20C,CONDO_UNIT,1551.0,2,RENTED,47-6971-710
U-5B0MOLRV4DGQ,CA-MA-00000032,38D,CONDO_UNIT,,2,OWNER_OCCUPIED,28-8244-995
U-J1YDOT948U6B,CA-MA-00000032,7F,CONDO_UNIT,1337.0,2,RENTED,76-7159-162
U-ASJP0ESUSWIY,CA-MA-00000032,32E,CONDO_UNIT,1083.0,3,RENTED,83-8850-691
U-54ED6LOB24HY,CA-MA-00000032,35F,CONDO_UNIT,1246.0,3,RENTED,81-9390-506
U-SD1JIUOIZ6AA,CA-MA-00000032,16H,CONDO_UNIT,3170.0,3,OWNER_OCCUPIED,93-5869-900
U-JQ6X5LD8QU30,CA-MA-00000032,9G,CONDO_UNIT,2056.0,2,OWNER_OCCUPIED,55-2787-805
U-O70IU7HWLWZU,CA-MA-00000032,4H,CONDO_UNIT,2994.0,5,OWNER_OCCUPIED,67-9312-874
U-IYLX2CRL39YR,CA-MA-00000032,14A,CONDO_UNIT,1050.0,4,RENTED,59-2538-802
U-WGXXASHVFHZL,CA-MA-00000032,1D,CONDO_UNIT,2324.0,3,OWNER_OCCUPIED,80-6456-798
U-10I187YOHQLY,CA-MA-00000032,22B,CONDO_UNIT,2495.0,2,OWNER_OCCUPIED,27-3096-351
U-JRK2LBIMNZ9B,CA-MA-00000032,10A,CONDO_UNIT,,2,OWNER_OCCUPIED,49-5349-911
U-MJQO1DU7V8FY,CA-CO-00000033,1G,CONDO_UNIT,2442.0,3,OWNER_OCCUPIED,29-9864-764
U-IZANKUMY7NL7,CA-CO-00000033,38F,CONDO_UNIT,,5,OWNER_OCCUPIED,10-9187-610
U-RT2L2IEO9UVJ,CA-CO-00000033,27A,CONDO_UNIT,,2,RENTED,82-7177-838
U-X3F86UGYFUNM,CA-CO-00000033,2G,CONDO_UNIT,3130.0,1,OWNER_OCCUPIED,13-2099-448
U-YGCVHLBPRFEG,CA-CO-00000033,5D,CONDO_UNIT,1597.0,3,OWNER_OCCUPIED,86-3581-691
U-72VE4IRF7BCU,CA-CO-00000033,10D,CONDO_UNIT,2470.0,3,OWNER_OCCUPIED,50-5687-735
U-URT6267CGFX3,CA-CO-00000033,2B,CONDO_UNIT,1335.0,2,OWNER_OCCUPIED,47-5238-525
U-ZNUE5RAU33X5,CA-CO-00000033,17H,CONDO_UNIT,1702.0,4,VACANT,69-4563-563
U-TZQTTAAZVORQ,CA-CO-00000033,4G,CONDO_UNIT,3168.0,3,OWNER_OCCUPIED,29-9941-413
U-FS2E2FOZZ1JP,CA-CO-00000033,1F,CONDO_UNIT,2668.0,1,OWNER_OCCUPIED,52-7343-846
U-ZTAHY8OLQ54W,CA-CO-00000033,10H,CONDO_UNIT,1431.0,4,RENTED,43-3187-670
U-YINYCOAUDWYU,CA-CO-00000033,34H,CONDO_UNIT,,3,OWNER_OCCUPIED,97-7559-597
U-5DGRX0B3CIPT,CA-CO-00000033,24H,CONDO_UNIT,2505.0,3,OWNER_OCCUPIED,20-1879-435
U-9D7UAYBDTN0A,CA-CO-00000033,4C,CONDO_UNIT,1833.0,3,OWNER_OCCUPIED,90-4762-820
U-YGC9G6Q62RXY,CA-CO-00000033,22D,CONDO_UNIT,2379.0,2,RENTED,49-5168-951
U-1MNYW0YFKOE2,CA-CO-00000033,14H,CONDO_UNIT,2150.0,1,RENTED,68-4764-989
U-PP101YQT061A,CA-CO-00000033,34F,CONDO_UNIT,1012.0,4,OWNER_OCCUPIED,15-6950-633
U-K0SCJWSH3MOK,CA-CO-00000033,3F,CONDO_UNIT,1737.0,2,OWNER_OCCUPIED,65-4425-287
U-J1L90D6D86S2,CA-CO-00000033,5E,CONDO_UNIT,2387.0,4,OWNER_OCCUPIED,51-4643-938
U-FI3OSH3QZXY4,CA-CO-00000033,1A,CONDO_UNIT,1255.0,3,OWNER_OCCUPIED,88-9115-778
U-7A4K33S5R25Z,CA-CO-00000033,10B,CONDO_UNIT,1804.0,3,RENTED,79-5588-557
U-KAGIQDZ7Y95C,CA-CO-00000033,28B,CONDO_UNIT,2694.0,2,OWNER_OCCUPIED,28-3964-533
U-Q7P7SWVTQQKL,CA-CO-00000033,17H,CONDO_UNIT,933.0,2,OWNER_OCCUPIED,27-4490-525
U-97Y8PZL99UJ6,CA-CO-00000033,34A,CONDO_UNIT,1791.0,4,OWNER_OCCUPIED,71-4971-532
U-ZYO7CMTOZZI6,CA-CO-00000033,30A,CONDO_UNIT,2023.0,3,OWNER_OCCUPIED,39-2673-487
U-BZQ7IB48G5X1,CA-CO-00000033,32B,CONDO_UNIT,1313.0,2,OWNER_OCCUPIED,63-4081-982
U-C3ECTATG6T26,CA-CO-00000033,27B,CONDO_UNIT,1873.0,2,RENTED,61-7171-337
U-ML4C7F4YGF76,CA-CO-00000033,34G,CONDO_UNIT,819.0,4,OWNER_OCCUPIED,44-7391-703
U-7V1GSFYTK5LB,CA-CO-00000033,6D,CONDO_UNIT,1336.0,4,OWNER_OCCUPIED,68-2493-911
U-05HFA58S9EP5,CA-CO-00000033,31G,CONDO_UNIT,2868.0,3,RENTED,28-9670-573
U-090FS6QIJ88A,CA-CO-00000033,12D,CONDO_UNIT,1739.0,3,OWNER_OCCUPIED,91-7033-591
U-I6G8E24RZBJH,CA-CO-00000033,34F,CONDO_UNIT,2574.0,2,VACANT,38-3073-274
U-T337AZ2B0FMK,CA-CO-00000033,27D,CONDO_UNIT,2492.0,4,VACANT,47-2708-206
U-O8T8MVW5OXIO,CA-CO-00000033,22G,CONDO_UNIT,1866.0,5,OWNER_OCCUPIED,43-8065-611
U-0HZWCYKVMQYB,CA-CO-00000033,28C,CONDO_UNIT,3168.0,2,OWNER_OCCUPIED,96-5571-263
U-PBOWVHD7B4IS,CA-CO-00000033,8D,CONDO_UNIT,2716.0,3,RENTED,79-4667-353
U-MTB6T9BY8NHQ,CA-CO-00000033,13F,CONDO_UNIT,736.0,2,RENTED,75-8549-172
U-97NPWQ6YK8MM,CA-CO-00000033,37F,CONDO_UNIT,754.0,4,OWNER_OCCUPIED,98-7336-237
U-UWPKN646UW7Y,CA-CO-00000033,9F,CONDO_UNIT,902.0,4,RENTED,92-9202-267
U-1CXDCWGK6RZL,CA-CO-00000033,4D,CONDO_UNIT,,4,OWNER_OCCUPIED,89-5293-574
U-HS1F8G0YI0DG,CA-CO-00000033,19E,CONDO_UNIT,,3,OWNER_OCCUPIED,65-4826-396
U-X2AJGZ36N3FR,CA-CO-00000033,21A,CONDO_UNIT,1806.0,4,OWNER_OCCUPIED,21-3233-919
U-6IFKATV82HK8,CA-CO-00000033,15E,CONDO_UNIT,2152.0,3,OWNER_OCCUPIED,97-8084-808
U-GQTDRKE1F1W5,CA-CO-00000033,14B,CONDO_UNIT,811.0,1,OWNER_OCCUPIED,14-3666-732
U-SVUXZUYKMG3D,CA-FL-00000034,100,TOWNHOME,3067.0,1,OWNER_OCCUPIED,34-6258-501
U-80ZD8IP5OBK7,CA-FL-00000034,101,TOWNHOME,933.0,4,OWNER_OCCUPIED,37-9976-676
U-DES1KL5EZ2A5,CA-FL-00000034,102,TOWNHOME,1729.0,3,OWNER_OCCUPIED,19-5195-631
U-ROCZQ1FZXFCN,CA-FL-00000034,103,TOWNHOME,1131.0,2,RENTED,92-9254-845
U-CX401L519881,CA-FL-00000034,104,TOWNHOME,2202.0,4,OWNER_OCCUPIED,69-1372-113
U-MVOV4OYIZ9IY,CA-FL-00000034,105,TOWNHOME,,3,RENTED,11-1432-693
U-R6JBPIHHB1MT,CA-FL-00000034,106,TOWNHOME,1818.0,4,OWNER_OCCUPIED,34-3803-349
U-QVAUGS664FN8,CA-FL-00000034,107,TOWNHOME,2108.0,2,RENTED,24-7894-900
U-AHL52IRUHZH5,CA-FL-00000034,108,TOWNHOME,1438.0,2,OWNER_OCCUPIED,
U-JIJNLP2S07JO,CA-FL-00000034,109,TOWNHOME,1011.0,2,OWNER_OCCUPIED,52-6655-272
U-URBJSAD0J2NG,CA-FL-00000034,110,TOWNHOME,1926.0,3,RENTED,19-7784-651
U-NDNBHNDVO02M,CA-FL-00000034,111,TOWNHOME,1754.0,2,OWNER_OCCUPIED,60-9204-352
U-N17789RDJAK2,CA-FL-00000034,112,TOWNHOME,1939.0,2,OWNER_OCCUPIED,96-7721-906
U-PA94D8XERFHS,CA-FL-00000034,113,TOWNHOME,2581.0,4,RENTED,93-8291-861
U-5H2IN2BU4WA2,CA-FL-00000034,114,TOWNHOME,770.0,3,OWNER_OCCUPIED,97-6909-133
U-TCOYJ61AJSJJ,CA-FL-00000034,115,TOWNHOME,2590.0,4,OWNER_OCCUPIED,32-8979-684
U-LXMZKG8JWNUK,CA-FL-00000034,116,TOWNHOME,2599.0,4,RENTED,65-3136-586
U-MS8E80975XQJ,CA-FL-00000034,117,TOWNHOME,1815.0,3,OWNER_OCCUPIED,50-2925-935
U-OHIFK0VZYYBD,CA-FL-00000034,118,TOWNHOME,,3,VACANT,89-5650-751
U-XQ80I4527KKZ,CA-FL-00000034,119,TOWNHOME,1361.0,3,RENTED,41-6134-830
U-MF93TXRY3Z4X,CA-FL-00000034,120,TOWNHOME,2922.0,2,OWNER_OCCUPIED,63-6336-487
U-JQZDCSE09458,CA-WA-00000035,3E,CONDO_UNIT,,3,OWNER_OCCUPIED,25-2900-526
U-EKOJZCDUSCUN,CA-WA-00000035,20C,CONDO_UNIT,1886.0,4,OWNER_OCCUPIED,95-9457-659
U-418GRZRKY8RA,CA-WA-00000035,31B,CONDO_UNIT,2045.0,2,OWNER_OCCUPIED,21-1504-663
U-81OUVWXOATMZ,CA-WA-00000035,14D,CONDO_UNIT,2128.0,3,OWNER_OCCUPIED,95-9677-236
U-91AAY0A1V9Q3,CA-WA-00000035,32A,CONDO_UNIT,2747.0,3,OWNER_OCCUPIED,65-4683-268
U-B22ZU6SJJFZP,CA-WA-00000035,20H,CONDO_UNIT,1370.0,3,OWNER_OCCUPIED,46-5407-931
U-MLEQMJ1SSQVR,CA-WA-00000035,37F,CONDO_UNIT,,4,OWNER_OCCUPIED,26-3443-162
U-G9O9IH4O8JG7,CA-WA-00000035,29D,CONDO_UNIT,3155.0,4,RENTED,69-5225-894
U-10IDSFFQ0NEZ,CA-WA-00000035,13H,CONDO_UNIT,3004.0,3,OWNER_OCCUPIED,55-4439-509
U-01VHEPHJF7ZF,CA-WA-00000035,34D,CONDO_UNIT,1547.0,3,OWNER_OCCUPIED,84-4406-204
U-B3Z30ZBTVFH7,CA-WA-00000035,3D,CONDO_UNIT,695.0,2,OWNER_OCCUPIED,35-3028-747
U-W5STNW8EX6WA,CA-WA-00000035,30D,CONDO_UNIT,3076.0,3,RENTED,97-2862-588
U-8UNA9WK4MK3F,CA-WA-00000035,24H,CONDO_UNIT,2859.0,3,OWNER_OCCUPIED,65-5740-130
U-LZWQX9VSNH0E,CA-WA-00000035,36D,CONDO_UNIT,2993.0,1,OWNER_OCCUPIED,87-8679-793
U-Y5YCNIDS13PM,CA-WA-00000035,24B,CONDO_UNIT,772.0,2,OWNER_OCCUPIED,93-9585-514
U-W1OQ9RQ53UTI,CA-WA-00000035,36F,CONDO_UNIT,1014.0,4,OWNER_OCCUPIED,33-6085-250
U-4NFLUO6PHYOV,CA-WA-00000035,17F,CONDO_UNIT,1833.0,1,OWNER_OCCUPIED,46-7795-470
U-PXNCCRBF4AF3,CA-WA-00000035,30D,CONDO_UNIT,2190.0,2,RENTED,59-8556-309
U-Z3G0KSJH9PO2,CA-WA-00000035,38B,CONDO_UNIT,,1,OWNER_OCCUPIED,12-8247-312
U-90OK11UUYXSW,CA-WA-00000035,18B,CONDO_UNIT,2414.0,3,RENTED,12-4241-607
U-DO61XN8DK13Z,CA-WA-00000035,27G,CONDO_UNIT,1879.0,2,OWNER_OCCUPIED,39-9840-551
U-15028LSUXOM9,CA-WA-00000035,36D,CONDO_UNIT,1890.0,3,OWNER_OCCUPIED,79-9232-342
U-9J3MVOLHBFLF,CA-WA-00000035,3G,CONDO_UNIT,3141.0,5,OWNER_OCCUPIED,48-4804-466
U-JOL9GDMBIQAT,CA-WA-00000035,14F,CONDO_UNIT,2368.0,3,OWNER_OCCUPIED,
U-K2HOPQ0UX5PG,CA-WA-00000035,8F,CONDO_UNIT,,3,RENTED,61-6128-459
U-TOS7CUWB3ESH,CA-WA-00000035,14F,CONDO_UNIT,2877.0,2,RENTED,22-4660-627
U-L01AV2R2A95C,CA-WA-00000035,19F,CONDO_UNIT,1037.0,5,OWNER_OCCUPIED,17-7304-865
U-63VV1E6W0BME,CA-WA-00000035,7D,CONDO_UNIT,3010.0,2,OWNER_OCCUPIED,94-9068-178
U-RTXVF4Z18468,CA-WA-00000035,24A,CONDO_UNIT,1065.0,3,OWNER_OCCUPIED,38-4400-932
U-F1KM8B543BB9,CA-WA-00000035,14H,CONDO_UNIT,949.0,4,OWNER_OCCUPIED,81-6714-494
U-FQTNDY69620Z,CA-WA-00000035,15A,CONDO_UNIT,3074.0,5,OWNER_OCCUPIED,50-9034-789
U-DDTBXT6YEYXI,CA-WA-00000035,40D,CONDO_UNIT,1395.0,2,OWNER_OCCUPIED,73-3222-160
U-PFEKXVTYZ934,CA-WA-00000035,38G,CONDO_UNIT,2987.0,3,RENTED,46-6886-131
U-MDFBHPSOJDYU,CA-WA-00000035,1E,CONDO_UNIT,2317.0,4,RENTED,98-9184-204
U-J2TIPLK5BOV3,CA-WA-00000035,22A,CONDO_UNIT,1189.0,3,OWNER_OCCUPIED,65-4611-800
U-WT3UBJVJKXXK,CA-WA-00000035,23H,CONDO_UNIT,2464.0,4,OWNER_OCCUPIED,96-9743-394
U-Q1V53HD78RSW,CA-WA-00000035,8H,CONDO_UNIT,2187.0,4,OWNER_OCCUPIED,27-7347-232
U-VQNEOEZOAGVE,CA-WA-00000035,26G,CONDO_UNIT,838.0,2,OWNER_OCCUPIED,73-9045-941
U-YBCN78HZFFGH,CA-WA-00000035,10F,CONDO_UNIT,2248.0,4,OWNER_OCCUPIED,76-6061-714
U-OCGN4MFW66L1,CA-WA-00000035,13B,CONDO_UNIT,2171.0,4,OWNER_OCCUPIED,89-4767-395
U-XIEZEV57U66I,CA-WA-00000035,7E,CONDO_UNIT,957.0,2,OWNER_OCCUPIED,72-9388-327
U-J64YW5R1F5BF,CA-WA-00000035,8G,CONDO_UNIT,1253.0,2,OWNER_OCCUPIED,82-9471-182
U-SX82UFL9MQ11,CA-WA-00000035,28D,CONDO_UNIT,2131.0,3,OWNER_OCCUPIED,54-3088-527
U-HZS8F093FL0E,CA-WA-00000035,21D,CONDO_UNIT,926.0,4,VACANT,33-1413-439
U-BIMI0G8F9PRN,CA-WA-00000035,25A,CONDO_UNIT,2863.0,3,OWNER_OCCUPIED,99-9201-557
U-CXCRHY3ZOMGN,CA-WA-00000035,9G,CONDO_UNIT,791.0,3,OWNER_OCCUPIED,20-5209-909
U-8HWE2C7MV5NL,CA-WA-00000035,30E,CONDO_UNIT,1488.0,2,OWNER_OCCUPIED,71-2584-930
U-E4I3527FPWBA,CA-WA-00000035,3D,CONDO_UNIT,1889.0,2,OWNER_OCCUPIED,56-9892-817
U-MTOCTS4RO893,CA-WA-00000035,9B,CONDO_UNIT,3069.0,2,OWNER_OCCUPIED,65-4597-627
U-E6VB7HFG5LU7,CA-WA-00000035,29A,CONDO_UNIT,1496.0,3,VACANT,77-4577-916
U-OQQ0RAAOO91O,CA-WA-00000035,1H,CONDO_UNIT,1220.0,2,VACANT,25-3965-906
U-YTE3H4O8FUJP,CA-WA-00000035,28E,CONDO_UNIT,1532.0,3,OWNER_OCCUPIED,
U-K2X9PF16O8BJ,CA-WA-00000035,23D,CONDO_UNIT,1478.0,2,RENTED,53-9536-930
U-0U9D8X92MFJE,CA-WA-00000035,25D,CONDO_UNIT,1011.0,3,RENTED,38-7164-358
U-WTCOMMN9TWN7,CA-WA-00000035,11B,CONDO_UNIT,2696.0,3,OWNER_OCCUPIED,62-4169-805
U-OUGOPRRUMUC4,CA-WA-00000035,20B,CONDO_UNIT,3089.0,1,OWNER_OCCUPIED,81-1384-660
U-X2G24GVA34E5,CA-WA-00000035,3B,CONDO_UNIT,,2,OWNER_OCCUPIED,10-6043-389
U-GH8RFC9VD5SO,CA-WA-00000035,25E,CONDO_UNIT,3130.0,1,RENTED,94-2467-450
U-9RT7NWUQIQ9V,CA-WA-00000035,26B,CONDO_UNIT,,2,OWNER_OCCUPIED,49-4665-790
U-GN2UPFJN9D4X,CA-WA-00000035,24H,CONDO_UNIT,1292.0,3,OWNER_OCCUPIED,
U-EMYD8YH304A8,CA-NY-00000036,100,TOWNHOME,2043.0,2,OWNER_OCCUPIED,92-7882-872
U-C7SYR7S9R37V,CA-NY-00000036,101,TOWNHOME,1446.0,5,OWNER_OCCUPIED,73-1836-272
U-NFORP25V320S,CA-NY-00000036,102,TOWNHOME,2236.0,2,OWNER_OCCUPIED,43-8251-862
U-CMW0JPJLBWJ1,CA-NY-00000036,103,TOWNHOME,2678.0,2,OWNER_OCCUPIED,44-9588-725
U-O5XJ5I2MT71R,CA-NY-00000036,104,TOWNHOME,,2,OWNER_OCCUPIED,57-7601-694
U-GZEON9SZJ2RQ,CA-NY-00000036,105,TOWNHOME,,4,OWNER_OCCUPIED,59-4578-280
U-3Z4LB0FMITWP,CA-NY-00000036,106,TOWNHOME,1843.0,4,OWNER_OCCUPIED,44-7456-984
U-PBH4ER3UREV2,CA-NY-00000036,107,TOWNHOME,3007.0,2,RENTED,21-1346-283
U-WPRTYVEKSVQU,CA-NY-00000036,108,TOWNHOME,2773.0,2,OWNER_OCCUPIED,64-2428-369
U-J6QXJ8THM86Y,CA-NY-00000036,109,TOWNHOME,1401.0,2,OWNER_OCCUPIED,61-9648-581
U-M1CD4ZYEFG5O,CA-NY-00000036,110,TOWNHOME,1544.0,3,OWNER_OCCUPIED,42-6962-712
U-XSKYZ86IOSA6,CA-NY-00000036,111,TOWNHOME,697.0,3,OWNER_OCCUPIED,61-6953-221
U-53JR8S1YKTJ8,CA-NY-00000036,112,TOWNHOME,1583.0,2,RENTED,37-8091-986
U-LKY55WRSWG5T,CA-NY-00000036,113,TOWNHOME,1652.0,3,RENTED,42-5025-857
U-8P0LW3895TX6,CA-NY-00000036,114,TOWNHOME,3056.0,2,OWNER_OCCUPIED,90-1551-572
U-WNAZMPWB0F4X,CA-NY-00000036,115,TOWNHOME,3136.0,4,RENTED,35-4587-121
U-83FI4OJAIPXE,CA-NY-00000036,116,TOWNHOME,896.0,4,RENTED,30-1421-220
U-F9VHU7AKHXTZ,CA-NY-00000036,117,TOWNHOME,2224.0,4,OWNER_OCCUPIED,48-9656-995
U-EYU6C8KKQ6M1,CA-NY-00000036,118,TOWNHOME,2481.0,4,OWNER_OCCUPIED,29-5438-950
U-ZWLSD4TR4GSE,CA-AZ-00000037,18C,CONDO_UNIT,1053.0,3,OWNER_OCCUPIED,92-8651-802
U-PTS0MMBBSU04,CA-AZ-00000037,40F,CONDO_UNIT,1722.0,3,OWNER_OCCUPIED,53-1244-944
U-ZKTVEZLBUXKZ,CA-AZ-00000037,3D,CONDO_UNIT,759.0,2,RENTED,56-6679-902
U-MZ1H4SCC1EFP,CA-AZ-00000037,22E,CONDO_UNIT,2501.0,3,VACANT,83-3947-478
U-KZESFKV3RQBR,CA-AZ-00000037,19F,CONDO_UNIT,3106.0,5,OWNER_OCCUPIED,98-7816-572
U-674DPHU2XRFN,CA-AZ-00000037,15F,CONDO_UNIT,1341.0,3,OWNER_OCCUPIED,12-7153-408
U-EF1FFRM2738Y,CA-AZ-00000037,13E,CONDO_UNIT,852.0,1,OWNER_OCCUPIED,81-4942-909
U-KM85NPGE98XH,CA-AZ-00000037,31G,CONDO_UNIT,871.0,3,RENTED,10-5940-922
U-0DS1BHRNLQLF,CA-AZ-00000037,38H,CONDO_UNIT,1563.0,2,OWNER_OCCUPIED,88-4974-991
U-CYBU8SSMY9BN,CA-AZ-00000037,36D,CONDO_UNIT,1030.0,2,RENTED,30-7650-391
U-BVGYIHUIVGAY,CA-AZ-00000037,16H,CONDO_UNIT,907.0,3,OWNER_OCCUPIED,46-8369-632
U-D11PI5520TKZ,CA-AZ-00000037,12E,CONDO_UNIT,2307.0,2,OWNER_OCCUPIED,62-6029-381
U-4JXGYFR3OP2L,CA-AZ-00000037,6H,CONDO_UNIT,1888.0,2,OWNER_OCCUPIED,77-8305-779
U-D7J3H2WMDL3O,CA-AZ-00000037,10D,CONDO_UNIT,691.0,4,OWNER_OCCUPIED,84-1182-967
U-TUN1VOY3C6XT,CA-AZ-00000037,9C,CONDO_UNIT,1208.0,2,OWNER_OCCUPIED,16-4711-578
U-HRUJ9YCSRK5S,CA-AZ-00000037,21H,CONDO_UNIT,860.0,4,RENTED,59-6333-791
U-1XXX2N2SUA5M,CA-AZ-00000037,9G,CONDO_UNIT,2611.0,3,OWNER_OCCUPIED,87-5324-319
U-86FBOJPGJJBK,CA-AZ-00000037,6G,CONDO_UNIT,2517.0,3,RENTED,41-6337-184
U-WD8M7AMNDI5T,CA-AZ-00000037,4B,CONDO_UNIT,1418.0,4,RENTED,74-8795-533
U-O9GRVZ2EHDO7,CA-AZ-00000037,33B,CONDO_UNIT,2661.0,1,OWNER_OCCUPIED,20-9662-373
U-M6X4K3OWA4RZ,CA-AZ-00000037,23G,CONDO_UNIT,1113.0,4,OWNER_OCCUPIED,74-4174-145
U-L5WR6ZEBCVF6,CA-AZ-00000037,9B,CONDO_UNIT,3057.0,3,OWNER_OCCUPIED,68-2806-389
U-9I4BIVPIDOOO,CA-AZ-00000037,3C,CONDO_UNIT,2295.0,1,OWNER_OCCUPIED,75-1363-528
U-1JLMP76YO60F,CA-AZ-00000037,21B,CONDO_UNIT,,4,OWNER_OCCUPIED,97-8153-663
U-RPAQCCGZDN5V,CA-AZ-00000037,12D,CONDO_UNIT,1418.0,3,OWNER_OCCUPIED,39-1273-744
U-5JKULC5L36UG,CA-AZ-00000037,7D,CONDO_UNIT,,2,OWNER_OCCUPIED,77-6477-743
U-7LDAZK4XCZTB,CA-AZ-00000037,21B,CONDO_UNIT,,2,OWNER_OCCUPIED,41-4674-526
U-HILZNKQ5A36E,CA-AZ-00000037,17D,CONDO_UNIT,2488.0,1,OWNER_OCCUPIED,69-1175-948
U-8JC3MZWTY257,CA-AZ-00000037,37H,CONDO_UNIT,2858.0,2,OWNER_OCCUPIED,87-8281-483
U-BVR081I1CCMN,CA-AZ-00000037,38B,CONDO_UNIT,3134.0,3,OWNER_OCCUPIED,19-8997-702
U-H6KRSZJKNZ2K,CA-AZ-00000037,23C,CONDO_UNIT,2018.0,3,VACANT,12-9150-972
U-7NNUO5Q5LF7G,CA-AZ-00000037,8C,CONDO_UNIT,1177.0,5,RENTED,18-2987-674
U-P4AE952PAXV4,CA-AZ-00000037,1B,CONDO_UNIT,850.0,1,OWNER_OCCUPIED,98-7655-782
U-GA72YSQRRBJV,CA-AZ-00000037,9G,CONDO_UNIT,1061.0,2,OWNER_OCCUPIED,86-7573-413
U-P8QW8NZUEVGB,CA-AZ-00000037,8D,CONDO_UNIT,1633.0,4,RENTED,94-8529-916
U-KTYGBRDQJ3SX,CA-AZ-00000037,13F,CONDO_UNIT,2906.0,2,OWNER_OCCUPIED,43-9349-560
U-7KQI5WWYLTHI,CA-AZ-00000037,25H,CONDO_UNIT,1376.0,2,RENTED,88-4279-163
U-Z6PUF3EDPVGN,CA-AZ-00000037,3D,CONDO_UNIT,1654.0,3,OWNER_OCCUPIED,51-7444-643
U-E20RILLPGEY1,CA-AZ-00000037,32E,CONDO_UNIT,1157.0,2,OWNER_OCCUPIED,95-4227-397
U-0EI92EHPQP6A,CA-AZ-00000037,16E,CONDO_UNIT,2449.0,2,RENTED,50-6335-593
U-YRR4CKCEKKLM,CA-AZ-00000037,33B,CONDO_UNIT,,2,OWNER_OCCUPIED,28-8527-261
U-BJB2NZNX9GWH,CA-AZ-00000037,37B,CONDO_UNIT,2196.0,4,RENTED,76-9799-422
U-LO1I7XJ2CZAF,CA-AZ-00000037,32H,CONDO_UNIT,1440.0,2,RENTED,10-2749-971
U-SCTXO6WE815V,CA-AZ-00000037,24H,CONDO_UNIT,1964.0,2,OWNER_OCCUPIED,91-2270-203
U-DZBGQOX54K7Y,CA-AZ-00000037,25C,CONDO_UNIT,2019.0,4,OWNER_OCCUPIED,10-3914-226
U-3MJOZGXUA4DQ,CA-AZ-00000037,19D,CONDO_UNIT,2218.0,4,RENTED,53-5246-583
U-YZBB27S9BU1D,CA-AZ-00000037,13F,CONDO_UNIT,1713.0,3,RENTED,10-3792-269
U-KDMCS6MJ3T8M,CA-AZ-00000037,8D,CONDO_UNIT,1457.0,2,OWNER_OCCUPIED,27-9485-448
U-9V7LP1LEXDNR,CA-AZ-00000037,11A,CONDO_UNIT,1377.0,3,OWNER_OCCUPIED,20-2902-758
U-YXFUVSKK1HSN,CA-AZ-00000037,26D,CONDO_UNIT,1815.0,4,OWNER_OCCUPIED,25-3658-940
U-ZDKBB6XZP9SS,CA-AZ-00000037,26F,CONDO_UNIT,2877.0,1,OWNER_OCCUPIED,86-3041-353
U-QY886LJXE6L2,CA-GA-00000038,100,TOWNHOME,2942.0,3,RENTED,17-9476-422
U-HM3TG8KT790F,CA-GA-00000038,101,SINGLE_FAMILY,1681.0,2,VACANT,20-4976-899
U-AFI41JIP23RB,CA-GA-00000038,102,SINGLE_FAMILY,3185.0,4,OWNER_OCCUPIED,94-9769-605
U-Z6K8Z6R5CQM2,CA-GA-00000038,103,TOWNHOME,862.0,1,RENTED,57-2196-119
U-8F22EJPKC0XT,CA-GA-00000038,104,TOWNHOME,3081.0,2,VACANT,39-6227-816
U-HX2G7U6X8W1Q,CA-GA-00000038,105,SINGLE_FAMILY,2763.0,1,RENTED,15-5492-284
U-M61ISVUCCPUG,CA-GA-00000038,106,SINGLE_FAMILY,1433.0,2,OWNER_OCCUPIED,17-6671-107
U-99ARAU76UXV2,CA-GA-00000038,107,TOWNHOME,2069.0,3,OWNER_OCCUPIED,63-3052-887
U-I736MV3T0KG6,CA-GA-00000038,108,SINGLE_FAMILY,2028.0,2,RENTED,14-6364-727
U-MDOXM7Z7AOLD,CA-GA-00000038,109,SINGLE_FAMILY,2406.0,2,RENTED,11-6491-851
U-JRR7FIE5RS35,CA-GA-00000038,110,SINGLE_FAMILY,1463.0,4,RENTED,91-9929-214
U-SP553XUI8LPY,CA-FL-00000039,100,SINGLE_FAMILY,1219.0,5,OWNER_OCCUPIED,66-6196-695
U-I46HDV8I969S,CA-FL-00000039,101,TOWNHOME,1636.0,1,OWNER_OCCUPIED,84-5250-789
U-A3TSAZK8ZY7E,CA-FL-00000039,102,SINGLE_FAMILY,1897.0,1,OWNER_OCCUPIED,67-1746-237
U-9CWQQ2G1KVR6,CA-FL-00000039,103,TOWNHOME,,3,VACANT,92-6101-780
U-J0LEBN52KOCW,CA-FL-00000039,104,TOWNHOME,1149.0,2,OWNER_OCCUPIED,68-5971-236
U-Z19YEI8P4YED,CA-FL-00000039,105,SINGLE_FAMILY,964.0,3,RENTED,81-9139-832
U-RRPNCSQC2VD8,CA-FL-00000039,106,TOWNHOME,2519.0,3,RENTED,74-8807-330
U-JEJMS73D0Q0K,CA-FL-00000039,107,SINGLE_FAMILY,775.0,3,VACANT,49-1656-353
U-MRLLGU1TLXZB,CA-FL-00000039,108,SINGLE_FAMILY,1902.0,3,RENTED,67-2329-790
U-J7ILPQFBQW1H,CA-FL-00000039,109,TOWNHOME,1793.0,2,RENTED,97-6705-836
U-1YJ74Q7SVOQ8,CA-FL-00000039,110,TOWNHOME,2853.0,5,OWNER_OCCUPIED,92-3218-918
U-1BB2YAJ1WR89,CA-FL-00000039,111,SINGLE_FAMILY,1858.0,2,RENTED,72-9805-809
U-6K7AYLPRSJJ8,CA-FL-00000039,112,SINGLE_FAMILY,1847.0,2,VACANT,99-5239-676
U-QEAEQ2IFQBKK,CA-FL-00000039,113,TOWNHOME,769.0,3,OWNER_OCCUPIED,94-7932-891
U-XJ3Y1XC2I92P,CA-FL-00000039,114,TOWNHOME,2698.0,4,OWNER_OCCUPIED,83-3635-390
U-A4E7YCS1KEDJ,CA-FL-00000039,115,TOWNHOME,2202.0,4,OWNER_OCCUPIED,31-8597-476
U-6RAJ6QH4MNYK,CA-FL-00000039,116,SINGLE_FAMILY,2004.0,2,OWNER_OCCUPIED,93-3536-310
U-E3JWE46XAAD0,CA-FL-00000040,38D,CONDO_UNIT,,1,RENTED,96-6067-371
U-F52P9I13UYLP,CA-FL-00000040,8G,CONDO_UNIT,1930.0,3,OWNER_OCCUPIED,49-5425-852
U-F2DJ3LP15TFT,CA-FL-00000040,40F,CONDO_UNIT,,2,RENTED,94-6094-132
U-GGHTV3SY80W5,CA-FL-00000040,11A,CONDO_UNIT,2680.0,2,RENTED,75-2442-699
U-Y633M236MKZR,CA-FL-00000040,31E,CONDO_UNIT,1770.0,3,OWNER_OCCUPIED,14-6015-537
U-KBPNTSEKP8YN,CA-FL-00000040,24D,CONDO_UNIT,3081.0,2,RENTED,55-5755-768
U-2ADE5JQ4J90V,CA-FL-00000040,3B,CONDO_UNIT,897.0,3,VACANT,38-3315-962
U-WJBUOEY6DRHY,CA-FL-00000040,4D,CONDO_UNIT,890.0,3,OWNER_OCCUPIED,98-5868-352
U-YV7JJFUMYID4,CA-FL-00000040,38E,CONDO_UNIT,1725.0,2,RENTED,55-6800-962
U-QSEQGDZK0XF0,CA-FL-00000040,34D,CONDO_UNIT,1244.0,4,OWNER_OCCUPIED,
U-H8OXENQ7JBX9,CA-FL-00000040,18G,CONDO_UNIT,2151.0,1,OWNER_OCCUPIED,74-2301-225
U-8M7Z2TVB1KWV,CA-FL-00000040,11C,CONDO_UNIT,2370.0,3,RENTED,89-4443-425
U-ZH139Q0EP8V1,CA-FL-00000040,38C,CONDO_UNIT,,5,OWNER_OCCUPIED,
U-NR1CGWJ9S8U2,CA-FL-00000040,22D,CONDO_UNIT,929.0,2,OWNER_OCCUPIED,13-6834-285
U-AUHUHXUNRHIQ,CA-FL-00000040,15B,CONDO_UNIT,3157.0,3,OWNER_OCCUPIED,20-6101-629
U-M61YQ6NX6AFT,CA-FL-00000040,2A,CONDO_UNIT,2583.0,2,OWNER_OCCUPIED,71-2399-992
U-F1S49MI9ZU1E,CA-FL-00000040,14B,CONDO_UNIT,3192.0,4,RENTED,69-6747-217
U-QQWHH3TT255K,CA-FL-00000040,5H,CONDO_UNIT,1343.0,5,RENTED,38-1393-148
U-PWPXS2LYM9VU,CA-FL-00000040,7E,CONDO_UNIT,1865.0,3,RENTED,41-7403-522
U-WYEGPMTE1EL8,CA-FL-00000040,15E,CONDO_UNIT,1976.0,4,RENTED,61-3395-208
U-RNX7VHUKP581,CA-FL-00000040,25H,CONDO_UNIT,787.0,2,RENTED,98-7872-677
U-S4768TQW8DO3,CA-FL-00000040,28H,CONDO_UNIT,2406.0,2,OWNER_OCCUPIED,40-8373-650
U-WLQB8KH4PJYV,CA-FL-00000040,10E,CONDO_UNIT,2446.0,3,OWNER_OCCUPIED,
U-BWHM24N2GPZV,CA-FL-00000040,4D,CONDO_UNIT,1301.0,3,OWNER_OCCUPIED,73-2930-244
U-N699FIA2QSU2,CA-FL-00000040,8F,CONDO_UNIT,1899.0,2,RENTED,10-9841-903
U-0A573HXB8B6J,CA-FL-00000040,16G,CONDO_UNIT,1424.0,2,OWNER_OCCUPIED,78-5373-731
U-6V4523ARBBR7,CA-FL-00000040,7E,CONDO_UNIT,1663.0,4,OWNER_OCCUPIED,45-2299-847
U-5RL8HUC036I6,CA-FL-00000040,30G,CONDO_UNIT,974.0,4,RENTED,48-1101-856
U-L94PEF10LJRN,CA-FL-00000040,15B,CONDO_UNIT,3125.0,3,OWNER_OCCUPIED,43-3818-184
U-WEZUV263FL2A,CA-FL-00000040,8D,CONDO_UNIT,1217.0,3,OWNER_OCCUPIED,75-5236-899
U-MQ2C3YD8XNAL,CA-FL-00000040,36D,CONDO_UNIT,1054.0,2,RENTED,66-7564-603
U-7381ONRPOJ9B,CA-FL-00000040,23C,CONDO_UNIT,,3,RENTED,27-8139-418
U-LLGRCUTREURF,CA-FL-00000040,24E,CONDO_UNIT,1230.0,2,OWNER_OCCUPIED,80-6927-808
U-B6G3QYXPYBNR,CA-FL-00000040,20G,CONDO_UNIT,2418.0,2,OWNER_OCCUPIED,21-5209-353
U-CDZ93I36DE5J,CA-FL-00000040,2G,CONDO_UNIT,2705.0,3,OWNER_OCCUPIED,57-3186-813
U-KFOMJOQJQ8HC,CA-FL-00000040,29D,CONDO_UNIT,2518.0,3,OWNER_OCCUPIED,54-7511-534
U-6P5XH4ZUZ0PJ,CA-FL-00000040,30C,CONDO_UNIT,2235.0,4,RENTED,84-2816-893
U-30E47LQZGH2Y,CA-FL-00000040,35E,CONDO_UNIT,2801.0,4,RENTED,85-8496-295
U-PU45B3AX743V,CA-FL-00000040,4F,CONDO_UNIT,1171.0,4,OWNER_OCCUPIED,68-3602-203
U-6E4NCBJM2GK9,CA-FL-00000040,18G,CONDO_UNIT,1266.0,1,OWNER_OCCUPIED,37-4863-716
U-HYBFGEEIT8AB,CA-FL-00000040,32F,CONDO_UNIT,3088.0,3,RENTED,45-3615-162
U-FKK1MRN10H57,CA-FL-00000040,33A,CONDO_UNIT,2964.0,3,OWNER_OCCUPIED,44-1064-409
U-7HAWQDUILY7E,CA-FL-00000040,32H,CONDO_UNIT,1553.0,3,OWNER_OCCUPIED,60-2062-548
U-EM8ML7K7GOPM,CA-FL-00000040,16D,CONDO_UNIT,3013.0,3,OWNER_OCCUPIED,69-1835-952
U-ECCXHJ4WUPR4,CA-FL-00000040,35F,CONDO_UNIT,1829.0,4,OWNER_OCCUPIED,82-2144-951
U-E55H7YD9MIZN,CA-FL-00000040,30B,CONDO_UNIT,1390.0,1,RENTED,96-4063-281
U-B7OXYVBZ4GJH,CA-FL-00000040,18E,CONDO_UNIT,1306.0,3,OWNER_OCCUPIED,85-2522-358
U-FY9ZWQF78OSL,CA-FL-00000040,30A,CONDO_UNIT,2727.0,4,RENTED,50-8903-208
U-C6G1HAV6XH9M,CA-FL-00000040,28H,CONDO_UNIT,2004.0,2,OWNER_OCCUPIED,71-3714-666
U-X8XIJPHGKNX8,CA-FL-00000040,27E,CONDO_UNIT,916.0,2,RENTED,52-2983-576
U-LH913SD09OYM,CA-FL-00000040,37F,CONDO_UNIT,2322.0,2,OWNER_OCCUPIED,91-4746-822
U-H0FUOJJFAF8E,CA-CA-00000041,6E,CONDO_UNIT,2615.0,4,OWNER_OCCUPIED,35-8424-756
U-EROJK7LCWQTH,CA-CA-00000041,32C,CONDO_UNIT,2941.0,2,OWNER_OCCUPIED,56-3434-418
U-6YVFWBZY7LOE,CA-CA-00000041,17A,CONDO_UNIT,2421.0,3,RENTED,35-1891-658
U-Q7XX1OYA8PFK,CA-CA-00000041,28G,CONDO_UNIT,1914.0,3,OWNER_OCCUPIED,10-6067-315
U-SS506ALUMWFR,CA-CA-00000041,12G,CONDO_UNIT,1249.0,2,RENTED,67-3602-599
U-I8Z573VF80JG,CA-CA-00000041,16E,CONDO_UNIT,2413.0,2,OWNER_OCCUPIED,48-7329-189
U-T95OST10Z87W,CA-CA-00000041,11E,CONDO_UNIT,3124.0,4,OWNER_OCCUPIED,
U-I71YWD8WL2IK,CA-CA-00000041,4D,CONDO_UNIT,1613.0,4,OWNER_OCCUPIED,25-7472-693
U-0JPCE37RR8I8,CA-CA-00000041,36A,CONDO_UNIT,1296.0,2,RENTED,37-2569-613
U-1GAFUNH7I3WY,CA-CA-00000041,5E,CONDO_UNIT,3081.0,3,OWNER_OCCUPIED,33-5004-225
U-T6RBEWV68D1R,CA-CA-00000041,21G,CONDO_UNIT,706.0,1,OWNER_OCCUPIED,84-2297-574
U-NM8H174TJH56,CA-CA-00000041,31B,CONDO_UNIT,947.0,2,RENTED,89-2888-216
U-QW6YQEF864BW,CA-CA-00000041,34A,CONDO_UNIT,2883.0,4,OWNER_OCCUPIED,82-2868-283
U-4GNYA55HJCIY,CA-CA-00000041,23C,CONDO_UNIT,2224.0,2,OWNER_OCCUPIED,30-2446-325
U-EPU0F80GNYD1,CA-CA-00000041,26H,CONDO_UNIT,1112.0,4,VACANT,78-7740-854
U-EVGDGOJGP2GB,CA-CA-00000041,37E,CONDO_UNIT,2034.0,2,RENTED,96-1195-469
U-2CS2CMQ2AJLT,CA-CA-00000041,27H,CONDO_UNIT,1603.0,3,OWNER_OCCUPIED,88-9063-150
U-0U09XOX3MSLZ,CA-CA-00000041,1B,CONDO_UNIT,1319.0,2,OWNER_OCCUPIED,66-4971-842
U-EGA4TIAD1CGA,CA-CA-00000041,13G,CONDO_UNIT,948.0,4,OWNER_OCCUPIED,32-5961-142
U-OCYW34RCDBOT,CA-CA-00000041,29G,CONDO_UNIT,2927.0,2,OWNER_OCCUPIED,30-5171-949
U-C0VLKY7TXECE,CA-CA-00000041,18F,CONDO_UNIT,2697.0,3,OWNER_OCCUPIED,19-6543-232
U-JOBRU2QLC65Q,CA-CA-00000041,3C,CONDO_UNIT,1492.0,3,OWNER_OCCUPIED,39-6002-562
U-SFQE50C7WXGJ,CA-CA-00000041,37H,CONDO_UNIT,2127.0,3,OWNER_OCCUPIED,31-4115-320
U-WMRYAZJ6WUOP,CA-CA-00000041,39E,CONDO_UNIT,1822.0,3,OWNER_OCCUPIED,41-4809-426
U-0OYEIC0OQF8R,CA-CA-00000041,22D,CONDO_UNIT,1926.0,4,VACANT,17-2709-520
U-PI2EYENYJYM9,CA-CA-00000041,27D,CONDO_UNIT,2813.0,3,OWNER_OCCUPIED,56-8526-132
U-KJNZ057H57DD,CA-CA-00000041,22E,CONDO_UNIT,1735.0,2,OWNER_OCCUPIED,46-3731-883
U-3WTK41NS6CWE,CA-CA-00000041,27E,CONDO_UNIT,3150.0,2,OWNER_OCCUPIED,32-9210-552
U-GPHH6W5NX3M4,CA-CA-00000041,4H,CONDO_UNIT,1138.0,2,VACANT,77-4608-977
U-K5GYIMQ5GLHC,CA-CA-00000041,33B,CONDO_UNIT,2306.0,5,RENTED,71-9766-755
U-Y97L09W7WAP0,CA-CA-00000041,25B,CONDO_UNIT,2196.0,4,OWNER_OCCUPIED,67-6071-721
U-D322SR8WNAC1,CA-CA-00000041,29B,CONDO_UNIT,686.0,2,RENTED,27-4129-183
U-OAJB6RU3T28S,CA-CA-00000041,15C,CONDO_UNIT,1357.0,1,OWNER_OCCUPIED,99-9978-402
U-FBQONVW8SJBC,CA-CA-00000041,5E,CONDO_UNIT,1754.0,2,OWNER_OCCUPIED,38-9000-273
U-I47C9UGZ40ZV,CA-CA-00000041,30F,CONDO_UNIT,2439.0,2,RENTED,87-9254-274
U-VBLRQ3X4HPAL,CA-CA-00000041,7A,CONDO_UNIT,1544.0,3,RENTED,50-1072-890
U-K4U9M305T1WW,CA-CA-00000041,25G,CONDO_UNIT,3178.0,2,OWNER_OCCUPIED,60-1280-597
U-LCGCSEFELX6S,CA-CA-00000041,9E,CONDO_UNIT,1851.0,1,OWNER_OCCUPIED,91-4836-429
U-OIFJI118L30P,CA-CA-00000041,24F,CONDO_UNIT,1565.0,3,RENTED,55-3534-438
U-CGL3TKQVXCRL,CA-CA-00000041,11C,CONDO_UNIT,3062.0,3,RENTED,82-8014-435
U-5HWRYV7WF3XM,CA-CA-00000041,3H,CONDO_UNIT,,3,RENTED,20-3111-389
U-FUL6HZMZH75N,CA-CA-00000041,16F,CONDO_UNIT,1814.0,2,OWNER_OCCUPIED,31-1356-377
U-CMA2H5CSRRQS,CA-CA-00000041,25F,CONDO_UNIT,1422.0,3,RENTED,23-2080-592
U-D5N9H32ISNKT,CA-CA-00000041,20D,CONDO_UNIT,2410.0,1,OWNER_OCCUPIED,
U-VHI6T0YCU7R9,CA-CA-00000041,27H,CONDO_UNIT,2549.0,3,RENTED,68-7184-418
U-MKWCJ8DL4JM0,CA-CA-00000041,8B,CONDO_UNIT,1222.0,2,OWNER_OCCUPIED,36-4850-942
U-BW1GIX5HY9LX,CA-CA-00000041,21F,CONDO_UNIT,766.0,3,OWNER_OCCUPIED,65-3271-919
U-2APZL90K3RF7,CA-CA-00000041,27E,CONDO_UNIT,1652.0,3,OWNER_OCCUPIED,99-8431-355
U-BUBU37MYF01N,CA-CA-00000041,40D,CONDO_UNIT,1107.0,2,OWNER_OCCUPIED,77-2386-705
U-Y3V83MCYMU0Z,CA-CA-00000041,18F,CONDO_UNIT,2262.0,3,OWNER_OCCUPIED,42-6266-247
U-IVBCNKF54SRN,CA-CA-00000041,17H,CONDO_UNIT,933.0,3,OWNER_OCCUPIED,97-6679-882
U-B6KQB7YIR186,CA-CA-00000041,9A,CONDO_UNIT,,3,RENTED,14-9114-347
U-J4BIOHK0VEYD,CA-CA-00000041,18F,CONDO_UNIT,1376.0,3,OWNER_OCCUPIED,74-4296-990
U-EUOYS78YP5SS,CA-CA-00000041,23F,CONDO_UNIT,1099.0,3,OWNER_OCCUPIED,63-2326-980
U-PUUKBI7IJXM5,CA-CA-00000041,21B,CONDO_UNIT,1127.0,4,OWNER_OCCUPIED,52-7804-292
U-GJNCFOOVCFZ6,CA-CA-00000041,29E,CONDO_UNIT,2238.0,3,OWNER_OCCUPIED,83-9314-742
U-VOHU7CFWJHU3,CA-CA-00000041,12C,CONDO_UNIT,2957.0,3,OWNER_OCCUPIED,10-2974-237
U-RO71DO91D35I,CA-CA-00000041,2F,CONDO_UNIT,1576.0,4,OWNER_OCCUPIED,32-4156-112
U-OMQXMQO0FVLC,CA-CA-00000041,20A,CONDO_UNIT,794.0,2,RENTED,12-4571-870
U-E1GQ59H2E024,CA-CA-00000041,6B,CONDO_UNIT,1269.0,1,OWNER_OCCUPIED,10-8033-977
U-S98XUHXXCDXF,CA-NY-00000042,100,TOWNHOME,2561.0,3,OWNER_OCCUPIED,36-7411-534
U-OOZWRSXF8LSM,CA-NY-00000042,101,TOWNHOME,2662.0,3,RENTED,86-5556-131
U-RHWH0XFJM4QY,CA-NY-00000042,102,SINGLE_FAMILY,1051.0,3,OWNER_OCCUPIED,41-1893-478
U-STQCZ1LK4KTC,CA-NY-00000042,103,TOWNHOME,3105.0,5,OWNER_OCCUPIED,31-1065-830
U-LJQRJDOD4P4E,CA-NY-00000042,104,SINGLE_FAMILY,1332.0,5,RENTED,59-2778-959
U-XZU368UUJ2G4,CA-NY-00000042,105,TOWNHOME,1960.0,3,RENTED,60-2258-839
U-7TPWA05B64ZV,CA-NY-00000042,106,SINGLE_FAMILY,2466.0,3,OWNER_OCCUPIED,99-6973-874
U-NAE2DWBNULIB,CA-NY-00000042,107,SINGLE_FAMILY,2840.0,1,VACANT,95-3291-129
U-7ZTT7F1UP4PH,CA-NY-00000042,108,SINGLE_FAMILY,721.0,2,OWNER_OCCUPIED,42-9245-329
U-NRQDWAO4RK5G,CA-NY-00000042,109,TOWNHOME,2609.0,1,OWNER_OCCUPIED,35-4997-177
U-JVV0M96XR8ZB,CA-NY-00000042,110,TOWNHOME,2708.0,2,OWNER_OCCUPIED,52-4479-196
U-82P5EJRSBBLB,CA-NY-00000042,111,SINGLE_FAMILY,,1,OWNER_OCCUPIED,50-8648-887
U-BCUC6BHSLO7Z,CA-NY-00000042,112,SINGLE_FAMILY,2682.0,2,RENTED,39-1531-667
U-DDT8NCHD8MEX,CA-NY-00000042,113,TOWNHOME,1367.0,2,OWNER_OCCUPIED,84-1685-301
U-V4AKXK3LQW3B,CA-NY-00000042,114,TOWNHOME,1221.0,2,OWNER_OCCUPIED,63-8671-498
U-BW34S764623A,CA-NY-00000042,115,TOWNHOME,3156.0,4,OWNER_OCCUPIED,69-5698-397
U-ADHIYUHWYQAN,CA-NY-00000042,116,SINGLE_FAMILY,2738.0,2,OWNER_OCCUPIED,49-2308-664
U-EI5CQOM3OQCE,CA-NY-00000042,117,TOWNHOME,2938.0,3,OWNER_OCCUPIED,
U-CF89LPBS1GYA,CA-NY-00000042,118,SINGLE_FAMILY,2198.0,2,OWNER_OCCUPIED,92-3781-372
U-XGL1QGOUO8ZD,CA-NY-00000042,119,TOWNHOME,1945.0,2,OWNER_OCCUPIED,66-5922-926
U-Y8SF4FP4V8Z3,CA-NY-00000042,120,TOWNHOME,1076.0,3,OWNER_OCCUPIED,65-8804-355
U-TMLP0RBNX14T,CA-NY-00000042,121,SINGLE_FAMILY,2880.0,2,RENTED,84-4659-365
U-LC1L8B7K0MHI,CA-NY-00000042,122,TOWNHOME,2863.0,3,OWNER_OCCUPIED,56-3267-385
U-QML5MQT8EGT3,CA-NY-00000042,123,TOWNHOME,1330.0,5,VACANT,28-8601-190
U-DSY1ZY6N78JP,CA-NY-00000042,124,TOWNHOME,1533.0,3,OWNER_OCCUPIED,54-5572-580
U-1ZOD9GEVGUK1,CA-NY-00000042,125,TOWNHOME,1369.0,4,RENTED,99-1015-987
U-GIU5DSJNCTFT,CA-NY-00000042,126,TOWNHOME,1629.0,1,RENTED,39-6687-511
U-B6FFRLKWLQ3T,CA-NY-00000042,127,SINGLE_FAMILY,2464.0,2,RENTED,65-3281-194
U-F0NSGT6LKWKN,CA-NY-00000042,128,SINGLE_FAMILY,2795.0,4,VACANT,12-3785-971
U-TGVXKQ5HHOI4,CA-NY-00000042,129,TOWNHOME,821.0,2,OWNER_OCCUPIED,29-9423-887
U-IH6LB3K5RUWP,CA-NY-00000042,130,SINGLE_FAMILY,1690.0,4,RENTED,97-1566-334
U-C8DO1P98SNLC,CA-NY-00000042,131,SINGLE_FAMILY,2834.0,3,OWNER_OCCUPIED,58-3494-266
U-C4WSSCN9OBXC,CA-NY-00000042,132,TOWNHOME,675.0,2,OWNER_OCCUPIED,66-5290-727
U-H3W6Z6ELCANR,CA-NY-00000042,133,TOWNHOME,1958.0,5,RENTED,28-2247-540
U-CGYFHSHJJ4Q2,CA-NY-00000042,134,TOWNHOME,712.0,3,RENTED,57-1392-272
U-XAM7BPQJM7X1,CA-NY-00000042,135,SINGLE_FAMILY,980.0,2,OWNER_OCCUPIED,42-2081-274
U-K1GA2SYTMXBV,CA-NY-00000042,136,SINGLE_FAMILY,2100.0,2,RENTED,80-1058-223
U-PPMBLC09E0VI,CA-NY-00000042,137,SINGLE_FAMILY,1627.0,1,RENTED,31-6986-146
U-RV32II8K179Y,CA-NY-00000042,138,SINGLE_FAMILY,2259.0,2,OWNER_OCCUPIED,44-3529-963
U-0AIAOJDUX3VB,CA-NY-00000042,139,TOWNHOME,733.0,2,OWNER_OCCUPIED,95-9374-975
U-XMALU6QGCBJJ,CA-NY-00000042,140,TOWNHOME,1598.0,3,RENTED,72-5119-974
U-BZMT6Y6TL71R,CA-NY-00000042,141,SINGLE_FAMILY,3102.0,2,OWNER_OCCUPIED,
U-HNCK5QDADAPV,CA-NY-00000042,142,SINGLE_FAMILY,1280.0,2,RENTED,96-5620-104
U-HINOEVZRPE7P,CA-NY-00000042,143,TOWNHOME,2939.0,4,OWNER_OCCUPIED,64-4216-509
U-SQF4TIINJV5S,CA-NY-00000042,144,TOWNHOME,1551.0,1,VACANT,55-4937-713
U-EZ4BX9GVUQIZ,CA-NY-00000042,145,TOWNHOME,,1,OWNER_OCCUPIED,48-8459-436
U-0H5QQJVWUPTV,CA-NY-00000042,146,TOWNHOME,2244.0,5,OWNER_OCCUPIED,67-4817-724
U-D7X1JMH6T4U7,CA-NY-00000042,147,TOWNHOME,732.0,2,OWNER_OCCUPIED,50-8033-739
U-6B4626S2QQCZ,CA-NY-00000042,148,TOWNHOME,3010.0,3,OWNER_OCCUPIED,33-4794-520
U-LCBTL97P7DFL,CA-NY-00000042,149,SINGLE_FAMILY,1304.0,3,OWNER_OCCUPIED,85-2927-270
U-1W4S6FUYC5AT,CA-NC-00000043,100,TOWNHOME,2074.0,3,OWNER_OCCUPIED,57-4167-576
U-C2H6HTNORRE1,CA-NC-00000043,101,SINGLE_FAMILY,1695.0,3,RENTED,49-1037-104
U-0J2NBI5E0L1Q,CA-NC-00000043,102,SINGLE_FAMILY,2641.0,2,OWNER_OCCUPIED,32-9246-777
U-0KQHJ9ZU0F5E,CA-NC-00000043,103,TOWNHOME,3093.0,3,OWNER_OCCUPIED,90-6270-382
U-0N6QU9Y08RCC,CA-NC-00000043,104,TOWNHOME,1418.0,5,RENTED,92-1903-915
U-YRELZAWR7ZJ8,CA-NC-00000043,105,TOWNHOME,2194.0,5,OWNER_OCCUPIED,35-2631-518
U-4QF1ADFQ90QP,CA-NC-00000043,106,TOWNHOME,1984.0,1,RENTED,32-8512-261
U-YHTD6OO7G5B0,CA-NC-00000043,107,SINGLE_FAMILY,944.0,2,VACANT,18-6219-622
U-9JRMBK39S9BH,CA-NC-00000043,108,TOWNHOME,2250.0,3,OWNER_OCCUPIED,99-6749-133
U-OCJZ5QDE2Y3Z,CA-NC-00000043,109,SINGLE_FAMILY,2433.0,2,OWNER_OCCUPIED,51-4838-853
U-JWXYOUHIF806,CA-NC-00000043,110,SINGLE_FAMILY,699.0,2,RENTED,76-1524-440
U-IEN3416UKLNO,CA-NC-00000043,111,TOWNHOME,773.0,2,VACANT,56-9154-108
U-8F8BOR2KEG7V,CA-NC-00000043,112,TOWNHOME,2887.0,3,RENTED,50-7506-711
U-5IPBXMMNR1V1,CA-NC-00000043,113,SINGLE_FAMILY,2137.0,1,OWNER_OCCUPIED,76-5103-702
U-H4G2J53MXYWR,CA-NC-00000043,114,TOWNHOME,1108.0,2,OWNER_OCCUPIED,60-5542-799
U-CFZ61I3EYJ5Q,CA-NC-00000043,115,TOWNHOME,2739.0,1,VACANT,77-2771-271
U-CUJ1U5XI18T1,CA-NC-00000043,116,TOWNHOME,1139.0,4,RENTED,72-5091-108
U-SAS3VA46STJG,CA-NC-00000043,117,SINGLE_FAMILY,753.0,2,OWNER_OCCUPIED,24-1790-447
U-9ZMXZX3VBGDI,CA-NC-00000043,118,TOWNHOME,,2,OWNER_OCCUPIED,12-3246-751
U-F8KPQPJSFY0U,CA-NC-00000043,119,SINGLE_FAMILY,2274.0,3,OWNER_OCCUPIED,44-9343-943
U-VYLCGAUAI0JP,CA-NC-00000043,120,TOWNHOME,2099.0,3,RENTED,63-7401-462
U-47WHKUMCISYO,CA-NC-00000043,121,TOWNHOME,2279.0,2,OWNER_OCCUPIED,82-6291-294
U-14A9969TRJ7O,CA-NC-00000043,122,SINGLE_FAMILY,2978.0,2,RENTED,72-5117-428
U-E0Y4HI5BHJ3K,CA-NC-00000043,123,TOWNHOME,2590.0,3,OWNER_OCCUPIED,75-3047-703
U-AWNWGXV38PFI,CA-NC-00000043,124,SINGLE_FAMILY,989.0,4,OWNER_OCCUPIED,42-3011-645
U-WV1MM9432B62,CA-NC-00000043,125,SINGLE_FAMILY,1199.0,4,OWNER_OCCUPIED,73-2321-794
U-PUN6EN1KQ1YJ,CA-NC-00000043,126,SINGLE_FAMILY,1804.0,3,OWNER_OCCUPIED,
U-GIZ3PXPQUBPX,CA-NC-00000043,127,SINGLE_FAMILY,1702.0,3,OWNER_OCCUPIED,16-2598-181
U-KTSIQUO2XQZ2,CA-NC-00000043,128,SINGLE_FAMILY,1558.0,2,VACANT,28-3183-432
U-V7EJM1R1QJQM,CA-NC-00000043,129,SINGLE_FAMILY,1086.0,3,OWNER_OCCUPIED,33-2527-202
U-SPBZGI3ZTTSK,CA-NC-00000043,130,TOWNHOME,714.0,3,RENTED,52-5040-477
U-QR5U83YGMEXF,CA-NC-00000043,131,TOWNHOME,1949.0,2,OWNER_OCCUPIED,95-8769-706
U-O9XS2S1SPZ0C,CA-NC-00000043,132,TOWNHOME,3001.0,2,RENTED,51-3212-821
U-EU0G8LWDKHRP,CA-NC-00000043,133,SINGLE_FAMILY,1455.0,3,RENTED,55-5785-884
U-YUZTW32ATXAB,CA-NC-00000043,134,TOWNHOME,1378.0,3,OWNER_OCCUPIED,17-7473-286
U-DRVD511UODZY,CA-NC-00000043,135,TOWNHOME,2744.0,1,RENTED,55-9435-811
U-6JXRYX5ZVOMX,CA-NC-00000043,136,TOWNHOME,2764.0,2,OWNER_OCCUPIED,24-8481-227
U-FLGH6H7L8QYY,CA-NC-00000043,137,TOWNHOME,1521.0,2,RENTED,59-6485-644
U-LHCKXPDA6C6W,CA-NC-00000043,138,TOWNHOME,772.0,5,OWNER_OCCUPIED,83-1577-592
U-9OZO13JF46DE,CA-NC-00000043,139,TOWNHOME,1837.0,3,OWNER_OCCUPIED,94-5013-901
U-HMH74UZ5LQ0N,CA-NC-00000043,140,SINGLE_FAMILY,693.0,3,OWNER_OCCUPIED,17-9179-280
U-XKQN8OY7GNJZ,CA-FL-00000044,100,SINGLE_FAMILY,1488.0,3,RENTED,83-7469-280
U-MZJU1UCVM5O9,CA-FL-00000044,101,TOWNHOME,,2,OWNER_OCCUPIED,25-1881-467
U-NCS5834BK6DH,CA-FL-00000044,102,SINGLE_FAMILY,1450.0,4,RENTED,90-5036-718
U-NF751VUTPQCM,CA-FL-00000044,103,TOWNHOME,3045.0,3,OWNER_OCCUPIED,33-7294-723
U-LZG3RBEI13HE,CA-FL-00000044,104,SINGLE_FAMILY,1448.0,3,OWNER_OCCUPIED,
U-I14KMRY09SGW,CA-FL-00000044,105,SINGLE_FAMILY,3068.0,2,OWNER_OCCUPIED,65-6973-444
U-FYNETUY56H2F,CA-FL-00000044,106,SINGLE_FAMILY,1376.0,3,OWNER_OCCUPIED,28-9899-974
U-SRN6M6XK7OX4,CA-FL-00000044,107,TOWNHOME,2339.0,2,OWNER_OCCUPIED,
U-6I17ETMYSBTL,CA-FL-00000044,108,SINGLE_FAMILY,2086.0,3,RENTED,24-1196-427
U-DUX63RR8JPVQ,CA-FL-00000044,109,SINGLE_FAMILY,2894.0,5,OWNER_OCCUPIED,91-5844-497
U-IHKPJU9HR6F2,CA-FL-00000044,110,TOWNHOME,2412.0,4,OWNER_OCCUPIED,19-6651-100
U-HKTWI9B8EKLW,CA-FL-00000044,111,SINGLE_FAMILY,1184.0,3,OWNER_OCCUPIED,92-7997-267
U-J8RI8NU17UVD,CA-FL-00000044,112,SINGLE_FAMILY,2635.0,5,OWNER_OCCUPIED,36-8228-761
U-S3SVY65QI2WJ,CA-FL-00000044,113,TOWNHOME,3111.0,4,OWNER_OCCUPIED,82-6245-285
U-RRRIXCIJQN6C,CA-FL-00000044,114,TOWNHOME,3192.0,1,OWNER_OCCUPIED,76-8685-440
U-R5T9EGVXBCVL,CA-FL-00000044,115,TOWNHOME,1114.0,2,OWNER_OCCUPIED,46-1531-430
U-UJ7KEX5DEVI5,CA-FL-00000044,116,SINGLE_FAMILY,,5,OWNER_OCCUPIED,57-4190-997
U-WR73YAO3S0EO,CA-FL-00000044,117,TOWNHOME,,3,OWNER_OCCUPIED,91-8711-616
U-229Q7IVQHXSI,CA-FL-00000044,118,SINGLE_FAMILY,2226.0,2,OWNER_OCCUPIED,73-9245-929
U-7921YK9XPFO8,CA-FL-00000044,119,TOWNHOME,761.0,3,OWNER_OCCUPIED,39-3981-806
U-OFSMNAWY0PEQ,CA-FL-00000044,120,SINGLE_FAMILY,3042.0,3,RENTED,66-3696-384
U-TZV4TY9YKRZ1,CA-FL-00000044,121,TOWNHOME,659.0,2,RENTED,90-8818-245
U-S58BQZACGBVQ,CA-FL-00000044,122,TOWNHOME,,2,OWNER_OCCUPIED,41-8371-900
U-3G5SMQ5UFK8U,CA-FL-00000044,123,SINGLE_FAMILY,1562.0,3,OWNER_OCCUPIED,
U-YU3TTBUYS9P7,CA-FL-00000044,124,TOWNHOME,1156.0,2,OWNER_OCCUPIED,64-6504-782
U-BOR9MM201LDA,CA-FL-00000044,125,TOWNHOME,2460.0,3,RENTED,11-5811-140
U-L30X0TATLLQH,CA-FL-00000044,126,SINGLE_FAMILY,1845.0,3,RENTED,15-9624-121
U-KE2DCQ81UENS,CA-FL-00000044,127,SINGLE_FAMILY,1119.0,1,OWNER_OCCUPIED,65-2463-336
U-AJXMB5LTBXVE,CA-FL-00000044,128,TOWNHOME,2313.0,4,OWNER_OCCUPIED,93-7298-417
U-WLX04XSBY2OU,CA-FL-00000044,129,TOWNHOME,2645.0,2,OWNER_OCCUPIED,75-2593-596
U-SHM215YJX5W3,CA-FL-00000044,130,SINGLE_FAMILY,1664.0,3,OWNER_OCCUPIED,14-5257-465
U-V8TJ96T12PW4,CA-FL-00000044,131,SINGLE_FAMILY,691.0,3,OWNER_OCCUPIED,16-9224-558
U-C38SEOOTUIA4,CA-FL-00000044,132,SINGLE_FAMILY,2205.0,3,RENTED,56-1895-203
U-JJO9NIFMPEOS,CA-FL-00000044,133,TOWNHOME,1312.0,3,VACANT,73-6063-600
U-NTWXWQQIH11D,CA-FL-00000044,134,TOWNHOME,1787.0,2,VACANT,43-5136-558
U-6L4JDGJ8YSWV,CA-FL-00000044,135,SINGLE_FAMILY,3091.0,2,VACANT,94-2876-955
U-H0QBVRPAGTGI,CA-CA-00000045,26F,CONDO_UNIT,1929.0,4,RENTED,10-8960-388
U-XEP46AGYGGFM,CA-CA-00000045,25B,CONDO_UNIT,1237.0,4,OWNER_OCCUPIED,21-4404-646
U-JEYM4UM75W15,CA-CA-00000045,22A,CONDO_UNIT,2866.0,3,OWNER_OCCUPIED,92-9611-276
U-ZPQFGLYGWR70,CA-CA-00000045,16C,CONDO_UNIT,1298.0,3,OWNER_OCCUPIED,26-8353-557
U-6PK5MSSEWKN8,CA-CA-00000045,30E,CONDO_UNIT,1268.0,5,OWNER_OCCUPIED,34-2194-306
U-PM5F505OJ38A,CA-CA-00000045,22D,CONDO_UNIT,2381.0,4,OWNER_OCCUPIED,33-1520-295
U-CEZ15RVMK6TT,CA-CA-00000045,13D,CONDO_UNIT,1956.0,3,RENTED,22-9390-116
U-DOTAIECEVS40,CA-CA-00000045,40F,CONDO_UNIT,944.0,2,OWNER_OCCUPIED,40-8930-657
U-6MI34UDY1APG,CA-CA-00000045,25F,CONDO_UNIT,,2,VACANT,93-3860-929
U-F5RXE78D29F8,CA-CA-00000045,28B,CONDO_UNIT,1652.0,2,VACANT,17-9673-396
U-BLRWU7AEWSB9,CA-CA-00000045,31F,CONDO_UNIT,2381.0,3,OWNER_OCCUPIED,78-4513-528
U-T1U37EB8QHS9,CA-CA-00000045,6E,CONDO_UNIT,3019.0,1,OWNER_OCCUPIED,29-1428-153
U-M2XG2RW97RSL,CA-CA-00000045,29C,CONDO_UNIT,,2,OWNER_OCCUPIED,52-3852-256
U-V3GUYG1JEV4I,CA-CA-00000045,19H,CONDO_UNIT,2156.0,2,OWNER_OCCUPIED,61-6100-469
U-VQBRW3G91HOV,CA-CA-00000045,34D,CONDO_UNIT,2085.0,2,OWNER_OCCUPIED,12-5589-951
U-7TTMA008WBGP,CA-CA-00000046,10B,CONDO_UNIT,968.0,3,RENTED,74-1038-389
U-GI3NPPABLB5Y,CA-CA-00000046,14F,CONDO_UNIT,2430.0,2,OWNER_OCCUPIED,16-4392-179
U-90EN4IEDBTFD,CA-CA-00000046,5H,CONDO_UNIT,2488.0,2,RENTED,69-5096-147
U-MDXUBC6A41L1,CA-CA-00000046,15F,CONDO_UNIT,2358.0,5,OWNER_OCCUPIED,70-8081-344
U-NJI8FG7S1RDO,CA-CA-00000046,21G,CONDO_UNIT,,2,OWNER_OCCUPIED,67-8213-554
U-KXUNDMFZ5WW4,CA-CA-00000046,23C,CONDO_UNIT,1149.0,2,OWNER_OCCUPIED,89-9586-709
U-3E3TIRD5ECFJ,CA-CA-00000046,11E,CONDO_UNIT,2701.0,2,OWNER_OCCUPIED,63-8202-322
U-CYHC065JU7YO,CA-CA-00000046,21E,CONDO_UNIT,1950.0,3,OWNER_OCCUPIED,10-4146-360
U-AE9DR5DBDXBD,CA-CA-00000046,9H,CONDO_UNIT,1557.0,4,RENTED,93-2439-565
U-F78QN8PACC1X,CA-CA-00000046,21E,CONDO_UNIT,2283.0,3,RENTED,80-3433-972
U-KE5H1G8Z44J9,CA-CA-00000046,21E,CONDO_UNIT,2437.0,2,RENTED,26-4749-963
U-CP9K02PSOI37,CA-CA-00000046,23B,CONDO_UNIT,2034.0,3,OWNER_OCCUPIED,64-7404-426
U-F4RPL1I81J2A,CA-CA-00000046,3F,CONDO_UNIT,1829.0,2,RENTED,93-2707-329
U-XKP5IDY8T4BR,CA-CA-00000046,28F,CONDO_UNIT,2189.0,1,OWNER_OCCUPIED,39-1224-380
U-DYW8WR4IJI93,CA-CA-00000046,39H,CONDO_UNIT,3119.0,3,OWNER_OCCUPIED,56-3559-956
U-84C3Z2LJAURC,CA-CA-00000046,8F,CONDO_UNIT,2931.0,3,OWNER_OCCUPIED,89-6873-273
U-UL27BM7FCJ0O,CA-CA-00000046,33A,CONDO_UNIT,1491.0,3,OWNER_OCCUPIED,32-5718-178
U-PWDMJ3Z7W7N0,CA-CA-00000046,33A,CONDO_UNIT,2832.0,5,RENTED,74-4299-191
U-1FYE7LFT25H8,CA-CA-00000046,12F,CONDO_UNIT,2691.0,2,OWNER_OCCUPIED,37-9504-971
U-M1PPYZ8JG2RZ,CA-CA-00000046,13C,CONDO_UNIT,2664.0,2,OWNER_OCCUPIED,22-6071-839
U-FVGPIREXQWWF,CA-CA-00000046,4F,CONDO_UNIT,1206.0,3,RENTED,92-1035-984
U-1NY0TR2ZIK2R,CA-CA-00000046,30F,CONDO_UNIT,1561.0,3,OWNER_OCCUPIED,97-2170-230
U-UDLD5CXBBLN1,CA-CA-00000046,3C,CONDO_UNIT,2308.0,5,OWNER_OCCUPIED,46-2697-274
U-H3EIGBRI154R,CA-CA-00000046,37E,CONDO_UNIT,1079.0,2,OWNER_OCCUPIED,55-8202-631
U-HWE8E30GNBA9,CA-CA-00000046,39D,CONDO_UNIT,2175.0,2,OWNER_OCCUPIED,79-5941-376
U-ZT22THW9P0IE,CA-CA-00000046,15D,CONDO_UNIT,1674.0,3,OWNER_OCCUPIED,56-6130-415
U-B45ALIMXSEHJ,CA-CA-00000046,7B,CONDO_UNIT,762.0,3,RENTED,39-9478-429
U-C70TRVTFMRMQ,CA-CO-00000047,24G,CONDO_UNIT,1060.0,2,RENTED,37-1545-556
U-1NO6C6ZH6DU9,CA-CO-00000047,28B,CONDO_UNIT,3067.0,2,RENTED,
U-IHEGYIRCQ1HU,CA-CO-00000047,14A,CONDO_UNIT,2855.0,3,RENTED,46-7079-629
U-ER3O3QYEPJRF,CA-CO-00000047,21A,CONDO_UNIT,1995.0,4,OWNER_OCCUPIED,52-4585-493
U-37WEAQF60WR3,CA-CO-00000047,39A,CONDO_UNIT,1935.0,3,RENTED,
U-9DV28O470JP8,CA-CO-00000047,29B,CONDO_UNIT,2481.0,2,VACANT,
U-LB8ND6NYLR9A,CA-CO-00000047,12A,CONDO_UNIT,2262.0,3,RENTED,86-4976-136
U-7AIJWKB0TNRU,CA-CO-00000047,17E,CONDO_UNIT,2121.0,2,OWNER_OCCUPIED,11-1658-400
U-BKO4JQTH0TPG,CA-CO-00000047,27A,CONDO_UNIT,2909.0,3,OWNER_OCCUPIED,64-3204-423
U-PC8TZV0DSG62,CA-CO-00000047,25F,CONDO_UNIT,2177.0,1,RENTED,52-1368-415
U-IMA57CRCPJ8R,CA-CO-00000047,25D,CONDO_UNIT,1065.0,3,RENTED,30-5055-224
U-VOCN8DS7KVK1,CA-CO-00000047,33C,CONDO_UNIT,1912.0,1,RENTED,75-2102-987
U-D2IPE7YKRZ3F,CA-CO-00000047,38H,CONDO_UNIT,1979.0,5,OWNER_OCCUPIED,48-9687-689
U-9AAXN45JO52F,CA-CO-00000047,19H,CONDO_UNIT,2602.0,3,OWNER_OCCUPIED,96-8820-528
U-24QHTLJFEDTE,CA-CO-00000047,9H,CONDO_UNIT,2432.0,4,OWNER_OCCUPIED,61-1939-808
U-VVV6F4EUXHQ5,CA-CO-00000047,32A,CONDO_UNIT,2104.0,2,RENTED,24-1428-743
U-NX0H6VY9RX42,CA-CO-00000047,31H,CONDO_UNIT,1104.0,2,OWNER_OCCUPIED,69-1907-238
U-890ZM8JKX2Y5,CA-CO-00000047,21H,CONDO_UNIT,1191.0,2,VACANT,43-5376-864
U-TM0ZXO41OIMJ,CA-CO-00000047,12A,CONDO_UNIT,2017.0,1,OWNER_OCCUPIED,37-1161-802
U-QQ0EWZFOLSUC,CA-CO-00000047,36E,CONDO_UNIT,1295.0,3,OWNER_OCCUPIED,61-1374-340
U-OPVBW2P5JG6V,CA-CO-00000047,19D,CONDO_UNIT,839.0,1,OWNER_OCCUPIED,23-8083-463
U-IR2YJKD9UCEG,CA-CO-00000047,28F,CONDO_UNIT,,4,OWNER_OCCUPIED,87-3882-452
U-BNCPRCWFBYAC,CA-CO-00000047,14E,CONDO_UNIT,3023.0,1,OWNER_OCCUPIED,48-4796-282
U-3P4G2WDAZYW6,CA-CO-00000047,40B,CONDO_UNIT,1364.0,3,OWNER_OCCUPIED,15-5051-169
U-9TT96J6VDCF3,CA-CO-00000047,15A,CONDO_UNIT,3118.0,5,VACANT,92-5158-257
U-H8KGYZM5095T,CA-CO-00000047,20G,CONDO_UNIT,2613.0,2,OWNER_OCCUPIED,51-1879-852
U-I305RE29U3OM,CA-CO-00000047,22F,CONDO_UNIT,2388.0,2,OWNER_OCCUPIED,93-6000-791
U-1SYF8Z1R505S,CA-CO-00000047,18B,CONDO_UNIT,2806.0,5,OWNER_OCCUPIED,71-5212-609
U-2NWBAN52V58N,CA-CO-00000047,12E,CONDO_UNIT,1947.0,3,OWNER_OCCUPIED,28-1299-392
U-AC6QDCV2IYQ9,CA-CO-00000047,12G,CONDO_UNIT,2817.0,4,OWNER_OCCUPIED,55-6207-130
U-CHHCC5ZSNPI5,CA-CO-00000047,15H,CONDO_UNIT,,1,RENTED,95-8555-381
U-UD8M829A7ZZ9,CA-CO-00000047,29D,CONDO_UNIT,1616.0,4,OWNER_OCCUPIED,15-2366-961
U-D5KGF39WF58Y,CA-CA-00000048,100,SINGLE_FAMILY,650.0,2,OWNER_OCCUPIED,44-7985-512
U-GX49JMZ43D3Z,CA-CA-00000048,101,SINGLE_FAMILY,,3,VACANT,20-6174-864
U-7ZUL867WC8RV,CA-CA-00000048,102,SINGLE_FAMILY,1772.0,3,VACANT,72-8160-527
U-4JS6NLM4GL51,CA-CA-00000048,103,SINGLE_FAMILY,1729.0,3,RENTED,24-9061-445
U-50F1DEU3DB8A,CA-CA-00000048,104,TOWNHOME,,3,RENTED,72-1688-670
U-O0N85J0DK90W,CA-CA-00000048,105,SINGLE_FAMILY,1243.0,3,OWNER_OCCUPIED,77-9827-162
U-4C3IYX95OJW9,CA-CA-00000048,106,TOWNHOME,,2,OWNER_OCCUPIED,95-9272-219
U-F6A9XCXBT6HM,CA-CA-00000048,107,TOWNHOME,1574.0,3,RENTED,62-2716-799
U-LEQDB2PC3Q1D,CA-CA-00000048,108,SINGLE_FAMILY,674.0,1,OWNER_OCCUPIED,42-3933-619
U-9NPTPR2PRYVF,CA-CA-00000048,109,TOWNHOME,2916.0,3,OWNER_OCCUPIED,43-4363-110
U-DF80WTH8Q92B,CA-CA-00000048,110,SINGLE_FAMILY,3010.0,2,RENTED,85-5384-927
U-YW1V49TDYF12,CA-CA-00000048,111,TOWNHOME,,2,OWNER_OCCUPIED,
U-FRX245GBXZQI,CA-CA-00000048,112,SINGLE_FAMILY,2030.0,3,RENTED,50-3019-500
U-61PO9O2M470N,CA-CA-00000048,113,TOWNHOME,1193.0,3,OWNER_OCCUPIED,75-8998-292
U-3WG5M296NJWU,CA-CA-00000048,114,SINGLE_FAMILY,1486.0,4,RENTED,73-2587-936
U-WKECBAOTS98I,CA-CA-00000048,115,SINGLE_FAMILY,2958.0,2,OWNER_OCCUPIED,
U-CZLXOZV4W5NU,CA-CA-00000048,116,TOWNHOME,1653.0,3,OWNER_OCCUPIED,
U-QVB3LTIJARTA,CA-CA-00000048,117,TOWNHOME,2392.0,2,OWNER_OCCUPIED,97-1782-428
U-6EW7LRKHT1TG,CA-CA-00000048,118,SINGLE_FAMILY,2217.0,2,OWNER_OCCUPIED,10-8281-267
U-LGNFTC46ELJC,CA-CA-00000048,119,TOWNHOME,2914.0,3,RENTED,54-1220-836
U-E9WY5WDA03DA,CA-CA-00000048,120,TOWNHOME,663.0,3,OWNER_OCCUPIED,45-7122-169
U-PV4H1RZF1U6V,CA-CA-00000048,121,TOWNHOME,2742.0,3,OWNER_OCCUPIED,29-7056-282
U-VNBOOBCK3ERV,CA-CA-00000048,122,SINGLE_FAMILY,1004.0,2,OWNER_OCCUPIED,18-4634-540
U-U5PHPYHX68YV,CA-CA-00000048,123,TOWNHOME,2177.0,5,OWNER_OCCUPIED,14-9897-697
U-96NIX9TWU52I,CA-CA-00000048,124,TOWNHOME,839.0,2,OWNER_OCCUPIED,36-4943-932
U-YS1DUAFA0XRJ,CA-CA-00000048,125,SINGLE_FAMILY,,2,RENTED,65-7218-539
U-Q3XN0QRSPPOB,CA-CA-00000048,126,TOWNHOME,2638.0,2,OWNER_OCCUPIED,77-3412-306
U-5BQD2UGQBYNS,CA-CA-00000048,127,SINGLE_FAMILY,1217.0,2,OWNER_OCCUPIED,93-7783-959
U-OS9GXCP8NA16,CA-CA-00000048,128,SINGLE_FAMILY,2715.0,3,OWNER_OCCUPIED,30-8968-702
U-L5NTJL7P1YVF,CA-CA-00000048,129,SINGLE_FAMILY,3153.0,3,OWNER_OCCUPIED,11-4554-226
U-UTJ0W6M0JTQU,CA-CA-00000048,130,SINGLE_FAMILY,1762.0,4,OWNER_OCCUPIED,63-6215-652
U-7Q0ECDC9YPP0,CA-CA-00000048,131,TOWNHOME,1961.0,4,OWNER_OCCUPIED,91-5975-327
U-T0AZQG91Z4PE,CA-CA-00000048,132,SINGLE_FAMILY,2804.0,3,OWNER_OCCUPIED,20-6466-905
U-R8DWPZKG84YN,CA-CA-00000048,133,TOWNHOME,2618.0,3,OWNER_OCCUPIED,41-4217-955
U-RTQ0BXWOET37,CA-CA-00000048,134,SINGLE_FAMILY,1773.0,3,OWNER_OCCUPIED,24-6440-552
U-K8FVZSLPWLM4,CA-CA-00000048,135,TOWNHOME,2018.0,3,OWNER_OCCUPIED,88-3927-686
U-9F9PWBXD9JIF,CA-CA-00000048,136,SINGLE_FAMILY,1605.0,3,RENTED,40-3211-922
U-4XVOFXJX0GOP,CA-CA-00000048,137,SINGLE_FAMILY,1578.0,2,OWNER_OCCUPIED,80-1848-672
U-HXCK1FFINXB0,CA-CA-00000048,138,TOWNHOME,2402.0,2,OWNER_OCCUPIED,14-8109-177
U-VB6DBDO4VLML,CA-CA-00000048,139,TOWNHOME,808.0,1,OWNER_OCCUPIED,44-7555-233
U-05XF36L3EXTS,CA-CA-00000048,140,TOWNHOME,1458.0,1,RENTED,23-7744-506
U-36UD0CTY1CER,CA-CA-00000048,141,TOWNHOME,1685.0,1,OWNER_OCCUPIED,
U-OG996JLULYM7,CA-CA-00000048,142,SINGLE_FAMILY,2108.0,1,OWNER_OCCUPIED,73-9033-788
U-C9ASZ5G46TZM,CA-CA-00000048,143,TOWNHOME,2947.0,3,OWNER_OCCUPIED,33-1972-366
U-Y5F2T271B5O7,CA-CA-00000048,144,SINGLE_FAMILY,733.0,4,OWNER_OCCUPIED,27-9110-568
U-K1I19VLYS86Y,CA-CA-00000048,145,TOWNHOME,870.0,2,RENTED,68-3121-368
U-Z6R222H1D2OW,CA-CA-00000048,146,TOWNHOME,955.0,1,OWNER_OCCUPIED,47-5777-277
U-UINJESPS8Q18,CA-CA-00000048,147,SINGLE_FAMILY,1387.0,2,OWNER_OCCUPIED,
U-QUD130IYMN8X,CA-CA-00000048,148,TOWNHOME,1563.0,2,RENTED,69-1439-626
U-OXC0VVKLQ0XJ,CA-CA-00000048,149,SINGLE_FAMILY,734.0,3,OWNER_OCCUPIED,25-3556-635
U-CDCOWDXCJ19S,CA-CA-00000048,150,SINGLE_FAMILY,2552.0,3,OWNER_OCCUPIED,57-1463-554
U-W8ZW7NHPGJX1,CA-CA-00000048,151,SINGLE_FAMILY,1182.0,2,OWNER_OCCUPIED,
U-VB0BS90XP7RX,CA-CA-00000048,152,TOWNHOME,1431.0,3,OWNER_OCCUPIED,34-7370-679
U-3KJDYVY96QZU,CA-CA-00000048,153,SINGLE_FAMILY,2287.0,4,RENTED,
U-2ML0LRK4T0RD,CA-CA-00000048,154,TOWNHOME,1567.0,2,OWNER_OCCUPIED,67-4730-172
U-X3LNC304NWF2,CA-CA-00000048,155,SINGLE_FAMILY,827.0,2,OWNER_OCCUPIED,88-6845-936
U-CAEELSX52GWA,CA-CA-00000048,156,TOWNHOME,2681.0,4,OWNER_OCCUPIED,31-8662-748
U-Z7RY21G6YRGC,CA-CA-00000048,157,SINGLE_FAMILY,1319.0,3,RENTED,72-3195-979
U-QQGD5KXJ2EZN,CA-CA-00000048,158,SINGLE_FAMILY,3003.0,5,RENTED,32-5304-785
U-TAU731QX4Q7X,CA-CA-00000048,159,SINGLE_FAMILY,2007.0,1,OWNER_OCCUPIED,24-9874-259
U-MXEBGXPEAMDK,CA-NC-00000049,24G,CONDO_UNIT,966.0,3,RENTED,97-7167-915
U-ADLZI91AGXMN,CA-NC-00000049,20H,CONDO_UNIT,2267.0,2,OWNER_OCCUPIED,27-8808-591
U-9DCASW22FIWK,CA-NC-00000049,28C,CONDO_UNIT,2637.0,3,RENTED,58-6479-325
U-46H4AH5KTART,CA-NC-00000049,27C,CONDO_UNIT,905.0,4,RENTED,55-1920-590
U-E4PEVH4QLCEQ,CA-NC-00000049,37H,CONDO_UNIT,2414.0,3,OWNER_OCCUPIED,46-7756-553
U-B7NBQW35F5SA,CA-NC-00000049,32E,CONDO_UNIT,2502.0,4,OWNER_OCCUPIED,29-5193-896
U-HMOTOY9QJS7I,CA-NC-00000049,3H,CONDO_UNIT,,2,OWNER_OCCUPIED,55-1261-218
U-3G17N40D4N1S,CA-NC-00000049,5E,CONDO_UNIT,,2,OWNER_OCCUPIED,61-6055-723
U-X33EIC2CKXX2,CA-NC-00000049,7F,CONDO_UNIT,2322.0,3,OWNER_OCCUPIED,38-2935-769
U-3CD0ZNUAJPBP,CA-NC-00000049,20E,CONDO_UNIT,895.0,3,RENTED,52-2609-719
U-1W6RUD5WC9F2,CA-NC-00000049,35A,CONDO_UNIT,,3,VACANT,16-7926-946
U-7C8K4PW5ND1Y,CA-NC-00000049,39E,CONDO_UNIT,658.0,2,RENTED,13-6608-858
U-S9TKYJXRY9LR,CA-NC-00000049,19A,CONDO_UNIT,,1,OWNER_OCCUPIED,76-7776-194
U-QVVGFLK7PXDJ,CA-NC-00000049,23D,CONDO_UNIT,2136.0,1,OWNER_OCCUPIED,27-7611-337
U-H749P1ZRTU4F,CA-NC-00000049,33C,CONDO_UNIT,2126.0,3,OWNER_OCCUPIED,42-9818-906
U-GIWEL4RV2YN9,CA-NC-00000049,14F,CONDO_UNIT,1667.0,2,VACANT,11-9261-876
U-HRELGLYZFIZD,CA-NC-00000049,14F,CONDO_UNIT,2626.0,3,RENTED,65-3716-664
U-AHIAPJY1ZB62,CA-NC-00000049,11E,CONDO_UNIT,,4,OWNER_OCCUPIED,33-6985-852
U-MPGG0Q15FX58,CA-NC-00000049,14G,CONDO_UNIT,,1,OWNER_OCCUPIED,96-3226-528
U-FHZCOQ4CN4WQ,CA-NC-00000049,2D,CONDO_UNIT,1040.0,4,RENTED,66-8811-445
U-14TZP0D99VRS,CA-NC-00000049,22D,CONDO_UNIT,2860.0,4,OWNER_OCCUPIED,32-3458-770
U-2IXW2LYNHX2O,CA-NC-00000049,19F,CONDO_UNIT,1992.0,4,OWNER_OCCUPIED,11-9874-997
U-X213Y2EU0ESQ,CA-NC-00000049,36G,CONDO_UNIT,,3,OWNER_OCCUPIED,35-5308-448
U-C8XTSFFN9S0A,CA-NC-00000049,12H,CONDO_UNIT,2679.0,3,OWNER_OCCUPIED,63-4123-749
U-ANL816LBUWCH,CA-NC-00000049,11A,CONDO_UNIT,2896.0,4,RENTED,59-1508-637
U-C5ADVG8ZA2OB,CA-NC-00000049,22E,CONDO_UNIT,1764.0,2,RENTED,24-4250-277
U-P2Z94HU81CVY,CA-NC-00000049,33A,CONDO_UNIT,1604.0,3,OWNER_OCCUPIED,85-8683-683
U-8L1S2GTU8CS0,CA-NC-00000049,18H,CONDO_UNIT,1024.0,3,RENTED,25-3613-495
U-MYLACYDCTQ1L,CA-NC-00000049,16C,CONDO_UNIT,1939.0,3,OWNER_OCCUPIED,78-6201-725
U-3AH4EM5GOTUA,CA-NC-00000049,23D,CONDO_UNIT,824.0,1,RENTED,87-3963-875
U-LI5GHXCX8G4X,CA-NC-00000049,36B,CONDO_UNIT,1926.0,1,RENTED,59-7349-184
U-5IO7R6FWKBZ8,CA-NC-00000049,1G,CONDO_UNIT,1488.0,3,RENTED,40-4388-471
U-A8ZPLCL4J7RB,CA-NC-00000049,24B,CONDO_UNIT,2034.0,2,OWNER_OCCUPIED,85-7484-553
U-H5743F9RD4MW,CA-NC-00000049,27G,CONDO_UNIT,1618.0,3,OWNER_OCCUPIED,94-9478-470
U-RHVV5AA2KOYR,CA-NC-00000049,3B,CONDO_UNIT,2413.0,3,OWNER_OCCUPIED,56-1089-950
U-2IJW95MZ08N0,CA-NC-00000049,11A,CONDO_UNIT,1082.0,3,RENTED,
U-HANMVTVOAV41,CA-NC-00000049,3H,CONDO_UNIT,1141.0,4,RENTED,59-8560-584
U-W2KDOFFWS890,CA-NC-00000049,28F,CONDO_UNIT,2935.0,4,OWNER_OCCUPIED,31-1166-245
U-5J8UR63NYIR1,CA-NC-00000049,6E,CONDO_UNIT,1234.0,3,RENTED,24-8173-402
U-MCKUM88BW69Z,CA-NC-00000049,23E,CONDO_UNIT,1940.0,2,RENTED,67-3277-707
U-JOD8VU7JCSJP,CA-NC-00000049,20H,CONDO_UNIT,,4,OWNER_OCCUPIED,24-9060-160
U-2AGGL6XCJDP9,CA-NC-00000049,35A,CONDO_UNIT,2068.0,2,OWNER_OCCUPIED,96-1517-198
U-N9QB1JFEGH1V,CA-NC-00000049,26B,CONDO_UNIT,,4,RENTED,30-7935-767
U-XM8EC4NNZ49N,CA-NC-00000049,30F,CONDO_UNIT,2005.0,4,OWNER_OCCUPIED,17-2273-764
U-55L23UUM55UG,CA-NC-00000049,28B,CONDO_UNIT,,3,OWNER_OCCUPIED,23-5110-344
U-T4LMAG75TO3E,CA-NC-00000049,8A,CONDO_UNIT,1410.0,3,OWNER_OCCUPIED,15-6551-299
U-APHAYIBUSA0W,CA-NC-00000049,30G,CONDO_UNIT,916.0,3,OWNER_OCCUPIED,52-1208-964
U-RDQV9K6L7J4V,CA-NC-00000049,8E,CONDO_UNIT,2512.0,3,OWNER_OCCUPIED,49-5025-219
U-17L2OPL6WUGO,CA-NC-00000049,11H,CONDO_UNIT,1733.0,4,OWNER_OCCUPIED,96-2291-684
U-YBO1Y97JYLAQ,CA-NC-00000049,34D,CONDO_UNIT,3014.0,3,OWNER_OCCUPIED,80-2406-756
U-WP73WUQAYGI0,CA-NC-00000049,29E,CONDO_UNIT,1530.0,3,OWNER_OCCUPIED,19-9610-369
U-GCMYZ20FED9Q,CA-NC-00000049,11A,CONDO_UNIT,1695.0,3,OWNER_OCCUPIED,39-6632-419
U-E3LM75Q7GX2S,CA-NC-00000049,21C,CONDO_UNIT,1597.0,3,RENTED,
U-5SVIGETNS9DN,CA-NC-00000049,28A,CONDO_UNIT,843.0,4,RENTED,18-9327-800
U-W1YK83GSGCHY,CA-NC-00000049,3H,CONDO_UNIT,2427.0,4,OWNER_OCCUPIED,98-2534-628
U-DQEF0S9KAI1X,CA-NC-00000049,15E,CONDO_UNIT,981.0,2,OWNER_OCCUPIED,33-8819-302
U-U9TD57REZW32,CA-FL-00000050,100,TOWNHOME,957.0,2,RENTED,33-6980-804
U-SI7DOCBISC01,CA-FL-00000050,101,TOWNHOME,704.0,2,OWNER_OCCUPIED,11-8734-263
U-OYJSAZIDRCTY,CA-FL-00000050,102,TOWNHOME,1556.0,3,OWNER_OCCUPIED,82-4658-874
U-916822XSJUIL,CA-FL-00000050,103,TOWNHOME,2377.0,3,RENTED,32-1700-549
U-GKSDYM2Y21IB,CA-FL-00000050,104,TOWNHOME,2691.0,3,OWNER_OCCUPIED,59-9048-138
U-9J94U9JP95F9,CA-FL-00000050,105,TOWNHOME,2369.0,2,OWNER_OCCUPIED,52-7597-290
U-HQXUZRH22QOZ,CA-FL-00000050,106,TOWNHOME,1421.0,3,RENTED,18-4935-517
U-U4BMRCOTX8O7,CA-FL-00000050,107,TOWNHOME,1660.0,3,RENTED,20-9309-378
U-MMQZ6NEV8SOT,CA-FL-00000050,108,TOWNHOME,2751.0,4,OWNER_OCCUPIED,79-3722-294
U-15NKJLG3OXF9,CA-FL-00000050,109,TOWNHOME,1358.0,3,RENTED,79-2173-507
U-108PO1VA4S38,CA-FL-00000050,110,TOWNHOME,2660.0,2,OWNER_OCCUPIED,80-1157-624
U-0L4AO4WV7AR0,CA-FL-00000050,111,TOWNHOME,1496.0,3,OWNER_OCCUPIED,14-3727-792
U-QNKMB5OQNRSH,CA-FL-00000050,112,TOWNHOME,941.0,5,RENTED,95-1052-903
U-O5MLHZ14EUAB,CA-CA-00000051,100,TOWNHOME,2204.0,4,OWNER_OCCUPIED,96-2095-775
U-GCNAYKYNQVSK,CA-CA-00000051,101,TOWNHOME,2235.0,4,VACANT,52-6930-369
U-2NG1GAG5T3LZ,CA-CA-00000051,102,TOWNHOME,3060.0,2,RENTED,97-2889-626
U-1SBDXG97SJD2,CA-CA-00000051,103,TOWNHOME,2959.0,4,RENTED,31-3591-770
U-5VYK7CF2J4L3,CA-CA-00000051,104,SINGLE_FAMILY,3093.0,1,OWNER_OCCUPIED,61-7346-900
U-EINHPQSHZXN8,CA-CA-00000051,105,TOWNHOME,,1,OWNER_OCCUPIED,58-8972-720
U-2XX0ZE5NHCPL,CA-CA-00000051,106,TOWNHOME,3036.0,5,RENTED,
U-MY7TWY6H7TNV,CA-CA-00000051,107,TOWNHOME,1792.0,5,OWNER_OCCUPIED,72-5416-884
U-4VUVA1SI69KT,CA-CA-00000051,108,TOWNHOME,3042.0,1,RENTED,88-1867-803
U-2JKQQNJ0ROCM,CA-CA-00000051,109,TOWNHOME,1318.0,3,OWNER_OCCUPIED,50-2480-993
U-V7NAQGU5IO8V,CA-CA-00000051,110,SINGLE_FAMILY,726.0,3,OWNER_OCCUPIED,71-8521-100
U-MDUYH2W9O847,CA-CA-00000051,111,TOWNHOME,2608.0,3,OWNER_OCCUPIED,60-5011-194
U-1COO004OOIIU,CA-CA-00000051,112,TOWNHOME,2837.0,2,OWNER_OCCUPIED,62-3127-410
U-KVON3UQ1IK82,CA-CA-00000051,113,TOWNHOME,2956.0,3,OWNER_OCCUPIED,93-8619-489
U-BTBCGTIJST72,CA-CA-00000051,114,SINGLE_FAMILY,726.0,2,RENTED,46-6814-508
U-WVBCGHD6EK86,CA-CA-00000051,115,TOWNHOME,1933.0,3,OWNER_OCCUPIED,98-3382-573
U-S9D3R3040HII,CA-CA-00000051,116,TOWNHOME,3171.0,2,OWNER_OCCUPIED,44-5202-915
U-Q8D5Z85461BO,CA-CA-00000051,117,TOWNHOME,,2,OWNER_OCCUPIED,93-8976-351
U-WNFJ9N6NPC32,CA-CA-00000051,118,SINGLE_FAMILY,2868.0,2,VACANT,32-8136-366
U-YCV3SG96EKHM,CA-CA-00000051,119,TOWNHOME,1723.0,4,OWNER_OCCUPIED,65-3054-949
U-3XR9D129KZ24,CA-CA-00000051,120,TOWNHOME,1703.0,3,OWNER_OCCUPIED,21-9240-990
U-AZT8YBM71PME,CA-CA-00000051,121,TOWNHOME,744.0,3,OWNER_OCCUPIED,89-6714-889
U-HPL2ILJL8VJ6,CA-CA-00000051,122,TOWNHOME,2890.0,1,OWNER_OCCUPIED,17-3701-898
U-DM78UI5MGAB1,CA-CA-00000051,123,SINGLE_FAMILY,1506.0,4,RENTED,59-3329-125
U-Y1NM7935KRNM,CA-CA-00000051,124,TOWNHOME,2887.0,3,RENTED,86-4980-716
U-HBYCTS1TTG57,CA-CA-00000051,125,TOWNHOME,,4,OWNER_OCCUPIED,75-4969-718
U-SA4UU3WV1SO2,CA-CA-00000051,126,TOWNHOME,722.0,4,RENTED,63-3578-785
U-YNQ66Q73SMQL,CA-CA-00000051,127,TOWNHOME,2911.0,4,RENTED,
U-5XEJ2VBQKUW3,CA-CA-00000051,128,TOWNHOME,1679.0,3,OWNER_OCCUPIED,15-3441-405
U-32ARWUCTWYEG,CA-CA-00000051,129,TOWNHOME,2278.0,3,OWNER_OCCUPIED,93-2179-852
U-WW76CW9OPR9R,CA-CA-00000051,130,TOWNHOME,2069.0,2,OWNER_OCCUPIED,99-1408-656
U-DY61AA0C5HDF,CA-CA-00000051,131,SINGLE_FAMILY,841.0,1,VACANT,59-7185-828
U-HBN2F4IOFE9N,CA-CA-00000051,132,TOWNHOME,1800.0,3,OWNER_OCCUPIED,60-2004-540
U-8I6T5FJTBQ3A,CA-CA-00000051,133,TOWNHOME,2578.0,3,VACANT,15-2715-771
U-Q01JWY0TN1QA,CA-CA-00000051,134,SINGLE_FAMILY,1571.0,2,OWNER_OCCUPIED,91-5579-886
U-794AUWW4H3RK,CA-CA-00000051,135,TOWNHOME,2297.0,2,OWNER_OCCUPIED,10-5735-423
U-G5AWTAQBAO1M,CA-CA-00000051,136,SINGLE_FAMILY,2072.0,2,RENTED,47-2464-534
U-TMD4F9HG3SD2,CA-CA-00000051,137,SINGLE_FAMILY,2240.0,5,RENTED,79-1867-901
U-T939A6SPZD1S,CA-CA-00000051,138,TOWNHOME,1598.0,1,VACANT,69-8925-229
U-DQZSATD9XQOP,CA-CA-00000051,139,SINGLE_FAMILY,2155.0,2,OWNER_OCCUPIED,71-4309-947
U-EA17TSPP0LK5,CA-CA-00000051,140,TOWNHOME,3135.0,4,OWNER_OCCUPIED,34-8644-398
U-MLPNUUZZ3H3N,CA-CA-00000051,141,SINGLE_FAMILY,2230.0,1,RENTED,93-5082-772
U-0BJ05MXCPXCX,CA-CA-00000051,142,TOWNHOME,3193.0,3,OWNER_OCCUPIED,38-3307-328
U-XRRMVCDWX9MY,CA-CA-00000051,143,SINGLE_FAMILY,1592.0,4,OWNER_OCCUPIED,60-3059-874
U-PT1DZ0OX2G8U,CA-CA-00000051,144,SINGLE_FAMILY,,4,OWNER_OCCUPIED,35-5491-935
U-OLSY7RW78IRK,CA-CA-00000051,145,SINGLE_FAMILY,1035.0,3,OWNER_OCCUPIED,78-9040-863
U-IWKKVHOIKRV8,CA-CA-00000051,146,TOWNHOME,2024.0,2,RENTED,85-1663-669
U-MSFFRHD7MDY8,CA-CA-00000051,147,TOWNHOME,2554.0,2,OWNER_OCCUPIED,42-2708-737
U-90J9PZ4EOVSL,CA-CA-00000051,148,TOWNHOME,2338.0,3,OWNER_OCCUPIED,69-2709-353
U-YFTLXBWLWM5J,CA-CA-00000051,149,TOWNHOME,2806.0,5,OWNER_OCCUPIED,78-8530-630
U-ETIGPR1HVTW5,CA-CA-00000051,150,TOWNHOME,1699.0,2,OWNER_OCCUPIED,79-9794-221
U-5X53LRZMO3DX,CA-CA-00000051,151,TOWNHOME,1097.0,1,OWNER_OCCUPIED,69-4643-681
U-W3SX7LJU6ADQ,CA-CA-00000051,152,SINGLE_FAMILY,,4,VACANT,51-7310-762
U-H4AVYKR6J6AG,CA-CA-00000051,153,TOWNHOME,2853.0,3,OWNER_OCCUPIED,15-7592-367
U-V1L0BZIPL3XT,CA-CA-00000051,154,SINGLE_FAMILY,2799.0,1,OWNER_OCCUPIED,59-6246-529
U-9BAAUA551SAI,CA-CA-00000051,155,SINGLE_FAMILY,,4,OWNER_OCCUPIED,60-9583-853
U-RF04F69AC9T6,CA-AZ-00000052,100,TOWNHOME,1346.0,4,OWNER_OCCUPIED,69-7200-763
U-OEJM9CUUQ4YE,CA-AZ-00000052,101,TOWNHOME,3188.0,3,RENTED,49-3534-778
U-UHT4LG5HU63R,CA-AZ-00000052,102,TOWNHOME,3172.0,2,OWNER_OCCUPIED,28-4763-345
U-M4SQ86XJXX3D,CA-AZ-00000052,103,TOWNHOME,3107.0,1,OWNER_OCCUPIED,72-6991-312
U-AWVDZV19547K,CA-AZ-00000052,104,TOWNHOME,2969.0,2,RENTED,33-8605-710
U-2SYYJ47CC88R,CA-AZ-00000052,105,TOWNHOME,1795.0,2,OWNER_OCCUPIED,71-5431-700
U-J4UGG6SO049R,CA-AZ-00000052,106,TOWNHOME,737.0,4,OWNER_OCCUPIED,55-8484-921
U-AUR58X9QYXWL,CA-AZ-00000052,107,TOWNHOME,2180.0,4,OWNER_OCCUPIED,
U-YJ30AMXE2NFZ,CA-AZ-00000052,108,TOWNHOME,1819.0,3,RENTED,
U-9MUB6QFY2B73,CA-AZ-00000052,109,TOWNHOME,2634.0,4,RENTED,72-5732-569
U-N887TLETBW4Y,CA-AZ-00000052,110,TOWNHOME,,3,OWNER_OCCUPIED,68-6036-742
U-1CAJ1BFHL5RM,CA-AZ-00000052,111,TOWNHOME,2422.0,5,RENTED,74-8867-487
U-MQ0MLOLNTA81,CA-AZ-00000052,112,TOWNHOME,2701.0,3,OWNER_OCCUPIED,75-8749-214
U-IBGMOJ4IQSEJ,CA-AZ-00000052,113,TOWNHOME,2733.0,2,OWNER_OCCUPIED,25-6101-480
U-BXN1RP6X4SVX,CA-AZ-00000052,114,TOWNHOME,2455.0,4,OWNER_OCCUPIED,51-5577-267
U-GSDG5XKWW46Z,CA-AZ-00000052,115,TOWNHOME,673.0,4,RENTED,99-8549-401
U-7GBJWAVLFDJY,CA-AZ-00000052,116,TOWNHOME,1761.0,3,VACANT,91-6009-894
U-RZSUZPO0ZSRQ,CA-AZ-00000052,117,TOWNHOME,1945.0,3,OWNER_OCCUPIED,20-7787-749
U-L06QUB24GC9A,CA-AZ-00000052,118,TOWNHOME,2657.0,2,OWNER_OCCUPIED,78-5947-444
U-WT8PUN5DGSIR,CA-AZ-00000052,119,TOWNHOME,1508.0,2,OWNER_OCCUPIED,54-6030-211
U-GI0JUGGNS8GM,CA-AZ-00000052,120,TOWNHOME,967.0,4,RENTED,99-8622-376
U-1L6KE3HRBHQW,CA-AZ-00000052,121,TOWNHOME,1181.0,3,OWNER_OCCUPIED,10-8939-497
U-IKHKOG95N8IN,CA-AZ-00000052,122,TOWNHOME,2302.0,3,OWNER_OCCUPIED,73-1618-931
U-GFMZDY8IM5RX,CA-AZ-00000052,123,TOWNHOME,2728.0,2,OWNER_OCCUPIED,94-6111-648
U-NNW139MXFGBL,CA-AZ-00000052,124,TOWNHOME,2125.0,4,RENTED,61-2259-218
U-9WANTVR4FJSB,CA-AZ-00000052,125,TOWNHOME,2953.0,3,VACANT,38-6479-474
U-8OSVC1U5W2K2,CA-AZ-00000052,126,TOWNHOME,823.0,1,OWNER_OCCUPIED,36-4316-637
U-AW0EWAYAJ5ND,CA-AZ-00000052,127,TOWNHOME,713.0,2,RENTED,51-9451-709
U-1W0XL75R2ZEH,CA-AZ-00000052,128,TOWNHOME,822.0,2,OWNER_OCCUPIED,98-2049-687
U-DBPU4D4NIV12,CA-AZ-00000052,129,TOWNHOME,1883.0,5,OWNER_OCCUPIED,29-9971-507
U-D3HTY61JZEKL,CA-AZ-00000052,130,TOWNHOME,1720.0,3,OWNER_OCCUPIED,12-3435-336
U-Y1CAGQ7GXFXL,CA-AZ-00000052,131,TOWNHOME,2650.0,3,RENTED,39-3650-718
U-LNWROV6ZJ02K,CA-AZ-00000052,132,TOWNHOME,2851.0,3,RENTED,68-8509-693
U-7HCJTAQVO6IB,CA-AZ-00000052,133,TOWNHOME,1418.0,4,RENTED,70-3684-531
U-R72PVK3YUZ5H,CA-CA-00000053,100,SINGLE_FAMILY,1396.0,3,OWNER_OCCUPIED,18-5577-542
U-VF984HZCS7GF,CA-CA-00000053,101,SINGLE_FAMILY,764.0,2,OWNER_OCCUPIED,
U-73BZDKCL7G9J,CA-CA-00000053,102,TOWNHOME,2463.0,3,OWNER_OCCUPIED,82-4612-689
U-6ZMK6YWGXQE7,CA-CA-00000053,103,SINGLE_FAMILY,2914.0,4,RENTED,39-4395-832
U-S7NW03VM1U0M,CA-CA-00000053,104,TOWNHOME,2986.0,2,OWNER_OCCUPIED,54-8815-232
U-GZGAAP5UVK3O,CA-CA-00000053,105,SINGLE_FAMILY,2560.0,3,RENTED,89-2605-375
U-08NNU1UXF45X,CA-CA-00000053,106,SINGLE_FAMILY,2013.0,4,RENTED,91-5328-740
U-20C1N0GKCPOP,CA-CA-00000053,107,SINGLE_FAMILY,757.0,3,VACANT,16-6129-682
U-KBH3GK119FPJ,CA-CA-00000053,108,TOWNHOME,1571.0,2,OWNER_OCCUPIED,38-5888-989
U-Z649HCF4J2BC,CA-CA-00000053,109,SINGLE_FAMILY,2334.0,3,RENTED,
U-I8C9FN01JPPQ,CA-CA-00000053,110,TOWNHOME,2211.0,2,OWNER_OCCUPIED,39-1606-577
U-QCBCBE98SAOX,CA-CA-00000053,111,SINGLE_FAMILY,1079.0,2,OWNER_OCCUPIED,85-1323-126
U-JCB80PZY037G,CA-CA-00000053,112,TOWNHOME,,3,OWNER_OCCUPIED,63-5737-157
U-DCQYJ8C2NAD0,CA-CA-00000053,113,TOWNHOME,2901.0,2,OWNER_OCCUPIED,
U-Q3XJJI7LAMJE,CA-CA-00000053,114,TOWNHOME,861.0,3,OWNER_OCCUPIED,79-7361-217
U-8ECZG04J1WJB,CA-CA-00000053,115,SINGLE_FAMILY,2377.0,5,OWNER_OCCUPIED,99-9174-291
U-MEZRRCFPLBXL,CA-CA-00000053,116,TOWNHOME,1374.0,2,OWNER_OCCUPIED,14-8020-790
U-L83ODA70WIC5,CA-CA-00000053,117,SINGLE_FAMILY,1751.0,3,OWNER_OCCUPIED,97-9275-217
U-45QZ9VX4XSQ6,CA-CA-00000053,118,SINGLE_FAMILY,2023.0,3,RENTED,29-6831-371
U-KLBOJGI7PVOP,CA-CA-00000053,119,SINGLE_FAMILY,906.0,4,OWNER_OCCUPIED,31-3222-815
U-FJAPQWINQCRS,CA-CA-00000053,120,TOWNHOME,1679.0,5,OWNER_OCCUPIED,91-6873-185
U-G19QGUY2N3NF,CA-CA-00000053,121,SINGLE_FAMILY,1268.0,3,VACANT,96-3300-490
U-CY6PV194AJYW,CA-CA-00000053,122,TOWNHOME,1389.0,3,RENTED,60-8920-321
U-ATI2HUXMOZXR,CA-CA-00000053,123,TOWNHOME,,3,OWNER_OCCUPIED,13-1604-447
U-YBHOWMYVSB98,CA-CA-00000053,124,SINGLE_FAMILY,1858.0,2,OWNER_OCCUPIED,46-2106-964
U-JPONZV1V8PDE,CA-CA-00000053,125,SINGLE_FAMILY,1098.0,3,RENTED,78-4448-522
U-SVI4DPU8DERP,CA-CA-00000053,126,TOWNHOME,816.0,2,RENTED,35-2723-440
U-3M746WBT3O68,CA-AZ-00000054,4D,CONDO_UNIT,1842.0,3,OWNER_OCCUPIED,60-8732-476
U-41LCLJZ9KVEA,CA-AZ-00000054,7C,CONDO_UNIT,,3,RENTED,36-9070-652
U-DAAW2AFI63OV,CA-AZ-00000054,40A,CONDO_UNIT,2073.0,3,OWNER_OCCUPIED,55-2864-510
U-OUROL6BIV0Z5,CA-AZ-00000054,5G,CONDO_UNIT,1228.0,2,OWNER_OCCUPIED,66-3166-541
U-DM228GN0GX4O,CA-AZ-00000054,22C,CONDO_UNIT,2822.0,3,OWNER_OCCUPIED,61-5098-994
U-9UHGV9M58TGT,CA-AZ-00000054,36H,CONDO_UNIT,1894.0,2,OWNER_OCCUPIED,38-8228-337
U-NXB8CLM2QLOH,CA-AZ-00000054,34D,CONDO_UNIT,1386.0,3,OWNER_OCCUPIED,85-3718-757
U-R7M4K0XL26F1,CA-AZ-00000054,28H,CONDO_UNIT,668.0,4,VACANT,21-1323-487
U-8PL5QYZENPT1,CA-AZ-00000054,14F,CONDO_UNIT,820.0,3,OWNER_OCCUPIED,53-1291-805
U-IUOS60N8O1S9,CA-AZ-00000054,19G,CONDO_UNIT,1212.0,3,OWNER_OCCUPIED,38-4003-803
U-U65M7AA62DBK,CA-AZ-00000054,34H,CONDO_UNIT,743.0,1,OWNER_OCCUPIED,91-4701-344
U-7JLGTVXJJDH2,CA-AZ-00000054,36B,CONDO_UNIT,2662.0,3,RENTED,54-1387-568
U-2LSE3V3CZBSQ,CA-AZ-00000054,22F,CONDO_UNIT,,3,OWNER_OCCUPIED,71-7287-830
U-CH4H9CGJK91D,CA-AZ-00000054,28D,CONDO_UNIT,1944.0,2,RENTED,75-3560-816
U-JIKMPFQNRH1C,CA-AZ-00000054,26A,CONDO_UNIT,1694.0,3,OWNER_OCCUPIED,17-2006-945
U-0FOSH4LV73QI,CA-AZ-00000054,36H,CONDO_UNIT,2216.0,2,OWNER_OCCUPIED,70-2989-389
U-M5QXAEXF32XP,CA-AZ-00000054,22C,CONDO_UNIT,2191.0,3,OWNER_OCCUPIED,42-6587-790
U-3A2V818IQWLO,CA-AZ-00000054,20C,CONDO_UNIT,851.0,4,OWNER_OCCUPIED,
U-JJ5M5ZV9Z8CU,CA-AZ-00000054,30G,CONDO_UNIT,3134.0,2,OWNER_OCCUPIED,40-9379-653
U-L05SC51SJ92I,CA-AZ-00000054,9H,CONDO_UNIT,1633.0,3,OWNER_OCCUPIED,32-5592-162
U-F613TAZSN0WZ,CA-AZ-00000054,36A,CONDO_UNIT,2498.0,2,RENTED,94-3852-599
U-FPQEQQR7D6E5,CA-AZ-00000054,11B,CONDO_UNIT,1516.0,2,OWNER_OCCUPIED,77-9114-302
U-CAXHCYEP5ZPL,CA-AZ-00000054,26G,CONDO_UNIT,2260.0,2,RENTED,33-6112-575
U-UWGJO97PBYD4,CA-AZ-00000054,6E,CONDO_UNIT,2987.0,2,OWNER_OCCUPIED,78-7071-808
U-G89VB92G1IPJ,CA-AZ-00000054,18C,CONDO_UNIT,2609.0,4,RENTED,18-6666-996
U-L948U3LQ28QA,CA-AZ-00000054,30H,CONDO_UNIT,3131.0,2,RENTED,60-5878-420
U-IHOKM948IY00,CA-AZ-00000054,12B,CONDO_UNIT,,2,VACANT,67-6365-887
U-4CUYMU4QBD2A,CA-AZ-00000054,28C,CONDO_UNIT,1453.0,2,OWNER_OCCUPIED,37-6402-413
U-N2525WS29PPP,CA-AZ-00000054,20E,CONDO_UNIT,3023.0,3,OWNER_OCCUPIED,34-3167-902
U-OQGFA32J5UFV,CA-AZ-00000054,9B,CONDO_UNIT,1366.0,2,OWNER_OCCUPIED,90-6590-151
U-PXTGU0SEEEAS,CA-AZ-00000054,38D,CONDO_UNIT,3090.0,4,RENTED,10-7021-736
U-MK9CU109S8B0,CA-AZ-00000054,2A,CONDO_UNIT,1988.0,3,RENTED,76-1277-181
U-21E5J7O6RHD5,CA-AZ-00000054,8F,CONDO_UNIT,2011.0,3,RENTED,26-2343-876
U-YV8V49WXVCNC,CA-AZ-00000054,27F,CONDO_UNIT,2980.0,2,RENTED,83-5958-655
U-W2AUA5C3A1M9,CA-AZ-00000054,14G,CONDO_UNIT,,2,OWNER_OCCUPIED,90-4204-770
U-JVHC4O8NM292,CA-AZ-00000054,23D,CONDO_UNIT,2058.0,5,RENTED,96-9958-859
U-4XY8A29RJJ5L,CA-AZ-00000054,23B,CONDO_UNIT,2985.0,3,OWNER_OCCUPIED,52-8380-874
U-28KCXHHDAS1C,CA-AZ-00000054,26G,CONDO_UNIT,758.0,3,RENTED,19-9312-952
U-LS9TZJ9VFA9S,CA-AZ-00000054,34C,CONDO_UNIT,2861.0,4,OWNER_OCCUPIED,35-9918-146
U-GAQHCB82OXLM,CA-AZ-00000054,4H,CONDO_UNIT,2529.0,4,OWNER_OCCUPIED,12-6719-807
U-X7ACCDZZC5A8,CA-AZ-00000054,33F,CONDO_UNIT,1097.0,3,RENTED,97-4150-781
U-J7A0KLL5ZNLN,CA-AZ-00000054,6E,CONDO_UNIT,1286.0,3,RENTED,82-9881-556
U-C6CGELVD3DD4,CA-AZ-00000054,33D,CONDO_UNIT,804.0,3,RENTED,27-7739-932
U-CE3OZKDZWACZ,CA-AZ-00000054,15A,CONDO_UNIT,2512.0,3,OWNER_OCCUPIED,90-7392-766
U-QIH029NLKLOG,CA-AZ-00000054,33A,CONDO_UNIT,1730.0,3,OWNER_OCCUPIED,35-9395-790
U-902A0NW60JSC,CA-AZ-00000054,35D,CONDO_UNIT,2007.0,5,OWNER_OCCUPIED,99-9223-602
U-GK783NC8MQ5S,CA-AZ-00000054,6F,CONDO_UNIT,1023.0,3,OWNER_OCCUPIED,57-3743-737
U-PILEREKJS7YU,CA-AZ-00000054,4C,CONDO_UNIT,,2,OWNER_OCCUPIED,32-7290-421
U-1XIJBW4SE9DN,CA-AZ-00000054,25C,CONDO_UNIT,1580.0,1,OWNER_OCCUPIED,18-4598-116
U-AECP3GKQRYY8,CA-AZ-00000054,24F,CONDO_UNIT,3177.0,2,OWNER_OCCUPIED,70-1385-776
U-EBLQWXW0SQGO,CA-AZ-00000054,38G,CONDO_UNIT,1902.0,1,OWNER_OCCUPIED,
U-QPKWQZZGUS8P,CA-AZ-00000054,7E,CONDO_UNIT,845.0,3,RENTED,26-1745-197
U-C52R3AKEZ70I,CA-AZ-00000054,9D,CONDO_UNIT,1001.0,4,OWNER_OCCUPIED,19-8067-515
U-0WXLL5UBEVSZ,CA-AZ-00000054,22B,CONDO_UNIT,1132.0,2,OWNER_OCCUPIED,40-1983-301
U-RLN7OGKH50K2,CA-AZ-00000054,35E,CONDO_UNIT,3028.0,4,OWNER_OCCUPIED,69-9140-454
U-5SAXQC63RJLB,CA-AZ-00000054,10H,CONDO_UNIT,2734.0,3,OWNER_OCCUPIED,39-8234-722
U-3OPBL120ETCC,CA-AZ-00000054,11H,CONDO_UNIT,1552.0,2,OWNER_OCCUPIED,63-8178-630
U-0NE6YIWDS2SL,CA-AZ-00000054,32F,CONDO_UNIT,1145.0,4,RENTED,91-6765-451
U-XVWBQ2C6X3WN,CA-AZ-00000054,14A,CONDO_UNIT,941.0,3,OWNER_OCCUPIED,23-3479-582
U-GMGWUTNYJNMX,CA-AZ-00000054,11F,CONDO_UNIT,1078.0,3,OWNER_OCCUPIED,65-6254-259
U-7O610HLSEFGB,CA-NY-00000055,5A,CONDO_UNIT,2988.0,2,OWNER_OCCUPIED,30-2010-948
U-5DKQBO8PNBIF,CA-NY-00000055,8F,CONDO_UNIT,3198.0,2,OWNER_OCCUPIED,10-7921-845
U-MOU6EZ96SJMH,CA-NY-00000055,17E,CONDO_UNIT,,4,OWNER_OCCUPIED,
U-5GTNOBC2F8DN,CA-NY-00000055,30F,CONDO_UNIT,2191.0,3,RENTED,62-1449-445
U-SMCJ2JGB36H2,CA-NY-00000055,3H,CONDO_UNIT,1329.0,2,OWNER_OCCUPIED,86-6447-618
U-U0RKTOC19YQ5,CA-NY-00000055,29D,CONDO_UNIT,2763.0,1,OWNER_OCCUPIED,14-6735-276
U-YU8TN8FQMJ22,CA-NY-00000055,26D,CONDO_UNIT,1731.0,2,RENTED,42-7713-135
U-KD7GD0NWEVHV,CA-NY-00000055,31A,CONDO_UNIT,1869.0,3,OWNER_OCCUPIED,14-6109-584
U-YCFVP1XNKVB2,CA-NY-00000055,13H,CONDO_UNIT,785.0,2,RENTED,14-6409-110
U-HO3G839JY193,CA-NY-00000055,1E,CONDO_UNIT,2113.0,4,OWNER_OCCUPIED,61-6246-870
U-OI5YRCE3SEMZ,CA-NY-00000055,30C,CONDO_UNIT,3032.0,1,OWNER_OCCUPIED,28-3142-968
U-V7IJTL48ORNR,CA-NY-00000055,11E,CONDO_UNIT,2141.0,4,RENTED,40-8143-543
U-AVH9KS02QH4E,CA-NY-00000055,37C,CONDO_UNIT,2348.0,3,OWNER_OCCUPIED,79-1362-592
U-VPIAGF9AHO3K,CA-NY-00000055,1C,CONDO_UNIT,1611.0,4,OWNER_OCCUPIED,28-2826-321
U-2K3RUUWY9ZW5,CA-NY-00000055,21E,CONDO_UNIT,2356.0,3,OWNER_OCCUPIED,41-7475-848
U-U8H1BQ2S2WMS,CA-NY-00000055,27B,CONDO_UNIT,754.0,3,OWNER_OCCUPIED,86-9753-674
U-0JWI0P91LERV,CA-NY-00000055,9G,CONDO_UNIT,1198.0,3,RENTED,33-3419-204
U-29IL1O5G5U6J,CA-NY-00000055,7B,CONDO_UNIT,2266.0,2,RENTED,18-7915-104
U-TG8325IUPZ88,CA-NY-00000055,30F,CONDO_UNIT,3005.0,2,RENTED,71-2076-796
U-DD6EAF0EZT9L,CA-NY-00000055,24A,CONDO_UNIT,1540.0,2,RENTED,53-2037-487
U-Q0P5MW1C8N3V,CA-NY-00000055,26A,CONDO_UNIT,1214.0,2,OWNER_OCCUPIED,83-6692-802
U-DKQAJ5JFV4FH,CA-NY-00000055,32H,CONDO_UNIT,1762.0,3,OWNER_OCCUPIED,22-4046-796
U-K8DZVR9D02U7,CA-NY-00000055,17H,CONDO_UNIT,2508.0,2,OWNER_OCCUPIED,56-9854-342
U-0LSHGDKH8DHX,CA-NY-00000055,13E,CONDO_UNIT,918.0,3,VACANT,90-2056-489
U-I31JWZ55H7W8,CA-NY-00000055,11F,CONDO_UNIT,2635.0,4,OWNER_OCCUPIED,98-3410-133
U-OTUX6J1YGSKQ,CA-NY-00000055,36G,CONDO_UNIT,1059.0,3,RENTED,20-7999-861
U-G7VH7L0MH78D,CA-NY-00000055,15G,CONDO_UNIT,1841.0,4,OWNER_OCCUPIED,11-6221-379
U-IQA123NCRJAV,CA-NY-00000055,24D,CONDO_UNIT,1363.0,2,RENTED,86-5957-976
U-AYWQ9P94JTGH,CA-NY-00000055,40B,CONDO_UNIT,2467.0,3,RENTED,98-7309-806
U-J8A2E3WM5QM2,CA-NY-00000055,17G,CONDO_UNIT,2429.0,2,RENTED,44-1800-332
U-VQ4RKP3WUDE7,CA-NY-00000055,4F,CONDO_UNIT,2323.0,3,OWNER_OCCUPIED,92-6277-264
U-SSG7FWPS64HM,CA-NY-00000055,24B,CONDO_UNIT,2547.0,4,OWNER_OCCUPIED,56-9385-501
U-ZXFMX9IYHOSD,CA-NY-00000055,30B,CONDO_UNIT,2440.0,2,OWNER_OCCUPIED,86-6453-455
U-9V73PUWSXVTI,CA-NY-00000055,4H,CONDO_UNIT,2782.0,2,RENTED,67-4348-817
U-3W6D6ZJ6ML55,CA-NY-00000055,38G,CONDO_UNIT,2244.0,2,RENTED,56-9103-367
U-BA2FYRY92HJQ,CA-NY-00000055,25D,CONDO_UNIT,,3,VACANT,83-9003-428
U-CXUOX18D4AG2,CA-NY-00000055,15E,CONDO_UNIT,2321.0,2,RENTED,18-9176-151
U-SUFV3DZWAVMC,CA-NY-00000055,6E,CONDO_UNIT,2475.0,2,OWNER_OCCUPIED,57-6275-229
U-ISYBW6MZKNTK,CA-NY-00000055,25D,CONDO_UNIT,1656.0,3,RENTED,49-7789-450
U-C7HKHBEDBPBX,CA-NY-00000055,17E,CONDO_UNIT,818.0,2,OWNER_OCCUPIED,47-2945-596
U-Y0WHKYI1W8Z6,CA-NY-00000055,30B,CONDO_UNIT,1272.0,4,OWNER_OCCUPIED,30-2507-920
U-NAPGFHTN9XED,CA-NY-00000055,2A,CONDO_UNIT,1614.0,4,OWNER_OCCUPIED,83-8858-106
U-1F42Q5IMLX6V,CA-NY-00000055,13F,CONDO_UNIT,2498.0,3,OWNER_OCCUPIED,82-7424-266
U-LAFSJWCCWWJA,CA-NY-00000055,3A,CONDO_UNIT,3198.0,3,RENTED,58-4957-729
U-MUX73A4RH7GN,CA-NY-00000055,21D,CONDO_UNIT,1860.0,3,OWNER_OCCUPIED,48-7376-500
U-SUG8NMLGCYEW,CA-NY-00000055,24E,CONDO_UNIT,1912.0,3,OWNER_OCCUPIED,10-8316-377
U-CD0Y4Q9YG0QL,CA-NY-00000055,40A,CONDO_UNIT,1678.0,3,OWNER_OCCUPIED,77-4950-687
U-C8HAJ0IRSC96,CA-NY-00000055,39H,CONDO_UNIT,2049.0,4,OWNER_OCCUPIED,24-3551-541
U-HCC1P7XHZ2FD,CA-NY-00000055,25G,CONDO_UNIT,2831.0,3,OWNER_OCCUPIED,72-5680-527
U-F4HN6MGWNOMF,CA-NY-00000055,38C,CONDO_UNIT,1985.0,4,OWNER_OCCUPIED,82-5979-995
U-K1R71PHQUZ3M,CA-NY-00000055,27E,CONDO_UNIT,2099.0,3,RENTED,65-7843-697
U-MXYRAEON3OV1,CA-NY-00000055,27E,CONDO_UNIT,922.0,1,OWNER_OCCUPIED,
U-W54OQLFJ8RM4,CA-NY-00000055,35A,CONDO_UNIT,1876.0,3,OWNER_OCCUPIED,
U-8OS23SBKP1L4,CA-NY-00000055,11A,CONDO_UNIT,1296.0,2,OWNER_OCCUPIED,38-1204-278
U-UYKZN946NLZ5,CA-NY-00000055,19H,CONDO_UNIT,2580.0,3,OWNER_OCCUPIED,96-6387-382
U-N2V0TIW5L5KV,CA-NY-00000055,39B,CONDO_UNIT,2073.0,2,OWNER_OCCUPIED,92-6566-246
U-EZXLEAYCDY1Q,CA-NY-00000055,5B,CONDO_UNIT,,4,OWNER_OCCUPIED,13-9892-724
U-Z7BYK9L1WDX6,CA-NY-00000055,18A,CONDO_UNIT,,3,OWNER_OCCUPIED,76-4406-368
U-69M0GAKASKDS,CA-NY-00000055,35G,CONDO_UNIT,2985.0,1,OWNER_OCCUPIED,51-6389-135
U-ZLM5VUQ41994,CA-NY-00000055,38G,CONDO_UNIT,771.0,5,RENTED,95-7942-701
U-JHND3J5H4L1M,CA-NV-00000056,24C,CONDO_UNIT,902.0,3,OWNER_OCCUPIED,27-7813-713
U-4DNUYJB54XRE,CA-NV-00000056,1C,CONDO_UNIT,2100.0,4,RENTED,
U-W5NV1VM2HJJH,CA-NV-00000056,23G,CONDO_UNIT,2602.0,2,RENTED,44-2393-348
U-006T5ESWX4YE,CA-NV-00000056,15D,CONDO_UNIT,3148.0,2,RENTED,35-2536-372
U-IJWPY51FS1OI,CA-NV-00000056,33H,CONDO_UNIT,3174.0,3,RENTED,34-3820-276
U-037GBKK3ILVS,CA-NV-00000056,36B,CONDO_UNIT,1696.0,3,OWNER_OCCUPIED,14-5766-244
U-YMWAZ5GKE1RZ,CA-NV-00000056,35D,CONDO_UNIT,1041.0,2,OWNER_OCCUPIED,42-1572-329
U-9640RGZXRI7S,CA-NV-00000056,15G,CONDO_UNIT,1314.0,1,OWNER_OCCUPIED,29-8970-731
U-PNKGD8ABFS83,CA-NV-00000056,18A,CONDO_UNIT,2196.0,2,RENTED,95-4491-498
U-FUEZ5LWDIJVT,CA-NV-00000056,38F,CONDO_UNIT,,2,OWNER_OCCUPIED,77-5674-620
U-77JJ6V0PMQF6,CA-NV-00000056,4E,CONDO_UNIT,1905.0,5,RENTED,56-7748-336
U-UV73L5KKYNLC,CA-NV-00000056,19F,CONDO_UNIT,1201.0,3,OWNER_OCCUPIED,95-7453-405
U-N55V6J9RUFIV,CA-NV-00000056,15G,CONDO_UNIT,3179.0,4,OWNER_OCCUPIED,88-4516-599
U-R6E1PEN4FE98,CA-NV-00000056,1D,CONDO_UNIT,1512.0,2,OWNER_OCCUPIED,27-3956-335
U-946BKCRHR7BP,CA-NV-00000056,11D,CONDO_UNIT,3124.0,3,OWNER_OCCUPIED,68-4436-331
U-8F9T6GXNYT2G,CA-NV-00000056,27D,CONDO_UNIT,1008.0,3,OWNER_OCCUPIED,57-2639-844
U-CS1UYSZDED8W,CA-NV-00000056,12B,CONDO_UNIT,2944.0,2,OWNER_OCCUPIED,62-5181-294
U-H706LGLGUQDV,CA-NV-00000056,9A,CONDO_UNIT,2964.0,3,OWNER_OCCUPIED,45-4210-947
U-W145WC01INHK,CA-NV-00000056,15A,CONDO_UNIT,2689.0,3,OWNER_OCCUPIED,74-4917-959
U-UBR6D6NWTV79,CA-NV-00000056,4C,CONDO_UNIT,1106.0,3,OWNER_OCCUPIED,32-8712-883
U-FKXM9PUWCF6H,CA-NV-00000056,6H,CONDO_UNIT,3010.0,2,OWNER_OCCUPIED,17-2746-647
U-BNKAFPCXEDE4,CA-NV-00000056,24B,CONDO_UNIT,,1,OWNER_OCCUPIED,78-6714-582
U-4I299IJ283DY,CA-NV-00000056,18F,CONDO_UNIT,2240.0,2,OWNER_OCCUPIED,32-2274-648
U-FO9RE3DVSB58,CA-NV-00000056,6A,CONDO_UNIT,1276.0,2,OWNER_OCCUPIED,
U-2YU7YF9UL42M,CA-NV-00000056,18H,CONDO_UNIT,964.0,2,OWNER_OCCUPIED,86-1877-311
U-NI976F7P9JP5,CA-NV-00000056,9C,CONDO_UNIT,2623.0,2,OWNER_OCCUPIED,85-1194-384
U-29MFF0GBVP8F,CA-NV-00000056,19H,CONDO_UNIT,2187.0,2,OWNER_OCCUPIED,93-7523-140
U-ZG42W6HDBM4I,CA-NV-00000056,37F,CONDO_UNIT,1026.0,1,RENTED,97-6209-386
U-3JDA0HXV2ZOT,CA-NV-00000056,34D,CONDO_UNIT,2162.0,4,VACANT,38-7998-367
U-LWQ1QU1RE07W,CA-NV-00000056,4E,CONDO_UNIT,2821.0,2,OWNER_OCCUPIED,42-9105-788
U-TCY7SXP271I1,CA-NV-00000056,7F,CONDO_UNIT,2875.0,4,VACANT,86-5285-482
U-D466Y42OCZUV,CA-NV-00000056,30F,CONDO_UNIT,2448.0,4,OWNER_OCCUPIED,
U-F28NWNL2URQN,CA-NV-00000056,12A,CONDO_UNIT,1656.0,2,OWNER_OCCUPIED,18-5726-419
U-3J8WRZ3XCCPL,CA-NV-00000056,1G,CONDO_UNIT,1559.0,2,RENTED,77-5360-140
U-CDCGBIZBQTOQ,CA-NV-00000056,4H,CONDO_UNIT,1608.0,3,VACANT,63-3346-558
U-MGL7DAOVXPKA,CA-NV-00000056,30A,CONDO_UNIT,,2,OWNER_OCCUPIED,60-7246-861
U-5TNA623BR3D7,CA-NV-00000056,9C,CONDO_UNIT,1343.0,3,OWNER_OCCUPIED,88-1685-426
U-D0E8C6TCNHJV,CA-NV-00000056,1G,CONDO_UNIT,2437.0,3,RENTED,15-2800-388
U-WC279IGFFEN1,CA-NV-00000056,38F,CONDO_UNIT,2231.0,2,OWNER_OCCUPIED,72-1323-988
U-23JK3OL8Z7FZ,CA-NV-00000056,34C,CONDO_UNIT,1728.0,3,OWNER_OCCUPIED,54-6385-102
U-9GFJ1PINIXWK,CA-NV-00000056,29H,CONDO_UNIT,1445.0,2,OWNER_OCCUPIED,98-4380-730
U-2EI2OP03KSGS,CA-NV-00000056,32A,CONDO_UNIT,1449.0,3,OWNER_OCCUPIED,48-8084-335
U-BUNOQ4GNW8Z4,CA-NV-00000056,20B,CONDO_UNIT,820.0,2,RENTED,63-5879-941
U-9LJ3LSJKOQZE,CA-NV-00000056,29B,CONDO_UNIT,1693.0,2,OWNER_OCCUPIED,91-3859-633
U-6QH7131PL1TK,CA-NV-00000056,32E,CONDO_UNIT,1836.0,5,RENTED,45-1960-293
U-6BBX4IO16UM6,CA-NV-00000056,36C,CONDO_UNIT,1530.0,2,OWNER_OCCUPIED,52-5009-323
U-MP391S8131YK,CA-NV-00000056,10A,CONDO_UNIT,1555.0,4,OWNER_OCCUPIED,
U-H3QO2CNQ8DLD,CA-NV-00000056,6F,CONDO_UNIT,2814.0,2,OWNER_OCCUPIED,18-6794-349
U-VFCMQ0OB1N6Q,CA-NV-00000056,24A,CONDO_UNIT,2448.0,4,OWNER_OCCUPIED,27-2978-992
U-2CXV3CX4KAFR,CA-NV-00000056,9A,CONDO_UNIT,2025.0,2,OWNER_OCCUPIED,62-4091-666
U-AWG5753PIXDI,CA-NV-00000056,4H,CONDO_UNIT,3094.0,3,RENTED,20-5527-211
U-J9GZKVBN9JNE,CA-NV-00000056,13D,CONDO_UNIT,2723.0,4,OWNER_OCCUPIED,27-9850-843
U-VLLBTXJUVRM2,CA-NV-00000056,38H,CONDO_UNIT,1313.0,3,OWNER_OCCUPIED,82-9899-282
U-G2MYAXKEAKVO,CA-NV-00000056,8H,CONDO_UNIT,1967.0,4,OWNER_OCCUPIED,93-1513-838
U-MZTNE0V4HU27,CA-NV-00000056,1A,CONDO_UNIT,1173.0,3,RENTED,86-6483-981
U-X5NYQ3YHGMLT,CA-NV-00000056,32A,CONDO_UNIT,1039.0,3,OWNER_OCCUPIED,25-9036-343
U-YNHFKUGMMULT,CA-NV-00000056,36H,CONDO_UNIT,,4,OWNER_OCCUPIED,87-4534-456
U-6YYDCM3T19LF,CA-NV-00000056,31D,CONDO_UNIT,1799.0,2,RENTED,65-2350-885
U-FXW7PT0RKXQL,CA-NV-00000056,21D,CONDO_UNIT,2451.0,3,OWNER_OCCUPIED,55-1591-946
U-NWD7E0L4OL5K,CA-NV-00000056,27E,CONDO_UNIT,1619.0,2,RENTED,50-7250-874
U-WTLBN4DBZXAI,CA-FL-00000057,27D,CONDO_UNIT,2162.0,3,OWNER_OCCUPIED,28-2457-537
U-3OH640IW8CYS,CA-FL-00000057,21E,CONDO_UNIT,1464.0,1,OWNER_OCCUPIED,53-8384-855
U-R7E563025SDI,CA-FL-00000057,12F,CONDO_UNIT,1642.0,3,OWNER_OCCUPIED,55-8591-804
U-SN5QC35AZNP7,CA-FL-00000057,37F,CONDO_UNIT,,4,RENTED,16-7895-625
U-WN40E1JJDZCY,CA-FL-00000057,1E,CONDO_UNIT,2435.0,3,OWNER_OCCUPIED,84-7353-151
U-A5TYASDWTTVZ,CA-FL-00000057,38C,CONDO_UNIT,2969.0,1,OWNER_OCCUPIED,81-2733-725
U-T5EOA48QNPAS,CA-FL-00000057,34G,CONDO_UNIT,1958.0,3,OWNER_OCCUPIED,86-2417-441
U-ESIS69OP2C8H,CA-FL-00000057,14B,CONDO_UNIT,2537.0,4,OWNER_OCCUPIED,51-3254-830
U-80YPG2MIRXC5,CA-FL-00000057,9F,CONDO_UNIT,2386.0,3,OWNER_OCCUPIED,86-2797-566
U-GDLTGGD08KIM,CA-FL-00000057,13D,CONDO_UNIT,700.0,3,OWNER_OCCUPIED,91-9274-551
U-LK0PLZTE44RW,CA-FL-00000057,36C,CONDO_UNIT,1170.0,4,RENTED,72-8718-386
U-36MHCCLXNTXL,CA-FL-00000057,27G,CONDO_UNIT,1547.0,3,RENTED,72-2281-333
U-LF0XSZ6XJ3AN,CA-FL-00000057,30C,CONDO_UNIT,3192.0,4,OWNER_OCCUPIED,63-3572-830
U-153W56I9PYQL,CA-FL-00000057,7A,CONDO_UNIT,2938.0,2,OWNER_OCCUPIED,24-9515-290
U-9BAY6B0M1G0E,CA-FL-00000057,32D,CONDO_UNIT,1203.0,4,RENTED,95-1176-547
U-OKPM4SJSSZXQ,CA-FL-00000057,36E,CONDO_UNIT,2700.0,3,RENTED,55-8622-817
U-UDKVQ84PXW7V,CA-FL-00000057,12D,CONDO_UNIT,2989.0,4,OWNER_OCCUPIED,93-4345-236
U-1Y8O4TXVSFAG,CA-FL-00000057,25F,CONDO_UNIT,,2,OWNER_OCCUPIED,27-5284-196
U-D1BPO49IM4KN,CA-FL-00000057,28A,CONDO_UNIT,2983.0,2,RENTED,79-5431-905
U-9WU1VB1H8TOF,CA-FL-00000057,37H,CONDO_UNIT,2193.0,2,VACANT,35-6493-407
U-WOCKI4MHXSG5,CA-FL-00000057,36F,CONDO_UNIT,921.0,2,VACANT,76-6435-690
U-7L9BGDYBOJ52,CA-FL-00000057,16D,CONDO_UNIT,,2,OWNER_OCCUPIED,47-8206-226
U-2UR3FCR5V730,CA-FL-00000057,19C,CONDO_UNIT,3147.0,2,OWNER_OCCUPIED,27-9122-373
U-TEZ66190RUII,CA-FL-00000057,18A,CONDO_UNIT,1774.0,3,RENTED,63-6226-194
U-ORJR9LY6PSF1,CA-CA-00000058,100,TOWNHOME,2459.0,3,RENTED,22-8587-225
U-CV84XVDN0A59,CA-CA-00000058,101,SINGLE_FAMILY,655.0,2,OWNER_OCCUPIED,64-3634-854
U-LGS48A8HTS1P,CA-CA-00000058,102,TOWNHOME,1824.0,2,VACANT,49-2436-774
U-T03VSZVGGHUG,CA-CA-00000058,103,TOWNHOME,2299.0,3,OWNER_OCCUPIED,70-7013-481
U-T2KRYNLAF0PH,CA-CA-00000058,104,TOWNHOME,1107.0,2,OWNER_OCCUPIED,68-7072-119
U-CFO1YN1U4L8X,CA-CA-00000058,105,TOWNHOME,1051.0,2,OWNER_OCCUPIED,64-7912-281
U-3JPA9FYSRCBJ,CA-CA-00000058,106,SINGLE_FAMILY,2813.0,3,OWNER_OCCUPIED,68-4920-712
U-WVX12I21IHHQ,CA-CA-00000058,107,TOWNHOME,2748.0,2,RENTED,84-9672-253
U-S8H5PT6NGFLR,CA-CA-00000058,108,TOWNHOME,3120.0,4,OWNER_OCCUPIED,79-9036-338
U-EUSNS7VBHHKV,CA-CA-00000058,109,TOWNHOME,3176.0,3,OWNER_OCCUPIED,29-3527-518
U-GDCOQ93TOPZZ,CA-CA-00000058,110,TOWNHOME,2832.0,5,VACANT,93-8173-371
U-S26IBHRBP9FE,CA-CA-00000058,111,TOWNHOME,1639.0,2,VACANT,73-4077-498
U-DT2DTOOHUAIN,CA-CA-00000058,112,TOWNHOME,1733.0,3,RENTED,54-8795-883
U-3XSBQTYKIXZS,CA-CA-00000058,113,SINGLE_FAMILY,683.0,1,OWNER_OCCUPIED,75-8024-544
U-29X5LAL5WL10,CA-CA-00000058,114,SINGLE_FAMILY,3137.0,3,OWNER_OCCUPIED,51-4847-490
U-WOZRZUWQFFP5,CA-CA-00000058,115,TOWNHOME,996.0,3,OWNER_OCCUPIED,14-1171-251
U-AQNC4429W1YY,CA-CA-00000058,116,TOWNHOME,2851.0,3,RENTED,55-4937-991
U-XYEP6C15R5BO,CA-CA-00000058,117,TOWNHOME,3180.0,3,VACANT,54-4588-987
U-55JMPGGD0TWK,CA-CA-00000058,118,SINGLE_FAMILY,3197.0,4,OWNER_OCCUPIED,20-8327-511
U-HBTLVVBA0YPN,CA-CA-00000058,119,SINGLE_FAMILY,,4,RENTED,24-2043-927
U-SRB3XC39YUV3,CA-CA-00000058,120,SINGLE_FAMILY,1778.0,2,OWNER_OCCUPIED,76-7496-238
U-AXTCFSBNB70U,CA-CA-00000058,121,SINGLE_FAMILY,2322.0,1,RENTED,77-7898-433
U-WTTJ8VI73MLC,CA-CA-00000058,122,TOWNHOME,2696.0,3,VACANT,57-5153-622
U-LQMNI47BN9V9,CA-CA-00000058,123,TOWNHOME,2252.0,4,OWNER_OCCUPIED,27-4623-442
U-PW4PB9M9W44X,CA-CA-00000058,124,SINGLE_FAMILY,2403.0,2,OWNER_OCCUPIED,70-5073-697
U-7LJQ54BG5C21,CA-CA-00000058,125,SINGLE_FAMILY,2237.0,4,OWNER_OCCUPIED,27-8464-532
U-R61LJXGD3UEX,CA-CA-00000058,126,TOWNHOME,1197.0,2,OWNER_OCCUPIED,80-2786-901
U-82A6TDJ9IT1A,CA-CA-00000058,127,SINGLE_FAMILY,1538.0,4,RENTED,66-5329-748
U-2PO6TOT087BB,CA-CA-00000058,128,SINGLE_FAMILY,2928.0,3,OWNER_OCCUPIED,37-9920-218
U-QN664JY908QD,CA-CA-00000058,129,TOWNHOME,2619.0,3,VACANT,45-2746-918
U-595EY4948JO5,CA-CA-00000058,130,TOWNHOME,2047.0,2,OWNER_OCCUPIED,
U-7OFOPTK2YI5Y,CA-CA-00000058,131,TOWNHOME,2682.0,2,OWNER_OCCUPIED,55-1746-272
U-J72I2DPGPJ4W,CA-CA-00000058,132,SINGLE_FAMILY,2255.0,1,OWNER_OCCUPIED,76-4828-513
U-ZTCNHDMWC9ME,CA-CA-00000058,133,SINGLE_FAMILY,2469.0,4,OWNER_OCCUPIED,70-4074-404
U-Q32Q0IW3D1CZ,CA-CA-00000058,134,TOWNHOME,2933.0,2,OWNER_OCCUPIED,53-9563-933
U-XEW1ZYKSLJ5H,CA-CA-00000058,135,TOWNHOME,3003.0,3,OWNER_OCCUPIED,62-6595-549
U-RU4NSIKFESVJ,CA-OH-00000059,21B,CONDO_UNIT,1166.0,2,OWNER_OCCUPIED,65-4881-418
U-TA84DQ6XNVEL,CA-OH-00000059,14D,CONDO_UNIT,2081.0,4,OWNER_OCCUPIED,58-2566-382
U-PYN89MRGP8J0,CA-OH-00000059,6D,CONDO_UNIT,2662.0,3,OWNER_OCCUPIED,
U-ENXXKMLMK4XL,CA-OH-00000059,13H,CONDO_UNIT,2221.0,3,VACANT,86-7456-536
U-04STIS5NTT4Z,CA-OH-00000059,13A,CONDO_UNIT,3124.0,1,RENTED,59-5513-356
U-MIXNAM0YWS4R,CA-OH-00000059,14A,CONDO_UNIT,,3,RENTED,27-8487-287
U-F2HP4C3FX6LB,CA-OH-00000059,30D,CONDO_UNIT,1990.0,4,OWNER_OCCUPIED,94-6997-366
U-VB2158U514DY,CA-OH-00000059,23G,CONDO_UNIT,2373.0,1,OWNER_OCCUPIED,13-8510-260
U-Q5ZDXI7NDCWD,CA-OH-00000059,13G,CONDO_UNIT,1921.0,3,VACANT,30-6909-395
U-5GBOTXXGSH4V,CA-OH-00000059,40D,CONDO_UNIT,3094.0,2,OWNER_OCCUPIED,81-3739-259
U-LXKRGJQMNDS1,CA-OH-00000059,33F,CONDO_UNIT,1476.0,3,OWNER_OCCUPIED,54-8439-159
U-H0CECI1ZSMH1,CA-OH-00000059,17C,CONDO_UNIT,,2,OWNER_OCCUPIED,52-5727-792
U-1L2KSZIPSHYN,CA-OH-00000059,24E,CONDO_UNIT,1437.0,4,RENTED,53-3832-165
U-MRYKN8A280X3,CA-OH-00000059,10E,CONDO_UNIT,2116.0,3,OWNER_OCCUPIED,12-9938-147
U-XC23F6ZHMNG4,CA-OH-00000059,27D,CONDO_UNIT,1277.0,3,RENTED,26-3691-519
U-3WO9EKL6DXJE,CA-OH-00000059,40G,CONDO_UNIT,2454.0,3,OWNER_OCCUPIED,
U-3CEMVHPKHGYG,CA-OH-00000059,23E,CONDO_UNIT,816.0,2,RENTED,82-4084-188
U-B5MCQGZDKMQ9,CA-OH-00000059,36H,CONDO_UNIT,1312.0,3,OWNER_OCCUPIED,37-6402-539
U-K9UAWWPVC0AZ,CA-OH-00000059,28H,CONDO_UNIT,2255.0,3,OWNER_OCCUPIED,77-2773-683
U-9E6UU3YJEIXV,CA-OH-00000059,1A,CONDO_UNIT,1022.0,2,OWNER_OCCUPIED,51-9514-878
U-OH7QLH5BS3VO,CA-OH-00000059,28G,CONDO_UNIT,2833.0,2,OWNER_OCCUPIED,37-2140-191
U-N6CYO51KW4HW,CA-OH-00000059,26F,CONDO_UNIT,1838.0,3,OWNER_OCCUPIED,66-9114-167
U-X7Y91QUB7TUL,CA-OH-00000059,25H,CONDO_UNIT,2008.0,4,OWNER_OCCUPIED,30-4085-202
U-JJM0GZ8TBF8A,CA-OH-00000059,40B,CONDO_UNIT,1766.0,1,OWNER_OCCUPIED,89-2891-424
U-E80KMCMXZYRJ,CA-OH-00000059,11G,CONDO_UNIT,2348.0,2,RENTED,62-5967-563
U-EYYZ0GMV0AKJ,CA-OH-00000059,35B,CONDO_UNIT,1782.0,2,RENTED,99-7556-640
U-X1G28P4ADXDF,CA-OH-00000059,25G,CONDO_UNIT,1713.0,4,RENTED,87-8998-101
U-FV4VAPI5D3LC,CA-OH-00000059,31F,CONDO_UNIT,1615.0,2,OWNER_OCCUPIED,54-4339-344
U-RRTB6I17TGNQ,CA-OH-00000059,32C,CONDO_UNIT,,2,OWNER_OCCUPIED,10-4271-989
U-G8U3J16C7I7M,CA-OH-00000059,39G,CONDO_UNIT,3149.0,2,OWNER_OCCUPIED,48-3586-244
U-OPDKHV4BH87Y,CA-OH-00000059,8D,CONDO_UNIT,,4,OWNER_OCCUPIED,58-8079-608
U-DOP6HD7LG1EF,CA-OH-00000059,21D,CONDO_UNIT,2745.0,3,RENTED,86-8321-880
U-WHJ4MPLIXMEV,CA-OH-00000059,1G,CONDO_UNIT,2424.0,2,OWNER_OCCUPIED,92-2250-431
U-KFJQH5QMDHRA,CA-OH-00000059,13E,CONDO_UNIT,1685.0,2,OWNER_OCCUPIED,58-7502-305
U-3OKQFC6O8Y7H,CA-OH-00000059,32G,CONDO_UNIT,2620.0,3,OWNER_OCCUPIED,59-8853-744
U-4GVOH6DIHR10,CA-OH-00000059,36C,CONDO_UNIT,2502.0,1,OWNER_OCCUPIED,71-2976-717
U-UC4KDTE0M890,CA-OH-00000059,14E,CONDO_UNIT,1986.0,5,OWNER_OCCUPIED,
U-P548QLOLDA6N,CA-OH-00000059,24C,CONDO_UNIT,1428.0,2,OWNER_OCCUPIED,77-1753-660
U-S2BUG35I0803,CA-OH-00000059,5B,CONDO_UNIT,1212.0,3,OWNER_OCCUPIED,27-4839-994
U-T3NUL5DYVF8Q,CA-OH-00000059,10D,CONDO_UNIT,,2,OWNER_OCCUPIED,38-4675-690
U-TYCZ8W9U1Q2T,CA-OH-00000059,30C,CONDO_UNIT,2566.0,2,OWNER_OCCUPIED,30-5028-500
U-ATKE1314LKY2,CA-OH-00000059,25F,CONDO_UNIT,1460.0,1,OWNER_OCCUPIED,58-9648-166
U-LY4W3WESPB4S,CA-OH-00000059,5D,CONDO_UNIT,,1,OWNER_OCCUPIED,37-2960-396
U-6UT1C8PO6AMA,CA-OH-00000059,30E,CONDO_UNIT,2041.0,1,OWNER_OCCUPIED,31-8225-199
U-3VU58FS9X1E2,CA-OH-00000059,6G,CONDO_UNIT,2323.0,4,OWNER_OCCUPIED,77-6414-984
U-E6XIIDR90RXC,CA-OH-00000059,16H,CONDO_UNIT,1300.0,2,RENTED,44-3001-835
U-LM5TSDPLS9EK,CA-OH-00000059,18G,CONDO_UNIT,2699.0,2,OWNER_OCCUPIED,31-1961-911
U-6153X7S445Y4,CA-OH-00000059,36F,CONDO_UNIT,1144.0,4,OWNER_OCCUPIED,15-3156-295
U-1N6WVOFVDJBE,CA-OH-00000059,9D,CONDO_UNIT,1583.0,4,OWNER_OCCUPIED,60-1803-246
U-QOUQ6TJQ128T,CA-OH-00000059,40D,CONDO_UNIT,2828.0,2,OWNER_OCCUPIED,15-6703-190
U-A30JIAWB9FDE,CA-OH-00000059,6E,CONDO_UNIT,1357.0,2,RENTED,48-4834-121
U-JKNQWK2UHU4A,CA-OH-00000059,2B,CONDO_UNIT,2369.0,3,RENTED,45-6893-107
U-CDNXHBA14CAZ,CA-OH-00000059,7G,CONDO_UNIT,2296.0,3,OWNER_OCCUPIED,98-9822-790
U-6297SELS3CDO,CA-OH-00000059,26C,CONDO_UNIT,1800.0,2,OWNER_OCCUPIED,66-3329-971
U-7RQCIU4XOA8C,CA-OH-00000059,1E,CONDO_UNIT,1856.0,5,OWNER_OCCUPIED,34-2118-739
U-BPZO9SN3EZ22,CA-OH-00000059,37D,CONDO_UNIT,2753.0,4,RENTED,93-1835-926
U-2R27YD6FONM4,CA-NY-00000060,18B,CONDO_UNIT,1942.0,2,OWNER_OCCUPIED,68-2837-185
U-3F7ASXYW1GNP,CA-NY-00000060,38C,CONDO_UNIT,2326.0,2,RENTED,54-8543-531
U-CBZ45G5VWXT4,CA-NY-00000060,27B,CONDO_UNIT,2765.0,3,OWNER_OCCUPIED,
U-JKFV54TH3EYC,CA-NY-00000060,16D,CONDO_UNIT,2878.0,3,OWNER_OCCUPIED,45-1120-148
U-I75ML06U3DK5,CA-NY-00000060,28F,CONDO_UNIT,1256.0,4,OWNER_OCCUPIED,96-1760-725
U-LCYQVAOO4116,CA-NY-00000060,34D,CONDO_UNIT,2370.0,4,OWNER_OCCUPIED,58-3180-518
U-V8CZNQ85QZLV,CA-NY-00000060,37E,CONDO_UNIT,1386.0,3,OWNER_OCCUPIED,44-9851-747
U-W7TDWDELFQ3B,CA-NY-00000060,3H,CONDO_UNIT,2034.0,1,OWNER_OCCUPIED,78-2316-656
U-020ZTX6P8Z5D,CA-NY-00000060,37B,CONDO_UNIT,1472.0,3,OWNER_OCCUPIED,20-5895-996
U-GDJWXTLT5GX7,CA-NY-00000060,20A,CONDO_UNIT,1374.0,2,OWNER_OCCUPIED,35-6860-960
U-P1HXRIBXAL1L,CA-NY-00000060,33E,CONDO_UNIT,1669.0,5,OWNER_OCCUPIED,15-6273-403
U-8NPR2XC6UAWZ,CA-NY-00000060,37E,CONDO_UNIT,2367.0,1,OWNER_OCCUPIED,25-2518-870
U-BZM0FROC90VF,CA-NY-00000060,2F,CONDO_UNIT,3068.0,5,OWNER_OCCUPIED,
U-21KCP41YB606,CA-NY-00000060,32F,CONDO_UNIT,1417.0,1,OWNER_OCCUPIED,82-3930-942
U-7HZLQEIRO08X,CA-NY-00000060,12A,CONDO_UNIT,1536.0,2,RENTED,87-4166-950
U-1IQ76PR77NTH,CA-NY-00000060,12E,CONDO_UNIT,1852.0,3,OWNER_OCCUPIED,81-9327-663
U-05PRWK2TYPN3,CA-NY-00000060,24B,CONDO_UNIT,3032.0,2,OWNER_OCCUPIED,43-7322-651
U-Y4WUNOFYR5LD,CA-NY-00000060,30H,CONDO_UNIT,1635.0,2,OWNER_OCCUPIED,81-8838-781
U-RK71VXC8ACT4,CA-NY-00000060,12H,CONDO_UNIT,2978.0,4,VACANT,95-9836-617
U-2YPZK78LZX4Q,CA-NY-00000060,19G,CONDO_UNIT,935.0,2,OWNER_OCCUPIED,21-9704-838
U-OLEIEKC4ZEWX,CA-NY-00000060,31A,CONDO_UNIT,2411.0,3,OWNER_OCCUPIED,91-5152-547
U-432DA1MIOB93,CA-NY-00000060,22F,CONDO_UNIT,1325.0,2,OWNER_OCCUPIED,43-7321-483
U-MY7VZU88HLNI,CA-NY-00000060,1C,CONDO_UNIT,2546.0,3,OWNER_OCCUPIED,74-1822-161
U-F0VBZ9J9L4MY,CA-NY-00000060,16E,CONDO_UNIT,1537.0,2,OWNER_OCCUPIED,18-4084-230
U-9ZC2WOU0JSMS,CA-NY-00000060,1E,CONDO_UNIT,2763.0,4,OWNER_OCCUPIED,68-6171-622
U-JMFDXQWJK4SM,CA-NY-00000060,35A,CONDO_UNIT,2204.0,2,RENTED,69-9592-303
U-93F4KZL67VR9,CA-NY-00000060,18E,CONDO_UNIT,1643.0,1,RENTED,27-1702-693
U-8QVY3VDCEG1M,CA-NY-00000060,7C,CONDO_UNIT,2729.0,2,OWNER_OCCUPIED,14-6319-397
U-4ZYFIA14QRCB,CA-NY-00000060,3D,CONDO_UNIT,2415.0,1,OWNER_OCCUPIED,69-9347-864
U-KFQJTP9H139F,CA-NY-00000060,15F,CONDO_UNIT,1644.0,2,OWNER_OCCUPIED,40-1903-864
U-MMGW5JM8PFJD,CA-NY-00000060,9B,CONDO_UNIT,2147.0,4,OWNER_OCCUPIED,88-3759-805
U-HRED71QXQCRW,CA-NY-00000060,12E,CONDO_UNIT,2057.0,2,RENTED,93-8177-171
U-D4N1924HYEF2,CA-NY-00000060,21G,CONDO_UNIT,2992.0,4,VACANT,57-9413-318
U-Z32A4TMZEGG2,CA-NY-00000060,23A,CONDO_UNIT,2660.0,3,OWNER_OCCUPIED,33-2809-863
U-AI237S4BI976,CA-NY-00000060,20H,CONDO_UNIT,,3,RENTED,89-1043-845
U-0WUOWJ09IOGL,CA-NY-00000060,2C,CONDO_UNIT,,1,OWNER_OCCUPIED,75-8726-105
U-Y8B5G9MEGTIZ,CA-NY-00000060,25A,CONDO_UNIT,2814.0,1,OWNER_OCCUPIED,67-2909-955
U-45K5G336WDER,CA-NY-00000060,37A,CONDO_UNIT,2365.0,2,RENTED,90-9235-473
U-QPBQ7EA3MFK5,CA-NY-00000060,1G,CONDO_UNIT,1466.0,2,OWNER_OCCUPIED,17-6725-258
U-4JD8P32WL6NO,CA-NY-00000060,30G,CONDO_UNIT,1691.0,2,RENTED,31-9274-412
U-AA6AZH7PGSRD,CA-NY-00000060,31D,CONDO_UNIT,1380.0,2,OWNER_OCCUPIED,94-9883-806
U-IR26XF9ZJBME,CA-NY-00000060,32G,CONDO_UNIT,2857.0,5,VACANT,15-1826-136
U-AMD9TNXJVIH8,CA-NY-00000060,20B,CONDO_UNIT,1175.0,2,OWNER_OCCUPIED,38-2412-427
U-8MMSXSN1QDYD,CA-NY-00000060,15C,CONDO_UNIT,2661.0,1,RENTED,42-7359-648
U-7LDHTIN9Y4TL,CA-NY-00000060,40D,CONDO_UNIT,2300.0,3,VACANT,18-8699-982
U-38QI5XCPGBK0,CA-NY-00000060,37H,CONDO_UNIT,2587.0,3,OWNER_OCCUPIED,
U-FNXRL47VZ0PA,CA-NY-00000060,8G,CONDO_UNIT,2240.0,1,VACANT,22-2391-939
U-0UTEDARSKM3A,CA-NY-00000060,32F,CONDO_UNIT,1461.0,3,OWNER_OCCUPIED,84-3205-613
U-WOUSOXLOPJLJ,CA-NY-00000060,38G,CONDO_UNIT,1344.0,2,OWNER_OCCUPIED,82-3509-446
U-1TIA2MCZTQO9,CA-NY-00000060,16E,CONDO_UNIT,3177.0,1,RENTED,
U-S4KUT7646P97,CA-NY-00000060,29D,CONDO_UNIT,2684.0,3,RENTED,27-9223-180
U-7DXD9QDAKG8R,CA-NY-00000060,15G,CONDO_UNIT,,2,OWNER_OCCUPIED,23-8761-741
U-WSWA2BA3IC4W,CA-NY-00000060,8E,CONDO_UNIT,3061.0,1,RENTED,41-3648-211
U-MW55UQRFKXZ8,CA-NY-00000060,21G,CONDO_UNIT,,3,RENTED,64-2616-482
U-6W0H67WPRB98,CA-NY-00000060,7E,CONDO_UNIT,1136.0,3,RENTED,11-9370-907
U-I754NPUT2UTC,CA-NY-00000060,25G,CONDO_UNIT,3177.0,3,OWNER_OCCUPIED,82-3585-846
U-ZQQA43P2M727,CA-NY-00000060,28F,CONDO_UNIT,2492.0,2,VACANT,69-9035-544
U-RY2WA6L0OEXI,CA-NY-00000060,31D,CONDO_UNIT,1567.0,3,OWNER_OCCUPIED,98-2529-780
U-ZPUOMBI36N4A,CA-NY-00000060,24C,CONDO_UNIT,2533.0,5,VACANT,41-4569-103
U-WSPUGWSAFZYF,CA-NY-00000060,23F,CONDO_UNIT,2697.0,2,RENTED,76-9806-320
U-3BVUCZV0PGXC,CA-NC-00000061,100,TOWNHOME,1570.0,3,OWNER_OCCUPIED,72-6083-970
U-AT6TOEZ1FVW3,CA-NC-00000061,101,TOWNHOME,1698.0,2,OWNER_OCCUPIED,16-5106-206
U-7W218GAVFXC6,CA-NC-00000061,102,TOWNHOME,1063.0,2,RENTED,17-2032-793
U-SEEJMV2F6RCS,CA-NC-00000061,103,SINGLE_FAMILY,741.0,2,OWNER_OCCUPIED,81-7514-133
U-B7N5WRK7RZ6K,CA-NC-00000061,104,TOWNHOME,2064.0,2,OWNER_OCCUPIED,33-5052-980
U-7MVO9KWMOGYN,CA-NC-00000061,105,SINGLE_FAMILY,2337.0,3,OWNER_OCCUPIED,16-8314-401
U-HG24A9DNOQ3X,CA-NC-00000061,106,TOWNHOME,2615.0,3,OWNER_OCCUPIED,36-5337-166
U-2F8J7JVYLMAA,CA-NC-00000061,107,TOWNHOME,2088.0,3,OWNER_OCCUPIED,15-7203-313
U-VJ0N2H7DBWU5,CA-NC-00000061,108,SINGLE_FAMILY,1797.0,5,OWNER_OCCUPIED,70-1423-850
U-UFABV94IY7X3,CA-NC-00000061,109,SINGLE_FAMILY,1170.0,2,VACANT,80-8020-469
U-0E95VZ90F16H,CA-NC-00000061,110,TOWNHOME,2401.0,2,OWNER_OCCUPIED,75-4470-771
U-JERDQEZPR3DF,CA-NC-00000061,111,SINGLE_FAMILY,1261.0,2,VACANT,82-3013-354
U-NCNMG14ZZ9ZW,CA-NC-00000061,112,SINGLE_FAMILY,764.0,3,OWNER_OCCUPIED,95-9133-192
U-TTVGTEKT3DHE,CA-NC-00000061,113,TOWNHOME,1518.0,3,RENTED,99-8195-999
U-FZHFEFPQ50O0,CA-NC-00000061,114,SINGLE_FAMILY,1679.0,2,OWNER_OCCUPIED,76-8948-932
U-RVJQZPLJCMVY,CA-NC-00000061,115,TOWNHOME,,3,OWNER_OCCUPIED,32-5042-747
U-J4X1JNUVLATZ,CA-NC-00000061,116,SINGLE_FAMILY,1953.0,4,OWNER_OCCUPIED,79-2980-861
U-YAPG2AZ7GKXQ,CA-NC-00000061,117,TOWNHOME,1711.0,3,OWNER_OCCUPIED,31-5616-630
U-VEEGS19ILPEB,CA-NC-00000061,118,TOWNHOME,842.0,3,OWNER_OCCUPIED,74-1070-708
U-GB3MWAZV1HMJ,CA-NC-00000061,119,SINGLE_FAMILY,1516.0,1,OWNER_OCCUPIED,84-3141-701
U-GDAYGRU244U2,CA-NC-00000061,120,SINGLE_FAMILY,2802.0,2,RENTED,95-5106-316
U-PBGGBAXRBI1D,CA-NC-00000061,121,SINGLE_FAMILY,2071.0,1,OWNER_OCCUPIED,47-7246-113
U-3FYTEM2F4ONB,CA-NC-00000061,122,TOWNHOME,3039.0,3,OWNER_OCCUPIED,83-5598-212
U-2D96IK7ZIEMY,CA-NC-00000061,123,SINGLE_FAMILY,737.0,3,OWNER_OCCUPIED,64-9292-385
U-JIEUYP7PRM99,CA-NC-00000061,124,SINGLE_FAMILY,2972.0,3,RENTED,86-6308-922
U-CUP5RB9VDX0B,CA-NC-00000061,125,TOWNHOME,1546.0,2,OWNER_OCCUPIED,29-2874-740
U-GJ81DL87XPI7,CA-NC-00000061,126,TOWNHOME,1764.0,3,OWNER_OCCUPIED,24-2053-451
U-F6E4Z1WMJZEF,CA-NC-00000061,127,TOWNHOME,1982.0,3,OWNER_OCCUPIED,39-7453-769
U-PTKD26A1ADT6,CA-NC-00000061,128,TOWNHOME,669.0,4,OWNER_OCCUPIED,45-5446-340
U-N18U0CSWSXRX,CA-NC-00000061,129,SINGLE_FAMILY,1984.0,1,OWNER_OCCUPIED,46-4906-510
U-66JVJ8H9KJSV,CA-NC-00000061,130,SINGLE_FAMILY,,5,OWNER_OCCUPIED,88-9862-195
U-G86DQ8G2K14I,CA-VA-00000062,100,SINGLE_FAMILY,,2,OWNER_OCCUPIED,82-1443-771
U-KSCQCDWNA2LF,CA-VA-00000062,101,TOWNHOME,2863.0,2,OWNER_OCCUPIED,84-5448-462
U-ZHGS50NZJUI7,CA-VA-00000062,102,TOWNHOME,1084.0,3,RENTED,80-9420-849
U-AW2059ZYGCQW,CA-VA-00000062,103,SINGLE_FAMILY,2659.0,3,OWNER_OCCUPIED,64-3106-355
U-L7TD04XFPP54,CA-VA-00000062,104,SINGLE_FAMILY,2492.0,5,RENTED,43-7373-579
U-22AJXF9V5LDM,CA-VA-00000062,105,TOWNHOME,2083.0,3,RENTED,95-6781-189
U-CU6A49XJYVAK,CA-VA-00000062,106,TOWNHOME,1924.0,4,OWNER_OCCUPIED,57-3370-948
U-PI6W380292YQ,CA-VA-00000062,107,SINGLE_FAMILY,2297.0,3,RENTED,92-5874-286
U-8I41RVA7MUDE,CA-VA-00000062,108,SINGLE_FAMILY,889.0,3,OWNER_OCCUPIED,38-6362-143
U-0BDFFE1OH6XM,CA-VA-00000062,109,TOWNHOME,655.0,1,VACANT,32-7826-451
U-S4H2PGXJEQ4A,CA-VA-00000062,110,TOWNHOME,2906.0,2,OWNER_OCCUPIED,26-1941-152
U-L7IJ90QL2D79,CA-VA-00000062,111,SINGLE_FAMILY,1551.0,2,RENTED,47-9308-325
U-4G405MY1J74I,CA-VA-00000062,112,TOWNHOME,1267.0,2,OWNER_OCCUPIED,85-7798-359
U-8QCNXHB9FP9Z,CA-VA-00000062,113,TOWNHOME,2560.0,1,OWNER_OCCUPIED,20-6478-444
U-J3Y681DDT8YK,CA-VA-00000062,114,TOWNHOME,969.0,3,RENTED,48-5360-814
U-W56071NMO3DE,CA-VA-00000062,115,TOWNHOME,1584.0,2,OWNER_OCCUPIED,98-5397-225
U-MM5W7HA7G9E8,CA-VA-00000062,116,TOWNHOME,2298.0,5,OWNER_OCCUPIED,94-4155-853
U-63WQ07CL8WP4,CA-VA-00000062,117,TOWNHOME,3171.0,4,OWNER_OCCUPIED,63-8719-539
U-EWZ20D745IBB,CA-VA-00000062,118,TOWNHOME,776.0,5,RENTED,16-6432-290
U-LMNP3ZDH4MQW,CA-VA-00000062,119,SINGLE_FAMILY,2818.0,2,OWNER_OCCUPIED,86-1133-270
U-2GJT5A1O3ZMR,CA-VA-00000062,120,TOWNHOME,1927.0,2,OWNER_OCCUPIED,31-2638-362
U-IC51MIQUY5CC,CA-VA-00000062,121,TOWNHOME,,3,RENTED,97-2974-671
U-FHZYW2K2YKKM,CA-VA-00000062,122,SINGLE_FAMILY,3186.0,3,RENTED,52-2316-816
U-GWQWVJNBCHUJ,CA-VA-00000062,123,TOWNHOME,1181.0,2,RENTED,24-3167-316
U-LN7WFMUEHG83,CA-VA-00000062,124,TOWNHOME,2457.0,3,RENTED,89-8550-675
U-IW0JUFZM8HEV,CA-VA-00000062,125,SINGLE_FAMILY,3034.0,5,OWNER_OCCUPIED,97-2373-622
U-50AIST7MNOED,CA-VA-00000062,126,SINGLE_FAMILY,2347.0,2,VACANT,91-7667-264
U-Q717Y5GISE6J,CA-VA-00000062,127,SINGLE_FAMILY,2087.0,1,RENTED,87-8411-451
U-XCJ0IJLMAEFC,CA-VA-00000062,128,SINGLE_FAMILY,2784.0,3,OWNER_OCCUPIED,36-2292-231
U-85ITSZAUF7FB,CA-VA-00000062,129,SINGLE_FAMILY,1914.0,4,RENTED,85-8187-146
U-5HTTNOKYAA8X,CA-VA-00000062,130,TOWNHOME,1992.0,3,OWNER_OCCUPIED,33-6985-781
U-V0FHLGEMJ9PJ,CA-VA-00000062,131,TOWNHOME,1561.0,3,OWNER_OCCUPIED,65-5889-397
U-HDSGC06L8ZG6,CA-VA-00000062,132,SINGLE_FAMILY,1961.0,5,OWNER_OCCUPIED,93-6314-946
U-LF3V2A830BF9,CA-VA-00000062,133,TOWNHOME,3018.0,3,VACANT,78-7657-997
U-STDOY760TKLH,CA-VA-00000062,134,TOWNHOME,1515.0,3,OWNER_OCCUPIED,22-8080-948
U-XAWRJFB5X34B,CA-VA-00000062,135,SINGLE_FAMILY,1853.0,4,OWNER_OCCUPIED,82-4715-716
U-RU4BJNDMV05G,CA-VA-00000062,136,TOWNHOME,2927.0,3,OWNER_OCCUPIED,49-2716-886
U-RDAS12Q314CZ,CA-VA-00000062,137,TOWNHOME,3061.0,4,OWNER_OCCUPIED,92-4269-567
U-WOSYLROIAW9U,CA-VA-00000062,138,SINGLE_FAMILY,3092.0,2,OWNER_OCCUPIED,83-4046-885
U-E59R4KPIQ701,CA-VA-00000063,100,TOWNHOME,2057.0,4,OWNER_OCCUPIED,58-5858-342
U-C9E82N39ECRP,CA-VA-00000063,101,TOWNHOME,2659.0,3,OWNER_OCCUPIED,44-4342-277
U-DECF77SY2U1J,CA-VA-00000063,102,TOWNHOME,,1,OWNER_OCCUPIED,92-8427-931
U-QZDLRP95JE2C,CA-VA-00000063,103,TOWNHOME,1357.0,2,RENTED,43-8828-867
U-SARVQXNJGYFJ,CA-VA-00000063,104,SINGLE_FAMILY,2541.0,1,OWNER_OCCUPIED,23-6216-943
U-OPW7A1GQE1IE,CA-VA-00000063,105,TOWNHOME,2442.0,5,OWNER_OCCUPIED,98-4945-313
U-1JIPM6TUXY8Z,CA-VA-00000063,106,TOWNHOME,3087.0,3,VACANT,45-1031-257
U-SPEN8ZJ6D553,CA-VA-00000063,107,TOWNHOME,876.0,2,OWNER_OCCUPIED,40-9037-748
U-OW4P615ISAYA,CA-VA-00000063,108,SINGLE_FAMILY,3083.0,3,OWNER_OCCUPIED,80-3276-740
U-PWHVF8ESDWH8,CA-VA-00000063,109,TOWNHOME,1539.0,3,RENTED,29-4729-270
U-FKEC1OCHSXC1,CA-VA-00000063,110,TOWNHOME,3086.0,2,VACANT,95-3688-319
U-ES0P4OVUCSDS,CA-VA-00000063,111,SINGLE_FAMILY,1104.0,2,OWNER_OCCUPIED,98-6210-832
U-CJX3JERZ5967,CA-VA-00000063,112,SINGLE_FAMILY,2666.0,4,RENTED,32-6623-728
U-HHJ4NBH944FB,CA-VA-00000063,113,TOWNHOME,863.0,2,OWNER_OCCUPIED,80-5039-102
U-R80N18MS6806,CA-VA-00000063,114,TOWNHOME,1609.0,2,OWNER_OCCUPIED,37-9172-884
U-GT706KYLVK3N,CA-VA-00000063,115,SINGLE_FAMILY,3156.0,2,VACANT,25-3513-860
U-QWFT52MFX1LE,CA-VA-00000063,116,SINGLE_FAMILY,1655.0,4,OWNER_OCCUPIED,70-1372-165
U-QWLOQKIE6QKK,CA-VA-00000063,117,SINGLE_FAMILY,3130.0,3,OWNER_OCCUPIED,72-3039-817
U-RR60SI399UEY,CA-VA-00000063,118,TOWNHOME,689.0,3,OWNER_OCCUPIED,78-8861-924
U-2Z2A3WG1I77G,CA-VA-00000063,119,SINGLE_FAMILY,1492.0,2,RENTED,38-2791-254
U-2B1TS46T1TZU,CA-GA-00000064,100,TOWNHOME,2544.0,2,RENTED,27-8880-637
U-WFS5ZUTHUWPB,CA-GA-00000064,101,SINGLE_FAMILY,2534.0,3,RENTED,38-9893-165
U-U61TRQNWTO5J,CA-GA-00000064,102,TOWNHOME,3052.0,1,OWNER_OCCUPIED,23-6620-369
U-P8L5I090SESG,CA-GA-00000064,103,SINGLE_FAMILY,1187.0,2,RENTED,33-8942-807
U-FY4G207YI5ZH,CA-GA-00000064,104,TOWNHOME,,2,VACANT,30-7847-573
U-12PQQXSJAG78,CA-GA-00000064,105,TOWNHOME,2007.0,3,OWNER_OCCUPIED,17-7242-911
U-JX82VRPK92WU,CA-GA-00000064,106,SINGLE_FAMILY,2617.0,3,OWNER_OCCUPIED,
U-1V696DAB4QI5,CA-GA-00000064,107,SINGLE_FAMILY,2773.0,4,OWNER_OCCUPIED,71-5098-172
U-YB6GCSWIYF9J,CA-GA-00000064,108,TOWNHOME,2162.0,2,RENTED,46-5639-593
U-P6Z4K230Q3QA,CA-GA-00000064,109,SINGLE_FAMILY,2935.0,2,OWNER_OCCUPIED,43-3058-988
U-YNHP95GN3E9V,CA-GA-00000064,110,SINGLE_FAMILY,1486.0,4,OWNER_OCCUPIED,73-1476-714
U-G9GCFOL6ZTNR,CA-GA-00000064,111,SINGLE_FAMILY,,5,OWNER_OCCUPIED,51-2673-722
U-GP215KRGT5SB,CA-GA-00000064,112,SINGLE_FAMILY,1337.0,2,RENTED,43-5023-290
U-UCF1EK6OP6XS,CA-GA-00000064,113,SINGLE_FAMILY,,5,OWNER_OCCUPIED,44-1822-729
U-5RCR5Y8JE0DV,CA-GA-00000064,114,SINGLE_FAMILY,2957.0,3,VACANT,47-6346-169
U-AZJWPISDUB7T,CA-GA-00000064,115,SINGLE_FAMILY,2071.0,3,RENTED,98-5131-155
U-BQ5TZ9WF55R0,CA-GA-00000064,116,SINGLE_FAMILY,843.0,2,OWNER_OCCUPIED,25-3564-883
U-8GJK237WIAUT,CA-GA-00000064,117,SINGLE_FAMILY,2402.0,3,OWNER_OCCUPIED,58-8237-782
U-SU8LCHAPOR7A,CA-GA-00000064,118,TOWNHOME,807.0,3,OWNER_OCCUPIED,89-2824-611
U-JAOKYMJYGC7N,CA-VA-00000065,100,TOWNHOME,1980.0,3,OWNER_OCCUPIED,91-5444-684
U-3T4ZBE4IMCX1,CA-VA-00000065,101,SINGLE_FAMILY,2743.0,3,OWNER_OCCUPIED,79-1756-458
U-OBA84IYDNGPP,CA-VA-00000065,102,TOWNHOME,786.0,3,RENTED,35-2251-873
U-QVO1PBTVR9SL,CA-VA-00000065,103,TOWNHOME,3068.0,3,OWNER_OCCUPIED,75-2332-536
U-SBOCU86TKKR2,CA-VA-00000065,104,TOWNHOME,2503.0,5,RENTED,69-5672-588
U-AB120TSGTNO1,CA-VA-00000065,105,TOWNHOME,1332.0,4,RENTED,19-6271-536
U-FQ67M7NO5WTT,CA-VA-00000065,106,TOWNHOME,1165.0,3,RENTED,15-6336-360
U-IDZ177B9OL25,CA-VA-00000065,107,TOWNHOME,2021.0,2,RENTED,76-4303-843
U-IDUXMKLUF28G,CA-VA-00000065,108,SINGLE_FAMILY,,4,OWNER_OCCUPIED,36-5238-611
U-61BAFTCBHGPO,CA-VA-00000065,109,TOWNHOME,2946.0,1,RENTED,42-6053-810
U-O98Z2MF017FC,CA-VA-00000065,110,SINGLE_FAMILY,1195.0,4,OWNER_OCCUPIED,35-7036-307
U-LV69CV506NKV,CA-VA-00000065,111,TOWNHOME,1520.0,3,OWNER_OCCUPIED,70-1728-218
U-Q7KOTKUNURLQ,CA-VA-00000065,112,TOWNHOME,1478.0,1,OWNER_OCCUPIED,24-6224-974
U-JRG4KW48HMKN,CA-VA-00000065,113,SINGLE_FAMILY,2322.0,3,OWNER_OCCUPIED,33-4106-724
U-Y58ETB3KW49H,CA-VA-00000065,114,TOWNHOME,2107.0,3,VACANT,18-2326-368
U-EG6UIA1NJ0C2,CA-VA-00000065,115,TOWNHOME,1837.0,5,OWNER_OCCUPIED,82-2642-366
U-F7AB1SXAQI0P,CA-VA-00000065,116,TOWNHOME,1188.0,1,VACANT,10-1555-393
U-TVMC6STLGYLP,CA-VA-00000065,117,TOWNHOME,2221.0,4,OWNER_OCCUPIED,92-6279-926
U-KDDM5RVFH5X1,CA-VA-00000065,118,TOWNHOME,2557.0,5,RENTED,76-9068-245
U-MS1208WU55C5,CA-VA-00000065,119,SINGLE_FAMILY,872.0,2,OWNER_OCCUPIED,
U-ZYQE55NHF4LU,CA-VA-00000065,120,SINGLE_FAMILY,2266.0,3,OWNER_OCCUPIED,17-7973-992
U-KHI006IAJ8JR,CA-VA-00000065,121,SINGLE_FAMILY,772.0,2,OWNER_OCCUPIED,51-5835-187
U-ZCVDB6YA1HB1,CA-VA-00000065,122,TOWNHOME,868.0,4,OWNER_OCCUPIED,42-1672-779
U-ZBTR8SYOLYFM,CA-VA-00000065,123,TOWNHOME,2451.0,2,OWNER_OCCUPIED,98-8122-961
U-LFGRAVFMZ3LK,CA-VA-00000065,124,TOWNHOME,1358.0,1,OWNER_OCCUPIED,55-3862-295
U-9VQYGA6IL5QH,CA-VA-00000065,125,SINGLE_FAMILY,857.0,2,OWNER_OCCUPIED,37-7144-250
U-97MMHQW69XH5,CA-VA-00000065,126,SINGLE_FAMILY,2429.0,2,OWNER_OCCUPIED,68-8063-464
U-7WN8W9MWTRWX,CA-VA-00000065,127,TOWNHOME,2739.0,4,VACANT,44-6111-752
U-7SZOQEALLC7M,CA-VA-00000065,128,SINGLE_FAMILY,2140.0,4,OWNER_OCCUPIED,86-9929-225
U-2VNDNSAR0PEQ,CA-VA-00000065,129,TOWNHOME,,1,OWNER_OCCUPIED,37-2914-464
U-G5GON5CDW9PA,CA-VA-00000065,130,TOWNHOME,2016.0,3,RENTED,26-2100-719
U-ZD0YXGZB3RIM,CA-VA-00000065,131,TOWNHOME,1223.0,2,OWNER_OCCUPIED,35-5903-620
U-LZ8H8CE80XK9,CA-VA-00000065,132,SINGLE_FAMILY,923.0,3,OWNER_OCCUPIED,68-1264-767
U-UR7HAL7NGTID,CA-VA-00000065,133,SINGLE_FAMILY,2465.0,1,VACANT,34-5192-942
U-IX27KA6O1RX4,CA-VA-00000065,134,SINGLE_FAMILY,1182.0,3,OWNER_OCCUPIED,98-2812-294
U-KL7IWTAQEA31,CA-VA-00000065,135,SINGLE_FAMILY,2070.0,3,OWNER_OCCUPIED,48-1887-281
U-FZ9YETB15EGV,CA-VA-00000065,136,SINGLE_FAMILY,1812.0,2,OWNER_OCCUPIED,25-1626-515
U-RXC448GO0K4R,CA-VA-00000065,137,TOWNHOME,,3,OWNER_OCCUPIED,54-5416-289
U-QIHJ4ELSS84X,CA-VA-00000065,138,SINGLE_FAMILY,1443.0,2,RENTED,38-6515-126
U-8G7JOUGSRD75,CA-VA-00000065,139,SINGLE_FAMILY,2673.0,4,RENTED,27-3664-286
U-45Y96BKWH8E7,CA-VA-00000065,140,SINGLE_FAMILY,,2,RENTED,36-5943-481
U-MBBDXOTOOK1O,CA-VA-00000065,141,SINGLE_FAMILY,2187.0,3,RENTED,87-8858-655
U-4EHXL20IFORR,CA-VA-00000065,142,TOWNHOME,1926.0,4,OWNER_OCCUPIED,74-9906-637
U-D8OIK23VDJES,CA-VA-00000065,143,TOWNHOME,2552.0,3,RENTED,43-2864-172
U-57PX9ODG9RXX,CA-VA-00000065,144,TOWNHOME,3095.0,4,OWNER_OCCUPIED,54-2660-305
U-JNFUHYL4DYFZ,CA-VA-00000065,145,SINGLE_FAMILY,865.0,3,VACANT,14-6605-681
U-Q93YPGUTH1KD,CA-VA-00000065,146,TOWNHOME,3025.0,4,OWNER_OCCUPIED,36-9343-701
U-NFW3XIRHMXFB,CA-VA-00000065,147,SINGLE_FAMILY,994.0,3,OWNER_OCCUPIED,94-9432-531
U-Y5J3SPSQEQT9,CA-VA-00000065,148,TOWNHOME,1687.0,2,OWNER_OCCUPIED,28-7453-870
U-7YS1YZMZUQ8A,CA-VA-00000065,149,TOWNHOME,966.0,3,OWNER_OCCUPIED,84-5902-835
U-XEERGCE6LKCG,CA-VA-00000065,150,TOWNHOME,1997.0,4,RENTED,92-4582-765
U-BE0MYIDUEBXU,CA-VA-00000065,151,TOWNHOME,2296.0,1,RENTED,29-9881-741
U-JXU2X6O5DMSA,CA-VA-00000065,152,TOWNHOME,2461.0,4,OWNER_OCCUPIED,26-6882-945
U-V9LY3NFXF4US,CA-VA-00000065,153,TOWNHOME,2709.0,4,OWNER_OCCUPIED,20-9810-835
U-K1S7CGFKNM6H,CA-VA-00000065,154,TOWNHOME,2255.0,2,OWNER_OCCUPIED,60-5429-829
U-ND492TCLD4FW,CA-VA-00000065,155,SINGLE_FAMILY,2180.0,4,OWNER_OCCUPIED,16-8055-361
U-ENVS925WOBPP,CA-VA-00000065,156,TOWNHOME,2344.0,3,RENTED,52-4781-850
U-LQMHHIOCWUE0,CA-VA-00000065,157,SINGLE_FAMILY,2869.0,4,RENTED,24-7080-838
U-52KE88GOH0AH,CA-VA-00000065,158,TOWNHOME,,1,OWNER_OCCUPIED,79-1349-567
U-82YB4MLLOY0H,CA-VA-00000065,159,TOWNHOME,2910.0,3,OWNER_OCCUPIED,28-3302-280
U-468GCR08TGBX,CA-NY-00000066,100,SINGLE_FAMILY,1530.0,3,OWNER_OCCUPIED,32-4796-305
U-14U7HRQ0VCVV,CA-NY-00000066,101,TOWNHOME,1181.0,3,RENTED,36-8273-114
U-LRJATL77ZVC8,CA-NY-00000066,102,TOWNHOME,3123.0,2,OWNER_OCCUPIED,62-7922-866
U-WTFPIIAAY7U3,CA-NY-00000066,103,TOWNHOME,2517.0,3,RENTED,99-7628-171
U-ZCROV55P6ZTS,CA-NY-00000066,104,TOWNHOME,697.0,2,VACANT,94-3476-917
U-FI0RSZ5ZSUXF,CA-NY-00000066,105,SINGLE_FAMILY,,3,VACANT,76-2229-107
U-FF2X5Y3K0S2D,CA-NY-00000066,106,TOWNHOME,1915.0,2,OWNER_OCCUPIED,36-6030-879
U-JMREVK3STRRF,CA-NY-00000066,107,TOWNHOME,2726.0,3,OWNER_OCCUPIED,18-7130-549
U-VDKIV1ZG886B,CA-NY-00000066,108,SINGLE_FAMILY,1274.0,5,OWNER_OCCUPIED,51-7390-308
U-CNF4K68Q2247,CA-NY-00000066,109,SINGLE_FAMILY,1008.0,3,RENTED,66-4063-676
U-E5K1R2TD8Y6C,CA-NY-00000066,110,TOWNHOME,2809.0,3,OWNER_OCCUPIED,91-3932-316
U-NDRU4LE563S9,CA-NY-00000066,111,SINGLE_FAMILY,2356.0,4,RENTED,82-1394-482
U-SXVM9R66EBKH,CA-NY-00000066,112,SINGLE_FAMILY,,3,OWNER_OCCUPIED,66-6430-229
U-IF05KIYLX5YC,CA-NY-00000066,113,TOWNHOME,2602.0,1,OWNER_OCCUPIED,50-9891-242
U-L4AGLC32RBS4,CA-NY-00000066,114,SINGLE_FAMILY,1476.0,2,VACANT,43-2568-489
U-LMK3K6ZXSFLM,CA-NY-00000066,115,SINGLE_FAMILY,1822.0,3,OWNER_OCCUPIED,35-4777-157
U-3H5X4ZTCEX9I,CA-NY-00000066,116,TOWNHOME,,4,OWNER_OCCUPIED,78-1547-851
U-W8X11PHHG9WH,CA-NY-00000066,117,TOWNHOME,2095.0,2,RENTED,94-1971-976
U-6ATNTKR3Y5FV,CA-NY-00000066,118,SINGLE_FAMILY,,4,VACANT,60-6329-177
U-Y5VJEGEJ0VSI,CA-NY-00000066,119,SINGLE_FAMILY,,2,OWNER_OCCUPIED,97-7900-746
U-DB0014PI30PG,CA-NY-00000066,120,SINGLE_FAMILY,1557.0,3,OWNER_OCCUPIED,69-6250-306
U-RL37TDGXJA6Y,CA-NY-00000066,121,SINGLE_FAMILY,,2,OWNER_OCCUPIED,52-9842-185
U-MXGU8J9TR9RZ,CA-NY-00000066,122,SINGLE_FAMILY,1208.0,4,OWNER_OCCUPIED,96-1623-824
U-2LDKFTSCZ7Z5,CA-NY-00000066,123,SINGLE_FAMILY,3072.0,4,OWNER_OCCUPIED,88-4256-732
U-ANC9NXAJMZ0I,CA-NY-00000066,124,SINGLE_FAMILY,1674.0,3,OWNER_OCCUPIED,82-9380-949
U-YSKHY6H9WAVI,CA-NY-00000066,125,SINGLE_FAMILY,,3,RENTED,38-2487-171
U-XAM9Q2G46JL0,CA-NY-00000066,126,SINGLE_FAMILY,893.0,2,OWNER_OCCUPIED,91-8844-444
U-AS6TTTDOIQD5,CA-NY-00000066,127,TOWNHOME,2842.0,4,OWNER_OCCUPIED,28-8938-224
U-NMKTPSO1W63P,CA-NY-00000066,128,TOWNHOME,,5,OWNER_OCCUPIED,29-3077-593
U-LJ5F8KFMTWJU,CA-NY-00000066,129,SINGLE_FAMILY,,2,RENTED,74-2628-616
U-XZ0302JXSGIW,CA-NY-00000066,130,TOWNHOME,3018.0,1,OWNER_OCCUPIED,73-2493-646
U-Z3F1O508DHJG,CA-NY-00000066,131,SINGLE_FAMILY,2583.0,1,RENTED,54-7401-295
U-WEJ4XQQDU06U,CA-NY-00000066,132,TOWNHOME,1422.0,3,OWNER_OCCUPIED,78-6991-819
U-WDA171QLQNM6,CA-NY-00000066,133,SINGLE_FAMILY,3124.0,2,OWNER_OCCUPIED,34-4717-586
U-O4H1IEDOBC5V,CA-NY-00000066,134,SINGLE_FAMILY,1494.0,4,OWNER_OCCUPIED,79-7431-322
U-IBOY7RRYVORL,CA-NY-00000066,135,SINGLE_FAMILY,2288.0,1,OWNER_OCCUPIED,74-8472-924
U-2W1YH6W5OR27,CA-NY-00000066,136,TOWNHOME,3193.0,3,RENTED,30-2723-859
U-KZP3QCSVXFOR,CA-NY-00000066,137,TOWNHOME,2415.0,1,OWNER_OCCUPIED,38-4053-911
U-E0Q1QMJCJRG1,CA-NY-00000066,138,SINGLE_FAMILY,1566.0,5,OWNER_OCCUPIED,85-8477-712
U-ZEO2JUXBOB9V,CA-NY-00000066,139,SINGLE_FAMILY,1358.0,2,OWNER_OCCUPIED,81-2248-585
U-1XNPWCSQ6DNN,CA-NY-00000066,140,TOWNHOME,2999.0,3,OWNER_OCCUPIED,96-2919-149
U-42WQK2OM9BKW,CA-NY-00000066,141,TOWNHOME,3076.0,2,OWNER_OCCUPIED,93-2624-497
U-56ZVBQ5EO9NX,CA-NY-00000066,142,TOWNHOME,2656.0,3,OWNER_OCCUPIED,59-4773-984
U-EIA2QNJXJZ8I,CA-NY-00000066,143,TOWNHOME,858.0,1,OWNER_OCCUPIED,79-3147-104
U-V9RXUS0YESNZ,CA-NY-00000066,144,TOWNHOME,1718.0,1,OWNER_OCCUPIED,26-1428-248
U-6GK4P9ODZMPO,CA-NY-00000066,145,SINGLE_FAMILY,2302.0,2,OWNER_OCCUPIED,37-9920-931
U-HUH80JWZGOVQ,CA-NY-00000066,146,SINGLE_FAMILY,3009.0,3,OWNER_OCCUPIED,47-3744-554
U-4U88YY5A3LQB,CA-NY-00000066,147,SINGLE_FAMILY,2424.0,2,RENTED,28-7764-570
U-6DV7ZOBIZ0B7,CA-NY-00000066,148,TOWNHOME,2980.0,3,OWNER_OCCUPIED,15-1858-283
U-AXIZLESEMGBL,CA-NY-00000066,149,SINGLE_FAMILY,1714.0,5,RENTED,91-2779-251
U-GJ33UD5UOJFZ,CA-NY-00000066,150,SINGLE_FAMILY,2245.0,2,RENTED,63-5967-968
U-AV5OSWRYRC00,CA-NY-00000066,151,TOWNHOME,1056.0,2,OWNER_OCCUPIED,
U-K3S87UKBX3AV,CA-NY-00000066,152,SINGLE_FAMILY,2891.0,2,OWNER_OCCUPIED,70-2170-161
U-KCDDXJTW5NTT,CA-NY-00000066,153,TOWNHOME,2857.0,4,OWNER_OCCUPIED,92-8546-915
U-WBGY0LZS3M0J,CA-NY-00000066,154,TOWNHOME,3015.0,3,VACANT,69-9087-307
U-7AB6J8GX6Y0X,CA-NY-00000066,155,SINGLE_FAMILY,1929.0,3,OWNER_OCCUPIED,
U-1737B85TNTG6,CA-NY-00000066,156,TOWNHOME,1564.0,2,OWNER_OCCUPIED,39-5888-979
U-6CKXOL6HZDWD,CA-NY-00000066,157,SINGLE_FAMILY,936.0,3,OWNER_OCCUPIED,45-4704-253
U-0Q8JRZOEJIWH,CA-NY-00000066,158,SINGLE_FAMILY,,3,RENTED,44-3028-976
U-FHCU63JI1NZA,CA-NY-00000066,159,TOWNHOME,1071.0,4,RENTED,80-3159-234
U-WHVF1HQJLZH9,CA-NV-00000067,27A,CONDO_UNIT,3187.0,2,OWNER_OCCUPIED,68-4075-890
U-JEU3WY9TMTRZ,CA-NV-00000067,8G,CONDO_UNIT,812.0,3,OWNER_OCCUPIED,35-5848-647
U-732NO6DTB9O4,CA-NV-00000067,23F,CONDO_UNIT,1296.0,4,OWNER_OCCUPIED,86-6424-317
U-C4M3QTMPDJE8,CA-NV-00000067,9C,CONDO_UNIT,2778.0,1,OWNER_OCCUPIED,80-6316-741
U-GQOYM8BSLT5V,CA-NV-00000067,3G,CONDO_UNIT,1903.0,2,RENTED,77-9845-720
U-UKXT614OFN1B,CA-NV-00000067,24E,CONDO_UNIT,,3,OWNER_OCCUPIED,77-1302-291
U-62RRB8SDIFUH,CA-NV-00000067,25H,CONDO_UNIT,2065.0,2,OWNER_OCCUPIED,39-9859-414
U-D27ZVDIN7FM1,CA-NV-00000067,33E,CONDO_UNIT,721.0,2,OWNER_OCCUPIED,45-3905-240
U-DYE017KJXSMF,CA-NV-00000067,20G,CONDO_UNIT,724.0,3,OWNER_OCCUPIED,21-1057-606
U-D6RU0I7WMDK8,CA-NV-00000067,26A,CONDO_UNIT,2671.0,2,OWNER_OCCUPIED,32-5888-109
U-K7DCU8895HXL,CA-NV-00000067,26B,CONDO_UNIT,2143.0,4,OWNER_OCCUPIED,42-4912-184
U-6TP5PPNOV3SY,CA-NV-00000067,25D,CONDO_UNIT,1267.0,1,OWNER_OCCUPIED,62-9313-959
U-MDUUVYQ9B1N7,CA-NV-00000067,31A,CONDO_UNIT,1320.0,3,RENTED,26-5366-918
U-OTIKYNF1SSGF,CA-NV-00000067,17D,CONDO_UNIT,2989.0,2,OWNER_OCCUPIED,95-8336-794
U-3HFRJ5ZFFDIL,CA-NV-00000067,1G,CONDO_UNIT,,2,OWNER_OCCUPIED,12-6858-505
U-V66JN7ZOMSN6,CA-NV-00000067,28B,CONDO_UNIT,1561.0,3,OWNER_OCCUPIED,29-6553-673
U-7G5GVJPKKKJK,CA-NV-00000067,27F,CONDO_UNIT,2380.0,1,OWNER_OCCUPIED,48-5034-127
U-5AFQONY8MZCH,CA-NV-00000067,31D,CONDO_UNIT,2606.0,2,RENTED,38-9076-583
U-06G1GJRLYGTR,CA-NV-00000067,27B,CONDO_UNIT,2717.0,2,VACANT,84-8562-559
U-VVK94CL4OTGQ,CA-NV-00000067,26B,CONDO_UNIT,1855.0,4,OWNER_OCCUPIED,34-3346-431
U-27SJCNFQ7N6W,CA-NV-00000067,35G,CONDO_UNIT,934.0,4,OWNER_OCCUPIED,55-3109-614
U-ARP1QRE8NEA0,CA-NV-00000067,16D,CONDO_UNIT,2663.0,5,OWNER_OCCUPIED,96-2182-313
U-3TLNEHKIXCVA,CA-NV-00000067,24G,CONDO_UNIT,2908.0,2,OWNER_OCCUPIED,47-1786-447
U-4C32080X1AUB,CA-NV-00000067,21C,CONDO_UNIT,1514.0,3,VACANT,53-9626-741
U-SF83CDO0OXB3,CA-NV-00000067,39C,CONDO_UNIT,1033.0,2,OWNER_OCCUPIED,54-8118-980
U-XXDZT8779YTG,CA-NV-00000067,25B,CONDO_UNIT,932.0,2,OWNER_OCCUPIED,58-7367-880
U-X1KHQKBKF7Q0,CA-NV-00000067,18F,CONDO_UNIT,2428.0,3,RENTED,52-6736-508
U-UCOA9LCPRPA1,CA-NV-00000067,5H,CONDO_UNIT,1295.0,3,OWNER_OCCUPIED,46-8718-332
U-AKTBQRZE8RA3,CA-NV-00000067,40G,CONDO_UNIT,3044.0,2,RENTED,29-2731-586
U-KNOU6TJ2PKKI,CA-NV-00000067,36A,CONDO_UNIT,2790.0,2,RENTED,83-6794-455
U-83Z2H5MPQ79X,CA-NV-00000067,34B,CONDO_UNIT,2388.0,1,OWNER_OCCUPIED,90-4713-977
U-FR8H6OWW2R83,CA-NV-00000067,29G,CONDO_UNIT,2220.0,2,RENTED,73-2791-646
U-2C7MIBP9UWPW,CA-NV-00000067,23B,CONDO_UNIT,2638.0,2,VACANT,46-5576-159
U-OFBDN2GWWPR1,CA-NV-00000067,30D,CONDO_UNIT,1378.0,2,OWNER_OCCUPIED,18-7767-915
U-SKPSCEBPUWFQ,CA-NV-00000067,24G,CONDO_UNIT,1885.0,3,OWNER_OCCUPIED,19-3583-733
U-3T810JMC2JAY,CA-NV-00000067,23A,CONDO_UNIT,,3,RENTED,31-9989-439
U-6BJNZSO5MGFE,CA-NV-00000067,4A,CONDO_UNIT,2069.0,3,OWNER_OCCUPIED,67-6010-757
U-EJWCXA78AN0T,CA-NV-00000067,12B,CONDO_UNIT,762.0,2,RENTED,70-1450-777
U-26U2VFCPDIJZ,CA-NV-00000067,33D,CONDO_UNIT,2277.0,4,OWNER_OCCUPIED,96-2573-516
U-YM3DI2ZG884B,CA-NV-00000067,25B,CONDO_UNIT,1220.0,2,RENTED,56-1401-994
U-UNIURGKTZO19,CA-NV-00000067,36C,CONDO_UNIT,2468.0,2,VACANT,98-5956-312
U-LKE83N4D8ODG,CA-NV-00000067,16C,CONDO_UNIT,690.0,2,RENTED,71-7300-184
U-1EDM2Z9QNRBZ,CA-FL-00000068,100,SINGLE_FAMILY,1118.0,3,RENTED,96-2012-717
U-JWDXQG4VIJ2B,CA-FL-00000068,101,SINGLE_FAMILY,2147.0,3,RENTED,39-2819-180
U-5MO7GDS70Z8S,CA-FL-00000068,102,TOWNHOME,1042.0,4,OWNER_OCCUPIED,84-4059-263
U-JG5J4A0P6DMW,CA-FL-00000068,103,SINGLE_FAMILY,1199.0,1,OWNER_OCCUPIED,99-5545-938
U-CG7G2MVKGCER,CA-FL-00000068,104,TOWNHOME,2196.0,3,RENTED,32-1908-639
U-TE87ARDM8ZPH,CA-FL-00000068,105,SINGLE_FAMILY,1284.0,4,RENTED,55-8606-160
U-PUNGRRG540FA,CA-FL-00000068,106,SINGLE_FAMILY,2413.0,3,VACANT,19-2138-845
U-FD9RGPCRNYGR,CA-FL-00000068,107,TOWNHOME,1847.0,1,RENTED,22-1271-647
U-AHG18UKIEUT3,CA-FL-00000068,108,SINGLE_FAMILY,922.0,3,RENTED,21-2122-823
U-IRIIQUS3T7C6,CA-FL-00000068,109,SINGLE_FAMILY,817.0,2,RENTED,95-7539-616
U-0A0RYQPFQQB5,CA-FL-00000068,110,SINGLE_FAMILY,2158.0,2,OWNER_OCCUPIED,85-2075-292
U-48I5QXJYMZ2M,CA-FL-00000068,111,TOWNHOME,1348.0,3,OWNER_OCCUPIED,32-7111-834
U-26ASF3P96XJL,CA-FL-00000068,112,TOWNHOME,3115.0,4,RENTED,86-8100-394
U-ZUQE3J59L81T,CA-FL-00000068,113,TOWNHOME,2431.0,3,OWNER_OCCUPIED,70-9585-181
U-A772F9S5R2KU,CA-FL-00000068,114,SINGLE_FAMILY,1018.0,2,RENTED,99-6651-794
U-NWZABJKEYKUG,CA-FL-00000068,115,SINGLE_FAMILY,2208.0,3,OWNER_OCCUPIED,88-1224-217
U-X285K8F447EH,CA-FL-00000068,116,TOWNHOME,1864.0,4,OWNER_OCCUPIED,84-1400-888
U-MMXUFJHY7096,CA-FL-00000068,117,TOWNHOME,1114.0,2,OWNER_OCCUPIED,62-7106-374
U-EGOHMPRSH73R,CA-FL-00000068,118,SINGLE_FAMILY,869.0,2,RENTED,25-9225-625
U-F400PO7MHV9S,CA-FL-00000068,119,TOWNHOME,,2,OWNER_OCCUPIED,86-7577-406
U-Y7LPSV0FHSOI,CA-FL-00000068,120,TOWNHOME,2916.0,1,OWNER_OCCUPIED,79-9017-279
U-XU007BBMPXQ3,CA-FL-00000068,121,SINGLE_FAMILY,2849.0,2,OWNER_OCCUPIED,19-9930-941
U-CD471719PJCO,CA-FL-00000068,122,TOWNHOME,2865.0,1,VACANT,19-9389-938
U-BX6IB3STV3CI,CA-FL-00000068,123,TOWNHOME,2806.0,2,OWNER_OCCUPIED,38-4770-532
U-35A3GM50DWX9,CA-FL-00000068,124,TOWNHOME,2936.0,2,OWNER_OCCUPIED,13-6284-175
U-FDA6SJ9WPBLF,CA-FL-00000068,125,SINGLE_FAMILY,1538.0,1,OWNER_OCCUPIED,67-7618-627
U-0H2N4JSVJ484,CA-FL-00000068,126,TOWNHOME,1549.0,4,OWNER_OCCUPIED,44-8476-201
U-Y3FKXN0396W3,CA-FL-00000068,127,TOWNHOME,3078.0,2,RENTED,27-6635-237
U-R0DRXDNOPIBB,CA-FL-00000068,128,SINGLE_FAMILY,1615.0,3,OWNER_OCCUPIED,68-7019-183
U-I84MJ0EY5K1O,CA-FL-00000068,129,TOWNHOME,,3,OWNER_OCCUPIED,83-1023-689
U-XNVNDDD2N3KC,CA-FL-00000068,130,SINGLE_FAMILY,3129.0,4,OWNER_OCCUPIED,
U-NNYVLNZUQQN6,CA-FL-00000068,131,TOWNHOME,1307.0,2,OWNER_OCCUPIED,99-6371-236
U-W5ADAPV3GD0Q,CA-FL-00000068,132,SINGLE_FAMILY,822.0,3,OWNER_OCCUPIED,13-9483-240
U-89YTMQSHDZ8F,CA-FL-00000068,133,TOWNHOME,,3,OWNER_OCCUPIED,91-4472-499
U-SQUS4M05N7LL,CA-FL-00000068,134,SINGLE_FAMILY,1954.0,2,RENTED,25-6159-376
U-8I7KTEKATK10,CA-FL-00000068,135,SINGLE_FAMILY,1727.0,3,RENTED,29-6943-864
U-UYUIRZUBLMAT,CA-FL-00000068,136,SINGLE_FAMILY,1477.0,3,OWNER_OCCUPIED,54-1110-742
U-6XG6OIB5JOSC,CA-FL-00000068,137,TOWNHOME,2273.0,3,RENTED,22-9615-342
U-LBQNWYEJ5VAW,CA-FL-00000068,138,TOWNHOME,1652.0,2,OWNER_OCCUPIED,
U-EJKUBW7WOOGL,CA-FL-00000068,139,SINGLE_FAMILY,734.0,3,OWNER_OCCUPIED,35-6077-717
U-O5NLQGZBMWG9,CA-FL-00000068,140,SINGLE_FAMILY,1440.0,1,VACANT,37-2209-814
U-YZTE8BTQ786A,CA-FL-00000068,141,SINGLE_FAMILY,,2,OWNER_OCCUPIED,86-9462-196
U-T77YONPXKHHD,CA-FL-00000068,142,TOWNHOME,3096.0,3,OWNER_OCCUPIED,94-3947-602
U-2VB4JMHVK8SS,CA-FL-00000068,143,SINGLE_FAMILY,1654.0,3,OWNER_OCCUPIED,37-8981-282
U-ZA3MI7SUFAH4,CA-FL-00000068,144,TOWNHOME,,1,RENTED,58-9780-982
U-CDIMYNBDT37Q,CA-FL-00000068,145,TOWNHOME,2193.0,4,OWNER_OCCUPIED,63-3270-402
U-IR1AJ1DABWG5,CA-FL-00000068,146,TOWNHOME,3181.0,2,RENTED,71-5237-965
U-7JNR0DRVCNIG,CA-FL-00000068,147,TOWNHOME,2059.0,2,RENTED,42-4137-968
U-TVWA317GG6CE,CA-FL-00000068,148,TOWNHOME,765.0,2,OWNER_OCCUPIED,57-7069-877
U-TKEESSGR09R1,CA-FL-00000068,149,TOWNHOME,1258.0,1,RENTED,94-5706-980
U-UU8DPDCP91YS,CA-FL-00000068,150,TOWNHOME,2971.0,3,OWNER_OCCUPIED,40-9701-804
U-QVDM6MVI1HB7,CA-FL-00000068,151,SINGLE_FAMILY,1558.0,4,OWNER_OCCUPIED,31-9956-468
U-RKQXJ67OHXNR,CA-FL-00000068,152,SINGLE_FAMILY,2035.0,3,OWNER_OCCUPIED,19-7100-230
U-Z9WD5V7TFP9U,CA-FL-00000068,153,SINGLE_FAMILY,785.0,3,OWNER_OCCUPIED,28-4885-480
U-CXLFLJYKQHQT,CA-FL-00000068,154,SINGLE_FAMILY,1004.0,5,RENTED,45-8697-155
U-GSKJ8PPJMJ3N,CA-FL-00000068,155,TOWNHOME,2458.0,3,OWNER_OCCUPIED,10-2100-516
U-ZJSOQD40CO96,CA-FL-00000068,156,TOWNHOME,1030.0,3,OWNER_OCCUPIED,42-3525-178
U-P6RD76F83E82,CA-FL-00000068,157,SINGLE_FAMILY,2004.0,2,OWNER_OCCUPIED,50-2332-493
U-25DX2JAS0S3A,CA-FL-00000068,158,TOWNHOME,1769.0,3,OWNER_OCCUPIED,69-7518-809
U-ZV4WV2P0ZID5,CA-FL-00000068,159,SINGLE_FAMILY,,4,RENTED,19-6463-558
U-Y7E4C5PBU6P3,CA-PA-00000069,100,TOWNHOME,2001.0,2,OWNER_OCCUPIED,35-7023-249
U-QKC5M77DNASV,CA-PA-00000069,101,TOWNHOME,1082.0,3,OWNER_OCCUPIED,96-9031-964
U-HSC1EJ65QQD8,CA-PA-00000069,102,TOWNHOME,1839.0,1,OWNER_OCCUPIED,35-5705-288
U-UW2NWQ83WWMA,CA-PA-00000069,103,TOWNHOME,2890.0,5,OWNER_OCCUPIED,31-5438-745
U-GSQ7W8BT60O3,CA-PA-00000069,104,SINGLE_FAMILY,3000.0,2,RENTED,64-3362-676
U-F2U9MPG40TMG,CA-PA-00000069,105,SINGLE_FAMILY,2449.0,4,RENTED,60-8585-477
U-5XNUHAQXRJ93,CA-PA-00000069,106,TOWNHOME,2725.0,3,OWNER_OCCUPIED,
U-UEJEP5KUPFKQ,CA-PA-00000069,107,TOWNHOME,995.0,4,VACANT,37-8405-810
U-B1QAYTTZ9UU5,CA-PA-00000069,108,SINGLE_FAMILY,2949.0,4,OWNER_OCCUPIED,
U-LG0Y9KD7EU3D,CA-PA-00000069,109,SINGLE_FAMILY,2304.0,3,RENTED,14-4020-847
U-3XJR2SD547C1,CA-PA-00000069,110,TOWNHOME,2521.0,2,RENTED,92-4559-142
U-0LA5T7WYV3ON,CA-PA-00000069,111,TOWNHOME,3086.0,5,OWNER_OCCUPIED,99-5896-526
U-J5GGT8J3AO8D,CA-PA-00000069,112,TOWNHOME,2638.0,2,OWNER_OCCUPIED,79-9926-920
U-68O26JACY3FW,CA-PA-00000069,113,TOWNHOME,1119.0,4,OWNER_OCCUPIED,16-8476-506
U-0A7OXZOGNJGA,CA-PA-00000069,114,SINGLE_FAMILY,,2,RENTED,14-3142-387
U-HV09AMPTOFUO,CA-PA-00000069,115,TOWNHOME,2663.0,2,OWNER_OCCUPIED,68-3252-923
U-YC5UB6LOAP70,CA-PA-00000069,116,TOWNHOME,3012.0,3,RENTED,35-5613-815
U-4CFDKQUCIPNL,CA-PA-00000069,117,SINGLE_FAMILY,3078.0,1,OWNER_OCCUPIED,38-5783-277
U-E00FRO6XUEEZ,CA-PA-00000069,118,TOWNHOME,1048.0,2,RENTED,13-5590-970
U-3JJW26ZNL6HR,CA-PA-00000069,119,TOWNHOME,822.0,4,OWNER_OCCUPIED,59-4397-346
U-7RWWRJQ6QPNP,CA-PA-00000069,120,TOWNHOME,2457.0,4,VACANT,38-5959-819
U-OV90KAF2FPZ0,CA-PA-00000069,121,SINGLE_FAMILY,1206.0,4,OWNER_OCCUPIED,98-3182-222
U-OAKSLW4MS18G,CA-PA-00000069,122,TOWNHOME,1849.0,2,OWNER_OCCUPIED,20-9797-332
U-OHQ1BQT1DTRB,CA-PA-00000069,123,TOWNHOME,2009.0,1,VACANT,51-5462-481
U-HPJEZ6G0YBYL,CA-PA-00000069,124,SINGLE_FAMILY,1433.0,5,OWNER_OCCUPIED,99-2585-468
U-6MW6N16CZEOL,CA-PA-00000069,125,TOWNHOME,2202.0,4,OWNER_OCCUPIED,92-8706-885
U-HTYFMTO5J3ZE,CA-PA-00000069,126,SINGLE_FAMILY,939.0,3,OWNER_OCCUPIED,79-2976-995
U-D8K9T8NEIAEH,CA-PA-00000069,127,SINGLE_FAMILY,1704.0,2,RENTED,90-7508-572
U-DXFH5286GHZN,CA-PA-00000069,128,SINGLE_FAMILY,1174.0,4,OWNER_OCCUPIED,98-7179-282
U-MV8J1A4K0ZAZ,CA-PA-00000069,129,SINGLE_FAMILY,3091.0,3,OWNER_OCCUPIED,38-4278-535
U-BKDHYNHY86J5,CA-PA-00000069,130,SINGLE_FAMILY,2703.0,1,OWNER_OCCUPIED,59-7021-648
U-MLSIP064NF6Y,CA-PA-00000069,131,SINGLE_FAMILY,2642.0,3,RENTED,
U-B0C5U8YL9IPP,CA-PA-00000069,132,SINGLE_FAMILY,1525.0,3,RENTED,98-9504-506
U-HUMRECDHZV2G,CA-PA-00000069,133,SINGLE_FAMILY,2984.0,2,RENTED,75-3442-913
U-15NW3ABTQKQA,CA-PA-00000069,134,SINGLE_FAMILY,972.0,2,OWNER_OCCUPIED,30-3543-374
U-7ILBTL1I2X32,CA-PA-00000069,135,TOWNHOME,2255.0,3,RENTED,28-4770-735
U-VVQZSXK22PY3,CA-PA-00000069,136,SINGLE_FAMILY,1148.0,3,RENTED,74-7316-469
U-R357EWVOL6S9,CA-PA-00000069,137,SINGLE_FAMILY,2679.0,2,RENTED,20-2993-738
U-D0OLQFDT95B1,CA-PA-00000069,138,TOWNHOME,2481.0,3,OWNER_OCCUPIED,35-2442-800
U-DXM4EXJJ089X,CA-PA-00000069,139,TOWNHOME,769.0,2,OWNER_OCCUPIED,32-9891-987
U-ED3961WLPNP0,CA-PA-00000069,140,TOWNHOME,2050.0,2,OWNER_OCCUPIED,70-1386-410
U-BF51XFA2G0E7,CA-PA-00000069,141,TOWNHOME,2157.0,3,RENTED,88-8283-734
U-C29YPGJFBNUG,CA-PA-00000069,142,TOWNHOME,2137.0,3,RENTED,95-9402-922
U-1M4VWRBNVTM3,CA-PA-00000069,143,TOWNHOME,1816.0,2,RENTED,74-8408-282
U-GSYYOIXYYQ4P,CA-PA-00000069,144,SINGLE_FAMILY,1494.0,1,OWNER_OCCUPIED,87-6797-464
U-2GVN3OOCMP4R,CA-PA-00000069,145,TOWNHOME,2191.0,2,OWNER_OCCUPIED,40-1267-317
U-O8SYBNS3YMS6,CA-PA-00000069,146,TOWNHOME,,2,RENTED,80-7661-439
U-GSWOEFJPA5D1,CA-PA-00000069,147,TOWNHOME,2931.0,2,OWNER_OCCUPIED,
U-NRVJ0UJA8ARP,CA-PA-00000069,148,SINGLE_FAMILY,1706.0,1,VACANT,19-3844-796
U-IKPD4LM4JBEP,CA-PA-00000069,149,TOWNHOME,1405.0,1,OWNER_OCCUPIED,39-1492-626
U-VGCPWW4E2F15,CA-PA-00000069,150,SINGLE_FAMILY,874.0,4,OWNER_OCCUPIED,97-8868-903
U-64R8N3A55NAB,CA-PA-00000069,151,SINGLE_FAMILY,895.0,3,OWNER_OCCUPIED,21-9853-334
U-TJ30X0BWJ695,CA-PA-00000069,152,SINGLE_FAMILY,1965.0,2,OWNER_OCCUPIED,47-8098-211
U-6MFXCIJKT7E0,CA-PA-00000069,153,TOWNHOME,2225.0,2,RENTED,91-3858-583
U-T408OSLA789J,CA-PA-00000069,154,SINGLE_FAMILY,2741.0,3,OWNER_OCCUPIED,87-4526-999
U-WRXPUGWVJJ2X,CA-PA-00000069,155,SINGLE_FAMILY,1694.0,3,OWNER_OCCUPIED,80-6061-436
U-4SJXC33IR5E9,CA-PA-00000069,156,TOWNHOME,2231.0,4,RENTED,
U-97UACCIOWCS2,CA-CA-00000070,35B,CONDO_UNIT,1547.0,3,OWNER_OCCUPIED,46-8520-103
U-SXJ2J4I9YMQD,CA-CA-00000070,5F,CONDO_UNIT,,4,OWNER_OCCUPIED,97-3160-511
U-M1XEOMKPY54A,CA-CA-00000070,33H,CONDO_UNIT,1872.0,3,OWNER_OCCUPIED,66-3712-263
U-GN7PU0G4KIKU,CA-CA-00000070,3H,CONDO_UNIT,2548.0,2,RENTED,19-1668-342
U-QQID23L329L6,CA-CA-00000070,15D,CONDO_UNIT,2877.0,2,RENTED,18-5843-688
U-JXR7P4EV137S,CA-CA-00000070,6B,CONDO_UNIT,2717.0,2,RENTED,16-8196-486
U-41BX176TWY9B,CA-CA-00000070,10F,CONDO_UNIT,2444.0,4,OWNER_OCCUPIED,62-8839-832
U-I45VN672GWH1,CA-CA-00000070,32C,CONDO_UNIT,766.0,2,OWNER_OCCUPIED,61-8141-284
U-VYNWYRJS5XJO,CA-CA-00000070,21E,CONDO_UNIT,662.0,3,OWNER_OCCUPIED,61-9293-639
U-U78V59CC30GB,CA-CA-00000070,18E,CONDO_UNIT,2609.0,3,VACANT,98-9716-897
U-MJMALGA1Y1X9,CA-CA-00000070,7G,CONDO_UNIT,1025.0,2,RENTED,59-5715-963
U-DBCHVJ4P2E0B,CA-CA-00000070,26A,CONDO_UNIT,2700.0,1,RENTED,63-1105-870
U-EUUWB5SPFFCL,CA-CA-00000070,2H,CONDO_UNIT,1247.0,2,RENTED,60-8290-331
U-KL4Z29DLBT2L,CA-CA-00000070,18B,CONDO_UNIT,2242.0,2,OWNER_OCCUPIED,84-3761-213
U-FCV4FDEPCVS4,CA-CA-00000070,31C,CONDO_UNIT,927.0,3,OWNER_OCCUPIED,50-5253-573
U-CHXTZZHTDABY,CA-CA-00000070,16G,CONDO_UNIT,2173.0,3,OWNER_OCCUPIED,52-5026-865
U-XVYAU87RN7A7,CA-CA-00000070,25B,CONDO_UNIT,,1,OWNER_OCCUPIED,99-2066-686
U-MSCNTHFZPGPN,CA-CA-00000070,8E,CONDO_UNIT,964.0,3,OWNER_OCCUPIED,17-4722-934
U-Q1HXGCFX3ND7,CA-CA-00000070,34B,CONDO_UNIT,909.0,2,RENTED,20-4934-909
U-2THBN2X32VV8,CA-CA-00000070,23H,CONDO_UNIT,2540.0,2,VACANT,90-5862-758
U-DT4NBE1VJARJ,CA-CA-00000070,20B,CONDO_UNIT,1619.0,4,VACANT,42-6232-469
U-F73L8WJES97J,CA-CA-00000070,16G,CONDO_UNIT,1255.0,2,OWNER_OCCUPIED,23-4853-316
U-07HMD66DEXIF,CA-CA-00000070,14G,CONDO_UNIT,3191.0,1,OWNER_OCCUPIED,37-7069-843
U-W0F3CSBUH0SV,CA-CA-00000070,14D,CONDO_UNIT,3112.0,3,OWNER_OCCUPIED,93-2350-745
U-XU9P7F43SUO7,CA-CA-00000070,33B,CONDO_UNIT,1739.0,2,RENTED,92-9508-531
U-GT5NZA9S1R8V,CA-CA-00000070,33A,CONDO_UNIT,2929.0,3,OWNER_OCCUPIED,63-5280-379
U-FHMU0WNSB02G,CA-CA-00000070,31A,CONDO_UNIT,3012.0,1,OWNER_OCCUPIED,28-3505-755
U-JUBKNU133GY1,CA-CA-00000070,22G,CONDO_UNIT,2736.0,2,RENTED,23-5475-155
U-4TJMJIQ34XGO,CA-FL-00000071,100,SINGLE_FAMILY,2061.0,3,OWNER_OCCUPIED,19-8765-467
U-ODZLPNY7CY2Z,CA-FL-00000071,101,TOWNHOME,851.0,3,OWNER_OCCUPIED,11-3881-270
U-3M4VA7S4G5V2,CA-FL-00000071,102,SINGLE_FAMILY,3089.0,3,OWNER_OCCUPIED,44-9750-626
U-TZYZCDKPLO8P,CA-FL-00000071,103,TOWNHOME,2426.0,3,RENTED,74-8805-339
U-HMW4BQP3JH7U,CA-FL-00000071,104,SINGLE_FAMILY,869.0,2,OWNER_OCCUPIED,
U-H37K5ID109RK,CA-FL-00000071,105,SINGLE_FAMILY,1567.0,1,VACANT,42-1331-881
U-OEYE048FHG7B,CA-FL-00000071,106,SINGLE_FAMILY,2780.0,4,OWNER_OCCUPIED,70-9426-804
U-P8NKAZDP5GFI,CA-FL-00000071,107,TOWNHOME,975.0,3,OWNER_OCCUPIED,66-8206-840
U-D63YECM60DGD,CA-FL-00000071,108,TOWNHOME,1344.0,3,OWNER_OCCUPIED,63-4586-376
U-2JIQD23OTH9R,CA-FL-00000071,109,SINGLE_FAMILY,2561.0,2,OWNER_OCCUPIED,98-8326-289
U-JYQ7EY3TPEGP,CA-FL-00000071,110,TOWNHOME,1243.0,3,OWNER_OCCUPIED,30-4595-549
U-VVQZAYJZ7T6D,CA-FL-00000071,111,SINGLE_FAMILY,1447.0,2,OWNER_OCCUPIED,14-7528-348
U-6QLMJ9K4KCA8,CA-FL-00000071,112,SINGLE_FAMILY,3012.0,3,RENTED,68-7674-827
U-CUZ68YU3UG7Y,CA-FL-00000071,113,SINGLE_FAMILY,781.0,4,RENTED,84-9504-711
U-ZU078W3R6U98,CA-FL-00000071,114,SINGLE_FAMILY,2781.0,1,OWNER_OCCUPIED,34-7616-233
U-A0CMYZZJOKJL,CA-FL-00000071,115,TOWNHOME,1441.0,3,RENTED,92-6389-123
U-KN053K54316U,CA-FL-00000071,116,TOWNHOME,1824.0,2,OWNER_OCCUPIED,82-3444-329
U-2HQ9854KYXCE,CA-FL-00000071,117,TOWNHOME,2539.0,4,OWNER_OCCUPIED,30-9772-665
U-322O1LIYMWL7,CA-FL-00000071,118,TOWNHOME,1268.0,1,OWNER_OCCUPIED,50-9904-748
U-LA6FRBG7YI44,CA-FL-00000071,119,SINGLE_FAMILY,719.0,1,OWNER_OCCUPIED,
U-J9UI8NNPVG91,CA-FL-00000071,120,TOWNHOME,,3,OWNER_OCCUPIED,48-5380-797
U-HW4ANXRKUOA1,CA-FL-00000071,121,SINGLE_FAMILY,1053.0,2,OWNER_OCCUPIED,75-3236-286
U-KIZF0NCEG5F8,CA-FL-00000071,122,SINGLE_FAMILY,1540.0,3,OWNER_OCCUPIED,79-6155-957
U-KGIBEZ23D4B1,CA-FL-00000071,123,SINGLE_FAMILY,3028.0,2,RENTED,10-6384-725
U-SKXG57T275W4,CA-FL-00000071,124,TOWNHOME,3185.0,3,RENTED,83-8673-720
U-RIXVX41DJ703,CA-FL-00000071,125,SINGLE_FAMILY,862.0,1,OWNER_OCCUPIED,10-5942-790
U-3OXNFWWWGGRP,CA-FL-00000071,126,SINGLE_FAMILY,2956.0,5,OWNER_OCCUPIED,91-3068-152
U-NO0WD1Q46F38,CA-FL-00000071,127,TOWNHOME,1760.0,3,OWNER_OCCUPIED,
U-E2I0LWQBYAU5,CA-FL-00000071,128,TOWNHOME,2907.0,4,RENTED,17-3235-938
U-TMBAOD52SJYD,CA-FL-00000071,129,SINGLE_FAMILY,1182.0,2,RENTED,24-1292-517
U-K30TZTKRBXPW,CA-FL-00000071,130,SINGLE_FAMILY,1043.0,4,OWNER_OCCUPIED,61-9408-197
U-3I8MGKHWEVSX,CA-FL-00000071,131,TOWNHOME,856.0,5,OWNER_OCCUPIED,16-9247-449
U-BNJWAGJM3P03,CA-FL-00000071,132,SINGLE_FAMILY,,4,RENTED,87-6663-135
U-9KZYX5ZZ021A,CA-FL-00000071,133,TOWNHOME,1961.0,2,VACANT,77-4453-174
U-35UK6KJE4IWU,CA-FL-00000071,134,SINGLE_FAMILY,2530.0,5,OWNER_OCCUPIED,86-7722-859
U-AK43MU2KPXNK,CA-FL-00000071,135,SINGLE_FAMILY,1457.0,3,RENTED,18-1219-838
U-ZUFDD5S0KF98,CA-FL-00000071,136,TOWNHOME,2190.0,2,RENTED,38-7979-988
U-A7KYGL4BM3AX,CA-FL-00000071,137,SINGLE_FAMILY,1999.0,3,OWNER_OCCUPIED,43-7388-845
U-9M8FSZ4NF15J,CA-FL-00000071,138,TOWNHOME,2259.0,2,RENTED,56-7818-803
U-16OAHNMOQDP3,CA-FL-00000071,139,TOWNHOME,2248.0,3,OWNER_OCCUPIED,45-7662-258
U-LHVG6DOZHR1P,CA-FL-00000071,140,SINGLE_FAMILY,933.0,3,OWNER_OCCUPIED,63-1914-218
U-887R1BH0MH74,CA-FL-00000071,141,SINGLE_FAMILY,1058.0,2,RENTED,56-6068-725
U-WOSLK2RAS846,CA-FL-00000071,142,SINGLE_FAMILY,755.0,2,OWNER_OCCUPIED,94-3768-389
U-TPGR68FQO0MP,CA-FL-00000071,143,SINGLE_FAMILY,3137.0,1,RENTED,15-9004-262
U-Y17XOZO7QPM2,CA-FL-00000071,144,TOWNHOME,2573.0,3,OWNER_OCCUPIED,
U-FDZ0EH4UJ70G,CA-FL-00000071,145,SINGLE_FAMILY,3085.0,5,OWNER_OCCUPIED,33-7925-198
U-2WAV77R38IS1,CA-FL-00000071,146,TOWNHOME,701.0,2,OWNER_OCCUPIED,60-7844-594
U-M3X4B2DTTNOO,CA-FL-00000071,147,SINGLE_FAMILY,3180.0,3,OWNER_OCCUPIED,83-2416-165
U-4AT6PMNTXBJ3,CA-FL-00000071,148,SINGLE_FAMILY,1050.0,4,OWNER_OCCUPIED,92-2600-306
U-OLSG7D327KSA,CA-FL-00000071,149,SINGLE_FAMILY,674.0,2,RENTED,97-9565-826
U-MZJZBKVSCHV1,CA-FL-00000071,150,TOWNHOME,1591.0,2,OWNER_OCCUPIED,43-5402-444
U-M06HCE0LO1Z2,CA-FL-00000071,151,SINGLE_FAMILY,2770.0,2,OWNER_OCCUPIED,61-7956-333
U-HME6O3WP59I1,CA-FL-00000071,152,TOWNHOME,2943.0,4,OWNER_OCCUPIED,60-6462-558
U-0WCEY4IH9PVH,CA-FL-00000071,153,SINGLE_FAMILY,1404.0,2,OWNER_OCCUPIED,40-7056-557
U-1G6LLECXPNGW,CA-FL-00000071,154,SINGLE_FAMILY,2743.0,2,OWNER_OCCUPIED,61-6073-917
U-5IE4QXZRA8UB,CA-FL-00000071,155,TOWNHOME,2554.0,2,OWNER_OCCUPIED,85-4700-384
U-877OY7NX4HOO,CA-FL-00000071,156,TOWNHOME,720.0,3,RENTED,97-3680-318
U-GA6RPKI9TO9H,CA-CA-00000072,100,SINGLE_FAMILY,,3,OWNER_OCCUPIED,61-3388-619
U-00JK7L9DCPZ0,CA-CA-00000072,101,TOWNHOME,948.0,4,RENTED,91-7184-607
U-TI909N78P0TW,CA-CA-00000072,102,TOWNHOME,,1,OWNER_OCCUPIED,40-9275-563
U-KP8IXASGYBJ0,CA-CA-00000072,103,TOWNHOME,2076.0,2,OWNER_OCCUPIED,75-9836-590
U-GBJ4B1YQ2XJS,CA-CA-00000072,104,TOWNHOME,677.0,4,OWNER_OCCUPIED,16-9776-129
U-NZHUX0TMN182,CA-CA-00000072,105,TOWNHOME,1682.0,2,OWNER_OCCUPIED,87-7737-868
U-K3SW6KH12S96,CA-CA-00000072,106,TOWNHOME,2333.0,2,OWNER_OCCUPIED,20-7344-607
U-J37PX9CW2LME,CA-CA-00000072,107,SINGLE_FAMILY,2758.0,2,OWNER_OCCUPIED,79-1109-671
U-JUDSH1BSR1OV,CA-CA-00000072,108,TOWNHOME,2206.0,1,VACANT,59-6280-850
U-CDRTQL7YELO5,CA-CA-00000072,109,TOWNHOME,1380.0,4,OWNER_OCCUPIED,14-3952-886
U-60WR0MIRNO6P,CA-CA-00000072,110,TOWNHOME,1546.0,4,RENTED,96-3726-383
U-UC5RUS56YDYC,CA-CA-00000072,111,TOWNHOME,2750.0,2,OWNER_OCCUPIED,28-9735-702
U-S6RAVAFIVAQ9,CA-CA-00000072,112,SINGLE_FAMILY,2660.0,3,OWNER_OCCUPIED,99-9018-423
U-DEU7W097SCJ6,CA-CA-00000072,113,SINGLE_FAMILY,2557.0,4,OWNER_OCCUPIED,50-4249-636
U-VOX6SO2D0CFI,CA-CA-00000072,114,SINGLE_FAMILY,1749.0,1,OWNER_OCCUPIED,15-9402-330
U-X6TUKXNK47SL,CA-CA-00000072,115,TOWNHOME,1838.0,2,OWNER_OCCUPIED,56-5113-731
U-SNQMQISOSLMX,CA-CA-00000072,116,SINGLE_FAMILY,1182.0,3,RENTED,35-4322-600
U-GGOKBDWLU81F,CA-CA-00000072,117,SINGLE_FAMILY,1225.0,3,OWNER_OCCUPIED,23-3093-195
U-RYP7ZZ3F8CG2,CA-CA-00000072,118,TOWNHOME,2741.0,2,OWNER_OCCUPIED,58-3585-392
U-9N6CXEFOJHOF,CA-CA-00000072,119,TOWNHOME,1289.0,3,RENTED,54-5266-475
U-57PR7PBB3U68,CA-CA-00000072,120,TOWNHOME,2145.0,3,VACANT,74-9658-843
U-91QJHDDXCY5U,CA-CA-00000072,121,SINGLE_FAMILY,2302.0,3,RENTED,70-9953-182
U-26SDT2T6FVQJ,CA-CA-00000072,122,TOWNHOME,2546.0,1,OWNER_OCCUPIED,61-3897-879
U-ABA6ZCUKPLPM,CA-CA-00000072,123,SINGLE_FAMILY,875.0,2,OWNER_OCCUPIED,
U-957K4VB2QKH2,CA-CA-00000072,124,TOWNHOME,2477.0,5,OWNER_OCCUPIED,24-5506-583
U-98OANOZ6FWOV,CA-CA-00000072,125,SINGLE_FAMILY,2238.0,2,VACANT,39-5736-244
U-JSRIFVOESCAE,CA-CA-00000072,126,SINGLE_FAMILY,2782.0,3,OWNER_OCCUPIED,34-6720-616
U-YI60Q75TFLWE,CA-CA-00000072,127,SINGLE_FAMILY,2836.0,2,OWNER_OCCUPIED,72-3434-302
U-TF1WZ4LDHTB7,CA-CA-00000072,128,SINGLE_FAMILY,1802.0,1,RENTED,72-6291-460
U-G97P4BR2FXV8,CA-CA-00000072,129,SINGLE_FAMILY,1080.0,1,OWNER_OCCUPIED,80-8522-626
U-RMHNAJ1L9MVF,CA-CA-00000072,130,TOWNHOME,1593.0,3,OWNER_OCCUPIED,60-6657-305
U-FLUR8FF6LCXW,CA-CA-00000072,131,TOWNHOME,3097.0,2,RENTED,22-3355-454
U-IL7ERA7MS2VA,CA-CA-00000072,132,TOWNHOME,1714.0,1,OWNER_OCCUPIED,44-7422-953
U-UE46NEOAZUVI,CA-CA-00000072,133,TOWNHOME,744.0,2,OWNER_OCCUPIED,46-1420-435
U-29LDVVOC7P2F,CA-CA-00000072,134,SINGLE_FAMILY,2227.0,1,RENTED,
U-RD7WIF5Q9JUU,CA-CA-00000072,135,SINGLE_FAMILY,3015.0,2,RENTED,97-2924-471
U-L9CK0YVETN2Q,CA-CA-00000072,136,TOWNHOME,,3,OWNER_OCCUPIED,80-9981-525
U-1YZ70RDYTQG1,CA-CA-00000072,137,SINGLE_FAMILY,2448.0,2,RENTED,80-7665-946
U-N4J0HA0W7FOO,CA-CA-00000072,138,SINGLE_FAMILY,,3,OWNER_OCCUPIED,74-4938-526
U-VKC4GSY7VH1Y,CA-CA-00000072,139,SINGLE_FAMILY,1928.0,3,RENTED,81-1893-336
U-MWF0L2D2QUXG,CA-CA-00000072,140,SINGLE_FAMILY,1457.0,2,VACANT,26-4645-117
U-YFLPBWTDG67R,CA-CA-00000072,141,TOWNHOME,2949.0,3,VACANT,28-3727-189
U-JH1Y3ME3CB2J,CA-CA-00000072,142,SINGLE_FAMILY,842.0,3,RENTED,
U-CWQLB2WCY445,CA-CA-00000072,143,SINGLE_FAMILY,,3,OWNER_OCCUPIED,53-1976-959
U-EFS17CSO2HBR,CA-CA-00000072,144,SINGLE_FAMILY,2447.0,3,OWNER_OCCUPIED,40-9074-210
U-BNKJZS92LOBM,CA-CA-00000072,145,SINGLE_FAMILY,1861.0,3,OWNER_OCCUPIED,18-3608-578
U-580K5WWCGIG0,CA-CA-00000072,146,TOWNHOME,2601.0,2,RENTED,83-2147-595
U-MP7N4497YSLT,CA-CA-00000072,147,SINGLE_FAMILY,2170.0,2,OWNER_OCCUPIED,12-8250-963
U-MP669QC3O8K2,CA-CA-00000072,148,TOWNHOME,,1,OWNER_OCCUPIED,54-4834-675
U-T4CW8TAQ54NE,CA-CA-00000072,149,TOWNHOME,3127.0,1,RENTED,43-8640-435
U-CP8DKL1JOVOG,CA-CA-00000072,150,TOWNHOME,3094.0,4,OWNER_OCCUPIED,76-2761-831
U-T7G65X8LMG04,CA-CA-00000072,151,SINGLE_FAMILY,2538.0,3,RENTED,57-9739-732
U-E3ACDI86YRQ2,CA-CA-00000072,152,TOWNHOME,3130.0,3,RENTED,84-3714-685
U-CC28FLK3BX47,CA-CA-00000072,153,SINGLE_FAMILY,756.0,3,RENTED,59-7468-103
U-55OU763005S1,CA-CA-00000072,154,TOWNHOME,2534.0,3,OWNER_OCCUPIED,11-5310-217
U-GJE81DQE8UPI,CA-CA-00000072,155,SINGLE_FAMILY,710.0,2,OWNER_OCCUPIED,17-2898-791
U-L4SPQJN1BHIQ,CA-CA-00000072,156,SINGLE_FAMILY,1853.0,3,RENTED,54-7198-466
U-HRL06AJS6FT3,CA-CA-00000072,157,SINGLE_FAMILY,791.0,2,VACANT,50-3347-514
U-BXYPQN3LQ0S5,CA-CA-00000072,158,SINGLE_FAMILY,2487.0,2,OWNER_OCCUPIED,
U-IM2QZZJZ4XEM,CA-CA-00000072,159,TOWNHOME,2934.0,1,OWNER_OCCUPIED,39-6406-966
U-CWVH1PD9M9D2,CA-FL-00000073,100,TOWNHOME,1632.0,4,RENTED,63-2109-765
U-C8MBQTUV2RT4,CA-FL-00000073,101,TOWNHOME,1739.0,5,RENTED,44-5476-414
U-JGSM9LVDSQR3,CA-FL-00000073,102,SINGLE_FAMILY,1661.0,2,OWNER_OCCUPIED,74-2122-651
U-1HCQ0TYLKQDE,CA-FL-00000073,103,TOWNHOME,3086.0,3,OWNER_OCCUPIED,27-3185-368
U-O82H3RXNDDZT,CA-FL-00000073,104,TOWNHOME,1719.0,2,OWNER_OCCUPIED,50-9068-208
U-1MGQYOJP5P4N,CA-FL-00000073,105,SINGLE_FAMILY,1811.0,2,RENTED,20-2018-320
U-J7GKO9FCFV0Q,CA-FL-00000073,106,TOWNHOME,1882.0,1,OWNER_OCCUPIED,95-3231-224
U-89ZWI9SIVZB2,CA-FL-00000073,107,SINGLE_FAMILY,3012.0,3,OWNER_OCCUPIED,12-9115-929
U-1XHN3ZGO1V3K,CA-FL-00000073,108,SINGLE_FAMILY,2945.0,2,OWNER_OCCUPIED,72-4072-273
U-LE768NU7TR9Y,CA-FL-00000073,109,TOWNHOME,,1,RENTED,21-8834-611
U-RNV93JG8GN7G,CA-FL-00000073,110,SINGLE_FAMILY,695.0,2,OWNER_OCCUPIED,57-6279-840
U-9QEBP9DUTNUJ,CA-FL-00000073,111,TOWNHOME,3108.0,3,OWNER_OCCUPIED,50-4244-230
U-UTZMUNT7VXZS,CA-FL-00000073,112,SINGLE_FAMILY,1860.0,3,RENTED,77-9550-104
U-0OBADPH2RSBY,CA-FL-00000073,113,SINGLE_FAMILY,668.0,4,OWNER_OCCUPIED,57-1599-674
U-ECIBKKSL9AEM,CA-FL-00000073,114,SINGLE_FAMILY,1917.0,1,VACANT,56-6933-125
U-VIQED87A40I8,CA-FL-00000073,115,TOWNHOME,3097.0,4,RENTED,85-3759-708
U-63SE6X8KXB2J,CA-FL-00000073,116,SINGLE_FAMILY,2233.0,2,RENTED,37-3739-329
U-N8WHN8VJF3GE,CA-FL-00000073,117,TOWNHOME,1823.0,4,OWNER_OCCUPIED,92-5013-324
U-0FN17YGFQNR6,CA-FL-00000073,118,TOWNHOME,2099.0,3,OWNER_OCCUPIED,19-8477-324
U-W22Z0SD0Z7K6,CA-FL-00000073,119,SINGLE_FAMILY,1796.0,2,RENTED,38-6836-930
U-NEZIBWV1WBA2,CA-FL-00000073,120,TOWNHOME,1594.0,2,OWNER_OCCUPIED,20-5515-457
U-J0LJL2VX7RPG,CA-FL-00000073,121,TOWNHOME,1486.0,5,OWNER_OCCUPIED,72-6783-480
U-W45RMIV9C59L,CA-FL-00000073,122,TOWNHOME,2370.0,2,VACANT,88-7196-555
U-4BR3RNXXII6I,CA-FL-00000073,123,TOWNHOME,2173.0,2,OWNER_OCCUPIED,80-5998-215
U-ZIJCIGXAXXEC,CA-FL-00000073,124,SINGLE_FAMILY,1585.0,5,OWNER_OCCUPIED,26-8046-893
U-8OO99ZXPARW8,CA-FL-00000073,125,SINGLE_FAMILY,2877.0,5,OWNER_OCCUPIED,86-9349-975
U-LP8UW1U8DAWS,CA-FL-00000073,126,TOWNHOME,1500.0,3,OWNER_OCCUPIED,
U-FPGWNKSO5XB7,CA-FL-00000073,127,SINGLE_FAMILY,703.0,4,RENTED,35-3812-342
U-68CDUN519M9N,CA-FL-00000073,128,TOWNHOME,1682.0,4,RENTED,28-4143-736
U-17VUPASAQHFB,CA-FL-00000073,129,TOWNHOME,,3,RENTED,94-4109-676
U-H9WI538HSXVD,CA-FL-00000073,130,SINGLE_FAMILY,683.0,2,RENTED,74-3372-343
U-EBDXWR04W8ZG,CA-FL-00000073,131,TOWNHOME,1037.0,1,VACANT,10-7798-148
U-3KRA7XZUY84O,CA-FL-00000073,132,TOWNHOME,1637.0,2,OWNER_OCCUPIED,49-6473-305
U-V46WF6N0IRJ5,CA-FL-00000073,133,SINGLE_FAMILY,1381.0,3,OWNER_OCCUPIED,58-3497-300
U-39Q8BX637SC7,CA-FL-00000073,134,SINGLE_FAMILY,1823.0,3,RENTED,63-1148-917
U-OPS82ZIBRQF5,CA-FL-00000073,135,SINGLE_FAMILY,2174.0,3,OWNER_OCCUPIED,86-2948-554
U-DHSUDFLPSGY7,CA-FL-00000073,136,SINGLE_FAMILY,2029.0,3,OWNER_OCCUPIED,28-3150-333
U-6EPCEW8F6N32,CA-FL-00000073,137,TOWNHOME,2501.0,2,RENTED,90-3479-465
U-RIGBL9TSUH8A,CA-FL-00000073,138,SINGLE_FAMILY,2432.0,3,OWNER_OCCUPIED,76-1170-884
U-3O5TKUDWQ5X9,CA-FL-00000073,139,SINGLE_FAMILY,1119.0,2,OWNER_OCCUPIED,97-7154-757
U-2VNKPFPV68G8,CA-FL-00000073,140,TOWNHOME,2513.0,3,OWNER_OCCUPIED,45-9925-287
U-Z2QIKQUGBGXS,CA-FL-00000073,141,TOWNHOME,1302.0,5,RENTED,40-8947-232
U-G18PN8LCRCM4,CA-FL-00000073,142,TOWNHOME,2198.0,3,OWNER_OCCUPIED,15-1777-248
U-ZBBGB2Q40WED,CA-FL-00000074,24D,CONDO_UNIT,2708.0,3,OWNER_OCCUPIED,53-7070-446
U-A24RUBHVNJTP,CA-FL-00000074,29G,CONDO_UNIT,2423.0,2,OWNER_OCCUPIED,14-7911-430
U-CMEO5JRHBFX2,CA-FL-00000074,8F,CONDO_UNIT,2922.0,2,VACANT,73-1974-885
U-AUM6CWHMRIH5,CA-FL-00000074,8C,CONDO_UNIT,1976.0,4,VACANT,93-4508-540
U-BOAROE2WBIIO,CA-FL-00000074,35A,CONDO_UNIT,2429.0,4,OWNER_OCCUPIED,67-1231-375
U-6XAMVICUUGJW,CA-FL-00000074,39B,CONDO_UNIT,2242.0,1,OWNER_OCCUPIED,81-8187-724
U-Z5OG7ML55D6Z,CA-FL-00000074,3A,CONDO_UNIT,752.0,2,OWNER_OCCUPIED,
U-XZN96UE75IHL,CA-FL-00000074,12A,CONDO_UNIT,1549.0,2,RENTED,45-5372-934
U-NSOVJ625WOE9,CA-FL-00000074,40B,CONDO_UNIT,2560.0,2,RENTED,98-5133-684
U-DX59BA0T9FPC,CA-FL-00000074,2C,CONDO_UNIT,2824.0,3,VACANT,80-8174-168
U-LBOMOL931XGE,CA-FL-00000074,37H,CONDO_UNIT,2376.0,2,OWNER_OCCUPIED,
U-LUXCMCLOL9MF,CA-FL-00000074,24B,CONDO_UNIT,1204.0,3,OWNER_OCCUPIED,23-5502-283
U-737XRNRMEPSV,CA-FL-00000074,35A,CONDO_UNIT,1741.0,3,OWNER_OCCUPIED,80-1639-938
U-BWE28EDDEE8V,CA-FL-00000074,23E,CONDO_UNIT,,5,VACANT,31-7145-745
U-4ZDHYVPQCSW7,CA-FL-00000074,9B,CONDO_UNIT,1617.0,3,OWNER_OCCUPIED,88-4575-224
U-8LGIC5L3UQ03,CA-FL-00000074,17D,CONDO_UNIT,,4,VACANT,
U-XLIM2IZ6J4CE,CA-FL-00000074,39D,CONDO_UNIT,2787.0,4,OWNER_OCCUPIED,66-5794-685
U-6J9Q3GH5VB1T,CA-FL-00000074,32A,CONDO_UNIT,2363.0,3,OWNER_OCCUPIED,35-3421-868
U-U3CEGSA1TB5I,CA-FL-00000074,11B,CONDO_UNIT,2549.0,4,OWNER_OCCUPIED,14-8448-602
U-FS3WAP6XXP5I,CA-FL-00000074,2A,CONDO_UNIT,2433.0,3,OWNER_OCCUPIED,68-3208-920
U-QLY47JHDWXDC,CA-FL-00000074,27B,CONDO_UNIT,1355.0,3,OWNER_OCCUPIED,33-4956-152
U-75YJF6J2TQWO,CA-FL-00000074,27B,CONDO_UNIT,2174.0,3,RENTED,12-3570-161
U-72ITZOM6REM8,CA-FL-00000074,31C,CONDO_UNIT,1431.0,2,RENTED,50-2176-575
U-NRY587XIR2G4,CA-FL-00000074,2G,CONDO_UNIT,2060.0,3,OWNER_OCCUPIED,25-6895-176
U-XBV8DWVG0J7P,CA-FL-00000074,14B,CONDO_UNIT,1428.0,4,RENTED,
U-QYCVF7JMYIRM,CA-FL-00000074,25D,CONDO_UNIT,1889.0,2,OWNER_OCCUPIED,60-9959-216
U-WN360BGPOQ59,CA-FL-00000074,23H,CONDO_UNIT,796.0,3,OWNER_OCCUPIED,11-8461-606
U-5THPGCYZO648,CA-FL-00000074,29F,CONDO_UNIT,922.0,1,OWNER_OCCUPIED,62-8010-672
U-VP4GL7JVC9MW,CA-FL-00000074,26F,CONDO_UNIT,3144.0,4,OWNER_OCCUPIED,42-1159-167
U-YZMX3P5KUG2M,CA-FL-00000074,22C,CONDO_UNIT,1425.0,4,RENTED,45-1478-932
U-4G906ZE50KWD,CA-FL-00000074,21A,CONDO_UNIT,1258.0,4,RENTED,24-6056-778
U-EYC5KE33JWDG,CA-FL-00000074,33D,CONDO_UNIT,2969.0,2,OWNER_OCCUPIED,
U-Z54QYGKC1UV2,CA-FL-00000074,30H,CONDO_UNIT,1235.0,3,OWNER_OCCUPIED,59-8224-721
U-HA6F70RTCVYE,CA-FL-00000074,39A,CONDO_UNIT,877.0,2,OWNER_OCCUPIED,60-5760-281
U-T8KX7G9S0GD5,CA-FL-00000074,24E,CONDO_UNIT,1388.0,2,OWNER_OCCUPIED,62-5764-419
U-9EFT5NNHSHIX,CA-FL-00000074,10A,CONDO_UNIT,2413.0,1,OWNER_OCCUPIED,97-8242-404
U-BE3T5BZSWVD7,CA-FL-00000074,39A,CONDO_UNIT,1690.0,3,OWNER_OCCUPIED,30-9031-562
U-ZC0FLAW88P43,CA-FL-00000074,12A,CONDO_UNIT,2279.0,4,RENTED,34-7345-276
U-X9XZ73QW522H,CA-FL-00000074,31D,CONDO_UNIT,2237.0,1,RENTED,61-8496-212
U-UV82VSNOR1C2,CA-FL-00000074,12G,CONDO_UNIT,2139.0,3,OWNER_OCCUPIED,30-2818-929
U-EC0F3EWPXA41,CA-FL-00000074,30D,CONDO_UNIT,2406.0,3,RENTED,89-3453-667
U-4FRODQ4AKM9E,CA-FL-00000074,2G,CONDO_UNIT,2196.0,3,OWNER_OCCUPIED,11-2743-376
U-JY9SR6YS4V41,CA-FL-00000074,32B,CONDO_UNIT,1245.0,3,OWNER_OCCUPIED,82-2256-705
U-R0UPP3FLC0ZO,CA-FL-00000074,1B,CONDO_UNIT,2810.0,3,OWNER_OCCUPIED,94-6757-295
U-V2Z9PWQ7F139,CA-FL-00000074,11G,CONDO_UNIT,2493.0,2,OWNER_OCCUPIED,27-4311-448
U-XRWJK9QZ6O1R,CA-FL-00000074,28E,CONDO_UNIT,1909.0,3,OWNER_OCCUPIED,42-2928-334
U-CAO6BFZRWMH0,CA-FL-00000074,27A,CONDO_UNIT,863.0,1,OWNER_OCCUPIED,61-2175-159
U-5W53NAHOH2P9,CA-FL-00000074,31F,CONDO_UNIT,,5,RENTED,29-4028-837
U-P9RJOZG4NYHQ,CA-FL-00000074,22E,CONDO_UNIT,2801.0,3,RENTED,37-1298-582
U-WC0NBAQKNNVY,CA-FL-00000074,19A,CONDO_UNIT,2679.0,3,RENTED,93-7058-117
U-QROLNI1GK2UL,CA-FL-00000074,18A,CONDO_UNIT,1450.0,2,OWNER_OCCUPIED,85-2222-829
U-7PBGEP9LZRVF,CA-FL-00000074,25C,CONDO_UNIT,1788.0,4,RENTED,69-9899-773
U-CKYBV8M07NKW,CA-FL-00000074,8B,CONDO_UNIT,1560.0,4,OWNER_OCCUPIED,56-8846-381
U-9GGSPAJLRCNK,CA-FL-00000074,5D,CONDO_UNIT,862.0,2,OWNER_OCCUPIED,62-3302-830
U-01ZLZWDGBHDC,CA-FL-00000074,12B,CONDO_UNIT,3037.0,4,OWNER_OCCUPIED,90-3207-836
U-9E5OZ8BULO11,CA-FL-00000074,40A,CONDO_UNIT,2759.0,3,RENTED,19-2949-751
U-EDB255M5JF9Y,CA-FL-00000074,6E,CONDO_UNIT,,1,RENTED,76-9783-583
U-O0SS35AY7YFA,CA-FL-00000074,7F,CONDO_UNIT,2224.0,2,OWNER_OCCUPIED,28-2758-208
U-EHKUOIPBVN7M,CA-FL-00000074,37H,CONDO_UNIT,1404.0,4,OWNER_OCCUPIED,72-1623-943
U-COSK5G2FXZ6D,CA-FL-00000074,6G,CONDO_UNIT,,4,VACANT,97-5033-678
U-05WDNLD6ARW4,CA-CA-00000075,100,TOWNHOME,1158.0,3,VACANT,88-9398-897
U-BYR4L7N2LEYU,CA-CA-00000075,101,TOWNHOME,2354.0,2,OWNER_OCCUPIED,88-2031-854
U-4Q2WZ90UE07B,CA-CA-00000075,102,TOWNHOME,3185.0,3,OWNER_OCCUPIED,37-3099-499
U-1EY0BD4AQBI4,CA-CA-00000075,103,TOWNHOME,2330.0,3,OWNER_OCCUPIED,63-8303-849
U-PKCB9XCQFU0R,CA-CA-00000075,104,SINGLE_FAMILY,2809.0,2,OWNER_OCCUPIED,67-1588-307
U-HKUP5XBX838B,CA-CA-00000075,105,TOWNHOME,1579.0,3,VACANT,49-5601-350
U-KNPOUMU4YGOH,CA-CA-00000075,106,TOWNHOME,1602.0,2,RENTED,56-3243-464
U-JDO7P4HI8MC0,CA-CA-00000075,107,TOWNHOME,2164.0,1,OWNER_OCCUPIED,81-3890-567
U-M19IWBUW6F5C,CA-CA-00000075,108,SINGLE_FAMILY,1134.0,2,RENTED,72-4967-215
U-282DE12UW305,CA-CA-00000075,109,TOWNHOME,3016.0,3,OWNER_OCCUPIED,88-7076-472
U-IAI4T1S1HVDI,CA-AZ-00000076,100,SINGLE_FAMILY,2584.0,4,OWNER_OCCUPIED,50-5083-576
U-BO9EOSNP8DCW,CA-AZ-00000076,101,TOWNHOME,1734.0,2,OWNER_OCCUPIED,49-6430-961
U-CEZDJJFNFECW,CA-AZ-00000076,102,TOWNHOME,688.0,3,OWNER_OCCUPIED,47-9487-494
U-VYR49W5LS110,CA-AZ-00000076,103,SINGLE_FAMILY,2427.0,2,OWNER_OCCUPIED,11-1448-855
U-0TQCF8YTJ26Q,CA-AZ-00000076,104,SINGLE_FAMILY,1710.0,3,OWNER_OCCUPIED,97-5093-757
U-9YEZPUGFFW2W,CA-AZ-00000076,105,SINGLE_FAMILY,790.0,4,OWNER_OCCUPIED,36-5990-592
U-X8VG6FL0RKGX,CA-AZ-00000076,106,TOWNHOME,908.0,2,OWNER_OCCUPIED,54-2996-393
U-60OOLI86MS9V,CA-AZ-00000076,107,TOWNHOME,2818.0,3,RENTED,44-8728-570
U-JWM5THV1D12C,CA-AZ-00000076,108,TOWNHOME,2832.0,4,OWNER_OCCUPIED,20-4053-207
U-D7186PMD2Q4D,CA-AZ-00000076,109,TOWNHOME,,3,RENTED,41-4579-196
U-P7FSABQ21VTX,CA-AZ-00000076,110,SINGLE_FAMILY,689.0,2,OWNER_OCCUPIED,
U-535C7OL8C4W8,CA-AZ-00000076,111,SINGLE_FAMILY,1248.0,4,OWNER_OCCUPIED,88-4454-494
U-1UJYPM7U4AKU,CA-AZ-00000076,112,TOWNHOME,2564.0,4,OWNER_OCCUPIED,21-7696-289
U-56FVNHEVXPQ6,CA-AZ-00000076,113,SINGLE_FAMILY,787.0,3,OWNER_OCCUPIED,11-5657-146
U-N6SERYSVICSM,CA-AZ-00000076,114,TOWNHOME,2630.0,2,OWNER_OCCUPIED,79-7487-590
U-P6Y563P373TB,CA-AZ-00000076,115,TOWNHOME,1151.0,3,OWNER_OCCUPIED,42-7621-859
U-3DGMS8HW9WQB,CA-AZ-00000076,116,TOWNHOME,1903.0,1,OWNER_OCCUPIED,57-4794-505
U-LJ42PWM0JSIS,CA-AZ-00000076,117,TOWNHOME,2868.0,3,OWNER_OCCUPIED,17-4162-270
U-POKS5RM3834I,CA-AZ-00000076,118,SINGLE_FAMILY,1397.0,3,VACANT,51-1461-128
U-BU278ROXQSCH,CA-AZ-00000076,119,SINGLE_FAMILY,1195.0,4,OWNER_OCCUPIED,74-4430-744
U-HH5E3S5QJ8NK,CA-AZ-00000076,120,TOWNHOME,2824.0,3,OWNER_OCCUPIED,80-2870-549
U-A7BVZQ8TSAYY,CA-AZ-00000076,121,TOWNHOME,2064.0,1,VACANT,25-5513-267
U-QHAJ2TOH9K4C,CA-AZ-00000076,122,TOWNHOME,2516.0,3,RENTED,68-5211-734
U-QL586TE6CZRK,CA-AZ-00000076,123,SINGLE_FAMILY,1137.0,3,RENTED,26-4892-342
U-T6IOGBIF3LRC,CA-AZ-00000076,124,SINGLE_FAMILY,1691.0,2,OWNER_OCCUPIED,21-4204-153
U-KN7BAM5X86X5,CA-AZ-00000076,125,TOWNHOME,1454.0,3,OWNER_OCCUPIED,63-4966-916
U-7HR4IR4OJ0J0,CA-AZ-00000076,126,SINGLE_FAMILY,2095.0,3,OWNER_OCCUPIED,94-3012-964
U-G2EPBHTWG1NI,CA-AZ-00000076,127,SINGLE_FAMILY,1007.0,2,OWNER_OCCUPIED,22-6729-314
U-933BQOQR7GYS,CA-AZ-00000076,128,SINGLE_FAMILY,1190.0,2,VACANT,94-3391-876
U-YDRRDN208RNP,CA-AZ-00000076,129,SINGLE_FAMILY,738.0,3,OWNER_OCCUPIED,25-7695-323
U-BFKCAXEJCB98,CA-AZ-00000076,130,TOWNHOME,2711.0,2,OWNER_OCCUPIED,18-3082-905
U-JEDV3L2AF0YV,CA-AZ-00000076,131,TOWNHOME,1610.0,4,OWNER_OCCUPIED,41-7234-551
U-4VUN59M1RE3L,CA-AZ-00000076,132,TOWNHOME,1023.0,3,OWNER_OCCUPIED,54-3207-370
U-45SEADDU8L73,CA-AZ-00000076,133,SINGLE_FAMILY,1392.0,4,OWNER_OCCUPIED,25-1817-704
U-PEZEU6Q74VPA,CA-AZ-00000076,134,SINGLE_FAMILY,1446.0,2,RENTED,37-5979-656
U-NPUTP9RRDMKU,CA-AZ-00000076,135,SINGLE_FAMILY,1615.0,2,RENTED,85-7330-338
U-37D7VPVH9WNJ,CA-AZ-00000076,136,SINGLE_FAMILY,,2,OWNER_OCCUPIED,75-3212-357
U-E6FQHDCSWQ0Y,CA-AZ-00000076,137,SINGLE_FAMILY,2604.0,1,RENTED,84-7529-885
U-5ICDNQGS81SX,CA-AZ-00000076,138,TOWNHOME,802.0,3,RENTED,20-1334-905
U-WZJW87SZZMTV,CA-AZ-00000076,139,TOWNHOME,,5,RENTED,29-3182-777
U-B80NR53F55ZZ,CA-AZ-00000076,140,TOWNHOME,2898.0,4,RENTED,80-8080-379
U-LZ84GDQOZF2J,CA-AZ-00000076,141,SINGLE_FAMILY,1683.0,3,RENTED,90-1034-730
U-FRCQ6OB8X1FE,CA-AZ-00000076,142,SINGLE_FAMILY,1790.0,3,OWNER_OCCUPIED,64-8709-366
U-ACFV6MPM3LW8,CA-AZ-00000076,143,TOWNHOME,2320.0,4,OWNER_OCCUPIED,10-1594-991
U-PLL7BXA2KWVT,CA-AZ-00000076,144,TOWNHOME,2490.0,4,OWNER_OCCUPIED,87-4516-332
U-W3KHKT9IFVDQ,CA-AZ-00000076,145,TOWNHOME,,2,OWNER_OCCUPIED,25-9937-541
U-TVZ7MJJL1ZC4,CA-AZ-00000076,146,SINGLE_FAMILY,1543.0,3,OWNER_OCCUPIED,57-9680-575
U-JW8DHEXHIGD6,CA-AZ-00000076,147,SINGLE_FAMILY,,2,OWNER_OCCUPIED,49-5478-126
U-80U0ZI50TIHQ,CA-AZ-00000076,148,TOWNHOME,1487.0,3,OWNER_OCCUPIED,17-6346-952
U-W3VTYUSKSA8M,CA-AZ-00000076,149,SINGLE_FAMILY,2331.0,3,OWNER_OCCUPIED,33-8579-303
U-BIKB2RKF6BJY,CA-AZ-00000076,150,SINGLE_FAMILY,3146.0,2,OWNER_OCCUPIED,90-5425-553
U-HWQ1UIAJQBIA,CA-AZ-00000076,151,TOWNHOME,2410.0,4,RENTED,85-2607-855
U-VQ2Q6YHABG09,CA-AZ-00000076,152,TOWNHOME,1330.0,4,OWNER_OCCUPIED,72-9525-389
U-9AFEE3SPX0TP,CA-AZ-00000076,153,SINGLE_FAMILY,,3,OWNER_OCCUPIED,98-6273-607
U-1DOMSXJZHO89,CA-AZ-00000076,154,SINGLE_FAMILY,,1,VACANT,49-1153-472
U-K4U6X3HYCB0U,CA-AZ-00000076,155,SINGLE_FAMILY,1601.0,2,OWNER_OCCUPIED,38-1432-958
U-8GQKXLIINLUU,CA-AZ-00000076,156,TOWNHOME,2903.0,4,RENTED,71-2612-424
U-5QR4FFO678E9,CA-AZ-00000076,157,SINGLE_FAMILY,2952.0,1,RENTED,34-6557-638
U-2SBMK9AL7TNG,CA-AZ-00000076,158,SINGLE_FAMILY,1469.0,4,RENTED,70-7470-193
U-8KCQUVKCMFZW,CA-AZ-00000076,159,TOWNHOME,2559.0,2,OWNER_OCCUPIED,61-7053-881
U-3AX5ATOMFFK4,CA-CA-00000077,19C,CONDO_UNIT,1790.0,3,RENTED,76-5851-613
U-9BCOEMUIZ4T6,CA-CA-00000077,36H,CONDO_UNIT,915.0,4,OWNER_OCCUPIED,48-5534-777
U-NHAV07ARX7HM,CA-CA-00000077,8H,CONDO_UNIT,2384.0,2,OWNER_OCCUPIED,68-9107-730
U-GUGJAJOWEMDR,CA-CA-00000077,18H,CONDO_UNIT,782.0,2,OWNER_OCCUPIED,90-9439-225
U-MGP0YVPAGAU8,CA-CA-00000077,34B,CONDO_UNIT,2536.0,3,RENTED,53-6443-403
U-5KBTS5HRC2HL,CA-CA-00000077,6A,CONDO_UNIT,1872.0,3,OWNER_OCCUPIED,46-7879-260
U-C2R4KED1I969,CA-CA-00000077,32G,CONDO_UNIT,1234.0,3,OWNER_OCCUPIED,22-6618-884
U-KLHGXV83MI4I,CA-CA-00000077,2G,CONDO_UNIT,1684.0,1,RENTED,70-5491-992
U-JERE1G1EG1I0,CA-CA-00000077,1D,CONDO_UNIT,1215.0,3,VACANT,70-1969-794
U-GYPCMC4E1SDA,CA-CA-00000077,25H,CONDO_UNIT,2542.0,2,RENTED,60-4140-780
U-XQ70FPM94Q4S,CA-CA-00000077,2E,CONDO_UNIT,1565.0,2,OWNER_OCCUPIED,47-4067-855
U-H61XP5UCB5DR,CA-CA-00000077,21F,CONDO_UNIT,2491.0,3,OWNER_OCCUPIED,11-1395-357
U-77GH41UKCOVR,CA-CA-00000077,4D,CONDO_UNIT,3085.0,2,RENTED,99-8002-771
U-JAIZQPSRVHVC,CA-CA-00000077,6F,CONDO_UNIT,1762.0,1,RENTED,46-9454-597
U-556D6D3RV621,CA-CA-00000077,40C,CONDO_UNIT,2804.0,2,OWNER_OCCUPIED,60-3398-303
U-ALQF7YZQNO6I,CA-CA-00000077,35F,CONDO_UNIT,2040.0,2,RENTED,76-8133-245
U-NV7HJYRGJ0VV,CA-CA-00000077,13E,CONDO_UNIT,3045.0,3,OWNER_OCCUPIED,49-5172-406
U-UAEANLX8TOCI,CA-CA-00000077,30H,CONDO_UNIT,1342.0,3,VACANT,65-7621-857
U-TARLZ0QEQQA9,CA-CA-00000077,21A,CONDO_UNIT,1892.0,3,OWNER_OCCUPIED,62-5804-908
U-FF6O9U81MCHI,CA-CA-00000077,19E,CONDO_UNIT,2459.0,4,OWNER_OCCUPIED,60-7304-517
U-YQ6PG8489R1R,CA-CA-00000077,17A,CONDO_UNIT,2077.0,4,OWNER_OCCUPIED,92-3730-457
U-30VXEMNM28WF,CA-CA-00000077,36B,CONDO_UNIT,2309.0,2,RENTED,
U-ZPQV6UU2BWQN,CA-CA-00000077,11G,CONDO_UNIT,1093.0,2,OWNER_OCCUPIED,14-4161-805
U-4Q9LKCA6CUN8,CA-CA-00000077,15G,CONDO_UNIT,1366.0,3,OWNER_OCCUPIED,49-8605-525
U-EMTK811SKAE3,CA-CA-00000077,23C,CONDO_UNIT,1733.0,1,RENTED,62-8894-635
U-N2WO9KHSQHBP,CA-CA-00000077,20H,CONDO_UNIT,1440.0,1,OWNER_OCCUPIED,92-7020-352
U-IOC6DR1R3TAQ,CA-CA-00000077,9A,CONDO_UNIT,1457.0,2,RENTED,10-9691-564
U-9ML0RZARYQ3D,CA-CA-00000077,9A,CONDO_UNIT,2529.0,1,OWNER_OCCUPIED,25-7420-300
U-TCDTBNM7W5QU,CA-CA-00000077,3F,CONDO_UNIT,803.0,3,OWNER_OCCUPIED,94-5726-187
U-VN5LDVJKW0RF,CA-CA-00000077,11B,CONDO_UNIT,1460.0,3,OWNER_OCCUPIED,54-4217-641
U-VGNZEMQ1ODX7,CA-CA-00000077,30G,CONDO_UNIT,2940.0,3,OWNER_OCCUPIED,82-7297-810
U-QHY0WNSB7LYX,CA-CA-00000077,27G,CONDO_UNIT,1135.0,4,RENTED,98-5982-638
U-R9NJ55AB7XS2,CA-CA-00000077,9G,CONDO_UNIT,1156.0,3,OWNER_OCCUPIED,16-6991-647
U-IU9W1SZIE40Q,CA-CA-00000077,35C,CONDO_UNIT,716.0,2,RENTED,
U-F97CY0W58D8T,CA-CA-00000077,4F,CONDO_UNIT,896.0,3,OWNER_OCCUPIED,33-5015-241
U-0PYIZYZ8CU0H,CA-CA-00000077,5B,CONDO_UNIT,742.0,4,OWNER_OCCUPIED,32-2860-503
U-ICKYDVITEQIK,CA-CA-00000077,2F,CONDO_UNIT,1651.0,2,OWNER_OCCUPIED,27-7280-899
U-2PJUV5P6NIA4,CA-CA-00000077,18C,CONDO_UNIT,2383.0,2,OWNER_OCCUPIED,20-3857-251
U-S9A3XB110OW9,CA-CA-00000077,13B,CONDO_UNIT,2527.0,3,RENTED,24-3621-339
U-VHDVMWY67MC2,CA-CA-00000077,22C,CONDO_UNIT,2820.0,3,OWNER_OCCUPIED,54-1344-910
U-1NZIEYH3Z8U5,CA-CA-00000077,7D,CONDO_UNIT,2253.0,2,RENTED,99-2369-436
U-YIUMI9GEXM3A,CA-CA-00000077,12B,CONDO_UNIT,2834.0,3,OWNER_OCCUPIED,86-2021-352
U-5Y1N77UC5HO0,CA-CA-00000077,25A,CONDO_UNIT,2270.0,1,OWNER_OCCUPIED,49-8732-242
U-9RH49T7PF1M9,CA-CA-00000077,13G,CONDO_UNIT,3087.0,3,RENTED,36-5907-762
U-9D6A1W5D7VE5,CA-CA-00000077,13H,CONDO_UNIT,3076.0,3,OWNER_OCCUPIED,27-1478-437
U-OS8IM3OLN5W7,CA-CA-00000077,35A,CONDO_UNIT,807.0,3,OWNER_OCCUPIED,
U-AJPWA0D7DUWA,CA-CA-00000077,40H,CONDO_UNIT,1761.0,4,OWNER_OCCUPIED,68-6750-919
U-4NI1054C40IR,CA-CA-00000078,100,SINGLE_FAMILY,2547.0,5,OWNER_OCCUPIED,85-2571-739
U-W51PLUKYNH02,CA-CA-00000078,101,TOWNHOME,,2,OWNER_OCCUPIED,75-5228-787
U-U8KY6E1YMSE6,CA-CA-00000078,102,TOWNHOME,,3,OWNER_OCCUPIED,49-4155-778
U-XFFAE814WKYU,CA-CA-00000078,103,SINGLE_FAMILY,2871.0,3,OWNER_OCCUPIED,43-7179-607
U-V85SLBPNIX7Q,CA-CA-00000078,104,SINGLE_FAMILY,2840.0,3,RENTED,65-4011-501
U-7WR1F5547T3K,CA-CA-00000078,105,TOWNHOME,2287.0,1,OWNER_OCCUPIED,50-5946-708
U-7QC8C2K8XLWN,CA-CA-00000078,106,TOWNHOME,1148.0,2,RENTED,92-9875-870
U-C3F4SZ23KU6O,CA-CA-00000078,107,SINGLE_FAMILY,889.0,4,OWNER_OCCUPIED,58-9396-798
U-C5K07XPB5M10,CA-CA-00000078,108,TOWNHOME,1855.0,2,RENTED,31-8901-900
U-W26WC47P13VF,CA-CA-00000078,109,SINGLE_FAMILY,1659.0,3,OWNER_OCCUPIED,73-5916-815
U-W19HRU1INT2H,CA-CA-00000078,110,TOWNHOME,2706.0,3,OWNER_OCCUPIED,66-6644-542
U-1WGXQSRLXP4C,CA-CA-00000078,111,SINGLE_FAMILY,1790.0,2,OWNER_OCCUPIED,29-2702-322
U-3PW3V7Q82EMY,CA-CA-00000078,112,TOWNHOME,3055.0,3,RENTED,18-2715-739
U-T4YZO5HU599L,CA-CA-00000078,113,TOWNHOME,1114.0,2,RENTED,97-8510-607
U-U7JW9WCBW4QL,CA-CA-00000078,114,SINGLE_FAMILY,1803.0,2,RENTED,42-1472-433
U-8EV4EQVRZC2G,CA-CA-00000078,115,SINGLE_FAMILY,1792.0,2,VACANT,26-8135-194
U-WQ3UHZKXFZVD,CA-CA-00000078,116,TOWNHOME,2101.0,2,OWNER_OCCUPIED,17-7815-962
U-82AFUXAMOI74,CA-CA-00000078,117,TOWNHOME,,3,OWNER_OCCUPIED,30-8262-187
U-0UG12IAU1QG8,CA-CA-00000078,118,SINGLE_FAMILY,2452.0,3,RENTED,77-2202-525
U-7KFSEQH11K53,CA-CA-00000078,119,SINGLE_FAMILY,2621.0,3,VACANT,34-8834-657
U-FEM2JYLCLAZU,CA-CA-00000078,120,TOWNHOME,1090.0,2,OWNER_OCCUPIED,88-5317-663
U-MZBXWHTKNTYI,CA-CA-00000078,121,TOWNHOME,2798.0,1,RENTED,14-9988-291
U-74EJHJZQ9W2I,CA-CA-00000078,122,SINGLE_FAMILY,2872.0,2,OWNER_OCCUPIED,53-5487-695
U-YOWSHY61YDZD,CA-CA-00000078,123,SINGLE_FAMILY,2696.0,3,OWNER_OCCUPIED,50-9536-858
U-5MNSY5FSGAOY,CA-CA-00000078,124,SINGLE_FAMILY,2583.0,3,OWNER_OCCUPIED,
U-9US6QPWHTYZJ,CA-CA-00000078,125,TOWNHOME,1597.0,2,OWNER_OCCUPIED,21-6643-933
U-NEJV4DGG9WYG,CA-CA-00000078,126,TOWNHOME,1715.0,3,RENTED,42-3442-760
U-7YYEL7S4AXDW,CA-CA-00000078,127,TOWNHOME,1065.0,3,RENTED,82-7730-171
U-LWCEZ60LZRI1,CA-CA-00000078,128,SINGLE_FAMILY,2328.0,2,OWNER_OCCUPIED,76-1782-205
U-ZT4PGJM00IAL,CA-CA-00000078,129,TOWNHOME,1964.0,2,OWNER_OCCUPIED,56-3582-198
U-ZG4P7UIY0ODK,CA-CA-00000078,130,TOWNHOME,2452.0,2,OWNER_OCCUPIED,94-8274-503
U-QXW7DS7K25PN,CA-CA-00000078,131,TOWNHOME,2147.0,2,OWNER_OCCUPIED,
U-F66B9YNZ51MG,CA-CA-00000078,132,SINGLE_FAMILY,2509.0,2,OWNER_OCCUPIED,76-9648-944
U-34WID6ZLSNV0,CA-CA-00000078,133,SINGLE_FAMILY,757.0,3,OWNER_OCCUPIED,83-8438-444
U-FCSOR34CUHZC,CA-CA-00000078,134,SINGLE_FAMILY,2414.0,3,VACANT,64-4955-316
U-C4DIMV1PQQT3,CA-CA-00000078,135,TOWNHOME,2715.0,3,OWNER_OCCUPIED,48-8601-489
U-3YSF3R2VOUQR,CA-FL-00000079,100,SINGLE_FAMILY,2317.0,4,OWNER_OCCUPIED,43-7880-153
U-5YUFXH61FB0G,CA-FL-00000079,101,TOWNHOME,2741.0,1,VACANT,48-8958-254
U-7P6T7NMWNPNQ,CA-FL-00000079,102,SINGLE_FAMILY,,4,RENTED,71-5942-735
U-K7I8Y3MHTWHN,CA-FL-00000079,103,SINGLE_FAMILY,801.0,4,OWNER_OCCUPIED,72-2832-458
U-CWYS6GRI0GZW,CA-FL-00000079,104,SINGLE_FAMILY,809.0,2,OWNER_OCCUPIED,57-8357-760
U-P90UKTUELS4Z,CA-FL-00000079,105,TOWNHOME,2651.0,2,OWNER_OCCUPIED,67-4047-969
U-Q5B8FXQWRWNI,CA-FL-00000079,106,SINGLE_FAMILY,942.0,3,OWNER_OCCUPIED,13-8467-213
U-LT8QHYPCLKTD,CA-FL-00000079,107,TOWNHOME,1777.0,2,RENTED,43-6155-451
U-FWXEJ5MHWWQX,CA-FL-00000079,108,TOWNHOME,1194.0,3,OWNER_OCCUPIED,76-3427-726
U-HR92NU5VT8LN,CA-FL-00000079,109,SINGLE_FAMILY,,4,OWNER_OCCUPIED,77-7533-462
U-C9BLND4YYY1O,CA-FL-00000079,110,SINGLE_FAMILY,2106.0,2,RENTED,71-4043-754
U-GPB204T76PIV,CA-FL-00000079,111,SINGLE_FAMILY,2673.0,3,RENTED,64-2868-113
U-XQ3CDNYY15PD,CA-FL-00000079,112,TOWNHOME,777.0,2,OWNER_OCCUPIED,35-6414-583
U-AHS5RCGB077N,CA-FL-00000079,113,SINGLE_FAMILY,1094.0,3,OWNER_OCCUPIED,11-1933-768
U-7V1FEMJ2XJG1,CA-FL-00000079,114,TOWNHOME,993.0,4,RENTED,10-3310-438
U-IAOCE960AJXZ,CA-FL-00000079,115,SINGLE_FAMILY,1729.0,2,RENTED,11-9413-204
U-44QXU34R3RKH,CA-FL-00000079,116,SINGLE_FAMILY,1838.0,3,OWNER_OCCUPIED,96-8536-624
U-HBCC1YH0ODOR,CA-FL-00000079,117,TOWNHOME,748.0,2,OWNER_OCCUPIED,57-2597-905
U-O201U6K5YQ8O,CA-FL-00000079,118,SINGLE_FAMILY,2088.0,4,OWNER_OCCUPIED,94-3058-926
U-2API7OWE5ESA,CA-FL-00000079,119,TOWNHOME,1888.0,3,OWNER_OCCUPIED,52-2331-967
U-AGIWZ9U2OP4U,CA-FL-00000079,120,SINGLE_FAMILY,2205.0,2,RENTED,96-9584-775
U-1PH6H6FUKZDT,CA-FL-00000079,121,SINGLE_FAMILY,1541.0,2,RENTED,39-1611-162
U-K7WNG1VYU5RG,CA-FL-00000079,122,SINGLE_FAMILY,2505.0,2,OWNER_OCCUPIED,32-6334-465
U-VD9AZIWEIRKR,CA-FL-00000079,123,TOWNHOME,2085.0,2,OWNER_OCCUPIED,72-7777-341
U-BV8NI1GEXV6R,CA-FL-00000079,124,SINGLE_FAMILY,2900.0,3,OWNER_OCCUPIED,45-3396-993
U-IR1WL2I4BITQ,CA-FL-00000079,125,SINGLE_FAMILY,1312.0,5,OWNER_OCCUPIED,35-8568-205
U-51TK2ZT15NYS,CA-FL-00000079,126,TOWNHOME,2882.0,3,OWNER_OCCUPIED,16-1800-944
U-XO76ZZ5NUOTR,CA-FL-00000079,127,TOWNHOME,,4,OWNER_OCCUPIED,69-1244-344
U-00T5TK2YNJE2,CA-FL-00000079,128,TOWNHOME,2864.0,3,RENTED,39-6611-742
U-HZNFJK18MONR,CA-FL-00000079,129,TOWNHOME,1588.0,2,OWNER_OCCUPIED,71-3164-572
U-8TQVGBMV77NQ,CA-FL-00000079,130,TOWNHOME,2294.0,1,RENTED,47-9166-851
U-PZLVCFBWQWA9,CA-FL-00000079,131,SINGLE_FAMILY,916.0,2,OWNER_OCCUPIED,16-3372-895
U-FM1OWWSA1T4D,CA-FL-00000079,132,SINGLE_FAMILY,2866.0,3,OWNER_OCCUPIED,52-5294-175
U-G9GFO8PWIU2E,CA-FL-00000079,133,SINGLE_FAMILY,1931.0,4,RENTED,65-8264-629
U-H6URPQZVYUIU,CA-FL-00000079,134,SINGLE_FAMILY,2818.0,2,OWNER_OCCUPIED,24-2319-888
U-ZKSE0APHW4JQ,CA-FL-00000079,135,TOWNHOME,2463.0,3,OWNER_OCCUPIED,76-2793-339
U-C80HLROB938T,CA-FL-00000079,136,TOWNHOME,768.0,3,OWNER_OCCUPIED,51-7695-285
U-DI2KV00I3KYJ,CA-FL-00000079,137,TOWNHOME,2089.0,3,OWNER_OCCUPIED,53-2920-357
U-LTFCS08V1EBC,CA-FL-00000079,138,SINGLE_FAMILY,956.0,2,OWNER_OCCUPIED,94-3243-835
U-KKSM55ECAR0C,CA-FL-00000079,139,SINGLE_FAMILY,2610.0,2,OWNER_OCCUPIED,88-2750-604
U-I5LGK98Q89FY,CA-FL-00000079,140,SINGLE_FAMILY,,3,OWNER_OCCUPIED,
U-K4OWD14R4UT6,CA-FL-00000079,141,SINGLE_FAMILY,791.0,3,OWNER_OCCUPIED,21-6756-274
U-D23WRQSOG68Z,CA-FL-00000079,142,SINGLE_FAMILY,2319.0,2,OWNER_OCCUPIED,44-7322-750
U-XKLUA07FMN3W,CA-FL-00000079,143,TOWNHOME,1917.0,3,OWNER_OCCUPIED,77-8702-178
U-3HZI1GEIEZYR,CA-FL-00000079,144,SINGLE_FAMILY,,3,OWNER_OCCUPIED,77-4355-920
U-KUVDI0IRVO9M,CA-FL-00000079,145,SINGLE_FAMILY,,3,OWNER_OCCUPIED,64-5216-389
U-V1ZLP4XKAVFA,CA-FL-00000079,146,SINGLE_FAMILY,1283.0,3,OWNER_OCCUPIED,45-1627-936
U-U5MPJKC9STET,CA-TX-00000080,12D,CONDO_UNIT,2089.0,2,OWNER_OCCUPIED,41-9771-884
U-C41RWSB4HY6A,CA-TX-00000080,14B,CONDO_UNIT,,4,OWNER_OCCUPIED,55-1457-572
U-2EAJPQ5PC7I4,CA-TX-00000080,36C,CONDO_UNIT,883.0,3,OWNER_OCCUPIED,24-5568-717
U-ZVENMA88SVQG,CA-TX-00000080,34D,CONDO_UNIT,1702.0,4,OWNER_OCCUPIED,63-2850-114
U-WB6SF1F4TZGN,CA-TX-00000080,30F,CONDO_UNIT,2684.0,5,OWNER_OCCUPIED,
U-W1LX84WTFOO5,CA-TX-00000080,29H,CONDO_UNIT,2555.0,3,RENTED,34-1162-624
U-W3SVE6OPEMST,CA-TX-00000080,25F,CONDO_UNIT,2703.0,4,OWNER_OCCUPIED,41-7565-576
U-4XPCZ07AHCZK,CA-TX-00000080,4E,CONDO_UNIT,2936.0,3,OWNER_OCCUPIED,18-6786-106
U-AMTNGYL6KGLC,CA-TX-00000080,5H,CONDO_UNIT,1885.0,2,VACANT,59-1461-200
U-10H2RU88NMYI,CA-TX-00000080,24C,CONDO_UNIT,2317.0,3,OWNER_OCCUPIED,64-1847-366
U-1GUUJ2YAWIUL,CA-TX-00000080,36B,CONDO_UNIT,2734.0,3,OWNER_OCCUPIED,49-6931-608
U-Z3LGVWFFOUF1,CA-PA-00000081,100,TOWNHOME,2703.0,2,VACANT,78-7255-665
U-2EYBQMBH0X4Q,CA-PA-00000081,101,TOWNHOME,1896.0,2,RENTED,75-3347-252
U-KH9GMLSN6LPV,CA-PA-00000081,102,TOWNHOME,2650.0,2,OWNER_OCCUPIED,79-6880-463
U-B9O1N4WJY1I1,CA-PA-00000081,103,TOWNHOME,2991.0,4,VACANT,62-2993-576
U-98QIZW3S2RN6,CA-PA-00000081,104,TOWNHOME,,2,RENTED,71-4291-579
U-KT6EKTT4MUTK,CA-PA-00000081,105,TOWNHOME,,1,RENTED,51-9452-567
U-SLQ99AF38Q37,CA-PA-00000081,106,TOWNHOME,822.0,4,OWNER_OCCUPIED,97-5141-896
U-22DK29Q0X3OB,CA-PA-00000081,107,TOWNHOME,1587.0,2,OWNER_OCCUPIED,55-9286-427
U-CE5903KLTD3Y,CA-PA-00000081,108,TOWNHOME,1333.0,4,OWNER_OCCUPIED,18-6783-274
U-Y4C3PVSPL4KX,CA-PA-00000081,109,TOWNHOME,,4,OWNER_OCCUPIED,15-2244-562
U-3LCY2XBVG42H,CA-PA-00000081,110,TOWNHOME,1912.0,3,OWNER_OCCUPIED,90-1311-529
U-P0RNLRU24U80,CA-PA-00000081,111,TOWNHOME,1982.0,3,RENTED,20-9444-823
U-VQAPFKJMO7CR,CA-PA-00000081,112,TOWNHOME,771.0,4,RENTED,76-6295-330
U-EZ2E8QKU7ZEU,CA-PA-00000081,113,TOWNHOME,2206.0,2,OWNER_OCCUPIED,79-1389-520
U-EULE1WSWOQM4,CA-PA-00000081,114,TOWNHOME,1428.0,2,VACANT,12-3431-151
U-31GFL29K2UHU,CA-PA-00000081,115,TOWNHOME,2480.0,4,RENTED,38-3372-486
U-N9HFEOAL1YN4,CA-PA-00000081,116,TOWNHOME,,1,OWNER_OCCUPIED,89-7425-940
U-GK2XOXRRRHMG,CA-PA-00000081,117,TOWNHOME,2003.0,2,RENTED,24-7543-683
U-7VMR32KX0JJU,CA-PA-00000081,118,TOWNHOME,1883.0,3,OWNER_OCCUPIED,28-3404-407
U-CWS2O7X55PCA,CA-PA-00000081,119,TOWNHOME,2920.0,3,OWNER_OCCUPIED,80-1646-256
U-56EN6Q2G9ON2,CA-PA-00000081,120,TOWNHOME,1701.0,3,OWNER_OCCUPIED,13-8382-544
U-9LT6U22WWVRN,CA-PA-00000081,121,TOWNHOME,1131.0,4,OWNER_OCCUPIED,74-1344-609
U-0FEAG9QHOAKG,CA-PA-00000081,122,TOWNHOME,1650.0,2,OWNER_OCCUPIED,27-1554-370
U-1RHUHKARYKPV,CA-PA-00000081,123,TOWNHOME,2003.0,2,OWNER_OCCUPIED,36-4578-338
U-9IHNB2ZF1YHC,CA-PA-00000081,124,TOWNHOME,2340.0,3,VACANT,40-9238-967
U-PTO82Z5SG9YS,CA-PA-00000081,125,TOWNHOME,1774.0,2,OWNER_OCCUPIED,10-6805-401
U-1MC4XWI7G3C3,CA-PA-00000081,126,TOWNHOME,1317.0,3,OWNER_OCCUPIED,18-2384-579
U-QBUYGRX2QMRL,CA-PA-00000081,127,TOWNHOME,2442.0,4,OWNER_OCCUPIED,67-9016-831
U-0K0LMNQH52R6,CA-PA-00000081,128,TOWNHOME,3107.0,3,OWNER_OCCUPIED,37-3383-651
U-2E828WNSYL7L,CA-PA-00000081,129,TOWNHOME,792.0,4,OWNER_OCCUPIED,48-2373-302
U-DJ7NRB0MJKHW,CA-PA-00000081,130,TOWNHOME,1624.0,3,OWNER_OCCUPIED,29-5182-561
U-GUOIQ68BMC3V,CA-PA-00000081,131,TOWNHOME,990.0,3,OWNER_OCCUPIED,66-8096-201
U-MJFZD71RKGIU,CA-PA-00000081,132,TOWNHOME,1008.0,4,RENTED,71-6745-602
U-AK5W405D3NIO,CA-PA-00000081,133,TOWNHOME,2450.0,5,OWNER_OCCUPIED,23-8611-294
U-E05LVPF7J5OL,CA-PA-00000081,134,TOWNHOME,2299.0,1,RENTED,55-9845-933
U-33FZKXBXI4OB,CA-PA-00000081,135,TOWNHOME,1093.0,4,VACANT,48-1334-396
U-ZRX9QRSNEY0E,CA-PA-00000081,136,TOWNHOME,1641.0,3,OWNER_OCCUPIED,90-2308-526
U-Y8PUSCB6RUXR,CA-PA-00000081,137,TOWNHOME,1699.0,1,OWNER_OCCUPIED,16-7637-372
U-5931TKWLXKCJ,CA-NY-00000082,100,TOWNHOME,2727.0,3,OWNER_OCCUPIED,74-7928-672
U-LGLG6P87IDNL,CA-NY-00000082,101,TOWNHOME,2559.0,4,VACANT,21-2288-254
U-88TSA9HL8YPY,CA-NY-00000082,102,TOWNHOME,2635.0,1,OWNER_OCCUPIED,58-9271-957
U-PZK3GMG5WAAE,CA-NY-00000082,103,SINGLE_FAMILY,1508.0,2,OWNER_OCCUPIED,32-6365-646
U-EGCJZJ7SJOM2,CA-NY-00000082,104,TOWNHOME,1347.0,1,RENTED,70-7130-565
U-IZ9AD5Y2PV7W,CA-NY-00000082,105,SINGLE_FAMILY,2573.0,3,VACANT,11-3765-985
U-I4FLSJNP2HXS,CA-NY-00000082,106,SINGLE_FAMILY,2494.0,2,VACANT,88-9556-970
U-LLD2PZ2LX6EW,CA-NY-00000082,107,SINGLE_FAMILY,1750.0,3,OWNER_OCCUPIED,60-7132-630
U-H2MD7TZG35V2,CA-NY-00000082,108,SINGLE_FAMILY,,3,OWNER_OCCUPIED,28-8681-729
U-FA5RQ8K98Y27,CA-NY-00000082,109,TOWNHOME,,3,OWNER_OCCUPIED,40-8078-212
U-QMJN6O6XY8DS,CA-NY-00000082,110,TOWNHOME,3125.0,2,OWNER_OCCUPIED,50-3189-185
U-XE3N52IID7RU,CA-NY-00000082,111,SINGLE_FAMILY,1254.0,2,OWNER_OCCUPIED,15-2659-578
U-ANXYLIHCEWNV,CA-NY-00000082,112,TOWNHOME,2791.0,4,RENTED,18-5254-755
U-OPUZUMZGV2FR,CA-NY-00000082,113,SINGLE_FAMILY,1956.0,3,RENTED,47-9098-524
U-SX3AI6PARQJW,CA-NY-00000082,114,SINGLE_FAMILY,2440.0,3,RENTED,86-3490-420
U-8IJ6NLOCE8XP,CA-NY-00000082,115,TOWNHOME,2137.0,2,RENTED,95-7124-804
U-UEYREHKX6FYK,CA-NY-00000082,116,TOWNHOME,2577.0,1,OWNER_OCCUPIED,88-7829-624
U-RIVNVGJTVIRO,CA-NY-00000082,117,TOWNHOME,2191.0,5,OWNER_OCCUPIED,23-2973-569
U-1FE2RS42GPBN,CA-NY-00000082,118,SINGLE_FAMILY,2754.0,2,OWNER_OCCUPIED,54-5452-276
U-1AWZVWOBRUJ1,CA-NY-00000082,119,SINGLE_FAMILY,676.0,2,RENTED,36-9370-237
U-QCIUP9VZUAGE,CA-NY-00000082,120,SINGLE_FAMILY,1055.0,3,RENTED,50-6278-876
U-HCJOJZ5K9IT5,CA-NY-00000082,121,TOWNHOME,,3,OWNER_OCCUPIED,38-7870-151
U-Z9JN375BMGUH,CA-NY-00000082,122,TOWNHOME,2965.0,2,OWNER_OCCUPIED,25-7700-597
U-PE5O86TX1L8K,CA-NY-00000082,123,SINGLE_FAMILY,1658.0,2,RENTED,95-2615-422
U-BHWG5742LO67,CA-NY-00000082,124,TOWNHOME,2975.0,2,OWNER_OCCUPIED,55-2168-335
U-BZZ0Q4Q496US,CA-NY-00000082,125,TOWNHOME,1060.0,3,VACANT,70-4667-730
U-PHK0VX3GEHLE,CA-NY-00000082,126,SINGLE_FAMILY,1044.0,2,RENTED,77-2458-348
U-IHPYXKE2ZYEK,CA-NY-00000082,127,SINGLE_FAMILY,1107.0,1,OWNER_OCCUPIED,33-6447-957
U-5IA23O40A9Z1,CA-NY-00000082,128,SINGLE_FAMILY,1180.0,2,OWNER_OCCUPIED,65-1606-383
U-4SCKSC63GN3J,CA-NY-00000082,129,SINGLE_FAMILY,2813.0,2,OWNER_OCCUPIED,63-7874-849
U-9C3AW706N3CI,CA-NY-00000082,130,TOWNHOME,2035.0,2,OWNER_OCCUPIED,22-5246-698
U-V6SFFNVOJZ3G,CA-NY-00000082,131,SINGLE_FAMILY,1331.0,3,RENTED,86-4824-685
U-P6FY6P0HTZY5,CA-NY-00000082,132,SINGLE_FAMILY,1824.0,3,RENTED,
U-XM9KPJ588N7P,CA-NY-00000082,133,SINGLE_FAMILY,2665.0,2,RENTED,50-4597-260
U-9HN0PJJHB0NA,CA-NY-00000082,134,SINGLE_FAMILY,1397.0,2,OWNER_OCCUPIED,31-3263-789
U-2HJKNHV4XNUT,CA-NY-00000082,135,SINGLE_FAMILY,1825.0,3,OWNER_OCCUPIED,62-5938-418
U-4CQRUY9AES7K,CA-NY-00000082,136,TOWNHOME,1168.0,4,OWNER_OCCUPIED,51-1676-586
U-433YFTHRUJBB,CA-NY-00000082,137,TOWNHOME,,4,OWNER_OCCUPIED,83-8924-585
U-I8PJ6NK9F73U,CA-NY-00000082,138,SINGLE_FAMILY,2793.0,3,OWNER_OCCUPIED,82-8973-697
U-8U4S7W8GME2X,CA-NY-00000082,139,TOWNHOME,1943.0,2,VACANT,56-8498-707
U-TLLEACNLMG9R,CA-NY-00000082,140,TOWNHOME,2985.0,3,OWNER_OCCUPIED,17-3403-921
U-3I4S41PSUNCS,CA-NY-00000082,141,SINGLE_FAMILY,1610.0,3,RENTED,57-1950-712
U-2ZMIGFIE5D6K,CA-NY-00000082,142,SINGLE_FAMILY,2824.0,3,VACANT,88-2310-239
U-FLGW1BPZJLZR,CA-NY-00000082,143,TOWNHOME,2084.0,3,OWNER_OCCUPIED,36-5766-670
U-RPJQHV0WE0BS,CA-NY-00000082,144,TOWNHOME,2639.0,2,RENTED,24-8159-704
U-W02IDT815QPY,CA-NY-00000082,145,TOWNHOME,2170.0,5,OWNER_OCCUPIED,22-9382-510
U-7VEUEDO8SDXA,CA-NY-00000082,146,TOWNHOME,682.0,3,OWNER_OCCUPIED,28-6876-327
U-LV0HQA5ZZ3AW,CA-NY-00000082,147,TOWNHOME,1853.0,4,OWNER_OCCUPIED,28-6937-681
U-3WO2Q66BZAD1,CA-NY-00000082,148,TOWNHOME,667.0,2,OWNER_OCCUPIED,30-5092-463
U-IYZJHP4O2OZ5,CA-NY-00000082,149,TOWNHOME,980.0,4,OWNER_OCCUPIED,42-6148-697
U-7G86WFYTJU0Z,CA-NY-00000082,150,TOWNHOME,,4,OWNER_OCCUPIED,68-4117-694
U-A8MBQWC83O3N,CA-NY-00000082,151,SINGLE_FAMILY,2048.0,3,RENTED,94-2032-892
U-XH4CWUXIFJVA,CA-NY-00000082,152,TOWNHOME,1347.0,3,RENTED,16-7829-369
U-EWQQVH4GOWOJ,CA-NY-00000082,153,TOWNHOME,2793.0,4,OWNER_OCCUPIED,89-7744-621
U-DZNZGBLQK6GK,CA-NY-00000082,154,SINGLE_FAMILY,1231.0,3,OWNER_OCCUPIED,75-4141-258
U-N3N20VRT4FQG,CA-NY-00000082,155,TOWNHOME,3171.0,3,OWNER_OCCUPIED,31-3115-700
U-IO4EG3KX0H9D,CA-NY-00000082,156,TOWNHOME,666.0,3,OWNER_OCCUPIED,73-8820-591
U-4HNAQB3FX8PO,CA-CA-00000083,20H,CONDO_UNIT,2364.0,2,RENTED,41-1224-819
U-Z2EVEIL3EQ7X,CA-CA-00000083,23A,CONDO_UNIT,1314.0,4,OWNER_OCCUPIED,27-7140-735
U-5GGA23S8W6RU,CA-CA-00000083,34D,CONDO_UNIT,977.0,2,RENTED,28-6248-762
U-1SJ7AU8HFPAH,CA-CA-00000083,12B,CONDO_UNIT,2332.0,3,OWNER_OCCUPIED,
U-JHWNLCWSOIEY,CA-CA-00000083,21D,CONDO_UNIT,684.0,3,OWNER_OCCUPIED,
U-X7HLRI0TT5IQ,CA-CA-00000083,24D,CONDO_UNIT,3087.0,3,OWNER_OCCUPIED,50-4997-937
U-GGJWI94LAUSK,CA-CA-00000083,20D,CONDO_UNIT,2769.0,3,OWNER_OCCUPIED,73-2465-779
U-6RT3OJLNXORT,CA-CA-00000083,25C,CONDO_UNIT,2699.0,2,OWNER_OCCUPIED,16-2561-205
U-SHC98250AZ7L,CA-CA-00000083,20F,CONDO_UNIT,2029.0,2,OWNER_OCCUPIED,45-3882-325
U-ZTCLAKIXG21C,CA-CA-00000083,3B,CONDO_UNIT,1096.0,3,OWNER_OCCUPIED,94-5959-844
U-LGTP8SZB0DWO,CA-CA-00000083,15F,CONDO_UNIT,3021.0,3,OWNER_OCCUPIED,44-6853-426
U-O4FRUY474MRF,CA-CA-00000083,24A,CONDO_UNIT,1001.0,2,OWNER_OCCUPIED,76-5943-790
U-VR5PEGE3OPM3,CA-CA-00000083,29E,CONDO_UNIT,1074.0,3,OWNER_OCCUPIED,58-8284-194
U-DFMMEVI1O5UC,CA-CA-00000083,31D,CONDO_UNIT,2562.0,2,RENTED,68-3148-589
U-MDC5L0FACHS6,CA-CA-00000083,31H,CONDO_UNIT,2918.0,2,OWNER_OCCUPIED,84-5262-453
U-IHDGHO3YXTBU,CA-CA-00000083,30C,CONDO_UNIT,675.0,2,RENTED,49-1088-828
U-MZILE6OLRB4S,CA-CA-00000083,29B,CONDO_UNIT,1193.0,2,RENTED,70-4887-470
U-R3SPFOH24XCL,CA-CA-00000083,31B,CONDO_UNIT,2446.0,4,RENTED,77-7921-599
U-KJUOY74XPAAK,CA-CA-00000083,14F,CONDO_UNIT,1584.0,4,RENTED,10-1773-526
U-YQ2ZWA6Y1NAX,CA-CA-00000083,30D,CONDO_UNIT,2123.0,2,OWNER_OCCUPIED,20-3317-650
U-EHC8I7B15TRZ,CA-CA-00000083,13H,CONDO_UNIT,1087.0,4,OWNER_OCCUPIED,13-3644-533
U-W0JYSCSW9EBF,CA-CA-00000083,19H,CONDO_UNIT,776.0,4,RENTED,34-8036-456
U-2FAGT4CA8DQE,CA-CA-00000083,5F,CONDO_UNIT,2329.0,3,OWNER_OCCUPIED,
U-XKKTYP3CSHXM,CA-CA-00000083,17G,CONDO_UNIT,1840.0,5,OWNER_OCCUPIED,78-6288-406
U-10OA83Z7257H,CA-CA-00000083,2C,CONDO_UNIT,3094.0,3,RENTED,43-4283-241
U-2K7R2GNKT7LE,CA-CA-00000083,12A,CONDO_UNIT,690.0,4,OWNER_OCCUPIED,84-1646-113
U-Y4VBZUJ1IAHB,CA-CA-00000083,1H,CONDO_UNIT,918.0,4,VACANT,86-8966-148
U-GLYT4W0XGJO1,CA-CA-00000083,19D,CONDO_UNIT,2579.0,2,OWNER_OCCUPIED,85-9365-326
U-A4EJHF2IDZB4,CA-CA-00000083,14G,CONDO_UNIT,2754.0,3,OWNER_OCCUPIED,32-5045-451
U-PC5GDRLEQTIM,CA-CA-00000083,14B,CONDO_UNIT,1703.0,2,OWNER_OCCUPIED,86-1693-406
U-SHO8R3PXC4QD,CA-CA-00000083,35G,CONDO_UNIT,2257.0,2,OWNER_OCCUPIED,13-1847-249
U-HOKD1QDJFZAL,CA-CA-00000083,22B,CONDO_UNIT,1060.0,3,RENTED,85-9044-817
U-UFFDZTBQ56S1,CA-CA-00000083,21B,CONDO_UNIT,1363.0,3,RENTED,69-8104-955
U-9427ITIR3POP,CA-CA-00000083,6G,CONDO_UNIT,863.0,1,OWNER_OCCUPIED,40-6357-135
U-551AXTO8D8JY,CA-CA-00000083,28H,CONDO_UNIT,,2,RENTED,
U-SOG7Y2NE8BQQ,CA-CA-00000083,11B,CONDO_UNIT,3001.0,3,VACANT,37-6229-684
U-ICSJPPVEREQJ,CA-CA-00000083,2D,CONDO_UNIT,2848.0,4,OWNER_OCCUPIED,66-4299-811
U-EDBQN7GWY9CJ,CA-CA-00000083,40F,CONDO_UNIT,989.0,1,OWNER_OCCUPIED,81-2997-159
U-CGXHUDRZFP9S,CA-CA-00000083,6F,CONDO_UNIT,2603.0,3,RENTED,35-7340-953
U-YXSVI4PFTOI6,CA-CA-00000083,35C,CONDO_UNIT,954.0,3,RENTED,33-9073-206
U-HDLSGBKHXD09,CA-CA-00000083,7C,CONDO_UNIT,1339.0,3,OWNER_OCCUPIED,69-1717-760
U-X7KIGFVM3KFZ,CA-CA-00000083,19D,CONDO_UNIT,1401.0,2,VACANT,93-2799-936
U-A0BTUXZ0BT0O,CA-CA-00000083,30C,CONDO_UNIT,1526.0,2,OWNER_OCCUPIED,15-8603-322
U-SC3HWNR2KM6A,CA-CA-00000083,40E,CONDO_UNIT,2470.0,2,OWNER_OCCUPIED,72-1631-223
U-S8ZD3AOKV2D5,CA-CA-00000083,38C,CONDO_UNIT,1259.0,3,RENTED,59-2804-656
U-1NVP77HTSB6Z,CA-CA-00000083,20H,CONDO_UNIT,1291.0,2,RENTED,36-6125-747
U-5DIU321Z3WKW,CA-CA-00000083,23C,CONDO_UNIT,1333.0,4,RENTED,23-1715-664
U-T3ZTMBON24M3,CA-CA-00000083,18A,CONDO_UNIT,,3,OWNER_OCCUPIED,92-7428-111
U-OV3RLRARV0GK,CA-CA-00000083,40E,CONDO_UNIT,2886.0,3,OWNER_OCCUPIED,25-7198-130
U-BOKYLUA6M7M1,CA-CA-00000083,27D,CONDO_UNIT,2026.0,2,OWNER_OCCUPIED,65-8267-638
U-9LAKN16MU797,CA-CA-00000083,36G,CONDO_UNIT,1206.0,3,RENTED,35-6220-108
U-879DE6JSXDF0,CA-CA-00000083,40F,CONDO_UNIT,751.0,2,RENTED,
U-YU0G5XU1O9HW,CA-CA-00000083,10F,CONDO_UNIT,838.0,2,OWNER_OCCUPIED,21-8192-831
U-OTHU52AXTZB8,CA-CA-00000083,38D,CONDO_UNIT,2013.0,3,OWNER_OCCUPIED,41-2053-724
U-ALU4FS5GSXM3,CA-CA-00000083,30H,CONDO_UNIT,2792.0,5,OWNER_OCCUPIED,62-4805-586
U-38DYW9BVFPGS,CA-CA-00000083,24H,CONDO_UNIT,3064.0,4,OWNER_OCCUPIED,10-9556-469
U-F3SDVEF23NRS,CA-CA-00000083,40G,CONDO_UNIT,2793.0,2,RENTED,99-8553-613
U-0O7JSRYF2S5Y,CA-CA-00000083,19B,CONDO_UNIT,2114.0,2,OWNER_OCCUPIED,18-8784-546
U-GUQGTUMP1LMC,CA-CA-00000083,28F,CONDO_UNIT,2720.0,2,OWNER_OCCUPIED,86-6658-334
U-FT5I599ILS71,CA-CA-00000083,24E,CONDO_UNIT,1596.0,3,OWNER_OCCUPIED,23-2699-604
U-G8SXW0XN6R31,CA-AZ-00000084,100,TOWNHOME,1162.0,2,RENTED,68-6744-629
U-D2X26I7JXN69,CA-AZ-00000084,101,TOWNHOME,912.0,3,OWNER_OCCUPIED,64-1594-298
U-87XVL1IJOLPT,CA-AZ-00000084,102,SINGLE_FAMILY,3116.0,5,OWNER_OCCUPIED,90-5207-667
U-V0TJH9ASB5GB,CA-AZ-00000084,103,TOWNHOME,1795.0,1,OWNER_OCCUPIED,90-1925-541
U-2S70RPP4XR1M,CA-AZ-00000084,104,SINGLE_FAMILY,1872.0,4,OWNER_OCCUPIED,
U-T58CXPAOCEWA,CA-AZ-00000084,105,SINGLE_FAMILY,2845.0,3,RENTED,87-1657-696
U-2FFOWOZMLBW1,CA-AZ-00000084,106,SINGLE_FAMILY,3074.0,3,RENTED,86-3316-228
U-F8W42A3685MH,CA-AZ-00000084,107,SINGLE_FAMILY,1150.0,4,OWNER_OCCUPIED,35-8696-140
U-2Q3LDP5FKLUL,CA-AZ-00000084,108,SINGLE_FAMILY,1752.0,3,OWNER_OCCUPIED,92-4660-531
U-RLTG4O4C1Y7L,CA-AZ-00000084,109,SINGLE_FAMILY,,1,OWNER_OCCUPIED,11-1197-388
U-4RGIM8DGWZI1,CA-AZ-00000084,110,SINGLE_FAMILY,1510.0,3,OWNER_OCCUPIED,
U-BPXWZNU8MI15,CA-AZ-00000084,111,TOWNHOME,706.0,3,OWNER_OCCUPIED,59-6857-738
U-XKJTAVLVXS3X,CA-AZ-00000084,112,TOWNHOME,3022.0,3,OWNER_OCCUPIED,34-1189-616
U-VZ9E3ETSG8VI,CA-AZ-00000084,113,SINGLE_FAMILY,971.0,5,OWNER_OCCUPIED,86-9938-855
U-KHKVXAMLNT5F,CA-AZ-00000084,114,TOWNHOME,1762.0,1,OWNER_OCCUPIED,
U-6R469FRFFM97,CA-AZ-00000084,115,TOWNHOME,830.0,3,OWNER_OCCUPIED,55-2997-809
U-DP3UWHWNYJSG,CA-AZ-00000084,116,SINGLE_FAMILY,1666.0,3,OWNER_OCCUPIED,74-5710-761
U-DX4RTQ657SNY,CA-AZ-00000084,117,SINGLE_FAMILY,1044.0,2,OWNER_OCCUPIED,19-9637-858
U-03AB1ABMEXLD,CA-AZ-00000084,118,TOWNHOME,2820.0,2,OWNER_OCCUPIED,80-9066-999
U-P1BY6VKXNMT3,CA-AZ-00000084,119,SINGLE_FAMILY,,3,OWNER_OCCUPIED,31-8693-131
U-UESR9EYYIAVP,CA-AZ-00000084,120,SINGLE_FAMILY,2719.0,3,OWNER_OCCUPIED,73-5715-724
U-DG7EOG9TQFQH,CA-AZ-00000084,121,SINGLE_FAMILY,2138.0,2,OWNER_OCCUPIED,26-9235-600
U-8I9K5B3AK33M,CA-AZ-00000084,122,TOWNHOME,1513.0,3,VACANT,17-4210-976
U-3NV5X6UM60XP,CA-AZ-00000084,123,TOWNHOME,992.0,2,OWNER_OCCUPIED,79-3227-827
U-7SBF5PXHU2H7,CA-AZ-00000084,124,SINGLE_FAMILY,2717.0,3,RENTED,96-5744-436
U-78FPYA4QTP87,CA-AZ-00000084,125,SINGLE_FAMILY,1832.0,3,OWNER_OCCUPIED,
U-BRIXYWZ6DTVL,CA-AZ-00000084,126,TOWNHOME,2410.0,3,VACANT,
U-E95XNF2JSV6O,CA-AZ-00000084,127,TOWNHOME,1901.0,2,OWNER_OCCUPIED,
U-LCJJMSWX8N1C,CA-AZ-00000084,128,TOWNHOME,2989.0,4,OWNER_OCCUPIED,57-1138-803
U-P8NJGKFFSAIF,CA-AZ-00000084,129,TOWNHOME,,3,OWNER_OCCUPIED,47-1398-933
U-QP3WQ371FDTQ,CA-AZ-00000084,130,TOWNHOME,998.0,1,RENTED,65-4281-139
U-36P5ZX7MNZUT,CA-WA-00000085,100,SINGLE_FAMILY,2901.0,2,RENTED,23-8259-262
U-JOTWU2MYD15I,CA-WA-00000085,101,SINGLE_FAMILY,2382.0,2,OWNER_OCCUPIED,10-5258-655
U-TGR84ZPB1DP6,CA-WA-00000085,102,SINGLE_FAMILY,1143.0,5,RENTED,
U-TMZXGV254S5J,CA-WA-00000085,103,TOWNHOME,1821.0,3,OWNER_OCCUPIED,45-9981-370
U-DLDEL77XDX0J,CA-WA-00000085,104,TOWNHOME,1053.0,4,RENTED,66-6311-107
U-CAO5DRMM6WER,CA-WA-00000085,105,SINGLE_FAMILY,1115.0,2,VACANT,20-7370-282
U-UHJJWRT0B41H,CA-WA-00000085,106,TOWNHOME,3007.0,2,RENTED,78-4293-971
U-YAL71B9R1I5Z,CA-WA-00000085,107,TOWNHOME,2600.0,2,RENTED,56-3294-933
U-GYRM66LR8CLP,CA-WA-00000085,108,TOWNHOME,2657.0,2,OWNER_OCCUPIED,37-6519-626
U-UZ1QE7Y68UCK,CA-WA-00000085,109,SINGLE_FAMILY,1577.0,2,OWNER_OCCUPIED,91-9355-758
U-13REYSD2NK6T,CA-WA-00000085,110,SINGLE_FAMILY,1538.0,3,OWNER_OCCUPIED,65-9316-925
U-VJJSLAS5AAR4,CA-WA-00000085,111,SINGLE_FAMILY,2283.0,5,OWNER_OCCUPIED,26-4522-948
U-WBYGHSF644R3,CA-WA-00000085,112,SINGLE_FAMILY,2289.0,3,OWNER_OCCUPIED,55-9019-962
U-2QIERIOVTNVH,CA-WA-00000085,113,SINGLE_FAMILY,2806.0,4,OWNER_OCCUPIED,78-3717-263
U-8OCMDT9AYBNL,CA-WA-00000085,114,SINGLE_FAMILY,2916.0,3,OWNER_OCCUPIED,72-6017-633
U-XTLX06Y9DT3I,CA-WA-00000085,115,SINGLE_FAMILY,1181.0,4,OWNER_OCCUPIED,40-3531-106
U-Z74NGSVR994V,CA-WA-00000085,116,SINGLE_FAMILY,890.0,4,OWNER_OCCUPIED,22-2041-293
U-PGT33RXDT59O,CA-WA-00000085,117,SINGLE_FAMILY,2352.0,2,OWNER_OCCUPIED,11-3713-786
U-6PS2EYZ6U0UO,CA-WA-00000085,118,TOWNHOME,3008.0,1,OWNER_OCCUPIED,46-2101-957
U-THVYXM2R1MYG,CA-WA-00000085,119,SINGLE_FAMILY,690.0,4,OWNER_OCCUPIED,98-4613-122
U-VJY4KSTK59XH,CA-WA-00000085,120,SINGLE_FAMILY,1252.0,1,RENTED,92-1302-211
U-ZIJ7Q7GS3TAA,CA-WA-00000085,121,TOWNHOME,956.0,3,OWNER_OCCUPIED,85-9267-519
U-E9TPI9ITJ1FM,CA-WA-00000085,122,SINGLE_FAMILY,1399.0,5,VACANT,27-1685-171
U-ZO5NQR81FYHY,CA-WA-00000085,123,TOWNHOME,2364.0,2,OWNER_OCCUPIED,94-5768-747
U-62AIAN1B9DYQ,CA-WA-00000085,124,TOWNHOME,2080.0,1,RENTED,
U-Q45SOX931WOI,CA-FL-00000086,100,SINGLE_FAMILY,1359.0,3,VACANT,91-6510-808
U-6I8HIURGO9PV,CA-FL-00000086,101,TOWNHOME,2472.0,3,RENTED,17-7495-222
U-507XT2C5X98J,CA-FL-00000086,102,TOWNHOME,2000.0,4,OWNER_OCCUPIED,96-3697-370
U-83E7X57SKWEQ,CA-FL-00000086,103,SINGLE_FAMILY,1436.0,2,OWNER_OCCUPIED,49-7857-944
U-0E3O7UIN9L77,CA-FL-00000086,104,TOWNHOME,2751.0,3,OWNER_OCCUPIED,11-1975-986
U-N7UGD6B16IK4,CA-FL-00000086,105,SINGLE_FAMILY,1118.0,5,OWNER_OCCUPIED,
U-UCA57FS87Q0V,CA-FL-00000086,106,SINGLE_FAMILY,2644.0,4,VACANT,29-4207-327
U-6A3GZFFAOEJR,CA-FL-00000086,107,SINGLE_FAMILY,2812.0,2,OWNER_OCCUPIED,85-9389-615
U-JYVW8V5GOZU3,CA-FL-00000086,108,SINGLE_FAMILY,1941.0,1,VACANT,91-3783-892
U-Z9ET3WF0LUG6,CA-FL-00000086,109,TOWNHOME,1574.0,2,OWNER_OCCUPIED,59-9887-373
U-64TOHXO788IF,CA-FL-00000086,110,SINGLE_FAMILY,1628.0,3,OWNER_OCCUPIED,67-1810-499
U-84KQJULE4EP7,CA-FL-00000086,111,TOWNHOME,,2,OWNER_OCCUPIED,94-2107-711
U-H09WWL1J1KXC,CA-FL-00000086,112,TOWNHOME,2664.0,2,OWNER_OCCUPIED,11-8398-886
U-0IWTRNXXVKB3,CA-FL-00000086,113,TOWNHOME,1213.0,1,OWNER_OCCUPIED,65-8468-672
U-VDR8ALBFGAYI,CA-FL-00000086,114,TOWNHOME,890.0,1,RENTED,11-2462-212
U-UB835E8A4T7R,CA-FL-00000086,115,SINGLE_FAMILY,1119.0,4,OWNER_OCCUPIED,30-7970-475
U-9256GKFMYN6S,CA-FL-00000086,116,TOWNHOME,,3,OWNER_OCCUPIED,48-3603-279
U-MX8ZICNTRL2O,CA-FL-00000086,117,SINGLE_FAMILY,1266.0,5,RENTED,17-6112-596
U-VSF64ADK2DBC,CA-FL-00000086,118,SINGLE_FAMILY,3121.0,2,OWNER_OCCUPIED,93-1736-360
U-AJ86W7BZAJGH,CA-FL-00000086,119,SINGLE_FAMILY,1811.0,1,OWNER_OCCUPIED,25-4847-940
U-8YXEDK0I0ULQ,CA-FL-00000086,120,TOWNHOME,3020.0,3,RENTED,52-9101-253
U-NK4SDETN3HOJ,CA-FL-00000086,121,TOWNHOME,1135.0,3,OWNER_OCCUPIED,90-4262-819
U-UFML00ML2NYD,CA-FL-00000086,122,TOWNHOME,734.0,1,RENTED,27-8033-666
U-DB71KQ8X8V48,CA-FL-00000086,123,TOWNHOME,1294.0,3,OWNER_OCCUPIED,39-4244-947
U-31L2SLXYMM05,CA-FL-00000086,124,TOWNHOME,,2,OWNER_OCCUPIED,87-6490-922
U-C0CMEKSX9CJ1,CA-FL-00000086,125,SINGLE_FAMILY,3134.0,4,RENTED,26-2287-701
U-16DNGXKLSPO3,CA-FL-00000086,126,TOWNHOME,1729.0,5,RENTED,64-1008-651
U-3RY6MXT7E818,CA-FL-00000086,127,SINGLE_FAMILY,820.0,4,OWNER_OCCUPIED,16-9811-118
U-AYMRCLT8CWD1,CA-FL-00000086,128,SINGLE_FAMILY,3049.0,2,OWNER_OCCUPIED,98-8470-178
U-CPNP8PFZRSCM,CA-FL-00000086,129,SINGLE_FAMILY,2028.0,2,VACANT,83-6557-431
U-L1JRLCBNWM6Y,CA-FL-00000086,130,SINGLE_FAMILY,1699.0,2,OWNER_OCCUPIED,31-4622-115
U-4ALMX5B1HA3N,CA-WA-00000087,100,SINGLE_FAMILY,2748.0,3,OWNER_OCCUPIED,39-2092-189
U-VHSRT6JC1F52,CA-WA-00000087,101,TOWNHOME,859.0,2,RENTED,73-9889-698
U-E10HA16XAWEL,CA-WA-00000087,102,TOWNHOME,1925.0,3,OWNER_OCCUPIED,99-2665-212
U-EMRA9GJKF6OZ,CA-WA-00000087,103,SINGLE_FAMILY,2656.0,2,RENTED,86-3013-562
U-F0B69835AHIN,CA-WA-00000087,104,SINGLE_FAMILY,2862.0,5,OWNER_OCCUPIED,17-4521-128
U-2N2YH00VIYLL,CA-WA-00000087,105,TOWNHOME,2490.0,2,OWNER_OCCUPIED,81-3139-336
U-84J3YRLR0AC3,CA-WA-00000087,106,SINGLE_FAMILY,2110.0,2,OWNER_OCCUPIED,24-7967-220
U-CTF72X8OGIEO,CA-WA-00000087,107,SINGLE_FAMILY,1233.0,2,RENTED,28-8765-505
U-MMASXHA4LVH6,CA-WA-00000087,108,SINGLE_FAMILY,3086.0,4,OWNER_OCCUPIED,32-1774-720
U-1XS9QSZ4A1XF,CA-WA-00000087,109,TOWNHOME,2965.0,2,VACANT,63-3783-720
U-KAGAHPMR42UM,CA-WA-00000087,110,TOWNHOME,1832.0,3,RENTED,12-2214-301
U-23LURZ41EGJY,CA-WA-00000087,111,TOWNHOME,1393.0,3,OWNER_OCCUPIED,13-5821-427
U-2VGPMU5179RF,CA-WA-00000087,112,TOWNHOME,2400.0,4,VACANT,85-6957-739
U-MBJI4XVKCI5X,CA-WA-00000087,113,SINGLE_FAMILY,3193.0,5,OWNER_OCCUPIED,
U-W7C5I8H912A4,CA-WA-00000087,114,SINGLE_FAMILY,1511.0,5,OWNER_OCCUPIED,40-9578-801
U-U5YW5NZOVYUB,CA-WA-00000087,115,TOWNHOME,652.0,4,OWNER_OCCUPIED,22-9504-705
U-EXCRH6SBYD1R,CA-WA-00000087,116,TOWNHOME,724.0,3,RENTED,60-9244-773
U-TKR79U2C3WUZ,CA-WA-00000087,117,TOWNHOME,2470.0,3,OWNER_OCCUPIED,21-5095-737
U-C9BL4OVD38R3,CA-WA-00000087,118,SINGLE_FAMILY,1464.0,4,OWNER_OCCUPIED,44-9596-194
U-Y08VM4KCXMKI,CA-WA-00000087,119,SINGLE_FAMILY,1095.0,2,RENTED,20-7856-865
U-MUVV7WAO58JF,CA-WA-00000087,120,TOWNHOME,1019.0,2,OWNER_OCCUPIED,81-4568-317
U-NEAYTSJEELDX,CA-WA-00000087,121,SINGLE_FAMILY,2817.0,3,OWNER_OCCUPIED,13-9777-182
U-FO7RDJ9LCOY4,CA-WA-00000087,122,TOWNHOME,895.0,3,OWNER_OCCUPIED,86-5813-685
U-4W21ZWS4NG69,CA-WA-00000087,123,TOWNHOME,3009.0,2,RENTED,58-8370-357
U-SOO0BF0U16RI,CA-WA-00000087,124,SINGLE_FAMILY,1435.0,2,OWNER_OCCUPIED,70-7370-160
U-VYRRV501EVGV,CA-WA-00000087,125,TOWNHOME,2191.0,3,OWNER_OCCUPIED,66-8663-363
U-MK25WHY7EBGB,CA-WA-00000087,126,SINGLE_FAMILY,921.0,2,RENTED,28-1885-554
U-SCMQCNEQCEPT,CA-WA-00000087,127,TOWNHOME,795.0,3,OWNER_OCCUPIED,10-9403-341
U-6SZSP271HESS,CA-WA-00000087,128,SINGLE_FAMILY,3193.0,3,RENTED,29-4231-446
U-UTM4GVVSDZAH,CA-WA-00000087,129,SINGLE_FAMILY,2579.0,4,RENTED,18-4402-398
U-2ZCHS31GVVY0,CA-WA-00000087,130,TOWNHOME,,3,OWNER_OCCUPIED,19-2895-177
U-WDPYA1U9X99Z,CA-WA-00000087,131,SINGLE_FAMILY,1106.0,2,OWNER_OCCUPIED,80-5855-133
U-2D3K661H7WPV,CA-WA-00000087,132,SINGLE_FAMILY,,4,OWNER_OCCUPIED,12-8019-996
U-0QCPSTHERGBY,CA-WA-00000087,133,SINGLE_FAMILY,1246.0,4,RENTED,57-5028-581
U-1O3TO7COF3AE,CA-WA-00000087,134,TOWNHOME,2179.0,3,RENTED,15-4886-329
U-B8POB35LH5KP,CA-WA-00000087,135,TOWNHOME,676.0,5,OWNER_OCCUPIED,89-9087-298
U-7IQ77IC7EBKM,CA-WA-00000087,136,SINGLE_FAMILY,2553.0,2,OWNER_OCCUPIED,
U-ARATN8SC1A11,CA-WA-00000087,137,SINGLE_FAMILY,2003.0,3,RENTED,32-8102-185
U-TLINZ8GMMTFH,CA-WA-00000087,138,TOWNHOME,1276.0,2,RENTED,
U-Q8G5NICZ29MA,CA-WA-00000087,139,TOWNHOME,2056.0,4,RENTED,32-6515-500
U-72BTO3M4RFU3,CA-WA-00000087,140,TOWNHOME,1252.0,1,OWNER_OCCUPIED,69-3818-659
U-WGD7IWW7X7CO,CA-WA-00000087,141,SINGLE_FAMILY,962.0,4,OWNER_OCCUPIED,90-1888-982
U-G51M922RFS3S,CA-WA-00000087,142,SINGLE_FAMILY,2724.0,3,RENTED,92-7697-684
U-ZG9UHX0ZUDQJ,CA-WA-00000087,143,SINGLE_FAMILY,1084.0,2,OWNER_OCCUPIED,12-7136-235
U-CJ2MTUODY30R,CA-WA-00000087,144,SINGLE_FAMILY,1096.0,3,OWNER_OCCUPIED,35-5834-113
U-CI167DV41XQL,CA-WA-00000087,145,TOWNHOME,2134.0,2,OWNER_OCCUPIED,87-8651-228
U-NMNFCAR5LA3U,CA-WA-00000087,146,TOWNHOME,1449.0,2,OWNER_OCCUPIED,30-7006-836
U-TM2ZVQPK033X,CA-WA-00000087,147,TOWNHOME,,2,RENTED,93-8562-262
U-Y15TNUESWJPB,CA-WA-00000087,148,TOWNHOME,1546.0,3,OWNER_OCCUPIED,39-1281-208
U-BDCE8ITOKOPO,CA-WA-00000087,149,SINGLE_FAMILY,1779.0,3,OWNER_OCCUPIED,40-2413-287
U-6CAG6XO6PB1O,CA-WA-00000087,150,SINGLE_FAMILY,1891.0,3,OWNER_OCCUPIED,94-7238-870
U-KXZAPWW8H5IO,CA-WA-00000087,151,TOWNHOME,1017.0,4,OWNER_OCCUPIED,69-2680-133
U-A3JP192IUUFL,CA-WA-00000087,152,TOWNHOME,1910.0,3,RENTED,72-1748-813
U-W8HSL8JPDVF4,CA-WA-00000087,153,TOWNHOME,806.0,3,OWNER_OCCUPIED,30-2681-442
U-VA687Z8RZKS7,CA-WA-00000087,154,SINGLE_FAMILY,1156.0,3,RENTED,78-1901-306
U-755IMX3S1ZY4,CA-WA-00000087,155,SINGLE_FAMILY,744.0,3,RENTED,51-8580-171
U-HEGVP6U3T78H,CA-WA-00000087,156,SINGLE_FAMILY,883.0,2,OWNER_OCCUPIED,85-7187-592
U-GZW4RDR8FTL8,CA-WA-00000087,157,SINGLE_FAMILY,2838.0,3,OWNER_OCCUPIED,26-9233-707
U-C3Y22CS9NXON,CA-WA-00000087,158,TOWNHOME,2446.0,3,VACANT,48-3011-182
U-X9VD6HAW6FKP,CA-WA-00000087,159,TOWNHOME,3114.0,3,OWNER_OCCUPIED,65-8308-521
U-SWUA9US7O9J1,CA-VA-00000088,32G,CONDO_UNIT,820.0,2,OWNER_OCCUPIED,71-1698-315
U-TKACDNRWRCI7,CA-VA-00000088,31E,CONDO_UNIT,732.0,3,RENTED,58-1224-800
U-4W77A79F39H1,CA-VA-00000088,16F,CONDO_UNIT,1660.0,2,OWNER_OCCUPIED,81-5266-357
U-RWTEEOX393ZI,CA-VA-00000088,24B,CONDO_UNIT,1828.0,5,OWNER_OCCUPIED,65-2014-558
U-ZPJDJK0X3HSK,CA-VA-00000088,30F,CONDO_UNIT,1995.0,4,OWNER_OCCUPIED,13-6139-962
U-SFXQIB8I0CP6,CA-VA-00000088,34C,CONDO_UNIT,1020.0,3,OWNER_OCCUPIED,73-4989-833
U-0ITWZ3IJEPZZ,CA-VA-00000088,25F,CONDO_UNIT,1034.0,2,OWNER_OCCUPIED,31-7803-257
U-WH1SIJ57NBFB,CA-VA-00000088,20C,CONDO_UNIT,1245.0,2,RENTED,19-4158-921
U-SNMOKBKS65T2,CA-VA-00000088,39B,CONDO_UNIT,2836.0,1,RENTED,63-2620-471
U-JZ098P7PACHL,CA-VA-00000088,10C,CONDO_UNIT,,2,OWNER_OCCUPIED,23-4927-514
U-LQ43V3NJ3ZE6,CA-VA-00000088,39F,CONDO_UNIT,1966.0,4,RENTED,14-2551-753
U-7UG5QIGF62MD,CA-VA-00000088,17D,CONDO_UNIT,,1,OWNER_OCCUPIED,14-3796-431
U-VKNZRVQ8MLXS,CA-VA-00000088,18G,CONDO_UNIT,1072.0,3,OWNER_OCCUPIED,20-3357-562
U-E8FGKVTR43IB,CA-VA-00000088,24F,CONDO_UNIT,3192.0,4,RENTED,18-4963-464
U-MZA667PPXQXB,CA-VA-00000088,12A,CONDO_UNIT,2052.0,3,OWNER_OCCUPIED,44-9946-660
U-ZTHZDSPIKNYX,CA-VA-00000088,17A,CONDO_UNIT,2232.0,1,OWNER_OCCUPIED,36-3245-998
U-VBTMAUMYRL1P,CA-VA-00000088,16G,CONDO_UNIT,3121.0,3,OWNER_OCCUPIED,52-1199-453
U-IO5DHUSJ9UDJ,CA-VA-00000088,18G,CONDO_UNIT,1291.0,5,OWNER_OCCUPIED,33-6041-445
U-9R5QQ126483D,CA-VA-00000088,33A,CONDO_UNIT,1304.0,3,OWNER_OCCUPIED,14-8500-381
U-H61X4VIEDP5E,CA-VA-00000088,21F,CONDO_UNIT,2515.0,2,OWNER_OCCUPIED,16-8447-241
U-2Q05Z0W809IK,CA-VA-00000088,2F,CONDO_UNIT,795.0,2,RENTED,22-3240-438
U-A2S59HZ5LC1W,CA-VA-00000088,18F,CONDO_UNIT,2166.0,3,RENTED,68-5188-545
U-U6IKKGEFG337,CA-VA-00000088,1C,CONDO_UNIT,1510.0,2,RENTED,80-5727-109
U-XAMKJ3GG86VE,CA-VA-00000088,5H,CONDO_UNIT,1371.0,2,OWNER_OCCUPIED,67-3742-799
U-A5TZK8RN2W3M,CA-VA-00000088,24E,CONDO_UNIT,1830.0,3,RENTED,54-7342-473
U-NTP5W7YU887A,CA-VA-00000088,29B,CONDO_UNIT,,2,OWNER_OCCUPIED,24-7459-677
U-HDG402J1NKL4,CA-VA-00000088,25F,CONDO_UNIT,2348.0,1,RENTED,92-3319-386
U-2L9ICO4F0KSM,CA-VA-00000088,31E,CONDO_UNIT,1872.0,1,OWNER_OCCUPIED,31-8139-428
U-YULPBQ3JKLQJ,CA-VA-00000088,8F,CONDO_UNIT,1359.0,2,RENTED,79-7109-778
U-9V7SCZM3ZVLC,CA-VA-00000088,34H,CONDO_UNIT,2961.0,2,OWNER_OCCUPIED,13-1981-409
U-0YP1USAZNRSF,CA-VA-00000088,37A,CONDO_UNIT,3117.0,3,OWNER_OCCUPIED,73-5407-716
U-QSQGSCMLGWWI,CA-VA-00000088,32C,CONDO_UNIT,1942.0,4,RENTED,99-3222-135
U-JBOK340RWX0Y,CA-VA-00000088,12E,CONDO_UNIT,2777.0,4,OWNER_OCCUPIED,68-7729-130
U-NX4LN1UMHWFU,CA-VA-00000088,6B,CONDO_UNIT,817.0,2,OWNER_OCCUPIED,62-6864-276
U-UC4VHSN6BNTY,CA-VA-00000088,1F,CONDO_UNIT,1206.0,2,OWNER_OCCUPIED,26-2976-195
U-RI5KN0JZYU3L,CA-VA-00000088,24A,CONDO_UNIT,922.0,2,RENTED,32-4732-432
U-00J90NZDB39E,CA-VA-00000088,33A,CONDO_UNIT,1114.0,3,RENTED,28-6927-622
U-7SOBVOEFBGYE,CA-VA-00000088,40F,CONDO_UNIT,2266.0,1,OWNER_OCCUPIED,27-9021-141
U-ENENEPROABQT,CA-VA-00000088,14A,CONDO_UNIT,695.0,1,RENTED,84-6731-250
U-MJ50HY9710S2,CA-VA-00000088,40D,CONDO_UNIT,1945.0,3,VACANT,48-8251-617
U-X7WN10WCXYCY,CA-VA-00000088,17G,CONDO_UNIT,1537.0,2,OWNER_OCCUPIED,20-9403-655
U-E8SX1NZFNWSL,CA-VA-00000088,26G,CONDO_UNIT,2395.0,2,OWNER_OCCUPIED,98-9358-876
U-KGBMJE9HH5GY,CA-VA-00000088,20H,CONDO_UNIT,1622.0,3,OWNER_OCCUPIED,67-1810-433
U-LKG86D7GI980,CA-VA-00000088,34C,CONDO_UNIT,,3,OWNER_OCCUPIED,
U-JF74PYIXOGWS,CA-VA-00000088,9F,CONDO_UNIT,1249.0,3,OWNER_OCCUPIED,36-2563-253
U-AI600OM13LF0,CA-VA-00000088,31H,CONDO_UNIT,2907.0,4,OWNER_OCCUPIED,17-6245-676
U-8HAIN2ER2FCU,CA-VA-00000088,40A,CONDO_UNIT,2752.0,4,OWNER_OCCUPIED,69-8522-785
U-EYE3V7VCPASH,CA-VA-00000088,10B,CONDO_UNIT,1433.0,3,RENTED,21-2926-625
U-41FJ9VICM3G9,CA-VA-00000088,8B,CONDO_UNIT,2209.0,3,RENTED,48-2235-852
U-7T8T6RIEZGI6,CA-VA-00000088,18A,CONDO_UNIT,1509.0,3,OWNER_OCCUPIED,16-5379-476
U-ZY8KYW2P0ZR5,CA-VA-00000088,2F,CONDO_UNIT,1956.0,3,VACANT,13-3119-605
U-QRG7W0YYU6RF,CA-VA-00000088,30C,CONDO_UNIT,2043.0,1,RENTED,31-4422-482
U-5S0IPLWRTHFH,CA-VA-00000088,22D,CONDO_UNIT,,1,OWNER_OCCUPIED,29-4495-909
U-VWIDV8Y8MD0M,CA-VA-00000088,31H,CONDO_UNIT,1321.0,3,OWNER_OCCUPIED,84-2829-671
U-YP5VMBBS4WD9,CA-VA-00000088,9A,CONDO_UNIT,739.0,3,OWNER_OCCUPIED,45-7563-982
U-CGUAE0CQIKK3,CA-VA-00000088,39G,CONDO_UNIT,3021.0,2,OWNER_OCCUPIED,40-8252-695
U-0W0S3J4ARUCV,CA-OH-00000089,17C,CONDO_UNIT,3186.0,3,RENTED,72-4447-783
U-2BL91R4L1D7K,CA-OH-00000089,1B,CONDO_UNIT,924.0,3,OWNER_OCCUPIED,
U-MDYCL8H18YGI,CA-OH-00000089,24D,CONDO_UNIT,2611.0,2,OWNER_OCCUPIED,26-3937-493
U-2LKC2MWEW3L2,CA-OH-00000089,22E,CONDO_UNIT,1563.0,4,VACANT,40-1249-185
U-8EGQVKN64CL4,CA-OH-00000089,29B,CONDO_UNIT,2972.0,4,VACANT,25-8971-214
U-DNQL8DLRLQBD,CA-OH-00000089,16A,CONDO_UNIT,2463.0,4,OWNER_OCCUPIED,94-3047-787
U-SJ7A8FTEGAVJ,CA-OH-00000089,3E,CONDO_UNIT,3101.0,3,RENTED,47-3283-520
U-IIHEFOG5WJ60,CA-OH-00000089,20A,CONDO_UNIT,2160.0,2,RENTED,87-8673-578
U-6FCE11V7K3D5,CA-OH-00000089,26E,CONDO_UNIT,2712.0,2,OWNER_OCCUPIED,52-3448-160
U-RRJW2JY564CL,CA-OH-00000089,4D,CONDO_UNIT,1429.0,3,OWNER_OCCUPIED,74-2714-834
U-8QI29ETQM4Q9,CA-OH-00000089,32F,CONDO_UNIT,1078.0,3,OWNER_OCCUPIED,20-7964-768
U-9Q00A87L0N9N,CA-OH-00000089,40G,CONDO_UNIT,1718.0,3,OWNER_OCCUPIED,45-3253-816
U-TCPS99ILIJGE,CA-OH-00000089,10G,CONDO_UNIT,2670.0,3,RENTED,31-6371-681
U-7W9BUZI1KMNS,CA-OH-00000089,39D,CONDO_UNIT,1627.0,2,OWNER_OCCUPIED,22-5196-790
U-AKCQADC13VU0,CA-OH-00000089,4F,CONDO_UNIT,2227.0,2,OWNER_OCCUPIED,66-7829-668
U-FPQ8ASZLPO23,CA-OH-00000089,5F,CONDO_UNIT,1249.0,2,OWNER_OCCUPIED,60-6329-387
U-PH66UQVAPAAO,CA-OH-00000089,27A,CONDO_UNIT,2131.0,3,OWNER_OCCUPIED,23-3238-928
U-KE5AFOZ899WC,CA-OH-00000089,29A,CONDO_UNIT,2954.0,2,OWNER_OCCUPIED,23-1379-985
U-FZ4JBVL2DRGH,CA-OH-00000089,39H,CONDO_UNIT,,5,OWNER_OCCUPIED,50-7679-970
U-8GQHC3HS3XR5,CA-OH-00000089,21H,CONDO_UNIT,2879.0,4,OWNER_OCCUPIED,61-5357-355
U-PVRZ3RMME7D3,CA-OH-00000089,8G,CONDO_UNIT,3129.0,4,OWNER_OCCUPIED,31-7193-323
U-72YK938BZ5N2,CA-OH-00000089,18A,CONDO_UNIT,2027.0,3,RENTED,24-1169-180
U-AWTQXNYMWLDR,CA-OH-00000089,38C,CONDO_UNIT,2216.0,2,OWNER_OCCUPIED,97-9340-172
U-XHRAURHD91W3,CA-OH-00000089,40H,CONDO_UNIT,,2,OWNER_OCCUPIED,73-7871-607
U-LCFOJD27ID7S,CA-OH-00000089,3E,CONDO_UNIT,2600.0,3,OWNER_OCCUPIED,59-7891-207
U-GT71K4F2Q8EW,CA-OH-00000089,19A,CONDO_UNIT,2693.0,4,OWNER_OCCUPIED,14-5176-397
U-UXXRGAFZNTV6,CA-OH-00000089,10A,CONDO_UNIT,774.0,5,RENTED,95-5371-786
U-HMPA5M21JYGH,CA-OH-00000089,28A,CONDO_UNIT,3076.0,2,RENTED,84-7995-693
U-YH75EZM5C2W7,CA-OH-00000089,34F,CONDO_UNIT,2875.0,3,OWNER_OCCUPIED,65-5369-718
U-2037VDG5RKHB,CA-OH-00000089,13E,CONDO_UNIT,1818.0,4,OWNER_OCCUPIED,45-4137-142
U-I05PK4BLR2UO,CA-TX-00000090,100,TOWNHOME,839.0,2,OWNER_OCCUPIED,70-3027-328
U-0BFXRLREJ84U,CA-TX-00000090,101,SINGLE_FAMILY,2169.0,4,OWNER_OCCUPIED,25-2980-667
U-F78EFNCE31T3,CA-TX-00000090,102,SINGLE_FAMILY,,3,OWNER_OCCUPIED,48-1069-634
U-JMHJPN5HYEK8,CA-TX-00000090,103,TOWNHOME,3124.0,2,RENTED,10-5450-621
U-ZO1UFS2UTKR4,CA-TX-00000090,104,TOWNHOME,951.0,3,OWNER_OCCUPIED,81-6624-187
U-LI8WR7YJZO4T,CA-TX-00000090,105,TOWNHOME,868.0,3,RENTED,86-3272-438
U-84VXIC5JXJ9W,CA-TX-00000090,106,SINGLE_FAMILY,2937.0,3,OWNER_OCCUPIED,49-7709-668
U-9A083NPPMHED,CA-TX-00000090,107,TOWNHOME,1092.0,3,VACANT,42-9566-775
U-QTTWR2RAUIF9,CA-TX-00000090,108,SINGLE_FAMILY,1245.0,2,VACANT,
U-5MFJ3KEZ8UE5,CA-TX-00000090,109,SINGLE_FAMILY,1020.0,2,OWNER_OCCUPIED,15-7550-413
U-VQREHAR63U8Q,CA-TX-00000090,110,SINGLE_FAMILY,2503.0,5,VACANT,45-7120-585
U-X8PH0EHDVGVH,CA-TX-00000090,111,TOWNHOME,1581.0,3,RENTED,78-1589-943
U-BB1PMNONZPSC,CA-TX-00000090,112,SINGLE_FAMILY,,3,RENTED,86-9059-894
U-JYW9M5REOOCO,CA-TX-00000090,113,SINGLE_FAMILY,3080.0,2,OWNER_OCCUPIED,71-1397-694
U-8LXTJMTH81AV,CA-TX-00000090,114,SINGLE_FAMILY,813.0,3,OWNER_OCCUPIED,
U-Q50VSM7M2Z9F,CA-TX-00000090,115,TOWNHOME,2818.0,2,RENTED,57-9385-163
U-ZQWYNVVRM1TP,CA-TX-00000090,116,SINGLE_FAMILY,2551.0,2,RENTED,97-7051-193
U-XI3KHMH50GK5,CA-TX-00000090,117,TOWNHOME,,3,OWNER_OCCUPIED,54-8575-853
U-G602DFFYFWT0,CA-TX-00000090,118,TOWNHOME,1121.0,3,OWNER_OCCUPIED,55-7674-107
U-MNWG0N8C71X0,CA-TX-00000090,119,SINGLE_FAMILY,666.0,3,VACANT,84-2578-276
U-BE5XNRGOUSAC,CA-TX-00000090,120,SINGLE_FAMILY,2433.0,2,OWNER_OCCUPIED,70-4559-666
U-HQRH822WRXD5,CA-TX-00000090,121,SINGLE_FAMILY,1247.0,2,OWNER_OCCUPIED,90-4121-900
U-ING1FTOBDDFK,CA-TX-00000090,122,TOWNHOME,2305.0,3,VACANT,68-7692-986
U-JVEWQW4ZYQJN,CA-TX-00000090,123,SINGLE_FAMILY,1504.0,1,OWNER_OCCUPIED,49-9475-863
U-2D9QRS02WRSH,CA-TX-00000090,124,SINGLE_FAMILY,3172.0,3,OWNER_OCCUPIED,69-3531-463
U-I3PY2YLAMVGH,CA-TX-00000090,125,TOWNHOME,1216.0,2,OWNER_OCCUPIED,25-4728-820
U-O9IZWV6MI3GL,CA-TX-00000090,126,SINGLE_FAMILY,,3,RENTED,55-2431-426
U-42Z10G567AQ1,CA-TX-00000090,127,SINGLE_FAMILY,,3,OWNER_OCCUPIED,22-2797-952
U-25GXQTKN8FI1,CA-TX-00000090,128,SINGLE_FAMILY,2793.0,2,RENTED,78-3915-788
U-TSG1LL26WPIB,CA-TX-00000090,129,SINGLE_FAMILY,1621.0,2,OWNER_OCCUPIED,51-8440-740
U-C5ZG83RX5LFZ,CA-TX-00000090,130,TOWNHOME,1717.0,4,RENTED,26-1269-775
U-DXD0MHUSB1MW,CA-TX-00000090,131,TOWNHOME,1788.0,2,OWNER_OCCUPIED,83-4211-292
U-XRL6FVDZL1UB,CA-TX-00000090,132,SINGLE_FAMILY,1758.0,1,VACANT,27-2267-778
U-P19Z0V0FJPSN,CA-TX-00000090,133,SINGLE_FAMILY,2456.0,1,OWNER_OCCUPIED,50-7019-786
U-3IBDYCIBB0TV,CA-TX-00000090,134,TOWNHOME,1110.0,2,RENTED,38-5902-874
U-JXCMNGNLNHAH,CA-TX-00000090,135,SINGLE_FAMILY,2027.0,2,RENTED,82-2184-960
U-29KWUKBFE5YW,CA-TX-00000090,136,SINGLE_FAMILY,2673.0,2,OWNER_OCCUPIED,96-8496-302
U-TPMW9MGQP8XT,CA-TX-00000090,137,SINGLE_FAMILY,1338.0,1,RENTED,59-8419-308
U-ZFLPSQ5CL21M,CA-TX-00000090,138,SINGLE_FAMILY,912.0,2,OWNER_OCCUPIED,28-8203-337
U-Y76BEFRDV64E,CA-TX-00000090,139,SINGLE_FAMILY,2462.0,2,OWNER_OCCUPIED,35-5802-363
U-WCPGF0B2HAA9,CA-TX-00000090,140,SINGLE_FAMILY,1571.0,4,OWNER_OCCUPIED,45-5409-363
U-CMH35WTCM2TB,CA-TX-00000090,141,TOWNHOME,1386.0,4,RENTED,93-5157-413
U-BUUZ2H806M6G,CA-TX-00000090,142,SINGLE_FAMILY,1399.0,3,OWNER_OCCUPIED,16-2383-617
U-Z91NOK9BSQPX,CA-TX-00000090,143,TOWNHOME,1565.0,3,RENTED,72-2006-414
U-G2R6HY94YSF4,CA-TX-00000090,144,SINGLE_FAMILY,2161.0,4,OWNER_OCCUPIED,20-6691-841
U-XI88UTQE9AHG,CA-TX-00000090,145,TOWNHOME,760.0,2,OWNER_OCCUPIED,85-1449-902
U-P4E051BSAIED,CA-TX-00000090,146,TOWNHOME,1377.0,2,OWNER_OCCUPIED,30-2703-912
U-8TP0RGIDDVZZ,CA-TX-00000090,147,SINGLE_FAMILY,2295.0,4,VACANT,37-7833-915
U-4XD3JQ2N4QC5,CA-TX-00000090,148,SINGLE_FAMILY,3048.0,2,OWNER_OCCUPIED,30-1173-563
U-9NRDVP5TUZ69,CA-TX-00000090,149,TOWNHOME,,3,OWNER_OCCUPIED,
U-AA2PQLTWGRHQ,CA-TX-00000090,150,SINGLE_FAMILY,2494.0,3,VACANT,36-2154-820
U-55ZORXMOM5ZX,CA-TX-00000090,151,TOWNHOME,1859.0,4,OWNER_OCCUPIED,69-3538-294
U-11FH9W7DUP24,CA-TX-00000090,152,TOWNHOME,2363.0,2,OWNER_OCCUPIED,40-9016-472
U-KT0BR5XHKSCG,CA-TX-00000090,153,TOWNHOME,3064.0,3,RENTED,12-1993-176
U-6ISAG8U6WK0H,CA-TX-00000090,154,SINGLE_FAMILY,2476.0,2,OWNER_OCCUPIED,85-3519-913
U-0BH2FCFHVY4B,CA-TX-00000090,155,TOWNHOME,2827.0,2,OWNER_OCCUPIED,50-2498-434
U-HHEIAVLU0ZC5,CA-TX-00000090,156,TOWNHOME,855.0,2,VACANT,79-6483-818
U-T03IN5NAUZKZ,CA-TX-00000090,157,SINGLE_FAMILY,2124.0,2,OWNER_OCCUPIED,37-4192-508
U-KIWRIQRPWFHF,CA-TX-00000090,158,TOWNHOME,3098.0,5,OWNER_OCCUPIED,32-1988-763
U-EDE2ZJHU1A7K,CA-TX-00000090,159,TOWNHOME,2542.0,4,OWNER_OCCUPIED,67-6039-702
U-W7TRVDR9XKB0,CA-NC-00000091,100,SINGLE_FAMILY,1684.0,5,VACANT,19-8541-926
U-R98EEZDMSRQC,CA-NC-00000091,101,TOWNHOME,2603.0,2,OWNER_OCCUPIED,53-4550-180
U-F7QRPNUVND2C,CA-NC-00000091,102,TOWNHOME,1269.0,3,OWNER_OCCUPIED,47-8434-440
U-272U8F7LDKNJ,CA-NC-00000091,103,SINGLE_FAMILY,1109.0,4,OWNER_OCCUPIED,84-7028-627
U-9XSDMA6WL6ZM,CA-NC-00000091,104,SINGLE_FAMILY,1404.0,2,OWNER_OCCUPIED,45-5826-325
U-1KKIL14UYSR6,CA-NC-00000091,105,TOWNHOME,2409.0,3,RENTED,95-5431-960
U-PR0P40469KB1,CA-NC-00000091,106,SINGLE_FAMILY,2028.0,3,RENTED,77-7894-244
U-2QRUTUH3PQPQ,CA-NC-00000091,107,TOWNHOME,747.0,2,RENTED,89-4865-718
U-FAD1KB3PKK7A,CA-NC-00000091,108,SINGLE_FAMILY,3178.0,1,OWNER_OCCUPIED,48-8509-265
U-FKBOV8XAXCFH,CA-NC-00000091,109,TOWNHOME,,2,OWNER_OCCUPIED,74-5673-502
U-ULMN3FA4T7QN,CA-NC-00000091,110,SINGLE_FAMILY,665.0,5,RENTED,83-1067-617
U-468V6UXM9SSS,CA-NC-00000091,111,SINGLE_FAMILY,2177.0,3,RENTED,33-1938-873
U-8F3SECDSM1O6,CA-NC-00000091,112,SINGLE_FAMILY,1091.0,2,OWNER_OCCUPIED,57-3267-677
U-JEOREVBGG5NF,CA-NC-00000091,113,TOWNHOME,2478.0,3,RENTED,82-8535-125
U-WLFB6EDRMBN3,CA-NC-00000091,114,TOWNHOME,2522.0,3,OWNER_OCCUPIED,81-5127-915
U-EFWWZ4T0N3AJ,CA-NC-00000091,115,SINGLE_FAMILY,2821.0,3,OWNER_OCCUPIED,
U-DNLJI9O9G1WP,CA-NC-00000091,116,SINGLE_FAMILY,2280.0,3,OWNER_OCCUPIED,
U-LUOQ2OITDKLZ,CA-NC-00000091,117,TOWNHOME,3048.0,4,RENTED,98-5410-620
U-RMOOCXK5X4LV,CA-NC-00000091,118,SINGLE_FAMILY,1558.0,1,OWNER_OCCUPIED,56-3174-385
U-KGXCLAOLHZ5V,CA-NC-00000091,119,SINGLE_FAMILY,2319.0,3,OWNER_OCCUPIED,23-4693-629
U-V7862P6K5ASZ,CA-NC-00000091,120,TOWNHOME,1211.0,4,OWNER_OCCUPIED,48-9423-592
U-W6FOFXSFVLLD,CA-NC-00000091,121,TOWNHOME,781.0,2,RENTED,44-1860-114
U-OVQ7DV8F39CD,CA-NC-00000091,122,SINGLE_FAMILY,1249.0,4,OWNER_OCCUPIED,54-7082-856
U-K5ZXX0UX8YA0,CA-NC-00000091,123,TOWNHOME,805.0,5,OWNER_OCCUPIED,11-6384-522
U-XDYURMF5RCTH,CA-NC-00000091,124,SINGLE_FAMILY,3075.0,3,OWNER_OCCUPIED,95-7103-200
U-ZEETO2ZLUABW,CA-NC-00000091,125,SINGLE_FAMILY,2154.0,3,OWNER_OCCUPIED,61-4498-384
U-EDINDYZLBP8E,CA-NC-00000091,126,TOWNHOME,2809.0,2,OWNER_OCCUPIED,72-7979-146
U-7YJEO8Y1TTV2,CA-NC-00000091,127,SINGLE_FAMILY,3001.0,3,OWNER_OCCUPIED,27-2097-533
U-RBG9TTEMTYB2,CA-NC-00000091,128,TOWNHOME,2570.0,1,OWNER_OCCUPIED,11-5081-981
U-NNGO4JH7847M,CA-NC-00000091,129,SINGLE_FAMILY,2983.0,2,OWNER_OCCUPIED,38-5165-594
U-P4KGLVRSP2EC,CA-NC-00000091,130,SINGLE_FAMILY,2018.0,1,OWNER_OCCUPIED,39-7366-108
U-98GHC9329P6X,CA-NC-00000091,131,SINGLE_FAMILY,2615.0,3,RENTED,73-5172-661
U-TG12CYVQUZDI,CA-NC-00000091,132,SINGLE_FAMILY,2084.0,3,RENTED,23-8349-984
U-VZ3TWR0K5K9X,CA-NC-00000091,133,TOWNHOME,3148.0,2,RENTED,24-9020-272
U-1LUQFGCIZHD8,CA-NC-00000091,134,TOWNHOME,1951.0,2,OWNER_OCCUPIED,59-9103-178
U-MVZ8Z8H6CA4N,CA-NC-00000091,135,SINGLE_FAMILY,2623.0,1,OWNER_OCCUPIED,
U-FLX0GIJ1L2C0,CA-NC-00000091,136,TOWNHOME,1667.0,2,OWNER_OCCUPIED,38-9845-743
U-Z5QNPOUCKTMJ,CA-NC-00000091,137,TOWNHOME,,2,OWNER_OCCUPIED,72-2851-383
U-DTO8AUBY5PDD,CA-NC-00000091,138,TOWNHOME,1177.0,4,OWNER_OCCUPIED,42-7847-752
U-4IDNE1G3PEUO,CA-NC-00000091,139,TOWNHOME,1436.0,1,OWNER_OCCUPIED,93-6691-632
U-FI2A2NKTT7MU,CA-NC-00000091,140,SINGLE_FAMILY,1007.0,4,RENTED,97-2323-372
U-YTW7EGA0AZYH,CA-NC-00000091,141,SINGLE_FAMILY,1470.0,3,OWNER_OCCUPIED,91-7127-512
U-MJB7L3FQ5AXK,CA-NC-00000091,142,TOWNHOME,2210.0,2,OWNER_OCCUPIED,28-9246-826
U-6K8C9M47V5KN,CA-NC-00000091,143,TOWNHOME,2203.0,1,OWNER_OCCUPIED,38-5499-719
U-ABHWJ3U93A37,CA-NC-00000091,144,TOWNHOME,1699.0,2,OWNER_OCCUPIED,48-4235-809
U-H7AJ9Q42G24A,CA-NC-00000091,145,SINGLE_FAMILY,,3,OWNER_OCCUPIED,90-1775-250
U-6GXUWTC6OK3V,CA-NC-00000091,146,TOWNHOME,2111.0,2,OWNER_OCCUPIED,75-8917-363
U-R76ZW0353S4L,CA-NC-00000092,100,SINGLE_FAMILY,2761.0,1,OWNER_OCCUPIED,50-3410-371
U-9BKTPYHJ67AW,CA-NC-00000092,101,TOWNHOME,2075.0,4,OWNER_OCCUPIED,33-3990-523
U-N9818TJLNXP6,CA-NC-00000092,102,TOWNHOME,2424.0,3,RENTED,71-6180-947
U-TR7VJ3OIJSNI,CA-NC-00000092,103,TOWNHOME,2394.0,2,OWNER_OCCUPIED,62-6589-257
U-IZXLFUBBCRO2,CA-NC-00000092,104,TOWNHOME,2262.0,4,OWNER_OCCUPIED,25-6255-519
U-6WP0UMQWQ7NU,CA-NC-00000092,105,SINGLE_FAMILY,728.0,2,OWNER_OCCUPIED,22-4917-576
U-11998LMWFNEJ,CA-NC-00000092,106,SINGLE_FAMILY,1393.0,4,OWNER_OCCUPIED,17-7560-393
U-5P2P0K4XQ3F2,CA-NC-00000092,107,SINGLE_FAMILY,829.0,4,OWNER_OCCUPIED,32-8905-987
U-N1Y6D0YZR0Q2,CA-NC-00000092,108,SINGLE_FAMILY,2265.0,4,RENTED,87-5054-664
U-EHFQ3DQUMG1P,CA-NC-00000092,109,SINGLE_FAMILY,650.0,3,OWNER_OCCUPIED,
U-DV63YD6O8DCR,CA-NC-00000092,110,TOWNHOME,1069.0,3,VACANT,22-1378-822
U-HM54SNEPZA6Z,CA-NC-00000092,111,TOWNHOME,2843.0,2,RENTED,67-8608-658
U-D9NVYYAPKOM0,CA-NC-00000092,112,TOWNHOME,2493.0,2,RENTED,59-2193-809
U-SDRD4XCRPDEW,CA-NC-00000092,113,TOWNHOME,1756.0,3,OWNER_OCCUPIED,77-9688-512
U-T8OIFOTDOMM5,CA-NC-00000092,114,TOWNHOME,1319.0,3,RENTED,52-3094-915
U-M7KGOD7V8ZZY,CA-NC-00000092,115,SINGLE_FAMILY,1824.0,2,RENTED,53-9482-677
U-GA76SCR9224Z,CA-NC-00000092,116,SINGLE_FAMILY,2741.0,2,RENTED,36-5736-340
U-4WQKOREVTDH6,CA-NC-00000092,117,SINGLE_FAMILY,3073.0,3,OWNER_OCCUPIED,75-9114-901
U-2HRLWYH06E0N,CA-NC-00000092,118,SINGLE_FAMILY,1640.0,5,OWNER_OCCUPIED,98-9378-797
U-G3082WXTFRU4,CA-NC-00000092,119,TOWNHOME,1510.0,1,RENTED,68-8368-889
U-3EQNHL3XR7SS,CA-NC-00000092,120,SINGLE_FAMILY,2581.0,2,OWNER_OCCUPIED,26-4096-797
U-OV7ZRS6PBCKR,CA-NC-00000092,121,TOWNHOME,894.0,4,RENTED,38-9351-347
U-HCVQVX4MR98Y,CA-NC-00000092,122,SINGLE_FAMILY,2215.0,3,RENTED,75-3884-307
U-PHS0DB9PDWYT,CA-NC-00000092,123,TOWNHOME,1676.0,4,RENTED,34-8018-860
U-4ML4FIVJ3XOD,CA-NC-00000092,124,TOWNHOME,2599.0,4,OWNER_OCCUPIED,30-8097-617
U-WL8VVQDM6MI4,CA-NC-00000092,125,SINGLE_FAMILY,2032.0,2,RENTED,74-9422-474
U-66XC4SJ226W0,CA-NC-00000092,126,SINGLE_FAMILY,2556.0,2,OWNER_OCCUPIED,29-6495-524
U-VI2SI9UKWY6A,CA-NC-00000092,127,SINGLE_FAMILY,2540.0,2,OWNER_OCCUPIED,83-9664-828
U-J2YR9PEVTKAU,CA-NC-00000092,128,TOWNHOME,718.0,1,OWNER_OCCUPIED,
U-GY8BUXINV9AD,CA-NC-00000092,129,SINGLE_FAMILY,3113.0,3,OWNER_OCCUPIED,30-2704-281
U-EMG57EVS2MEX,CA-NC-00000092,130,TOWNHOME,2824.0,2,RENTED,93-8952-675
U-RNHB74MSS8AB,CA-NC-00000092,131,TOWNHOME,,3,VACANT,28-5977-988
U-XBPF7240LBED,CA-NC-00000092,132,SINGLE_FAMILY,2957.0,2,OWNER_OCCUPIED,61-6703-200
U-E9BXZJ0FV1XQ,CA-NC-00000092,133,TOWNHOME,1739.0,2,OWNER_OCCUPIED,48-9056-522
U-DF43Q1FEYYMS,CA-NC-00000092,134,TOWNHOME,,3,OWNER_OCCUPIED,26-8829-100
U-X16X7D1D2HQ6,CA-NC-00000092,135,TOWNHOME,2709.0,4,OWNER_OCCUPIED,76-1779-258
U-1WH00QQ1EEKK,CA-NC-00000092,136,SINGLE_FAMILY,1415.0,3,OWNER_OCCUPIED,75-4843-345
U-0XCMXG0FWZ7F,CA-NC-00000092,137,TOWNHOME,1366.0,2,OWNER_OCCUPIED,37-3810-193
U-C1RC4RF66N39,CA-NC-00000092,138,SINGLE_FAMILY,3070.0,3,RENTED,98-1690-569
U-FRSMQGXWCRL2,CA-NC-00000092,139,TOWNHOME,787.0,2,OWNER_OCCUPIED,13-8141-513
U-GP6V88WS7SNY,CA-NC-00000092,140,SINGLE_FAMILY,1161.0,2,OWNER_OCCUPIED,
U-SH4FFHRRI01X,CA-NC-00000092,141,TOWNHOME,1622.0,2,RENTED,80-2422-584
U-34RWTXBNXNB4,CA-NC-00000092,142,TOWNHOME,2921.0,3,RENTED,
U-N5HOGHTC5B89,CA-NC-00000092,143,TOWNHOME,2075.0,3,OWNER_OCCUPIED,87-7057-525
U-BLZ6YAMLRTRK,CA-NC-00000092,144,TOWNHOME,1265.0,3,OWNER_OCCUPIED,94-7716-567
U-QBFHN657WBJK,CA-NC-00000092,145,TOWNHOME,2309.0,2,VACANT,21-7977-992
U-JQTVM2IN25H1,CA-NC-00000092,146,TOWNHOME,2751.0,2,RENTED,23-9946-948
U-K6BP4PVIX5KO,CA-NC-00000092,147,SINGLE_FAMILY,,4,RENTED,49-8700-782
U-XF5THA2Z8C7G,CA-NC-00000092,148,SINGLE_FAMILY,3158.0,4,RENTED,96-9853-710
U-0S2MIRYRMXB5,CA-NC-00000092,149,SINGLE_FAMILY,2554.0,1,OWNER_OCCUPIED,90-7258-246
U-6ROLVM6H1XMP,CA-NC-00000092,150,TOWNHOME,964.0,1,OWNER_OCCUPIED,81-5119-448
U-MM4EGCUJ99A3,CA-NC-00000092,151,TOWNHOME,1703.0,2,OWNER_OCCUPIED,62-2245-610
U-7VQG7B9EJ6YP,CA-NC-00000092,152,SINGLE_FAMILY,1354.0,2,OWNER_OCCUPIED,76-4459-732
U-DQ6FBWCFX6K9,CA-NC-00000092,153,TOWNHOME,2132.0,1,RENTED,41-5656-237
U-9FTFOTP3Z4RO,CA-NC-00000092,154,SINGLE_FAMILY,1280.0,3,OWNER_OCCUPIED,92-3512-755
U-6KRINW8TM995,CA-NC-00000092,155,TOWNHOME,3062.0,3,RENTED,45-9044-536
U-WRTETOL4FE94,CA-NC-00000092,156,TOWNHOME,1580.0,2,OWNER_OCCUPIED,34-7655-184
U-H380NQPT7FB0,CA-NC-00000092,157,TOWNHOME,1738.0,3,OWNER_OCCUPIED,30-6281-860
U-9AJT3VG2D2OL,CA-NC-00000092,158,TOWNHOME,1326.0,3,OWNER_OCCUPIED,74-3637-191
U-JKJWS3R4EDFU,CA-NC-00000092,159,TOWNHOME,,3,RENTED,13-1979-174
U-EGDE8WA2J0M8,CA-FL-00000093,100,SINGLE_FAMILY,1750.0,2,OWNER_OCCUPIED,96-3055-358
U-DCOH5WYZMO4C,CA-FL-00000093,101,TOWNHOME,2310.0,3,OWNER_OCCUPIED,69-7232-845
U-VWEV1ZY9HW45,CA-FL-00000093,102,TOWNHOME,2031.0,2,OWNER_OCCUPIED,48-2570-294
U-Z1AJJJ33GIP3,CA-FL-00000093,103,SINGLE_FAMILY,707.0,4,OWNER_OCCUPIED,63-6199-892
U-W8CPSLMVPUJQ,CA-FL-00000093,104,SINGLE_FAMILY,2585.0,4,OWNER_OCCUPIED,30-4961-880
U-VLBFZXN4GYVY,CA-FL-00000093,105,TOWNHOME,1112.0,2,OWNER_OCCUPIED,89-9529-683
U-YGA6XB51S28P,CA-FL-00000093,106,SINGLE_FAMILY,1378.0,2,RENTED,37-9416-746
U-XS2SLTXZTSVN,CA-FL-00000093,107,TOWNHOME,1264.0,4,OWNER_OCCUPIED,51-1406-781
U-LIM1B4NRCHX8,CA-FL-00000093,108,SINGLE_FAMILY,2888.0,2,OWNER_OCCUPIED,59-3815-374
U-TZ1DSZZZXMHB,CA-FL-00000093,109,SINGLE_FAMILY,2202.0,2,OWNER_OCCUPIED,73-6564-200
U-ZESWDWAOO8ZE,CA-FL-00000093,110,TOWNHOME,2436.0,1,VACANT,36-8810-827
U-UUMCNJY6MZEW,CA-FL-00000093,111,TOWNHOME,2998.0,3,RENTED,89-6095-263
U-AYMUGR1M1EAV,CA-FL-00000093,112,SINGLE_FAMILY,2636.0,5,OWNER_OCCUPIED,70-3724-679
U-ZK1YPSTKO0I7,CA-FL-00000093,113,SINGLE_FAMILY,720.0,4,RENTED,64-6190-390
U-3RE138AQD283,CA-FL-00000093,114,SINGLE_FAMILY,1333.0,4,OWNER_OCCUPIED,62-3689-746
U-QH010TK2OLBD,CA-FL-00000093,115,TOWNHOME,658.0,2,RENTED,69-2732-815
U-B05ER5REDDJO,CA-FL-00000093,116,TOWNHOME,2852.0,2,RENTED,88-3756-555
U-6M3M1NVX3RRH,CA-FL-00000093,117,SINGLE_FAMILY,1321.0,5,OWNER_OCCUPIED,80-5743-653
U-1YDO80N51EKJ,CA-FL-00000093,118,TOWNHOME,1230.0,2,OWNER_OCCUPIED,38-4069-432
U-LT5MHD5PE5CX,CA-FL-00000093,119,SINGLE_FAMILY,2012.0,2,VACANT,27-1172-177
U-J44ECXK61GVC,CA-FL-00000093,120,SINGLE_FAMILY,2653.0,3,OWNER_OCCUPIED,40-5153-677
U-YX5ZOVD4X85G,CA-FL-00000093,121,SINGLE_FAMILY,2014.0,3,OWNER_OCCUPIED,43-9703-472
U-JGWOK7XOHAVK,CA-FL-00000093,122,SINGLE_FAMILY,748.0,1,RENTED,27-6974-566
U-RTELQ8YHS6PL,CA-FL-00000093,123,SINGLE_FAMILY,2578.0,1,RENTED,35-5825-298
U-IOC1RL00M27J,CA-FL-00000093,124,TOWNHOME,1693.0,3,OWNER_OCCUPIED,15-9397-906
U-RCQU64B9XSNQ,CA-FL-00000093,125,SINGLE_FAMILY,2140.0,4,RENTED,95-9519-660
U-09YLI6B5H575,CA-FL-00000093,126,SINGLE_FAMILY,3096.0,3,OWNER_OCCUPIED,47-1006-809
U-88ZD46VKJ3E5,CA-TX-00000094,100,SINGLE_FAMILY,969.0,2,RENTED,62-1182-207
U-NTGXH2YLSRO5,CA-TX-00000094,101,SINGLE_FAMILY,1913.0,3,OWNER_OCCUPIED,33-6267-822
U-IYKOR6EW0IE3,CA-TX-00000094,102,SINGLE_FAMILY,982.0,5,OWNER_OCCUPIED,36-5843-866
U-9QLNUV5LNGC6,CA-TX-00000094,103,TOWNHOME,1111.0,1,OWNER_OCCUPIED,81-2136-670
U-Z1Q461CXIK27,CA-TX-00000094,104,SINGLE_FAMILY,1157.0,3,OWNER_OCCUPIED,61-9039-348
U-2PUV0T0A50LT,CA-TX-00000094,105,TOWNHOME,1190.0,2,OWNER_OCCUPIED,49-1002-257
U-IOJBMZCTS8FE,CA-TX-00000094,106,SINGLE_FAMILY,,1,OWNER_OCCUPIED,81-2151-269
U-4KWP7M3LIOXM,CA-TX-00000094,107,SINGLE_FAMILY,1972.0,4,OWNER_OCCUPIED,77-1150-660
U-5M3SITCIV9BX,CA-TX-00000094,108,TOWNHOME,1088.0,4,VACANT,84-9209-418
U-G9ZOVZT3AJ36,CA-TX-00000094,109,TOWNHOME,1772.0,1,OWNER_OCCUPIED,44-4572-432
U-2S5231KMVOSC,CA-TX-00000094,110,SINGLE_FAMILY,1343.0,5,OWNER_OCCUPIED,69-4648-598
U-L7PAINWNY5TN,CA-TX-00000094,111,SINGLE_FAMILY,1309.0,3,OWNER_OCCUPIED,70-8190-266
U-GXRFU7S7S3T6,CA-TX-00000094,112,TOWNHOME,2134.0,2,RENTED,31-5604-891
U-BBFYV6WXMTRB,CA-TX-00000094,113,SINGLE_FAMILY,2526.0,1,OWNER_OCCUPIED,50-9901-825
U-FQZNFMVP9GW6,CA-TX-00000094,114,SINGLE_FAMILY,886.0,3,RENTED,87-4365-747
U-Y14FSDD23I7S,CA-TX-00000094,115,SINGLE_FAMILY,2132.0,3,OWNER_OCCUPIED,73-3260-775
U-IJJZTB6Q2GQ4,CA-TX-00000094,116,TOWNHOME,1223.0,3,RENTED,18-2825-583
U-FI0QE8ZZ326X,CA-TX-00000094,117,SINGLE_FAMILY,2494.0,1,RENTED,86-6687-721
U-SR9F72D4PUR9,CA-TX-00000094,118,SINGLE_FAMILY,2815.0,4,RENTED,43-2940-187
U-0RGPJ4W0DZRC,CA-TX-00000094,119,TOWNHOME,1382.0,3,OWNER_OCCUPIED,92-5024-878
U-VB141R0KF6VH,CA-TX-00000094,120,SINGLE_FAMILY,2644.0,2,VACANT,62-9031-949
U-N7KCVOOK8CBH,CA-TX-00000094,121,TOWNHOME,907.0,2,RENTED,13-3604-788
U-VB9DR3LNDIHL,CA-TX-00000094,122,SINGLE_FAMILY,1861.0,1,OWNER_OCCUPIED,81-4414-808
U-YM13JGJ9BCR2,CA-TX-00000094,123,SINGLE_FAMILY,,2,RENTED,99-4920-795
U-309RQD8V7X8E,CA-TX-00000094,124,TOWNHOME,2949.0,3,OWNER_OCCUPIED,30-6957-164
U-ZWJNU7M0PM06,CA-TX-00000094,125,TOWNHOME,3070.0,2,OWNER_OCCUPIED,40-9047-873
U-LKJ41FM7ZTT6,CA-TX-00000094,126,TOWNHOME,1461.0,2,OWNER_OCCUPIED,87-4576-690
U-ZC85RSHNXAID,CA-TX-00000094,127,SINGLE_FAMILY,,3,OWNER_OCCUPIED,42-6983-807
U-7G0TCPZDTE8S,CA-TX-00000094,128,TOWNHOME,,2,OWNER_OCCUPIED,82-1517-399
U-Q6GHO36AP0H9,CA-TX-00000094,129,SINGLE_FAMILY,2911.0,4,RENTED,58-3449-788
U-C750W308CR74,CA-TX-00000094,130,TOWNHOME,2459.0,2,OWNER_OCCUPIED,86-8388-745
U-KHDFJYNTAWYO,CA-TX-00000094,131,TOWNHOME,1153.0,2,OWNER_OCCUPIED,23-1892-894
U-LRTLPZ1IA2GA,CA-TX-00000094,132,SINGLE_FAMILY,1277.0,4,RENTED,68-9665-207
U-ONRQKSTLT4RY,CA-TX-00000094,133,TOWNHOME,2726.0,3,OWNER_OCCUPIED,35-9297-166
U-UN9RPXXEV86O,CA-TX-00000094,134,SINGLE_FAMILY,1320.0,2,RENTED,21-8112-535
U-8CJV7ZEHY7R5,CA-NY-00000095,100,TOWNHOME,1455.0,2,OWNER_OCCUPIED,93-8190-820
U-L5YWCGDS12Y0,CA-NY-00000095,101,SINGLE_FAMILY,2677.0,3,RENTED,33-9392-409
U-ZP4G56889Y8B,CA-NY-00000095,102,SINGLE_FAMILY,2537.0,3,OWNER_OCCUPIED,82-5442-166
U-1JUSUB0IPS5O,CA-NY-00000095,103,SINGLE_FAMILY,1100.0,2,RENTED,23-9908-202
U-QNEGJ5QC0UE2,CA-NY-00000095,104,TOWNHOME,1473.0,1,RENTED,38-6291-391
U-RL8SEL7FYR75,CA-NY-00000095,105,TOWNHOME,2018.0,3,OWNER_OCCUPIED,69-8974-141
U-CUTMKWSBNPPC,CA-NY-00000095,106,SINGLE_FAMILY,877.0,2,OWNER_OCCUPIED,30-3952-467
U-9O69T81E6B39,CA-NY-00000095,107,SINGLE_FAMILY,855.0,5,OWNER_OCCUPIED,64-2957-232
U-SY2Y1HTRFW12,CA-NY-00000095,108,TOWNHOME,1872.0,5,OWNER_OCCUPIED,
U-B2UD2B68XC98,CA-NY-00000095,109,TOWNHOME,1263.0,4,VACANT,18-8351-360
U-7XO5LUM4D5CX,CA-NY-00000095,110,SINGLE_FAMILY,1553.0,3,OWNER_OCCUPIED,74-2034-370
U-P1OGRU6JRNIL,CA-NY-00000095,111,SINGLE_FAMILY,3181.0,4,OWNER_OCCUPIED,98-8139-348
U-6SP4G8XJFFL5,CA-NY-00000095,112,SINGLE_FAMILY,2084.0,2,VACANT,86-7953-973
U-QH8EEA9R0TCP,CA-NY-00000095,113,TOWNHOME,897.0,2,OWNER_OCCUPIED,71-1090-816
U-5RGCR31446X0,CA-NY-00000095,114,TOWNHOME,1224.0,2,OWNER_OCCUPIED,87-4674-225
U-8XPKDCP2HN4P,CA-NY-00000095,115,TOWNHOME,,2,OWNER_OCCUPIED,68-3063-898
U-IBG26HW4AJC3,CA-NY-00000095,116,TOWNHOME,680.0,2,OWNER_OCCUPIED,31-3691-358
U-4X4P7ZA59OBN,CA-NY-00000095,117,SINGLE_FAMILY,2558.0,3,RENTED,62-4297-628
U-AHG1QTQBQQXT,CA-NY-00000095,118,SINGLE_FAMILY,1488.0,3,OWNER_OCCUPIED,72-9362-470
U-FPJYXVSYWOEZ,CA-NY-00000095,119,TOWNHOME,3062.0,2,OWNER_OCCUPIED,51-5386-774
U-O9G89ZC35C14,CA-NY-00000095,120,SINGLE_FAMILY,3096.0,3,RENTED,80-9740-567
U-PN1AH9M78WWE,CA-NY-00000095,121,SINGLE_FAMILY,864.0,1,RENTED,34-2399-638
U-2BTWI07O8W9H,CA-NY-00000095,122,SINGLE_FAMILY,856.0,1,RENTED,11-7543-197
U-SYHEGKJE3WIT,CA-NY-00000095,123,TOWNHOME,1863.0,3,OWNER_OCCUPIED,99-2957-426
U-MW95K19WPDW8,CA-NY-00000095,124,SINGLE_FAMILY,3143.0,4,OWNER_OCCUPIED,38-9557-533
U-2C5D78TU0RL0,CA-NY-00000095,125,TOWNHOME,1059.0,2,RENTED,11-5598-261
U-A3RNVE3KHRAB,CA-NY-00000095,126,TOWNHOME,2287.0,2,OWNER_OCCUPIED,20-4707-723
U-JA666OHK3RAZ,CA-NY-00000095,127,SINGLE_FAMILY,1841.0,4,OWNER_OCCUPIED,19-6134-675
U-HBW53JI20K13,CA-NY-00000095,128,TOWNHOME,2404.0,2,OWNER_OCCUPIED,
U-CNMIKEXPF1PI,CA-NY-00000095,129,TOWNHOME,2357.0,5,OWNER_OCCUPIED,59-3676-958
U-HNW8YLE33QQ5,CA-NY-00000095,130,TOWNHOME,2635.0,2,OWNER_OCCUPIED,15-7672-426
U-M07UWWJU0C9K,CA-NY-00000095,131,TOWNHOME,3060.0,2,OWNER_OCCUPIED,78-9929-925
U-PAC7W438771V,CA-NY-00000095,132,TOWNHOME,,3,RENTED,21-8561-259
U-SB3AF7YYK778,CA-NV-00000096,100,TOWNHOME,2774.0,3,OWNER_OCCUPIED,72-9751-520
U-0M1AIHV67YD9,CA-NV-00000096,101,SINGLE_FAMILY,3019.0,2,OWNER_OCCUPIED,
U-PJYZRGBQS6G8,CA-NV-00000096,102,TOWNHOME,1570.0,3,OWNER_OCCUPIED,78-9375-883
U-IQQ6WA62MCZT,CA-NV-00000096,103,TOWNHOME,2644.0,3,OWNER_OCCUPIED,75-8031-141
U-85KMTPSBYMRS,CA-NV-00000096,104,SINGLE_FAMILY,3026.0,3,RENTED,94-1356-853
U-TK01TXLB1PM5,CA-NV-00000096,105,SINGLE_FAMILY,2993.0,4,OWNER_OCCUPIED,88-8347-327
U-06QP8DTTINM5,CA-NV-00000096,106,SINGLE_FAMILY,688.0,2,OWNER_OCCUPIED,59-3558-178
U-UH6OD8WHV87W,CA-NV-00000096,107,SINGLE_FAMILY,1906.0,5,OWNER_OCCUPIED,39-9942-413
U-FK0VWXJVH7DT,CA-NV-00000096,108,TOWNHOME,1388.0,4,OWNER_OCCUPIED,27-4311-883
U-8MF9L36W7TVB,CA-NV-00000096,109,SINGLE_FAMILY,2228.0,3,OWNER_OCCUPIED,11-7225-211
U-H4NW49AFG5D5,CA-NV-00000096,110,TOWNHOME,,5,RENTED,47-9365-529
U-WKOM2825RS7K,CA-NV-00000096,111,SINGLE_FAMILY,2521.0,2,OWNER_OCCUPIED,68-9665-759
U-RRC33I5JQTIC,CA-NV-00000096,112,TOWNHOME,3001.0,2,OWNER_OCCUPIED,57-5083-163
U-3H34J44Y5HJ4,CA-NV-00000096,113,TOWNHOME,3020.0,2,OWNER_OCCUPIED,82-3093-638
U-6XQV0IPNJM02,CA-NV-00000096,114,SINGLE_FAMILY,1898.0,3,RENTED,25-9113-415
U-BYX0D9V14CTR,CA-NV-00000096,115,TOWNHOME,948.0,3,OWNER_OCCUPIED,61-5370-358
U-2QL5U07W1N50,CA-CA-00000097,2H,CONDO_UNIT,2915.0,5,OWNER_OCCUPIED,49-3740-145
U-S9K00UE7U71M,CA-CA-00000097,39A,CONDO_UNIT,2472.0,2,OWNER_OCCUPIED,10-9547-467
U-0WGGWGDMIKBQ,CA-CA-00000097,39H,CONDO_UNIT,2423.0,2,OWNER_OCCUPIED,44-2935-632
U-VMSEZJR2HVW2,CA-CA-00000097,21B,CONDO_UNIT,1502.0,4,OWNER_OCCUPIED,99-3276-471
U-FQKQ9KNQWI4W,CA-CA-00000097,30B,CONDO_UNIT,2507.0,3,OWNER_OCCUPIED,96-4800-102
U-O3T6Z2WA5SUH,CA-CA-00000097,24F,CONDO_UNIT,1599.0,2,VACANT,72-9974-634
U-7A0EFWJJO22L,CA-CA-00000097,28B,CONDO_UNIT,2212.0,3,RENTED,49-9292-313
U-1BJHVEKMZE9U,CA-CA-00000097,17D,CONDO_UNIT,2632.0,2,OWNER_OCCUPIED,19-8211-222
U-3IO6GSEP0Z0E,CA-CA-00000097,18B,CONDO_UNIT,2210.0,2,RENTED,75-8030-666
U-ZLC8FQ6PP9H1,CA-CA-00000097,15D,CONDO_UNIT,,2,OWNER_OCCUPIED,58-9168-609
U-0GP5TV2XSZH6,CA-CA-00000097,36F,CONDO_UNIT,3144.0,2,RENTED,23-4443-969
U-EYGUJ7FUGMPL,CA-CA-00000097,15A,CONDO_UNIT,1967.0,5,OWNER_OCCUPIED,33-8345-593
U-S2HK44OPC43X,CA-CA-00000097,16C,CONDO_UNIT,1378.0,2,OWNER_OCCUPIED,80-7207-500
U-HCFR3PQPO31B,CA-CA-00000097,13F,CONDO_UNIT,2203.0,1,OWNER_OCCUPIED,88-9057-656
U-U2BJ4ROFEQ8W,CA-CA-00000097,27B,CONDO_UNIT,2928.0,2,OWNER_OCCUPIED,94-2257-677
U-6FCS5ROT58O4,CA-CA-00000097,33G,CONDO_UNIT,1292.0,2,OWNER_OCCUPIED,23-5490-774
U-ECIIYQG3A7I2,CA-CA-00000097,36E,CONDO_UNIT,2529.0,1,RENTED,18-5254-474
U-AO5UAOU3RLN6,CA-CA-00000097,25G,CONDO_UNIT,1692.0,3,OWNER_OCCUPIED,55-8497-115
U-2VCB93UKWQ79,CA-CA-00000097,34B,CONDO_UNIT,775.0,2,OWNER_OCCUPIED,
U-L2Y4U3ZHX384,CA-CA-00000097,34E,CONDO_UNIT,2045.0,1,VACANT,22-9000-956
U-9U68DH0HX6Z8,CA-CA-00000097,39H,CONDO_UNIT,865.0,2,VACANT,39-3397-578
U-YPW2KZDJKSPT,CA-CA-00000097,26F,CONDO_UNIT,810.0,3,OWNER_OCCUPIED,65-5413-237
U-7QAB2246Q1M7,CA-CA-00000097,26C,CONDO_UNIT,,4,RENTED,91-7699-344
U-1BAZETTZBJJZ,CA-CA-00000097,39H,CONDO_UNIT,2496.0,4,OWNER_OCCUPIED,81-7143-198
U-NS3GL9QSDXLD,CA-CA-00000097,5A,CONDO_UNIT,2896.0,2,OWNER_OCCUPIED,56-8303-467
U-XZVPYH0K4TB8,CA-CA-00000097,17H,CONDO_UNIT,697.0,2,RENTED,18-8622-730
U-Z3Q045OKCG3X,CA-CA-00000097,24A,CONDO_UNIT,1188.0,5,OWNER_OCCUPIED,21-7868-864
U-5GCO040Q722J,CA-CA-00000097,1A,CONDO_UNIT,,3,RENTED,89-3708-163
U-XW48SY48T5MH,CA-CA-00000097,32F,CONDO_UNIT,3149.0,4,VACANT,47-6080-439
U-KCJ4W5PV95UC,CA-CA-00000097,10D,CONDO_UNIT,2803.0,2,OWNER_OCCUPIED,11-1311-109
U-DNX0N3YJVUGB,CA-CA-00000097,39D,CONDO_UNIT,1974.0,3,OWNER_OCCUPIED,63-3817-516
U-Z8QZ4CL8ZTUR,CA-CA-00000097,3D,CONDO_UNIT,2604.0,2,OWNER_OCCUPIED,69-9261-632
U-7VH8C7L75Z0V,CA-CA-00000097,30G,CONDO_UNIT,1632.0,4,OWNER_OCCUPIED,58-1803-389
U-613WMFXTI0BU,CA-CA-00000097,1C,CONDO_UNIT,1613.0,4,OWNER_OCCUPIED,80-5671-553
U-7YFK8RR2GSO8,CA-CA-00000097,24A,CONDO_UNIT,1197.0,3,OWNER_OCCUPIED,
U-6I3FP1FBWU86,CA-CA-00000097,16D,CONDO_UNIT,2842.0,2,VACANT,78-4034-954
U-WXLXKM6YT4XM,CA-CA-00000097,12B,CONDO_UNIT,2082.0,3,RENTED,71-7440-605
U-O811K4C6KGB0,CA-CA-00000097,18A,CONDO_UNIT,2604.0,2,VACANT,81-9539-965
U-PLCMZNU1U777,CA-CA-00000097,31E,CONDO_UNIT,1417.0,3,OWNER_OCCUPIED,52-5676-244
U-FT4GRG3WATQR,CA-CA-00000097,24F,CONDO_UNIT,2185.0,3,OWNER_OCCUPIED,32-6629-684
U-N18K6DD68IL7,CA-CA-00000097,7G,CONDO_UNIT,2460.0,2,RENTED,65-3889-969
U-WGGL2LIWIX9P,CA-CA-00000097,35E,CONDO_UNIT,2557.0,2,OWNER_OCCUPIED,79-1269-488
U-W0A2FMNW0XM5,CA-CA-00000097,14A,CONDO_UNIT,1097.0,3,OWNER_OCCUPIED,65-4423-591
U-DUVVJDJ7NTYC,CA-CA-00000097,5B,CONDO_UNIT,1225.0,3,OWNER_OCCUPIED,44-3378-538
U-WEC9QE3XOIAB,CA-CA-00000097,16B,CONDO_UNIT,2789.0,5,OWNER_OCCUPIED,63-4418-924
U-CZQF1UHFSRWR,CA-CA-00000097,6F,CONDO_UNIT,2206.0,4,OWNER_OCCUPIED,91-9589-168
U-N7IBDZY1Y5S5,CA-CA-00000097,5A,CONDO_UNIT,998.0,2,RENTED,24-7762-873
U-VBUN0L0T4SFA,CA-CA-00000097,7B,CONDO_UNIT,687.0,4,OWNER_OCCUPIED,24-7622-499
U-7P6X4N5J8MS2,CA-CA-00000097,6A,CONDO_UNIT,1744.0,2,VACANT,50-9995-468
U-DIR8W3R42SCI,CA-CA-00000097,10D,CONDO_UNIT,1824.0,2,RENTED,29-8949-379
U-1O4PYOZT9LQP,CA-CA-00000097,22H,CONDO_UNIT,3168.0,2,OWNER_OCCUPIED,11-3503-718
U-OBSDKUXT2BJ2,CA-CA-00000097,22G,CONDO_UNIT,2836.0,5,OWNER_OCCUPIED,77-8748-710
U-8S7G6EPZ2NNC,CA-CA-00000097,2F,CONDO_UNIT,2716.0,1,RENTED,97-2704-259
U-GERHBV9MYJCE,CA-CA-00000097,38B,CONDO_UNIT,1702.0,1,RENTED,15-8617-723
U-YXGHOFU68ZA1,CA-WA-00000098,13D,CONDO_UNIT,1490.0,5,RENTED,81-1168-620
U-GPGHUOY7ONYP,CA-WA-00000098,9A,CONDO_UNIT,2205.0,2,RENTED,87-6507-630
U-BA5TVDUMYL7M,CA-WA-00000098,8B,CONDO_UNIT,1453.0,3,OWNER_OCCUPIED,69-5020-862
U-I5ZSSIRPB3M5,CA-WA-00000098,8F,CONDO_UNIT,866.0,2,OWNER_OCCUPIED,56-7898-727
U-KNR37L9THN45,CA-WA-00000098,33F,CONDO_UNIT,1626.0,2,OWNER_OCCUPIED,
U-65I5FGPH5GCT,CA-WA-00000098,30D,CONDO_UNIT,3111.0,2,OWNER_OCCUPIED,66-2207-572
U-TNRMNG7L8HDD,CA-WA-00000098,18H,CONDO_UNIT,2285.0,5,OWNER_OCCUPIED,64-1347-950
U-0KGIT050WQB1,CA-WA-00000098,15B,CONDO_UNIT,2975.0,4,OWNER_OCCUPIED,93-9199-906
U-RJETLIH5S0ZB,CA-WA-00000098,7G,CONDO_UNIT,2342.0,2,OWNER_OCCUPIED,20-5033-451
U-08RPICE12G8E,CA-WA-00000098,16B,CONDO_UNIT,803.0,3,OWNER_OCCUPIED,40-6663-185
U-S0TPS7KQZ1YQ,CA-WA-00000098,23A,CONDO_UNIT,2063.0,4,OWNER_OCCUPIED,92-6535-323
U-HLRVRLTYT3V6,CA-WA-00000098,20C,CONDO_UNIT,813.0,2,OWNER_OCCUPIED,76-1888-275
U-ZZRB68JFJXES,CA-WA-00000098,37H,CONDO_UNIT,3063.0,4,OWNER_OCCUPIED,99-7392-671
U-5RYJU5VUZANX,CA-WA-00000098,36F,CONDO_UNIT,938.0,3,OWNER_OCCUPIED,96-3441-468
U-WPA4RLUCDRUF,CA-WA-00000098,7E,CONDO_UNIT,1268.0,4,OWNER_OCCUPIED,90-2672-907
U-84O5LYBEHG1M,CA-WA-00000098,35F,CONDO_UNIT,2478.0,4,OWNER_OCCUPIED,75-6242-769
U-WDEQMBKOB1T3,CA-WA-00000098,22A,CONDO_UNIT,1840.0,2,OWNER_OCCUPIED,32-2170-566
U-QN3PDRV2I4BE,CA-WA-00000098,30H,CONDO_UNIT,3147.0,4,OWNER_OCCUPIED,21-8890-892
U-7HH0SI33CL2H,CA-WA-00000098,3B,CONDO_UNIT,907.0,2,VACANT,46-3956-233
U-8JVVHFZKV5AA,CA-WA-00000098,36A,CONDO_UNIT,1750.0,3,OWNER_OCCUPIED,68-7926-337
U-QZSGTZFLWW58,CA-WA-00000098,20C,CONDO_UNIT,934.0,2,OWNER_OCCUPIED,84-2369-360
U-G92JBGST6XY9,CA-WA-00000098,33E,CONDO_UNIT,3006.0,2,OWNER_OCCUPIED,58-2799-358
U-A11JJ385A9GU,CA-WA-00000098,38H,CONDO_UNIT,2847.0,3,VACANT,30-2194-107
U-P6THQI568HJG,CA-WA-00000098,29A,CONDO_UNIT,1643.0,2,OWNER_OCCUPIED,67-2695-206
U-CF06YOQHQ9Y8,CA-WA-00000098,5H,CONDO_UNIT,1287.0,3,RENTED,42-7226-473
U-PJO0N2DCZBI0,CA-WA-00000098,26F,CONDO_UNIT,1615.0,5,OWNER_OCCUPIED,67-9753-476
U-B76GIN1XWXBN,CA-WA-00000098,21A,CONDO_UNIT,1627.0,2,RENTED,37-8048-479
U-Y81HR62WLYMC,CA-WA-00000098,9D,CONDO_UNIT,868.0,2,OWNER_OCCUPIED,34-2694-950
U-0HTJH7ZOC3GY,CA-WA-00000098,35E,CONDO_UNIT,2558.0,3,OWNER_OCCUPIED,90-8432-945
U-M1WT4A7CCDMB,CA-WA-00000098,11F,CONDO_UNIT,3054.0,2,RENTED,22-1191-548
U-UYSR6VTB9KOJ,CA-WA-00000098,16H,CONDO_UNIT,2906.0,2,OWNER_OCCUPIED,14-7865-320
U-INWPFF2XZDT9,CA-WA-00000098,12H,CONDO_UNIT,948.0,4,RENTED,94-2300-821
U-X1GZDCZT8SI6,CA-WA-00000098,14E,CONDO_UNIT,1357.0,2,OWNER_OCCUPIED,14-2727-940
U-R3NDY8IHI5O6,CA-WA-00000098,29G,CONDO_UNIT,2769.0,1,RENTED,97-6677-913
U-OM4LWAWR18ZA,CA-WA-00000098,10H,CONDO_UNIT,2678.0,3,OWNER_OCCUPIED,79-8890-791
U-RE8PWE72T07P,CA-WA-00000098,25F,CONDO_UNIT,2266.0,4,OWNER_OCCUPIED,61-4527-150
U-QZQQ24WD85YW,CA-WA-00000098,13B,CONDO_UNIT,1672.0,3,RENTED,30-8994-390
U-8958F8EJN23W,CA-WA-00000098,13C,CONDO_UNIT,2965.0,2,OWNER_OCCUPIED,60-4227-300
U-A29LZU3VQVT3,CA-WA-00000098,20H,CONDO_UNIT,2296.0,3,RENTED,46-9361-471
U-WL9I9A2S1TLB,CA-WA-00000098,25E,CONDO_UNIT,,2,RENTED,93-7284-798
U-F81YBM6M9D1V,CA-WA-00000098,30C,CONDO_UNIT,1300.0,3,OWNER_OCCUPIED,
U-9WPLNCOQT2CR,CA-WA-00000098,30D,CONDO_UNIT,2897.0,1,OWNER_OCCUPIED,85-7111-941
U-PL4Y4OML62GX,CA-WA-00000098,8A,CONDO_UNIT,2196.0,2,OWNER_OCCUPIED,41-6334-848
U-PBXNMYNSD45D,CA-WA-00000098,7H,CONDO_UNIT,,5,OWNER_OCCUPIED,23-2752-588
U-PI0YVBQFQZA2,CA-WA-00000098,5C,CONDO_UNIT,1334.0,2,RENTED,41-3236-766
U-29SM9X5ANQCS,CA-WA-00000098,10E,CONDO_UNIT,810.0,2,OWNER_OCCUPIED,82-2070-582
U-552AOL5TU2K1,CA-WA-00000098,31E,CONDO_UNIT,3009.0,2,OWNER_OCCUPIED,87-7899-529
U-6TU1HW8I4367,CA-WA-00000098,31D,CONDO_UNIT,1974.0,3,VACANT,78-6038-765
U-UACYRVHM2F5Z,CA-WA-00000098,24F,CONDO_UNIT,960.0,2,RENTED,47-4755-405
U-4TO05DDQQOIG,CA-WA-00000098,18C,CONDO_UNIT,2995.0,4,RENTED,21-4471-805
U-5BZF0ZRFOGLT,CA-WA-00000098,8F,CONDO_UNIT,1359.0,3,OWNER_OCCUPIED,
U-9DVTN4MC5MWC,CA-WA-00000098,19G,CONDO_UNIT,867.0,3,OWNER_OCCUPIED,40-2888-373
U-HQYLSV0Z3OLL,CA-WA-00000098,6B,CONDO_UNIT,1152.0,3,RENTED,31-1899-570
U-B4R0FWNH2LNH,CA-FL-00000099,100,TOWNHOME,1900.0,2,OWNER_OCCUPIED,75-9767-804
U-M8VZ5WIWRGP4,CA-FL-00000099,101,TOWNHOME,2590.0,5,RENTED,68-1172-659
U-IXZTDNRMQISP,CA-FL-00000099,102,TOWNHOME,2074.0,3,OWNER_OCCUPIED,36-6372-406
U-ZX6FU76ZWXOU,CA-FL-00000099,103,TOWNHOME,,1,OWNER_OCCUPIED,60-9620-270
U-Y0U41KSUV49H,CA-FL-00000099,104,TOWNHOME,2561.0,3,VACANT,52-7040-467
U-9TGJTAOEVLK5,CA-FL-00000099,105,SINGLE_FAMILY,1163.0,3,OWNER_OCCUPIED,
U-90S77FDZL5L3,CA-FL-00000099,106,SINGLE_FAMILY,1318.0,4,OWNER_OCCUPIED,59-6681-946
U-3VXE66CTBBIT,CA-FL-00000099,107,SINGLE_FAMILY,2503.0,2,OWNER_OCCUPIED,16-1148-937
U-BCSQWV2YKXKQ,CA-FL-00000099,108,SINGLE_FAMILY,1311.0,5,OWNER_OCCUPIED,59-5661-136
U-N7OWS5JZLKQO,CA-FL-00000099,109,TOWNHOME,,3,OWNER_OCCUPIED,66-2846-272
U-UDRPCMSQCLB5,CA-FL-00000099,110,TOWNHOME,1097.0,2,OWNER_OCCUPIED,97-6307-301
U-FTYGR30VICV8,CA-FL-00000099,111,SINGLE_FAMILY,1046.0,4,OWNER_OCCUPIED,16-2612-933
U-FI9J0R7WUN1T,CA-FL-00000099,112,TOWNHOME,3059.0,4,RENTED,30-7611-947
U-3LFTUVVSBK58,CA-FL-00000099,113,SINGLE_FAMILY,924.0,3,RENTED,24-7131-719
U-7ZQ2KJ8YJR06,CA-FL-00000099,114,SINGLE_FAMILY,2560.0,3,OWNER_OCCUPIED,24-5647-471
U-AOZXYWAKP7F0,CA-FL-00000099,115,TOWNHOME,2164.0,2,OWNER_OCCUPIED,96-4054-887
U-9Z27AFWTZKGV,CA-FL-00000099,116,TOWNHOME,2609.0,4,OWNER_OCCUPIED,29-5510-356
U-7KOHGQTZ0K2H,CA-FL-00000099,117,SINGLE_FAMILY,2439.0,3,OWNER_OCCUPIED,77-6183-254
U-RG2FN8QJA41O,CA-FL-00000099,118,TOWNHOME,2437.0,3,OWNER_OCCUPIED,47-5520-781
U-Z4QC6KM6CBM8,CA-FL-00000099,119,SINGLE_FAMILY,2647.0,4,OWNER_OCCUPIED,58-2360-764
U-IN6Y8QNOBVDW,CA-FL-00000099,120,SINGLE_FAMILY,1322.0,2,RENTED,34-8186-636
U-H5CWHYZY1OU8,CA-FL-00000099,121,TOWNHOME,857.0,4,OWNER_OCCUPIED,27-4782-201
U-L7TJ2C8RL2H7,CA-FL-00000099,122,TOWNHOME,1035.0,3,RENTED,24-1595-734
U-SGK1W18RI65H,CA-FL-00000099,123,TOWNHOME,905.0,2,OWNER_OCCUPIED,78-2372-898
U-0PVYEPZNI89F,CA-FL-00000099,124,TOWNHOME,1081.0,2,OWNER_OCCUPIED,28-3434-363
U-5UM8NTD2GBRG,CA-FL-00000099,125,TOWNHOME,756.0,3,OWNER_OCCUPIED,44-4537-226
U-IZAOIRCY47C1,CA-FL-00000099,126,SINGLE_FAMILY,1308.0,3,OWNER_OCCUPIED,
U-IAA5I7BJPFQH,CA-FL-00000099,127,SINGLE_FAMILY,2547.0,3,RENTED,46-7944-788
U-FP0YWTI40DVQ,CA-FL-00000099,128,TOWNHOME,2561.0,4,OWNER_OCCUPIED,57-4357-899
U-RKQK54MW66SO,CA-FL-00000099,129,TOWNHOME,2741.0,3,OWNER_OCCUPIED,81-7006-190
U-2PTHO30VLDV9,CA-FL-00000099,130,TOWNHOME,,4,OWNER_OCCUPIED,21-7262-995
U-NZX6XDAH1SWN,CA-FL-00000099,131,TOWNHOME,2586.0,2,RENTED,72-9684-682
U-7VOFHJ9D94GL,CA-FL-00000099,132,SINGLE_FAMILY,692.0,2,OWNER_OCCUPIED,10-8502-232
U-4408LN27241M,CA-FL-00000099,133,SINGLE_FAMILY,1516.0,3,RENTED,19-4550-906
U-7HUV7NRVRYZN,CA-FL-00000099,134,TOWNHOME,2367.0,2,VACANT,86-3621-418
U-A2OB3D92IOFO,CA-FL-00000099,135,SINGLE_FAMILY,1006.0,1,OWNER_OCCUPIED,
U-ZJE2ST3VJQCD,CA-FL-00000099,136,SINGLE_FAMILY,2312.0,1,OWNER_OCCUPIED,77-6463-698
U-IBE4LMU6H20F,CA-FL-00000099,137,TOWNHOME,2421.0,5,OWNER_OCCUPIED,79-1424-224
U-WZBWMU0V0KPT,CA-FL-00000099,138,TOWNHOME,2664.0,2,OWNER_OCCUPIED,32-1219-147
U-4M3LGTHOPSNT,CA-FL-00000099,139,TOWNHOME,3187.0,3,OWNER_OCCUPIED,39-1481-253
U-S8C0L5DSCAJJ,CA-FL-00000099,140,TOWNHOME,1928.0,2,RENTED,78-3160-451
U-C17ZGKP8R4CU,CA-FL-00000099,141,TOWNHOME,1482.0,5,RENTED,57-8222-851
U-P5AKNJJMC6SP,CA-FL-00000099,142,TOWNHOME,1466.0,2,RENTED,92-5454-844
U-W3XBWR92N94F,CA-FL-00000099,143,SINGLE_FAMILY,2424.0,2,OWNER_OCCUPIED,12-1879-234
U-TXIKAHGWOUF0,CA-FL-00000100,100,TOWNHOME,1168.0,3,OWNER_OCCUPIED,52-3501-969
U-YSP3RV4SD1H1,CA-FL-00000100,101,TOWNHOME,974.0,3,OWNER_OCCUPIED,11-4105-537
U-BPTQE2PMSVRZ,CA-FL-00000100,102,TOWNHOME,1303.0,3,OWNER_OCCUPIED,84-4440-211
U-WXSONGDI8SPO,CA-FL-00000100,103,TOWNHOME,727.0,2,OWNER_OCCUPIED,11-5604-375
U-34NBBOHWAL1D,CA-FL-00000100,104,TOWNHOME,2846.0,3,RENTED,86-7344-811
U-0RGGP0CJFNE1,CA-FL-00000100,105,TOWNHOME,3011.0,3,OWNER_OCCUPIED,41-5790-803
U-E63EEEHGX1D8,CA-FL-00000100,106,TOWNHOME,1401.0,3,VACANT,96-6884-929
U-UG9IF9JL3ZQU,CA-FL-00000100,107,TOWNHOME,1359.0,2,OWNER_OCCUPIED,79-7903-774
U-D7LSY2SQFPJT,CA-FL-00000100,108,TOWNHOME,1857.0,4,OWNER_OCCUPIED,67-3144-153
U-T0SSY8DAO5OX,CA-FL-00000100,109,TOWNHOME,974.0,3,OWNER_OCCUPIED,65-5215-239
U-LBNNFQMV8TEY,CA-FL-00000100,110,TOWNHOME,3140.0,3,RENTED,90-2959-447
U-N6ZG8KPXMXSQ,CA-FL-00000100,111,TOWNHOME,2046.0,3,OWNER_OCCUPIED,65-2042-225
U-7HZN540WSP0A,CA-FL-00000100,112,TOWNHOME,2717.0,4,OWNER_OCCUPIED,81-8320-266
U-6XBE9QZJWMJM,CA-FL-00000100,113,TOWNHOME,,4,RENTED,95-2034-636
U-PFTLO5WX4VM3,CA-FL-00000100,114,TOWNHOME,712.0,2,OWNER_OCCUPIED,13-4312-255
U-KA4HRAIT2MJX,CA-FL-00000100,115,TOWNHOME,1919.0,3,OWNER_OCCUPIED,70-7761-878
U-9SLPS19WGXOK,CA-FL-00000100,116,TOWNHOME,1676.0,2,OWNER_OCCUPIED,92-1537-672
U-JG57BD1WISMJ,CA-FL-00000100,117,TOWNHOME,,1,OWNER_OCCUPIED,11-6919-961
U-ZSKIZLW00N25,CA-FL-00000100,118,TOWNHOME,,4,OWNER_OCCUPIED,55-1326-296
U-8JVYL4ZLS49D,CA-FL-00000100,119,TOWNHOME,1103.0,4,RENTED,94-5518-107
U-AVHXQL9T274O,CA-FL-00000100,120,TOWNHOME,1779.0,2,OWNER_OCCUPIED,72-6140-141
U-F4TXGO1DKCQ4,CA-FL-00000100,121,TOWNHOME,2811.0,2,OWNER_OCCUPIED,85-2947-184
U-PDIJ1KGCVKD5,CA-FL-00000100,122,TOWNHOME,,3,OWNER_OCCUPIED,23-1734-257
U-W1XHVNWYC83I,CA-FL-00000100,123,TOWNHOME,2347.0,2,OWNER_OCCUPIED,81-4790-263
U-TJBBQ4OXV8YG,CA-FL-00000100,124,TOWNHOME,1707.0,3,RENTED,17-1847-797
U-5EMYOHZJH8GD,CA-FL-00000100,125,TOWNHOME,2868.0,3,VACANT,19-9718-339
U-E65I0M2AJ0TJ,CA-FL-00000100,126,TOWNHOME,1880.0,2,RENTED,55-6883-379
U-82LW1XYLNKLO,CA-FL-00000100,127,TOWNHOME,749.0,3,RENTED,95-5090-996
U-JWXFUKTN81HC,CA-FL-00000100,128,TOWNHOME,668.0,3,OWNER_OCCUPIED,61-3121-339
U-7IF49VIAEQA4,CA-FL-00000100,129,TOWNHOME,3124.0,3,RENTED,
U-00Y06JCDBQZ6,CA-FL-00000100,130,TOWNHOME,2869.0,4,OWNER_OCCUPIED,65-3561-735
U-SVVSGS1GW8PM,CA-FL-00000100,131,TOWNHOME,714.0,2,OWNER_OCCUPIED,54-2982-258
U-QVC71S9622O2,CA-FL-00000100,132,TOWNHOME,2814.0,3,OWNER_OCCUPIED,45-4500-159
U-LNHMYUN6ANK7,CA-FL-00000100,133,TOWNHOME,2155.0,2,OWNER_OCCUPIED,83-6467-936
U-SZLZAFAHUG8O,CA-FL-00000100,134,TOWNHOME,2676.0,1,OWNER_OCCUPIED,56-5115-223
U-SYYJWYW39RO0,CA-FL-00000100,135,TOWNHOME,2598.0,2,OWNER_OCCUPIED,22-2564-146
U-38YVUALR668S,CA-FL-00000100,136,TOWNHOME,3130.0,1,OWNER_OCCUPIED,49-1857-377
U-X3PHJCPI5IH1,CA-TX-00000101,100,SINGLE_FAMILY,961.0,3,OWNER_OCCUPIED,91-9730-694
U-N6LJMEE1R0W2,CA-TX-00000101,101,SINGLE_FAMILY,2361.0,2,RENTED,91-8589-754
U-KZKA3E06VHRU,CA-TX-00000101,102,SINGLE_FAMILY,1329.0,5,OWNER_OCCUPIED,40-2107-446
U-QPMK5ILDIJVW,CA-TX-00000101,103,TOWNHOME,2223.0,4,RENTED,27-8043-550
U-LIX5BLGU82FN,CA-TX-00000101,104,SINGLE_FAMILY,2695.0,3,RENTED,74-1377-499
U-9BO3PHJ071V7,CA-TX-00000101,105,TOWNHOME,2520.0,3,VACANT,50-8227-495
U-O2A17GYAFH8U,CA-TX-00000101,106,SINGLE_FAMILY,799.0,1,OWNER_OCCUPIED,92-6977-814
U-HHM5WKAUXGIL,CA-TX-00000101,107,SINGLE_FAMILY,2016.0,2,RENTED,71-2036-385
U-S8NJUKFT1F1B,CA-TX-00000101,108,TOWNHOME,1554.0,4,VACANT,60-8624-630
U-X7FQGMQQFW3S,CA-TX-00000101,109,SINGLE_FAMILY,2336.0,3,RENTED,95-8877-410
U-TNU3SWNHGNHI,CA-TX-00000101,110,TOWNHOME,,2,RENTED,60-1741-585
U-XQMBCXBN9VB6,CA-TX-00000101,111,SINGLE_FAMILY,2796.0,3,OWNER_OCCUPIED,39-1856-388
U-KV0DPDINTHWI,CA-TX-00000101,112,SINGLE_FAMILY,1985.0,3,RENTED,47-7061-951
U-MX5GRQB7UKLA,CA-TX-00000101,113,SINGLE_FAMILY,2164.0,2,OWNER_OCCUPIED,70-9581-574
U-9W7I5SNHPM49,CA-TX-00000101,114,SINGLE_FAMILY,3148.0,3,OWNER_OCCUPIED,87-7384-542
U-6GDGY87QTHQU,CA-TX-00000101,115,TOWNHOME,,4,OWNER_OCCUPIED,14-6121-787
U-QOZ36SY0OCUL,CA-TX-00000102,15B,CONDO_UNIT,2096.0,1,OWNER_OCCUPIED,92-9463-652
U-NW6I51WGL621,CA-TX-00000102,39D,CONDO_UNIT,1082.0,4,OWNER_OCCUPIED,41-2977-905
U-0G75XMD2WFHK,CA-TX-00000102,15B,CONDO_UNIT,2194.0,2,VACANT,89-9470-169
U-PKS337J5ZE5L,CA-TX-00000102,1D,CONDO_UNIT,936.0,4,OWNER_OCCUPIED,83-6446-869
U-KFSYV2HM1H9X,CA-TX-00000102,38E,CONDO_UNIT,1819.0,3,VACANT,48-6217-567
U-93HLCXJPO95A,CA-TX-00000102,35D,CONDO_UNIT,1701.0,2,RENTED,10-8974-838
U-20G15MFL86IJ,CA-TX-00000102,36H,CONDO_UNIT,2145.0,4,OWNER_OCCUPIED,43-2929-293
U-TZ8SUM6ZV606,CA-TX-00000102,26C,CONDO_UNIT,,2,VACANT,53-3188-883
U-SNX1NPHDWTJQ,CA-TX-00000102,18H,CONDO_UNIT,2211.0,5,OWNER_OCCUPIED,86-1127-577
U-OMN6A1L9HOOP,CA-TX-00000102,34E,CONDO_UNIT,2354.0,2,OWNER_OCCUPIED,94-9700-745
U-WV5XYANUFVVF,CA-TX-00000102,19F,CONDO_UNIT,,2,OWNER_OCCUPIED,43-9849-208
U-4V7D4RIBCRCG,CA-TX-00000102,27D,CONDO_UNIT,2767.0,5,OWNER_OCCUPIED,75-7943-299
U-JD16DUPWDPEK,CA-TX-00000102,23A,CONDO_UNIT,922.0,2,OWNER_OCCUPIED,60-9538-387
U-MNP574J926SW,CA-TX-00000102,14D,CONDO_UNIT,1678.0,2,RENTED,76-6219-955
U-S4F0SWYQ7QNA,CA-TX-00000102,27A,CONDO_UNIT,2797.0,1,OWNER_OCCUPIED,37-4413-266
U-0Y8ND2YLXDYQ,CA-TX-00000102,28D,CONDO_UNIT,2592.0,3,RENTED,12-6904-976
U-YSJJEFSRDKDE,CA-TX-00000102,33H,CONDO_UNIT,,2,OWNER_OCCUPIED,96-5256-373
U-0F8SKE5NTXYB,CA-TX-00000102,40F,CONDO_UNIT,2417.0,3,OWNER_OCCUPIED,83-5005-440
U-9EQ5QFTSGQOL,CA-TX-00000102,18E,CONDO_UNIT,2414.0,2,RENTED,47-7468-625
U-BIAAO8X881PD,CA-TX-00000102,35A,CONDO_UNIT,2794.0,4,OWNER_OCCUPIED,11-9093-113
U-QSK3YKKDE1J1,CA-TX-00000102,17E,CONDO_UNIT,3020.0,3,OWNER_OCCUPIED,86-7816-835
U-KNJWBAYSRN5L,CA-TX-00000102,14E,CONDO_UNIT,1222.0,3,RENTED,18-6001-675
U-US3AAAEBVG0B,CA-TX-00000102,8D,CONDO_UNIT,1196.0,3,OWNER_OCCUPIED,82-2785-973
U-KTQ4H54P8ZC5,CA-TX-00000102,39F,CONDO_UNIT,2317.0,3,OWNER_OCCUPIED,62-1854-648
U-T5AT9HNUNHLK,CA-TX-00000102,29F,CONDO_UNIT,2862.0,2,OWNER_OCCUPIED,82-6454-584
U-K1QGQ322UNZV,CA-TX-00000102,33A,CONDO_UNIT,,4,RENTED,18-5743-177
U-F38A4SJU0ENU,CA-TX-00000102,32C,CONDO_UNIT,2608.0,3,OWNER_OCCUPIED,56-7370-573
U-21S0GDGVPXRG,CA-TX-00000102,17E,CONDO_UNIT,1426.0,3,OWNER_OCCUPIED,43-3962-185
U-KL4BLQJ6276Y,CA-TX-00000102,27E,CONDO_UNIT,1052.0,2,OWNER_OCCUPIED,89-6397-632
U-LF8NE229QDVK,CA-TX-00000102,17C,CONDO_UNIT,1705.0,3,OWNER_OCCUPIED,40-6429-596
U-SND6TLD858A5,CA-TX-00000102,9A,CONDO_UNIT,1486.0,3,RENTED,27-1429-723
U-N5MBM7WEU937,CA-TX-00000102,5A,CONDO_UNIT,2394.0,2,OWNER_OCCUPIED,60-1573-579
U-O1PWEYF5G52S,CA-TX-00000102,9D,CONDO_UNIT,1776.0,2,RENTED,67-6034-591
U-BURSEIYC72IN,CA-TX-00000103,100,TOWNHOME,3104.0,4,OWNER_OCCUPIED,42-3738-294
U-E6XQ2Q3HIHZD,CA-TX-00000103,101,TOWNHOME,837.0,2,OWNER_OCCUPIED,41-6450-849
U-UI1SO4CXLC3J,CA-TX-00000103,102,TOWNHOME,3062.0,2,OWNER_OCCUPIED,19-6531-447
U-7SQ2498FG4N6,CA-TX-00000103,103,SINGLE_FAMILY,983.0,3,RENTED,28-9119-758
U-2K3PMM7TIN8Y,CA-TX-00000103,104,TOWNHOME,,2,RENTED,24-7578-616
U-GSGVJMJIKPEJ,CA-TX-00000103,105,SINGLE_FAMILY,1832.0,4,OWNER_OCCUPIED,
U-JU0VHIINPBM5,CA-TX-00000103,106,SINGLE_FAMILY,1596.0,2,VACANT,27-4578-645
U-1B5AM2C91J0T,CA-TX-00000103,107,SINGLE_FAMILY,777.0,3,OWNER_OCCUPIED,78-6078-955
U-V4PSV8JS1PKP,CA-TX-00000103,108,SINGLE_FAMILY,1466.0,2,RENTED,71-2634-995
U-EFFRA8UXIMIX,CA-TX-00000103,109,SINGLE_FAMILY,1513.0,3,RENTED,97-1638-175
U-FXDU6Q50AELH,CA-TX-00000103,110,SINGLE_FAMILY,2817.0,1,OWNER_OCCUPIED,50-5059-772
U-755MCT30JHNW,CA-TX-00000103,111,SINGLE_FAMILY,2428.0,2,OWNER_OCCUPIED,53-1184-753
U-YGCSSIB6M2R7,CA-TX-00000103,112,TOWNHOME,2206.0,4,OWNER_OCCUPIED,81-7504-938
U-52C4XA72YFUG,CA-TX-00000103,113,TOWNHOME,2059.0,2,RENTED,39-9889-265
U-7DT9O49WJ3G3,CA-TX-00000103,114,SINGLE_FAMILY,3019.0,2,RENTED,49-2902-104
U-0SQ7R50PV9U3,CA-TX-00000103,115,TOWNHOME,892.0,3,OWNER_OCCUPIED,44-3646-563
U-6VD7WBQE7XYW,CA-TX-00000103,116,TOWNHOME,2409.0,2,OWNER_OCCUPIED,33-1604-355
U-MULQD7GMON5A,CA-TX-00000103,117,SINGLE_FAMILY,1661.0,2,RENTED,36-9363-823
U-BYAUUUFF1F7W,CA-TX-00000103,118,TOWNHOME,695.0,2,OWNER_OCCUPIED,45-6218-887
U-VFIO1KXEZPOI,CA-TX-00000103,119,SINGLE_FAMILY,2333.0,1,OWNER_OCCUPIED,84-5593-360
U-F8WALK1CFQMN,CA-TX-00000103,120,TOWNHOME,3089.0,2,OWNER_OCCUPIED,53-6981-718
U-TDLW0DLL3I6G,CA-TX-00000103,121,SINGLE_FAMILY,1453.0,2,OWNER_OCCUPIED,40-6223-972
U-OFAW4UD35ENM,CA-TX-00000103,122,TOWNHOME,777.0,5,OWNER_OCCUPIED,97-6588-413
U-UI85QS6Y9H2X,CA-TX-00000103,123,TOWNHOME,1048.0,3,OWNER_OCCUPIED,74-7457-302
U-12C3PJGXJ8EC,CA-TX-00000103,124,TOWNHOME,,3,RENTED,29-2516-370
U-4DZV22KFFJTC,CA-TX-00000103,125,SINGLE_FAMILY,694.0,2,RENTED,64-4191-313
U-ACGSV5BGJLTE,CA-TX-00000103,126,SINGLE_FAMILY,1647.0,4,RENTED,20-6753-140
U-L3NYDVOCRO11,CA-TX-00000103,127,TOWNHOME,1726.0,3,OWNER_OCCUPIED,64-2660-919
U-BD09ZXL6P43S,CA-TX-00000103,128,TOWNHOME,930.0,3,OWNER_OCCUPIED,36-3127-910
U-16RG2DPTWYDK,CA-TX-00000103,129,SINGLE_FAMILY,2796.0,3,RENTED,79-9901-335
U-T7X5YC7KLY95,CA-TX-00000103,130,TOWNHOME,2148.0,3,OWNER_OCCUPIED,29-7082-378
U-E307N17LG3UA,CA-TX-00000103,131,SINGLE_FAMILY,2475.0,2,VACANT,51-3771-960
U-26G6I9DDG6HF,CA-TX-00000103,132,TOWNHOME,2430.0,3,OWNER_OCCUPIED,71-1837-987
U-N3FLZ1SY8Y4L,CA-TX-00000103,133,TOWNHOME,2599.0,3,OWNER_OCCUPIED,62-4814-837
U-SCSI6EUQP2X5,CA-TX-00000103,134,SINGLE_FAMILY,2978.0,3,OWNER_OCCUPIED,53-2488-834
U-EQ35SF24PM8M,CA-CO-00000104,39D,CONDO_UNIT,891.0,3,OWNER_OCCUPIED,51-8874-497
U-TET7V9P79ZWN,CA-CO-00000104,23F,CONDO_UNIT,3056.0,2,RENTED,81-2257-519
U-XEQF1EZJLM5D,CA-CO-00000104,31A,CONDO_UNIT,2755.0,5,OWNER_OCCUPIED,17-1280-986
U-MFW5Q5KCD75X,CA-CO-00000104,22A,CONDO_UNIT,914.0,3,OWNER_OCCUPIED,74-1892-942
U-ZPQCT2FZTHLQ,CA-CO-00000104,4D,CONDO_UNIT,2062.0,2,OWNER_OCCUPIED,74-7919-103
U-RRSZ1BD7BZY6,CA-CO-00000104,16C,CONDO_UNIT,700.0,3,OWNER_OCCUPIED,
U-YNQPOU01397J,CA-CO-00000104,40C,CONDO_UNIT,2442.0,2,OWNER_OCCUPIED,51-9667-380
U-C1FF6CATJQB4,CA-CO-00000104,6F,CONDO_UNIT,1019.0,2,RENTED,14-9980-144
U-O2OCS9VALNIW,CA-CO-00000104,8B,CONDO_UNIT,2512.0,2,RENTED,94-4872-136
U-SNIC5D5RWAVC,CA-CO-00000104,9C,CONDO_UNIT,2840.0,2,OWNER_OCCUPIED,78-4009-803
U-6696JA5TXW7S,CA-CO-00000104,1G,CONDO_UNIT,2183.0,2,OWNER_OCCUPIED,54-8916-495
U-5CHPDDEBW0IG,CA-CO-00000104,30C,CONDO_UNIT,1126.0,3,OWNER_OCCUPIED,48-7591-908
U-83VLJUUPWIAT,CA-CO-00000104,24A,CONDO_UNIT,2435.0,3,OWNER_OCCUPIED,54-4331-801
U-O682PN30OPB7,CA-CO-00000104,30F,CONDO_UNIT,966.0,5,OWNER_OCCUPIED,42-9613-319
U-L14O1DIRLPTP,CA-CO-00000104,40F,CONDO_UNIT,1772.0,2,RENTED,81-6586-290
U-0DQOJMUBD154,CA-CO-00000104,4G,CONDO_UNIT,2545.0,3,OWNER_OCCUPIED,60-3508-697
U-N4NSAC9WKFXV,CA-CO-00000104,19H,CONDO_UNIT,2228.0,2,OWNER_OCCUPIED,75-6594-329
U-CYZ51BIQ3RPN,CA-CO-00000104,29B,CONDO_UNIT,2241.0,2,OWNER_OCCUPIED,32-4986-534
U-JURVMEOZF6ML,CA-CO-00000104,27C,CONDO_UNIT,1659.0,1,RENTED,44-3864-972
U-NBM0H2HWSJ5S,CA-CO-00000104,2G,CONDO_UNIT,,2,OWNER_OCCUPIED,49-9404-590
U-LHB70F3SYDCV,CA-CO-00000104,18G,CONDO_UNIT,1391.0,2,OWNER_OCCUPIED,31-8805-430
U-1YHBQZKCKW1Q,CA-CO-00000104,38G,CONDO_UNIT,2533.0,2,OWNER_OCCUPIED,60-2359-838
U-COJAGQYJ9CVS,CA-CO-00000104,25B,CONDO_UNIT,2482.0,2,RENTED,80-2985-361
U-XM07CWXJBA0B,CA-CO-00000104,38F,CONDO_UNIT,1912.0,4,RENTED,68-3877-514
U-R8YCFUKJFCJW,CA-CO-00000104,28A,CONDO_UNIT,2346.0,3,RENTED,61-3450-125
U-ZWWCP8TJVQ52,CA-NV-00000105,16G,CONDO_UNIT,809.0,3,OWNER_OCCUPIED,75-7393-561
U-TYBC6HG1AMMD,CA-NV-00000105,36B,CONDO_UNIT,1514.0,5,OWNER_OCCUPIED,16-3016-786
U-M1L8OOXVDRH7,CA-NV-00000105,37F,CONDO_UNIT,2493.0,2,OWNER_OCCUPIED,
U-JMNIU4BM1UOX,CA-NV-00000105,18B,CONDO_UNIT,3007.0,4,RENTED,95-5257-290
U-20R5PCZEKF82,CA-NV-00000105,32D,CONDO_UNIT,747.0,2,OWNER_OCCUPIED,72-7621-569
U-PI6E1BYJ4BOE,CA-NV-00000105,26E,CONDO_UNIT,3125.0,2,OWNER_OCCUPIED,59-2327-862
U-5DP4SE5T42PE,CA-NV-00000105,19D,CONDO_UNIT,2397.0,3,VACANT,54-2858-784
U-CDDKSWZ7UMEN,CA-NV-00000105,16A,CONDO_UNIT,1122.0,3,RENTED,73-2858-957
U-T9VG4ONEOMA9,CA-NV-00000105,19E,CONDO_UNIT,,3,RENTED,95-5158-929
U-J6UFWO70WBUQ,CA-NV-00000105,33D,CONDO_UNIT,3112.0,2,RENTED,40-6447-268
U-7JTBXWYODFCM,CA-NV-00000105,25G,CONDO_UNIT,1262.0,2,OWNER_OCCUPIED,24-6792-720
U-YXF7X98YVL5J,CA-NV-00000105,12G,CONDO_UNIT,1812.0,2,VACANT,75-8248-272
U-0ORS3AVPM17C,CA-NV-00000105,13C,CONDO_UNIT,3152.0,1,VACANT,69-2860-344
U-PXTK87G32I8U,CA-NV-00000105,39H,CONDO_UNIT,1368.0,3,RENTED,21-4474-419
U-MBKUFCRJO51W,CA-NV-00000105,20G,CONDO_UNIT,2459.0,2,RENTED,60-5017-372
U-B8FY7V24Q0KP,CA-NV-00000105,34D,CONDO_UNIT,2545.0,2,RENTED,46-9113-186
U-LMMI9XDUUOOZ,CA-NV-00000105,17H,CONDO_UNIT,701.0,5,OWNER_OCCUPIED,12-8267-867
U-Y3JPYB056B5O,CA-NV-00000105,22A,CONDO_UNIT,915.0,3,RENTED,20-8103-301
U-MRAU5D6TOPNO,CA-NV-00000105,15C,CONDO_UNIT,,1,RENTED,86-6561-632
U-Z19JZP22040T,CA-NV-00000105,4A,CONDO_UNIT,2608.0,4,OWNER_OCCUPIED,21-5649-271
U-FO30PO3JI69Q,CA-NV-00000105,34F,CONDO_UNIT,1695.0,3,OWNER_OCCUPIED,28-8956-569
U-0HYHPIPB15MC,CA-NV-00000105,15C,CONDO_UNIT,1935.0,4,OWNER_OCCUPIED,93-8653-187
U-ST5JJ6GESEKX,CA-NV-00000105,31D,CONDO_UNIT,3199.0,1,RENTED,66-6736-871
U-8OSG3RJM7VUQ,CA-NV-00000105,27D,CONDO_UNIT,2769.0,4,OWNER_OCCUPIED,26-3165-313
U-6G1LWT7RMPPC,CA-NV-00000105,2D,CONDO_UNIT,1366.0,4,OWNER_OCCUPIED,30-8187-661
U-C5AU9QZHJS76,CA-NV-00000105,30H,CONDO_UNIT,2702.0,4,OWNER_OCCUPIED,34-7417-432
U-7LO0ZXYTUML5,CA-NV-00000105,33G,CONDO_UNIT,2643.0,2,OWNER_OCCUPIED,
U-A85HIL1B8W1P,CA-NV-00000105,15C,CONDO_UNIT,1772.0,4,OWNER_OCCUPIED,39-2636-334
U-XSR2QG8J23DW,CA-NV-00000105,24G,CONDO_UNIT,2007.0,3,RENTED,98-3047-658
U-CLJ25ISCFL15,CA-NV-00000105,6H,CONDO_UNIT,,3,OWNER_OCCUPIED,93-9130-487
U-DMI08WOJP2L7,CA-NV-00000105,30G,CONDO_UNIT,1184.0,4,OWNER_OCCUPIED,50-1025-427
U-24AUD0RWOWKT,CA-NV-00000105,15D,CONDO_UNIT,2741.0,2,OWNER_OCCUPIED,37-8691-196
U-DCSF5A0AM3V2,CA-NV-00000105,33C,CONDO_UNIT,902.0,1,OWNER_OCCUPIED,31-7906-477
U-0DT79T65SCUM,CA-NV-00000105,7E,CONDO_UNIT,2286.0,2,OWNER_OCCUPIED,35-6426-946
U-7Y2GU7VLDQRH,CA-NV-00000105,14C,CONDO_UNIT,2597.0,3,RENTED,24-4985-196
U-STIMT6714SI9,CA-NV-00000105,27E,CONDO_UNIT,2573.0,2,OWNER_OCCUPIED,17-2454-344
U-R9MTCORKE0ND,CA-NV-00000105,38F,CONDO_UNIT,2499.0,2,OWNER_OCCUPIED,48-3396-125
U-OPDJJISLJA1U,CA-NV-00000105,28A,CONDO_UNIT,2652.0,3,RENTED,77-4200-688
U-GKX29DXWF6H3,CA-NV-00000105,10H,CONDO_UNIT,2862.0,3,RENTED,38-6165-113
U-MRI7Z5A37GVT,CA-NY-00000106,100,SINGLE_FAMILY,2311.0,2,VACANT,69-5756-207
U-ODZHROHYYI5J,CA-NY-00000106,101,TOWNHOME,819.0,5,RENTED,72-7191-669
U-XQJBTKZ1AW72,CA-NY-00000106,102,SINGLE_FAMILY,2103.0,2,RENTED,33-1840-736
U-PEGDWAXPCD6I,CA-NY-00000106,103,SINGLE_FAMILY,2937.0,1,RENTED,92-7178-750
U-GFEDFOPNHTRH,CA-NY-00000106,104,TOWNHOME,2602.0,3,RENTED,73-4880-406
U-TW43ID1M2E6Y,CA-NY-00000106,105,TOWNHOME,2968.0,3,OWNER_OCCUPIED,63-4474-667
U-4BI8U0J0S4W9,CA-NY-00000106,106,SINGLE_FAMILY,1132.0,2,OWNER_OCCUPIED,75-6668-486
U-U5S3K4602V02,CA-NY-00000106,107,SINGLE_FAMILY,,3,OWNER_OCCUPIED,20-9732-186
U-BX8UTT7CCB4Y,CA-NY-00000106,108,TOWNHOME,2125.0,3,VACANT,73-8865-355
U-UXSQKBXCSI0Z,CA-NY-00000106,109,SINGLE_FAMILY,767.0,2,RENTED,46-1627-655
U-I3ZZPI4YC1I3,CA-NY-00000106,110,SINGLE_FAMILY,1618.0,1,OWNER_OCCUPIED,36-4726-670
U-8Z0IC0PDFBY6,CA-NY-00000106,111,TOWNHOME,1483.0,2,VACANT,47-1855-960
U-R57RIG8C3TKS,CA-NY-00000106,112,TOWNHOME,2991.0,2,OWNER_OCCUPIED,95-5391-605
U-H2XP3GUFCCHC,CA-NY-00000106,113,SINGLE_FAMILY,,2,RENTED,62-3990-610
U-CE3FYWFJRXO3,CA-NY-00000106,114,SINGLE_FAMILY,701.0,1,OWNER_OCCUPIED,
U-GWMVRWJW9XYU,CA-NY-00000106,115,TOWNHOME,2471.0,1,OWNER_OCCUPIED,26-1929-388
U-LKEJHYV5POUI,CA-NY-00000106,116,TOWNHOME,1880.0,3,RENTED,50-3668-102
U-61T9HXCJHWDF,CA-NY-00000106,117,TOWNHOME,2412.0,1,OWNER_OCCUPIED,13-7991-419
U-HOK02QFYGXEB,CA-NY-00000106,118,SINGLE_FAMILY,2198.0,3,RENTED,72-4054-430
U-O1VPQ8OLMIJV,CA-NY-00000106,119,SINGLE_FAMILY,1906.0,3,OWNER_OCCUPIED,18-9429-188
U-SCR8VOG7FQE8,CA-NY-00000106,120,TOWNHOME,1828.0,3,RENTED,51-5902-401
U-GAYISDTFYT80,CA-NY-00000106,121,SINGLE_FAMILY,658.0,5,OWNER_OCCUPIED,93-6990-142
U-C0PS8B53CZJY,CA-NY-00000106,122,SINGLE_FAMILY,1711.0,2,RENTED,80-9848-221
U-0UTXSZGP0ZKE,CA-NY-00000106,123,TOWNHOME,2134.0,2,OWNER_OCCUPIED,12-3663-633
U-JUVNVLMX0HGF,CA-NY-00000106,124,SINGLE_FAMILY,2373.0,1,OWNER_OCCUPIED,58-9419-198
U-7X6EBNBW6GL5,CA-NY-00000106,125,SINGLE_FAMILY,1587.0,2,OWNER_OCCUPIED,26-4448-927
U-GV7AYR18X8VF,CA-NY-00000106,126,TOWNHOME,757.0,3,RENTED,39-1673-836
U-ULHHGEMW7DGZ,CA-NY-00000106,127,SINGLE_FAMILY,1971.0,2,OWNER_OCCUPIED,50-9026-605
U-CJ16CJ1WEAWA,CA-NY-00000106,128,TOWNHOME,1163.0,2,RENTED,57-9634-535
U-O0TTHXZ3VKUM,CA-NY-00000106,129,SINGLE_FAMILY,2201.0,5,RENTED,17-3481-811
U-5XV66SABJFIK,CA-NY-00000106,130,TOWNHOME,2134.0,4,RENTED,92-9684-402
U-5OHFSFYNCELQ,CA-NY-00000106,131,TOWNHOME,2216.0,2,VACANT,41-6327-501
U-6YX2VQLKJNQ2,CA-NY-00000106,132,TOWNHOME,1580.0,3,RENTED,73-4228-327
U-XB6E47FWDWLO,CA-NY-00000106,133,SINGLE_FAMILY,2640.0,3,OWNER_OCCUPIED,38-7903-442
U-QHIY5RV1APIF,CA-NY-00000106,134,SINGLE_FAMILY,1374.0,3,RENTED,12-1203-996
U-DATUC1LYIZN6,CA-NY-00000106,135,TOWNHOME,2147.0,3,OWNER_OCCUPIED,95-5252-178
U-2R9P3H0NLW7V,CA-NY-00000106,136,TOWNHOME,2957.0,3,OWNER_OCCUPIED,50-6073-809
U-KNWHBMPFL7ON,CA-NY-00000106,137,SINGLE_FAMILY,,2,OWNER_OCCUPIED,69-6718-555
U-5OII4XDLPG2T,CA-NY-00000106,138,TOWNHOME,1235.0,2,OWNER_OCCUPIED,59-3368-730
U-Z6NXSF0ZGJ4B,CA-NY-00000106,139,SINGLE_FAMILY,,4,OWNER_OCCUPIED,14-4422-441
U-GXW3U45L8B9G,CA-NY-00000106,140,TOWNHOME,1872.0,3,VACANT,80-5201-592
U-WQK16WM6DZTN,CA-NY-00000106,141,SINGLE_FAMILY,2491.0,3,RENTED,35-7263-503
U-MSXXEYIDQJX6,CA-NY-00000106,142,SINGLE_FAMILY,,1,OWNER_OCCUPIED,66-9933-974
U-82QCAM8QHTDX,CA-NY-00000106,143,TOWNHOME,3088.0,3,VACANT,54-2339-182
U-82JMRVWTZH36,CA-NY-00000106,144,TOWNHOME,1232.0,2,VACANT,92-9489-233
U-66S5J81GT2MV,CA-NY-00000106,145,SINGLE_FAMILY,881.0,2,RENTED,81-6155-763
U-83F0NW2XJC3P,CA-NY-00000106,146,SINGLE_FAMILY,1847.0,1,RENTED,15-5373-957
U-SOPYPSZRSOAE,CA-NY-00000106,147,TOWNHOME,985.0,3,OWNER_OCCUPIED,90-8911-225
U-3WH6PRAXKSBR,CA-NY-00000106,148,SINGLE_FAMILY,988.0,3,VACANT,20-7544-179
U-7EWP642IWPVY,CA-NY-00000106,149,SINGLE_FAMILY,828.0,3,RENTED,41-7761-565
U-ZEFA4RNRWGDE,CA-NY-00000106,150,TOWNHOME,2868.0,2,RENTED,98-1834-196
U-Z3AWPG8GKXD3,CA-NY-00000106,151,TOWNHOME,2873.0,1,RENTED,95-3301-314
U-M61SDPM0VGPC,CA-NY-00000106,152,TOWNHOME,2624.0,2,RENTED,14-2548-360
U-DFDIZVLOPPRC,CA-NY-00000106,153,TOWNHOME,1990.0,2,OWNER_OCCUPIED,17-7372-891
U-UXOOU5AU67P5,CA-NY-00000106,154,TOWNHOME,2103.0,2,OWNER_OCCUPIED,67-5235-151
U-YWY1ENMW8MW5,CA-NY-00000106,155,TOWNHOME,1840.0,4,RENTED,13-8690-147
U-WW1UAMBS7OAV,CA-NY-00000106,156,SINGLE_FAMILY,2420.0,2,OWNER_OCCUPIED,89-4209-687
U-2A2G7LEEIX3P,CA-NY-00000106,157,SINGLE_FAMILY,1549.0,2,OWNER_OCCUPIED,65-5110-758
U-AQ8FLFKY4ZE4,CA-NY-00000106,158,SINGLE_FAMILY,2253.0,3,VACANT,94-8424-247
U-PBHT3AX5672C,CA-CA-00000107,100,TOWNHOME,,3,OWNER_OCCUPIED,20-4340-186
U-LLDNZEFSQQAU,CA-CA-00000107,101,TOWNHOME,2498.0,3,OWNER_OCCUPIED,57-7897-128
U-7E47ZYNMXC1I,CA-CA-00000107,102,TOWNHOME,2204.0,2,OWNER_OCCUPIED,81-1543-152
U-F744NLDE4DLO,CA-CA-00000107,103,TOWNHOME,1786.0,3,RENTED,97-8149-614
U-6R6LPNEGF9FD,CA-CA-00000107,104,TOWNHOME,3079.0,5,OWNER_OCCUPIED,53-9491-353
U-CTDG7V3HKMYE,CA-CA-00000107,105,SINGLE_FAMILY,1983.0,3,OWNER_OCCUPIED,65-1081-666
U-RK3O7DCAIMFW,CA-CA-00000107,106,SINGLE_FAMILY,2039.0,1,OWNER_OCCUPIED,27-1401-775
U-TOYZ600II0QD,CA-CA-00000107,107,TOWNHOME,2125.0,2,RENTED,35-8852-243
U-C4T9HWMPFGMH,CA-CA-00000107,108,TOWNHOME,2483.0,2,RENTED,
U-GUUX1GMF9L37,CA-CA-00000107,109,TOWNHOME,1472.0,5,OWNER_OCCUPIED,35-9911-172
U-RYF3DW7G9SHC,CA-CA-00000107,110,TOWNHOME,1419.0,3,OWNER_OCCUPIED,86-7100-545
U-7X8KZCZ22FAD,CA-CA-00000107,111,TOWNHOME,1639.0,2,OWNER_OCCUPIED,
U-WXNJZHGBSGLS,CA-CA-00000107,112,TOWNHOME,1112.0,3,RENTED,26-6626-281
U-BP7DF4YYKGLP,CA-CA-00000107,113,TOWNHOME,2028.0,3,OWNER_OCCUPIED,35-9801-900
U-F73HHP8QNLJJ,CA-CA-00000107,114,TOWNHOME,697.0,2,VACANT,55-6033-810
U-EF9SH1VJ7CO6,CA-CA-00000107,115,SINGLE_FAMILY,1136.0,4,OWNER_OCCUPIED,73-7996-706
U-EM3U2AGD6ZNZ,CA-CA-00000107,116,SINGLE_FAMILY,686.0,2,OWNER_OCCUPIED,11-9599-499
U-2UDH8O89ZN01,CA-CA-00000107,117,TOWNHOME,2670.0,4,OWNER_OCCUPIED,45-2994-747
U-8YDR0MOVPQ6J,CA-CA-00000107,118,TOWNHOME,1466.0,1,OWNER_OCCUPIED,46-8329-178
U-F0JH0N26DQXK,CA-CA-00000107,119,SINGLE_FAMILY,1152.0,4,OWNER_OCCUPIED,15-8543-424
U-D83ZA2078TXB,CA-CA-00000107,120,SINGLE_FAMILY,2321.0,5,OWNER_OCCUPIED,78-4797-931
U-O8BHSXBMC7NS,CA-CA-00000107,121,TOWNHOME,1136.0,2,OWNER_OCCUPIED,28-4345-238
U-CIAC73N9EW3C,CA-CA-00000107,122,TOWNHOME,,2,OWNER_OCCUPIED,70-2159-525
U-P6E93JXQKQLG,CA-CA-00000107,123,SINGLE_FAMILY,2117.0,3,OWNER_OCCUPIED,19-4906-412
U-CODHQU32O245,CA-CA-00000107,124,TOWNHOME,3046.0,3,RENTED,66-7977-775
U-OYEEVOUCVXHT,CA-CA-00000107,125,SINGLE_FAMILY,1772.0,1,OWNER_OCCUPIED,74-7325-267
U-HB3VQ6EYSIQK,CA-CA-00000107,126,TOWNHOME,1853.0,2,OWNER_OCCUPIED,64-5899-627
U-RUCEUBMV1OIT,CA-CA-00000107,127,SINGLE_FAMILY,1500.0,2,OWNER_OCCUPIED,61-5576-377
U-T1F3D0W646AW,CA-CA-00000107,128,SINGLE_FAMILY,1317.0,3,OWNER_OCCUPIED,88-4102-437
U-KMPKIMPHWAPW,CA-CA-00000107,129,SINGLE_FAMILY,963.0,2,RENTED,83-9870-340
U-7YKCCUM7I5O3,CA-CA-00000107,130,TOWNHOME,2742.0,1,OWNER_OCCUPIED,14-1522-850
U-07OQKBNGV01E,CA-CA-00000107,131,SINGLE_FAMILY,676.0,3,OWNER_OCCUPIED,28-3509-969
U-SM4RXJ9R5BWN,CA-CA-00000107,132,SINGLE_FAMILY,1685.0,3,OWNER_OCCUPIED,48-3923-606
U-BOKKBNUBSWLC,CA-CA-00000107,133,TOWNHOME,1255.0,1,RENTED,73-8089-562
U-Y0E0S51FIDSK,CA-CA-00000107,134,SINGLE_FAMILY,1046.0,3,OWNER_OCCUPIED,
U-81IBWG6RYDQ3,CA-CA-00000107,135,TOWNHOME,1907.0,2,RENTED,46-4913-170
U-YJIQFAD0UAMG,CA-CA-00000107,136,TOWNHOME,1608.0,3,OWNER_OCCUPIED,68-1699-566
U-XYTDYG8SFS6W,CA-CA-00000107,137,SINGLE_FAMILY,2758.0,2,OWNER_OCCUPIED,22-6671-703
U-9L4TSKNU9XH0,CA-CA-00000107,138,SINGLE_FAMILY,1950.0,5,OWNER_OCCUPIED,39-4758-294
U-HJEWGW63D9KT,CA-CA-00000107,139,TOWNHOME,1675.0,1,OWNER_OCCUPIED,43-9221-345
U-YFXAKPSLIWKY,CA-CA-00000107,140,SINGLE_FAMILY,2248.0,4,OWNER_OCCUPIED,25-9736-755
U-CZ40EQUUT4UM,CA-CA-00000107,141,TOWNHOME,2669.0,3,OWNER_OCCUPIED,92-3588-441
U-6H2PPXPCH7WJ,CA-CA-00000107,142,SINGLE_FAMILY,1271.0,3,OWNER_OCCUPIED,23-5807-928
U-J9F1SJ0WAM3C,CA-CA-00000107,143,SINGLE_FAMILY,1824.0,3,OWNER_OCCUPIED,46-4458-155
U-92XMAXGGGJ8W,CA-CA-00000107,144,SINGLE_FAMILY,2042.0,3,RENTED,80-7319-752
U-E1AHEGXNEJ7Z,CA-CA-00000107,145,SINGLE_FAMILY,1970.0,1,OWNER_OCCUPIED,62-4725-101
U-8RF3PY06KC0U,CA-CA-00000107,146,SINGLE_FAMILY,,4,OWNER_OCCUPIED,
U-WCT216GYYN1O,CA-CA-00000107,147,SINGLE_FAMILY,,4,VACANT,80-9286-965
U-WREBLLJHRWRI,CA-CA-00000107,148,SINGLE_FAMILY,1918.0,1,OWNER_OCCUPIED,86-3264-682
U-FE3Z2S98AJF4,CA-CA-00000107,149,SINGLE_FAMILY,726.0,3,VACANT,63-9478-980
U-BU5583LR2HJX,CA-CA-00000107,150,SINGLE_FAMILY,2702.0,3,OWNER_OCCUPIED,23-8581-435
U-KZPITLFA3LVO,CA-CA-00000107,151,SINGLE_FAMILY,1292.0,2,VACANT,96-6550-659
U-EKN2KA9SSDIE,CA-CA-00000107,152,TOWNHOME,1806.0,2,RENTED,61-8581-949
U-5FHUOL5WFD2G,CA-CA-00000107,153,TOWNHOME,1935.0,1,OWNER_OCCUPIED,12-8212-729
U-BCGW5QZDO025,CA-CA-00000107,154,SINGLE_FAMILY,2707.0,1,OWNER_OCCUPIED,45-8910-895
U-68CMISFSZ42H,CA-CA-00000107,155,TOWNHOME,1705.0,4,OWNER_OCCUPIED,17-2304-556
U-VDBQJ24VVHG2,CA-CA-00000107,156,TOWNHOME,2105.0,3,OWNER_OCCUPIED,93-8042-250
U-E0J2OI3DC8L7,CA-CA-00000107,157,TOWNHOME,3016.0,3,OWNER_OCCUPIED,80-7127-554
U-BE1UTOLERTNA,CA-CA-00000107,158,SINGLE_FAMILY,1122.0,3,RENTED,66-1791-187
U-WNBT2029F2GU,CA-CA-00000107,159,SINGLE_FAMILY,1307.0,3,RENTED,33-3755-297
U-78FYB7QWZZN1,CA-FL-00000108,100,TOWNHOME,1066.0,2,OWNER_OCCUPIED,67-5137-824
U-1O33E6SGCNFJ,CA-FL-00000108,101,SINGLE_FAMILY,2623.0,3,RENTED,66-4100-402
U-FWR2FPMT4QKY,CA-FL-00000108,102,TOWNHOME,3024.0,2,OWNER_OCCUPIED,35-3049-634
U-0JK5PULW8O9V,CA-FL-00000108,103,TOWNHOME,904.0,3,RENTED,61-2748-806
U-Z6RM3CUFPECW,CA-FL-00000108,104,SINGLE_FAMILY,1611.0,4,OWNER_OCCUPIED,
U-XPYF1QGA8I41,CA-FL-00000108,105,TOWNHOME,3104.0,2,OWNER_OCCUPIED,92-7233-668
U-CIM8P2SUIEK3,CA-FL-00000108,106,SINGLE_FAMILY,856.0,3,OWNER_OCCUPIED,50-4572-398
U-HKR29XU014NI,CA-FL-00000108,107,SINGLE_FAMILY,1237.0,3,OWNER_OCCUPIED,80-1033-943
U-ZOJJYZT6USLV,CA-FL-00000108,108,SINGLE_FAMILY,1894.0,2,OWNER_OCCUPIED,
U-871TRV62SBN1,CA-FL-00000108,109,TOWNHOME,3089.0,5,OWNER_OCCUPIED,43-4713-724
U-GTA5VKO5KB88,CA-FL-00000108,110,SINGLE_FAMILY,1854.0,3,OWNER_OCCUPIED,35-5336-605
U-64R1RRFSPK7S,CA-FL-00000108,111,TOWNHOME,,2,OWNER_OCCUPIED,66-2804-376
U-GBI6HM8VU8LI,CA-FL-00000108,112,TOWNHOME,3196.0,2,OWNER_OCCUPIED,35-8852-771
U-1G7MJ8JD2TM0,CA-FL-00000108,113,SINGLE_FAMILY,1304.0,2,OWNER_OCCUPIED,73-8258-414
U-J4D8J5CXCPL9,CA-FL-00000108,114,SINGLE_FAMILY,1510.0,2,OWNER_OCCUPIED,87-1245-168
U-HZINKNMKNABQ,CA-FL-00000108,115,SINGLE_FAMILY,2350.0,4,RENTED,14-1087-339
U-U0952LVFKBWD,CA-FL-00000108,116,TOWNHOME,2859.0,2,OWNER_OCCUPIED,95-4581-118
U-YXP5X5PK34PL,CA-FL-00000108,117,TOWNHOME,1637.0,4,OWNER_OCCUPIED,65-4114-290
U-HCEFUX1SS1JO,CA-FL-00000108,118,TOWNHOME,2521.0,5,RENTED,74-8069-337
U-UORTUEVZIF29,CA-FL-00000108,119,SINGLE_FAMILY,1702.0,4,RENTED,90-9041-278
U-69IK941FSMRT,CA-FL-00000108,120,SINGLE_FAMILY,1085.0,3,OWNER_OCCUPIED,61-3881-344
U-9A0FNZ28QWJX,CA-FL-00000108,121,TOWNHOME,3125.0,4,OWNER_OCCUPIED,26-3960-288
U-IF416C6H00SK,CA-FL-00000108,122,TOWNHOME,1113.0,4,OWNER_OCCUPIED,57-5611-886
U-MEYWKJETOVM3,CA-FL-00000108,123,SINGLE_FAMILY,1864.0,1,OWNER_OCCUPIED,57-3442-519
U-K7OVOT6IZSAP,CA-FL-00000108,124,TOWNHOME,1634.0,1,OWNER_OCCUPIED,70-6928-428
U-XP7O350RUE9W,CA-FL-00000108,125,SINGLE_FAMILY,,2,OWNER_OCCUPIED,83-2722-225
U-55OXT7SRNGDP,CA-FL-00000108,126,SINGLE_FAMILY,2910.0,3,RENTED,57-5075-601
U-PBJLADG1XM9O,CA-FL-00000108,127,TOWNHOME,,2,OWNER_OCCUPIED,25-3898-165
U-S0LJ3Z5OM1RQ,CA-FL-00000108,128,TOWNHOME,992.0,3,OWNER_OCCUPIED,92-5129-998
U-943ENIEOEUYD,CA-FL-00000108,129,SINGLE_FAMILY,1600.0,3,RENTED,46-5190-804
U-5KABGZ0XZIJS,CA-FL-00000108,130,SINGLE_FAMILY,2175.0,2,OWNER_OCCUPIED,92-9076-863
U-J9Q57Z6CX72Z,CA-FL-00000108,131,TOWNHOME,979.0,5,OWNER_OCCUPIED,98-7482-696
U-ZG5OJ076B9KS,CA-FL-00000108,132,TOWNHOME,1401.0,2,OWNER_OCCUPIED,65-1449-424
U-W8BA3M171IYX,CA-FL-00000108,133,SINGLE_FAMILY,2362.0,3,RENTED,62-7493-505
U-HYTFLHH4QVQ9,CA-FL-00000108,134,SINGLE_FAMILY,1919.0,3,OWNER_OCCUPIED,99-7469-289
U-Z9BT81BY0MPO,CA-FL-00000108,135,TOWNHOME,1852.0,4,OWNER_OCCUPIED,35-1089-207
U-HCZYUWOFUV4H,CA-FL-00000108,136,SINGLE_FAMILY,734.0,2,OWNER_OCCUPIED,25-8909-540
U-0SOATZ3MEZ7I,CA-FL-00000108,137,TOWNHOME,2695.0,3,RENTED,16-5348-169
U-89L5Y4RGPMC5,CA-FL-00000108,138,TOWNHOME,819.0,2,VACANT,59-1226-134
U-3EP18HJD53XQ,CA-FL-00000108,139,TOWNHOME,3051.0,2,OWNER_OCCUPIED,29-7977-369
U-JPTX7WGILCWR,CA-FL-00000108,140,SINGLE_FAMILY,1763.0,4,OWNER_OCCUPIED,32-2218-201
U-8WS5137AIQZZ,CA-FL-00000108,141,SINGLE_FAMILY,1454.0,3,VACANT,67-2567-306
U-7WY1U6XWHK1M,CA-FL-00000108,142,TOWNHOME,2173.0,4,OWNER_OCCUPIED,51-1085-883
U-4QKDFGWQD885,CA-FL-00000108,143,SINGLE_FAMILY,1686.0,2,OWNER_OCCUPIED,94-3907-187
U-KKVR2SOVSA7F,CA-FL-00000108,144,TOWNHOME,2951.0,3,OWNER_OCCUPIED,19-1183-521
U-ZOL91KMTZY5W,CA-FL-00000108,145,TOWNHOME,958.0,2,OWNER_OCCUPIED,21-4812-128
U-EDOIJH9DUP5B,CA-FL-00000108,146,TOWNHOME,2737.0,3,RENTED,84-6035-985
U-6DBF6VHO6A3L,CA-FL-00000108,147,TOWNHOME,2946.0,2,RENTED,67-5010-226
U-UP4C3GPT6MTG,CA-FL-00000108,148,TOWNHOME,,2,OWNER_OCCUPIED,26-7300-250
U-AY4Y9B33O0KW,CA-FL-00000108,149,TOWNHOME,2878.0,3,VACANT,27-6009-703
U-LSP1HFXHYKI3,CA-AZ-00000109,100,TOWNHOME,777.0,4,OWNER_OCCUPIED,11-4123-429
U-KVDNZL9ZAJKM,CA-AZ-00000109,101,TOWNHOME,2267.0,1,RENTED,62-8761-568
U-62IAO9P3DNGD,CA-AZ-00000109,102,TOWNHOME,1663.0,2,RENTED,68-4242-455
U-QB42C5PUD6KU,CA-AZ-00000109,103,TOWNHOME,2385.0,3,OWNER_OCCUPIED,45-8170-848
U-HK333EJN3G2X,CA-AZ-00000109,104,TOWNHOME,973.0,4,OWNER_OCCUPIED,15-7426-440
U-ST5QQFGSR1S5,CA-AZ-00000109,105,TOWNHOME,1040.0,3,RENTED,44-5630-723
U-KSSC8VK9K04K,CA-AZ-00000109,106,TOWNHOME,3086.0,1,OWNER_OCCUPIED,95-4993-496
U-7GN0AJQQPEC6,CA-AZ-00000109,107,TOWNHOME,935.0,2,OWNER_OCCUPIED,74-9814-755
U-U3H5BEPNPLFA,CA-AZ-00000109,108,TOWNHOME,1298.0,3,OWNER_OCCUPIED,41-3858-390
U-EFKP80IL11GS,CA-AZ-00000109,109,TOWNHOME,885.0,3,OWNER_OCCUPIED,64-8751-395
U-UQ5ZJ74F4BU7,CA-AZ-00000109,110,TOWNHOME,,1,OWNER_OCCUPIED,50-4238-914
U-5RLPGKBDX0Z0,CA-AZ-00000109,111,TOWNHOME,1495.0,3,OWNER_OCCUPIED,57-9138-290
U-6TMJQDUVCVDF,CA-AZ-00000109,112,TOWNHOME,1278.0,4,RENTED,29-4688-910
U-247LC9KOQ61O,CA-AZ-00000109,113,TOWNHOME,675.0,4,OWNER_OCCUPIED,67-2217-428
U-NNMJXNN3B4BZ,CA-AZ-00000109,114,TOWNHOME,2196.0,3,VACANT,41-1023-727
U-EA3RZZZFLE6Z,CA-AZ-00000109,115,TOWNHOME,1337.0,2,RENTED,53-9757-221
U-V8Y65Q45CEQR,CA-AZ-00000109,116,TOWNHOME,1258.0,2,OWNER_OCCUPIED,55-4256-281
U-QVHCWKIC1Z29,CA-AZ-00000109,117,TOWNHOME,1934.0,1,OWNER_OCCUPIED,95-9211-921
U-7LST2JQWSOP8,CA-AZ-00000109,118,TOWNHOME,1691.0,2,OWNER_OCCUPIED,53-7240-381
U-FIKUB7QE8S40,CA-AZ-00000109,119,TOWNHOME,1192.0,3,OWNER_OCCUPIED,33-4498-798
U-OKMV0QRSZC08,CA-AZ-00000109,120,TOWNHOME,879.0,3,RENTED,35-7588-917
U-B6B6M7607JFI,CA-AZ-00000109,121,TOWNHOME,2694.0,3,OWNER_OCCUPIED,41-1592-935
U-WXYPL6WQHQKM,CA-AZ-00000109,122,TOWNHOME,2705.0,2,RENTED,22-3226-285
U-BGTCXD5GSN4Q,CA-AZ-00000109,123,TOWNHOME,1200.0,4,RENTED,57-8296-388
U-O72DMQ7TANGP,CA-AZ-00000109,124,TOWNHOME,3116.0,3,OWNER_OCCUPIED,39-7680-224
U-94CTKQOK8YBF,CA-AZ-00000109,125,TOWNHOME,815.0,3,OWNER_OCCUPIED,64-5641-111
U-Y3QUZNUKQOYU,CA-AZ-00000109,126,TOWNHOME,2608.0,2,OWNER_OCCUPIED,76-4077-573
U-USRA3JBPQZCK,CA-AZ-00000109,127,TOWNHOME,2092.0,3,OWNER_OCCUPIED,57-6296-337
U-0KZB1KB3GAEJ,CA-AZ-00000109,128,TOWNHOME,997.0,3,OWNER_OCCUPIED,48-4061-246
U-HN9A8Y55U136,CA-AZ-00000109,129,TOWNHOME,2747.0,3,VACANT,75-3711-731
U-K3EOI2K17FHD,CA-AZ-00000109,130,TOWNHOME,2738.0,2,OWNER_OCCUPIED,61-4978-797
U-DTVFALJ3B0AL,CA-AZ-00000109,131,TOWNHOME,1992.0,5,RENTED,96-1816-843
U-O953ZRIDHTV8,CA-AZ-00000109,132,TOWNHOME,2057.0,3,RENTED,30-7231-641
U-CY6KJZQKCJXH,CA-AZ-00000109,133,TOWNHOME,997.0,1,RENTED,
U-VSKUMWIHUL7C,CA-AZ-00000109,134,TOWNHOME,3097.0,3,OWNER_OCCUPIED,38-3244-350
U-F8HVT9MB508P,CA-AZ-00000109,135,TOWNHOME,2861.0,3,RENTED,46-9956-205
U-IE4JA8JZNL7K,CA-AZ-00000109,136,TOWNHOME,998.0,3,OWNER_OCCUPIED,17-8907-172
U-B1FNU79KSSE9,CA-AZ-00000109,137,TOWNHOME,2434.0,3,OWNER_OCCUPIED,29-3829-175
U-9FLJQ1JQI8DC,CA-AZ-00000109,138,TOWNHOME,2635.0,3,VACANT,22-9334-418
U-MJKY2KI3SC6B,CA-AZ-00000109,139,TOWNHOME,2543.0,4,OWNER_OCCUPIED,14-5470-804
U-A9HERQC3YWJA,CA-AZ-00000109,140,TOWNHOME,2830.0,2,OWNER_OCCUPIED,56-8305-545
U-EEF9MKOT4D49,CA-AZ-00000109,141,TOWNHOME,2503.0,3,OWNER_OCCUPIED,89-4847-276
U-71SJG5X3QBNI,CA-AZ-00000109,142,TOWNHOME,1550.0,4,OWNER_OCCUPIED,20-3077-780
U-EKHVRAEMY851,CA-AZ-00000109,143,TOWNHOME,1003.0,3,OWNER_OCCUPIED,52-6073-479
U-QDRGDJFGPSG7,CA-AZ-00000109,144,TOWNHOME,786.0,3,OWNER_OCCUPIED,68-1315-465
U-H2AY82KWNBAY,CA-AZ-00000109,145,TOWNHOME,1997.0,1,VACANT,31-2423-880
U-B42ELTDEI93S,CA-AZ-00000109,146,TOWNHOME,,2,OWNER_OCCUPIED,98-8846-718
U-OJ6WWDAVX4IQ,CA-AZ-00000109,147,TOWNHOME,1109.0,3,OWNER_OCCUPIED,75-1109-594
U-CUVEOJRBLB81,CA-AZ-00000109,148,TOWNHOME,1547.0,3,RENTED,84-2430-371
U-EHEYRK1VPTG6,CA-AZ-00000109,149,TOWNHOME,1073.0,2,OWNER_OCCUPIED,70-9739-670
U-67GUN7YHUFHC,CA-AZ-00000109,150,TOWNHOME,1428.0,4,RENTED,33-8913-764
U-99V1TK0WXJP1,CA-AZ-00000109,151,TOWNHOME,1324.0,4,RENTED,60-1397-193
U-R4I8IHTZJUQ2,CA-AZ-00000109,152,TOWNHOME,1506.0,2,OWNER_OCCUPIED,59-4485-422
U-23X58YNIK2GZ,CA-NC-00000110,100,SINGLE_FAMILY,3046.0,1,OWNER_OCCUPIED,84-7393-676
U-5YT7T3AYOLW1,CA-NC-00000110,101,SINGLE_FAMILY,1092.0,2,OWNER_OCCUPIED,98-5646-267
U-CKSYM89YHH5I,CA-NC-00000110,102,TOWNHOME,1670.0,2,RENTED,95-5902-489
U-BVZRI84TF4X6,CA-NC-00000110,103,TOWNHOME,2085.0,3,OWNER_OCCUPIED,31-1316-963
U-ZSBXEL0LKVT5,CA-NC-00000110,104,SINGLE_FAMILY,2252.0,2,OWNER_OCCUPIED,48-5035-637
U-8DC7NPK4NYFA,CA-NC-00000110,105,SINGLE_FAMILY,2180.0,1,RENTED,55-9779-739
U-JSGDTVGEKFJP,CA-NC-00000110,106,TOWNHOME,2366.0,2,OWNER_OCCUPIED,
U-QL08WTM7VMQ0,CA-NC-00000110,107,SINGLE_FAMILY,912.0,5,VACANT,70-4027-209
U-49V8AFNO2ROK,CA-NC-00000110,108,TOWNHOME,1991.0,2,OWNER_OCCUPIED,35-5300-318
U-NXSGOT73AWSM,CA-NC-00000110,109,SINGLE_FAMILY,1332.0,4,OWNER_OCCUPIED,72-8320-526
U-7FTX0RNPKSB6,CA-NC-00000110,110,TOWNHOME,2806.0,2,OWNER_OCCUPIED,
U-A2WQ0GIVBF80,CA-NC-00000110,111,SINGLE_FAMILY,1565.0,3,OWNER_OCCUPIED,53-9953-882
U-6YJQMSU1DVES,CA-NC-00000110,112,TOWNHOME,2884.0,3,VACANT,14-3865-591
U-0VJO0O4SQ5IH,CA-NC-00000110,113,TOWNHOME,2926.0,3,OWNER_OCCUPIED,68-2604-278
U-GIEFHB7N0NZC,CA-NC-00000110,114,SINGLE_FAMILY,2396.0,1,RENTED,32-9566-141
U-TD85CA42VEU1,CA-NC-00000110,115,TOWNHOME,2363.0,4,OWNER_OCCUPIED,89-2079-470
U-THLKQ3ELDV59,CA-NC-00000110,116,TOWNHOME,2666.0,5,RENTED,22-7924-255
U-FS57ZPDRD8AV,CA-NC-00000110,117,SINGLE_FAMILY,1870.0,4,OWNER_OCCUPIED,53-2587-575
U-ML2L82189QXG,CA-NC-00000110,118,SINGLE_FAMILY,,2,OWNER_OCCUPIED,54-8064-147
U-9VRMXWCQNFDL,CA-NC-00000110,119,TOWNHOME,2366.0,2,VACANT,64-1452-186
U-T8RJOXKZ7CKX,CA-NC-00000110,120,TOWNHOME,2029.0,3,OWNER_OCCUPIED,41-1743-420
U-XP8QN9V4Z8CK,CA-NC-00000110,121,SINGLE_FAMILY,2392.0,3,OWNER_OCCUPIED,72-4707-702
U-04P46JITGJZN,CA-NC-00000110,122,SINGLE_FAMILY,2830.0,4,RENTED,17-4627-746
U-HF5LOT04HDOR,CA-NC-00000110,123,TOWNHOME,2402.0,2,RENTED,69-9394-646
U-ZT6QV8QDGAXI,CA-NC-00000110,124,TOWNHOME,1409.0,4,RENTED,70-3845-265
U-Y5FF4445QYPE,CA-NC-00000110,125,TOWNHOME,943.0,3,OWNER_OCCUPIED,46-5350-552
U-ZO0BOGCWT09V,CA-NC-00000110,126,TOWNHOME,2111.0,1,OWNER_OCCUPIED,78-8953-980
U-SIYO6EF5B0OP,CA-NC-00000110,127,SINGLE_FAMILY,1529.0,3,OWNER_OCCUPIED,17-7379-773
U-OBDNMOAG6X5N,CA-NC-00000110,128,TOWNHOME,1585.0,1,OWNER_OCCUPIED,65-7886-770
U-504N3ZOO5T1Q,CA-NC-00000110,129,TOWNHOME,,2,VACANT,31-6077-171
U-0VXCUALH3KCJ,CA-NC-00000110,130,TOWNHOME,1081.0,4,OWNER_OCCUPIED,64-4771-451
U-THQWBOSYY3G5,CA-NC-00000110,131,SINGLE_FAMILY,1572.0,5,RENTED,12-7642-305
U-ROO7FBCJY136,CA-NC-00000110,132,SINGLE_FAMILY,2777.0,2,OWNER_OCCUPIED,85-3041-513
U-5TS0WPLRSQW5,CA-NC-00000110,133,SINGLE_FAMILY,2768.0,5,OWNER_OCCUPIED,83-2549-390
U-L7LL2MVFY682,CA-NC-00000110,134,SINGLE_FAMILY,1620.0,2,RENTED,61-6285-750
U-NFBIDSMHGOLN,CA-NC-00000110,135,TOWNHOME,2456.0,3,OWNER_OCCUPIED,83-2665-434
U-AQDES4KJUN96,CA-NC-00000110,136,TOWNHOME,2113.0,3,RENTED,43-3526-876
U-6KOQNNVDG2TL,CA-NC-00000110,137,TOWNHOME,1671.0,2,OWNER_OCCUPIED,77-6849-814
U-WX0S9EW04M4U,CA-NC-00000110,138,SINGLE_FAMILY,2133.0,2,OWNER_OCCUPIED,59-9842-458
U-Y3V737XX0GE8,CA-NC-00000110,139,SINGLE_FAMILY,2507.0,3,OWNER_OCCUPIED,80-2144-344
U-JLAGL149V49S,CA-NC-00000110,140,SINGLE_FAMILY,2763.0,2,OWNER_OCCUPIED,11-7157-788
U-WG0V7NUH52Y8,CA-NC-00000110,141,SINGLE_FAMILY,1913.0,2,RENTED,33-9691-277
U-DN00634IAWG8,CA-NV-00000111,100,TOWNHOME,759.0,4,OWNER_OCCUPIED,67-6828-191
U-GLOGS5MHB5OH,CA-NV-00000111,101,TOWNHOME,662.0,2,OWNER_OCCUPIED,70-9867-764
U-VDH2KKI2BBWW,CA-NV-00000111,102,SINGLE_FAMILY,1997.0,2,OWNER_OCCUPIED,77-8748-976
U-EXMIBHRTGY7N,CA-NV-00000111,103,SINGLE_FAMILY,1185.0,2,OWNER_OCCUPIED,24-9720-287
U-U00T5HL9XKLW,CA-NV-00000111,104,TOWNHOME,2169.0,3,OWNER_OCCUPIED,35-3712-851
U-QTQ6P8PEA3KK,CA-NV-00000111,105,TOWNHOME,1906.0,4,RENTED,89-1336-536
U-QOC9J65VOUQW,CA-NV-00000111,106,SINGLE_FAMILY,908.0,2,RENTED,96-2660-161
U-ZQP80KUDS051,CA-NV-00000111,107,TOWNHOME,2585.0,2,OWNER_OCCUPIED,52-9507-500
U-3DRK2X1RZ4KT,CA-NV-00000111,108,SINGLE_FAMILY,2679.0,3,RENTED,
U-71P4XBNN6G6D,CA-NV-00000111,109,TOWNHOME,910.0,2,RENTED,70-8950-595
U-625K6P80V0AH,CA-NV-00000111,110,TOWNHOME,2187.0,2,OWNER_OCCUPIED,90-8789-920
U-Y6Y282BZE4EP,CA-NC-00000112,3H,CONDO_UNIT,3193.0,4,RENTED,34-5683-436
U-RO3I3GFRSVJS,CA-NC-00000112,15D,CONDO_UNIT,1446.0,2,VACANT,75-1836-913
U-A38B7U3OXDXL,CA-NC-00000112,13D,CONDO_UNIT,1164.0,1,OWNER_OCCUPIED,91-4673-686
U-VXKA220ZMMY7,CA-NC-00000112,4B,CONDO_UNIT,2030.0,2,RENTED,93-4577-871
U-BG4VBPIX2LN1,CA-NC-00000112,20G,CONDO_UNIT,1357.0,4,OWNER_OCCUPIED,61-6486-585
U-ZIS7GV8D2ZWE,CA-NC-00000112,4C,CONDO_UNIT,,2,OWNER_OCCUPIED,20-2745-502
U-7FWFUYZ8T2Y7,CA-NC-00000112,23A,CONDO_UNIT,2390.0,1,RENTED,77-6355-625
U-Z0ABYQ7U7ZV3,CA-NC-00000112,3H,CONDO_UNIT,2530.0,4,OWNER_OCCUPIED,
U-WAX35M1KH069,CA-NC-00000112,20G,CONDO_UNIT,1404.0,4,RENTED,24-4900-370
U-WU08MV9NG32D,CA-NC-00000112,32C,CONDO_UNIT,1657.0,2,OWNER_OCCUPIED,68-6907-569
U-G624LUHJ0NVO,CA-NC-00000112,25B,CONDO_UNIT,2315.0,1,OWNER_OCCUPIED,82-7693-445
U-JWHP5S1ZWCU1,CA-NC-00000112,2E,CONDO_UNIT,983.0,3,OWNER_OCCUPIED,21-3384-890
U-C5NBEWUFL10O,CA-NC-00000112,18B,CONDO_UNIT,1737.0,2,OWNER_OCCUPIED,80-9987-959
U-BK1Y1O1T5WNY,CA-NC-00000112,36E,CONDO_UNIT,1877.0,3,RENTED,87-8920-710
U-M1YI3QC7PW3R,CA-NC-00000112,1A,CONDO_UNIT,3072.0,4,OWNER_OCCUPIED,57-4167-659
U-CO6DTDNEGZAZ,CA-NC-00000112,26D,CONDO_UNIT,1960.0,3,RENTED,83-3499-952
U-CWW8AI5VTVT4,CA-NC-00000112,24C,CONDO_UNIT,1196.0,2,RENTED,47-2838-726
U-G51UL2WDD24S,CA-NC-00000112,22C,CONDO_UNIT,2476.0,2,RENTED,32-7360-214
U-BG4HYKKF1D0D,CA-NC-00000112,6A,CONDO_UNIT,688.0,3,RENTED,66-1796-922
U-80SN7ERZG9TH,CA-NC-00000112,9D,CONDO_UNIT,1861.0,2,OWNER_OCCUPIED,
U-BH7RRZOSP5R7,CA-NC-00000112,25G,CONDO_UNIT,2511.0,2,RENTED,35-4191-993
U-2MJQ1KCVMZD8,CA-NC-00000112,22G,CONDO_UNIT,2839.0,3,OWNER_OCCUPIED,57-7052-915
U-G70IYU5CORSS,CA-NC-00000112,38G,CONDO_UNIT,1194.0,4,OWNER_OCCUPIED,81-5795-791
U-W1WHJO69QQ41,CA-NC-00000112,31A,CONDO_UNIT,773.0,3,OWNER_OCCUPIED,36-5964-908
U-HKVPHFSTEF0O,CA-NC-00000112,10A,CONDO_UNIT,860.0,3,OWNER_OCCUPIED,67-9826-489
U-2PTA9N7Y12A5,CA-NC-00000112,16F,CONDO_UNIT,904.0,2,OWNER_OCCUPIED,73-4111-714
U-R4OR2WWKZF5B,CA-NC-00000112,37B,CONDO_UNIT,1571.0,3,OWNER_OCCUPIED,37-3630-825
U-3CUQ68BA32OD,CA-NC-00000112,38E,CONDO_UNIT,787.0,2,OWNER_OCCUPIED,97-2738-768
U-8LI1333XMOJ4,CA-NC-00000112,26B,CONDO_UNIT,861.0,2,VACANT,32-9867-284
U-E7MWWDO1R716,CA-NC-00000112,19C,CONDO_UNIT,3104.0,2,OWNER_OCCUPIED,34-6607-109
U-D7IYI8XDU8QP,CA-NC-00000112,28H,CONDO_UNIT,,2,RENTED,58-8102-865
U-M75NQK92SFX3,CA-NC-00000112,3C,CONDO_UNIT,1065.0,1,RENTED,32-4120-842
U-QFPOY593NGM8,CA-NC-00000112,7D,CONDO_UNIT,1305.0,3,OWNER_OCCUPIED,48-4356-904
U-7PXXZ9OZ9MTC,CA-NC-00000112,33E,CONDO_UNIT,2048.0,3,RENTED,89-2026-796
U-STFHP0ZRYYB4,CA-NC-00000112,27C,CONDO_UNIT,2680.0,1,OWNER_OCCUPIED,
U-6XKZ2DMWB92D,CA-NC-00000112,18F,CONDO_UNIT,1134.0,1,OWNER_OCCUPIED,53-2158-558
U-H71ZSKXNX9F9,CA-NC-00000112,15B,CONDO_UNIT,3003.0,2,OWNER_OCCUPIED,87-4180-676
U-GGU9FJ0QY1DD,CA-NC-00000112,29F,CONDO_UNIT,1362.0,3,OWNER_OCCUPIED,48-6319-450
U-QZHW51KIIYUB,CA-NC-00000112,29F,CONDO_UNIT,2495.0,2,OWNER_OCCUPIED,
U-X3KE1FQGUX3B,CA-NC-00000112,8E,CONDO_UNIT,1086.0,1,OWNER_OCCUPIED,70-8135-912
U-YOKWH3CNCGJ9,CA-NC-00000112,34D,CONDO_UNIT,2077.0,1,OWNER_OCCUPIED,51-9860-754
U-RVGH2GJEUHO6,CA-NC-00000112,2C,CONDO_UNIT,3013.0,3,OWNER_OCCUPIED,53-6402-591
U-4W5Q3Q68STY5,CA-NC-00000112,13C,CONDO_UNIT,2610.0,4,RENTED,18-6088-331
U-HHNOUYKYPU1E,CA-FL-00000113,100,TOWNHOME,681.0,3,VACANT,30-9900-106
U-D6WZHCXVD2XT,CA-FL-00000113,101,TOWNHOME,1832.0,3,VACANT,49-7212-856
U-SS2KFYRTP870,CA-FL-00000113,102,TOWNHOME,,3,RENTED,30-7495-382
U-4WBZ2S15GCOF,CA-FL-00000113,103,SINGLE_FAMILY,1962.0,4,OWNER_OCCUPIED,57-6929-680
U-JGBKCMSIWZHB,CA-FL-00000113,104,SINGLE_FAMILY,2455.0,4,OWNER_OCCUPIED,71-2252-356
U-QBOG5BMDGSQK,CA-FL-00000113,105,TOWNHOME,3015.0,3,OWNER_OCCUPIED,
U-40FW1HO6O6SQ,CA-FL-00000113,106,SINGLE_FAMILY,692.0,2,RENTED,23-3768-205
U-421HKGHA0U81,CA-FL-00000113,107,SINGLE_FAMILY,678.0,3,RENTED,96-8063-320
U-RXRBWE3A9MBV,CA-FL-00000113,108,TOWNHOME,1348.0,5,RENTED,50-7810-963
U-56TAT05IQ2CO,CA-FL-00000113,109,SINGLE_FAMILY,1762.0,3,OWNER_OCCUPIED,93-2734-873
U-W4SBXJ2DTA5Z,CA-FL-00000113,110,TOWNHOME,1083.0,1,RENTED,43-9096-135
U-KY3L0QNGNJ46,CA-FL-00000113,111,TOWNHOME,2605.0,3,VACANT,61-2733-658
U-RKSP7MG1KLT1,CA-FL-00000113,112,TOWNHOME,1632.0,3,RENTED,81-4288-189
U-JAVMTZ40D623,CA-FL-00000113,113,SINGLE_FAMILY,3189.0,3,OWNER_OCCUPIED,16-5277-636
U-QEMBGWZZEOFT,CA-FL-00000113,114,SINGLE_FAMILY,1690.0,1,OWNER_OCCUPIED,82-3529-842
U-BINWOEEXEJKN,CA-FL-00000113,115,SINGLE_FAMILY,941.0,4,VACANT,45-9614-868
U-175Z9XZCR2XD,CA-FL-00000113,116,TOWNHOME,772.0,5,OWNER_OCCUPIED,42-8740-514
U-VKQFZBL9PEA2,CA-FL-00000113,117,TOWNHOME,2374.0,2,OWNER_OCCUPIED,41-5698-330
U-24Z28AE8LQBQ,CA-FL-00000113,118,TOWNHOME,2993.0,1,OWNER_OCCUPIED,79-2584-764
U-UZQUVERI56X4,CA-FL-00000113,119,SINGLE_FAMILY,1009.0,4,RENTED,15-4505-122
U-688JGREC3KIO,CA-FL-00000113,120,TOWNHOME,2597.0,1,RENTED,48-7331-797
U-IRQHC0MU7ODK,CA-FL-00000113,121,SINGLE_FAMILY,3132.0,4,OWNER_OCCUPIED,31-7430-928
U-XWCLGUZHZAV9,CA-FL-00000113,122,TOWNHOME,2846.0,3,OWNER_OCCUPIED,52-8959-418
U-IJTD53ELO8YV,CA-FL-00000113,123,TOWNHOME,1366.0,1,OWNER_OCCUPIED,32-9785-576
U-0CO9S1TV4IR1,CA-FL-00000113,124,SINGLE_FAMILY,1392.0,2,VACANT,63-6170-868
U-AZ6O4Y1BJP5D,CA-FL-00000113,125,TOWNHOME,,4,VACANT,45-2458-735
U-NHU392R7C64U,CA-FL-00000113,126,TOWNHOME,970.0,4,OWNER_OCCUPIED,94-2222-702
U-WHVT07IJIEXV,CA-FL-00000113,127,SINGLE_FAMILY,2323.0,3,OWNER_OCCUPIED,65-6000-426
U-MZ0615XHH6YR,CA-FL-00000113,128,TOWNHOME,2304.0,1,OWNER_OCCUPIED,53-9588-354
U-EVD2O2PECFI4,CA-FL-00000113,129,SINGLE_FAMILY,980.0,5,RENTED,16-7475-917
U-V8FWYVVWYSV1,CA-FL-00000113,130,SINGLE_FAMILY,,3,OWNER_OCCUPIED,26-7107-295
U-2FVBJ6G10AY8,CA-FL-00000113,131,SINGLE_FAMILY,2727.0,2,OWNER_OCCUPIED,95-1427-943
U-IBJMLNA43IPL,CA-FL-00000113,132,TOWNHOME,786.0,2,RENTED,81-8012-898
U-25K4E76PVRTJ,CA-FL-00000113,133,SINGLE_FAMILY,1557.0,3,OWNER_OCCUPIED,84-3438-472
U-KF34Y3JSX5H2,CA-FL-00000113,134,TOWNHOME,2180.0,3,OWNER_OCCUPIED,27-2313-279
U-URDWDBQUCU16,CA-FL-00000113,135,TOWNHOME,890.0,2,OWNER_OCCUPIED,65-3574-746
U-3QUJERF9H7Y9,CA-FL-00000113,136,TOWNHOME,1411.0,4,OWNER_OCCUPIED,58-7659-344
U-6HL0FG8YDT2K,CA-FL-00000113,137,TOWNHOME,3041.0,2,OWNER_OCCUPIED,81-5573-133
U-80FI3HGL4JT5,CA-FL-00000113,138,SINGLE_FAMILY,1280.0,2,RENTED,15-9161-623
U-TC1A2F1JEUZ5,CA-FL-00000113,139,TOWNHOME,1473.0,3,RENTED,72-8413-329
U-2I79XEG2YIDP,CA-FL-00000113,140,SINGLE_FAMILY,1587.0,1,OWNER_OCCUPIED,82-2142-958
U-OCZ0K4TWVK66,CA-FL-00000113,141,SINGLE_FAMILY,3149.0,2,OWNER_OCCUPIED,54-4441-217
U-96OWDDGVX5MW,CA-FL-00000113,142,TOWNHOME,,3,OWNER_OCCUPIED,66-4353-722
U-8WF11DGQYRJ2,CA-FL-00000113,143,TOWNHOME,2281.0,3,OWNER_OCCUPIED,88-8928-247
U-LMCNFGPKKQ2D,CA-FL-00000113,144,TOWNHOME,2793.0,2,OWNER_OCCUPIED,29-2636-605
U-VAZEOALFJTAV,CA-FL-00000113,145,TOWNHOME,1138.0,2,RENTED,29-7510-483
U-BJT67YVD5HRG,CA-TX-00000114,6D,CONDO_UNIT,1822.0,1,OWNER_OCCUPIED,62-9665-532
U-NX29099U542Z,CA-TX-00000114,28A,CONDO_UNIT,1875.0,1,OWNER_OCCUPIED,31-3620-601
U-8GOP41MX7AJB,CA-TX-00000114,8E,CONDO_UNIT,1085.0,2,RENTED,34-4727-956
U-3T1GP02TJZAI,CA-TX-00000114,13H,CONDO_UNIT,,2,OWNER_OCCUPIED,79-2378-200
U-AJX335ID6KOZ,CA-TX-00000114,31A,CONDO_UNIT,2710.0,3,OWNER_OCCUPIED,55-5324-322
U-ET13PEBQLR13,CA-TX-00000114,24H,CONDO_UNIT,935.0,4,OWNER_OCCUPIED,52-9330-320
U-KF5S72VDX4WL,CA-TX-00000114,24H,CONDO_UNIT,1058.0,2,OWNER_OCCUPIED,64-8646-690
U-GZBY7CHGP00F,CA-TX-00000114,34D,CONDO_UNIT,1489.0,2,RENTED,72-4594-168
U-L0FKKIL99OWN,CA-TX-00000114,10B,CONDO_UNIT,2247.0,1,RENTED,
U-5Q2X5D8HF6JQ,CA-TX-00000114,24A,CONDO_UNIT,1899.0,5,OWNER_OCCUPIED,21-9201-646
U-B5UW9C45R81Q,CA-TX-00000114,1A,CONDO_UNIT,1063.0,4,OWNER_OCCUPIED,39-1793-126
U-1V7F0Z6TWFS4,CA-TX-00000114,9A,CONDO_UNIT,,2,OWNER_OCCUPIED,60-2495-612
U-PZNW4NOHFPST,CA-TX-00000114,36B,CONDO_UNIT,1040.0,3,RENTED,
U-Q3K16EMTKPLF,CA-TX-00000114,4E,CONDO_UNIT,1373.0,2,OWNER_OCCUPIED,14-8471-874
U-NVB5QZH4UNRZ,CA-TX-00000114,36A,CONDO_UNIT,1718.0,5,OWNER_OCCUPIED,98-3477-239
U-3TSVEOKESPKX,CA-TX-00000114,34G,CONDO_UNIT,2738.0,3,OWNER_OCCUPIED,50-7169-437
U-E1B6S17LQ0FL,CA-TX-00000114,18A,CONDO_UNIT,1576.0,3,OWNER_OCCUPIED,73-6199-514
U-9QXUQ9YYR1Q7,CA-TX-00000114,6C,CONDO_UNIT,2296.0,2,OWNER_OCCUPIED,67-9529-172
U-6V8MRFMXRASL,CA-TX-00000114,11D,CONDO_UNIT,906.0,3,OWNER_OCCUPIED,64-4321-769
U-IMZHSJQIXFHG,CA-TX-00000114,23C,CONDO_UNIT,2402.0,2,OWNER_OCCUPIED,53-4579-259
U-MM1HEAQ8GNG4,CA-TX-00000114,33F,CONDO_UNIT,1986.0,1,OWNER_OCCUPIED,97-1672-505
U-ZHRN7Q3BE273,CA-TX-00000114,40H,CONDO_UNIT,1262.0,3,RENTED,81-3915-317
U-BTY65NWUD1GW,CA-TX-00000114,15G,CONDO_UNIT,2279.0,2,OWNER_OCCUPIED,86-5100-442
U-IFJ62IQ432SQ,CA-TX-00000114,8F,CONDO_UNIT,1790.0,2,OWNER_OCCUPIED,
U-M515KIKMI5Z4,CA-TX-00000114,28G,CONDO_UNIT,2521.0,3,OWNER_OCCUPIED,33-6803-880
U-OOML43XLXSAL,CA-TX-00000114,36A,CONDO_UNIT,,2,OWNER_OCCUPIED,84-4263-381
U-CV4QO7IVQLE5,CA-TX-00000114,19H,CONDO_UNIT,1752.0,3,OWNER_OCCUPIED,78-6768-158
U-OQSCKP74V6X2,CA-TX-00000114,39C,CONDO_UNIT,2064.0,3,VACANT,95-2996-143
U-P8X3H8N4YT02,CA-TX-00000114,6A,CONDO_UNIT,2448.0,4,OWNER_OCCUPIED,76-5159-941
U-95KRKYN37MOV,CA-TX-00000114,12D,CONDO_UNIT,2144.0,4,RENTED,39-3880-606
U-ARGYKOFITNEM,CA-TX-00000114,37C,CONDO_UNIT,2599.0,1,OWNER_OCCUPIED,53-8569-425
U-EH81UNHLD9BR,CA-TX-00000114,30E,CONDO_UNIT,,2,RENTED,33-5978-244
U-BDPBL1FNB0HO,CA-TX-00000114,14G,CONDO_UNIT,,2,OWNER_OCCUPIED,66-7769-584
U-BDBLE5GZPDS1,CA-TX-00000114,10D,CONDO_UNIT,1470.0,3,RENTED,65-6611-469
U-TC36J7LM6PN4,CA-TX-00000114,15A,CONDO_UNIT,2459.0,3,OWNER_OCCUPIED,19-1387-996
U-WHLV2NKCDR54,CA-TX-00000114,37D,CONDO_UNIT,1530.0,4,RENTED,96-6921-615
U-E2UWFSFSPET6,CA-TX-00000114,14D,CONDO_UNIT,2977.0,2,OWNER_OCCUPIED,59-1033-817
U-ARXD15LQRBJD,CA-TX-00000114,1F,CONDO_UNIT,,3,OWNER_OCCUPIED,31-3240-840
U-H6O7YUO104S7,CA-TX-00000114,4C,CONDO_UNIT,3158.0,4,RENTED,28-3567-340
U-SFK60W3PQROF,CA-TX-00000114,27B,CONDO_UNIT,831.0,3,OWNER_OCCUPIED,78-9079-784
U-8QDCJIYFAAS1,CA-TX-00000114,33A,CONDO_UNIT,1523.0,2,OWNER_OCCUPIED,84-8924-915
U-DGI89MTA65VJ,CA-TX-00000114,28H,CONDO_UNIT,711.0,3,OWNER_OCCUPIED,59-1412-590
U-7GS4VB7W2F3W,CA-TX-00000114,40B,CONDO_UNIT,1912.0,3,OWNER_OCCUPIED,21-8356-893
U-D2EW0PC9TUFY,CA-TX-00000114,13B,CONDO_UNIT,,2,OWNER_OCCUPIED,81-2211-114
U-48LREHL6XQRI,CA-TX-00000114,1B,CONDO_UNIT,3183.0,2,RENTED,27-2155-353
U-90HDGAVKBPB6,CA-TX-00000114,39D,CONDO_UNIT,1805.0,3,OWNER_OCCUPIED,53-8016-705
U-GJBSLPDZV28F,CA-TX-00000114,13B,CONDO_UNIT,2735.0,2,RENTED,53-5254-799
U-A5DIDPBH8QUY,CA-TX-00000114,21G,CONDO_UNIT,2035.0,2,RENTED,93-2652-240
U-HCR9453J43ZE,CA-TX-00000114,27D,CONDO_UNIT,,5,RENTED,99-2282-268
U-HEPWBUZ36JKR,CA-TX-00000114,14H,CONDO_UNIT,1255.0,3,OWNER_OCCUPIED,51-6952-732
U-BBL1PDBZDPR3,CA-TX-00000114,9A,CONDO_UNIT,667.0,3,OWNER_OCCUPIED,71-2596-489
U-QZPE1BLHHVH8,CA-TX-00000114,31E,CONDO_UNIT,2505.0,2,OWNER_OCCUPIED,19-9817-878
U-76OP3I0EPSEY,CA-TX-00000114,13H,CONDO_UNIT,3192.0,3,OWNER_OCCUPIED,27-7022-784
U-J0ZECC241SGI,CA-TX-00000114,23B,CONDO_UNIT,1753.0,2,OWNER_OCCUPIED,77-2264-340
U-FYPXHJ4PHU4V,CA-TX-00000114,10G,CONDO_UNIT,3115.0,2,RENTED,84-8954-215
U-Y0HBHC6EIQ0I,CA-TX-00000114,25B,CONDO_UNIT,1538.0,4,RENTED,86-2918-835
U-RHVTIMBC24FQ,CA-TX-00000114,32G,CONDO_UNIT,2703.0,2,OWNER_OCCUPIED,14-8701-892
U-QZPDGOTICWV8,CA-TX-00000114,27A,CONDO_UNIT,2560.0,4,OWNER_OCCUPIED,34-7725-583
U-A78ZD9AE4N0H,CA-TX-00000114,40A,CONDO_UNIT,1243.0,3,OWNER_OCCUPIED,20-6091-495
U-X40O6Y7IGWW6,CA-TX-00000114,13D,CONDO_UNIT,1387.0,2,OWNER_OCCUPIED,24-2019-254
U-9ZEXH4KJPCP4,CA-WA-00000115,100,TOWNHOME,,5,OWNER_OCCUPIED,75-7834-366
U-V8UGWJXYZTS1,CA-WA-00000115,101,TOWNHOME,865.0,3,RENTED,79-5385-367
U-GOE0NEDHNNYD,CA-WA-00000115,102,TOWNHOME,2527.0,2,OWNER_OCCUPIED,82-1914-384
U-JFAPOUSDZAHQ,CA-WA-00000115,103,TOWNHOME,2764.0,5,OWNER_OCCUPIED,56-2729-539
U-J4J48HWXV4A4,CA-WA-00000115,104,TOWNHOME,1494.0,4,OWNER_OCCUPIED,57-3035-186
U-Y26HRR6CLVEZ,CA-WA-00000115,105,TOWNHOME,1956.0,5,OWNER_OCCUPIED,11-5819-186
U-UBYRN2TQA8SH,CA-WA-00000115,106,TOWNHOME,1541.0,2,OWNER_OCCUPIED,12-1346-721
U-IIX52I1XR5GU,CA-WA-00000115,107,TOWNHOME,1599.0,2,OWNER_OCCUPIED,37-1743-404
U-V8BTVEX1SY89,CA-WA-00000115,108,TOWNHOME,2898.0,2,RENTED,12-7318-405
U-67FRNKGKD1AG,CA-WA-00000115,109,TOWNHOME,1228.0,3,OWNER_OCCUPIED,69-3202-657
U-NMA9ZOQ6602S,CA-WA-00000115,110,TOWNHOME,2945.0,2,RENTED,76-2801-581
U-75OJ4MS7KHCI,CA-WA-00000115,111,TOWNHOME,1288.0,3,RENTED,19-8689-172
U-CG19XK4DW6UD,CA-WA-00000115,112,TOWNHOME,2393.0,2,OWNER_OCCUPIED,68-5950-243
U-4M6YF49Y0RJ8,CA-WA-00000115,113,TOWNHOME,2659.0,3,RENTED,26-3065-135
U-3WX2QXQ9KYLD,CA-WA-00000115,114,TOWNHOME,3074.0,2,OWNER_OCCUPIED,23-5585-464
U-5OK40JWPESGP,CA-WA-00000115,115,TOWNHOME,2393.0,2,OWNER_OCCUPIED,26-1503-552
U-0MAH2XTM21O2,CA-WA-00000115,116,TOWNHOME,1871.0,2,OWNER_OCCUPIED,62-2485-345
U-W1AU3JWB2NBY,CA-WA-00000115,117,TOWNHOME,2344.0,2,RENTED,49-4016-114
U-HNESB06XLP2Z,CA-WA-00000115,118,TOWNHOME,2656.0,3,OWNER_OCCUPIED,19-4609-903
U-KOGE17RCGFT3,CA-WA-00000115,119,TOWNHOME,1674.0,2,OWNER_OCCUPIED,56-7186-627
U-I6JFN515CKT1,CA-WA-00000115,120,TOWNHOME,670.0,2,OWNER_OCCUPIED,
U-T5VOD239CNY2,CA-WA-00000115,121,TOWNHOME,2127.0,2,OWNER_OCCUPIED,46-2178-599
U-157GTHA7JNFF,CA-WA-00000115,122,TOWNHOME,1492.0,3,OWNER_OCCUPIED,41-2111-819
U-8QTTEEFROEVI,CA-WA-00000115,123,TOWNHOME,,1,VACANT,87-2334-108
U-2F96KCN38PNX,CA-WA-00000115,124,TOWNHOME,3181.0,2,OWNER_OCCUPIED,92-5192-277
U-N6KBSR3CK7QG,CA-WA-00000115,125,TOWNHOME,1669.0,4,OWNER_OCCUPIED,11-4164-169
U-AGDZ8BU3W7OF,CA-WA-00000115,126,TOWNHOME,2350.0,2,OWNER_OCCUPIED,10-2942-779
U-0IIMR5ROGP19,CA-WA-00000115,127,TOWNHOME,2455.0,1,OWNER_OCCUPIED,96-8893-446
U-8I0IRY4B15TK,CA-WA-00000115,128,TOWNHOME,842.0,2,OWNER_OCCUPIED,21-1623-670
U-OTY8TNFVAMBM,CA-WA-00000115,129,TOWNHOME,2015.0,3,OWNER_OCCUPIED,65-8135-808
U-4V7NM7HKUWNP,CA-WA-00000115,130,TOWNHOME,1532.0,3,OWNER_OCCUPIED,16-6261-773
U-8SXGON74SY6J,CA-WA-00000115,131,TOWNHOME,1509.0,5,OWNER_OCCUPIED,77-4548-100
U-IDMY1KM0KIC7,CA-WA-00000115,132,TOWNHOME,2649.0,3,OWNER_OCCUPIED,17-3075-782
U-4XTS56BY61K5,CA-WA-00000115,133,TOWNHOME,1368.0,3,OWNER_OCCUPIED,34-3308-181
U-7XU73W1NYRWO,CA-WA-00000115,134,TOWNHOME,2863.0,2,OWNER_OCCUPIED,99-6545-638
U-VOMJ5R9FZBFH,CA-WA-00000115,135,TOWNHOME,989.0,2,RENTED,30-4753-224
U-4QSOZWNDPD9H,CA-WA-00000115,136,TOWNHOME,1506.0,3,RENTED,82-8721-853
U-2JIXP3W86AQP,CA-WA-00000115,137,TOWNHOME,799.0,2,OWNER_OCCUPIED,56-3188-216
U-CWLHMAPZWZKT,CA-WA-00000115,138,TOWNHOME,3084.0,1,OWNER_OCCUPIED,
U-1CKXPCNT0YMQ,CA-NC-00000116,100,TOWNHOME,,3,RENTED,78-5862-570
U-TJ9B5EX9Z9S1,CA-NC-00000116,101,SINGLE_FAMILY,2196.0,4,RENTED,30-6646-544
U-T4U2YPH3VCW0,CA-NC-00000116,102,TOWNHOME,1886.0,4,OWNER_OCCUPIED,16-4750-523
U-NJFPFRWCDXVI,CA-NC-00000116,103,SINGLE_FAMILY,1767.0,2,RENTED,59-6369-734
U-8HPG4GT7OCKV,CA-NC-00000116,104,SINGLE_FAMILY,,2,OWNER_OCCUPIED,43-6800-604
U-1VWQ0TSXGKJT,CA-NC-00000116,105,TOWNHOME,1020.0,4,OWNER_OCCUPIED,54-7015-917
U-NRRJBJ7V9WUX,CA-NC-00000116,106,TOWNHOME,904.0,2,OWNER_OCCUPIED,18-9081-952
U-3D6E9EYBTE6Z,CA-NC-00000116,107,SINGLE_FAMILY,2875.0,4,OWNER_OCCUPIED,26-7210-758
U-K6R7IJZ0ZNFU,CA-NC-00000116,108,TOWNHOME,2936.0,3,VACANT,13-8798-604
U-8YTOIPLXW7JW,CA-NC-00000116,109,TOWNHOME,2400.0,3,VACANT,
U-OJ3FK6EZ1169,CA-NC-00000116,110,SINGLE_FAMILY,2969.0,1,OWNER_OCCUPIED,67-6799-103
U-YEOKPJTWWWQI,CA-NC-00000116,111,TOWNHOME,2063.0,3,RENTED,48-4978-266
U-1KU663HH1KBC,CA-NC-00000116,112,SINGLE_FAMILY,,2,RENTED,31-4957-644
U-3O1JF35WVULJ,CA-NC-00000116,113,SINGLE_FAMILY,2595.0,3,VACANT,86-1040-237
U-NC6CEDHAFS40,CA-NC-00000116,114,TOWNHOME,2233.0,3,OWNER_OCCUPIED,40-9315-210
U-QMLAWS9JJ21I,CA-NC-00000116,115,SINGLE_FAMILY,3000.0,3,OWNER_OCCUPIED,
U-NLKG0TYZDRKW,CA-NC-00000116,116,TOWNHOME,2684.0,2,OWNER_OCCUPIED,20-5864-909
U-ZF0553MA2TDW,CA-NC-00000116,117,TOWNHOME,2016.0,4,OWNER_OCCUPIED,49-3435-460
U-LZ6HUJTZTZR4,CA-NC-00000116,118,SINGLE_FAMILY,2305.0,3,RENTED,38-5828-937
U-29RXGORZUT86,CA-NC-00000116,119,TOWNHOME,1857.0,2,RENTED,58-3458-572
U-FSK6A1HFIWFP,CA-NC-00000116,120,TOWNHOME,1083.0,3,OWNER_OCCUPIED,21-2783-673
U-FMFNNFLTQYRV,CA-NC-00000116,121,SINGLE_FAMILY,3092.0,4,OWNER_OCCUPIED,17-1796-546
U-UU234HE9TKVW,CA-NC-00000116,122,TOWNHOME,2405.0,2,OWNER_OCCUPIED,75-2805-479
U-JEBDPL68IUCS,CA-NC-00000116,123,SINGLE_FAMILY,1971.0,4,RENTED,64-3394-312
U-BR2HPFF1YULY,CA-NC-00000116,124,TOWNHOME,2216.0,2,OWNER_OCCUPIED,79-6612-143
U-IJ8NHG04UVQ8,CA-NC-00000116,125,TOWNHOME,691.0,2,OWNER_OCCUPIED,72-3662-474
U-GBQJI0SWV2LN,CA-NC-00000116,126,TOWNHOME,1140.0,3,OWNER_OCCUPIED,10-2088-438
U-WJEDA5T0UF22,CA-NC-00000116,127,SINGLE_FAMILY,1058.0,2,RENTED,33-5344-984
U-6O1YD3O5JLYE,CA-NC-00000116,128,SINGLE_FAMILY,2001.0,2,VACANT,94-4886-915
U-SSRELWBRXQ32,CA-NC-00000116,129,TOWNHOME,1838.0,1,OWNER_OCCUPIED,18-8115-164
U-4APMVS0KA1UX,CA-NC-00000116,130,SINGLE_FAMILY,1342.0,1,RENTED,18-1188-431
U-ATGW6O9YM641,CA-NC-00000116,131,TOWNHOME,,2,OWNER_OCCUPIED,
U-EC2UZV0GK67Y,CA-NC-00000116,132,TOWNHOME,1413.0,3,RENTED,35-4287-895
U-H5I4DBI9GOK7,CA-NC-00000116,133,TOWNHOME,2824.0,2,OWNER_OCCUPIED,64-5730-137
U-XEJMAMD0251L,CA-NC-00000116,134,TOWNHOME,2091.0,2,OWNER_OCCUPIED,18-9599-254
U-GYDRGR0GCG2K,CA-NC-00000116,135,SINGLE_FAMILY,2594.0,2,OWNER_OCCUPIED,10-1928-986
U-DRDARN70IPP9,CA-NC-00000116,136,TOWNHOME,2803.0,3,OWNER_OCCUPIED,87-8899-753
U-Q1ZP6LIV6RMG,CA-NC-00000116,137,TOWNHOME,2048.0,2,OWNER_OCCUPIED,43-6246-568
U-D34Q7549UM6S,CA-NC-00000116,138,SINGLE_FAMILY,1922.0,3,OWNER_OCCUPIED,67-1147-644
U-DGFHJ5NFOG6Y,CA-NC-00000116,139,SINGLE_FAMILY,731.0,5,RENTED,40-9335-167
U-QC62Y7JN3SVD,CA-NC-00000116,140,TOWNHOME,2617.0,5,OWNER_OCCUPIED,39-3054-995
U-69FWYVEXC6OH,CA-NC-00000116,141,TOWNHOME,1838.0,3,RENTED,37-3002-633
U-R5BVUBXCJT86,CA-NC-00000116,142,SINGLE_FAMILY,2345.0,2,OWNER_OCCUPIED,30-5446-822
U-MSNWQFXNM4YO,CA-NC-00000116,143,SINGLE_FAMILY,2972.0,2,VACANT,70-6600-259
U-6GLF7S9EFVBR,CA-NC-00000116,144,TOWNHOME,3091.0,3,OWNER_OCCUPIED,20-9096-335
U-FSBH63FGBKWR,CA-NC-00000116,145,TOWNHOME,1061.0,3,RENTED,67-7803-824
U-B9WD7632ZP23,CA-NC-00000116,146,TOWNHOME,2557.0,3,OWNER_OCCUPIED,50-5235-452
U-62Z10I4LYCEK,CA-NC-00000116,147,TOWNHOME,2488.0,4,OWNER_OCCUPIED,66-3264-740
U-RCKYDMSJN7LZ,CA-NC-00000116,148,SINGLE_FAMILY,2594.0,3,RENTED,66-9508-837
U-SWHMMR7LV1HH,CA-NC-00000116,149,TOWNHOME,2359.0,3,OWNER_OCCUPIED,40-8096-662
U-WL7OZ4X88HO5,CA-NC-00000116,150,SINGLE_FAMILY,1218.0,2,RENTED,97-2453-263
U-113O5CJE9EP2,CA-NC-00000116,151,SINGLE_FAMILY,1783.0,1,RENTED,35-5135-627
U-9LFB0P050YIZ,CA-NC-00000116,152,SINGLE_FAMILY,1534.0,5,OWNER_OCCUPIED,30-7561-476
U-KGEVNF21USLO,CA-NC-00000116,153,SINGLE_FAMILY,713.0,4,RENTED,46-9383-257
U-J27JAA94ZRZR,CA-NC-00000116,154,TOWNHOME,2541.0,1,OWNER_OCCUPIED,51-3722-803
U-QYUG28A7HTZW,CA-CO-00000117,31F,CONDO_UNIT,795.0,4,OWNER_OCCUPIED,62-9065-669
U-GWOCAX7VIC26,CA-CO-00000117,40H,CONDO_UNIT,1079.0,2,RENTED,69-7747-754
U-P3MJYGQ6ZCJ2,CA-CO-00000117,14H,CONDO_UNIT,2661.0,2,OWNER_OCCUPIED,32-6823-412
U-QD3UWEWVXLMG,CA-CO-00000117,10E,CONDO_UNIT,3076.0,2,VACANT,25-8409-530
U-SKLQ7AWOFSMS,CA-CO-00000117,20E,CONDO_UNIT,,1,RENTED,73-3741-953
U-F45DPMSSYWM2,CA-CO-00000117,6F,CONDO_UNIT,2233.0,2,OWNER_OCCUPIED,68-1341-996
U-3NGLKB1ZNYZI,CA-CO-00000117,9F,CONDO_UNIT,3065.0,1,OWNER_OCCUPIED,52-6414-629
U-FX71HSPUKR3Z,CA-CO-00000117,30H,CONDO_UNIT,1339.0,2,OWNER_OCCUPIED,97-7764-822
U-G8U5V376469C,CA-CO-00000117,32E,CONDO_UNIT,2535.0,2,OWNER_OCCUPIED,67-6771-173
U-H2B29A0BREH8,CA-CO-00000117,5B,CONDO_UNIT,2355.0,3,VACANT,39-4685-776
U-ECFPINXNIFOA,CA-CO-00000117,10F,CONDO_UNIT,1170.0,4,OWNER_OCCUPIED,52-2312-446
U-64WFCXM0DUOY,CA-CO-00000117,9F,CONDO_UNIT,888.0,2,OWNER_OCCUPIED,90-9253-722
U-Y7S16B9FZ8LR,CA-CO-00000117,27D,CONDO_UNIT,2998.0,3,OWNER_OCCUPIED,46-6431-228
U-N4XMASRXRDQO,CA-CO-00000117,14G,CONDO_UNIT,2201.0,2,RENTED,18-6509-701
U-6RT5G69SL1HA,CA-CO-00000117,37D,CONDO_UNIT,2443.0,4,RENTED,53-9394-711
U-K71OUC93WJ08,CA-CO-00000117,12D,CONDO_UNIT,2920.0,3,RENTED,54-6804-362
U-RRTXBUR2DBAV,CA-CO-00000117,20D,CONDO_UNIT,897.0,4,RENTED,67-9882-556
U-GYXQRW39HPPD,CA-CO-00000117,32G,CONDO_UNIT,2460.0,2,OWNER_OCCUPIED,55-8719-208
U-88QUFET28RTL,CA-CO-00000117,21G,CONDO_UNIT,2960.0,1,OWNER_OCCUPIED,41-5890-822
U-P8KYLTMGNP7C,CA-CO-00000117,32G,CONDO_UNIT,1480.0,4,OWNER_OCCUPIED,35-6158-450
U-MPNHJZU7JZHP,CA-CO-00000117,30A,CONDO_UNIT,1067.0,3,VACANT,18-2012-994
U-IGWHVRGVA7IX,CA-CO-00000117,33E,CONDO_UNIT,1625.0,3,OWNER_OCCUPIED,
U-TEZFOA4TZMZV,CA-CO-00000117,36F,CONDO_UNIT,2441.0,3,RENTED,72-5926-684
U-WDJVMW4Q4HHQ,CA-CO-00000117,36D,CONDO_UNIT,2312.0,3,RENTED,83-5602-494
U-ECO2A4TGZGOP,CA-CO-00000117,31E,CONDO_UNIT,1965.0,3,VACANT,82-7757-869
U-A20HP7JH190G,CA-CO-00000117,13G,CONDO_UNIT,3134.0,3,RENTED,46-7050-104
U-594RC8FONWOK,CA-CO-00000117,25C,CONDO_UNIT,905.0,2,OWNER_OCCUPIED,24-6807-721
U-VX1XHNFH4ZWW,CA-CO-00000117,5B,CONDO_UNIT,,2,RENTED,23-8927-716
U-X8TF164G1U85,CA-CO-00000117,35E,CONDO_UNIT,668.0,4,RENTED,73-5374-941
U-GKJ3XS07E7OH,CA-CO-00000117,38H,CONDO_UNIT,1615.0,3,OWNER_OCCUPIED,31-6617-995
U-A07MTLTAEYK8,CA-CO-00000117,15C,CONDO_UNIT,2771.0,3,OWNER_OCCUPIED,83-4834-703
U-5SOEH97C4A9E,CA-CO-00000117,37D,CONDO_UNIT,,2,OWNER_OCCUPIED,69-9841-161
U-TAVB2BWZ0LGF,CA-CO-00000117,7G,CONDO_UNIT,1446.0,4,RENTED,31-2988-124
U-FDLF56RD3U8Q,CA-CO-00000117,18C,CONDO_UNIT,2625.0,4,OWNER_OCCUPIED,87-9308-960
U-FMBQ7GY19TL4,CA-CO-00000117,15H,CONDO_UNIT,849.0,2,RENTED,55-8577-389
U-XL2P8NZZ6IBB,CA-CO-00000117,22A,CONDO_UNIT,766.0,3,RENTED,84-4453-149
U-L9PLMWE15OYT,CA-CO-00000117,10A,CONDO_UNIT,2130.0,2,OWNER_OCCUPIED,53-1364-607
U-SB1OO1JZHXJY,CA-CO-00000117,3D,CONDO_UNIT,1252.0,2,RENTED,26-8959-596
U-9CS6TJFDNH0A,CA-CO-00000117,36E,CONDO_UNIT,2061.0,2,OWNER_OCCUPIED,34-3890-417
U-05674D3VHMKZ,CA-CO-00000117,12C,CONDO_UNIT,2290.0,2,RENTED,49-4295-462
U-UXNCDQEPFOL0,CA-CO-00000117,39D,CONDO_UNIT,1077.0,3,OWNER_OCCUPIED,93-5065-459
U-WYSZZI9KNOER,CA-CO-00000117,1G,CONDO_UNIT,2385.0,2,OWNER_OCCUPIED,26-8389-709
U-EE0GVC50QW76,CA-CO-00000117,27A,CONDO_UNIT,,2,OWNER_OCCUPIED,73-9863-888
U-DPJMJPG8XC7V,CA-GA-00000118,100,TOWNHOME,873.0,2,RENTED,17-9580-121
U-Q63S3HDZ9HQK,CA-GA-00000118,101,SINGLE_FAMILY,891.0,3,RENTED,
U-Z8RQHYL6ONB6,CA-GA-00000118,102,TOWNHOME,1488.0,2,VACANT,98-4116-893
U-S71EUULO17CK,CA-GA-00000118,103,SINGLE_FAMILY,2061.0,3,OWNER_OCCUPIED,52-8282-336
U-QVT81KPDG9O9,CA-GA-00000118,104,SINGLE_FAMILY,2420.0,1,OWNER_OCCUPIED,91-4153-162
U-IABSCAH3T8VD,CA-GA-00000118,105,TOWNHOME,2572.0,4,RENTED,66-1222-768
U-AGFUDMFL8NNB,CA-GA-00000118,106,TOWNHOME,1230.0,2,OWNER_OCCUPIED,33-9859-803
U-GNJXD6TU0JOU,CA-GA-00000118,107,SINGLE_FAMILY,746.0,3,OWNER_OCCUPIED,38-7299-822
U-NKTV3PLMTK85,CA-GA-00000118,108,SINGLE_FAMILY,751.0,3,OWNER_OCCUPIED,47-1811-717
U-3E3WJ1Z3LDBM,CA-GA-00000118,109,TOWNHOME,3186.0,3,OWNER_OCCUPIED,41-6062-360
U-UN5AAE7JU9CU,CA-GA-00000118,110,TOWNHOME,,5,OWNER_OCCUPIED,48-5554-770
U-YLL5M5MC921A,CA-GA-00000118,111,SINGLE_FAMILY,1512.0,3,OWNER_OCCUPIED,99-5752-885
U-LFLFPF0Q2GZE,CA-GA-00000118,112,TOWNHOME,3035.0,5,RENTED,88-6873-617
U-9PHURV3OMBAB,CA-GA-00000118,113,TOWNHOME,2938.0,2,RENTED,88-4935-124
U-JTR29TEI54K9,CA-GA-00000118,114,TOWNHOME,1550.0,4,OWNER_OCCUPIED,14-9484-962
U-FMERB5M8P8KL,CA-GA-00000118,115,SINGLE_FAMILY,1018.0,2,RENTED,30-4234-757
U-5S2LSUQV4PV8,CA-GA-00000118,116,TOWNHOME,685.0,2,OWNER_OCCUPIED,66-8131-207
U-JWXFAZ77CYDS,CA-GA-00000118,117,SINGLE_FAMILY,1001.0,5,OWNER_OCCUPIED,82-5233-422
U-RXA9NBKBDKSD,CA-GA-00000118,118,SINGLE_FAMILY,3186.0,3,RENTED,26-5477-827
U-EADFYWJF74I7,CA-TX-00000119,16H,CONDO_UNIT,1091.0,2,OWNER_OCCUPIED,98-6388-401
U-BZD2LW8D6QOD,CA-TX-00000119,12H,CONDO_UNIT,708.0,2,OWNER_OCCUPIED,25-5855-694
U-3HOPZFD35RXZ,CA-TX-00000119,21C,CONDO_UNIT,1426.0,2,OWNER_OCCUPIED,98-1514-973
U-ZNZ2R63K7IJN,CA-TX-00000119,13E,CONDO_UNIT,2089.0,3,VACANT,86-4404-312
U-H5VN2UGAF6C6,CA-TX-00000119,3G,CONDO_UNIT,1914.0,2,OWNER_OCCUPIED,45-9478-881
U-1GU5EUYATXZE,CA-TX-00000119,22D,CONDO_UNIT,,5,OWNER_OCCUPIED,13-2778-515
U-GSLQJTH4QYM2,CA-TX-00000119,20F,CONDO_UNIT,1417.0,3,OWNER_OCCUPIED,12-5247-750
U-5NE6TBVPPY9L,CA-TX-00000119,37B,CONDO_UNIT,837.0,3,RENTED,54-2285-176
U-ZEAM7M7Q2B7I,CA-TX-00000119,38A,CONDO_UNIT,,2,OWNER_OCCUPIED,71-9108-461
U-KKHX488ZP7HQ,CA-TX-00000119,22E,CONDO_UNIT,903.0,2,OWNER_OCCUPIED,86-1665-643
U-Y48TR9HLW2EB,CA-TX-00000119,10B,CONDO_UNIT,,4,OWNER_OCCUPIED,61-9839-889
U-RWP0VFB5TJDU,CA-TX-00000119,28E,CONDO_UNIT,2546.0,4,VACANT,63-8748-265
U-4CLKR0VGKPIQ,CA-TX-00000119,27H,CONDO_UNIT,2947.0,2,RENTED,52-1388-613
U-S3NGPWBWHC9I,CA-TX-00000119,31C,CONDO_UNIT,937.0,3,OWNER_OCCUPIED,24-4706-389
U-TR7ZXP2W8KD1,CA-TX-00000119,1H,CONDO_UNIT,3104.0,2,OWNER_OCCUPIED,63-5563-108
U-REUVI6QCWB4B,CA-TX-00000119,10G,CONDO_UNIT,963.0,4,RENTED,33-4588-646
U-8NUPYOMVG2O3,CA-TX-00000119,20C,CONDO_UNIT,1304.0,3,OWNER_OCCUPIED,92-2897-511
U-PTBP33SA0IWH,CA-TX-00000119,10D,CONDO_UNIT,2501.0,3,VACANT,83-1209-622
U-1IYR8A92VNBB,CA-TX-00000119,16E,CONDO_UNIT,1673.0,2,OWNER_OCCUPIED,15-6278-865
U-N0EZC3HB9YTA,CA-TX-00000119,25B,CONDO_UNIT,2378.0,2,OWNER_OCCUPIED,34-7237-972
U-K7ECFR6DBFGI,CA-TX-00000119,6C,CONDO_UNIT,1985.0,3,OWNER_OCCUPIED,77-8206-613
U-6SO8U5VD55PG,CA-TX-00000119,23E,CONDO_UNIT,1062.0,2,RENTED,86-3060-193
U-K5DE2HE58GX7,CA-TX-00000119,8F,CONDO_UNIT,2409.0,2,OWNER_OCCUPIED,35-3601-350
U-0X38FC6QIK3F,CA-TX-00000119,40H,CONDO_UNIT,1797.0,4,OWNER_OCCUPIED,72-3040-403
U-ZMFF5NJUMH0K,CA-TX-00000119,23B,CONDO_UNIT,3156.0,3,RENTED,68-5359-541
U-SQXWO1EZCNH3,CA-TX-00000119,2B,CONDO_UNIT,1808.0,4,RENTED,30-5212-253
U-C0RBTSO0L5IN,CA-TX-00000119,21E,CONDO_UNIT,1942.0,4,RENTED,36-2660-415
U-1TTJWYXGCJFQ,CA-TX-00000119,31E,CONDO_UNIT,1807.0,1,OWNER_OCCUPIED,23-2005-622
U-DEEEFAVEUMPS,CA-TX-00000119,17G,CONDO_UNIT,1464.0,2,RENTED,86-8728-224
U-G55XQRZWQ9MP,CA-TX-00000119,35D,CONDO_UNIT,955.0,2,OWNER_OCCUPIED,29-4006-144
U-ROH7QJ900V56,CA-TX-00000119,12D,CONDO_UNIT,1945.0,3,OWNER_OCCUPIED,69-9742-514
U-ZDJT4FDUADIP,CA-TX-00000119,3A,CONDO_UNIT,2503.0,3,OWNER_OCCUPIED,96-7094-138
U-FK3UYARCR4ZM,CA-TX-00000119,37A,CONDO_UNIT,2919.0,2,OWNER_OCCUPIED,86-8019-389
U-94TYOCZR0V46,CA-TX-00000119,29E,CONDO_UNIT,2143.0,2,OWNER_OCCUPIED,74-2524-389
U-I3J5NQTGOQP4,CA-TX-00000119,29G,CONDO_UNIT,1251.0,4,RENTED,28-5533-601
U-72WZUQUG8DIH,CA-TX-00000119,24E,CONDO_UNIT,2085.0,2,OWNER_OCCUPIED,85-5937-526
U-VPI2RD6CVIUD,CA-TX-00000119,28G,CONDO_UNIT,2862.0,1,OWNER_OCCUPIED,72-2193-148
U-1NMJ5Y4QG1KP,CA-TX-00000119,40B,CONDO_UNIT,3180.0,5,OWNER_OCCUPIED,42-2071-975
U-9FQNFR7UC5WO,CA-TX-00000119,27B,CONDO_UNIT,2997.0,4,OWNER_OCCUPIED,21-8214-753
U-JA6LH1EAOFXT,CA-TX-00000119,31A,CONDO_UNIT,1146.0,3,OWNER_OCCUPIED,59-5049-925
U-2B5N1WUHH7WH,CA-TX-00000119,11B,CONDO_UNIT,2821.0,3,OWNER_OCCUPIED,17-2948-335
U-G5YZMRWH2VBW,CA-TX-00000119,4H,CONDO_UNIT,2000.0,3,RENTED,27-3910-313
U-HB7VVC4A2R24,CA-TX-00000119,1B,CONDO_UNIT,2101.0,3,OWNER_OCCUPIED,80-6346-679
U-RZHFX9JSFVX7,CA-TX-00000119,27A,CONDO_UNIT,1803.0,4,OWNER_OCCUPIED,40-4588-889
U-80MCN39PQG7X,CA-TX-00000119,31B,CONDO_UNIT,2721.0,2,OWNER_OCCUPIED,44-2527-327
U-BHO4T69W9YX1,CA-TX-00000119,17E,CONDO_UNIT,920.0,2,VACANT,73-1944-271
U-QBLSDMTUP8J5,CA-TX-00000119,19G,CONDO_UNIT,1367.0,2,OWNER_OCCUPIED,
U-W3PC7G4GBC8P,CA-TX-00000119,3B,CONDO_UNIT,1373.0,3,OWNER_OCCUPIED,97-8487-264
U-DD4QJMGFPIAJ,CA-TX-00000119,8D,CONDO_UNIT,1131.0,2,RENTED,70-5705-838
U-OW0PD4AYPOD0,CA-TX-00000119,19G,CONDO_UNIT,2765.0,3,RENTED,22-3746-721
U-0Q9NP3WVM5YB,CA-TX-00000119,14D,CONDO_UNIT,877.0,2,OWNER_OCCUPIED,97-4043-297
U-24WHNPR5C8EV,CA-TX-00000119,32D,CONDO_UNIT,,1,OWNER_OCCUPIED,86-7373-717
U-HK7H09BCTB8Z,CA-TX-00000119,8G,CONDO_UNIT,1922.0,1,OWNER_OCCUPIED,26-4272-890
U-K222ZJTGPC3A,CA-TX-00000119,22A,CONDO_UNIT,1716.0,1,OWNER_OCCUPIED,32-4680-635
U-XXMKTLSU8IAY,CA-TX-00000119,19C,CONDO_UNIT,784.0,3,RENTED,41-2988-377
U-F7NHWIC9LOBI,CA-TX-00000119,35E,CONDO_UNIT,2657.0,3,RENTED,50-9670-777
U-WW0CQAK666N5,CA-TX-00000119,18H,CONDO_UNIT,1751.0,3,OWNER_OCCUPIED,87-3972-833
U-38S30F7M0Z5K,CA-TX-00000119,14G,CONDO_UNIT,973.0,3,OWNER_OCCUPIED,73-9333-744
U-UI4PRNJCZOEF,CA-TX-00000119,21F,CONDO_UNIT,3147.0,3,RENTED,54-1130-142
U-QWZY6HFJN4M3,CA-TX-00000119,16H,CONDO_UNIT,2257.0,3,OWNER_OCCUPIED,61-3231-466
U-DGS6FAXC6Y53,CA-CA-00000120,30B,CONDO_UNIT,3131.0,2,OWNER_OCCUPIED,44-7415-521
U-Y6F0ZQ9FEU5D,CA-CA-00000120,30H,CONDO_UNIT,2236.0,4,OWNER_OCCUPIED,26-4910-185
U-OTYWXDZ4MT6E,CA-CA-00000120,4B,CONDO_UNIT,,3,OWNER_OCCUPIED,72-6226-663
U-1SVV8I3U48FJ,CA-CA-00000120,19B,CONDO_UNIT,1193.0,3,RENTED,39-5410-139
U-6I7QEQKFON23,CA-CA-00000120,33A,CONDO_UNIT,1339.0,1,RENTED,22-8452-694
U-1LQ9ADX87N6C,CA-CA-00000120,19G,CONDO_UNIT,3113.0,2,VACANT,18-7219-962
U-CW3Z2798NVN4,CA-CA-00000120,40G,CONDO_UNIT,970.0,3,OWNER_OCCUPIED,49-2462-867
U-J7DQS3M8O3LV,CA-CA-00000120,3D,CONDO_UNIT,3160.0,2,OWNER_OCCUPIED,46-5256-485
U-Q6NW99KRWT7X,CA-CA-00000120,28A,CONDO_UNIT,1665.0,1,VACANT,71-6970-749
U-T7FAXRQKSEYN,CA-CA-00000120,3C,CONDO_UNIT,2101.0,3,RENTED,49-7709-312
U-SPMG9WO84U2J,CA-CA-00000120,35B,CONDO_UNIT,2331.0,3,RENTED,28-4921-676
U-13G9O4WM8VRB,CA-CA-00000120,14A,CONDO_UNIT,956.0,2,OWNER_OCCUPIED,21-2916-935
U-8S0I7KXS8FPT,CA-CA-00000120,14B,CONDO_UNIT,2719.0,2,RENTED,77-5015-801
U-FJ5B374LKTTX,CA-CA-00000120,36D,CONDO_UNIT,3127.0,4,OWNER_OCCUPIED,59-9063-223
U-Z305T2L4ZKG3,CA-CA-00000120,17C,CONDO_UNIT,1530.0,3,OWNER_OCCUPIED,17-1062-299
U-OA8GCBQL2SJQ,CA-CA-00000120,16B,CONDO_UNIT,1675.0,4,RENTED,31-6698-611
U-2BLIBHK5FCW3,CA-CA-00000120,18H,CONDO_UNIT,854.0,3,OWNER_OCCUPIED,87-4544-921
U-UY9GFZCGJEE0,CA-CA-00000120,24C,CONDO_UNIT,921.0,4,OWNER_OCCUPIED,37-4123-158
U-0N3OYGT3ZLBU,CA-CA-00000120,37A,CONDO_UNIT,,3,OWNER_OCCUPIED,65-8483-648
U-UP65USZHFFBR,CA-CA-00000120,3D,CONDO_UNIT,2117.0,1,RENTED,95-7734-552
U-7ZQURASIGNPF,CA-CA-00000120,16H,CONDO_UNIT,3164.0,1,RENTED,65-3449-497
U-WVRG14ECPEL0,CA-CA-00000120,17E,CONDO_UNIT,1797.0,3,OWNER_OCCUPIED,28-4167-551
U-3PL6TDVEMD3N,CA-CA-00000120,28F,CONDO_UNIT,1678.0,2,OWNER_OCCUPIED,36-1181-997
U-EIFYRA0ZH489,CA-CA-00000120,3H,CONDO_UNIT,1257.0,2,RENTED,60-2605-568
U-5AJTPW0JJNFB,CA-CA-00000120,14A,CONDO_UNIT,1336.0,1,VACANT,70-1072-656
U-KR719U7TJQ2J,CA-CA-00000120,37C,CONDO_UNIT,2497.0,2,VACANT,16-9610-690
U-3TJ44R0SHGDB,CA-CA-00000120,24C,CONDO_UNIT,2907.0,3,OWNER_OCCUPIED,62-6671-929
U-OO3TKAHAYGO0,CA-CA-00000120,33D,CONDO_UNIT,1891.0,1,RENTED,55-2137-390
U-NZEVYKJEQ8JD,CA-CA-00000120,29A,CONDO_UNIT,2995.0,4,OWNER_OCCUPIED,87-1883-894
U-OGI2RBPJJPFV,CA-CA-00000120,13E,CONDO_UNIT,1048.0,3,OWNER_OCCUPIED,64-5145-107
U-3EBM9TI45L2U,CA-CA-00000120,19G,CONDO_UNIT,2874.0,3,OWNER_OCCUPIED,
U-A3I98TYBIH7B,CA-CA-00000120,14G,CONDO_UNIT,1018.0,2,OWNER_OCCUPIED,83-5025-543
U-2OUUWYTJA7A3,CA-CA-00000120,3F,CONDO_UNIT,1370.0,2,OWNER_OCCUPIED,77-5806-570
U-VVDRQZZGYQFC,CA-CA-00000120,38H,CONDO_UNIT,1240.0,3,RENTED,70-4984-413
U-EJ4RKSP51XLP,CA-CA-00000120,2F,CONDO_UNIT,1748.0,3,OWNER_OCCUPIED,74-2323-629
U-OSNH57RERNOG,CA-CA-00000120,25E,CONDO_UNIT,3084.0,4,OWNER_OCCUPIED,21-4748-538
U-CRWWFBIWWH3H,CA-CA-00000120,11C,CONDO_UNIT,1711.0,3,OWNER_OCCUPIED,45-7106-565
U-FUNESROWRMUS,CA-CA-00000120,39G,CONDO_UNIT,,3,OWNER_OCCUPIED,56-8125-253
U-FEQKRXETLMHT,CA-CA-00000120,8E,CONDO_UNIT,1046.0,3,VACANT,22-8851-681
U-MNDDOPV5QOUH,CA-CA-00000120,28B,CONDO_UNIT,1473.0,2,OWNER_OCCUPIED,55-9864-905
U-ZUC73QFLJ6PA,CA-CA-00000120,4H,CONDO_UNIT,1736.0,4,VACANT,13-4629-819
U-7UCVKWBA16ZU,CA-CA-00000120,12B,CONDO_UNIT,1808.0,3,OWNER_OCCUPIED,55-4130-481
U-HL51GWZ4LX4G,CA-CA-00000120,20G,CONDO_UNIT,1192.0,4,RENTED,79-3020-176
U-PL55XX3DMS7F,CA-CA-00000120,13C,CONDO_UNIT,1996.0,3,RENTED,94-2687-156
U-Q5N1H21A3ECC,CA-CA-00000120,36G,CONDO_UNIT,2843.0,2,RENTED,78-8969-590
U-LADCANXBK9FK,CA-CA-00000120,38H,CONDO_UNIT,2660.0,4,OWNER_OCCUPIED,65-8421-939
U-YC2VZOR72340,CA-CA-00000120,28A,CONDO_UNIT,2070.0,2,OWNER_OCCUPIED,
U-X06HACH45BYK,CA-CA-00000120,6B,CONDO_UNIT,1430.0,2,OWNER_OCCUPIED,26-5472-532
U-KNKW3WVX7VZN,CA-CA-00000120,7A,CONDO_UNIT,1790.0,4,RENTED,60-2325-531
U-Q5S6Q9GAX602,CA-CA-00000120,9E,CONDO_UNIT,1542.0,2,RENTED,59-2992-560
U-HXQYUS1SQIGS,CA-CA-00000120,27D,CONDO_UNIT,1631.0,1,OWNER_OCCUPIED,99-2945-594
U-6EP466Q6IE8M,CA-CA-00000120,34C,CONDO_UNIT,3080.0,2,OWNER_OCCUPIED,49-1068-438
U-SUWCQ1VC911M,CA-CA-00000120,34D,CONDO_UNIT,1690.0,2,OWNER_OCCUPIED,62-8619-805
U-R5DT2V6K2TAA,CA-CA-00000120,35G,CONDO_UNIT,1116.0,4,OWNER_OCCUPIED,23-7679-150
U-6EEUP2I0YH47,CA-CA-00000120,31A,CONDO_UNIT,2424.0,4,OWNER_OCCUPIED,36-4879-523
U-R3NEK993WYW9,CA-CA-00000120,8B,CONDO_UNIT,1948.0,3,OWNER_OCCUPIED,20-5138-505
U-N7W1Q3Q4RSSV,CA-CA-00000120,32F,CONDO_UNIT,1183.0,3,RENTED,53-9721-617
U-PUD4TXAWQGBO,CA-CA-00000120,34B,CONDO_UNIT,1861.0,3,RENTED,34-2789-769
U-GOK3UY885SAD,CA-CA-00000120,27B,CONDO_UNIT,664.0,3,OWNER_OCCUPIED,66-5891-630
U-M3BQ6DPQ2TKE,CA-CA-00000120,25A,CONDO_UNIT,2996.0,1,OWNER_OCCUPIED,21-6271-273
U-AISUFL476CA1,CA-NC-00000121,19A,CONDO_UNIT,2917.0,5,OWNER_OCCUPIED,86-8083-200
U-2XVCIRQEZL20,CA-NC-00000121,23F,CONDO_UNIT,1280.0,1,OWNER_OCCUPIED,68-6056-509
U-6ZB1ROCW1YJZ,CA-NC-00000121,16D,CONDO_UNIT,2246.0,3,OWNER_OCCUPIED,96-3250-518
U-BX2LDFAJTK3S,CA-NC-00000121,38F,CONDO_UNIT,2480.0,3,OWNER_OCCUPIED,14-5302-639
U-BQ68LSJJELD3,CA-NC-00000121,21H,CONDO_UNIT,,3,OWNER_OCCUPIED,77-3789-702
U-BETDM18XDY31,CA-NC-00000121,4A,CONDO_UNIT,1349.0,3,OWNER_OCCUPIED,31-9268-538
U-1KYJ4V7KRO6X,CA-NC-00000121,6E,CONDO_UNIT,2822.0,2,OWNER_OCCUPIED,48-8532-154
U-UM9JXP1L3LVB,CA-NC-00000121,4B,CONDO_UNIT,2085.0,2,VACANT,53-1010-848
U-Y2QNR2IN7SRV,CA-NC-00000121,38A,CONDO_UNIT,821.0,3,RENTED,42-8736-284
U-3QU663O2FFUS,CA-NC-00000121,34D,CONDO_UNIT,2221.0,5,OWNER_OCCUPIED,61-8641-465
U-XSHN3YMBRM16,CA-NC-00000121,21A,CONDO_UNIT,,2,OWNER_OCCUPIED,92-8871-108
U-K87ZZAE92CE4,CA-NC-00000121,19F,CONDO_UNIT,3186.0,2,OWNER_OCCUPIED,31-1535-993
U-O8B8O8OPZEZD,CA-NC-00000121,3H,CONDO_UNIT,,2,OWNER_OCCUPIED,60-1410-459
U-NTIXO9UBKWW5,CA-NC-00000121,19E,CONDO_UNIT,3051.0,3,RENTED,65-4766-827
U-5S6V3GMW50BD,CA-NC-00000121,32C,CONDO_UNIT,1684.0,2,VACANT,22-3246-240
U-COWHW41NPJJS,CA-NC-00000121,34C,CONDO_UNIT,2747.0,2,OWNER_OCCUPIED,97-7885-464
U-Z7GY73B5EQ44,CA-NC-00000121,39C,CONDO_UNIT,2952.0,3,OWNER_OCCUPIED,50-7350-242
U-I0N54NE3ROWV,CA-NC-00000121,5H,CONDO_UNIT,2227.0,3,OWNER_OCCUPIED,87-5774-650
U-RDGOQXNQKMQM,CA-NC-00000121,15G,CONDO_UNIT,2748.0,2,OWNER_OCCUPIED,28-5327-692
U-CYNZ3OSSIGJQ,CA-NC-00000121,20C,CONDO_UNIT,1399.0,3,OWNER_OCCUPIED,66-5042-981
U-TRMV1BH4XY1M,CA-NC-00000121,8A,CONDO_UNIT,1041.0,1,OWNER_OCCUPIED,46-5412-692
U-21EX4KVHY58P,CA-NC-00000121,12C,CONDO_UNIT,1974.0,2,RENTED,30-7448-988
U-C8BLU0QKN78E,CA-NC-00000121,11E,CONDO_UNIT,2783.0,2,OWNER_OCCUPIED,
U-KIYDFJYI2YIR,CA-NC-00000121,24A,CONDO_UNIT,1065.0,4,OWNER_OCCUPIED,42-2580-958
U-IFWJ9ZQ9H6VR,CA-NC-00000121,35G,CONDO_UNIT,1227.0,3,OWNER_OCCUPIED,27-5609-762
U-UOQ0DD8ADLFU,CA-NC-00000121,23A,CONDO_UNIT,,1,OWNER_OCCUPIED,48-8000-653
U-8I1PD9UE7HWX,CA-NC-00000121,17H,CONDO_UNIT,1155.0,3,OWNER_OCCUPIED,27-6542-369
U-HON55WPOCIN4,CA-NC-00000121,30H,CONDO_UNIT,2223.0,2,RENTED,73-2924-637
U-ZH0FQYYXTOK8,CA-NC-00000121,40H,CONDO_UNIT,1525.0,2,OWNER_OCCUPIED,41-9900-510
U-H06X6H8LW6GK,CA-NC-00000121,34G,CONDO_UNIT,762.0,4,RENTED,58-8572-283
U-SW5M723TICYV,CA-NC-00000121,25D,CONDO_UNIT,2531.0,4,OWNER_OCCUPIED,43-3351-441
U-0RX4H5XGY2K8,CA-NC-00000121,40D,CONDO_UNIT,1978.0,2,OWNER_OCCUPIED,63-7677-480
U-72LAQFVKIFA9,CA-NC-00000121,23E,CONDO_UNIT,1100.0,2,OWNER_OCCUPIED,84-5219-331
U-GCIW20OL3FDF,CA-NC-00000121,1E,CONDO_UNIT,1331.0,2,RENTED,23-8419-214
U-RGHXZWE2H7TO,CA-NC-00000121,7C,CONDO_UNIT,1439.0,2,OWNER_OCCUPIED,17-8519-465
U-EW03X21O3RYF,CA-NC-00000121,11D,CONDO_UNIT,977.0,2,OWNER_OCCUPIED,96-2983-511
U-HQNYERWE1HAS,CA-NC-00000121,26H,CONDO_UNIT,2433.0,2,OWNER_OCCUPIED,99-1518-323
U-S9H8JUJIKQ3S,CA-NC-00000121,1A,CONDO_UNIT,936.0,4,RENTED,33-2144-122
U-4QJW10TZ7OB0,CA-NC-00000121,17C,CONDO_UNIT,935.0,4,OWNER_OCCUPIED,63-6298-865
U-6R2IL6NPSESV,CA-NC-00000121,30E,CONDO_UNIT,1930.0,3,RENTED,80-6878-243
U-1HVBOOV8MI19,CA-NC-00000121,29H,CONDO_UNIT,2071.0,3,OWNER_OCCUPIED,28-2233-806
U-1AJ7D94RGOI9,CA-NC-00000121,9E,CONDO_UNIT,2634.0,2,OWNER_OCCUPIED,60-9857-298
U-BEZD8M6DZ871,CA-NC-00000121,33F,CONDO_UNIT,3171.0,2,OWNER_OCCUPIED,49-9062-783
U-NWY4JEGVMTZG,CA-NC-00000121,1A,CONDO_UNIT,2429.0,3,OWNER_OCCUPIED,86-5267-223
U-UZHX72DFIRKV,CA-NC-00000121,6D,CONDO_UNIT,2528.0,3,OWNER_OCCUPIED,61-7597-971
U-68G5ZX769BUD,CA-NC-00000121,6H,CONDO_UNIT,2383.0,3,RENTED,88-7588-590
U-E1UCBBLN2MX1,CA-NC-00000121,26H,CONDO_UNIT,1107.0,2,OWNER_OCCUPIED,29-7978-390
U-ZPWG6KBC78RG,CA-NC-00000121,28D,CONDO_UNIT,1024.0,3,OWNER_OCCUPIED,93-5531-436
U-5NNUWORJ00GP,CA-NC-00000121,33E,CONDO_UNIT,1814.0,3,OWNER_OCCUPIED,99-6695-214
U-YH5YRY4I9O5A,CA-NC-00000121,33A,CONDO_UNIT,,3,OWNER_OCCUPIED,14-2524-660
U-B4ULLYV6LY83,CA-NC-00000121,23F,CONDO_UNIT,2803.0,3,OWNER_OCCUPIED,67-1273-131
U-645E4OHAAH32,CA-NC-00000121,17H,CONDO_UNIT,2731.0,2,OWNER_OCCUPIED,93-8600-533
U-41HERCY1IMQ9,CA-NC-00000121,28F,CONDO_UNIT,1642.0,3,OWNER_OCCUPIED,14-3911-795
U-MEHIN2PB570T,CA-NC-00000121,7F,CONDO_UNIT,1555.0,3,OWNER_OCCUPIED,75-7959-654
U-P6J5GL3L2KPX,CA-NC-00000121,4F,CONDO_UNIT,920.0,3,OWNER_OCCUPIED,75-4117-280
U-F4JMSANKNRAA,CA-NC-00000121,22H,CONDO_UNIT,2929.0,3,OWNER_OCCUPIED,29-8025-452
U-7VMRF45EBGPV,CA-NC-00000121,12C,CONDO_UNIT,2435.0,4,OWNER_OCCUPIED,32-7926-365
U-G7YW5REQ90DQ,CA-NC-00000121,13G,CONDO_UNIT,1302.0,2,OWNER_OCCUPIED,87-3603-760
U-Y357STKLGR83,CA-NC-00000121,9B,CONDO_UNIT,2720.0,3,OWNER_OCCUPIED,45-3484-859
U-Y8WLSNUWLN8D,CA-NC-00000121,10E,CONDO_UNIT,1579.0,2,RENTED,73-2222-507
U-ZHWGID7Z0C5T,CA-IL-00000122,12G,CONDO_UNIT,,3,OWNER_OCCUPIED,23-4647-197
U-IH659VLVQ175,CA-IL-00000122,8A,CONDO_UNIT,1375.0,4,OWNER_OCCUPIED,61-1537-137
U-721ZQQI9OJJJ,CA-IL-00000122,36H,CONDO_UNIT,2880.0,3,OWNER_OCCUPIED,76-7828-157
U-IZW9BZJ6YXJO,CA-IL-00000122,1G,CONDO_UNIT,2816.0,4,RENTED,50-2975-483
U-O015ZCRZZRWH,CA-IL-00000122,16D,CONDO_UNIT,888.0,3,RENTED,80-7156-773
U-JER2YOIT5CB5,CA-IL-00000122,39G,CONDO_UNIT,2883.0,2,OWNER_OCCUPIED,24-5521-870
U-2IPPUZD9Q4JW,CA-IL-00000122,27C,CONDO_UNIT,1622.0,3,OWNER_OCCUPIED,93-2206-948
U-E8ESCLZ6QNH2,CA-IL-00000122,19E,CONDO_UNIT,,1,OWNER_OCCUPIED,51-1751-600
U-17ODQAX3XGTK,CA-IL-00000122,5H,CONDO_UNIT,2924.0,3,VACANT,40-4334-584
U-5Z6TEGNMVLKK,CA-IL-00000122,38F,CONDO_UNIT,1963.0,3,OWNER_OCCUPIED,84-3170-384
U-JTYE81U68JOO,CA-IL-00000122,36H,CONDO_UNIT,806.0,2,OWNER_OCCUPIED,24-5260-143
U-2QW7M4V5DE3B,CA-IL-00000122,7F,CONDO_UNIT,1043.0,2,OWNER_OCCUPIED,60-1672-303
U-TO7N4JWUGNMJ,CA-IL-00000122,21B,CONDO_UNIT,968.0,4,OWNER_OCCUPIED,27-2008-718
U-MNG81C112XAH,CA-IL-00000122,29H,CONDO_UNIT,1362.0,3,OWNER_OCCUPIED,58-3847-887
U-UX17SA1M7I0Q,CA-IL-00000122,39H,CONDO_UNIT,,3,RENTED,24-4747-775
U-871O90K7Z56P,CA-IL-00000122,32B,CONDO_UNIT,2704.0,3,OWNER_OCCUPIED,55-5502-152
U-GKF3DSJD6N16,CA-IL-00000122,15G,CONDO_UNIT,850.0,2,RENTED,26-6746-171
U-I8QUNKSQWD2D,CA-IL-00000122,7A,CONDO_UNIT,1022.0,3,OWNER_OCCUPIED,61-2235-439
U-BGZDVC87JKKS,CA-IL-00000122,10A,CONDO_UNIT,2579.0,3,OWNER_OCCUPIED,14-4935-449
U-SFQ5EO4CU8VC,CA-IL-00000122,33B,CONDO_UNIT,2818.0,3,VACANT,21-7315-332
U-4BAB1GU41RHL,CA-IL-00000122,7F,CONDO_UNIT,3173.0,3,OWNER_OCCUPIED,43-3464-984
U-CHRC09O8U579,CA-IL-00000122,3E,CONDO_UNIT,,2,RENTED,23-8835-643
U-ILYLI033A79Q,CA-IL-00000122,10D,CONDO_UNIT,,4,OWNER_OCCUPIED,42-7160-772
U-2OAM892Q3GAY,CA-NY-00000123,30H,CONDO_UNIT,1804.0,3,OWNER_OCCUPIED,98-1877-881
U-CY5OJRGBLGB2,CA-NY-00000123,20C,CONDO_UNIT,2332.0,3,OWNER_OCCUPIED,91-4570-652
U-YIEU5HWKN3MT,CA-NY-00000123,11F,CONDO_UNIT,1729.0,1,RENTED,96-9267-121
U-8HYS5RHC79QY,CA-NY-00000123,32F,CONDO_UNIT,1859.0,5,OWNER_OCCUPIED,88-5330-323
U-9XVGXBZ6U3G0,CA-NY-00000123,1G,CONDO_UNIT,1399.0,2,OWNER_OCCUPIED,80-8419-132
U-GDOR8Y05F1YW,CA-NY-00000123,17G,CONDO_UNIT,,4,OWNER_OCCUPIED,29-8360-357
U-UEMETI9HDGBE,CA-NY-00000123,24B,CONDO_UNIT,,5,OWNER_OCCUPIED,79-2420-797
U-ICED383PPTQF,CA-NY-00000123,32C,CONDO_UNIT,2592.0,3,RENTED,20-1626-631
U-YLKM2XBHBF0I,CA-NY-00000123,25E,CONDO_UNIT,3039.0,4,OWNER_OCCUPIED,58-4495-404
U-5A7HAVSSLTXJ,CA-NY-00000123,29D,CONDO_UNIT,2574.0,3,RENTED,51-4429-303
U-UPSICYZN9RHV,CA-NY-00000123,14C,CONDO_UNIT,1081.0,2,OWNER_OCCUPIED,14-3362-960
U-R05KUUWLFQCI,CA-NY-00000123,10G,CONDO_UNIT,906.0,3,RENTED,24-1170-904
U-GWVLEWLHHOAX,CA-NY-00000123,15G,CONDO_UNIT,3122.0,4,OWNER_OCCUPIED,73-1704-388
U-IX612MKCST2K,CA-NY-00000123,37C,CONDO_UNIT,1186.0,2,RENTED,
U-WBBZC0QIAPC7,CA-NY-00000123,12F,CONDO_UNIT,2847.0,2,RENTED,83-6984-711
U-PI89T3FJLNTA,CA-NY-00000123,10E,CONDO_UNIT,811.0,3,OWNER_OCCUPIED,92-3340-967
U-Z6JWDU8E02UU,CA-NY-00000123,15H,CONDO_UNIT,2528.0,4,RENTED,44-3260-782
U-77TJJX9D4ZIR,CA-NY-00000123,22H,CONDO_UNIT,1328.0,3,OWNER_OCCUPIED,56-4081-962
U-J0N64CN1935W,CA-NY-00000123,12H,CONDO_UNIT,,2,OWNER_OCCUPIED,82-6173-728
U-4DZO3FRCBOXL,CA-NY-00000123,22H,CONDO_UNIT,,4,OWNER_OCCUPIED,69-1295-914
U-2WBNVMQ0G8IS,CA-NY-00000123,12C,CONDO_UNIT,3086.0,3,OWNER_OCCUPIED,78-4570-891
U-MHUMPN14KH2X,CA-NY-00000123,17E,CONDO_UNIT,2803.0,3,OWNER_OCCUPIED,20-9067-454
U-A72DYXSWR7I3,CA-NY-00000123,17C,CONDO_UNIT,2082.0,1,OWNER_OCCUPIED,50-3914-493
U-HIFL7GRGL6BV,CA-NY-00000123,17B,CONDO_UNIT,672.0,3,RENTED,25-5083-309
U-RUFDAJA7BJ46,CA-NY-00000123,25C,CONDO_UNIT,1178.0,2,RENTED,13-2051-553
U-IE99SV9CN9F3,CA-NY-00000123,37H,CONDO_UNIT,2440.0,3,OWNER_OCCUPIED,99-4806-553
U-LEIEX9ZXLV0F,CA-NY-00000123,10H,CONDO_UNIT,2173.0,3,OWNER_OCCUPIED,63-4299-880
U-0K6AOKTPZFA2,CA-NY-00000123,6E,CONDO_UNIT,1088.0,1,OWNER_OCCUPIED,29-5526-460
U-AZ52DUR8TKCV,CA-NY-00000123,16B,CONDO_UNIT,2029.0,5,OWNER_OCCUPIED,86-8864-879
U-D2GJIUSLNGOQ,CA-NY-00000123,22C,CONDO_UNIT,3128.0,3,OWNER_OCCUPIED,76-6689-124
U-GQRZ1B8JMUAK,CA-NY-00000123,24B,CONDO_UNIT,2915.0,2,OWNER_OCCUPIED,28-3914-150
U-8KA2KEW1LVO5,CA-NY-00000123,17F,CONDO_UNIT,2215.0,3,OWNER_OCCUPIED,98-2600-772
U-4AKA6PUWVS4V,CA-NY-00000123,33F,CONDO_UNIT,1563.0,3,RENTED,10-4565-607
U-L54RF6U4SDUE,CA-NY-00000123,29G,CONDO_UNIT,2226.0,3,RENTED,89-4007-755
U-ADAV8LUG501S,CA-NY-00000123,8D,CONDO_UNIT,2844.0,2,OWNER_OCCUPIED,90-6058-366
U-92JHVJ5ZVX6B,CA-NY-00000123,19B,CONDO_UNIT,3116.0,4,RENTED,54-5876-487
U-IJ5WOWKNXZPW,CA-NY-00000123,32B,CONDO_UNIT,,3,OWNER_OCCUPIED,17-2298-622
U-DGJKPMUGXRCQ,CA-NY-00000123,30G,CONDO_UNIT,2553.0,2,RENTED,24-3508-916
U-I8MDW8IKTO1C,CA-NY-00000123,3E,CONDO_UNIT,2344.0,2,RENTED,22-9716-979
U-89A958NL3ZDV,CA-NY-00000123,7D,CONDO_UNIT,3177.0,2,RENTED,59-9008-553
U-JS7B2AXM6EHX,CA-NY-00000123,37A,CONDO_UNIT,1903.0,3,OWNER_OCCUPIED,72-5954-881
U-VPYNKS2VLPOO,CA-NY-00000123,11F,CONDO_UNIT,2372.0,3,OWNER_OCCUPIED,
U-0PYNDW3C273H,CA-NY-00000123,4G,CONDO_UNIT,2964.0,1,OWNER_OCCUPIED,68-5237-193
U-1SBHFW7YT14P,CA-NY-00000123,25B,CONDO_UNIT,1319.0,5,OWNER_OCCUPIED,38-7988-225
U-O0C58WCC5PMS,CA-NY-00000123,11B,CONDO_UNIT,2805.0,3,OWNER_OCCUPIED,82-1553-947
U-HAU42H7Y6RO7,CA-NY-00000123,7B,CONDO_UNIT,,2,OWNER_OCCUPIED,
U-5RULQDYPZCYR,CA-NY-00000123,27B,CONDO_UNIT,2259.0,4,OWNER_OCCUPIED,58-1326-219
U-R3KV83ETJLBV,CA-NY-00000123,9F,CONDO_UNIT,1884.0,4,OWNER_OCCUPIED,81-1729-172
U-LS9ADBAV6E9A,CA-NY-00000123,30F,CONDO_UNIT,877.0,2,OWNER_OCCUPIED,23-6446-478
U-XMDWWJ6U3RN9,CA-NY-00000123,15H,CONDO_UNIT,1257.0,2,RENTED,20-8663-563
U-O88VC6GDDX6D,CA-NY-00000123,14D,CONDO_UNIT,1854.0,4,RENTED,75-6368-429
U-2LXCPGZR4T5U,CA-NY-00000123,13C,CONDO_UNIT,1565.0,3,RENTED,13-4555-674
U-H1LMCQ4V7032,CA-NY-00000123,21H,CONDO_UNIT,2671.0,3,OWNER_OCCUPIED,93-1111-493
U-AV7AC7VM1ADD,CA-NY-00000123,13C,CONDO_UNIT,2613.0,2,RENTED,49-9981-376
U-Q01S4AQYJ5RG,CA-NY-00000123,26H,CONDO_UNIT,2813.0,1,RENTED,16-1815-945
U-VC9PZTRV5JWL,CA-NY-00000123,38G,CONDO_UNIT,2300.0,3,RENTED,66-9379-143
U-LMGK1MVK3DOJ,CA-NY-00000123,13H,CONDO_UNIT,1473.0,3,RENTED,58-7211-169
U-BV582YAYVDZ7,CA-NY-00000123,29B,CONDO_UNIT,3009.0,3,OWNER_OCCUPIED,18-2230-408
U-Q2VKF9OOM03X,CA-NY-00000123,20C,CONDO_UNIT,1209.0,2,OWNER_OCCUPIED,75-7178-970
U-1DC7K2PL99QX,CA-NY-00000123,24C,CONDO_UNIT,2841.0,2,OWNER_OCCUPIED,12-7222-441
U-QXR2ROCV9XFD,CA-VA-00000124,100,TOWNHOME,3066.0,3,OWNER_OCCUPIED,74-9373-347
U-9YZW1GBOGCUY,CA-VA-00000124,101,SINGLE_FAMILY,916.0,1,OWNER_OCCUPIED,50-1206-472
U-1JV7ET9EJNS7,CA-VA-00000124,102,SINGLE_FAMILY,2102.0,2,RENTED,71-1172-784
U-4U6AZ57CMA2N,CA-VA-00000124,103,TOWNHOME,2535.0,2,OWNER_OCCUPIED,11-3293-202
U-XUCRLPOOZRF4,CA-VA-00000124,104,SINGLE_FAMILY,835.0,4,RENTED,13-1957-289
U-2WEIIMEO5UA5,CA-VA-00000124,105,TOWNHOME,2596.0,1,RENTED,59-8035-489
U-48HEHWQEEU1J,CA-VA-00000124,106,TOWNHOME,1761.0,3,OWNER_OCCUPIED,97-8873-335
U-C8PD02UGNJZH,CA-VA-00000124,107,TOWNHOME,2549.0,2,VACANT,78-6456-583
U-PONCEWHC0D1O,CA-VA-00000124,108,SINGLE_FAMILY,2970.0,3,OWNER_OCCUPIED,49-3508-441
U-SRIQ5DZ5B3SF,CA-VA-00000124,109,SINGLE_FAMILY,2692.0,3,OWNER_OCCUPIED,89-8648-181
U-ZFX49LC8DIVC,CA-VA-00000124,110,SINGLE_FAMILY,1724.0,3,RENTED,83-9904-558
U-9W51DSG929UB,CA-VA-00000124,111,TOWNHOME,2024.0,2,RENTED,41-1372-194
U-MG4P3K1TSBDP,CA-VA-00000124,112,TOWNHOME,925.0,3,OWNER_OCCUPIED,24-6129-238
U-ISBG5CMB9GC9,CA-VA-00000124,113,SINGLE_FAMILY,,4,OWNER_OCCUPIED,44-6492-436
U-YWN2VCTB0E17,CA-VA-00000124,114,SINGLE_FAMILY,2016.0,3,VACANT,95-1000-901
U-LWBDL3U1R3M8,CA-VA-00000124,115,TOWNHOME,2648.0,2,OWNER_OCCUPIED,56-7807-425
U-U7SKMN2DZGNA,CA-TX-00000125,100,TOWNHOME,3101.0,4,OWNER_OCCUPIED,50-3520-734
U-IXOZ836GF7QS,CA-TX-00000125,101,SINGLE_FAMILY,1242.0,3,OWNER_OCCUPIED,69-7769-972
U-9MTBW8LS3GAC,CA-TX-00000125,102,TOWNHOME,,2,RENTED,21-5685-310
U-HH4MPM60Z2I6,CA-TX-00000125,103,SINGLE_FAMILY,3099.0,1,RENTED,11-4846-845
U-0P60YKL9R4PK,CA-TX-00000125,104,TOWNHOME,1934.0,3,RENTED,55-2767-203
U-WCTC1SRNK3MX,CA-TX-00000125,105,SINGLE_FAMILY,1201.0,3,OWNER_OCCUPIED,31-1358-817
U-QMOZUVHKG4MB,CA-TX-00000125,106,TOWNHOME,1103.0,2,OWNER_OCCUPIED,14-9031-843
U-LABGHU9QA3BR,CA-TX-00000125,107,SINGLE_FAMILY,870.0,1,RENTED,89-7139-936
U-KFAMYDQY7DME,CA-TX-00000125,108,SINGLE_FAMILY,1855.0,3,OWNER_OCCUPIED,41-5056-608
U-B9453YCLSSEG,CA-TX-00000125,109,TOWNHOME,1803.0,3,RENTED,29-1846-863
U-ISG6WD7TFP98,CA-TX-00000125,110,SINGLE_FAMILY,1801.0,3,RENTED,24-5074-939
U-UJQZUN13IPEZ,CA-TX-00000125,111,SINGLE_FAMILY,2330.0,4,OWNER_OCCUPIED,78-4194-121
U-9KHQLKJ6GYFU,CA-TX-00000125,112,SINGLE_FAMILY,1556.0,2,OWNER_OCCUPIED,52-2149-905
U-XX09UG4HR93J,CA-TX-00000125,113,SINGLE_FAMILY,1665.0,3,VACANT,47-5846-617
U-KMZVOW0AS0I3,CA-TX-00000125,114,SINGLE_FAMILY,1268.0,2,OWNER_OCCUPIED,77-5117-918
U-ANN35ZLQTL1K,CA-TX-00000125,115,TOWNHOME,2244.0,3,OWNER_OCCUPIED,29-4057-256
U-34XMOKOZNXJ1,CA-TX-00000125,116,TOWNHOME,2365.0,4,VACANT,36-4204-686
U-AA3KJJ2WWW3F,CA-TX-00000125,117,SINGLE_FAMILY,1681.0,3,OWNER_OCCUPIED,12-7016-518
U-OSN3P2PBTU2T,CA-TX-00000125,118,SINGLE_FAMILY,1303.0,2,OWNER_OCCUPIED,93-3994-748
U-J8CWAO7TS0N5,CA-TX-00000125,119,SINGLE_FAMILY,1614.0,1,OWNER_OCCUPIED,14-5509-650
U-U7RILU2KOU07,CA-TX-00000125,120,TOWNHOME,1726.0,3,OWNER_OCCUPIED,24-2621-323
U-UOOAHGDGE1HQ,CA-TX-00000125,121,TOWNHOME,2368.0,3,OWNER_OCCUPIED,73-3295-872
U-W90V86GW2SGP,CA-TX-00000125,122,SINGLE_FAMILY,2308.0,3,OWNER_OCCUPIED,46-4852-104
U-LHS1J5GYZQES,CA-TX-00000125,123,SINGLE_FAMILY,,4,OWNER_OCCUPIED,50-6665-318
U-DDG864J9HGVZ,CA-TX-00000125,124,TOWNHOME,961.0,2,OWNER_OCCUPIED,54-4983-387
U-VIF372TISIOL,CA-TX-00000125,125,TOWNHOME,656.0,3,OWNER_OCCUPIED,47-1402-190
U-GHAGQ9I046DP,CA-TX-00000125,126,TOWNHOME,3192.0,2,RENTED,39-3314-860
U-KWNO2QXE3P68,CA-TX-00000125,127,TOWNHOME,,3,OWNER_OCCUPIED,31-2681-989
U-F8NNX1NU9CSW,CA-TX-00000125,128,TOWNHOME,2544.0,3,OWNER_OCCUPIED,92-2628-493
U-JX6LJD3TTW7A,CA-TX-00000125,129,SINGLE_FAMILY,983.0,1,OWNER_OCCUPIED,58-7754-728
U-VA2UTF1ASKCY,CA-TX-00000125,130,SINGLE_FAMILY,822.0,2,OWNER_OCCUPIED,32-5591-334
U-0IKP9FA1BJEM,CA-TX-00000125,131,SINGLE_FAMILY,1329.0,1,RENTED,64-8202-926
U-H1V7MB5RY23F,CA-TX-00000125,132,SINGLE_FAMILY,2843.0,2,RENTED,
U-FW33G8U03EZ2,CA-TX-00000125,133,TOWNHOME,667.0,2,OWNER_OCCUPIED,36-9195-153
U-I1S0PYZ2ZEOE,CA-TX-00000125,134,SINGLE_FAMILY,2219.0,4,OWNER_OCCUPIED,82-2464-210
U-TSYI5DARIBEL,CA-TX-00000125,135,SINGLE_FAMILY,685.0,4,OWNER_OCCUPIED,18-9738-423
U-UQ21D3FLFZQJ,CA-TX-00000125,136,TOWNHOME,1593.0,4,OWNER_OCCUPIED,14-5392-970
U-M8O9R2ILD5VR,CA-TX-00000125,137,TOWNHOME,1186.0,3,OWNER_OCCUPIED,63-8965-711
U-DQR9FM6DBU57,CA-TX-00000125,138,TOWNHOME,2467.0,4,OWNER_OCCUPIED,56-4893-668
U-DUY18QDDVFYP,CA-TX-00000125,139,SINGLE_FAMILY,,4,OWNER_OCCUPIED,22-3534-785
U-WJMHMASKOZVR,CA-TX-00000125,140,TOWNHOME,2439.0,2,VACANT,67-5980-795
U-FW0A0YMH4MXC,CA-TX-00000125,141,SINGLE_FAMILY,1962.0,2,OWNER_OCCUPIED,42-5589-664
U-EQMBEUE9JQAD,CA-TX-00000125,142,SINGLE_FAMILY,2381.0,3,RENTED,27-1399-272
U-RL4WD2SH55GV,CA-TX-00000125,143,SINGLE_FAMILY,2281.0,2,OWNER_OCCUPIED,14-5237-959
U-Q630RJN3RBPA,CA-TX-00000125,144,SINGLE_FAMILY,715.0,1,RENTED,97-7543-885
U-GPZNFM2EO9Z2,CA-TX-00000125,145,TOWNHOME,1561.0,1,OWNER_OCCUPIED,69-3836-631
U-ULHNELXYB9ND,CA-TX-00000125,146,TOWNHOME,1175.0,3,OWNER_OCCUPIED,66-6637-136
U-4YBGVL3FW80V,CA-TX-00000125,147,TOWNHOME,690.0,4,OWNER_OCCUPIED,10-7442-717
U-JO5UQ4HMWTHL,CA-TX-00000125,148,TOWNHOME,1244.0,1,OWNER_OCCUPIED,21-6994-219
U-R073S7BZ5OU7,CA-TX-00000125,149,TOWNHOME,1352.0,1,OWNER_OCCUPIED,71-7774-881
U-FJ1YMMWMC7JH,CA-TX-00000125,150,SINGLE_FAMILY,2209.0,1,OWNER_OCCUPIED,36-2135-333
U-JHP6E30130X3,CA-TX-00000125,151,SINGLE_FAMILY,3159.0,2,RENTED,55-1101-308
U-8CH48RPBB4GR,CA-TX-00000125,152,SINGLE_FAMILY,1759.0,2,RENTED,11-6545-753
U-EQJXRZINJ46V,CA-TX-00000125,153,SINGLE_FAMILY,3036.0,3,OWNER_OCCUPIED,37-8654-354
U-PT9M7A5KJBAJ,CA-TX-00000125,154,TOWNHOME,1231.0,2,OWNER_OCCUPIED,62-6449-958
U-JL4FWNIPPKFH,CA-TX-00000125,155,TOWNHOME,2663.0,2,OWNER_OCCUPIED,25-8161-796
U-D0KHVX324KH3,CA-TX-00000125,156,SINGLE_FAMILY,1532.0,3,OWNER_OCCUPIED,47-3472-529
U-BM4UB10LU04V,CA-TX-00000125,157,SINGLE_FAMILY,2532.0,1,RENTED,70-7172-615
U-TDYOXEHWRH7A,CA-TX-00000125,158,SINGLE_FAMILY,951.0,4,RENTED,57-6693-237
U-PV0QR15SJFCC,CA-TX-00000125,159,TOWNHOME,2147.0,4,OWNER_OCCUPIED,59-8092-870
U-M9Q0IC5GL9B0,CA-IL-00000126,100,TOWNHOME,,3,RENTED,32-6825-649
U-IOGYD11HDW0E,CA-IL-00000126,101,SINGLE_FAMILY,2740.0,2,OWNER_OCCUPIED,83-1130-237
U-K40HNZ6QXVGG,CA-IL-00000126,102,TOWNHOME,,4,OWNER_OCCUPIED,82-3902-401
U-DB20H2KPSCJ2,CA-IL-00000126,103,SINGLE_FAMILY,913.0,2,VACANT,51-3194-894
U-X6U9YZ3I3E3X,CA-IL-00000126,104,SINGLE_FAMILY,824.0,3,OWNER_OCCUPIED,73-2827-749
U-V5WKB8X2C051,CA-IL-00000126,105,TOWNHOME,2658.0,4,OWNER_OCCUPIED,57-3630-234
U-GPEHGFGI2BVO,CA-IL-00000126,106,SINGLE_FAMILY,670.0,5,VACANT,53-1720-962
U-3YD57FFTC33E,CA-IL-00000126,107,SINGLE_FAMILY,1017.0,3,OWNER_OCCUPIED,86-3763-585
U-YQOUK51STOLH,CA-IL-00000126,108,TOWNHOME,1106.0,4,OWNER_OCCUPIED,75-6351-532
U-WBAG6ZHSXI57,CA-IL-00000126,109,TOWNHOME,1534.0,2,RENTED,44-2439-984
U-1PMB3TJVRQ2R,CA-IL-00000126,110,TOWNHOME,1899.0,4,OWNER_OCCUPIED,30-5552-365
U-CUN39S5I43K2,CA-IL-00000126,111,SINGLE_FAMILY,2031.0,3,OWNER_OCCUPIED,96-5674-156
U-R8C5E3Z19C57,CA-IL-00000126,112,SINGLE_FAMILY,1055.0,4,OWNER_OCCUPIED,97-1997-498
U-RCAJGJV9UPTL,CA-IL-00000126,113,SINGLE_FAMILY,1472.0,2,OWNER_OCCUPIED,26-9628-458
U-GI5877O7ZPZR,CA-IL-00000126,114,SINGLE_FAMILY,1369.0,3,OWNER_OCCUPIED,
U-57KE95FLHTA4,CA-IL-00000126,115,TOWNHOME,3099.0,2,RENTED,30-6608-414
U-O1U8SH4NO2FG,CA-IL-00000126,116,TOWNHOME,2773.0,3,RENTED,44-9464-637
U-0Q25YWTK8EDB,CA-IL-00000126,117,TOWNHOME,1374.0,4,OWNER_OCCUPIED,89-6930-515
U-03FRBW0995AB,CA-IL-00000126,118,TOWNHOME,651.0,4,OWNER_OCCUPIED,33-8889-679
U-XETVFFRFFLRU,CA-IL-00000126,119,TOWNHOME,2605.0,2,OWNER_OCCUPIED,67-5649-142
U-8CJ1NT8X9M3L,CA-IL-00000126,120,TOWNHOME,1893.0,2,OWNER_OCCUPIED,92-2103-575
U-YY6VZ3P3LZGA,CA-IL-00000126,121,TOWNHOME,1057.0,5,OWNER_OCCUPIED,59-8715-232
U-ZO7NPLGIHJFM,CA-IL-00000126,122,TOWNHOME,928.0,2,OWNER_OCCUPIED,22-5989-358
U-SHALQ5CC8I7H,CA-IL-00000126,123,TOWNHOME,1099.0,1,RENTED,64-2224-649
U-SGA6T9P1JHLP,CA-IL-00000126,124,TOWNHOME,2678.0,3,OWNER_OCCUPIED,34-6042-490
U-6TFJNTH735W6,CA-IL-00000126,125,SINGLE_FAMILY,2286.0,3,OWNER_OCCUPIED,97-3379-899
U-Q9YVAM8IGHZ8,CA-IL-00000126,126,TOWNHOME,1195.0,2,RENTED,46-7904-662
U-K86VDAG0IYVA,CA-IL-00000126,127,SINGLE_FAMILY,1148.0,3,OWNER_OCCUPIED,33-5479-381
U-ZKL7KVUJNH46,CA-IL-00000126,128,SINGLE_FAMILY,1973.0,2,RENTED,19-3954-213
U-OFC7R77KWKQQ,CA-IL-00000126,129,SINGLE_FAMILY,2561.0,5,RENTED,98-6374-741
U-9FQ4N84U27IA,CA-IL-00000126,130,SINGLE_FAMILY,2503.0,2,OWNER_OCCUPIED,26-3494-963
U-MKH33P9AYXCW,CA-IL-00000126,131,SINGLE_FAMILY,1982.0,4,OWNER_OCCUPIED,21-4521-455
U-ES995WVB52IO,CA-IL-00000126,132,SINGLE_FAMILY,2687.0,4,RENTED,82-5946-281
U-N0ESSDLA8DMI,CA-IL-00000126,133,SINGLE_FAMILY,1649.0,5,OWNER_OCCUPIED,32-2410-524
U-HSTYH1SS9R4R,CA-IL-00000126,134,SINGLE_FAMILY,669.0,5,OWNER_OCCUPIED,60-3863-559
U-RYE76VOJI9RX,CA-IL-00000126,135,SINGLE_FAMILY,2614.0,2,VACANT,55-4159-184
U-BNVJ25V6O0KX,CA-IL-00000126,136,TOWNHOME,1432.0,2,OWNER_OCCUPIED,97-4163-123
U-LP6WZDY2JU8B,CA-IL-00000126,137,SINGLE_FAMILY,821.0,2,RENTED,82-6937-703
U-DSUNTTHRHBTB,CA-IL-00000126,138,SINGLE_FAMILY,2107.0,4,VACANT,57-7369-778
U-FK94W7U8BUE0,CA-IL-00000126,139,TOWNHOME,3180.0,2,OWNER_OCCUPIED,36-1201-734
U-MG0LZBWRVN84,CA-IL-00000126,140,TOWNHOME,769.0,3,OWNER_OCCUPIED,89-1397-125
U-K2WINN447FM1,CA-IL-00000126,141,TOWNHOME,838.0,5,OWNER_OCCUPIED,63-2299-608
U-S5UNG5A59P2U,CA-IL-00000126,142,SINGLE_FAMILY,2272.0,1,RENTED,92-9668-575
U-56HPBFEXGXXH,CA-IL-00000126,143,TOWNHOME,877.0,3,OWNER_OCCUPIED,29-3823-984
U-HNX88W12LSAK,CA-IL-00000126,144,SINGLE_FAMILY,949.0,3,OWNER_OCCUPIED,94-3208-844
U-RZLNSO0NEQGZ,CA-IL-00000126,145,SINGLE_FAMILY,,3,OWNER_OCCUPIED,88-8148-909
U-4DP6ROZWSUXH,CA-IL-00000126,146,SINGLE_FAMILY,1553.0,4,OWNER_OCCUPIED,90-2294-211
U-WY7XWRSL3HS1,CA-IL-00000126,147,SINGLE_FAMILY,1943.0,2,OWNER_OCCUPIED,20-8058-704
U-BM3AM59MUQKS,CA-IL-00000126,148,TOWNHOME,2231.0,4,OWNER_OCCUPIED,85-7228-960
U-C46MW5VWZKL8,CA-IL-00000126,149,TOWNHOME,1704.0,2,OWNER_OCCUPIED,46-5392-870
U-IV4ETUMOR7I6,CA-IL-00000126,150,SINGLE_FAMILY,3149.0,2,OWNER_OCCUPIED,73-2211-355
U-2B62GWYTX86J,CA-IL-00000126,151,TOWNHOME,2169.0,3,OWNER_OCCUPIED,58-3435-138
U-8VLTJ4VNU5TD,CA-IL-00000126,152,SINGLE_FAMILY,2961.0,2,RENTED,94-4046-571
U-TAQ6GLPGUT1P,CA-IL-00000126,153,SINGLE_FAMILY,853.0,2,OWNER_OCCUPIED,40-8958-839
U-JA9JDZ5VC8Z1,CA-IL-00000126,154,TOWNHOME,,4,OWNER_OCCUPIED,54-8561-129
U-0HX81QLD56PX,CA-IL-00000126,155,SINGLE_FAMILY,2572.0,2,RENTED,65-6373-149
U-HHE9AGF4333W,CA-IL-00000126,156,TOWNHOME,1713.0,1,OWNER_OCCUPIED,53-4786-453
U-IT7KLE8U0DX7,CA-IL-00000126,157,SINGLE_FAMILY,1007.0,4,RENTED,76-8489-941
U-6TKQ4HFW1ADQ,CA-IL-00000126,158,TOWNHOME,1857.0,3,RENTED,56-1520-594
U-GVEL3F0HBSKM,CA-IL-00000126,159,TOWNHOME,1911.0,3,OWNER_OCCUPIED,34-2475-311
U-WF3SJ8W0RO60,CA-FL-00000127,100,SINGLE_FAMILY,1928.0,3,OWNER_OCCUPIED,68-1508-889
U-DXREGXX2DSXX,CA-FL-00000127,101,SINGLE_FAMILY,1409.0,4,OWNER_OCCUPIED,
U-VN0DNGSXC3CQ,CA-FL-00000127,102,SINGLE_FAMILY,2274.0,4,OWNER_OCCUPIED,26-1072-648
U-ABWOKHEP9MB5,CA-FL-00000127,103,TOWNHOME,883.0,3,RENTED,95-9224-940
U-K585Q1PX6HXL,CA-FL-00000127,104,TOWNHOME,2776.0,2,OWNER_OCCUPIED,56-5282-453
U-1H68IM4GRU7J,CA-FL-00000127,105,SINGLE_FAMILY,2022.0,3,OWNER_OCCUPIED,28-6967-463
U-3XMLTKA726ZX,CA-FL-00000127,106,TOWNHOME,2484.0,4,OWNER_OCCUPIED,28-2380-211
U-MOV2HJ1KA14Y,CA-FL-00000127,107,SINGLE_FAMILY,705.0,2,OWNER_OCCUPIED,40-5961-668
U-IA6O015O85FT,CA-FL-00000127,108,SINGLE_FAMILY,2530.0,1,OWNER_OCCUPIED,95-1903-119
U-TNYC2Y0XTQZ8,CA-FL-00000127,109,TOWNHOME,1931.0,2,OWNER_OCCUPIED,55-4051-858
U-JLNGOVJQHI2T,CA-FL-00000127,110,SINGLE_FAMILY,1224.0,3,RENTED,44-1307-701
U-09JD54C2ZKK1,CA-FL-00000127,111,TOWNHOME,1115.0,3,OWNER_OCCUPIED,63-7674-611
U-IJGBUL5D0LOR,CA-FL-00000127,112,TOWNHOME,1486.0,3,RENTED,14-8948-492
U-2WNPQF4EGYJ7,CA-FL-00000127,113,SINGLE_FAMILY,2776.0,2,VACANT,74-6646-834
U-NPXUCV6DZQGU,CA-FL-00000127,114,SINGLE_FAMILY,1697.0,3,RENTED,
U-AQPKZW5WPOGZ,CA-FL-00000127,115,SINGLE_FAMILY,1764.0,2,RENTED,83-4187-131
U-DS1EO5J1HI5L,CA-FL-00000127,116,SINGLE_FAMILY,1373.0,2,OWNER_OCCUPIED,51-9625-150
U-GMX91QSVC5R4,CA-FL-00000127,117,TOWNHOME,2588.0,1,OWNER_OCCUPIED,60-7446-530
U-Y199E74Q4V8F,CA-FL-00000127,118,TOWNHOME,3194.0,3,OWNER_OCCUPIED,94-1815-637
U-Q9P7Y6SOVS2S,CA-FL-00000127,119,TOWNHOME,2897.0,3,RENTED,87-3345-398
U-VYLKBZBHWRL4,CA-FL-00000127,120,SINGLE_FAMILY,3186.0,3,RENTED,82-7398-620
U-2AXVHIUN28UW,CA-FL-00000127,121,SINGLE_FAMILY,2573.0,3,OWNER_OCCUPIED,72-4312-815
U-ASR42C7RSWYX,CA-IL-00000128,100,SINGLE_FAMILY,3058.0,2,OWNER_OCCUPIED,75-6457-747
U-6GVGE1DLBCQA,CA-IL-00000128,101,SINGLE_FAMILY,2793.0,3,OWNER_OCCUPIED,69-8512-206
U-T426XC590NBL,CA-IL-00000128,102,TOWNHOME,1980.0,2,OWNER_OCCUPIED,65-6188-605
U-WNYUVW9NR9QT,CA-IL-00000128,103,TOWNHOME,2527.0,2,OWNER_OCCUPIED,12-9140-181
U-APRJ27931ODC,CA-IL-00000128,104,TOWNHOME,1530.0,2,RENTED,72-7140-515
U-M8485RLY5SRR,CA-IL-00000128,105,SINGLE_FAMILY,1424.0,2,OWNER_OCCUPIED,39-5953-943
U-D0R5DXEDLIYD,CA-IL-00000128,106,TOWNHOME,2667.0,1,OWNER_OCCUPIED,47-4098-184
U-3CDHCV2APLZ6,CA-IL-00000128,107,TOWNHOME,,2,OWNER_OCCUPIED,26-1556-282
U-94WM3BK6CWV2,CA-IL-00000128,108,SINGLE_FAMILY,2462.0,3,RENTED,45-4831-947
U-9RLUC01G40IR,CA-IL-00000128,109,SINGLE_FAMILY,1397.0,3,OWNER_OCCUPIED,81-2262-138
U-PK05YA4Y34YY,CA-IL-00000128,110,SINGLE_FAMILY,1389.0,2,OWNER_OCCUPIED,10-2834-398
U-0W7RHYWX09JV,CA-IL-00000128,111,SINGLE_FAMILY,,2,OWNER_OCCUPIED,57-1779-359
U-XKXAY7U5EOS8,CA-IL-00000128,112,TOWNHOME,2501.0,2,OWNER_OCCUPIED,90-7338-238
U-CBCNT6G1XNK4,CA-IL-00000128,113,SINGLE_FAMILY,2794.0,3,OWNER_OCCUPIED,65-2572-827
U-6S60I2NT5NHE,CA-IL-00000128,114,SINGLE_FAMILY,1700.0,4,RENTED,68-8531-477
U-XKXK8BGEKY0R,CA-IL-00000128,115,SINGLE_FAMILY,2387.0,4,RENTED,82-7180-385
U-OTO721C197JQ,CA-IL-00000128,116,TOWNHOME,1669.0,2,OWNER_OCCUPIED,89-1229-822
U-N078C74TULAO,CA-IL-00000128,117,SINGLE_FAMILY,2521.0,3,OWNER_OCCUPIED,59-8851-375
U-5NYNYSY6EM6T,CA-IL-00000128,118,TOWNHOME,,2,OWNER_OCCUPIED,21-5120-307
U-VG86NXBAO5Y9,CA-IL-00000128,119,SINGLE_FAMILY,2836.0,5,RENTED,42-1496-147
U-M5CD4DTACGTA,CA-IL-00000128,120,TOWNHOME,2230.0,4,OWNER_OCCUPIED,86-6745-575
U-P0RLOUZB7M20,CA-IL-00000128,121,TOWNHOME,2614.0,2,RENTED,88-9106-429
U-HMQKV5RXVAHG,CA-IL-00000128,122,TOWNHOME,2156.0,2,RENTED,41-8544-997
U-QWU2TTI7P7O5,CA-IL-00000128,123,SINGLE_FAMILY,2272.0,3,RENTED,80-2573-922
U-NI7QY4N529E3,CA-IL-00000128,124,TOWNHOME,881.0,3,OWNER_OCCUPIED,68-9086-574
U-DGYC91YHXU3A,CA-IL-00000128,125,SINGLE_FAMILY,,2,OWNER_OCCUPIED,84-1791-437
U-9H5PLPR3F6ME,CA-IL-00000128,126,SINGLE_FAMILY,3065.0,2,OWNER_OCCUPIED,16-2292-624
U-GDYEL02X03ZB,CA-IL-00000128,127,SINGLE_FAMILY,2998.0,2,OWNER_OCCUPIED,75-4594-921
U-GRLHRMBSKINL,CA-IL-00000128,128,TOWNHOME,974.0,2,OWNER_OCCUPIED,80-7414-437
U-YIZJ0XGRWD02,CA-IL-00000128,129,TOWNHOME,731.0,3,OWNER_OCCUPIED,17-3843-839
U-1MQRBP7T7X3T,CA-NV-00000129,21E,CONDO_UNIT,989.0,2,OWNER_OCCUPIED,19-4020-821
U-YG96WMJDPJT5,CA-NV-00000129,27C,CONDO_UNIT,1553.0,3,OWNER_OCCUPIED,53-8502-922
U-SFHE1ADEEK6R,CA-NV-00000129,40C,CONDO_UNIT,2434.0,1,OWNER_OCCUPIED,71-6212-925
U-WSLFE16UGOMY,CA-NV-00000129,39H,CONDO_UNIT,2238.0,4,OWNER_OCCUPIED,16-2864-277
U-8PKDZ6QXM5PH,CA-NV-00000129,14F,CONDO_UNIT,,1,OWNER_OCCUPIED,42-3802-901
U-B3Q5FBOU5O72,CA-NV-00000129,31D,CONDO_UNIT,1132.0,3,RENTED,53-2399-761
U-SYVU4QPTX2DO,CA-NV-00000129,20D,CONDO_UNIT,2736.0,3,RENTED,58-8756-569
U-EZZ2FDACUXHK,CA-NV-00000129,17C,CONDO_UNIT,2806.0,4,RENTED,70-2736-939
U-J72LRXV7N5UN,CA-NV-00000129,2B,CONDO_UNIT,919.0,4,VACANT,69-7518-376
U-VCJ90OU4U1PT,CA-NV-00000129,38F,CONDO_UNIT,1610.0,3,OWNER_OCCUPIED,83-1174-451
U-VTEXK30GFZS8,CA-NV-00000129,6E,CONDO_UNIT,1342.0,3,VACANT,69-3735-101
U-PAX7DRJ9NISV,CA-NV-00000129,12E,CONDO_UNIT,1998.0,2,OWNER_OCCUPIED,83-6675-447
U-I3HKFIC4JRS9,CA-NV-00000129,1F,CONDO_UNIT,1883.0,3,OWNER_OCCUPIED,94-5741-592
U-V7T7U792MSQJ,CA-NV-00000129,38A,CONDO_UNIT,1704.0,4,OWNER_OCCUPIED,70-3468-733
U-HFB5RDP8RYGH,CA-NV-00000129,33B,CONDO_UNIT,2690.0,2,OWNER_OCCUPIED,54-2403-670
U-50K7JRJ12PLF,CA-NV-00000129,33D,CONDO_UNIT,986.0,3,RENTED,60-9465-127
U-S96TAMNON1IW,CA-NV-00000129,39C,CONDO_UNIT,1450.0,3,RENTED,60-7454-777
U-PJECSU85TP5N,CA-NV-00000129,27E,CONDO_UNIT,2328.0,3,RENTED,78-3567-911
U-UXI2E1JX398L,CA-NV-00000129,23G,CONDO_UNIT,2662.0,2,OWNER_OCCUPIED,85-3885-950
U-EVJUB9S5QR0J,CA-NV-00000129,24A,CONDO_UNIT,1318.0,3,OWNER_OCCUPIED,41-7872-134
U-K3Y529U550B4,CA-NV-00000129,15F,CONDO_UNIT,2965.0,2,OWNER_OCCUPIED,92-4468-704
U-9FPTLLJZ41DH,CA-NV-00000129,10G,CONDO_UNIT,992.0,2,OWNER_OCCUPIED,23-2592-656
U-CYM9OEXLXXE0,CA-NV-00000129,20D,CONDO_UNIT,2468.0,4,VACANT,50-7209-551
U-P8B01RJZX5RY,CA-NV-00000129,32D,CONDO_UNIT,1717.0,3,OWNER_OCCUPIED,79-9567-647
U-2845CCZ5Z6GC,CA-NV-00000129,29H,CONDO_UNIT,2421.0,3,VACANT,42-8927-780
U-V3Q1IN0BX89D,CA-NV-00000129,23D,CONDO_UNIT,3095.0,1,OWNER_OCCUPIED,
U-WDKL620VEKPY,CA-NV-00000129,31C,CONDO_UNIT,2209.0,1,VACANT,20-1844-888
U-UECRNWJQBKV6,CA-NV-00000129,35H,CONDO_UNIT,,1,OWNER_OCCUPIED,26-8246-715
U-HOYXLFGOHOBM,CA-NV-00000129,33F,CONDO_UNIT,1067.0,2,OWNER_OCCUPIED,
U-BLHXHI06U090,CA-NV-00000129,1E,CONDO_UNIT,696.0,2,OWNER_OCCUPIED,79-1056-154
U-L0X0DAWHG2CQ,CA-NV-00000129,18A,CONDO_UNIT,2334.0,4,OWNER_OCCUPIED,63-2738-512
U-796E756ZLLL8,CA-NV-00000129,13A,CONDO_UNIT,1595.0,2,OWNER_OCCUPIED,94-3502-801
U-RYZWEL8FM459,CA-NV-00000129,7H,CONDO_UNIT,2330.0,2,OWNER_OCCUPIED,54-3840-575
U-EQ05BWLB70KA,CA-NV-00000129,11A,CONDO_UNIT,1934.0,2,RENTED,29-8038-201
U-RXGZ58POAJY5,CA-NV-00000129,14G,CONDO_UNIT,3185.0,3,OWNER_OCCUPIED,98-5671-320
U-MC4IX6APJA5I,CA-NV-00000129,30D,CONDO_UNIT,2672.0,3,OWNER_OCCUPIED,66-1864-392
U-KFXD09WUAU2Z,CA-NV-00000129,25G,CONDO_UNIT,,2,OWNER_OCCUPIED,11-9609-638
U-2DG3DM525FA8,CA-NV-00000129,3B,CONDO_UNIT,1149.0,2,OWNER_OCCUPIED,62-8702-684
U-NLORTM1FERVR,CA-NV-00000129,5A,CONDO_UNIT,2185.0,2,OWNER_OCCUPIED,46-8754-306
U-JMJECG9JEZ9H,CA-NV-00000129,24B,CONDO_UNIT,2414.0,3,OWNER_OCCUPIED,57-1713-342
U-LSCM7LX6QCCK,CA-NV-00000129,30F,CONDO_UNIT,1215.0,2,RENTED,57-6925-300
U-EBYY86NZB1FU,CA-NV-00000129,28A,CONDO_UNIT,2114.0,3,RENTED,44-7522-427
U-547TN5QQ4M5J,CA-NV-00000129,12A,CONDO_UNIT,2757.0,2,OWNER_OCCUPIED,99-4100-395
U-ULBGTUJS8O3P,CA-NV-00000129,29D,CONDO_UNIT,1834.0,3,OWNER_OCCUPIED,88-1149-945
U-W62VGEWB5XV5,CA-NV-00000129,34D,CONDO_UNIT,3074.0,3,RENTED,31-5045-105
U-1M2MS0XBZ5FL,CA-NV-00000129,13D,CONDO_UNIT,2427.0,4,OWNER_OCCUPIED,46-1613-543
U-V3SIEA5TNR14,CA-NV-00000129,3D,CONDO_UNIT,1040.0,2,OWNER_OCCUPIED,52-6626-178
U-EYP52OGX2CGL,CA-NV-00000130,100,SINGLE_FAMILY,2648.0,1,OWNER_OCCUPIED,42-7871-765
U-7HTFT5BLEOI2,CA-NV-00000130,101,TOWNHOME,1290.0,4,RENTED,50-9587-184
U-K3478JO9N0JZ,CA-NV-00000130,102,TOWNHOME,1664.0,2,RENTED,86-2040-412
U-GC3T4H13QLIU,CA-NV-00000130,103,TOWNHOME,1929.0,3,OWNER_OCCUPIED,91-3923-295
U-IZ07VVQIMAY9,CA-NV-00000130,104,SINGLE_FAMILY,1052.0,2,RENTED,52-2551-485
U-SDSKE6C8EGHN,CA-NV-00000130,105,TOWNHOME,2584.0,2,OWNER_OCCUPIED,79-2873-235
U-23JLN698K229,CA-NV-00000130,106,SINGLE_FAMILY,2201.0,2,OWNER_OCCUPIED,99-2221-975
U-Y26CGQESDNC1,CA-NV-00000130,107,SINGLE_FAMILY,2920.0,1,OWNER_OCCUPIED,28-2766-621
U-H8BTNMI8MT3X,CA-NV-00000130,108,SINGLE_FAMILY,2341.0,4,OWNER_OCCUPIED,21-3039-360
U-RQWW90OAZKH1,CA-NV-00000130,109,SINGLE_FAMILY,2861.0,2,OWNER_OCCUPIED,79-6567-600
U-KBUM02SGRM9J,CA-NV-00000130,110,TOWNHOME,991.0,3,RENTED,53-3849-986
U-6F8KEG0X3KMZ,CA-NV-00000130,111,TOWNHOME,3174.0,3,OWNER_OCCUPIED,71-8268-702
U-4EF1JMQFFL9X,CA-NV-00000130,112,TOWNHOME,2040.0,2,OWNER_OCCUPIED,47-5811-848
U-1W0FQ690L5JC,CA-NV-00000130,113,SINGLE_FAMILY,1009.0,3,OWNER_OCCUPIED,61-7162-526
U-JWU77HR9ESZF,CA-NV-00000130,114,TOWNHOME,1191.0,3,RENTED,26-6072-956
U-EZ1D5E5A65RX,CA-NV-00000130,115,TOWNHOME,1373.0,3,RENTED,11-6099-427
U-TDC0XVXDJ7CM,CA-NV-00000130,116,SINGLE_FAMILY,1813.0,3,OWNER_OCCUPIED,81-6144-572
U-G736DIMUD48O,CA-NV-00000130,117,TOWNHOME,2852.0,1,OWNER_OCCUPIED,30-9952-734
U-RSYMAQ47D1PX,CA-NV-00000130,118,TOWNHOME,913.0,2,RENTED,83-4559-788
U-7EO5LMZVTHUW,CA-NV-00000130,119,TOWNHOME,1555.0,2,OWNER_OCCUPIED,35-6408-583
U-FOS7KJKA8P37,CA-NV-00000130,120,SINGLE_FAMILY,3151.0,2,RENTED,80-7870-155
U-RTA67J5L3Q4T,CA-NV-00000130,121,SINGLE_FAMILY,2416.0,5,OWNER_OCCUPIED,98-1836-581
U-00VNAOK94F1O,CA-NV-00000130,122,TOWNHOME,1053.0,4,VACANT,28-3278-847
U-1PMZPOK6VWEF,CA-NV-00000130,123,SINGLE_FAMILY,2553.0,3,VACANT,95-5833-892
U-UHFZ8G4W85CM,CA-NV-00000130,124,SINGLE_FAMILY,1082.0,3,RENTED,14-7875-675
U-GYMC5EXRVBZB,CA-NV-00000130,125,TOWNHOME,1599.0,4,VACANT,23-6364-547
U-8ALOJU6B73L9,CA-NV-00000130,126,TOWNHOME,2423.0,3,OWNER_OCCUPIED,
U-4R1OBE0E9BGZ,CA-NV-00000130,127,TOWNHOME,1492.0,1,OWNER_OCCUPIED,78-3882-921
U-SCEWL6ZYNR92,CA-NV-00000130,128,TOWNHOME,822.0,2,RENTED,76-1400-235
U-RD876D73MP2J,CA-NV-00000130,129,SINGLE_FAMILY,1427.0,3,OWNER_OCCUPIED,13-2127-208
U-JVWT9T72MT9G,CA-NV-00000130,130,TOWNHOME,2807.0,1,VACANT,48-8089-481
U-Z181AVCG21FO,CA-FL-00000131,12G,CONDO_UNIT,1993.0,2,OWNER_OCCUPIED,49-1957-952
U-969OC3KF5PDD,CA-FL-00000131,40H,CONDO_UNIT,758.0,2,OWNER_OCCUPIED,22-5529-147
U-U63O9LQHF2S5,CA-FL-00000131,33H,CONDO_UNIT,973.0,3,OWNER_OCCUPIED,39-9304-217
U-3BZ0CBRDCDTL,CA-FL-00000131,11E,CONDO_UNIT,3039.0,1,OWNER_OCCUPIED,34-4473-427
U-0HDB8ZJ2G758,CA-FL-00000131,34E,CONDO_UNIT,2874.0,3,OWNER_OCCUPIED,10-6853-228
U-WVE9U35QITHK,CA-FL-00000131,1E,CONDO_UNIT,1991.0,4,OWNER_OCCUPIED,13-3635-479
U-0QQO9A9KFKMZ,CA-FL-00000131,27B,CONDO_UNIT,2999.0,3,OWNER_OCCUPIED,
U-V07UXYMBNMMM,CA-FL-00000131,15B,CONDO_UNIT,2868.0,2,OWNER_OCCUPIED,90-7458-362
U-HQT03DSN049L,CA-FL-00000131,19F,CONDO_UNIT,1343.0,4,OWNER_OCCUPIED,44-7234-809
U-XZL364VJAOT4,CA-FL-00000131,34G,CONDO_UNIT,2231.0,3,RENTED,39-3706-141
U-OLM1V7NXRMSN,CA-FL-00000131,16F,CONDO_UNIT,3176.0,5,OWNER_OCCUPIED,59-8038-745
U-VND5ADCMNZAE,CA-FL-00000131,31F,CONDO_UNIT,2693.0,2,OWNER_OCCUPIED,97-1380-418
U-JGP51CLC0E58,CA-FL-00000131,7A,CONDO_UNIT,1655.0,2,OWNER_OCCUPIED,97-2351-597
U-1Y5JUGOX8DQM,CA-FL-00000131,38A,CONDO_UNIT,2843.0,3,OWNER_OCCUPIED,14-1226-441
U-BWZWHDG4MMA0,CA-FL-00000131,23A,CONDO_UNIT,1855.0,4,OWNER_OCCUPIED,93-9643-723
U-LVXXLXYU6BHD,CA-VA-00000132,100,TOWNHOME,3104.0,2,OWNER_OCCUPIED,72-6239-988
U-JIX1EJSHSF2H,CA-VA-00000132,101,TOWNHOME,2876.0,2,RENTED,88-3147-390
U-5U0IWHV832TQ,CA-VA-00000132,102,TOWNHOME,726.0,2,OWNER_OCCUPIED,81-8392-884
U-U0PCZ8QJZCSU,CA-VA-00000132,103,SINGLE_FAMILY,742.0,3,OWNER_OCCUPIED,22-8288-896
U-F3WTU76OXYJE,CA-VA-00000132,104,SINGLE_FAMILY,1355.0,2,OWNER_OCCUPIED,41-3964-760
U-P5J6A2SQMX5B,CA-VA-00000132,105,TOWNHOME,2554.0,4,OWNER_OCCUPIED,78-2845-691
U-QNASKS1WM1K7,CA-VA-00000132,106,SINGLE_FAMILY,3142.0,3,RENTED,28-3580-671
U-KPTFO6868X49,CA-VA-00000132,107,TOWNHOME,1587.0,3,OWNER_OCCUPIED,72-3354-478
U-OW101ETMS8SH,CA-VA-00000132,108,TOWNHOME,1100.0,2,OWNER_OCCUPIED,19-3771-800
U-B25ODTKEW4EN,CA-VA-00000132,109,TOWNHOME,1709.0,2,RENTED,13-8101-150
U-I1TZF7D33D06,CA-VA-00000132,110,TOWNHOME,858.0,4,OWNER_OCCUPIED,
U-M8YZM09OP9KU,CA-VA-00000132,111,TOWNHOME,,3,RENTED,45-8249-606
U-YXO8Z38OT7PJ,CA-VA-00000132,112,TOWNHOME,3132.0,4,RENTED,66-8755-542
U-WZO0IPGIK9UA,CA-VA-00000132,113,SINGLE_FAMILY,,3,RENTED,59-7118-697
U-ESKAE3L1XTRB,CA-VA-00000132,114,TOWNHOME,2938.0,2,RENTED,92-6906-271
U-NLKE4LC6XZQE,CA-VA-00000132,115,TOWNHOME,1478.0,2,OWNER_OCCUPIED,67-2558-353
U-I3KVOVPFE2AT,CA-VA-00000132,116,SINGLE_FAMILY,758.0,2,RENTED,
U-V9NQHRKFOZIM,CA-VA-00000132,117,TOWNHOME,2527.0,2,OWNER_OCCUPIED,39-6291-167
U-XWKBMSZZGNG6,CA-VA-00000132,118,TOWNHOME,1959.0,4,OWNER_OCCUPIED,41-7113-461
U-U3VYR3FZKTC1,CA-VA-00000132,119,SINGLE_FAMILY,1749.0,4,OWNER_OCCUPIED,13-3054-432
U-V3PY3WNUP19W,CA-VA-00000132,120,SINGLE_FAMILY,3186.0,4,OWNER_OCCUPIED,66-8224-273
U-L9S0ZBCSANSR,CA-VA-00000132,121,SINGLE_FAMILY,2072.0,3,OWNER_OCCUPIED,88-9094-590
U-1XAZVPUXQHDD,CA-VA-00000132,122,TOWNHOME,3166.0,3,OWNER_OCCUPIED,55-2152-380
U-A65F44V1RO71,CA-VA-00000132,123,SINGLE_FAMILY,2155.0,2,OWNER_OCCUPIED,92-6492-888
U-JKZORTSOYOGW,CA-VA-00000132,124,SINGLE_FAMILY,1567.0,2,RENTED,35-8843-368
U-0S55FFR38WSU,CA-VA-00000132,125,TOWNHOME,,1,OWNER_OCCUPIED,52-5860-875
U-XMCMXOBVPTCH,CA-VA-00000132,126,SINGLE_FAMILY,786.0,2,RENTED,
U-HAX4WKTHBIZ5,CA-VA-00000132,127,SINGLE_FAMILY,1229.0,3,OWNER_OCCUPIED,60-5782-946
U-9GOE5V7YKT2S,CA-VA-00000132,128,TOWNHOME,1285.0,2,RENTED,67-6344-840
U-XN0Z3IP8R6BO,CA-VA-00000132,129,TOWNHOME,1062.0,2,OWNER_OCCUPIED,94-8182-838
U-HTJMY4YWLZVM,CA-VA-00000132,130,TOWNHOME,938.0,2,OWNER_OCCUPIED,65-9722-138
U-APQNRVEUHHCT,CA-VA-00000132,131,SINGLE_FAMILY,2789.0,3,RENTED,59-4797-918
U-LH1L2LIT38KD,CA-VA-00000132,132,SINGLE_FAMILY,2384.0,5,OWNER_OCCUPIED,28-3307-572
U-CWOG1C979YR1,CA-VA-00000132,133,TOWNHOME,1349.0,5,OWNER_OCCUPIED,12-2306-924
U-KTO9ZFT2E26I,CA-VA-00000132,134,SINGLE_FAMILY,2863.0,3,RENTED,52-1821-355
U-55XE7LV2UP4K,CA-VA-00000132,135,SINGLE_FAMILY,,3,RENTED,88-9827-272
U-S83IB888VA29,CA-VA-00000132,136,SINGLE_FAMILY,3185.0,3,OWNER_OCCUPIED,36-7876-979
U-8WPT5AVSIIAV,CA-VA-00000132,137,SINGLE_FAMILY,2461.0,3,RENTED,99-8309-959
U-7FCBC2RHX5J7,CA-VA-00000132,138,SINGLE_FAMILY,1073.0,3,OWNER_OCCUPIED,30-6221-971
U-G1D2GQZVZ10Z,CA-VA-00000132,139,TOWNHOME,3060.0,2,OWNER_OCCUPIED,82-9486-331
U-LQ8L02I7HJU2,CA-VA-00000132,140,TOWNHOME,2875.0,3,OWNER_OCCUPIED,52-6754-542
U-SEL248C75VV0,CA-VA-00000132,141,SINGLE_FAMILY,1665.0,4,RENTED,79-4357-224
U-4GXK740TJ3CZ,CA-VA-00000132,142,TOWNHOME,2267.0,2,RENTED,35-4029-484
U-4ZYK2PBCJURG,CA-VA-00000132,143,TOWNHOME,1088.0,2,OWNER_OCCUPIED,26-5059-618
U-Y87WYBHRQIJ4,CA-VA-00000132,144,TOWNHOME,1593.0,3,RENTED,33-8650-598
U-6J2VF9AHANSI,CA-VA-00000132,145,SINGLE_FAMILY,867.0,2,OWNER_OCCUPIED,55-8373-598
U-7O5Q90PJTP84,CA-IL-00000133,13E,CONDO_UNIT,3104.0,1,OWNER_OCCUPIED,48-2275-676
U-UFSBYS20MB5R,CA-IL-00000133,5G,CONDO_UNIT,,3,VACANT,41-9508-564
U-FQKS2ZN6FY2F,CA-IL-00000133,4H,CONDO_UNIT,2260.0,1,OWNER_OCCUPIED,56-7952-415
U-P2480FZPTRB1,CA-IL-00000133,30A,CONDO_UNIT,664.0,2,RENTED,64-8023-259
U-0Q6RS2K9X5A0,CA-IL-00000133,11A,CONDO_UNIT,997.0,2,RENTED,41-6315-551
U-X2NHG0QFNU5K,CA-IL-00000133,37A,CONDO_UNIT,1569.0,3,OWNER_OCCUPIED,93-2406-342
U-RUR2WSU6716E,CA-IL-00000133,10E,CONDO_UNIT,1666.0,1,OWNER_OCCUPIED,82-2909-735
U-3JW0ENWW4E3J,CA-IL-00000133,18E,CONDO_UNIT,1477.0,3,OWNER_OCCUPIED,67-3740-151
U-8A03W5EP7N2H,CA-IL-00000133,18D,CONDO_UNIT,2170.0,2,RENTED,32-3995-176
U-DL24B8XQK5CC,CA-IL-00000133,19D,CONDO_UNIT,683.0,3,OWNER_OCCUPIED,57-2234-902
U-VJE6JF68SYVD,CA-IL-00000133,5F,CONDO_UNIT,3043.0,2,OWNER_OCCUPIED,62-7524-342
U-P5N2TIWBFT5I,CA-IL-00000133,28D,CONDO_UNIT,687.0,3,OWNER_OCCUPIED,90-3696-189
U-QMHDMG0DTTK7,CA-IL-00000133,14C,CONDO_UNIT,,5,VACANT,74-6080-281
U-OVOA4IYMPLYD,CA-IL-00000133,19D,CONDO_UNIT,3035.0,2,RENTED,60-9946-889
U-LXGKYA164I9E,CA-IL-00000133,3H,CONDO_UNIT,2615.0,4,RENTED,79-5051-463
U-BF4QPDKJLW2Z,CA-IL-00000133,24A,CONDO_UNIT,2288.0,5,RENTED,
U-Y3YPJA15XSNQ,CA-IL-00000133,4G,CONDO_UNIT,2368.0,5,VACANT,59-1873-198
U-4AZP8QYSKFG2,CA-IL-00000133,23D,CONDO_UNIT,2254.0,2,RENTED,80-2365-208
U-TMTWQ2VZDGG8,CA-IL-00000133,21D,CONDO_UNIT,1986.0,2,OWNER_OCCUPIED,21-3695-730
U-0X51TDIMM5CC,CA-IL-00000133,28A,CONDO_UNIT,2333.0,2,OWNER_OCCUPIED,26-5034-505
U-9MZDKVFEJY2Y,CA-IL-00000133,5A,CONDO_UNIT,1764.0,3,RENTED,77-6508-831
U-9LB4I23ECNV5,CA-GA-00000134,100,SINGLE_FAMILY,1154.0,3,OWNER_OCCUPIED,95-3455-601
U-KJH51IL0CH4N,CA-GA-00000134,101,TOWNHOME,1323.0,2,VACANT,
U-ZGH9OQ14YC3J,CA-GA-00000134,102,TOWNHOME,1029.0,3,VACANT,13-8806-396
U-BVJ0VNGPVIXQ,CA-GA-00000134,103,SINGLE_FAMILY,1664.0,3,OWNER_OCCUPIED,42-1342-581
U-NN47Y3Q4I5BH,CA-GA-00000134,104,TOWNHOME,2979.0,2,OWNER_OCCUPIED,31-2174-761
U-8F8UVCX87ZZG,CA-GA-00000134,105,TOWNHOME,2464.0,1,RENTED,73-4576-531
U-OF0M7KP8PI23,CA-GA-00000134,106,SINGLE_FAMILY,,5,VACANT,97-5441-747
U-BN4SDGKTPW4U,CA-GA-00000134,107,TOWNHOME,,4,OWNER_OCCUPIED,29-6221-107
U-RR5LLXIPL28J,CA-GA-00000134,108,SINGLE_FAMILY,2387.0,3,RENTED,53-5535-353
U-ILSSREXZG0W4,CA-GA-00000134,109,TOWNHOME,966.0,3,OWNER_OCCUPIED,14-5047-108
U-KF2YXG9AW2T3,CA-GA-00000134,110,TOWNHOME,2098.0,3,OWNER_OCCUPIED,26-7530-312
U-8A7TOTEQAIW5,CA-GA-00000134,111,SINGLE_FAMILY,696.0,2,OWNER_OCCUPIED,26-1654-483
U-GP9QDA2H3FIZ,CA-GA-00000134,112,TOWNHOME,2112.0,3,OWNER_OCCUPIED,55-9551-463
U-55IUQSUDUQ60,CA-GA-00000134,113,SINGLE_FAMILY,2208.0,3,RENTED,68-8030-267
U-58CRJH42F39V,CA-GA-00000134,114,TOWNHOME,,4,OWNER_OCCUPIED,84-5096-635
U-3KZ05JDOVR6Z,CA-GA-00000134,115,TOWNHOME,,1,OWNER_OCCUPIED,54-4332-987
U-UEF2H8VMTKIZ,CA-GA-00000134,116,SINGLE_FAMILY,1309.0,4,RENTED,34-2692-472
U-VAAWT07Y0QNB,CA-GA-00000134,117,SINGLE_FAMILY,2564.0,2,OWNER_OCCUPIED,85-5398-235
U-D9LVHW4E6352,CA-GA-00000134,118,SINGLE_FAMILY,,3,RENTED,50-4576-821
U-IEH5RJB36K79,CA-GA-00000134,119,TOWNHOME,2666.0,3,RENTED,56-5624-780
U-RO1WL5ZV0E25,CA-GA-00000134,120,SINGLE_FAMILY,3098.0,2,OWNER_OCCUPIED,
U-6ETNP4AGTRLO,CA-GA-00000134,121,SINGLE_FAMILY,2162.0,2,RENTED,77-3466-394
U-XK4DOETQIKL7,CA-GA-00000134,122,TOWNHOME,1174.0,2,OWNER_OCCUPIED,15-9679-337
U-WYV5JVFVP2YK,CA-GA-00000134,123,TOWNHOME,1419.0,1,RENTED,65-3516-503
U-OMI2R7RLOHWC,CA-GA-00000134,124,SINGLE_FAMILY,1208.0,3,OWNER_OCCUPIED,62-2681-340
U-QYZNAXBIINTA,CA-GA-00000134,125,TOWNHOME,2944.0,3,OWNER_OCCUPIED,99-2931-286
U-86BNJYN2FFDM,CA-GA-00000134,126,TOWNHOME,2800.0,2,OWNER_OCCUPIED,91-9033-212
U-EKUJIIDEA18D,CA-GA-00000134,127,TOWNHOME,1118.0,4,VACANT,24-4964-478
U-XK2T69U9AV3D,CA-GA-00000134,128,SINGLE_FAMILY,2701.0,4,OWNER_OCCUPIED,93-5098-615
U-U6LLU7EIDWY4,CA-GA-00000134,129,TOWNHOME,2129.0,2,RENTED,11-7287-444
U-AGYDUVOIW4Y6,CA-GA-00000134,130,TOWNHOME,1557.0,2,VACANT,26-9621-130
U-9GWW582Z95S8,CA-GA-00000134,131,TOWNHOME,2182.0,2,OWNER_OCCUPIED,64-1835-357
U-24RINUJ1YNJC,CA-GA-00000134,132,TOWNHOME,,3,VACANT,66-4229-546
U-9YWNYJ9QW2AS,CA-GA-00000134,133,SINGLE_FAMILY,1655.0,2,RENTED,90-8855-606
U-3F5L5POF1L44,CA-GA-00000134,134,SINGLE_FAMILY,1449.0,4,OWNER_OCCUPIED,57-4760-747
U-WADUI20UNQKT,CA-GA-00000134,135,SINGLE_FAMILY,2786.0,3,RENTED,97-4894-943
U-7H4UNF8P7HL1,CA-GA-00000134,136,TOWNHOME,1253.0,3,OWNER_OCCUPIED,40-4636-554
U-ERZGZX1YFH1H,CA-GA-00000134,137,TOWNHOME,2213.0,3,OWNER_OCCUPIED,69-7598-725
U-FCAJ1KDIU43Z,CA-GA-00000134,138,SINGLE_FAMILY,1853.0,2,RENTED,13-3730-799
U-XOS9GN02LYOF,CA-GA-00000134,139,SINGLE_FAMILY,1654.0,1,OWNER_OCCUPIED,43-8607-863
U-SWBCTMTFY719,CA-GA-00000134,140,TOWNHOME,1145.0,2,RENTED,34-2682-903
U-9JLF8UV7DSBL,CA-GA-00000134,141,SINGLE_FAMILY,3088.0,1,OWNER_OCCUPIED,43-5632-897
U-86CGK4UQAR2K,CA-GA-00000134,142,TOWNHOME,2060.0,3,OWNER_OCCUPIED,94-7244-684
U-0KTE4LD2ZAUI,CA-GA-00000134,143,TOWNHOME,2869.0,3,OWNER_OCCUPIED,94-8628-768
U-24WTFK0V3ARI,CA-GA-00000134,144,SINGLE_FAMILY,1075.0,1,RENTED,25-4180-701
U-NX4MG9CPFI0K,CA-GA-00000134,145,TOWNHOME,2728.0,4,OWNER_OCCUPIED,26-2286-270
U-UGX0ML6F15US,CA-GA-00000134,146,SINGLE_FAMILY,2075.0,2,OWNER_OCCUPIED,66-7568-554
U-W2C4VI59SYTG,CA-GA-00000134,147,TOWNHOME,2532.0,4,OWNER_OCCUPIED,35-3457-883
U-AILKTGFTCZEZ,CA-GA-00000134,148,SINGLE_FAMILY,772.0,3,OWNER_OCCUPIED,74-4393-374
U-I5JEYRVIGFTP,CA-GA-00000134,149,TOWNHOME,,2,OWNER_OCCUPIED,62-6711-823
U-OE3JUYT82Z4J,CA-GA-00000134,150,SINGLE_FAMILY,1617.0,3,OWNER_OCCUPIED,11-3247-462
U-PLQCXM0Z774E,CA-GA-00000134,151,SINGLE_FAMILY,1443.0,2,OWNER_OCCUPIED,79-2160-399
U-3X5UEJIX7UC5,CA-GA-00000134,152,TOWNHOME,2143.0,1,RENTED,36-5856-930
U-KSENZNA2RXDG,CA-GA-00000134,153,SINGLE_FAMILY,2872.0,4,OWNER_OCCUPIED,72-4591-242
U-1RCEPWSI7P4S,CA-GA-00000134,154,SINGLE_FAMILY,1712.0,3,RENTED,73-1934-338
U-NLE7GODVYHQZ,CA-GA-00000134,155,TOWNHOME,1616.0,4,RENTED,14-5635-349
U-Z8EWV6SKW7P4,CA-GA-00000134,156,SINGLE_FAMILY,1985.0,3,OWNER_OCCUPIED,18-9711-302
U-OJXZKY50Z8A1,CA-GA-00000134,157,SINGLE_FAMILY,984.0,3,OWNER_OCCUPIED,80-1636-508
U-IO65XBMCO1BK,CA-GA-00000134,158,SINGLE_FAMILY,1250.0,2,RENTED,36-3392-480
U-9CHXP7G8LVOF,CA-GA-00000134,159,TOWNHOME,2748.0,3,OWNER_OCCUPIED,55-7149-228
U-VRECCKSB0OJU,CA-IL-00000135,5E,CONDO_UNIT,1055.0,5,RENTED,38-4848-715
U-JNDWCE043X1C,CA-IL-00000135,37G,CONDO_UNIT,2777.0,1,OWNER_OCCUPIED,
U-GTIFO4423HEL,CA-IL-00000135,33C,CONDO_UNIT,871.0,1,VACANT,24-5617-971
U-O4YKDVWUWS08,CA-IL-00000135,7G,CONDO_UNIT,2209.0,2,OWNER_OCCUPIED,23-2467-887
U-F0MBLTZSTI3F,CA-IL-00000135,1E,CONDO_UNIT,2153.0,3,OWNER_OCCUPIED,88-8716-315
U-4JIUNWBQR6ES,CA-IL-00000135,32F,CONDO_UNIT,811.0,3,OWNER_OCCUPIED,48-7619-311
U-OMVBQKOI06PI,CA-IL-00000135,16E,CONDO_UNIT,1515.0,4,OWNER_OCCUPIED,99-4216-675
U-W18JKUYN4PM3,CA-IL-00000135,14E,CONDO_UNIT,836.0,3,OWNER_OCCUPIED,49-1614-433
U-VG07SCQBEXLZ,CA-IL-00000135,12E,CONDO_UNIT,1683.0,3,VACANT,72-9015-829
U-U84FNK3LV2GK,CA-IL-00000135,26C,CONDO_UNIT,1229.0,3,OWNER_OCCUPIED,44-5596-352
U-6A9VG27DCDT7,CA-IL-00000135,28A,CONDO_UNIT,2360.0,3,OWNER_OCCUPIED,85-2066-793
U-HUHX53APU3WZ,CA-IL-00000135,35F,CONDO_UNIT,2296.0,2,RENTED,96-3636-134
U-434UMQKP4YYA,CA-IL-00000135,23G,CONDO_UNIT,1415.0,5,RENTED,48-9136-613
U-W98GSBW6M2U1,CA-IL-00000135,1C,CONDO_UNIT,2286.0,2,OWNER_OCCUPIED,16-9020-513
U-42DHEKXV5N6H,CA-IL-00000135,22C,CONDO_UNIT,2640.0,3,OWNER_OCCUPIED,29-3884-857
U-VA4N4GL3KX80,CA-IL-00000135,21E,CONDO_UNIT,3155.0,2,OWNER_OCCUPIED,98-3125-108
U-DO1HVNWOW86S,CA-IL-00000135,5C,CONDO_UNIT,3046.0,2,RENTED,70-5681-479
U-ABM0WCBK8FLR,CA-IL-00000135,18E,CONDO_UNIT,2524.0,1,OWNER_OCCUPIED,24-9375-361
U-NO52A2CZ1DW7,CA-IL-00000135,9E,CONDO_UNIT,1923.0,2,RENTED,20-6883-334
U-SNRDOPZPOPA9,CA-IL-00000135,3F,CONDO_UNIT,2239.0,3,OWNER_OCCUPIED,23-9802-408
U-NBPP22WCRNBZ,CA-IL-00000135,19B,CONDO_UNIT,1645.0,1,VACANT,29-5551-712
U-QQC1EX7ZQRTD,CA-IL-00000135,12B,CONDO_UNIT,,3,OWNER_OCCUPIED,57-9628-694
U-49XD90RRZ6HC,CA-IL-00000135,23C,CONDO_UNIT,,3,OWNER_OCCUPIED,53-9852-218
U-N84CRFZG5PEI,CA-FL-00000136,100,SINGLE_FAMILY,2135.0,2,RENTED,93-7986-883
U-9LX00YJ3LJE3,CA-FL-00000136,101,SINGLE_FAMILY,1355.0,2,OWNER_OCCUPIED,16-6741-330
U-EVHKJMY94ZGG,CA-FL-00000136,102,TOWNHOME,1634.0,3,OWNER_OCCUPIED,93-8206-900
U-4BHOZ4S9Z368,CA-FL-00000136,103,TOWNHOME,2293.0,3,RENTED,52-3313-581
U-UASNCP6OJTFA,CA-FL-00000136,104,SINGLE_FAMILY,2178.0,1,RENTED,77-6180-580
U-YX3QXC9QAK5D,CA-FL-00000136,105,SINGLE_FAMILY,1191.0,1,VACANT,25-3388-893
U-2C4240T3RQIN,CA-FL-00000136,106,SINGLE_FAMILY,,5,OWNER_OCCUPIED,87-7412-712
U-XTJVQJIEGQHO,CA-FL-00000136,107,SINGLE_FAMILY,1496.0,1,RENTED,39-1431-487
U-NMFODB4W42AF,CA-FL-00000136,108,TOWNHOME,1403.0,4,VACANT,77-8790-617
U-ZAYG5K8X3FSP,CA-FL-00000136,109,TOWNHOME,,3,OWNER_OCCUPIED,54-5317-473
U-VFJ1OKTSF8T8,CA-FL-00000136,110,TOWNHOME,1023.0,2,OWNER_OCCUPIED,44-6672-714
U-KKO7I2QTG33J,CA-FL-00000136,111,SINGLE_FAMILY,1891.0,1,RENTED,
U-JZONCMZV3T9A,CA-FL-00000136,112,SINGLE_FAMILY,2603.0,2,RENTED,61-3405-444
U-ZXOYAJY5QFAG,CA-FL-00000136,113,SINGLE_FAMILY,1697.0,2,RENTED,55-3762-691
U-ACDI772WNNGY,CA-FL-00000136,114,SINGLE_FAMILY,1481.0,3,OWNER_OCCUPIED,71-1731-957
U-JHAXI328TBDL,CA-FL-00000136,115,TOWNHOME,1485.0,2,OWNER_OCCUPIED,18-3659-748
U-SIHQ6BWLZZJ4,CA-FL-00000136,116,SINGLE_FAMILY,2809.0,2,RENTED,93-3647-170
U-48GDXLAF30HM,CA-FL-00000136,117,TOWNHOME,904.0,3,OWNER_OCCUPIED,39-1608-450
U-T05VC9QV0Y8G,CA-FL-00000136,118,SINGLE_FAMILY,2442.0,2,OWNER_OCCUPIED,40-8142-430
U-IUESZYAQD5ZB,CA-FL-00000136,119,SINGLE_FAMILY,2144.0,5,OWNER_OCCUPIED,68-3309-121
U-RGRAERYTED6C,CA-FL-00000136,120,TOWNHOME,2904.0,3,RENTED,70-8122-292
U-3M4VRPR1K8D1,CA-FL-00000136,121,TOWNHOME,2434.0,1,RENTED,15-3573-702
U-SAHJQUR4EBZ3,CA-FL-00000136,122,SINGLE_FAMILY,1972.0,3,OWNER_OCCUPIED,90-6521-153
U-43TGJ4D6DR2F,CA-FL-00000136,123,SINGLE_FAMILY,1263.0,3,RENTED,27-4604-600
U-OCCB46MS11V1,CA-FL-00000136,124,TOWNHOME,2047.0,3,OWNER_OCCUPIED,43-4674-829
U-ZJJ3DMQ6KGQ3,CA-FL-00000136,125,TOWNHOME,2116.0,2,OWNER_OCCUPIED,33-5440-663
U-EP8OFYYO83E5,CA-FL-00000136,126,TOWNHOME,3070.0,3,OWNER_OCCUPIED,27-1949-329
U-ZE6GISPGSK1Q,CA-FL-00000136,127,SINGLE_FAMILY,2983.0,2,RENTED,43-7534-111
U-KL6WVOQVD49I,CA-FL-00000136,128,SINGLE_FAMILY,686.0,2,OWNER_OCCUPIED,14-7962-925
U-95NEQ2CNI1RK,CA-FL-00000136,129,SINGLE_FAMILY,1181.0,2,VACANT,27-1482-907
U-H4SLPRS0HI7A,CA-FL-00000136,130,TOWNHOME,2739.0,2,RENTED,93-7771-719
U-UFZD2YLDRKLK,CA-FL-00000136,131,TOWNHOME,1700.0,4,OWNER_OCCUPIED,18-8150-317
U-T9HN7Y53E9AA,CA-FL-00000136,132,SINGLE_FAMILY,1077.0,3,OWNER_OCCUPIED,91-7115-738
U-B2AIRL5JKTX3,CA-FL-00000136,133,SINGLE_FAMILY,1097.0,4,RENTED,96-2279-100
U-6SAW1V9R2U4Z,CA-FL-00000136,134,SINGLE_FAMILY,856.0,2,OWNER_OCCUPIED,28-6627-283
U-JPEM88I829ZV,CA-FL-00000136,135,TOWNHOME,1676.0,3,OWNER_OCCUPIED,48-3359-248
U-P5CNGF2ZOE8Y,CA-FL-00000136,136,TOWNHOME,3023.0,2,RENTED,52-4622-811
U-JPOWHDGNZ1CO,CA-FL-00000136,137,TOWNHOME,2825.0,3,RENTED,39-3788-662
U-OSEBZSW57SIB,CA-FL-00000136,138,SINGLE_FAMILY,2875.0,4,RENTED,72-6899-243
U-O90UQTA9RR8L,CA-FL-00000136,139,TOWNHOME,1249.0,3,RENTED,94-4429-109
U-8VW3KVESUBR9,CA-FL-00000136,140,SINGLE_FAMILY,2405.0,1,RENTED,55-7292-993
U-H6DIOGGG0JMK,CA-FL-00000136,141,SINGLE_FAMILY,1861.0,3,OWNER_OCCUPIED,47-7046-778
U-H33C0X0CZK9D,CA-FL-00000136,142,TOWNHOME,2132.0,2,RENTED,37-6966-829
U-C1K61IBLFA51,CA-FL-00000136,143,SINGLE_FAMILY,1874.0,2,OWNER_OCCUPIED,89-3322-801
U-EHLZ6QWKTXMY,CA-FL-00000136,144,TOWNHOME,1146.0,2,OWNER_OCCUPIED,
U-7QKAUW224HNE,CA-FL-00000136,145,TOWNHOME,1489.0,2,OWNER_OCCUPIED,26-3837-891
U-40BX8P4JL647,CA-FL-00000136,146,SINGLE_FAMILY,969.0,1,RENTED,23-8642-158
U-B6AU9RFMTDSM,CA-FL-00000136,147,TOWNHOME,2589.0,3,OWNER_OCCUPIED,22-1948-494
U-EGWQKBIJVJGU,CA-FL-00000136,148,SINGLE_FAMILY,2397.0,3,RENTED,49-5836-262
U-5VWOP4XUPCSJ,CA-FL-00000136,149,TOWNHOME,1005.0,1,VACANT,
U-O66V9N884PK4,CA-FL-00000136,150,SINGLE_FAMILY,2505.0,4,RENTED,78-2678-597
U-DG8OASD23BC2,CA-FL-00000136,151,SINGLE_FAMILY,1908.0,1,OWNER_OCCUPIED,35-9747-218
U-C5FBXU2UWQAB,CA-FL-00000136,152,SINGLE_FAMILY,1551.0,2,RENTED,96-7195-338
U-U9MVTQ6REXXE,CA-FL-00000136,153,TOWNHOME,1677.0,5,OWNER_OCCUPIED,17-8489-215
U-KLIPZSWONN7K,CA-FL-00000136,154,TOWNHOME,2687.0,3,VACANT,39-4489-766
U-ZAKIUOLJA8P6,CA-FL-00000136,155,SINGLE_FAMILY,,3,RENTED,63-7436-487
U-TM4PGWD7Q37V,CA-FL-00000136,156,TOWNHOME,2047.0,3,RENTED,70-7358-288
U-EF45I1RFPCVN,CA-FL-00000136,157,TOWNHOME,1885.0,2,OWNER_OCCUPIED,28-5463-638
U-AHILNT68SLI2,CA-FL-00000136,158,SINGLE_FAMILY,1794.0,4,RENTED,24-4018-986
U-YSO0WP8X31PJ,CA-FL-00000136,159,TOWNHOME,,2,RENTED,41-3002-935
U-NSWELUT88147,CA-CA-00000137,23B,CONDO_UNIT,3160.0,4,OWNER_OCCUPIED,54-9116-153
U-TRBM47F3HTKA,CA-CA-00000137,37H,CONDO_UNIT,689.0,3,OWNER_OCCUPIED,33-7374-841
U-IP5Y830KS06H,CA-CA-00000137,37D,CONDO_UNIT,1910.0,4,OWNER_OCCUPIED,60-6194-379
U-R1U69QTTSINR,CA-CA-00000137,34C,CONDO_UNIT,2330.0,5,OWNER_OCCUPIED,85-3388-432
U-JUM1Q9DVOJEQ,CA-CA-00000137,4E,CONDO_UNIT,2588.0,2,OWNER_OCCUPIED,38-6654-519
U-NUQAVV3US3M4,CA-CA-00000137,36A,CONDO_UNIT,2284.0,2,OWNER_OCCUPIED,23-5610-647
U-KKZUIT7OTCFW,CA-CA-00000137,8E,CONDO_UNIT,2026.0,2,RENTED,67-6001-567
U-EQOBB3B6TF9M,CA-CA-00000137,29D,CONDO_UNIT,2799.0,3,RENTED,55-7299-584
U-7BY7Q99S48GZ,CA-CA-00000137,8G,CONDO_UNIT,1808.0,3,OWNER_OCCUPIED,95-8210-887
U-JOS6DXDXF3L7,CA-CA-00000137,18G,CONDO_UNIT,809.0,2,VACANT,48-9758-212
U-T5A5UQ45AY5L,CA-CA-00000137,17D,CONDO_UNIT,1311.0,3,VACANT,86-7541-470
U-BGK9M8YEIAYA,CA-CA-00000137,35D,CONDO_UNIT,2724.0,2,OWNER_OCCUPIED,87-5434-236
U-FASBTX5U2PCK,CA-CA-00000137,37G,CONDO_UNIT,1007.0,2,VACANT,58-4546-180
U-3GB9EN3VSTQA,CA-CA-00000137,3G,CONDO_UNIT,1191.0,3,OWNER_OCCUPIED,89-6485-305
U-W8VT9A1JYO08,CA-CA-00000137,15E,CONDO_UNIT,1115.0,2,OWNER_OCCUPIED,33-1234-792
U-W0KA1C9NBDZH,CA-CA-00000137,6C,CONDO_UNIT,1999.0,1,RENTED,88-9423-936
U-N4VZCSCNSV6U,CA-CA-00000137,39G,CONDO_UNIT,662.0,2,RENTED,31-7393-729
U-SV037NKGPH4P,CA-CA-00000137,6D,CONDO_UNIT,2181.0,2,OWNER_OCCUPIED,93-3246-571
U-INTZ8Z2DCLIO,CA-CA-00000137,24G,CONDO_UNIT,2769.0,1,RENTED,46-5478-591
U-GOIW2AXK1JUK,CA-CA-00000137,9C,CONDO_UNIT,972.0,5,RENTED,21-2026-331
U-QVGV3G7VY3KA,CA-CA-00000137,37C,CONDO_UNIT,1215.0,2,VACANT,76-6972-652
U-LL3DRD35WV8D,CA-CA-00000137,28G,CONDO_UNIT,1217.0,3,RENTED,31-7195-697
U-LYGU77F1IUTA,CA-CA-00000137,16F,CONDO_UNIT,781.0,4,OWNER_OCCUPIED,87-4967-977
U-YY7TL28KG2II,CA-CA-00000137,4G,CONDO_UNIT,1542.0,3,RENTED,86-4379-432
U-AM72MWHYGXF8,CA-CA-00000137,15E,CONDO_UNIT,2879.0,2,VACANT,26-7468-864
U-H3ZZNI44JDH6,CA-FL-00000138,100,TOWNHOME,2117.0,2,OWNER_OCCUPIED,75-9141-307
U-L8F34DOHRDY4,CA-FL-00000138,101,TOWNHOME,2603.0,2,OWNER_OCCUPIED,90-6067-879
U-3PSPK3NEO8TV,CA-FL-00000138,102,TOWNHOME,,2,OWNER_OCCUPIED,72-5099-681
U-HTLH80UCCUZR,CA-FL-00000138,103,TOWNHOME,1816.0,2,OWNER_OCCUPIED,61-2298-331
U-FN9K088K6XJO,CA-FL-00000138,104,TOWNHOME,1810.0,2,OWNER_OCCUPIED,25-6971-392
U-EH2YOVPZUOT0,CA-FL-00000138,105,TOWNHOME,2059.0,4,OWNER_OCCUPIED,88-3520-640
U-CRC8I1HS4OV8,CA-FL-00000138,106,TOWNHOME,1041.0,2,OWNER_OCCUPIED,15-8890-867
U-V47ZX7DLGB1U,CA-FL-00000138,107,TOWNHOME,1014.0,3,OWNER_OCCUPIED,50-5505-900
U-AGT6X3PKI65B,CA-FL-00000138,108,TOWNHOME,,2,OWNER_OCCUPIED,37-9699-416
U-Y49QEF8ADQCM,CA-FL-00000138,109,SINGLE_FAMILY,2870.0,3,RENTED,64-2410-362
U-WKW49BJH1KLC,CA-FL-00000138,110,SINGLE_FAMILY,,3,OWNER_OCCUPIED,64-3073-438
U-GFGZCNJ61SMP,CA-FL-00000138,111,TOWNHOME,2957.0,1,OWNER_OCCUPIED,71-1584-261
U-OZNFTIT3LDF5,CA-FL-00000138,112,SINGLE_FAMILY,1187.0,4,OWNER_OCCUPIED,81-3854-625
U-VLDYG0LWAQX6,CA-FL-00000138,113,SINGLE_FAMILY,2835.0,5,OWNER_OCCUPIED,69-2759-470
U-ZP76YA0BIHTQ,CA-FL-00000138,114,SINGLE_FAMILY,1350.0,3,RENTED,32-9970-912
U-GNITZTTY3PSF,CA-FL-00000138,115,SINGLE_FAMILY,2679.0,3,VACANT,59-2799-666
U-OW1DMP10BLLZ,CA-FL-00000138,116,SINGLE_FAMILY,1001.0,4,OWNER_OCCUPIED,51-2813-896
U-6CO53D7733IP,CA-FL-00000138,117,SINGLE_FAMILY,,2,OWNER_OCCUPIED,11-3802-511
U-46EH1JUU4SMO,CA-FL-00000138,118,TOWNHOME,899.0,1,RENTED,57-9780-313
U-XSI13HFRT9LM,CA-FL-00000138,119,TOWNHOME,2308.0,3,OWNER_OCCUPIED,37-3424-484
U-DP6ZRGGCMHJ9,CA-FL-00000138,120,SINGLE_FAMILY,2797.0,2,VACANT,92-5111-133
U-ZTLSSWZ0KKTI,CA-FL-00000138,121,SINGLE_FAMILY,986.0,3,RENTED,64-8739-564
U-JERTWMQ5YBRQ,CA-FL-00000138,122,TOWNHOME,1184.0,2,OWNER_OCCUPIED,46-6659-265
U-DMLRSIWOFAM1,CA-FL-00000138,123,SINGLE_FAMILY,1721.0,2,OWNER_OCCUPIED,35-6108-939
U-IM7L6VX4H9LX,CA-FL-00000138,124,TOWNHOME,1439.0,3,OWNER_OCCUPIED,92-5697-523
U-7WMVNFJM9SRS,CA-FL-00000138,125,TOWNHOME,1677.0,3,OWNER_OCCUPIED,55-6087-853
U-U2ZO0L80VSWT,CA-FL-00000138,126,TOWNHOME,3143.0,1,OWNER_OCCUPIED,32-2495-590
U-C51O0BN4Z04X,CA-FL-00000138,127,SINGLE_FAMILY,2069.0,2,RENTED,53-6740-632
U-6HMQ31YT4BM0,CA-FL-00000138,128,SINGLE_FAMILY,2080.0,2,OWNER_OCCUPIED,20-3451-705
U-T2XBDDDMHNDT,CA-FL-00000138,129,SINGLE_FAMILY,2988.0,1,OWNER_OCCUPIED,21-1156-224
U-DQVSXNMA801V,CA-FL-00000138,130,TOWNHOME,2662.0,3,OWNER_OCCUPIED,16-1131-959
U-08YO1WEKW1KN,CA-FL-00000138,131,SINGLE_FAMILY,2647.0,2,OWNER_OCCUPIED,64-4722-753
U-05IZRDTPF0RN,CA-FL-00000138,132,SINGLE_FAMILY,1479.0,2,OWNER_OCCUPIED,32-4423-647
U-A421V3FSTNHN,CA-FL-00000138,133,TOWNHOME,2469.0,4,OWNER_OCCUPIED,38-4991-341
U-93STI6ZRVHBI,CA-FL-00000138,134,SINGLE_FAMILY,2093.0,2,OWNER_OCCUPIED,22-8794-314
U-965TAFTAU4YI,CA-OH-00000139,37H,CONDO_UNIT,2475.0,2,OWNER_OCCUPIED,28-4937-466
U-DXNQ6KPSOD15,CA-OH-00000139,2G,CONDO_UNIT,864.0,3,OWNER_OCCUPIED,
U-39Z5YDX90SW5,CA-OH-00000139,32F,CONDO_UNIT,749.0,2,OWNER_OCCUPIED,38-5001-427
U-09C11KX29AHS,CA-OH-00000139,34C,CONDO_UNIT,2789.0,2,OWNER_OCCUPIED,
U-KE1Z0RLA0V2C,CA-OH-00000139,8D,CONDO_UNIT,3025.0,3,OWNER_OCCUPIED,26-8649-873
U-QEH0Z86ILH98,CA-OH-00000139,19G,CONDO_UNIT,2264.0,4,OWNER_OCCUPIED,36-1498-412
U-S7BE85O4RCA7,CA-OH-00000139,8G,CONDO_UNIT,3104.0,2,RENTED,53-3904-601
U-TNCGEUWP5RWC,CA-OH-00000139,3C,CONDO_UNIT,3195.0,3,OWNER_OCCUPIED,83-8239-278
U-LN20GKQQLQ5M,CA-OH-00000139,28B,CONDO_UNIT,987.0,3,OWNER_OCCUPIED,51-5923-319
U-42N0D4NRE6OR,CA-OH-00000139,11A,CONDO_UNIT,2114.0,3,RENTED,96-5863-700
U-RRE3HF95WRD7,CA-OH-00000139,21E,CONDO_UNIT,2433.0,4,RENTED,34-2827-207
U-JTAI7CMNGRMM,CA-OH-00000139,4H,CONDO_UNIT,2867.0,4,OWNER_OCCUPIED,59-4469-109
U-UL4D9QVAJGJ4,CA-OH-00000139,38E,CONDO_UNIT,2181.0,1,OWNER_OCCUPIED,69-5089-644
U-2WVDFHQGQYIQ,CA-OH-00000139,28D,CONDO_UNIT,1426.0,3,OWNER_OCCUPIED,55-1207-522
U-P4Y98NSDUATL,CA-OH-00000139,23F,CONDO_UNIT,1738.0,1,RENTED,94-6909-674
U-4KHOX4YU0FU7,CA-OH-00000139,27E,CONDO_UNIT,2779.0,4,OWNER_OCCUPIED,46-2820-455
U-D7SWDGK713KL,CA-OH-00000139,24G,CONDO_UNIT,1483.0,2,OWNER_OCCUPIED,30-2215-650
U-EIGHY4R9K4PQ,CA-OH-00000139,19B,CONDO_UNIT,870.0,3,OWNER_OCCUPIED,38-6475-480
U-00JCXBPD9X04,CA-OH-00000139,17D,CONDO_UNIT,1622.0,3,OWNER_OCCUPIED,46-6247-545
U-U46US957QWX3,CA-OH-00000139,18D,CONDO_UNIT,1154.0,3,OWNER_OCCUPIED,
U-57GLL995OJ6A,CA-OH-00000139,18D,CONDO_UNIT,1002.0,2,VACANT,24-4288-268
U-6QVTMGDGH0IR,CA-OH-00000139,18C,CONDO_UNIT,1859.0,3,RENTED,93-2626-996
U-903RKTUBGTAO,CA-OH-00000139,25C,CONDO_UNIT,1982.0,4,RENTED,85-9284-916
U-DPW3KSLSRUMF,CA-OH-00000139,10F,CONDO_UNIT,2830.0,1,RENTED,27-6073-545
U-YULC3KGU8T5E,CA-OH-00000139,12A,CONDO_UNIT,2459.0,1,OWNER_OCCUPIED,67-9862-969
U-WPCGMFKFT7RU,CA-OH-00000139,13B,CONDO_UNIT,2538.0,5,OWNER_OCCUPIED,47-2405-348
U-UOYOMPESSBM1,CA-OH-00000139,6H,CONDO_UNIT,,3,OWNER_OCCUPIED,34-6041-777
U-R13I8ZYXKVGY,CA-OH-00000139,36E,CONDO_UNIT,,2,VACANT,49-4471-407
U-YR2OT8TDEXO8,CA-OH-00000139,27G,CONDO_UNIT,2436.0,3,RENTED,35-1529-123
U-7M4I8NP9IVD5,CA-OH-00000139,27C,CONDO_UNIT,3055.0,1,RENTED,10-6757-288
U-FP7XUJ7EQUMI,CA-OH-00000139,21E,CONDO_UNIT,2284.0,2,OWNER_OCCUPIED,26-4479-818
U-RWGYNJJEE3ZD,CA-OH-00000139,17B,CONDO_UNIT,3156.0,3,OWNER_OCCUPIED,65-6793-363
U-XEDJZBK4WX96,CA-OH-00000139,16C,CONDO_UNIT,2677.0,3,VACANT,83-4072-699
U-EQXUI09DP3XV,CA-OH-00000139,36H,CONDO_UNIT,2441.0,4,RENTED,12-2697-644
U-EOFEMMFZO4VC,CA-OH-00000139,27H,CONDO_UNIT,1062.0,3,RENTED,57-7434-731
U-RPRVTFZBQ31M,CA-OH-00000139,18F,CONDO_UNIT,2985.0,4,RENTED,89-8856-650
U-ZPS24NA6O3AC,CA-OH-00000139,18G,CONDO_UNIT,2536.0,4,RENTED,96-7150-923
U-ZNM74D7OSDHR,CA-OH-00000139,36A,CONDO_UNIT,899.0,4,OWNER_OCCUPIED,61-5376-674
U-GBQFQSBEQSOL,CA-OH-00000139,34H,CONDO_UNIT,1270.0,1,OWNER_OCCUPIED,71-4176-552
U-3UZ2B6BUE5BX,CA-OH-00000139,38D,CONDO_UNIT,1686.0,2,RENTED,39-7761-366
U-R9WQCRLHSHKQ,CA-OH-00000139,36D,CONDO_UNIT,770.0,2,VACANT,17-4008-723
U-REQ441B0G6Z1,CA-OH-00000139,6G,CONDO_UNIT,1885.0,4,OWNER_OCCUPIED,35-9566-360
U-GM7VM07QTE9F,CA-OH-00000139,31H,CONDO_UNIT,2495.0,2,OWNER_OCCUPIED,42-7986-544
U-8BMB0Y0P0Y6Z,CA-OH-00000139,34G,CONDO_UNIT,1052.0,3,RENTED,24-9208-588
U-8XESBR31J5PF,CA-OH-00000139,39G,CONDO_UNIT,1355.0,2,OWNER_OCCUPIED,
U-JSTUTNF0GHKJ,CA-OH-00000139,17E,CONDO_UNIT,2094.0,3,OWNER_OCCUPIED,77-4928-908
U-PTKG3ETEOJI6,CA-OH-00000139,2C,CONDO_UNIT,1017.0,5,OWNER_OCCUPIED,48-2318-693
U-BXFYF1BJVE8Y,CA-OH-00000139,10F,CONDO_UNIT,1162.0,2,RENTED,95-2904-148
U-9BJXHTRMDZ0W,CA-OH-00000139,25F,CONDO_UNIT,2544.0,1,RENTED,19-4505-423
U-OFA3SX19LN6F,CA-OH-00000139,18C,CONDO_UNIT,1841.0,2,RENTED,26-7009-510
U-V3EW2TAALKFB,CA-OH-00000139,38D,CONDO_UNIT,682.0,2,OWNER_OCCUPIED,99-2361-301
U-MOM6OM412HQ3,CA-OH-00000139,33D,CONDO_UNIT,2301.0,4,OWNER_OCCUPIED,16-2299-570
U-TMDPVLYIZWK3,CA-OH-00000139,31E,CONDO_UNIT,,2,OWNER_OCCUPIED,20-2308-304
U-05K1ED7U2VYP,CA-OH-00000139,22F,CONDO_UNIT,1888.0,2,OWNER_OCCUPIED,90-2690-534
U-98KOBP5ZM1DZ,CA-OH-00000139,28B,CONDO_UNIT,2822.0,4,OWNER_OCCUPIED,46-3519-920
U-D73D31P6K18D,CA-OH-00000139,40E,CONDO_UNIT,2219.0,3,OWNER_OCCUPIED,53-1983-374
U-2SJHM0ZJGIC4,CA-OH-00000139,7E,CONDO_UNIT,1347.0,2,RENTED,35-6285-234
U-5JJCMAR6496H,CA-OH-00000139,2D,CONDO_UNIT,2183.0,3,RENTED,10-4393-630
U-PZG1HP4X4A4M,CA-OH-00000139,5B,CONDO_UNIT,1216.0,3,OWNER_OCCUPIED,80-1824-943
U-9DN8RU3E7PC3,CA-OH-00000139,27F,CONDO_UNIT,666.0,2,OWNER_OCCUPIED,42-4448-334
U-GGE7DNE1MK4Q,CA-MA-00000140,100,SINGLE_FAMILY,,3,OWNER_OCCUPIED,
U-1VBMQDF05AY1,CA-MA-00000140,101,TOWNHOME,1767.0,4,OWNER_OCCUPIED,27-8115-983
U-NCT4RSPURDFM,CA-MA-00000140,102,SINGLE_FAMILY,717.0,2,VACANT,82-1818-158
U-32QNF6K6QMZX,CA-MA-00000140,103,TOWNHOME,1373.0,4,OWNER_OCCUPIED,25-9796-827
U-HP5PE43KONP3,CA-MA-00000140,104,SINGLE_FAMILY,1137.0,3,OWNER_OCCUPIED,
U-D92EJEGX8RER,CA-MA-00000140,105,SINGLE_FAMILY,2330.0,3,RENTED,84-2535-610
U-FROSMVW2PZBX,CA-MA-00000140,106,SINGLE_FAMILY,970.0,3,RENTED,11-5870-595
U-95P9MIX9HIP8,CA-MA-00000140,107,TOWNHOME,2062.0,5,OWNER_OCCUPIED,54-1262-710
U-O0NW6A340TFX,CA-MA-00000140,108,SINGLE_FAMILY,,2,RENTED,74-5015-172
U-DVL9E65B3CS7,CA-MA-00000140,109,SINGLE_FAMILY,1231.0,2,RENTED,51-2638-234
U-45DB0PBSA64M,CA-MA-00000140,110,SINGLE_FAMILY,839.0,3,RENTED,27-3832-325
U-V7PROT9V8YY9,CA-MA-00000140,111,SINGLE_FAMILY,768.0,3,OWNER_OCCUPIED,35-8818-409
U-H5CGX4XHSI49,CA-MA-00000140,112,TOWNHOME,3145.0,3,OWNER_OCCUPIED,95-2170-342
U-11V45BOLFYH0,CA-MA-00000140,113,TOWNHOME,673.0,3,OWNER_OCCUPIED,19-7706-148
U-5A0S2K62EI4O,CA-MA-00000140,114,SINGLE_FAMILY,1174.0,2,RENTED,81-2325-410
U-ADG9TMWBVS7E,CA-MA-00000140,115,SINGLE_FAMILY,1886.0,2,OWNER_OCCUPIED,77-2871-675
U-QFKIKAM1KLOD,CA-MA-00000140,116,SINGLE_FAMILY,1294.0,3,OWNER_OCCUPIED,52-7445-589
U-9T3LU50EB8D2,CA-MA-00000140,117,TOWNHOME,,2,OWNER_OCCUPIED,62-5666-731
U-XXIC8P5STBYG,CA-WA-00000141,100,SINGLE_FAMILY,1113.0,2,RENTED,99-9032-944
U-UHHFGUCWU0FJ,CA-WA-00000141,101,TOWNHOME,2607.0,3,OWNER_OCCUPIED,43-9229-840
U-O9055X8NOH4T,CA-WA-00000141,102,TOWNHOME,1270.0,2,RENTED,10-5299-452
U-JHFKK7BS2OPQ,CA-WA-00000141,103,SINGLE_FAMILY,1158.0,3,OWNER_OCCUPIED,23-7416-223
U-IS9OCXJ6ABNY,CA-WA-00000141,104,TOWNHOME,1571.0,3,OWNER_OCCUPIED,66-5352-898
U-29M154DZM8D3,CA-WA-00000141,105,SINGLE_FAMILY,2696.0,5,OWNER_OCCUPIED,91-7200-444
U-DBTYK0MIWLFJ,CA-WA-00000141,106,TOWNHOME,1564.0,1,OWNER_OCCUPIED,48-2070-968
U-WWKKPFFWP7G7,CA-WA-00000141,107,TOWNHOME,2983.0,2,VACANT,23-4521-749
U-MCOVOQJES3IK,CA-WA-00000141,108,SINGLE_FAMILY,1142.0,3,OWNER_OCCUPIED,
U-D1GU2D2CRPQE,CA-WA-00000141,109,TOWNHOME,3078.0,2,OWNER_OCCUPIED,92-6584-137
U-WNJPLUD3K7EP,CA-WA-00000141,110,SINGLE_FAMILY,1397.0,2,VACANT,73-7627-802
U-FCEC8DKGB8PW,CA-WA-00000141,111,SINGLE_FAMILY,1125.0,1,OWNER_OCCUPIED,10-9058-719
U-ILIVI7KX3N5H,CA-WA-00000141,112,TOWNHOME,2595.0,5,OWNER_OCCUPIED,39-2865-998
U-3HJ1ZP2YVEKY,CA-WA-00000141,113,SINGLE_FAMILY,2590.0,2,RENTED,27-5431-835
U-KVVECKFKPJ6Q,CA-WA-00000141,114,TOWNHOME,2482.0,5,OWNER_OCCUPIED,71-6895-160
U-4X6V3XRWYLUA,CA-WA-00000141,115,SINGLE_FAMILY,1444.0,3,OWNER_OCCUPIED,45-6937-513
U-13C57V5AWZSA,CA-WA-00000141,116,TOWNHOME,1850.0,3,RENTED,25-7362-933
U-WD0950BHO3XZ,CA-WA-00000141,117,TOWNHOME,3053.0,2,RENTED,52-5221-132
U-9ED4AYDE8BHK,CA-WA-00000141,118,TOWNHOME,1638.0,2,OWNER_OCCUPIED,91-3540-184
U-L5NSSU4LB1M0,CA-WA-00000141,119,SINGLE_FAMILY,2408.0,2,OWNER_OCCUPIED,70-4688-811
U-TX9WOY3AMWYJ,CA-WA-00000141,120,TOWNHOME,1721.0,3,RENTED,91-3744-866
U-GLI6EK5PXOBZ,CA-WA-00000141,121,TOWNHOME,2675.0,2,RENTED,53-8474-999
U-TSJM4SQGFFRA,CA-WA-00000141,122,SINGLE_FAMILY,3199.0,3,OWNER_OCCUPIED,95-3523-916
U-702HHNNQ81UY,CA-WA-00000141,123,SINGLE_FAMILY,1834.0,2,OWNER_OCCUPIED,26-3191-547
U-J62PTUML6T44,CA-WA-00000141,124,TOWNHOME,2870.0,4,OWNER_OCCUPIED,35-3982-181
U-7BFMO16CHD2O,CA-WA-00000141,125,TOWNHOME,2558.0,3,OWNER_OCCUPIED,
U-QEYASR3OCVET,CA-WA-00000141,126,TOWNHOME,822.0,4,RENTED,21-7072-942
U-2GSIZDAQRF9X,CA-WA-00000141,127,SINGLE_FAMILY,3127.0,4,OWNER_OCCUPIED,40-6742-800
U-4WQQRDU9YFR1,CA-WA-00000141,128,SINGLE_FAMILY,3105.0,4,OWNER_OCCUPIED,48-7439-759
U-0A07SNJFAC8Y,CA-WA-00000141,129,SINGLE_FAMILY,2295.0,2,OWNER_OCCUPIED,44-6890-465
U-9IFHJ2VTQ9RK,CA-WA-00000141,130,SINGLE_FAMILY,2791.0,4,RENTED,81-9653-996
U-0WXHKG2VKEVR,CA-WA-00000141,131,TOWNHOME,719.0,2,OWNER_OCCUPIED,99-8275-227
U-6VW48HLX986T,CA-WA-00000141,132,TOWNHOME,,4,OWNER_OCCUPIED,51-3132-128
U-M9AS541ZS86B,CA-WA-00000141,133,SINGLE_FAMILY,,1,RENTED,82-4962-726
U-E2OJ64BNV365,CA-WA-00000141,134,SINGLE_FAMILY,1218.0,2,RENTED,88-5464-779
U-GH4G7Q9RXNQK,CA-WA-00000141,135,SINGLE_FAMILY,2437.0,3,RENTED,42-8564-123
U-KST1FJDBHYIM,CA-WA-00000141,136,SINGLE_FAMILY,2920.0,3,OWNER_OCCUPIED,44-8247-945
U-XQPRZQQGI5E6,CA-WA-00000141,137,SINGLE_FAMILY,1026.0,3,RENTED,15-6159-268
U-PWW237KOZCZ0,CA-WA-00000141,138,TOWNHOME,1371.0,4,OWNER_OCCUPIED,74-2953-779
U-7MPF03UUE8I8,CA-WA-00000141,139,TOWNHOME,2179.0,3,OWNER_OCCUPIED,98-4696-349
U-JEW18OICUXT6,CA-WA-00000141,140,TOWNHOME,1286.0,3,OWNER_OCCUPIED,62-1675-152
U-MFJPEW4SA80K,CA-WA-00000141,141,SINGLE_FAMILY,3131.0,5,OWNER_OCCUPIED,14-5132-387
U-UPCAXP8ACHDH,CA-WA-00000141,142,SINGLE_FAMILY,2130.0,4,OWNER_OCCUPIED,14-8757-392
U-TVP3WZMRANLO,CA-WA-00000141,143,SINGLE_FAMILY,2914.0,1,OWNER_OCCUPIED,10-9956-815
U-6MT76WDFF3QI,CA-WA-00000141,144,TOWNHOME,1200.0,2,OWNER_OCCUPIED,60-8205-819
U-4EV701GGUCV1,CA-WA-00000141,145,TOWNHOME,1086.0,3,OWNER_OCCUPIED,79-2879-640
U-DKI2KHIFVWHN,CA-WA-00000141,146,SINGLE_FAMILY,803.0,2,OWNER_OCCUPIED,19-8133-186
U-KJALYURJ6SEA,CA-WA-00000141,147,TOWNHOME,,3,OWNER_OCCUPIED,47-5962-290
U-PBP5JYTMN0ZH,CA-WA-00000141,148,TOWNHOME,1736.0,3,OWNER_OCCUPIED,88-6297-202
U-FGYH44TZ20OH,CA-WA-00000141,149,TOWNHOME,1744.0,2,VACANT,30-1390-547
U-U1ALS0W38XOW,CA-WA-00000141,150,SINGLE_FAMILY,,2,VACANT,13-8191-806
U-B338UWLQZAOX,CA-WA-00000141,151,SINGLE_FAMILY,2797.0,4,RENTED,36-7647-399
U-2LUJW0H5HJ72,CA-IL-00000142,100,SINGLE_FAMILY,2325.0,4,OWNER_OCCUPIED,26-9106-490
U-MZNR2Q4V65FM,CA-IL-00000142,101,TOWNHOME,2009.0,3,OWNER_OCCUPIED,48-1339-204
U-PJ3LPBW749SE,CA-IL-00000142,102,SINGLE_FAMILY,2041.0,4,OWNER_OCCUPIED,88-8483-649
U-24RDABZWYH0A,CA-IL-00000142,103,SINGLE_FAMILY,2690.0,2,OWNER_OCCUPIED,18-3300-313
U-J8X7NPO213UM,CA-IL-00000142,104,SINGLE_FAMILY,2322.0,4,OWNER_OCCUPIED,36-1786-904
U-9MC9FLIB7TUD,CA-IL-00000142,105,TOWNHOME,1662.0,1,OWNER_OCCUPIED,82-4295-683
U-GC6C695XU6PP,CA-IL-00000142,106,TOWNHOME,2810.0,2,OWNER_OCCUPIED,63-5962-184
U-8S382O16KJTI,CA-IL-00000142,107,TOWNHOME,1039.0,2,OWNER_OCCUPIED,16-1353-215
U-W2TLY1QGOURA,CA-IL-00000142,108,TOWNHOME,2678.0,4,OWNER_OCCUPIED,46-8358-977
U-CD0TXFGV9PF3,CA-IL-00000142,109,SINGLE_FAMILY,2614.0,1,OWNER_OCCUPIED,38-7202-632
U-S1NU7UHTFVKY,CA-IL-00000142,110,TOWNHOME,2869.0,2,RENTED,83-4297-700
U-KZ11FUAM8BGD,CA-IL-00000142,111,TOWNHOME,2603.0,3,OWNER_OCCUPIED,21-6235-351
U-4SYDU5IR2T3L,CA-IL-00000142,112,TOWNHOME,1245.0,2,RENTED,14-4164-476
U-MEGBOEDDA9HS,CA-IL-00000142,113,TOWNHOME,2856.0,4,OWNER_OCCUPIED,66-6339-870
U-HIGGOVIXJWSX,CA-IL-00000142,114,SINGLE_FAMILY,1218.0,3,OWNER_OCCUPIED,19-8027-356
U-6MDDGYTWR7EL,CA-IL-00000142,115,TOWNHOME,2139.0,4,OWNER_OCCUPIED,53-4403-814
U-FZB49AZ3OC2Y,CA-IL-00000142,116,SINGLE_FAMILY,700.0,2,OWNER_OCCUPIED,18-1191-109
U-IYKSB5KGTGF1,CA-IL-00000142,117,TOWNHOME,2209.0,3,RENTED,46-6057-125
U-L90KTGXRIFGJ,CA-IL-00000142,118,TOWNHOME,999.0,2,OWNER_OCCUPIED,99-1466-412
U-Y5UN7UDCVD8A,CA-IL-00000142,119,TOWNHOME,2249.0,3,RENTED,99-9098-497
U-W5ILWHNI92SB,CA-IL-00000142,120,TOWNHOME,1769.0,3,OWNER_OCCUPIED,77-9099-613
U-OPFWXEKHKQU0,CA-IL-00000142,121,SINGLE_FAMILY,1633.0,3,RENTED,60-2585-798
U-STDHYIZD3NMJ,CA-IL-00000142,122,SINGLE_FAMILY,1514.0,1,OWNER_OCCUPIED,86-8480-417
U-3H4OD2ND6MLH,CA-IL-00000142,123,SINGLE_FAMILY,,1,OWNER_OCCUPIED,43-6588-463
U-JO8ES0ZFNMFF,CA-IL-00000142,124,TOWNHOME,2658.0,1,RENTED,90-7081-920
U-ZTGTDXEQGIRU,CA-IL-00000142,125,TOWNHOME,,3,OWNER_OCCUPIED,26-4668-427
U-O2AYDVSWU0NG,CA-IL-00000142,126,SINGLE_FAMILY,1957.0,3,VACANT,15-3116-346
U-72ZQ1NVI3MTY,CA-IL-00000142,127,SINGLE_FAMILY,2675.0,3,RENTED,47-9029-336
U-QJ02GUQT6VEJ,CA-IL-00000142,128,SINGLE_FAMILY,3092.0,3,VACANT,57-2805-940
U-3DAIAM14IL5A,CA-IL-00000142,129,TOWNHOME,1204.0,3,OWNER_OCCUPIED,69-9203-446
U-S70FPYG638YI,CA-IL-00000142,130,TOWNHOME,722.0,4,OWNER_OCCUPIED,
U-GOQ5R4FV1N25,CA-IL-00000142,131,SINGLE_FAMILY,1135.0,3,OWNER_OCCUPIED,90-8711-704
U-94WURN6PH1TO,CA-IL-00000142,132,SINGLE_FAMILY,3109.0,2,OWNER_OCCUPIED,54-3080-500
U-IME1I3SA8ORP,CA-IL-00000142,133,SINGLE_FAMILY,1126.0,3,RENTED,27-3628-758
U-9JAC9LO8MV9Q,CA-IL-00000142,134,SINGLE_FAMILY,,2,OWNER_OCCUPIED,71-2888-940
U-4GBO7BQETIE2,CA-IL-00000142,135,SINGLE_FAMILY,2646.0,3,RENTED,99-7618-514
U-9R00JRM0XWUZ,CA-IL-00000142,136,SINGLE_FAMILY,2278.0,2,RENTED,94-4827-533
U-8B659BWV0Z98,CA-IL-00000142,137,TOWNHOME,1817.0,1,RENTED,44-2287-633
U-6SBOV0JR9OKA,CA-IL-00000142,138,TOWNHOME,1464.0,4,OWNER_OCCUPIED,38-1819-858
U-8I5OUOTN46E3,CA-IL-00000142,139,TOWNHOME,2246.0,3,RENTED,72-2010-535
U-V5A2IQ4K3G4A,CA-IL-00000142,140,SINGLE_FAMILY,2168.0,3,OWNER_OCCUPIED,25-9355-847
U-Z8IGQKI3QBLR,CA-IL-00000142,141,SINGLE_FAMILY,2337.0,3,RENTED,49-1032-521
U-9KVL1C5ND3FR,CA-IL-00000142,142,SINGLE_FAMILY,,4,RENTED,70-1122-740
U-6QKIXQ0Y9OUN,CA-IL-00000142,143,TOWNHOME,939.0,2,OWNER_OCCUPIED,52-3242-547
U-1H0A68VJMZFK,CA-IL-00000142,144,SINGLE_FAMILY,1574.0,3,OWNER_OCCUPIED,53-6355-531
U-R3SKNGYH4IUE,CA-IL-00000142,145,SINGLE_FAMILY,1905.0,2,OWNER_OCCUPIED,19-1502-201
U-YIBZ9K5FGYHF,CA-IL-00000142,146,TOWNHOME,778.0,3,OWNER_OCCUPIED,67-3661-999
U-JNB4ZRJU6HH1,CA-IL-00000142,147,SINGLE_FAMILY,,3,RENTED,18-1180-347
U-6DIOU6UGSRIU,CA-IL-00000142,148,TOWNHOME,2709.0,3,RENTED,80-1904-722
U-DZK83NV6K5CX,CA-IL-00000142,149,SINGLE_FAMILY,1185.0,3,OWNER_OCCUPIED,67-1381-786
U-KABWFFDLH0MW,CA-IL-00000142,150,SINGLE_FAMILY,1669.0,2,RENTED,68-7561-320
U-7DOU030ZHLPA,CA-IL-00000142,151,TOWNHOME,1446.0,2,OWNER_OCCUPIED,42-2974-545
U-UW1YJGZ66Q8I,CA-IL-00000142,152,SINGLE_FAMILY,717.0,2,OWNER_OCCUPIED,78-2608-627
U-A4TFBDZNGZMM,CA-IL-00000142,153,TOWNHOME,2804.0,4,VACANT,11-4426-955
U-7NX1QSN9MC1W,CA-IL-00000142,154,TOWNHOME,1082.0,3,OWNER_OCCUPIED,86-5373-145
U-H4WS188KUNO2,CA-IL-00000142,155,TOWNHOME,1898.0,4,OWNER_OCCUPIED,24-7694-237
U-5G1LTXOBHBJD,CA-IL-00000142,156,TOWNHOME,2029.0,3,RENTED,25-7095-104
U-YMSL5JI1C9AA,CA-IL-00000142,157,SINGLE_FAMILY,2106.0,3,RENTED,54-7292-833
U-PMVQR3VS75IA,CA-IL-00000142,158,TOWNHOME,2323.0,5,RENTED,73-3557-980
U-QSFB3OJTSP6D,CA-IL-00000142,159,SINGLE_FAMILY,1685.0,3,OWNER_OCCUPIED,65-4294-178
U-MTOHIZP5IZW7,CA-TX-00000143,100,SINGLE_FAMILY,2582.0,2,RENTED,33-5337-809
U-JRU0WOY5WGGR,CA-TX-00000143,101,TOWNHOME,1015.0,2,RENTED,56-7260-526
U-3VH3IZADH6SO,CA-TX-00000143,102,SINGLE_FAMILY,785.0,2,OWNER_OCCUPIED,91-9566-939
U-877HQKL7QZ4H,CA-TX-00000143,103,SINGLE_FAMILY,3108.0,3,OWNER_OCCUPIED,16-5991-161
U-R567R2CF2R8X,CA-TX-00000143,104,TOWNHOME,1671.0,3,VACANT,87-5011-548
U-RIYOLX2DFKNL,CA-TX-00000143,105,TOWNHOME,1020.0,3,OWNER_OCCUPIED,70-7043-297
U-116QQ2KDH1TN,CA-TX-00000143,106,TOWNHOME,2658.0,5,OWNER_OCCUPIED,93-3236-348
U-U6WVUS3V6VAE,CA-TX-00000143,107,TOWNHOME,2493.0,2,OWNER_OCCUPIED,13-3954-882
U-8KEE8QNQIM3Z,CA-TX-00000143,108,SINGLE_FAMILY,2898.0,4,OWNER_OCCUPIED,48-9458-899
U-6YY6RCSQDJQG,CA-TX-00000143,109,SINGLE_FAMILY,844.0,3,OWNER_OCCUPIED,16-9136-418
U-XQ8GKM6DKOM9,CA-TX-00000143,110,TOWNHOME,2330.0,2,RENTED,66-7914-307
U-76UINMP0TU5G,CA-TX-00000143,111,TOWNHOME,2388.0,2,OWNER_OCCUPIED,97-9044-900
U-6T2E6I1DNHL2,CA-TX-00000143,112,TOWNHOME,2803.0,2,RENTED,
U-5YN1LIPUXSPG,CA-TX-00000143,113,TOWNHOME,2094.0,4,VACANT,48-9242-610
U-3DFUWKG9LTLL,CA-FL-00000144,100,TOWNHOME,883.0,3,RENTED,44-9454-308
U-2D3PFWUGMPDH,CA-FL-00000144,101,TOWNHOME,2553.0,3,RENTED,52-6232-808
U-KOFD5HODIM0X,CA-FL-00000144,102,SINGLE_FAMILY,2312.0,2,OWNER_OCCUPIED,78-8527-681
U-D6DLGJVMRUE9,CA-FL-00000144,103,TOWNHOME,1672.0,3,RENTED,30-1946-644
U-WP6HWUNO9HDJ,CA-FL-00000144,104,TOWNHOME,829.0,2,OWNER_OCCUPIED,46-9493-359
U-MT43UCQEHBU4,CA-FL-00000144,105,SINGLE_FAMILY,1024.0,2,VACANT,43-4072-281
U-1BAACOU0OZ2G,CA-FL-00000144,106,SINGLE_FAMILY,1572.0,2,OWNER_OCCUPIED,79-1544-155
U-6EKWWCR10N17,CA-FL-00000144,107,TOWNHOME,2944.0,2,OWNER_OCCUPIED,40-7847-583
U-LS12EHCALH9Z,CA-FL-00000144,108,SINGLE_FAMILY,2496.0,2,RENTED,66-7057-439
U-S903XHQEKAC7,CA-FL-00000144,109,TOWNHOME,1249.0,3,OWNER_OCCUPIED,30-6048-235
U-7P04CP5GT0BX,CA-FL-00000144,110,SINGLE_FAMILY,2615.0,2,RENTED,46-4102-200
U-7Q2XDHDGBC4F,CA-FL-00000144,111,SINGLE_FAMILY,1781.0,3,RENTED,67-8729-848
U-6EPODKSVQNYP,CA-FL-00000144,112,TOWNHOME,1628.0,2,RENTED,28-9769-700
U-IC2HCMLCOJ7P,CA-FL-00000144,113,SINGLE_FAMILY,1509.0,2,OWNER_OCCUPIED,36-7282-731
U-UGBNQWWAR743,CA-FL-00000144,114,SINGLE_FAMILY,,2,OWNER_OCCUPIED,20-8918-389
U-SKWFPCL06V4Y,CA-FL-00000144,115,TOWNHOME,857.0,3,OWNER_OCCUPIED,71-3130-433
U-FHPUVXO39GKZ,CA-FL-00000144,116,TOWNHOME,,2,RENTED,70-6159-649
U-7SWFANNCFTZ8,CA-FL-00000144,117,SINGLE_FAMILY,2971.0,1,OWNER_OCCUPIED,48-2209-647
U-QWO10ERDK340,CA-FL-00000144,118,TOWNHOME,2885.0,3,OWNER_OCCUPIED,26-1451-989
U-BFGKNP98VY15,CA-FL-00000144,119,SINGLE_FAMILY,872.0,2,OWNER_OCCUPIED,48-1218-604
U-LREMOQW24UCV,CA-FL-00000144,120,TOWNHOME,1984.0,3,RENTED,27-2722-261
U-WRBMVHCNVWGZ,CA-FL-00000144,121,SINGLE_FAMILY,2788.0,2,VACANT,69-5261-600
U-XOJT458RDH13,CA-FL-00000144,122,SINGLE_FAMILY,2813.0,1,RENTED,
U-KQ35RL321IEL,CA-FL-00000144,123,SINGLE_FAMILY,1046.0,1,OWNER_OCCUPIED,57-1171-223
U-0LBRIE19494D,CA-FL-00000144,124,SINGLE_FAMILY,1150.0,2,OWNER_OCCUPIED,22-3925-676
U-SL4U56M8AMN4,CA-FL-00000144,125,TOWNHOME,757.0,3,OWNER_OCCUPIED,56-3182-638
U-ID884VUOEX80,CA-FL-00000144,126,SINGLE_FAMILY,899.0,3,RENTED,
U-XMOS7RM80W6M,CA-FL-00000144,127,TOWNHOME,2967.0,2,OWNER_OCCUPIED,54-7384-380
U-J8QMNWZVO0CF,CA-FL-00000144,128,SINGLE_FAMILY,,4,OWNER_OCCUPIED,66-4394-471
U-9A8NBG1X2WO8,CA-FL-00000144,129,SINGLE_FAMILY,1796.0,3,OWNER_OCCUPIED,95-9278-763
U-XUZPWF1WNMQ0,CA-FL-00000144,130,SINGLE_FAMILY,2147.0,3,OWNER_OCCUPIED,55-8507-446
U-B2KT4D6DM5DT,CA-FL-00000144,131,SINGLE_FAMILY,2222.0,1,OWNER_OCCUPIED,48-8071-428
U-9A42IXYMRM0Q,CA-FL-00000144,132,TOWNHOME,992.0,4,OWNER_OCCUPIED,56-6344-508
U-TGVBKSSZVVRF,CA-FL-00000144,133,TOWNHOME,684.0,1,OWNER_OCCUPIED,11-3596-375
U-AJZ6WQ5I2JCG,CA-FL-00000144,134,TOWNHOME,689.0,2,VACANT,16-4191-449
U-PQMH5U8C2ITB,CA-FL-00000144,135,TOWNHOME,,3,OWNER_OCCUPIED,14-3914-106
U-RTKMRV7HEXOD,CA-FL-00000144,136,SINGLE_FAMILY,823.0,3,OWNER_OCCUPIED,62-8099-638
U-LR1UUPWLO1YU,CA-FL-00000144,137,TOWNHOME,2552.0,2,RENTED,95-4301-264
U-P52B9KL086GF,CA-FL-00000144,138,TOWNHOME,,5,VACANT,59-8877-138
U-9Q69T3FS1MR5,CA-FL-00000144,139,SINGLE_FAMILY,1763.0,3,OWNER_OCCUPIED,51-7795-312
U-4BV7HPE78WLF,CA-FL-00000144,140,TOWNHOME,,4,RENTED,87-4373-793
U-XPRER7NUBECJ,CA-FL-00000144,141,TOWNHOME,1750.0,3,OWNER_OCCUPIED,11-8560-733
U-BIUG5V3VF1YA,CA-FL-00000144,142,SINGLE_FAMILY,1892.0,1,OWNER_OCCUPIED,44-1193-532
U-W7M5NUUL7KRO,CA-FL-00000144,143,SINGLE_FAMILY,2913.0,4,OWNER_OCCUPIED,13-5351-643
U-7PSLQIWAQT1K,CA-FL-00000144,144,TOWNHOME,1073.0,2,OWNER_OCCUPIED,71-6183-219
U-D41GXVA9J7NB,CA-FL-00000144,145,SINGLE_FAMILY,2169.0,2,RENTED,32-5414-730
U-LHB8OSGEX7OA,CA-FL-00000144,146,TOWNHOME,2422.0,1,RENTED,58-5282-852
U-57N4IQAQ17YK,CA-FL-00000144,147,TOWNHOME,1948.0,5,RENTED,97-7044-556
U-OJFSF5ZB7LGI,CA-FL-00000144,148,SINGLE_FAMILY,2346.0,2,OWNER_OCCUPIED,23-1490-309
U-GYP2O4SCIDZY,CA-FL-00000144,149,SINGLE_FAMILY,,1,RENTED,67-6402-635
U-NOUAJ8QTNNX0,CA-CA-00000145,100,TOWNHOME,1271.0,2,OWNER_OCCUPIED,49-1936-151
U-UQD0O3TDJQDY,CA-CA-00000145,101,SINGLE_FAMILY,2923.0,2,OWNER_OCCUPIED,58-1497-778
U-O2AQ37FD8FP1,CA-CA-00000145,102,TOWNHOME,652.0,2,OWNER_OCCUPIED,79-9992-197
U-5PYVD90CP5F5,CA-CA-00000145,103,SINGLE_FAMILY,1134.0,3,RENTED,88-8535-569
U-1L0AYWHY35ST,CA-CA-00000145,104,SINGLE_FAMILY,1324.0,3,OWNER_OCCUPIED,37-4590-429
U-G6L6ZUTAVJRU,CA-CA-00000145,105,TOWNHOME,2857.0,5,VACANT,90-6010-321
U-S84EOEJT03IM,CA-CA-00000145,106,SINGLE_FAMILY,2481.0,2,RENTED,91-1354-247
U-EIJDXFPWMK62,CA-CA-00000145,107,SINGLE_FAMILY,999.0,1,OWNER_OCCUPIED,30-9695-996
U-DRB00VT4CHU2,CA-CA-00000145,108,SINGLE_FAMILY,1834.0,2,OWNER_OCCUPIED,52-8102-209
U-W4LZKET6S9A0,CA-CA-00000145,109,SINGLE_FAMILY,2914.0,2,OWNER_OCCUPIED,74-4465-453
U-RAPI6US6Y0VF,CA-CA-00000145,110,TOWNHOME,1209.0,2,OWNER_OCCUPIED,33-7016-904
U-JYELS8FPHWNO,CA-CA-00000145,111,TOWNHOME,1702.0,2,OWNER_OCCUPIED,84-3064-781
U-4N0X69GS85NR,CA-CA-00000145,112,TOWNHOME,671.0,4,OWNER_OCCUPIED,17-8804-993
U-SFLJYSCF1ZZ8,CA-CA-00000145,113,SINGLE_FAMILY,1735.0,1,RENTED,47-7720-555
U-K34YJG3B551U,CA-CA-00000145,114,SINGLE_FAMILY,3156.0,3,OWNER_OCCUPIED,94-5053-891
U-G12IDBERJCTO,CA-CA-00000145,115,SINGLE_FAMILY,1541.0,3,RENTED,75-9953-604
U-3FLWO8Z0PUI7,CA-CA-00000145,116,TOWNHOME,2143.0,2,OWNER_OCCUPIED,64-8235-200
U-QE594E2FKLX6,CA-CA-00000145,117,SINGLE_FAMILY,2044.0,2,RENTED,77-5640-549
U-PDUAO5FH5F35,CA-CA-00000145,118,TOWNHOME,2876.0,4,RENTED,33-6604-942
U-58XPNVBJS1KT,CA-CA-00000145,119,SINGLE_FAMILY,1543.0,2,RENTED,12-8233-205
U-EUCR5HC2SRB2,CA-CA-00000145,120,SINGLE_FAMILY,2834.0,5,VACANT,72-8767-546
U-0F4KCYPNL292,CA-CA-00000145,121,SINGLE_FAMILY,2162.0,3,OWNER_OCCUPIED,41-2887-616
U-6ZQZH53A8PEC,CA-CA-00000145,122,TOWNHOME,1188.0,2,OWNER_OCCUPIED,20-5972-636
U-KQWDTJUSQSDT,CA-CA-00000145,123,TOWNHOME,,3,OWNER_OCCUPIED,69-8315-195
U-9D0XMFQRF7CY,CA-CA-00000145,124,TOWNHOME,1530.0,3,RENTED,32-4555-442
U-QQZ3EFHU9U8Y,CA-CA-00000145,125,SINGLE_FAMILY,2358.0,1,OWNER_OCCUPIED,32-8286-433
U-UJ7G869W255Z,CA-CA-00000145,126,TOWNHOME,2649.0,1,OWNER_OCCUPIED,95-1070-587
U-FMNKSANZDTPK,CA-CA-00000145,127,TOWNHOME,1676.0,4,OWNER_OCCUPIED,47-6998-311
U-6779C85AFSMC,CA-CA-00000145,128,SINGLE_FAMILY,1142.0,1,OWNER_OCCUPIED,65-2189-843
U-B6O54KZQXKER,CA-CA-00000145,129,TOWNHOME,2058.0,2,OWNER_OCCUPIED,74-3179-623
U-AGNZ2FT1MZXI,CA-CA-00000145,130,SINGLE_FAMILY,895.0,2,OWNER_OCCUPIED,97-8163-622
U-GTPCF4BKBVDZ,CA-CA-00000145,131,TOWNHOME,966.0,3,OWNER_OCCUPIED,90-9425-354
U-UFJIG016QA5G,CA-CA-00000145,132,SINGLE_FAMILY,,3,OWNER_OCCUPIED,65-5014-811
U-A9M84YO0KDZJ,CA-CA-00000145,133,SINGLE_FAMILY,2921.0,2,OWNER_OCCUPIED,75-3459-329
U-HZS6WIETCFPU,CA-CA-00000145,134,SINGLE_FAMILY,2135.0,5,OWNER_OCCUPIED,70-6002-905
U-MX43V70FND0W,CA-CA-00000145,135,SINGLE_FAMILY,2954.0,4,OWNER_OCCUPIED,90-4145-534
U-WXWV9BHXIXPS,CA-CA-00000145,136,SINGLE_FAMILY,1664.0,2,OWNER_OCCUPIED,62-6720-831
U-1K1UM1G9A8Q7,CA-CA-00000145,137,TOWNHOME,740.0,2,RENTED,28-4821-305
U-01UE3GBX714P,CA-CA-00000145,138,TOWNHOME,978.0,1,RENTED,24-7705-916
U-ZZ2BQMI7Z5PR,CA-CA-00000145,139,TOWNHOME,1538.0,5,OWNER_OCCUPIED,19-9253-642
U-68TF7APMWMFE,CA-CA-00000145,140,TOWNHOME,2792.0,5,OWNER_OCCUPIED,72-1463-824
U-WO7V4Z4CRJT2,CA-CA-00000145,141,TOWNHOME,3176.0,5,RENTED,70-8293-738
U-4APDD8MGHV8F,CA-CA-00000145,142,TOWNHOME,2516.0,3,OWNER_OCCUPIED,90-8949-251
U-RTQHHE0QH1XJ,CA-CA-00000145,143,TOWNHOME,665.0,5,RENTED,92-1740-723
U-9UCBE81UQHR4,CA-CA-00000145,144,SINGLE_FAMILY,1448.0,2,OWNER_OCCUPIED,18-5604-208
U-IQN52V80NH1G,CA-CA-00000145,145,SINGLE_FAMILY,1434.0,1,RENTED,14-5371-961
U-BB7PWGNK0D1L,CA-CA-00000145,146,TOWNHOME,1062.0,1,OWNER_OCCUPIED,13-9429-779
U-FCCFWZH5NU99,CA-CA-00000145,147,TOWNHOME,2090.0,2,RENTED,84-6908-888
U-870MPAIYLJMF,CA-CA-00000145,148,TOWNHOME,,4,OWNER_OCCUPIED,
U-XIVCKXJFK0YF,CA-CA-00000145,149,TOWNHOME,1658.0,2,OWNER_OCCUPIED,66-7028-640
U-NUT1TRJ4BWCH,CA-CA-00000145,150,TOWNHOME,2060.0,2,OWNER_OCCUPIED,75-9896-330
U-7JMPULRRL1EZ,CA-CA-00000145,151,TOWNHOME,3080.0,4,OWNER_OCCUPIED,63-9036-736
U-EC12SQY71G4P,CA-CA-00000145,152,TOWNHOME,1848.0,3,VACANT,48-9161-326
U-42CRQL14WI5V,CA-TX-00000146,37A,CONDO_UNIT,2093.0,2,VACANT,73-5437-613
U-6FSCXY9ZFH9Z,CA-TX-00000146,18C,CONDO_UNIT,894.0,2,OWNER_OCCUPIED,34-9710-204
U-7IG2PCTD6RR2,CA-TX-00000146,31F,CONDO_UNIT,,4,OWNER_OCCUPIED,84-9414-412
U-AZ99C73QWDTC,CA-TX-00000146,27E,CONDO_UNIT,1223.0,1,OWNER_OCCUPIED,14-7013-457
U-BBXNPCQ71SKL,CA-TX-00000146,22E,CONDO_UNIT,2935.0,3,OWNER_OCCUPIED,38-4211-282
U-JMVTAAO7KZLY,CA-TX-00000146,14F,CONDO_UNIT,2356.0,3,OWNER_OCCUPIED,50-7281-530
U-RST9H8LKH032,CA-TX-00000146,36G,CONDO_UNIT,1239.0,3,OWNER_OCCUPIED,11-9263-227
U-LZYC8R7EKXP3,CA-TX-00000146,22A,CONDO_UNIT,2124.0,3,OWNER_OCCUPIED,58-6248-624
U-1GAHY18Y8QNJ,CA-TX-00000146,29A,CONDO_UNIT,1749.0,1,RENTED,33-6186-658
U-5Z2J0R43NGBT,CA-TX-00000146,36F,CONDO_UNIT,2998.0,2,OWNER_OCCUPIED,57-9357-358
U-83GHA1YNZROS,CA-TX-00000146,27B,CONDO_UNIT,,3,OWNER_OCCUPIED,
U-N18IHM6K7036,CA-TX-00000146,16H,CONDO_UNIT,1902.0,2,VACANT,10-3452-574
U-STFO4JA2OICR,CA-TX-00000146,9D,CONDO_UNIT,1812.0,2,OWNER_OCCUPIED,40-4490-588
U-UF27CFN1562Z,CA-TX-00000146,11B,CONDO_UNIT,3081.0,4,RENTED,32-2555-755
U-CED4W78W9VPW,CA-TX-00000146,39D,CONDO_UNIT,,3,OWNER_OCCUPIED,88-1771-859
U-W1URVU9B8RV0,CA-TX-00000146,1D,CONDO_UNIT,1651.0,4,OWNER_OCCUPIED,47-6352-839
U-SEB731FDQDNC,CA-TX-00000146,38G,CONDO_UNIT,1446.0,2,RENTED,56-2501-895
U-P6G7V4X1I4QU,CA-TX-00000146,15D,CONDO_UNIT,2469.0,4,OWNER_OCCUPIED,15-7232-497
U-6TNUKEINL1MB,CA-TX-00000146,31F,CONDO_UNIT,3137.0,2,OWNER_OCCUPIED,16-3375-809
U-W39E27XRNAKR,CA-TX-00000146,40B,CONDO_UNIT,3028.0,2,VACANT,64-8852-137
U-FYM8M4ODO9JT,CA-TX-00000146,21A,CONDO_UNIT,840.0,3,OWNER_OCCUPIED,16-3328-315
U-4784NZD2A1XS,CA-TX-00000146,32H,CONDO_UNIT,2299.0,1,VACANT,84-8414-167
U-NLOC20L86M4B,CA-TX-00000146,20G,CONDO_UNIT,903.0,5,OWNER_OCCUPIED,44-3224-359
U-TDXBA3R9OL8K,CA-TX-00000146,20F,CONDO_UNIT,2149.0,2,OWNER_OCCUPIED,50-6501-509
U-FDMXQQF4SYAS,CA-TX-00000146,17B,CONDO_UNIT,840.0,4,OWNER_OCCUPIED,25-2852-904
U-8UYQEB4XY354,CA-TX-00000146,35H,CONDO_UNIT,1661.0,2,OWNER_OCCUPIED,43-7464-112
U-ACNRHSZ6ZJ0C,CA-TX-00000146,17A,CONDO_UNIT,1379.0,1,RENTED,17-1373-444
U-QWA9VR6QD5FG,CA-TX-00000146,36B,CONDO_UNIT,2052.0,2,OWNER_OCCUPIED,
U-8T3D4TQK0ZG6,CA-TX-00000146,24C,CONDO_UNIT,2544.0,3,OWNER_OCCUPIED,87-7693-741
U-08SLR077JY60,CA-TX-00000146,29H,CONDO_UNIT,2488.0,2,OWNER_OCCUPIED,33-7381-488
U-1E1G8RIQT6GP,CA-TX-00000146,10H,CONDO_UNIT,2616.0,3,OWNER_OCCUPIED,58-8740-870
U-KWMBCM4T23JS,CA-TX-00000146,37B,CONDO_UNIT,,2,OWNER_OCCUPIED,
U-ZN7EVRO5PX53,CA-TX-00000146,27C,CONDO_UNIT,3148.0,4,OWNER_OCCUPIED,31-2792-142
U-XKY6O9R7ZJT4,CA-TX-00000146,9H,CONDO_UNIT,3165.0,2,RENTED,71-3920-888
U-0VQ40FAKABYI,CA-TX-00000146,21C,CONDO_UNIT,2739.0,2,VACANT,71-4758-905
U-QA632F6QQERZ,CA-TX-00000146,39E,CONDO_UNIT,709.0,2,VACANT,96-7196-445
U-LJHM2ZTM83H3,CA-TX-00000146,38D,CONDO_UNIT,1698.0,3,OWNER_OCCUPIED,10-7748-520
U-HUJM4H8JQXW9,CA-TX-00000146,37D,CONDO_UNIT,2122.0,2,OWNER_OCCUPIED,22-2690-352
U-EZCMGWIF20OP,CA-TX-00000146,24A,CONDO_UNIT,1619.0,2,RENTED,42-9515-220
U-TZ23EORS4BZF,CA-TX-00000146,28A,CONDO_UNIT,719.0,4,OWNER_OCCUPIED,29-1169-334
U-77RLJYC2DMD2,CA-TX-00000146,32C,CONDO_UNIT,2076.0,2,OWNER_OCCUPIED,36-4875-668
U-35L3ASUL02PJ,CA-TX-00000146,10E,CONDO_UNIT,1998.0,4,OWNER_OCCUPIED,
U-LSINNP6WS3ZE,CA-TX-00000146,30C,CONDO_UNIT,1217.0,1,OWNER_OCCUPIED,41-2893-213
U-I0CEEBGGO850,CA-TX-00000146,14H,CONDO_UNIT,2092.0,4,RENTED,55-3923-301
U-ZDPCXP36AZFM,CA-TX-00000146,39C,CONDO_UNIT,1942.0,4,OWNER_OCCUPIED,18-8649-549
U-BLRET0GFA158,CA-TX-00000146,11A,CONDO_UNIT,2806.0,2,OWNER_OCCUPIED,21-8362-178
U-YZ7YSWKIUUV3,CA-TX-00000146,8H,CONDO_UNIT,2758.0,1,RENTED,43-7686-661
U-TFYLC93ZWU9I,CA-TX-00000146,18G,CONDO_UNIT,944.0,2,OWNER_OCCUPIED,27-8221-210
U-HW25J8Q0QCIL,CA-TX-00000146,5G,CONDO_UNIT,2423.0,4,RENTED,22-4799-903
U-2UBTPWXGC8L9,CA-TX-00000146,23E,CONDO_UNIT,1722.0,3,RENTED,
U-77FUZ9JPK59X,CA-TX-00000146,33C,CONDO_UNIT,661.0,2,OWNER_OCCUPIED,13-1466-509
U-MYNFFHK3PA6M,CA-TX-00000146,38H,CONDO_UNIT,1620.0,5,OWNER_OCCUPIED,31-9159-353
U-3AOKD3EJN1SJ,CA-TX-00000146,4F,CONDO_UNIT,2430.0,3,OWNER_OCCUPIED,79-4694-793
U-3FIQJKK0SLMR,CA-TX-00000146,24D,CONDO_UNIT,2650.0,5,OWNER_OCCUPIED,82-6892-587
U-4ZAMF8R01JQU,CA-TX-00000146,40E,CONDO_UNIT,2360.0,2,RENTED,45-3610-434
U-E3JMXC31JU8S,CA-TX-00000146,10E,CONDO_UNIT,1043.0,1,OWNER_OCCUPIED,95-6203-781
U-SHTHFUGDWT19,CA-TX-00000146,34H,CONDO_UNIT,2457.0,4,RENTED,24-3139-944
U-HT20R9UVOYV3,CA-TX-00000146,5A,CONDO_UNIT,2180.0,3,OWNER_OCCUPIED,36-8732-278
U-3TNNP3SLMUUB,CA-TX-00000146,24H,CONDO_UNIT,1608.0,1,VACANT,15-3223-677
U-8WFQAF00PCBN,CA-TX-00000146,3H,CONDO_UNIT,3047.0,2,VACANT,30-6912-528
U-OOFZ98GNVOWE,CA-TX-00000147,25C,CONDO_UNIT,1476.0,3,RENTED,52-1634-236
U-YKWHPU3V3YLI,CA-TX-00000147,3E,CONDO_UNIT,,2,OWNER_OCCUPIED,48-2574-816
U-D86XGDISNIOH,CA-TX-00000147,11D,CONDO_UNIT,2329.0,1,OWNER_OCCUPIED,38-5782-967
U-716UCOXZ3YZM,CA-TX-00000147,25F,CONDO_UNIT,1070.0,2,RENTED,88-9095-328
U-8CBK16YMBFAS,CA-TX-00000147,39G,CONDO_UNIT,1322.0,3,OWNER_OCCUPIED,
U-ZY2SHD1WKZDR,CA-TX-00000147,35C,CONDO_UNIT,3171.0,3,RENTED,99-9021-229
U-XSFWS02NUY50,CA-TX-00000147,13F,CONDO_UNIT,1995.0,5,OWNER_OCCUPIED,32-8152-629
U-JICK28SH44RI,CA-TX-00000147,12H,CONDO_UNIT,1489.0,3,OWNER_OCCUPIED,17-3545-307
U-NL3VPM9NYUJ1,CA-TX-00000147,24F,CONDO_UNIT,1075.0,4,OWNER_OCCUPIED,54-5822-203
U-5U67SKDOZYFX,CA-TX-00000147,11H,CONDO_UNIT,827.0,2,OWNER_OCCUPIED,37-9314-606
U-0HVQOBJAWJVC,CA-TX-00000147,6B,CONDO_UNIT,2027.0,1,OWNER_OCCUPIED,88-2158-397
U-R5G309EQH8W0,CA-TX-00000147,40E,CONDO_UNIT,2506.0,1,VACANT,43-8673-308
U-91HMYV25410X,CA-TX-00000147,27G,CONDO_UNIT,3056.0,3,OWNER_OCCUPIED,
U-4XDMYXSNNXXV,CA-TX-00000147,38E,CONDO_UNIT,1328.0,3,VACANT,57-5059-490
U-6QVLC702M13O,CA-TX-00000147,24C,CONDO_UNIT,679.0,3,RENTED,60-9214-854
U-5S08SPR0IT9B,CA-TX-00000147,1C,CONDO_UNIT,1657.0,3,VACANT,74-9675-838
U-8O5G8IIHCV72,CA-TX-00000147,29G,CONDO_UNIT,,2,OWNER_OCCUPIED,67-9149-928
U-TML50DUKLY0O,CA-TX-00000147,37B,CONDO_UNIT,1061.0,4,OWNER_OCCUPIED,59-3493-325
U-B9TIB94OLN5T,CA-AZ-00000148,100,TOWNHOME,1615.0,3,OWNER_OCCUPIED,99-5891-489
U-JR4R06NB922R,CA-AZ-00000148,101,SINGLE_FAMILY,1119.0,1,OWNER_OCCUPIED,20-1181-395
U-HZOBRYV6AD6M,CA-AZ-00000148,102,SINGLE_FAMILY,2714.0,2,OWNER_OCCUPIED,54-1580-730
U-QJ2PY6W9IQ5Z,CA-AZ-00000148,103,TOWNHOME,,4,OWNER_OCCUPIED,69-3206-806
U-JF5GHAJ6PFGQ,CA-AZ-00000148,104,TOWNHOME,1989.0,3,RENTED,23-1270-148
U-4T5LKWFPGQOH,CA-AZ-00000148,105,SINGLE_FAMILY,1284.0,2,OWNER_OCCUPIED,60-8044-635
U-3BR7K4BPP6Q5,CA-AZ-00000148,106,SINGLE_FAMILY,2203.0,2,RENTED,
U-WFZAROHQCCOO,CA-AZ-00000148,107,TOWNHOME,3118.0,2,OWNER_OCCUPIED,60-7667-145
U-JU1NDGWBBEPS,CA-AZ-00000148,108,SINGLE_FAMILY,1000.0,3,OWNER_OCCUPIED,59-2966-636
U-2VHT828O6OSF,CA-AZ-00000148,109,TOWNHOME,,3,OWNER_OCCUPIED,27-6174-471
U-VPWPIZI67IVD,CA-AZ-00000148,110,SINGLE_FAMILY,1281.0,4,RENTED,56-5820-174
U-2TKAKEBYQ7UK,CA-AZ-00000148,111,TOWNHOME,3019.0,3,OWNER_OCCUPIED,72-9563-922
U-OCTMPUF0H8LZ,CA-AZ-00000148,112,TOWNHOME,1779.0,3,RENTED,40-1551-727
U-CH8MWZQ283VG,CA-AZ-00000148,113,TOWNHOME,1643.0,1,VACANT,92-1170-542
U-B67ADREBHV2P,CA-AZ-00000148,114,SINGLE_FAMILY,1144.0,1,OWNER_OCCUPIED,32-8152-918
U-QC9CHK0A754W,CA-AZ-00000148,115,TOWNHOME,1659.0,3,RENTED,94-4654-240
U-JJ787TPC90NA,CA-AZ-00000148,116,SINGLE_FAMILY,1931.0,3,OWNER_OCCUPIED,32-6180-869
U-AX0ELEGJRK0C,CA-IL-00000149,100,SINGLE_FAMILY,872.0,4,VACANT,56-1950-562
U-LMGTFCWBDGQK,CA-IL-00000149,101,TOWNHOME,2018.0,4,OWNER_OCCUPIED,10-9796-920
U-P0OCXNO5R5F0,CA-IL-00000149,102,TOWNHOME,1877.0,2,OWNER_OCCUPIED,82-9144-423
U-XJ29MQ9FN9BV,CA-IL-00000149,103,SINGLE_FAMILY,1607.0,3,RENTED,70-9773-669
U-GNXGDMFEHBMO,CA-IL-00000149,104,SINGLE_FAMILY,2294.0,1,RENTED,13-6320-242
U-C7QIRDQ6U5QW,CA-IL-00000149,105,SINGLE_FAMILY,,2,RENTED,20-1897-477
U-VCJWUQ2XIBXT,CA-IL-00000149,106,SINGLE_FAMILY,1656.0,2,RENTED,85-9146-967
U-VV0ASM94170R,CA-IL-00000149,107,SINGLE_FAMILY,1167.0,1,RENTED,79-3991-890
U-GQH1SFPJUT9Z,CA-IL-00000149,108,SINGLE_FAMILY,2402.0,3,RENTED,
U-CV8WVZTDUURU,CA-IL-00000149,109,SINGLE_FAMILY,,3,OWNER_OCCUPIED,49-8145-836
U-DO2JIC5LAXB0,CA-IL-00000149,110,TOWNHOME,3129.0,2,RENTED,87-8144-450
U-HOJ2P7X15JBG,CA-IL-00000149,111,TOWNHOME,2302.0,3,RENTED,32-3111-166
U-8HD5ZPXPJMZB,CA-IL-00000149,112,SINGLE_FAMILY,2291.0,3,OWNER_OCCUPIED,45-9686-967
U-B0JR9N7YSMV2,CA-IL-00000149,113,SINGLE_FAMILY,2106.0,3,OWNER_OCCUPIED,61-8445-544
U-8WEE3JV7U98X,CA-IL-00000149,114,SINGLE_FAMILY,2618.0,3,RENTED,34-4914-395
U-8MFVXWORP1CX,CA-IL-00000149,115,TOWNHOME,2251.0,3,RENTED,35-5240-325
U-ESL0ATGJHXN0,CA-IL-00000149,116,TOWNHOME,1121.0,4,OWNER_OCCUPIED,
U-LC34XX4F0ZCG,CA-IL-00000149,117,SINGLE_FAMILY,2139.0,5,OWNER_OCCUPIED,55-1692-596
U-324CISWPFTS9,CA-IL-00000149,118,TOWNHOME,1215.0,2,RENTED,28-2146-729
U-P66GK4RWFYAJ,CA-IL-00000149,119,TOWNHOME,1493.0,2,OWNER_OCCUPIED,62-3855-893
U-VDT593JAXQUW,CA-IL-00000149,120,TOWNHOME,1054.0,4,RENTED,96-3977-137
U-X6GYRBQDGM9D,CA-IL-00000149,121,TOWNHOME,883.0,2,RENTED,57-7983-416
U-C1QYC97BFLFH,CA-IL-00000149,122,SINGLE_FAMILY,1325.0,5,OWNER_OCCUPIED,44-2656-998
U-II8CH4JVEBDD,CA-IL-00000149,123,TOWNHOME,753.0,2,RENTED,13-2110-927
U-VIRVI1PY0B86,CA-IL-00000149,124,TOWNHOME,2457.0,4,OWNER_OCCUPIED,15-8596-856
U-9OA8QMCZ69GK,CA-IL-00000149,125,SINGLE_FAMILY,858.0,2,RENTED,90-6788-718
U-6TF5DBE7KQ6K,CA-IL-00000149,126,TOWNHOME,1168.0,3,RENTED,15-2075-742
U-MOOJ6L79JVTW,CA-IL-00000149,127,TOWNHOME,2738.0,2,OWNER_OCCUPIED,76-7336-396
U-6AWNQZ9BE4YL,CA-IL-00000149,128,TOWNHOME,2404.0,2,OWNER_OCCUPIED,76-5632-673
U-BW161AIIFGLZ,CA-IL-00000149,129,TOWNHOME,1228.0,3,OWNER_OCCUPIED,89-6770-866
U-0IMRAO7J8HJZ,CA-IL-00000149,130,SINGLE_FAMILY,,2,OWNER_OCCUPIED,73-6883-136
U-FDWC6T2989MB,CA-IL-00000149,131,SINGLE_FAMILY,3185.0,1,OWNER_OCCUPIED,67-3491-874
U-8ETUFRDMWRW1,CA-IL-00000149,132,TOWNHOME,735.0,2,OWNER_OCCUPIED,16-2437-565
U-ZFE2B81NMP9A,CA-IL-00000149,133,TOWNHOME,2101.0,2,OWNER_OCCUPIED,56-8055-283
U-Z0B3Q3N38GSC,CA-IL-00000149,134,SINGLE_FAMILY,,3,VACANT,89-4916-750
U-UCWJ5RE7QRGX,CA-IL-00000149,135,TOWNHOME,3079.0,2,RENTED,18-2629-540
U-VBDUF72OOHIF,CA-IL-00000149,136,TOWNHOME,3125.0,3,VACANT,
U-O2XX7ZL46HWN,CA-IL-00000149,137,SINGLE_FAMILY,1431.0,5,OWNER_OCCUPIED,98-7164-224
U-OL93QBIMB21I,CA-IL-00000149,138,SINGLE_FAMILY,2539.0,3,RENTED,21-9670-370
U-4AO91532GPDB,CA-IL-00000149,139,SINGLE_FAMILY,2364.0,2,OWNER_OCCUPIED,38-3662-430
U-XJZJICIG1VMI,CA-IL-00000149,140,SINGLE_FAMILY,1685.0,3,OWNER_OCCUPIED,39-9071-988
U-ULA3R7RIXJRR,CA-IL-00000149,141,SINGLE_FAMILY,3109.0,2,OWNER_OCCUPIED,86-4587-415
U-I99M12D49H84,CA-IL-00000149,142,SINGLE_FAMILY,2996.0,2,OWNER_OCCUPIED,81-2209-316
U-EEOA3SW4W45W,CA-IL-00000149,143,TOWNHOME,829.0,4,RENTED,89-4318-140
U-7C6A2206IFR5,CA-IL-00000149,144,SINGLE_FAMILY,,3,OWNER_OCCUPIED,50-2836-828
U-5IR6RP8APAHM,CA-IL-00000149,145,SINGLE_FAMILY,3063.0,2,RENTED,11-8117-458
U-PUQ0SL62PI14,CA-IL-00000149,146,SINGLE_FAMILY,1394.0,5,RENTED,32-7167-441
U-MTUZM5NBYWV2,CA-IL-00000149,147,SINGLE_FAMILY,,5,RENTED,89-9206-801
U-SVPQ67XWLR5C,CA-IL-00000149,148,TOWNHOME,2018.0,3,OWNER_OCCUPIED,54-1954-844
U-CVWX5OUAE3US,CA-IL-00000149,149,SINGLE_FAMILY,664.0,3,OWNER_OCCUPIED,35-1169-311
U-X9YQAYE0IOHS,CA-IL-00000149,150,TOWNHOME,1487.0,2,RENTED,55-7359-829
U-O4YX0VG5DWCM,CA-IL-00000149,151,TOWNHOME,1506.0,3,RENTED,82-4426-850
U-VFEQZF4C5T2W,CA-IL-00000149,152,TOWNHOME,1247.0,3,OWNER_OCCUPIED,25-6883-416
U-XKEIZK4KZXMR,CA-IL-00000149,153,TOWNHOME,2242.0,3,OWNER_OCCUPIED,17-6482-878
U-H6ASWD603YXT,CA-IL-00000149,154,TOWNHOME,701.0,2,RENTED,31-5720-604
U-IR22JEMER0BU,CA-IL-00000149,155,TOWNHOME,1590.0,4,OWNER_OCCUPIED,44-1080-547
U-9DPE7U4JMVBJ,CA-IL-00000149,156,TOWNHOME,2723.0,2,RENTED,57-5622-187
U-33H7J2KX0JMD,CA-IL-00000149,157,TOWNHOME,3131.0,2,OWNER_OCCUPIED,73-7333-343
U-SQE239VPPD2M,CA-IL-00000149,158,SINGLE_FAMILY,737.0,2,VACANT,61-3098-852
U-YMVZWLSYSAQN,CA-IL-00000149,159,TOWNHOME,1227.0,4,OWNER_OCCUPIED,21-6095-383
U-Z33BHF5L25R1,CA-GA-00000150,25G,CONDO_UNIT,933.0,4,OWNER_OCCUPIED,13-9140-744
U-BLDWVL8330SA,CA-GA-00000150,22B,CONDO_UNIT,1710.0,5,VACANT,61-1137-155
U-2TBABA7LD70X,CA-GA-00000150,15E,CONDO_UNIT,1535.0,4,OWNER_OCCUPIED,29-3603-721
U-DZ1X7RM0RO07,CA-GA-00000150,12C,CONDO_UNIT,1529.0,2,RENTED,48-3145-266
U-N87UD5UR5QQ4,CA-GA-00000150,4F,CONDO_UNIT,2531.0,2,OWNER_OCCUPIED,61-1091-423
U-DNPXZDV4V6XR,CA-GA-00000150,11B,CONDO_UNIT,1551.0,3,OWNER_OCCUPIED,50-2296-814
U-2TZ2RPO48TEY,CA-GA-00000150,33F,CONDO_UNIT,,2,OWNER_OCCUPIED,44-8575-853
U-DDT9M35OXXLY,CA-GA-00000150,18D,CONDO_UNIT,1335.0,2,OWNER_OCCUPIED,78-2292-470
U-Q2GGI9CQ0STZ,CA-GA-00000150,26A,CONDO_UNIT,1968.0,2,OWNER_OCCUPIED,57-6574-970
U-HA8L222XL5WS,CA-GA-00000150,5B,CONDO_UNIT,1167.0,3,VACANT,99-7072-224
U-4JAKI9MIZRL8,CA-GA-00000150,25C,CONDO_UNIT,2247.0,3,OWNER_OCCUPIED,53-7108-855
U-S6UN8LNQQD3U,CA-GA-00000150,38B,CONDO_UNIT,792.0,5,RENTED,97-6525-717
U-G9XJU36YRMZQ,CA-GA-00000150,28E,CONDO_UNIT,1220.0,3,RENTED,33-1613-166
U-GH0IOBK840BN,CA-GA-00000150,4E,CONDO_UNIT,873.0,2,OWNER_OCCUPIED,38-5007-149
U-UYZCYIYT267L,CA-GA-00000150,35C,CONDO_UNIT,2838.0,1,OWNER_OCCUPIED,
U-6OYH5RL1O8LX,CA-GA-00000150,27G,CONDO_UNIT,1728.0,2,RENTED,92-8210-377
U-5I9JTBW02TQG,CA-GA-00000150,40F,CONDO_UNIT,1269.0,2,OWNER_OCCUPIED,12-3413-197
U-3X2K1CQT83VK,CA-GA-00000150,30F,CONDO_UNIT,,2,OWNER_OCCUPIED,13-9510-931
U-4RB27OTJ3VI0,CA-GA-00000150,31G,CONDO_UNIT,1186.0,2,RENTED,40-3857-152
U-M7EQBMBHC9GJ,CA-GA-00000150,39C,CONDO_UNIT,1688.0,2,OWNER_OCCUPIED,98-4385-598
U-AGT9I64377Y6,CA-GA-00000150,22A,CONDO_UNIT,1249.0,3,OWNER_OCCUPIED,93-8903-142
U-DJIA5AVQ42DU,CA-GA-00000150,24B,CONDO_UNIT,2286.0,3,OWNER_OCCUPIED,88-5430-656
U-YOVA3D23FCZI,CA-GA-00000150,34F,CONDO_UNIT,1058.0,3,OWNER_OCCUPIED,32-5453-824
U-NRIHDR0JBD2Z,CA-GA-00000150,17A,CONDO_UNIT,1327.0,2,OWNER_OCCUPIED,17-1582-779
U-2WFNJ62OV6B2,CA-GA-00000150,1E,CONDO_UNIT,2922.0,3,OWNER_OCCUPIED,95-3609-855
U-20ATGKYKXF52,CA-GA-00000150,33C,CONDO_UNIT,2363.0,3,OWNER_OCCUPIED,91-6627-874
U-ZJQ1JAQJMU4J,CA-GA-00000150,35C,CONDO_UNIT,3066.0,3,RENTED,40-9275-881
U-O2JQXDP21TSV,CA-GA-00000150,18B,CONDO_UNIT,2008.0,2,OWNER_OCCUPIED,83-9123-980
U-CBDZ6AYDYMZ7,CA-GA-00000150,2E,CONDO_UNIT,2549.0,2,OWNER_OCCUPIED,98-8571-736
U-7F5L9ZZ4VVLK,CA-GA-00000150,38B,CONDO_UNIT,3024.0,2,OWNER_OCCUPIED,78-8153-115
U-JE6WSXWVEIKA,CA-GA-00000150,22E,CONDO_UNIT,1145.0,2,OWNER_OCCUPIED,49-4709-624
U-TKAL8B36616J,CA-GA-00000150,23A,CONDO_UNIT,2547.0,1,OWNER_OCCUPIED,54-7450-244
U-FMXP49Z037WD,CA-GA-00000150,22B,CONDO_UNIT,1971.0,1,RENTED,20-9109-603
U-VSBAMFEFO1RS,CA-GA-00000150,20C,CONDO_UNIT,1963.0,4,RENTED,63-1770-104
U-C7TNPARAOUYZ,CA-GA-00000150,23H,CONDO_UNIT,2713.0,2,OWNER_OCCUPIED,38-5245-706
U-7DZTHTSBGJ6S,CA-GA-00000150,24D,CONDO_UNIT,2489.0,2,RENTED,30-4931-424
U-HRC82WCAQCID,CA-GA-00000150,5D,CONDO_UNIT,1239.0,4,OWNER_OCCUPIED,42-8155-882
U-CZH2JFE371W6,CA-GA-00000150,4F,CONDO_UNIT,2102.0,2,RENTED,90-6063-614
U-X7VUA2TFD2AT,CA-GA-00000150,19G,CONDO_UNIT,2940.0,1,OWNER_OCCUPIED,69-9965-273
U-0FUGH7R3XO5D,CA-GA-00000150,12C,CONDO_UNIT,2303.0,2,RENTED,67-5077-779
U-8KYK5DHOERD6,CA-GA-00000150,16G,CONDO_UNIT,2201.0,4,OWNER_OCCUPIED,85-7930-614
U-IV2JR4OTIBE3,CA-GA-00000150,13H,CONDO_UNIT,1464.0,2,OWNER_OCCUPIED,27-5160-507
U-1OU4XURJU0GW,CA-GA-00000150,18D,CONDO_UNIT,3129.0,4,OWNER_OCCUPIED,
U-0V7BZVEQES1X,CA-GA-00000150,1E,CONDO_UNIT,989.0,4,OWNER_OCCUPIED,56-4682-803
U-R4W4L3MHZSK6,CA-GA-00000150,32D,CONDO_UNIT,3062.0,3,RENTED,73-5523-303
U-861MMCR2VVGU,CA-GA-00000150,7C,CONDO_UNIT,1072.0,2,OWNER_OCCUPIED,40-7828-207
U-C67VM6UU9TX1,CA-GA-00000150,23C,CONDO_UNIT,781.0,2,RENTED,42-3101-654
U-OIN1HKMIX3BZ,CA-GA-00000150,36G,CONDO_UNIT,1194.0,3,OWNER_OCCUPIED,71-7477-909
U-4ICOZKIR3UQE,CA-GA-00000150,28C,CONDO_UNIT,1504.0,4,OWNER_OCCUPIED,45-3666-751
U-4X2YCEWLKMVI,CA-GA-00000150,39H,CONDO_UNIT,2326.0,2,OWNER_OCCUPIED,15-2094-959
U-JCJCXE4O5MXT,CA-GA-00000150,3H,CONDO_UNIT,1087.0,1,OWNER_OCCUPIED,68-5709-942
U-QWWBHM3ECGHL,CA-GA-00000150,15G,CONDO_UNIT,851.0,2,OWNER_OCCUPIED,55-5180-484
U-GHIYVA3OP1UP,CA-GA-00000150,27E,CONDO_UNIT,3024.0,1,OWNER_OCCUPIED,29-6776-226
U-XANE7KXFVGVN,CA-GA-00000150,23B,CONDO_UNIT,980.0,1,RENTED,57-8991-314
U-EO35CB28W0NE,CA-GA-00000150,9B,CONDO_UNIT,855.0,3,OWNER_OCCUPIED,29-4525-848
U-Z0UBXUW4QQRY,CA-CA-00000151,100,SINGLE_FAMILY,3190.0,2,OWNER_OCCUPIED,62-9284-952
U-TI14UMMNLWQE,CA-CA-00000151,101,SINGLE_FAMILY,2415.0,3,OWNER_OCCUPIED,28-2063-668
U-L3NU4KGSNS8Q,CA-CA-00000151,102,TOWNHOME,2645.0,2,OWNER_OCCUPIED,52-6962-828
U-7XM6SL3UPH2W,CA-CA-00000151,103,TOWNHOME,1630.0,4,RENTED,41-6824-139
U-YKVO40IEK8BY,CA-CA-00000151,104,SINGLE_FAMILY,2254.0,4,RENTED,14-4146-463
U-WEJB9C1UFGZ1,CA-CA-00000151,105,TOWNHOME,1040.0,3,OWNER_OCCUPIED,40-5475-303
U-HIO5V3JPN5D6,CA-CA-00000151,106,TOWNHOME,1063.0,1,OWNER_OCCUPIED,52-9342-375
U-6QVO5VUN5SX4,CA-CA-00000151,107,TOWNHOME,2830.0,3,RENTED,53-5789-490
U-Z1H19SY3SR4B,CA-CA-00000151,108,SINGLE_FAMILY,3200.0,3,RENTED,91-4336-555
U-1NQKSIINTYSA,CA-CA-00000151,109,TOWNHOME,,1,RENTED,70-5712-175
U-EUDTG1UK6FYH,CA-CA-00000151,110,TOWNHOME,2009.0,3,OWNER_OCCUPIED,55-4118-900
U-H42SUMFAKATJ,CA-CA-00000151,111,TOWNHOME,2301.0,3,RENTED,47-1971-118
U-E498XP1UQ2IN,CA-CA-00000151,112,TOWNHOME,2520.0,3,RENTED,67-9268-107
U-X099EX984PA8,CA-CA-00000151,113,SINGLE_FAMILY,2527.0,2,RENTED,
U-IMPIHQ17J3G7,CA-CA-00000151,114,SINGLE_FAMILY,883.0,3,OWNER_OCCUPIED,88-6705-157
U-GSH3L1EKF1PQ,CA-CA-00000151,115,SINGLE_FAMILY,675.0,1,OWNER_OCCUPIED,39-7353-814
U-8O5XJN2748I7,CA-CA-00000151,116,SINGLE_FAMILY,3159.0,2,OWNER_OCCUPIED,59-1075-619
U-57XNRWAOX1IX,CA-CA-00000151,117,SINGLE_FAMILY,2151.0,3,OWNER_OCCUPIED,51-3379-901
U-B998TBRRIC9P,CA-CA-00000151,118,TOWNHOME,2420.0,2,RENTED,79-1205-345
U-MAHWWHZALO7N,CA-CA-00000151,119,SINGLE_FAMILY,2753.0,3,OWNER_OCCUPIED,33-4756-323
U-R75JYLC3ECB6,CA-CA-00000151,120,TOWNHOME,1969.0,2,RENTED,45-9297-486
U-ZAYBJV87J9FN,CA-CA-00000151,121,TOWNHOME,779.0,3,RENTED,75-5097-413
U-8OBT632IY2EC,CA-CA-00000151,122,SINGLE_FAMILY,2132.0,5,OWNER_OCCUPIED,21-8943-862
U-F67VPG0N5VEH,CA-CA-00000151,123,TOWNHOME,3174.0,3,OWNER_OCCUPIED,80-6886-641
U-VYNWFG29W00N,CA-CA-00000151,124,TOWNHOME,2781.0,1,RENTED,20-1017-771
U-D1MWATGISGTY,CA-CA-00000151,125,SINGLE_FAMILY,1000.0,2,OWNER_OCCUPIED,76-3497-641
U-6S3IPIA30TGI,CA-CA-00000151,126,SINGLE_FAMILY,1286.0,3,OWNER_OCCUPIED,11-3435-598
U-L9KEDAUAQQ0Q,CA-CA-00000151,127,SINGLE_FAMILY,1306.0,2,OWNER_OCCUPIED,65-2677-275
U-VCQTY0OI7XCE,CA-CA-00000151,128,TOWNHOME,1688.0,3,OWNER_OCCUPIED,45-9021-630
U-4QBT4OH6RUCK,CA-CA-00000151,129,TOWNHOME,2670.0,3,OWNER_OCCUPIED,59-4945-680
U-TCWO4WY752I4,CA-CA-00000151,130,TOWNHOME,949.0,3,OWNER_OCCUPIED,29-6344-841
U-ISUJ2C9HPA9Y,CA-CA-00000151,131,SINGLE_FAMILY,1893.0,2,OWNER_OCCUPIED,46-1934-379
U-B08XOW491QC4,CA-CA-00000151,132,SINGLE_FAMILY,1730.0,3,OWNER_OCCUPIED,
U-LQGWLDB3RZN4,CA-CA-00000151,133,TOWNHOME,2782.0,1,OWNER_OCCUPIED,84-4453-193
U-MF90KUWQ2GPQ,CA-CA-00000151,134,TOWNHOME,1705.0,4,RENTED,18-6676-270
U-SHDTI7LE9RHR,CA-CA-00000151,135,TOWNHOME,1450.0,3,OWNER_OCCUPIED,10-4628-853
U-NB8VJFY9KJHQ,CA-CA-00000151,136,TOWNHOME,,2,OWNER_OCCUPIED,81-9312-589
U-6NCWORQZ7LNE,CA-CA-00000151,137,TOWNHOME,1766.0,3,RENTED,10-4555-175
U-JW3A2YLSXDV2,CA-CA-00000151,138,TOWNHOME,3063.0,2,VACANT,59-5987-226
U-216K7W7JPXH5,CA-CA-00000151,139,TOWNHOME,1147.0,5,OWNER_OCCUPIED,34-8639-593
U-RCORT3GWZSXR,CA-CA-00000151,140,TOWNHOME,727.0,3,OWNER_OCCUPIED,69-1138-285
U-H6CJNN5Z37SP,CA-CA-00000151,141,TOWNHOME,1573.0,3,OWNER_OCCUPIED,47-7473-881
U-4VZD7CW88WB8,CA-CA-00000151,142,SINGLE_FAMILY,1229.0,2,OWNER_OCCUPIED,72-6238-108
U-CMTXSN27C9TH,CA-CA-00000151,143,TOWNHOME,1094.0,3,VACANT,19-3092-362
U-1SK3HB39YB1Z,CA-CA-00000151,144,SINGLE_FAMILY,2316.0,3,OWNER_OCCUPIED,17-6491-989
U-KVLMTO2YCS1R,CA-CA-00000151,145,TOWNHOME,2302.0,2,RENTED,92-7437-525
U-WWBDNH0CMJO3,CA-CA-00000151,146,TOWNHOME,2908.0,3,OWNER_OCCUPIED,66-1873-741
U-K7FMX8LW72XX,CA-CA-00000151,147,SINGLE_FAMILY,2016.0,2,RENTED,73-6130-601
U-T6JFRLRAOY3O,CA-CA-00000151,148,TOWNHOME,1119.0,3,OWNER_OCCUPIED,66-9204-895
U-S2NEMK1WUA12,CA-CA-00000151,149,TOWNHOME,1164.0,3,RENTED,33-4045-606
U-WFBDHRI75YO8,CA-CA-00000151,150,TOWNHOME,2818.0,1,RENTED,68-8288-571
U-WKPAWOKC7IPQ,CA-CA-00000151,151,SINGLE_FAMILY,2616.0,3,OWNER_OCCUPIED,88-6956-214
U-PP9EI7LEAP89,CA-CA-00000151,152,TOWNHOME,2212.0,3,OWNER_OCCUPIED,35-8905-948
U-CZ9N4Y47YNBQ,CA-FL-00000152,34B,CONDO_UNIT,1243.0,2,OWNER_OCCUPIED,51-3794-456
U-6Y8E3NXIJ8GG,CA-FL-00000152,31C,CONDO_UNIT,2287.0,2,OWNER_OCCUPIED,67-3295-232
U-MYZUZG8SWK26,CA-FL-00000152,30H,CONDO_UNIT,2031.0,3,OWNER_OCCUPIED,52-3132-808
U-NCVNA7069QB0,CA-FL-00000152,8B,CONDO_UNIT,1472.0,2,RENTED,18-7616-821
U-YW1077SCMO48,CA-FL-00000152,36H,CONDO_UNIT,786.0,4,OWNER_OCCUPIED,13-7780-643
U-6E5MQCT07EVC,CA-FL-00000152,3A,CONDO_UNIT,3074.0,3,OWNER_OCCUPIED,12-3534-234
U-YLHBB3HDVVP0,CA-FL-00000152,5C,CONDO_UNIT,2130.0,2,OWNER_OCCUPIED,55-5875-611
U-DCH42LOSMN4Y,CA-FL-00000152,29A,CONDO_UNIT,1245.0,2,OWNER_OCCUPIED,78-2180-468
U-Z9BM25WAZ0GV,CA-FL-00000152,32A,CONDO_UNIT,1858.0,3,RENTED,93-2471-520
U-JZ8OGEWFNUL2,CA-FL-00000152,17G,CONDO_UNIT,669.0,2,OWNER_OCCUPIED,24-4153-649
U-ZB1FKZY4TEE6,CA-FL-00000152,6B,CONDO_UNIT,734.0,2,OWNER_OCCUPIED,87-7729-619
U-UELSZ772XI9J,CA-FL-00000152,40G,CONDO_UNIT,2945.0,2,OWNER_OCCUPIED,20-9194-767
U-NX21V1P5948A,CA-FL-00000152,17A,CONDO_UNIT,717.0,2,RENTED,32-9292-183
U-1PSTKWQUMJKH,CA-FL-00000152,17D,CONDO_UNIT,1351.0,2,OWNER_OCCUPIED,92-4353-996
U-EW8T73BPUSI4,CA-FL-00000152,1G,CONDO_UNIT,1220.0,5,OWNER_OCCUPIED,23-4241-823
U-IBU03C3E3RK0,CA-FL-00000152,5A,CONDO_UNIT,2340.0,2,VACANT,43-1040-153
U-BUPCUO7I1IKF,CA-FL-00000152,14A,CONDO_UNIT,2920.0,3,OWNER_OCCUPIED,13-8867-598
U-T7G450OUCK2T,CA-FL-00000152,17F,CONDO_UNIT,1378.0,2,RENTED,47-1438-558
U-WCDW0XKE9IUC,CA-FL-00000152,30F,CONDO_UNIT,2317.0,5,OWNER_OCCUPIED,40-9017-194
U-TDTEE45ZSG2A,CA-FL-00000152,2D,CONDO_UNIT,2600.0,3,OWNER_OCCUPIED,37-2436-671
U-CN2H3TT62D8Q,CA-FL-00000152,23D,CONDO_UNIT,2242.0,2,RENTED,99-8518-458
U-TNHUFPYEGZ54,CA-FL-00000152,6A,CONDO_UNIT,1677.0,4,VACANT,50-7143-498
U-0CB98GDDWOP4,CA-FL-00000152,9D,CONDO_UNIT,1848.0,3,OWNER_OCCUPIED,98-4135-775
U-20YT1M50LTM8,CA-FL-00000152,2G,CONDO_UNIT,1776.0,2,RENTED,59-3837-592
U-HS72DF8GAWL3,CA-FL-00000152,27C,CONDO_UNIT,2975.0,2,VACANT,55-5495-784
U-N7TIQHJUPT8O,CA-FL-00000152,8F,CONDO_UNIT,762.0,3,OWNER_OCCUPIED,78-1443-593
U-EXT1PRTJX8NU,CA-FL-00000152,36F,CONDO_UNIT,2552.0,5,RENTED,25-1264-296
U-PGBOAQM0IMQ8,CA-FL-00000152,20D,CONDO_UNIT,,5,OWNER_OCCUPIED,99-2787-415
U-6YQGL8YU4Z41,CA-FL-00000152,8C,CONDO_UNIT,2425.0,4,RENTED,76-2414-487
U-72LGSHIQ4ZKQ,CA-FL-00000152,31B,CONDO_UNIT,1269.0,2,OWNER_OCCUPIED,48-3978-794
U-EHZYILTX7IGA,CA-FL-00000152,9A,CONDO_UNIT,2796.0,1,RENTED,
U-E05JKX35DTF2,CA-FL-00000152,9B,CONDO_UNIT,1295.0,3,RENTED,81-2287-909
U-RFX3ITDD29V8,CA-FL-00000152,25H,CONDO_UNIT,2727.0,1,RENTED,87-5910-335
U-ZSW01B2INBG6,CA-FL-00000152,19F,CONDO_UNIT,3086.0,2,RENTED,32-7003-141
U-LXSSFNL8KYVE,CA-FL-00000152,18A,CONDO_UNIT,2372.0,4,RENTED,84-3076-821
U-RTHEAK9DLSFH,CA-FL-00000152,2B,CONDO_UNIT,2195.0,3,OWNER_OCCUPIED,39-7275-438
U-DTEPIKY822U3,CA-FL-00000152,29D,CONDO_UNIT,2389.0,5,OWNER_OCCUPIED,70-8303-166
U-20184IWS4TIV,CA-FL-00000152,33C,CONDO_UNIT,2434.0,3,RENTED,62-8740-769
U-VFA2O30AQ25G,CA-FL-00000152,3B,CONDO_UNIT,714.0,3,OWNER_OCCUPIED,84-2576-370
U-GP5O1G1IQC72,CA-FL-00000152,17H,CONDO_UNIT,810.0,4,RENTED,33-8362-238
U-HT1CE17TZF3G,CA-FL-00000152,21D,CONDO_UNIT,2004.0,4,OWNER_OCCUPIED,42-7312-410
U-O7J5RB74NZ30,CA-FL-00000152,10A,CONDO_UNIT,2683.0,3,OWNER_OCCUPIED,70-9065-594
U-HPWUTUKOLELD,CA-FL-00000152,16F,CONDO_UNIT,3150.0,2,OWNER_OCCUPIED,55-1231-295
U-XUFKS1UJRS4D,CA-FL-00000152,30B,CONDO_UNIT,2977.0,3,VACANT,52-4781-673
U-KVPDNMAAOWXG,CA-FL-00000152,22F,CONDO_UNIT,2555.0,2,RENTED,84-9388-694
U-CWAAW2IXF7KL,CA-FL-00000152,17C,CONDO_UNIT,2446.0,2,RENTED,48-1836-453
U-RSV14OIIPUS1,CA-FL-00000152,33E,CONDO_UNIT,2715.0,3,OWNER_OCCUPIED,
U-YFKF0CV3KLRJ,CA-FL-00000152,23B,CONDO_UNIT,1809.0,2,VACANT,78-1890-393
U-ERKAUWBZ2Z5X,CA-FL-00000152,10F,CONDO_UNIT,1752.0,5,OWNER_OCCUPIED,97-5675-640
U-273BDAHXRWY8,CA-FL-00000152,28H,CONDO_UNIT,1380.0,1,VACANT,40-9869-536
U-FO6CYMT7TJ4O,CA-FL-00000152,29E,CONDO_UNIT,,2,OWNER_OCCUPIED,13-8617-269
U-OG03M4V7ZBHF,CA-FL-00000152,9C,CONDO_UNIT,2687.0,2,RENTED,
U-0B53XK67TJB5,CA-FL-00000152,23H,CONDO_UNIT,2229.0,2,OWNER_OCCUPIED,87-2843-832
U-RUWXNZKHQH9W,CA-FL-00000152,8G,CONDO_UNIT,2388.0,4,RENTED,67-8747-464
U-31JNPV4KCQLA,CA-FL-00000152,15F,CONDO_UNIT,747.0,2,OWNER_OCCUPIED,69-3620-973
U-VXHFSQ26L1W1,CA-FL-00000152,33D,CONDO_UNIT,,2,OWNER_OCCUPIED,30-9956-322
U-0VXMLAAIRDNQ,CA-TX-00000153,100,TOWNHOME,694.0,2,RENTED,98-6349-161
U-KYM3RZXYVWK2,CA-TX-00000153,101,TOWNHOME,1690.0,2,OWNER_OCCUPIED,93-2884-830
U-CI4VQ0PCAWZR,CA-TX-00000153,102,TOWNHOME,,2,OWNER_OCCUPIED,85-6999-432
U-5TCNPWCQEKQ2,CA-TX-00000153,103,TOWNHOME,1093.0,3,RENTED,26-1356-892
U-9C396S8VOTQI,CA-TX-00000153,104,SINGLE_FAMILY,1371.0,3,RENTED,24-4940-369
U-65NXSG6AO4KI,CA-TX-00000153,105,TOWNHOME,2875.0,5,OWNER_OCCUPIED,63-5001-174
U-NYV7CWNMUJ9Q,CA-TX-00000153,106,SINGLE_FAMILY,1006.0,3,RENTED,28-6605-745
U-DHT5G7H1ME5W,CA-TX-00000153,107,SINGLE_FAMILY,782.0,3,OWNER_OCCUPIED,92-7556-238
U-CJWHBDDRC314,CA-TX-00000153,108,TOWNHOME,1048.0,4,OWNER_OCCUPIED,16-1004-805
U-BVLS7UNB9LBU,CA-TX-00000153,109,SINGLE_FAMILY,2540.0,4,OWNER_OCCUPIED,47-3264-539
U-R915TT5SCJYZ,CA-TX-00000153,110,SINGLE_FAMILY,2713.0,2,VACANT,16-2184-625
U-EU0F8F73I5FE,CA-TX-00000153,111,SINGLE_FAMILY,2941.0,3,RENTED,92-5680-891
U-RAC3IG4VK9IA,CA-TX-00000153,112,SINGLE_FAMILY,1803.0,3,OWNER_OCCUPIED,77-6539-467
U-SDDQRFKQMLP7,CA-TX-00000153,113,SINGLE_FAMILY,2071.0,2,OWNER_OCCUPIED,72-6927-716
U-DFQOWTQBCXF8,CA-TX-00000153,114,TOWNHOME,3098.0,2,OWNER_OCCUPIED,
U-GPNQYRZPSRC1,CA-TX-00000153,115,SINGLE_FAMILY,1804.0,3,OWNER_OCCUPIED,65-5894-649
U-SPNK234D02B9,CA-TX-00000153,116,TOWNHOME,1626.0,3,OWNER_OCCUPIED,36-4018-906
U-D9X7HTBY3X4L,CA-TX-00000153,117,TOWNHOME,1816.0,3,RENTED,50-7050-766
U-E0K6GHVUNVJJ,CA-TX-00000153,118,TOWNHOME,2299.0,2,RENTED,53-5178-237
U-8RAURSX1U6NM,CA-TX-00000153,119,SINGLE_FAMILY,1324.0,2,OWNER_OCCUPIED,15-9264-653
U-223N5OVDM4U4,CA-TX-00000153,120,TOWNHOME,2293.0,2,OWNER_OCCUPIED,37-5116-304
U-AUNW12N1FS0D,CA-TX-00000153,121,SINGLE_FAMILY,,3,RENTED,17-2975-509
U-5KORDOWYJ0DQ,CA-TX-00000153,122,TOWNHOME,861.0,3,OWNER_OCCUPIED,42-3900-317
U-8BJTXPJU3NBL,CA-TX-00000153,123,SINGLE_FAMILY,2820.0,2,OWNER_OCCUPIED,46-4082-626
U-9KP9RPHM6E93,CA-TX-00000153,124,SINGLE_FAMILY,2525.0,1,OWNER_OCCUPIED,62-1547-399
U-6LQBI520TUPM,CA-TX-00000153,125,TOWNHOME,1287.0,2,OWNER_OCCUPIED,43-4696-600
U-UYFASHRNVWMS,CA-TX-00000153,126,TOWNHOME,2974.0,1,OWNER_OCCUPIED,79-9052-980
U-45DWGN2OVOJD,CA-TX-00000154,100,SINGLE_FAMILY,3200.0,2,OWNER_OCCUPIED,10-5472-257
U-H86T7MT8FR0R,CA-TX-00000154,101,TOWNHOME,1933.0,1,RENTED,20-2117-763
U-BIOVCWM14JGD,CA-TX-00000154,102,TOWNHOME,2827.0,2,OWNER_OCCUPIED,97-9783-596
U-3L3BCKAXVQC7,CA-TX-00000154,103,TOWNHOME,3117.0,4,OWNER_OCCUPIED,57-7062-324
U-1S0TUI2QHN4Q,CA-TX-00000154,104,SINGLE_FAMILY,2545.0,4,OWNER_OCCUPIED,95-6319-852
U-O6WJH4SO8263,CA-TX-00000154,105,SINGLE_FAMILY,764.0,4,OWNER_OCCUPIED,20-2605-107
U-K3XIK6NRATSH,CA-TX-00000154,106,TOWNHOME,1426.0,3,OWNER_OCCUPIED,89-3217-337
U-3YHSWL17YQZ7,CA-TX-00000154,107,SINGLE_FAMILY,2652.0,2,OWNER_OCCUPIED,
U-O2T1KFWQ273H,CA-TX-00000154,108,SINGLE_FAMILY,1857.0,2,OWNER_OCCUPIED,24-1334-156
U-MNX08CPXVEKR,CA-TX-00000154,109,TOWNHOME,1161.0,1,OWNER_OCCUPIED,83-7235-463
U-7V1J0ACLVAGI,CA-TX-00000154,110,SINGLE_FAMILY,1991.0,3,OWNER_OCCUPIED,40-3675-657
U-NL1981FKJTDV,CA-TX-00000154,111,TOWNHOME,1647.0,2,OWNER_OCCUPIED,38-6312-595
U-2WHV6GGMQOGG,CA-TX-00000154,112,SINGLE_FAMILY,1931.0,4,OWNER_OCCUPIED,
U-MV3UYGHBXB8R,CA-TX-00000154,113,TOWNHOME,2778.0,2,OWNER_OCCUPIED,73-3139-427
U-6RTYG9UHS0B3,CA-TX-00000154,114,SINGLE_FAMILY,,1,OWNER_OCCUPIED,27-1562-867
U-R4HA3FUE7ZEM,CA-TX-00000154,115,TOWNHOME,2132.0,2,RENTED,24-8910-794
U-M3XJS12QFAWL,CA-TX-00000154,116,SINGLE_FAMILY,1340.0,2,OWNER_OCCUPIED,34-8283-478
U-6CADMVA7DWW4,CA-TX-00000154,117,TOWNHOME,1787.0,3,OWNER_OCCUPIED,56-2431-468
U-4SMOOO70TEBL,CA-TX-00000154,118,TOWNHOME,1302.0,2,RENTED,76-8866-933
U-X39A8F6RCG2Y,CA-TX-00000154,119,TOWNHOME,1510.0,3,OWNER_OCCUPIED,
U-813XOPE8A06K,CA-TX-00000154,120,SINGLE_FAMILY,,3,OWNER_OCCUPIED,90-2860-473
U-274W1O8ICWA2,CA-TX-00000154,121,SINGLE_FAMILY,1905.0,3,OWNER_OCCUPIED,74-3887-283
U-OG0K1PRYCSY0,CA-TX-00000154,122,TOWNHOME,2496.0,1,VACANT,
U-S1ZQ5IMUEM3O,CA-TX-00000154,123,SINGLE_FAMILY,3166.0,2,OWNER_OCCUPIED,56-1497-963
U-9647UGI9BAOA,CA-TX-00000154,124,TOWNHOME,1783.0,3,RENTED,41-1300-650
U-JLP9XQNATAVL,CA-TX-00000154,125,TOWNHOME,1216.0,2,OWNER_OCCUPIED,18-5089-162
U-B9XRZ9H1BT6Y,CA-TX-00000154,126,SINGLE_FAMILY,2788.0,4,OWNER_OCCUPIED,92-9668-503
U-BHLOTYQU6KWY,CA-TX-00000154,127,TOWNHOME,2630.0,2,OWNER_OCCUPIED,94-3596-963
U-M5W7G7TWLRNZ,CA-TX-00000154,128,SINGLE_FAMILY,3189.0,1,OWNER_OCCUPIED,69-9698-723
U-USM8GRCBDUKF,CA-TX-00000154,129,TOWNHOME,1339.0,4,VACANT,60-8376-151
U-G7T9IE01YS4H,CA-TX-00000154,130,TOWNHOME,,3,OWNER_OCCUPIED,42-5503-261
U-VWG9S5H1ZZ8X,CA-TX-00000154,131,SINGLE_FAMILY,2442.0,2,OWNER_OCCUPIED,14-1139-507
U-8A8SE3AG9867,CA-TX-00000154,132,SINGLE_FAMILY,,2,OWNER_OCCUPIED,72-7835-696
U-I9SEDRR2WHBJ,CA-TX-00000154,133,SINGLE_FAMILY,1525.0,3,OWNER_OCCUPIED,97-9087-607
U-VIVN3UC7S3DZ,CA-TX-00000154,134,TOWNHOME,3052.0,3,OWNER_OCCUPIED,38-6492-342
U-V3LXKP3AQRCI,CA-TX-00000154,135,SINGLE_FAMILY,3096.0,1,OWNER_OCCUPIED,55-4974-654
U-U0SGEUE8VDZL,CA-TX-00000154,136,SINGLE_FAMILY,2586.0,3,OWNER_OCCUPIED,38-7763-961
U-4Y4QGMU5712Q,CA-TX-00000154,137,TOWNHOME,1461.0,3,OWNER_OCCUPIED,31-5970-620
U-7SZ8UUHHX4R4,CA-TX-00000154,138,SINGLE_FAMILY,1835.0,5,RENTED,50-6077-708
U-FHSWOYR7OJSW,CA-TX-00000154,139,TOWNHOME,2668.0,3,OWNER_OCCUPIED,16-9341-871
U-CCR5IKJST3H2,CA-TX-00000154,140,SINGLE_FAMILY,2677.0,3,RENTED,31-2079-417
U-Y7QBZ3A1T0DP,CA-TX-00000154,141,TOWNHOME,1731.0,3,RENTED,96-7151-395
U-9RI1MXGVLZQG,CA-TX-00000154,142,SINGLE_FAMILY,1407.0,2,RENTED,36-6107-689
U-G8L9CHTB3LUL,CA-TX-00000154,143,TOWNHOME,1250.0,1,OWNER_OCCUPIED,28-8202-948
U-F0IK2HLJ9QG0,CA-TX-00000154,144,TOWNHOME,984.0,2,OWNER_OCCUPIED,47-6558-488
U-1S6ZXU29OWS6,CA-TX-00000154,145,TOWNHOME,762.0,5,RENTED,79-8781-935
U-F5IJ0CTKEF5E,CA-TX-00000154,146,SINGLE_FAMILY,2619.0,2,OWNER_OCCUPIED,50-2523-446
U-Y5CNM3W6KA2P,CA-TX-00000154,147,SINGLE_FAMILY,788.0,4,OWNER_OCCUPIED,70-9315-635
U-NM03QZYC82BR,CA-TX-00000154,148,TOWNHOME,2607.0,3,RENTED,93-2120-447
U-148P71QDKJ9V,CA-TX-00000154,149,SINGLE_FAMILY,2167.0,2,OWNER_OCCUPIED,15-8264-848
U-NNZ0Q3JBG7EQ,CA-TX-00000154,150,SINGLE_FAMILY,2731.0,2,OWNER_OCCUPIED,14-9410-666
U-OIVSERRT8K29,CA-TX-00000154,151,TOWNHOME,1069.0,2,RENTED,79-8761-460
U-VKH39X1XCG0H,CA-NV-00000155,100,TOWNHOME,716.0,3,RENTED,96-4893-379
U-5TNERA23U7OU,CA-NV-00000155,101,TOWNHOME,,4,RENTED,17-3078-824
U-VGSW1EJZ4QW8,CA-NV-00000155,102,SINGLE_FAMILY,2232.0,2,OWNER_OCCUPIED,38-2247-261
U-4MJ3J46O9VN1,CA-NV-00000155,103,SINGLE_FAMILY,1418.0,1,OWNER_OCCUPIED,94-9536-860
U-K5YXCUXC2HUX,CA-NV-00000155,104,SINGLE_FAMILY,3177.0,3,OWNER_OCCUPIED,62-2166-196
U-4S5MH5XVUPH2,CA-NV-00000155,105,TOWNHOME,716.0,3,OWNER_OCCUPIED,42-7499-928
U-2DTWF1GRZC3T,CA-NV-00000155,106,SINGLE_FAMILY,3043.0,2,OWNER_OCCUPIED,14-6438-156
U-WIT4PWO85YBP,CA-NV-00000155,107,TOWNHOME,2369.0,4,OWNER_OCCUPIED,
U-A3AG8DUO7GSG,CA-NV-00000155,108,SINGLE_FAMILY,1566.0,4,RENTED,86-7739-804
U-R0VAP4TEQ6G7,CA-NV-00000155,109,SINGLE_FAMILY,2865.0,3,RENTED,86-1752-297
U-1743JHPYLPJ5,CA-NV-00000155,110,TOWNHOME,1388.0,4,OWNER_OCCUPIED,79-5461-753
U-UH72JMIJRU65,CA-NV-00000155,111,TOWNHOME,1868.0,4,RENTED,65-5600-344
U-0W1BVXFU81MS,CA-NV-00000155,112,TOWNHOME,1907.0,4,OWNER_OCCUPIED,65-2770-575
U-I234KXJGGF7E,CA-NV-00000155,113,SINGLE_FAMILY,2830.0,1,OWNER_OCCUPIED,20-7920-570
U-UGQ4JK5XT6MH,CA-NV-00000155,114,TOWNHOME,2155.0,3,OWNER_OCCUPIED,78-9884-654
U-DY5VIROVGD1U,CA-NV-00000155,115,TOWNHOME,952.0,1,OWNER_OCCUPIED,69-4525-628
U-PU76GMS8OLTO,CA-NV-00000155,116,TOWNHOME,,5,OWNER_OCCUPIED,99-6691-783
U-6XFV7RDGD2D2,CA-NV-00000155,117,SINGLE_FAMILY,2117.0,3,OWNER_OCCUPIED,88-8281-547
U-K7WUC2T8XMLD,CA-NV-00000155,118,TOWNHOME,1006.0,1,OWNER_OCCUPIED,63-1133-536
U-FW5H3OQ3PNR4,CA-NV-00000155,119,SINGLE_FAMILY,872.0,3,OWNER_OCCUPIED,81-9363-934
U-8QTOY2DIUBXJ,CA-NV-00000155,120,SINGLE_FAMILY,1632.0,4,RENTED,
U-ZPYGTTWUHLIK,CA-NV-00000155,121,SINGLE_FAMILY,2857.0,2,RENTED,86-7151-653
U-HPJGBEI0MQ2P,CA-NV-00000155,122,TOWNHOME,2083.0,1,OWNER_OCCUPIED,72-2276-718
U-GP8EQ8C533JH,CA-NV-00000155,123,SINGLE_FAMILY,1345.0,2,RENTED,81-9609-172
U-YUTAUH6YXVVU,CA-NV-00000155,124,TOWNHOME,2072.0,3,VACANT,41-6717-343
U-51JPP46462JW,CA-NV-00000155,125,SINGLE_FAMILY,2777.0,5,RENTED,97-1349-938
U-0I73Z4IH9GBL,CA-NV-00000155,126,TOWNHOME,2283.0,4,OWNER_OCCUPIED,45-6912-137
U-E6FM1Q7ACXAH,CA-NV-00000155,127,SINGLE_FAMILY,1848.0,2,OWNER_OCCUPIED,
U-Z5OYOQEBMGG8,CA-NV-00000155,128,TOWNHOME,1531.0,3,RENTED,
U-MFCHKN3C7CA5,CA-NV-00000155,129,SINGLE_FAMILY,1837.0,3,VACANT,45-6580-825
U-N65FFWRQ4G32,CA-NV-00000155,130,TOWNHOME,2079.0,2,OWNER_OCCUPIED,96-8338-265
U-L32REZONQAH5,CA-NV-00000155,131,SINGLE_FAMILY,2186.0,3,RENTED,46-5505-697
U-C119KC5IGKLC,CA-NV-00000155,132,TOWNHOME,2470.0,4,RENTED,91-1478-521
U-WZ54SEXXKYGB,CA-NV-00000155,133,SINGLE_FAMILY,1017.0,4,RENTED,60-7557-926
U-P8T37N557JG2,CA-NV-00000155,134,SINGLE_FAMILY,1954.0,3,VACANT,36-1047-245
U-KNU2BHQ5SPM4,CA-NV-00000155,135,SINGLE_FAMILY,1142.0,5,OWNER_OCCUPIED,55-1918-294
U-YYZ0V57YILDZ,CA-NV-00000155,136,SINGLE_FAMILY,,3,OWNER_OCCUPIED,
U-70G5W5FIEEDT,CA-NV-00000155,137,TOWNHOME,2758.0,1,OWNER_OCCUPIED,41-2077-832
U-N2N1BZHN3R7E,CA-NV-00000155,138,TOWNHOME,1740.0,3,RENTED,19-2063-368
U-CDZP8QENCPPX,CA-NV-00000155,139,SINGLE_FAMILY,1487.0,3,OWNER_OCCUPIED,70-9279-151
U-M43EMIV9ZWKV,CA-NV-00000155,140,SINGLE_FAMILY,1170.0,2,OWNER_OCCUPIED,73-2746-357
U-Q0LQDUHIPQ02,CA-NV-00000155,141,TOWNHOME,2619.0,3,OWNER_OCCUPIED,17-7570-866
U-1KB428A4F3QD,CA-NV-00000155,142,TOWNHOME,1096.0,2,OWNER_OCCUPIED,12-4116-465
U-Z649X8KY7G3U,CA-NV-00000155,143,TOWNHOME,2405.0,2,OWNER_OCCUPIED,91-3958-657
U-QHZL12S8CW3H,CA-NV-00000155,144,TOWNHOME,1412.0,2,OWNER_OCCUPIED,12-4417-940
U-RMLDBRE6ZJFX,CA-NV-00000155,145,SINGLE_FAMILY,,2,RENTED,98-8736-690
U-XMQIU03V6EG1,CA-NV-00000155,146,TOWNHOME,1282.0,3,OWNER_OCCUPIED,64-6942-105
U-0FB58NX04CIZ,CA-NV-00000155,147,SINGLE_FAMILY,,1,OWNER_OCCUPIED,59-4911-941
U-I8VBVNLY3FS2,CA-NV-00000155,148,TOWNHOME,2392.0,2,RENTED,71-7204-314
U-4SV07FUYYQTF,CA-NV-00000155,149,SINGLE_FAMILY,1601.0,1,OWNER_OCCUPIED,31-3099-497
U-WUNMDZ4RLVGN,CA-NV-00000155,150,SINGLE_FAMILY,3184.0,2,RENTED,30-2985-605
U-3R3GKRNRUP2L,CA-NV-00000155,151,TOWNHOME,2166.0,3,RENTED,64-6535-418
U-UWXG6ILBJF6O,CA-NV-00000155,152,SINGLE_FAMILY,2907.0,3,RENTED,86-6023-698
U-LCY8ROJJRSKL,CA-NV-00000155,153,TOWNHOME,2644.0,4,OWNER_OCCUPIED,23-7057-889
U-QALZ641MQXIW,CA-NV-00000156,18H,CONDO_UNIT,3183.0,3,OWNER_OCCUPIED,87-9723-826
U-STSSFHA162LU,CA-NV-00000156,40G,CONDO_UNIT,2687.0,2,OWNER_OCCUPIED,17-4201-587
U-2K3XAOA8NQUY,CA-NV-00000156,34A,CONDO_UNIT,676.0,3,OWNER_OCCUPIED,24-5248-200
U-J0Z7D2DEY5XZ,CA-NV-00000156,34H,CONDO_UNIT,1613.0,3,OWNER_OCCUPIED,54-3185-369
U-Y4TO4HU2L4YY,CA-NV-00000156,37F,CONDO_UNIT,1641.0,3,VACANT,59-4156-999
U-3RJKMPXOL4RM,CA-NV-00000156,14A,CONDO_UNIT,3138.0,4,OWNER_OCCUPIED,27-4685-970
U-HDOFEUK4I1GL,CA-NV-00000156,16A,CONDO_UNIT,1849.0,2,OWNER_OCCUPIED,33-8348-745
U-9T1G8RMIU26Z,CA-NV-00000156,9D,CONDO_UNIT,1803.0,2,RENTED,14-1784-908
U-XDZLPQNYI613,CA-NV-00000156,29F,CONDO_UNIT,829.0,3,OWNER_OCCUPIED,81-1836-257
U-2YPRF5U3DY0M,CA-NV-00000156,30H,CONDO_UNIT,2327.0,4,OWNER_OCCUPIED,24-6433-767
U-FAXA1UV8L8QA,CA-NV-00000156,24G,CONDO_UNIT,2188.0,3,OWNER_OCCUPIED,
U-8EXUUIW5GC0I,CA-NV-00000156,7D,CONDO_UNIT,2591.0,4,OWNER_OCCUPIED,38-6123-603
U-AFT5EWIXVTP6,CA-NV-00000156,32H,CONDO_UNIT,,3,RENTED,11-2559-843
U-CPPOCBDMR3AU,CA-NV-00000156,22D,CONDO_UNIT,2750.0,3,RENTED,16-1953-723
U-KEN729MIC4PW,CA-NV-00000156,23A,CONDO_UNIT,1416.0,3,OWNER_OCCUPIED,83-7425-845
U-LXNFBS7WS0I3,CA-NV-00000156,9E,CONDO_UNIT,2975.0,3,OWNER_OCCUPIED,34-5698-100
U-VTJPLZQ9RA08,CA-NV-00000156,16B,CONDO_UNIT,2625.0,2,RENTED,56-6132-833
U-UQ682KUUS7A9,CA-NV-00000156,13G,CONDO_UNIT,1636.0,2,OWNER_OCCUPIED,70-3395-472
U-OFOZ4OQ0OEBQ,CA-NV-00000156,22B,CONDO_UNIT,2905.0,3,OWNER_OCCUPIED,62-4327-895
U-YPO8MN87XF3U,CA-NV-00000156,8G,CONDO_UNIT,2597.0,3,RENTED,36-7090-868
U-URGS5WJZH9YS,CA-NV-00000156,22D,CONDO_UNIT,1135.0,4,OWNER_OCCUPIED,61-9671-527
U-ORSUPG21WB0E,CA-NV-00000156,21B,CONDO_UNIT,,3,OWNER_OCCUPIED,76-2382-914
U-NTSYN2Q775P4,CA-NV-00000156,14E,CONDO_UNIT,1690.0,1,RENTED,65-1983-704
U-CEOLMRXUREQQ,CA-NV-00000156,9F,CONDO_UNIT,3146.0,3,RENTED,66-3014-637
U-QAKNWKVWGNA2,CA-NV-00000156,15A,CONDO_UNIT,2386.0,4,OWNER_OCCUPIED,77-6743-397
U-89F6B88308BT,CA-NV-00000156,29B,CONDO_UNIT,1471.0,2,OWNER_OCCUPIED,39-4557-610
U-HAJ8FONU6TQ4,CA-NV-00000156,20C,CONDO_UNIT,2460.0,2,OWNER_OCCUPIED,31-3971-352
U-VPK9XNLH57CQ,CA-IL-00000157,100,TOWNHOME,1846.0,3,OWNER_OCCUPIED,91-6759-586
U-ZZ18EE61YQHB,CA-IL-00000157,101,TOWNHOME,1436.0,4,OWNER_OCCUPIED,70-2582-902
U-5JCP0AG8DCRA,CA-IL-00000157,102,TOWNHOME,709.0,3,VACANT,16-4760-219
U-X3IGEG44KXUX,CA-IL-00000157,103,TOWNHOME,,3,RENTED,62-6263-687
U-2HGFMIJC725T,CA-IL-00000157,104,SINGLE_FAMILY,,2,RENTED,72-3891-314
U-YK62R8VLASQF,CA-IL-00000157,105,TOWNHOME,2418.0,2,OWNER_OCCUPIED,42-3671-486
U-PGL9WGAZYR89,CA-IL-00000157,106,TOWNHOME,660.0,1,OWNER_OCCUPIED,56-3015-355
U-LTXLJQWZCTHX,CA-IL-00000157,107,SINGLE_FAMILY,682.0,2,RENTED,59-4249-413
U-I016G8W37LTE,CA-IL-00000157,108,TOWNHOME,2817.0,3,OWNER_OCCUPIED,52-5313-341
U-CS98Z3R17UYN,CA-IL-00000157,109,TOWNHOME,2735.0,2,RENTED,95-6724-798
U-TASDV3WMUX61,CA-IL-00000157,110,TOWNHOME,1264.0,3,OWNER_OCCUPIED,70-1683-816
U-BFLQ6D32SD23,CA-IL-00000157,111,SINGLE_FAMILY,,5,OWNER_OCCUPIED,
U-P5B8257AGYHC,CA-IL-00000157,112,SINGLE_FAMILY,867.0,3,OWNER_OCCUPIED,33-8376-398
U-N3U4S16KZKSB,CA-IL-00000157,113,SINGLE_FAMILY,955.0,3,OWNER_OCCUPIED,56-9305-905
U-LGDNWDX10WXX,CA-IL-00000157,114,TOWNHOME,,3,OWNER_OCCUPIED,99-8721-584
U-3AAS8O0C13PQ,CA-IL-00000157,115,SINGLE_FAMILY,1929.0,3,OWNER_OCCUPIED,70-1178-198
U-JBNOOQXZYKUQ,CA-IL-00000157,116,SINGLE_FAMILY,1194.0,4,OWNER_OCCUPIED,47-4625-401
U-MEQF1SBE2JF2,CA-IL-00000157,117,TOWNHOME,1068.0,4,RENTED,90-5047-629
U-M2HK0IPPH8UN,CA-IL-00000157,118,TOWNHOME,3172.0,2,RENTED,54-9531-979
U-VCIN35UKCOVR,CA-IL-00000157,119,TOWNHOME,1359.0,3,OWNER_OCCUPIED,10-1859-361
U-A3AH9HMPKDTJ,CA-IL-00000157,120,TOWNHOME,,4,OWNER_OCCUPIED,57-8399-578
U-IAMDSGV4BUB3,CA-IL-00000157,121,TOWNHOME,2566.0,4,RENTED,51-3772-592
U-49X2PH5C7AQT,CA-IL-00000157,122,TOWNHOME,660.0,2,OWNER_OCCUPIED,65-2580-905
U-2HWFZPLN1QVH,CA-IL-00000157,123,SINGLE_FAMILY,761.0,5,OWNER_OCCUPIED,
U-4RFTG7AHO8HD,CA-IL-00000157,124,SINGLE_FAMILY,2947.0,2,RENTED,11-8913-800
U-ZBIW981Q0GQ0,CA-IL-00000157,125,SINGLE_FAMILY,2282.0,1,RENTED,79-1354-909
U-HJKHF029LCSE,CA-IL-00000157,126,TOWNHOME,1928.0,2,OWNER_OCCUPIED,83-5116-638
U-T34CART4S6SX,CA-IL-00000157,127,SINGLE_FAMILY,2757.0,3,OWNER_OCCUPIED,32-9523-652
U-YSRM2VCARW05,CA-IL-00000157,128,TOWNHOME,,3,OWNER_OCCUPIED,67-8517-978
U-SWD5WC8AZ58O,CA-IL-00000157,129,TOWNHOME,3145.0,3,OWNER_OCCUPIED,67-2677-278
U-FL5XNU9HL3RO,CA-IL-00000157,130,TOWNHOME,1747.0,5,VACANT,39-1772-590
U-IS9XESNR8CL2,CA-IL-00000157,131,TOWNHOME,3063.0,5,OWNER_OCCUPIED,77-2973-479
U-VFT4N47ZT4FB,CA-IL-00000157,132,TOWNHOME,,3,OWNER_OCCUPIED,21-7837-253
U-IM4RBSXAZ2EH,CA-IL-00000157,133,SINGLE_FAMILY,2642.0,2,OWNER_OCCUPIED,37-1145-563
U-K813MFACFKK5,CA-IL-00000157,134,SINGLE_FAMILY,,1,OWNER_OCCUPIED,32-6004-387
U-449PRW15G0CQ,CA-IL-00000157,135,SINGLE_FAMILY,1560.0,3,OWNER_OCCUPIED,69-4389-661
U-A8RQDZ4M3JQ5,CA-IL-00000157,136,SINGLE_FAMILY,1971.0,3,RENTED,89-6783-586
U-DZQYZG2ACFZ6,CA-IL-00000157,137,SINGLE_FAMILY,3115.0,1,RENTED,60-3846-235
U-BQ6WVUJWYWDQ,CA-IL-00000157,138,TOWNHOME,2319.0,2,VACANT,89-4190-840
U-5WD2Y2GSEE9V,CA-IL-00000157,139,TOWNHOME,1040.0,2,OWNER_OCCUPIED,99-7079-909
U-QJFQU591GVCA,CA-IL-00000157,140,TOWNHOME,2101.0,4,OWNER_OCCUPIED,88-5604-304
U-T2DJYGOQADDD,CA-IL-00000157,141,SINGLE_FAMILY,2172.0,3,RENTED,
U-TJLLE6F7PP5K,CA-IL-00000157,142,TOWNHOME,,5,RENTED,
U-V2O4P5R2HV5X,CA-IL-00000157,143,TOWNHOME,2146.0,2,RENTED,69-7459-601
U-IAOY6J2PCMT2,CA-IL-00000157,144,SINGLE_FAMILY,2204.0,4,OWNER_OCCUPIED,14-1805-251
U-7ZBEJP7Y41F1,CA-IL-00000157,145,SINGLE_FAMILY,,4,OWNER_OCCUPIED,90-6096-200
U-R2WRHJKILIK7,CA-IL-00000157,146,TOWNHOME,,3,OWNER_OCCUPIED,78-2140-875
U-10SAQTVUYPZE,CA-IL-00000157,147,SINGLE_FAMILY,2403.0,3,OWNER_OCCUPIED,69-1125-220
U-MBF35B5MG5OZ,CA-IL-00000157,148,SINGLE_FAMILY,1445.0,2,OWNER_OCCUPIED,83-2879-911
U-WGWM6O5TP50G,CA-IL-00000157,149,SINGLE_FAMILY,1967.0,2,RENTED,90-8091-927
U-FUHA6WTG8KGY,CA-IL-00000157,150,TOWNHOME,2694.0,2,OWNER_OCCUPIED,37-6031-600
U-GR17P2O4IAR3,CA-IL-00000157,151,TOWNHOME,1261.0,3,OWNER_OCCUPIED,93-5503-252
U-W36W91KDHB3P,CA-IL-00000157,152,SINGLE_FAMILY,1499.0,3,OWNER_OCCUPIED,40-3572-265
U-G5CJ1TUXCSL7,CA-IL-00000157,153,TOWNHOME,812.0,2,RENTED,28-3191-351
U-I7K26ESNGDLL,CA-IL-00000157,154,SINGLE_FAMILY,2135.0,3,OWNER_OCCUPIED,35-9319-844
U-E92I5NK4B9YG,CA-IL-00000157,155,SINGLE_FAMILY,1078.0,3,OWNER_OCCUPIED,87-5993-889
U-WN0IU9XBZV5T,CA-IL-00000157,156,TOWNHOME,3176.0,1,RENTED,95-6556-341
U-TWL3F2HSPUDW,CA-IL-00000157,157,SINGLE_FAMILY,3017.0,3,RENTED,79-8897-454
U-JK6BTS4OE1LS,CA-IL-00000157,158,SINGLE_FAMILY,1394.0,3,OWNER_OCCUPIED,66-1370-488
U-04Y0J4I3DOYC,CA-IL-00000157,159,TOWNHOME,2482.0,5,RENTED,25-5947-475
U-AZJ6MAQRRQES,CA-TX-00000158,10D,CONDO_UNIT,2419.0,3,OWNER_OCCUPIED,36-4980-125
U-HT5DACJE8A2K,CA-TX-00000158,9E,CONDO_UNIT,2625.0,2,OWNER_OCCUPIED,76-2397-152
U-NTA4PBW782ZI,CA-TX-00000158,20H,CONDO_UNIT,1780.0,2,OWNER_OCCUPIED,65-5920-543
U-8T6EQJYQP31Q,CA-TX-00000158,14D,CONDO_UNIT,2708.0,3,OWNER_OCCUPIED,80-6543-549
U-L1B1OXD5IA5D,CA-TX-00000158,2A,CONDO_UNIT,3122.0,2,RENTED,52-5095-224
U-H6OU9SBGB35W,CA-TX-00000158,4B,CONDO_UNIT,3079.0,2,OWNER_OCCUPIED,31-9891-773
U-S5ZRRIR1PJ71,CA-TX-00000158,35D,CONDO_UNIT,828.0,5,OWNER_OCCUPIED,94-1466-329
U-MJB1MW0AQ6C8,CA-TX-00000158,16F,CONDO_UNIT,1457.0,2,VACANT,46-1041-740
U-QOX6QUHPF0NK,CA-TX-00000158,36G,CONDO_UNIT,2048.0,3,RENTED,43-1763-410
U-3Z1P2EEZXWAY,CA-TX-00000158,29E,CONDO_UNIT,2176.0,3,OWNER_OCCUPIED,12-4492-386
U-7283CYWO5GYY,CA-TX-00000158,23D,CONDO_UNIT,2626.0,1,OWNER_OCCUPIED,33-1331-155
U-8PG2GYZOYJM6,CA-TX-00000158,30B,CONDO_UNIT,2899.0,4,OWNER_OCCUPIED,65-2196-375
U-J95GMTZXN8VG,CA-TX-00000158,33C,CONDO_UNIT,1452.0,2,RENTED,52-1887-428
U-TF8W0BRWTGX7,CA-TX-00000158,32E,CONDO_UNIT,3139.0,5,OWNER_OCCUPIED,58-1618-592
U-8OI9F62HKV80,CA-TX-00000158,34G,CONDO_UNIT,3022.0,2,OWNER_OCCUPIED,57-9270-632
U-6K60818YVN01,CA-TX-00000158,11E,CONDO_UNIT,2568.0,5,VACANT,14-3522-945
U-EYAVZJITORT8,CA-TX-00000158,4D,CONDO_UNIT,1912.0,2,OWNER_OCCUPIED,66-5038-234
U-6T0T9EYO5TM9,CA-TX-00000158,22C,CONDO_UNIT,2832.0,2,OWNER_OCCUPIED,44-2420-255
U-3QXO2IIS2UKG,CA-TX-00000158,6F,CONDO_UNIT,3070.0,4,RENTED,65-6214-994
U-9J0MWEMPSQHD,CA-TX-00000158,25A,CONDO_UNIT,1625.0,2,RENTED,14-2663-839
U-IZ98XL85FDB4,CA-TX-00000158,4A,CONDO_UNIT,1069.0,3,OWNER_OCCUPIED,54-5393-638
U-K7ZNSGTGH1W3,CA-TX-00000158,33D,CONDO_UNIT,2901.0,5,RENTED,65-5685-630
U-FKGENUSEF9AM,CA-TX-00000158,13G,CONDO_UNIT,2324.0,2,OWNER_OCCUPIED,89-5843-862
U-1D3WEE7ASOK4,CA-TX-00000158,8C,CONDO_UNIT,1826.0,2,RENTED,21-2034-422
U-KI0JQWL1OVZO,CA-TX-00000158,38B,CONDO_UNIT,1986.0,2,RENTED,57-7662-118
U-J0LISG71WKZ6,CA-TX-00000158,15E,CONDO_UNIT,902.0,3,RENTED,45-2870-429
U-KYM1AYWUK42P,CA-TX-00000158,22C,CONDO_UNIT,1264.0,5,VACANT,57-4176-307
U-2G7GWYZR0BJF,CA-TX-00000158,5D,CONDO_UNIT,1117.0,3,RENTED,93-2298-700
U-HJOGGD4D5IJI,CA-TX-00000158,31A,CONDO_UNIT,2746.0,2,OWNER_OCCUPIED,33-5895-754
U-V72PXC61HBFY,CA-TX-00000158,2D,CONDO_UNIT,,4,RENTED,49-8605-799
U-YD0J5MNRRLY1,CA-TX-00000158,4E,CONDO_UNIT,1838.0,1,OWNER_OCCUPIED,93-7492-807
U-FFC5HMHSATXW,CA-TX-00000158,25C,CONDO_UNIT,855.0,4,OWNER_OCCUPIED,84-5467-631
U-54Q4VVG5HPVB,CA-TX-00000158,3E,CONDO_UNIT,1307.0,3,OWNER_OCCUPIED,62-7195-299
U-9HDYO8ZQU4EQ,CA-TX-00000158,31C,CONDO_UNIT,1143.0,2,OWNER_OCCUPIED,16-8856-746
U-NN797V8OKQKA,CA-TX-00000158,26A,CONDO_UNIT,,2,RENTED,79-1347-602
U-LW1Q5DL6V63M,CA-TX-00000158,21H,CONDO_UNIT,2015.0,4,RENTED,17-9537-247
U-VDNQGS0MC3I0,CA-TX-00000158,10D,CONDO_UNIT,1178.0,3,OWNER_OCCUPIED,91-8439-887
U-URZZPV5OJ4LJ,CA-TX-00000158,33H,CONDO_UNIT,870.0,3,OWNER_OCCUPIED,34-2982-841
U-Q48BCQ3CUWTU,CA-TX-00000158,30G,CONDO_UNIT,3019.0,2,OWNER_OCCUPIED,
U-CI4ILKOZ6U8A,CA-TX-00000158,12A,CONDO_UNIT,1793.0,2,RENTED,34-2216-808
U-7XM3I5WLIMN8,CA-TX-00000158,38H,CONDO_UNIT,1596.0,2,OWNER_OCCUPIED,94-4619-214
U-IEIJ1ZW98US0,CA-TX-00000158,30B,CONDO_UNIT,1272.0,5,RENTED,88-3132-305
U-6UBSXNZJG2TD,CA-TX-00000158,28B,CONDO_UNIT,2331.0,5,RENTED,69-2663-394
U-XWTFZ4MU7SMJ,CA-TX-00000158,26F,CONDO_UNIT,3125.0,2,RENTED,91-6689-444
U-AOPD3KTLA4C6,CA-TX-00000158,22A,CONDO_UNIT,828.0,3,OWNER_OCCUPIED,98-4405-337
U-5YRAND90ATWA,CA-TX-00000158,15B,CONDO_UNIT,2579.0,2,RENTED,78-1396-226
U-XYMJJRQDPJON,CA-TX-00000158,26A,CONDO_UNIT,851.0,3,RENTED,71-3724-453
U-OKZ8UCP0QBZK,CA-TX-00000158,28A,CONDO_UNIT,782.0,3,OWNER_OCCUPIED,66-9102-754
U-XWG4OI1NEXNP,CA-TX-00000158,19H,CONDO_UNIT,2013.0,3,RENTED,48-1231-861
U-QQ2R1C7S46NP,CA-TX-00000158,14F,CONDO_UNIT,3121.0,1,RENTED,76-9769-823
U-8XXNVUGUIDFJ,CA-TX-00000158,20G,CONDO_UNIT,2820.0,3,OWNER_OCCUPIED,41-1523-406
U-CND865T73S6U,CA-TX-00000158,8B,CONDO_UNIT,,2,OWNER_OCCUPIED,59-2444-170
U-20662KPEN6DF,CA-TX-00000158,12B,CONDO_UNIT,2785.0,4,OWNER_OCCUPIED,
U-DUYIWPKQH6UX,CA-TX-00000158,1A,CONDO_UNIT,,5,OWNER_OCCUPIED,21-3645-725
U-XSXIMDN3HW9H,CA-TX-00000158,15B,CONDO_UNIT,2853.0,2,RENTED,84-5253-694
U-ESJT8FC33MOE,CA-TX-00000158,19A,CONDO_UNIT,,3,OWNER_OCCUPIED,50-9297-639
U-1FKV4A1YCXFO,CA-TX-00000158,3C,CONDO_UNIT,1985.0,3,OWNER_OCCUPIED,89-7634-432
U-KQVUGEJBDOR8,CA-TX-00000158,25H,CONDO_UNIT,1795.0,3,OWNER_OCCUPIED,51-3950-680
U-0M1X7MPF2RK3,CA-TX-00000158,37E,CONDO_UNIT,1800.0,4,OWNER_OCCUPIED,53-4413-729
U-1XCM1SMJ0L4Q,CA-TX-00000158,12C,CONDO_UNIT,717.0,4,RENTED,54-4139-743
U-PBNIEZVEVEY2,CA-AZ-00000159,100,TOWNHOME,2896.0,3,RENTED,94-2352-132
U-14W35F2ER1YG,CA-AZ-00000159,101,TOWNHOME,2141.0,3,OWNER_OCCUPIED,69-7268-551
U-95WWTY3M2LZ4,CA-AZ-00000159,102,TOWNHOME,3156.0,2,RENTED,89-4836-749
U-5Y74XM4IQ6VP,CA-AZ-00000159,103,TOWNHOME,2284.0,3,OWNER_OCCUPIED,
U-32XJU7VFS3OB,CA-AZ-00000159,104,TOWNHOME,654.0,2,RENTED,65-6341-585
U-4YYMD5K0W9G8,CA-AZ-00000159,105,TOWNHOME,1670.0,2,OWNER_OCCUPIED,29-7318-438
U-YN0SJYN8ALMS,CA-AZ-00000159,106,TOWNHOME,2649.0,2,OWNER_OCCUPIED,66-8039-722
U-UOG0VV837AW7,CA-AZ-00000159,107,TOWNHOME,1083.0,2,OWNER_OCCUPIED,75-1303-225
U-I2BCDCCKDJXR,CA-AZ-00000159,108,TOWNHOME,2163.0,1,OWNER_OCCUPIED,67-5524-928
U-DLK0UMF7MY7B,CA-AZ-00000159,109,TOWNHOME,,2,OWNER_OCCUPIED,12-2689-255
U-GFXHYCJ3PG71,CA-AZ-00000159,110,TOWNHOME,,1,RENTED,10-6220-126
U-5VRCAM8MAVBI,CA-AZ-00000159,111,TOWNHOME,1604.0,1,VACANT,36-7879-813
U-KG2N9GZTNB4L,CA-AZ-00000159,112,TOWNHOME,2116.0,5,OWNER_OCCUPIED,47-5620-549
U-Q4KHQNNG1WH0,CA-AZ-00000159,113,TOWNHOME,1037.0,3,VACANT,13-6563-836
U-AHL256UFJUGL,CA-AZ-00000159,114,TOWNHOME,1101.0,2,OWNER_OCCUPIED,47-4961-705
U-VCWOR3VLLMZG,CA-AZ-00000159,115,TOWNHOME,2761.0,2,OWNER_OCCUPIED,
U-R12UK6MXNL46,CA-AZ-00000159,116,TOWNHOME,2194.0,3,RENTED,
U-GOUDDIXRQRKG,CA-AZ-00000159,117,TOWNHOME,1727.0,2,RENTED,55-8519-588
U-J4IZ8SO7SU0C,CA-AZ-00000159,118,TOWNHOME,,3,OWNER_OCCUPIED,79-4098-508
U-7VWB0ZOL6VMV,CA-FL-00000160,100,TOWNHOME,2521.0,3,OWNER_OCCUPIED,11-4616-818
U-533HDDG4ZYUC,CA-FL-00000160,101,TOWNHOME,2474.0,2,OWNER_OCCUPIED,81-2843-964
U-UXTQS3Q5MF5Z,CA-FL-00000160,102,SINGLE_FAMILY,1659.0,3,OWNER_OCCUPIED,58-2338-508
U-LN0IWOIE0VX7,CA-FL-00000160,103,SINGLE_FAMILY,2087.0,2,OWNER_OCCUPIED,81-5385-299
U-LNDAG2EMWEGU,CA-FL-00000160,104,TOWNHOME,1076.0,3,OWNER_OCCUPIED,63-7286-459
U-85BBA1805F08,CA-FL-00000160,105,TOWNHOME,879.0,4,OWNER_OCCUPIED,
U-VABJOOIIO6BQ,CA-FL-00000160,106,TOWNHOME,921.0,1,OWNER_OCCUPIED,92-5062-984
U-3FJW0B6I4PNX,CA-FL-00000160,107,TOWNHOME,3151.0,2,OWNER_OCCUPIED,63-7531-507
U-DJ70J4DFJV70,CA-FL-00000160,108,SINGLE_FAMILY,2284.0,2,OWNER_OCCUPIED,36-8421-843
U-QG5YLQ4LCV4M,CA-FL-00000160,109,TOWNHOME,2308.0,4,OWNER_OCCUPIED,14-4071-229
U-MOCU3TZH5GOH,CA-FL-00000160,110,TOWNHOME,2111.0,2,OWNER_OCCUPIED,21-4751-581
U-BK8QKZTE4U8C,CA-FL-00000160,111,TOWNHOME,907.0,3,OWNER_OCCUPIED,31-1181-480
U-QJX42MB3WIAW,CA-FL-00000160,112,TOWNHOME,2002.0,2,OWNER_OCCUPIED,58-9579-393
U-ARWCL0136LEO,CA-FL-00000160,113,SINGLE_FAMILY,816.0,2,OWNER_OCCUPIED,23-5689-754
U-50H08XA8F084,CA-FL-00000160,114,SINGLE_FAMILY,,3,OWNER_OCCUPIED,68-1466-107
U-5JXB43SM0T47,CA-FL-00000160,115,TOWNHOME,795.0,2,RENTED,65-7759-487
U-5U1LH6ZK8WJP,CA-FL-00000160,116,TOWNHOME,1072.0,4,RENTED,48-6172-694
U-BOA7SG0450PE,CA-FL-00000160,117,TOWNHOME,3029.0,3,RENTED,20-6008-260
U-6OTMFZIOC5L7,CA-FL-00000160,118,SINGLE_FAMILY,1213.0,3,OWNER_OCCUPIED,29-7309-451
U-W5CVRUBIPQBZ,CA-FL-00000160,119,SINGLE_FAMILY,,4,OWNER_OCCUPIED,67-9600-417
U-X11AOYXA3PRT,CA-FL-00000160,120,SINGLE_FAMILY,1355.0,2,OWNER_OCCUPIED,29-4118-770
U-X4VDU0O0CXFL,CA-FL-00000160,121,TOWNHOME,2367.0,3,OWNER_OCCUPIED,48-1912-846
U-FWLR6QYHIRP8,CA-FL-00000160,122,TOWNHOME,1641.0,3,RENTED,30-4709-639
U-G89W6MCLNZ8O,CA-FL-00000160,123,TOWNHOME,800.0,4,RENTED,47-4348-496
U-M0LQSREPY7QT,CA-FL-00000160,124,SINGLE_FAMILY,2955.0,3,OWNER_OCCUPIED,46-6247-442
U-HG5JYU0UC8G8,CA-FL-00000160,125,SINGLE_FAMILY,2155.0,4,OWNER_OCCUPIED,78-5297-546
U-7XPR357C03F8,CA-FL-00000160,126,SINGLE_FAMILY,1983.0,3,RENTED,17-9994-633
U-B52WP07VT8MU,CA-FL-00000160,127,SINGLE_FAMILY,3144.0,2,OWNER_OCCUPIED,62-2507-564
U-RUW3JDYBLWSZ,CA-FL-00000160,128,SINGLE_FAMILY,1539.0,2,OWNER_OCCUPIED,84-4259-275
U-51XSPAA1QY9T,CA-FL-00000160,129,TOWNHOME,1779.0,2,RENTED,18-1700-803
U-HRSMHSUBNRHI,CA-FL-00000160,130,TOWNHOME,1397.0,4,OWNER_OCCUPIED,75-1343-885
U-SPKJAMD7PGSR,CA-FL-00000160,131,SINGLE_FAMILY,3193.0,1,OWNER_OCCUPIED,48-1483-406
U-XZN0M18XBRIR,CA-FL-00000160,132,TOWNHOME,3118.0,3,RENTED,21-3706-178
U-AP0VQ9IP3DU2,CA-FL-00000160,133,SINGLE_FAMILY,1415.0,2,OWNER_OCCUPIED,76-7982-135
U-110LVJZKDKNK,CA-FL-00000160,134,SINGLE_FAMILY,1688.0,3,RENTED,28-1367-322
U-TT3F07AJ7BEW,CA-FL-00000160,135,SINGLE_FAMILY,2030.0,3,RENTED,78-2182-561
U-XCVMW9JAF92D,CA-FL-00000160,136,TOWNHOME,2973.0,2,OWNER_OCCUPIED,90-5985-957
U-RKK82K5UU0NZ,CA-FL-00000160,137,TOWNHOME,1165.0,3,OWNER_OCCUPIED,53-7986-475
U-QNOEPRWG5L23,CA-FL-00000160,138,TOWNHOME,2912.0,2,RENTED,30-8527-988
U-A1GDFG32SDPT,CA-FL-00000160,139,SINGLE_FAMILY,,4,OWNER_OCCUPIED,27-9478-637
U-XT34LDVX0AC7,CA-FL-00000160,140,TOWNHOME,1150.0,1,OWNER_OCCUPIED,24-4972-796
U-WS2U6HHGCRJP,CA-FL-00000160,141,TOWNHOME,2491.0,3,OWNER_OCCUPIED,13-8887-774
U-4XDOUOWTVOHL,CA-FL-00000160,142,SINGLE_FAMILY,,2,RENTED,42-7806-297
U-E8EFIO9SQJR9,CA-FL-00000160,143,SINGLE_FAMILY,839.0,3,OWNER_OCCUPIED,67-1160-817
U-TY0Z7ACL8DPE,CA-FL-00000160,144,SINGLE_FAMILY,3038.0,3,OWNER_OCCUPIED,75-3694-193
U-CK715I06FTSB,CA-FL-00000160,145,SINGLE_FAMILY,2183.0,2,OWNER_OCCUPIED,41-3437-528
U-M0TQAKZEO74I,CA-FL-00000160,146,SINGLE_FAMILY,2340.0,2,RENTED,65-4073-806
U-GWJSHKIALKNX,CA-FL-00000160,147,TOWNHOME,2490.0,3,OWNER_OCCUPIED,70-3438-469
U-LNKCVIQWV225,CA-FL-00000160,148,SINGLE_FAMILY,2707.0,3,RENTED,
U-05LOWZ4XODU3,CA-FL-00000160,149,TOWNHOME,1312.0,3,RENTED,93-1536-676
U-K2H61R1RRMDE,CA-FL-00000160,150,TOWNHOME,1860.0,4,VACANT,87-1402-956
U-4JZJ4KN2LWQV,CA-FL-00000160,151,TOWNHOME,2969.0,2,VACANT,72-6598-696
U-CVD6GXN9S3YY,CA-FL-00000160,152,TOWNHOME,2548.0,2,OWNER_OCCUPIED,22-9949-161
U-J0ADCHWXBVU9,CA-FL-00000160,153,TOWNHOME,2545.0,3,OWNER_OCCUPIED,10-2714-501
U-1FHHZYGJVBZW,CA-FL-00000160,154,SINGLE_FAMILY,684.0,3,RENTED,48-4061-198
U-8GQTIQVRX3S3,CA-FL-00000160,155,SINGLE_FAMILY,1601.0,2,RENTED,80-4460-439
U-YDYB9AKG9HVQ,CA-FL-00000160,156,SINGLE_FAMILY,1882.0,3,RENTED,43-7171-177
U-Y3Z0DAGEJILA,CA-FL-00000160,157,SINGLE_FAMILY,1468.0,2,RENTED,26-6852-464
U-E6ZPZP68370J,CA-FL-00000160,158,TOWNHOME,2406.0,3,OWNER_OCCUPIED,83-6464-873
U-6GQJWTAY9VKK,CA-FL-00000160,159,SINGLE_FAMILY,2197.0,3,OWNER_OCCUPIED,12-9441-390
U-H2C2UJHLJG9T,CA-GA-00000161,100,TOWNHOME,,5,OWNER_OCCUPIED,45-5644-384
U-4F51FNJ4TX3A,CA-GA-00000161,101,TOWNHOME,2954.0,2,RENTED,10-4656-242
U-2M26L9FG6KW2,CA-GA-00000161,102,TOWNHOME,2106.0,3,OWNER_OCCUPIED,46-6474-937
U-DAY0T3QGPFRR,CA-GA-00000161,103,TOWNHOME,2112.0,3,OWNER_OCCUPIED,66-7748-624
U-GFJRSJ892I96,CA-GA-00000161,104,TOWNHOME,2858.0,3,OWNER_OCCUPIED,23-4109-813
U-OKYIEE8ZF34M,CA-GA-00000161,105,SINGLE_FAMILY,2364.0,5,RENTED,13-6366-222
U-3KIQ6MWRHWMZ,CA-GA-00000161,106,SINGLE_FAMILY,1774.0,2,OWNER_OCCUPIED,95-1337-299
U-HI02AI1RJ7DU,CA-GA-00000161,107,TOWNHOME,,1,RENTED,
U-LD7L52EQUSTA,CA-GA-00000161,108,SINGLE_FAMILY,2073.0,3,OWNER_OCCUPIED,84-4781-874
U-ESXCY1L5IDCJ,CA-GA-00000161,109,SINGLE_FAMILY,2264.0,2,OWNER_OCCUPIED,
U-CEPIFGUOQG0S,CA-GA-00000161,110,SINGLE_FAMILY,1188.0,2,OWNER_OCCUPIED,28-8717-405
U-UGNDH4RY8NV0,CA-GA-00000161,111,SINGLE_FAMILY,1057.0,2,OWNER_OCCUPIED,72-9681-892
U-OS04J0TVWMIC,CA-GA-00000161,112,TOWNHOME,2908.0,3,VACANT,69-9531-998
U-YDN7MC3ODAVD,CA-GA-00000161,113,TOWNHOME,2021.0,2,OWNER_OCCUPIED,44-1280-468
U-LY3K3T9WAVGA,CA-GA-00000161,114,TOWNHOME,,2,VACANT,73-9739-350
U-6K2U4NJ200SX,CA-GA-00000161,115,SINGLE_FAMILY,1251.0,2,RENTED,91-6995-892
U-Z5TRQA60ZDWO,CA-GA-00000161,116,SINGLE_FAMILY,1905.0,2,OWNER_OCCUPIED,96-5355-950
U-BMY9DVEQF0QZ,CA-GA-00000161,117,SINGLE_FAMILY,696.0,1,OWNER_OCCUPIED,12-3865-545
U-UQWHXBFEP7G3,CA-GA-00000161,118,TOWNHOME,1710.0,1,OWNER_OCCUPIED,78-7643-677
U-YEY6F4K8BR00,CA-GA-00000161,119,TOWNHOME,3126.0,4,OWNER_OCCUPIED,79-6547-181
U-FYY7ZJGR9WS9,CA-GA-00000161,120,SINGLE_FAMILY,2805.0,3,OWNER_OCCUPIED,77-9725-629
U-FJPQP6I6SFU7,CA-GA-00000161,121,SINGLE_FAMILY,2734.0,2,RENTED,49-6589-495
U-OS3BORAUAUAG,CA-PA-00000162,3H,CONDO_UNIT,2951.0,2,RENTED,80-7468-354
U-EO5739TGBRO0,CA-PA-00000162,37B,CONDO_UNIT,1564.0,2,OWNER_OCCUPIED,36-1526-971
U-CCH5SIVVIFKM,CA-PA-00000162,3H,CONDO_UNIT,1944.0,4,OWNER_OCCUPIED,38-9103-152
U-3GQCAIB27E9F,CA-PA-00000162,38C,CONDO_UNIT,2487.0,2,RENTED,59-5109-189
U-PYI4F48ACHTV,CA-PA-00000162,3E,CONDO_UNIT,1928.0,2,OWNER_OCCUPIED,16-4506-286
U-WN3A15E5CGX4,CA-PA-00000162,36G,CONDO_UNIT,2886.0,1,OWNER_OCCUPIED,81-8673-903
U-RMJL125MFO66,CA-PA-00000162,24D,CONDO_UNIT,808.0,4,RENTED,39-4177-799
U-PDWTKSKNW782,CA-PA-00000162,1D,CONDO_UNIT,3024.0,1,RENTED,
U-5UOF57Q2N6H4,CA-PA-00000162,15C,CONDO_UNIT,1610.0,3,OWNER_OCCUPIED,81-7547-769
U-EXUZVETYTMJL,CA-PA-00000162,4C,CONDO_UNIT,953.0,2,RENTED,14-9965-152
U-ZXO2M319UHEK,CA-PA-00000162,15G,CONDO_UNIT,1232.0,3,OWNER_OCCUPIED,40-3957-548
U-1ZL3PUJP09U7,CA-PA-00000162,28D,CONDO_UNIT,2378.0,2,OWNER_OCCUPIED,43-6035-427
U-0UMQZLDD2H9A,CA-PA-00000162,2E,CONDO_UNIT,2931.0,2,OWNER_OCCUPIED,45-5929-421
U-6ALTZON6IR53,CA-PA-00000162,24C,CONDO_UNIT,1454.0,1,VACANT,11-7244-628
U-AP881369N0KU,CA-PA-00000162,22A,CONDO_UNIT,3165.0,4,RENTED,25-1471-191
U-OGH1FJFYI2PT,CA-PA-00000162,8F,CONDO_UNIT,1497.0,2,OWNER_OCCUPIED,21-6801-337
U-E5JUL60VNUI8,CA-PA-00000162,5E,CONDO_UNIT,1337.0,2,OWNER_OCCUPIED,12-9827-767
U-AT8X97Q5D7OA,CA-PA-00000162,20B,CONDO_UNIT,1312.0,3,OWNER_OCCUPIED,24-3647-146
U-C340DNOA9AGR,CA-PA-00000162,35F,CONDO_UNIT,962.0,1,OWNER_OCCUPIED,33-9869-525
U-44DFJPTS7ACG,CA-PA-00000162,9A,CONDO_UNIT,2231.0,3,OWNER_OCCUPIED,50-2449-697
U-GN1XROIJUML8,CA-PA-00000162,4E,CONDO_UNIT,2444.0,5,OWNER_OCCUPIED,73-5666-170
U-UO53VI9KCC6K,CA-PA-00000162,25F,CONDO_UNIT,,4,OWNER_OCCUPIED,76-7923-957
U-E7EI7OWKGT9X,CA-PA-00000162,28F,CONDO_UNIT,2097.0,3,VACANT,85-2144-684
U-A9VV31YM7HF1,CA-PA-00000162,40E,CONDO_UNIT,2074.0,3,OWNER_OCCUPIED,35-1139-380
U-BAX2QO3NQYO0,CA-PA-00000162,15G,CONDO_UNIT,915.0,2,OWNER_OCCUPIED,
U-N6VZTLWHIFBH,CA-PA-00000162,39G,CONDO_UNIT,1419.0,3,RENTED,75-1717-512
U-GM5I8WN51FLB,CA-PA-00000162,27G,CONDO_UNIT,3155.0,4,VACANT,28-9307-521
U-ZKVL8GRERSJN,CA-PA-00000162,5B,CONDO_UNIT,1800.0,1,RENTED,84-5257-782
U-XXVYGZA8IYL2,CA-PA-00000162,24A,CONDO_UNIT,1428.0,2,OWNER_OCCUPIED,88-8232-711
U-KOD60D6CEDR2,CA-PA-00000162,19C,CONDO_UNIT,2382.0,3,OWNER_OCCUPIED,52-6478-995
U-LZ1AXO56HA1X,CA-PA-00000162,36D,CONDO_UNIT,,2,RENTED,22-4060-898
U-WTC9RYCRYDKL,CA-PA-00000162,25F,CONDO_UNIT,2334.0,4,OWNER_OCCUPIED,38-4757-524
U-D9FVDEM0L935,CA-PA-00000162,6C,CONDO_UNIT,1466.0,4,OWNER_OCCUPIED,87-8194-685
U-3ZQU07ESFKOH,CA-PA-00000162,31H,CONDO_UNIT,1106.0,2,OWNER_OCCUPIED,64-7401-973
U-ZBLZD3W7A43U,CA-PA-00000162,1A,CONDO_UNIT,2662.0,2,OWNER_OCCUPIED,94-7478-858
U-X1IA7HLLU1FJ,CA-PA-00000162,18D,CONDO_UNIT,1762.0,5,RENTED,22-7240-284
U-A2IVF3UNTC2Z,CA-PA-00000162,27H,CONDO_UNIT,1809.0,3,OWNER_OCCUPIED,28-1266-578
U-W2YHR48TVYL1,CA-PA-00000162,19B,CONDO_UNIT,687.0,3,OWNER_OCCUPIED,81-8703-910
U-Z6MEPU0BUVRD,CA-PA-00000162,19F,CONDO_UNIT,1478.0,3,OWNER_OCCUPIED,32-1214-898
U-SM3NEEXSA06F,CA-PA-00000162,10G,CONDO_UNIT,1603.0,2,OWNER_OCCUPIED,49-3908-654
U-VG6338JTR7JI,CA-PA-00000162,34H,CONDO_UNIT,3082.0,4,OWNER_OCCUPIED,84-5549-617
U-WP69V27EFPM4,CA-PA-00000162,38B,CONDO_UNIT,2660.0,2,OWNER_OCCUPIED,43-4796-974
U-6ZIBGHS8QV0N,CA-PA-00000162,38H,CONDO_UNIT,2088.0,2,VACANT,24-1431-173
U-WLO7EIGUZHQ6,CA-PA-00000162,1E,CONDO_UNIT,3035.0,2,OWNER_OCCUPIED,28-6784-262
U-DQLYCVWCM8X6,CA-PA-00000162,38E,CONDO_UNIT,2673.0,5,OWNER_OCCUPIED,95-9189-203
U-H8PZER3MQQK4,CA-PA-00000162,11F,CONDO_UNIT,2395.0,3,OWNER_OCCUPIED,97-3655-627
U-PPALPVTFQMOC,CA-PA-00000162,23A,CONDO_UNIT,1313.0,1,OWNER_OCCUPIED,49-4274-558
U-DWFJ3F7FJ7VQ,CA-PA-00000162,21A,CONDO_UNIT,1714.0,3,RENTED,64-1254-978
U-6RG73R5W502W,CA-PA-00000162,26A,CONDO_UNIT,1235.0,2,OWNER_OCCUPIED,90-5965-621
U-3F45CQ1D6FIZ,CA-PA-00000162,3D,CONDO_UNIT,657.0,3,OWNER_OCCUPIED,34-6241-486
U-VTP97NRJMEHI,CA-PA-00000162,28F,CONDO_UNIT,1490.0,2,OWNER_OCCUPIED,56-6321-547
U-0K0NYJE3YIEA,CA-PA-00000162,1A,CONDO_UNIT,1625.0,1,OWNER_OCCUPIED,
U-O6GQ1RN103CV,CA-PA-00000162,19D,CONDO_UNIT,3114.0,3,RENTED,29-5629-886
U-UXAQL2S1QDW8,CA-PA-00000162,33E,CONDO_UNIT,2051.0,3,OWNER_OCCUPIED,14-2219-416
U-05FWIZHC1JJ5,CA-PA-00000162,16G,CONDO_UNIT,2622.0,5,OWNER_OCCUPIED,52-3381-652
U-TX5ODI18QPFL,CA-PA-00000162,34D,CONDO_UNIT,3127.0,2,OWNER_OCCUPIED,56-5997-112
U-O0VG16A6FLEX,CA-PA-00000162,23E,CONDO_UNIT,2327.0,2,OWNER_OCCUPIED,47-2680-786
U-3I25TLOBXYYK,CA-PA-00000162,32H,CONDO_UNIT,1579.0,3,RENTED,34-6546-602
U-V39PIG43YH0Y,CA-PA-00000162,40F,CONDO_UNIT,1726.0,4,OWNER_OCCUPIED,26-1812-997
U-LIKHL02YUGA1,CA-PA-00000162,2C,CONDO_UNIT,2928.0,4,OWNER_OCCUPIED,31-8566-159
U-ACNN2PK1LKK7,CA-FL-00000163,100,SINGLE_FAMILY,2374.0,2,OWNER_OCCUPIED,84-3653-655
U-AL4IC725H03D,CA-FL-00000163,101,TOWNHOME,1723.0,2,OWNER_OCCUPIED,30-2638-795
U-PY8JN2ECRXOW,CA-FL-00000163,102,SINGLE_FAMILY,2752.0,3,OWNER_OCCUPIED,62-7306-139
U-F33OC6WS4RQ4,CA-FL-00000163,103,TOWNHOME,2624.0,2,RENTED,29-6634-391
U-OIKA963IEZTW,CA-FL-00000163,104,SINGLE_FAMILY,,3,OWNER_OCCUPIED,17-4023-624
U-M1EKI0098TWR,CA-FL-00000163,105,SINGLE_FAMILY,2114.0,4,OWNER_OCCUPIED,66-9000-120
U-ID4DADVRVIKN,CA-FL-00000163,106,TOWNHOME,2634.0,3,RENTED,74-3462-643
U-K81IVZJXBMD4,CA-FL-00000163,107,SINGLE_FAMILY,3048.0,3,OWNER_OCCUPIED,60-3198-848
U-R1TV18SEEGU1,CA-FL-00000163,108,TOWNHOME,1511.0,4,OWNER_OCCUPIED,10-5612-463
U-SNMTBZMTKEAD,CA-FL-00000163,109,SINGLE_FAMILY,1291.0,2,RENTED,49-7388-929
U-YDD2QSO2YJ03,CA-FL-00000163,110,SINGLE_FAMILY,1958.0,3,OWNER_OCCUPIED,68-6644-560
U-P1YT7LSKP2F8,CA-FL-00000163,111,TOWNHOME,2651.0,3,RENTED,12-7216-321
U-24Q9KSOD7GSX,CA-FL-00000163,112,TOWNHOME,1902.0,2,OWNER_OCCUPIED,94-1511-868
U-ZGWJ47T28Q4F,CA-FL-00000163,113,SINGLE_FAMILY,2879.0,3,OWNER_OCCUPIED,80-2271-222
U-M6JN8F3487FD,CA-FL-00000163,114,TOWNHOME,921.0,2,RENTED,79-7532-669
U-FIIFFAJX39OW,CA-FL-00000163,115,TOWNHOME,1377.0,3,RENTED,23-6014-928
U-H761IIAGY967,CA-FL-00000163,116,TOWNHOME,2587.0,1,RENTED,41-3516-679
U-YJEZQD0XZQAW,CA-FL-00000163,117,TOWNHOME,869.0,3,OWNER_OCCUPIED,83-6015-717
U-YES1446TEC3F,CA-FL-00000163,118,SINGLE_FAMILY,2496.0,1,OWNER_OCCUPIED,88-6996-751
U-S9U0677KFZN1,CA-FL-00000163,119,SINGLE_FAMILY,1312.0,3,OWNER_OCCUPIED,
U-QT6WZPR4ZQBI,CA-FL-00000163,120,SINGLE_FAMILY,2400.0,3,OWNER_OCCUPIED,23-4874-411
U-A2SF3RUEIX6O,CA-FL-00000163,121,SINGLE_FAMILY,1594.0,1,VACANT,40-9438-787
U-H6GCS40R1S8D,CA-FL-00000163,122,SINGLE_FAMILY,1294.0,3,OWNER_OCCUPIED,56-2783-138
U-T55YOUZDD7AL,CA-FL-00000163,123,SINGLE_FAMILY,2301.0,2,OWNER_OCCUPIED,31-7265-488
U-M4ZX263LYAUU,CA-FL-00000163,124,TOWNHOME,2119.0,3,OWNER_OCCUPIED,87-8610-412
U-S7MQOPIF4QOM,CA-FL-00000163,125,TOWNHOME,1627.0,3,OWNER_OCCUPIED,44-5286-883
U-G52NB6KLXWGQ,CA-FL-00000163,126,TOWNHOME,3170.0,3,RENTED,80-3351-832
U-1KXML4M6YF06,CA-FL-00000163,127,TOWNHOME,2830.0,2,OWNER_OCCUPIED,20-5771-710
U-I2ZC6CQ4IOYD,CA-FL-00000163,128,TOWNHOME,1238.0,3,OWNER_OCCUPIED,19-6187-231
U-C9KXY4Z9CLEJ,CA-FL-00000163,129,TOWNHOME,2147.0,1,OWNER_OCCUPIED,
U-6VN3HZ8G116N,CA-FL-00000163,130,TOWNHOME,2276.0,2,RENTED,18-5351-627
U-12XU386KOQ8G,CA-FL-00000163,131,SINGLE_FAMILY,,2,OWNER_OCCUPIED,65-4264-689
U-3RUIS4DL1ZJ6,CA-FL-00000163,132,SINGLE_FAMILY,1138.0,3,OWNER_OCCUPIED,17-5447-686
U-ZHTUDA4WCPEW,CA-FL-00000163,133,SINGLE_FAMILY,2819.0,3,OWNER_OCCUPIED,32-1974-103
U-A7TPG460YLI3,CA-FL-00000163,134,SINGLE_FAMILY,1055.0,2,OWNER_OCCUPIED,45-9206-965
U-6IITK9WAIHE9,CA-FL-00000163,135,SINGLE_FAMILY,2811.0,3,OWNER_OCCUPIED,51-2417-667
U-DR363TX5VBZM,CA-FL-00000163,136,TOWNHOME,1975.0,2,RENTED,66-4455-231
U-3VP35VP9Y78Y,CA-FL-00000163,137,TOWNHOME,2566.0,2,OWNER_OCCUPIED,99-5677-918
U-XRS8GCOW9EO3,CA-FL-00000163,138,TOWNHOME,768.0,3,OWNER_OCCUPIED,42-4444-929
U-3QTIZFYEAISR,CA-FL-00000163,139,SINGLE_FAMILY,1152.0,3,OWNER_OCCUPIED,78-3787-988
U-8RI5X3JMDK6V,CA-FL-00000163,140,SINGLE_FAMILY,2409.0,2,VACANT,42-5117-655
U-3M5F971KQYND,CA-FL-00000163,141,TOWNHOME,1824.0,1,OWNER_OCCUPIED,10-6709-558
U-2MLWUWNEWQ43,CA-FL-00000163,142,TOWNHOME,2286.0,1,VACANT,39-7751-877
U-LEGI5MLWDHTF,CA-FL-00000163,143,SINGLE_FAMILY,2257.0,2,OWNER_OCCUPIED,52-9756-386
U-Y2ADCOIDQJQW,CA-FL-00000163,144,TOWNHOME,,2,OWNER_OCCUPIED,59-7548-630
U-OE6FF95QTUF6,CA-FL-00000163,145,TOWNHOME,1562.0,2,OWNER_OCCUPIED,25-9396-568
U-UHU4C4YCSYJO,CA-FL-00000163,146,SINGLE_FAMILY,1674.0,3,OWNER_OCCUPIED,99-7111-944
U-86YQ54WBT8CL,CA-FL-00000163,147,SINGLE_FAMILY,3116.0,2,OWNER_OCCUPIED,15-7997-754
U-PZMM2JCYUGWX,CA-FL-00000163,148,TOWNHOME,,3,RENTED,57-8477-990
U-AT5FK9DFLV8C,CA-FL-00000163,149,TOWNHOME,1502.0,1,RENTED,42-7384-108
U-OO4L974ZI27Y,CA-FL-00000163,150,SINGLE_FAMILY,,3,RENTED,32-8541-219
U-O9MRL3S0BHCU,CA-FL-00000163,151,TOWNHOME,1910.0,2,OWNER_OCCUPIED,41-9553-100
U-QOXLPDC2RB2I,CA-FL-00000163,152,SINGLE_FAMILY,2204.0,1,OWNER_OCCUPIED,22-9076-499
U-4SYBL88E6GLK,CA-FL-00000163,153,TOWNHOME,2259.0,3,OWNER_OCCUPIED,79-2501-520
U-UBM7I4RXLANK,CA-FL-00000163,154,TOWNHOME,1210.0,2,OWNER_OCCUPIED,51-5039-407
U-5SZJNKTP4KSJ,CA-FL-00000163,155,TOWNHOME,1188.0,1,OWNER_OCCUPIED,62-1660-937
U-723GAXFZ4ENY,CA-FL-00000163,156,TOWNHOME,2275.0,2,OWNER_OCCUPIED,28-1261-948
U-O98OFY1DP053,CA-FL-00000163,157,TOWNHOME,2352.0,3,OWNER_OCCUPIED,91-2123-362
U-INZ56BA46LY1,CA-FL-00000163,158,TOWNHOME,1365.0,3,OWNER_OCCUPIED,30-1143-272
U-16DIG2CH2FSS,CA-FL-00000163,159,TOWNHOME,702.0,2,OWNER_OCCUPIED,26-3606-254
U-5R0HT2R32NL2,CA-NV-00000164,100,TOWNHOME,,3,OWNER_OCCUPIED,57-7025-569
U-K3SYYH5AQ78S,CA-NV-00000164,101,SINGLE_FAMILY,976.0,3,OWNER_OCCUPIED,98-6438-541
U-UKV9CHSXKDOO,CA-NV-00000164,102,SINGLE_FAMILY,829.0,3,OWNER_OCCUPIED,11-5908-697
U-4EGNPC9VMJO9,CA-NV-00000164,103,SINGLE_FAMILY,,4,RENTED,64-6424-873
U-ZF085L8OZ434,CA-NV-00000164,104,TOWNHOME,2116.0,1,OWNER_OCCUPIED,36-1647-659
U-0YDO77ZD597W,CA-NV-00000164,105,SINGLE_FAMILY,1943.0,3,RENTED,39-8514-891
U-UFZXRFVDPTZR,CA-NV-00000164,106,TOWNHOME,2310.0,4,RENTED,38-3398-660
U-KFEZY5PCKACS,CA-NV-00000164,107,TOWNHOME,1465.0,3,RENTED,66-7463-592
U-ERA0RX47LSZT,CA-NV-00000164,108,SINGLE_FAMILY,1841.0,4,RENTED,32-8505-136
U-5YZ3P7JWMKHK,CA-NV-00000164,109,TOWNHOME,2120.0,2,VACANT,83-5118-298
U-TOO05TB1LJX3,CA-NV-00000164,110,SINGLE_FAMILY,1267.0,2,OWNER_OCCUPIED,78-4303-870
U-ZVQSOHLYBBSH,CA-NV-00000164,111,TOWNHOME,2006.0,2,RENTED,62-5289-832
U-Q58951UTF37I,CA-NV-00000164,112,TOWNHOME,,3,RENTED,29-6577-878
U-IUF2P6SOLOIT,CA-NV-00000164,113,TOWNHOME,,1,RENTED,97-2705-506
U-5UUMOVBHRGTL,CA-NV-00000164,114,TOWNHOME,2317.0,4,VACANT,79-9290-979
U-6KYYM5NXJ0T2,CA-NV-00000164,115,SINGLE_FAMILY,1633.0,2,RENTED,26-9443-592
U-3KJY0Y7ABLNL,CA-NV-00000164,116,SINGLE_FAMILY,2559.0,3,OWNER_OCCUPIED,83-8090-252
U-2HDFKPFC6669,CA-NV-00000164,117,TOWNHOME,2123.0,4,OWNER_OCCUPIED,54-4172-713
U-6ZSMWOPJHYPS,CA-NV-00000164,118,SINGLE_FAMILY,1339.0,3,OWNER_OCCUPIED,14-4865-432
U-5GLEQQO1VMLL,CA-NV-00000164,119,SINGLE_FAMILY,1516.0,4,OWNER_OCCUPIED,77-6594-211
U-Z7F1984SOXMF,CA-NV-00000164,120,SINGLE_FAMILY,1541.0,4,OWNER_OCCUPIED,45-8588-363
U-VCGG4NGZQGOM,CA-NV-00000164,121,SINGLE_FAMILY,,3,VACANT,30-9230-318
U-ZZTS0I5HHAE3,CA-NV-00000164,122,SINGLE_FAMILY,2001.0,3,RENTED,46-5078-595
U-IC761405RTKF,CA-NV-00000164,123,SINGLE_FAMILY,1162.0,2,OWNER_OCCUPIED,93-2810-724
U-QNT9W57KM3FD,CA-NV-00000164,124,SINGLE_FAMILY,2436.0,1,OWNER_OCCUPIED,27-5224-645
U-2PXL8J6WIOVH,CA-TX-00000165,100,TOWNHOME,729.0,3,OWNER_OCCUPIED,71-9620-272
U-PCEEDBIP8JP1,CA-TX-00000165,101,TOWNHOME,,3,OWNER_OCCUPIED,22-7828-426
U-A505X7A7RYZY,CA-TX-00000165,102,TOWNHOME,2738.0,2,OWNER_OCCUPIED,76-3771-149
U-AVSL4N1Y9S60,CA-TX-00000165,103,TOWNHOME,2036.0,2,RENTED,64-5868-681
U-EU7Y1WJZRIFG,CA-TX-00000165,104,TOWNHOME,2567.0,4,RENTED,53-5267-871
U-ZMVOI5PGFSD7,CA-TX-00000165,105,TOWNHOME,1219.0,3,OWNER_OCCUPIED,35-1067-717
U-JBPQNGQZWPRK,CA-TX-00000165,106,TOWNHOME,1971.0,1,VACANT,70-8097-880
U-N927PUU4NMFY,CA-TX-00000165,107,TOWNHOME,3148.0,3,RENTED,91-3053-234
U-CIDSF3Q1GN3X,CA-TX-00000165,108,TOWNHOME,1640.0,1,OWNER_OCCUPIED,65-4265-969
U-LQ837YP2079P,CA-TX-00000165,109,TOWNHOME,1726.0,3,RENTED,
U-Y8VM48SCAPGR,CA-TX-00000165,110,TOWNHOME,2437.0,5,OWNER_OCCUPIED,68-2516-178
U-KDXFJWODRTNB,CA-TX-00000165,111,TOWNHOME,2493.0,1,OWNER_OCCUPIED,59-3661-124
U-P4Y8O8DM8NRQ,CA-TX-00000165,112,TOWNHOME,1580.0,2,OWNER_OCCUPIED,18-5337-107
U-8QL1JU9JKMNP,CA-TX-00000165,113,TOWNHOME,1533.0,3,RENTED,47-6096-344
U-4EWK0SZMIT3C,CA-TX-00000165,114,TOWNHOME,2560.0,3,OWNER_OCCUPIED,52-7418-172
U-R9VWTYM6TCHU,CA-TX-00000165,115,TOWNHOME,2831.0,3,OWNER_OCCUPIED,87-1868-812
U-FSKJTH4MO60Q,CA-TX-00000165,116,TOWNHOME,1968.0,3,OWNER_OCCUPIED,83-8329-383
U-XQUGB5HJJG54,CA-TX-00000165,117,TOWNHOME,,2,OWNER_OCCUPIED,20-1431-169
U-3BVYP9SXPD4V,CA-TX-00000165,118,TOWNHOME,2306.0,2,RENTED,37-9604-473
U-GC6PGOAVI3AH,CA-TX-00000165,119,TOWNHOME,2051.0,3,RENTED,81-7103-285
U-ZJPFLET1PFX6,CA-TX-00000165,120,TOWNHOME,1830.0,3,OWNER_OCCUPIED,40-7122-727
U-HWSMHLDKBN68,CA-TX-00000165,121,TOWNHOME,1753.0,2,OWNER_OCCUPIED,35-3053-877
U-N7HLTPJ15ZP5,CA-TX-00000165,122,TOWNHOME,2678.0,3,OWNER_OCCUPIED,32-6333-941
U-BBCIXTL8QGAX,CA-TX-00000165,123,TOWNHOME,1489.0,3,OWNER_OCCUPIED,65-8190-861
U-QHHGKGENP1UX,CA-TX-00000165,124,TOWNHOME,3095.0,2,OWNER_OCCUPIED,53-4827-931
U-7LWBOBZW2GI3,CA-TX-00000165,125,TOWNHOME,2397.0,2,RENTED,12-2067-624
U-F7W39Y5P0FE3,CA-TX-00000165,126,TOWNHOME,868.0,2,RENTED,33-9627-423
U-U67J1JD6WZHL,CA-TX-00000165,127,TOWNHOME,2875.0,3,OWNER_OCCUPIED,39-9460-713
U-FZ2ZR9GHXZQU,CA-TX-00000165,128,TOWNHOME,2228.0,3,OWNER_OCCUPIED,32-2715-257
U-1EP39J98202R,CA-TX-00000165,129,TOWNHOME,1540.0,5,RENTED,21-8574-520
U-J2DBN5DQHJ9D,CA-TX-00000165,130,TOWNHOME,,2,RENTED,36-7362-568
U-MJVMDXO8TCZ9,CA-TX-00000165,131,TOWNHOME,2659.0,3,OWNER_OCCUPIED,53-3416-315
U-BUYE8QR746TC,CA-TX-00000165,132,TOWNHOME,2102.0,3,OWNER_OCCUPIED,11-1904-957
U-QKVNQQC67NQV,CA-TX-00000165,133,TOWNHOME,695.0,3,VACANT,34-9444-794
U-UGA7PGDQ29L9,CA-TX-00000165,134,TOWNHOME,1406.0,3,OWNER_OCCUPIED,59-8079-290
U-HALI7TI3C1R9,CA-TX-00000165,135,TOWNHOME,2000.0,2,OWNER_OCCUPIED,71-6937-648
U-A96NFIWH9SYX,CA-TX-00000165,136,TOWNHOME,726.0,2,OWNER_OCCUPIED,69-7986-837
U-JM0KSLNVKYT5,CA-TX-00000165,137,TOWNHOME,2960.0,3,OWNER_OCCUPIED,37-1013-602
U-M9LSNDAXXS7T,CA-TX-00000165,138,TOWNHOME,1371.0,5,OWNER_OCCUPIED,71-4282-288
U-MIJU05U133MA,CA-TX-00000165,139,TOWNHOME,1083.0,2,OWNER_OCCUPIED,
U-6DABYK6YHRTM,CA-TX-00000165,140,TOWNHOME,743.0,2,OWNER_OCCUPIED,50-9818-653
U-3DKJ5HIAV3LE,CA-TX-00000165,141,TOWNHOME,2698.0,2,OWNER_OCCUPIED,27-6629-829
U-QHNLT33ERNYQ,CA-TX-00000165,142,TOWNHOME,1824.0,5,RENTED,80-4463-428
U-EHAR3550X7TX,CA-TX-00000165,143,TOWNHOME,2987.0,2,OWNER_OCCUPIED,78-9750-451
U-YVPY8LQ58EDF,CA-TX-00000165,144,TOWNHOME,770.0,3,OWNER_OCCUPIED,77-5231-462
U-3HJDGWN6B46P,CA-TX-00000165,145,TOWNHOME,1146.0,2,OWNER_OCCUPIED,94-2507-937
U-1VK6J1U5VOCJ,CA-TX-00000165,146,TOWNHOME,770.0,1,RENTED,59-8578-329
U-6FZF4GCGG89X,CA-TX-00000165,147,TOWNHOME,1760.0,5,OWNER_OCCUPIED,93-5169-444
U-871YWNY7DD62,CA-TX-00000165,148,TOWNHOME,1096.0,5,RENTED,
U-SAV2XYRK0Z6Y,CA-TX-00000165,149,TOWNHOME,2821.0,4,OWNER_OCCUPIED,62-3863-859
U-E22DDZIYBHII,CA-TX-00000165,150,TOWNHOME,712.0,5,RENTED,35-3394-202
U-O87XIO4ZLGF6,CA-TX-00000165,151,TOWNHOME,2078.0,3,OWNER_OCCUPIED,41-8892-780
U-LMYYBX465R5Y,CA-TX-00000165,152,TOWNHOME,2567.0,2,OWNER_OCCUPIED,48-1304-241
U-WU19YJW59ZD8,CA-TX-00000165,153,TOWNHOME,1646.0,3,RENTED,22-1256-956
U-G3V67B4EK7AY,CA-TX-00000165,154,TOWNHOME,783.0,2,OWNER_OCCUPIED,84-3077-242
U-9X07AMT6UAN2,CA-TX-00000165,155,TOWNHOME,2690.0,2,OWNER_OCCUPIED,31-4362-299
U-LHIQFKN1YQ47,CA-TX-00000165,156,TOWNHOME,2375.0,2,OWNER_OCCUPIED,69-5380-521
U-GN4ZU0O3E12B,CA-TX-00000165,157,TOWNHOME,3025.0,3,OWNER_OCCUPIED,97-1018-351
U-KQIVCGUEGXXR,CA-TX-00000165,158,TOWNHOME,2314.0,2,RENTED,99-4636-117
U-CA955UVQ0EEY,CA-TX-00000165,159,TOWNHOME,2556.0,2,VACANT,68-3282-754
U-GFHISF7IHFPW,CA-CO-00000166,13H,CONDO_UNIT,1265.0,2,OWNER_OCCUPIED,60-2033-932
U-KGZF4BDZ7A87,CA-CO-00000166,6C,CONDO_UNIT,980.0,4,VACANT,57-8661-618
U-6KCT7A1Y430A,CA-CO-00000166,27G,CONDO_UNIT,2509.0,3,OWNER_OCCUPIED,55-3172-381
U-CN5F86NVSFT7,CA-CO-00000166,35C,CONDO_UNIT,841.0,2,RENTED,52-4436-793
U-RWV4PSH45S4H,CA-CO-00000166,24A,CONDO_UNIT,1946.0,3,VACANT,50-4858-944
U-2GC6ICJKTTDK,CA-CO-00000166,28D,CONDO_UNIT,1545.0,5,OWNER_OCCUPIED,13-3878-667
U-K8814PON1SSW,CA-CO-00000166,21E,CONDO_UNIT,,3,RENTED,81-4147-161
U-Z8O4DQ2ZZKGO,CA-CO-00000166,24D,CONDO_UNIT,947.0,2,RENTED,67-1193-636
U-AH1N6J6VCK43,CA-CO-00000166,14C,CONDO_UNIT,2355.0,2,OWNER_OCCUPIED,56-1640-677
U-MLXJD61STH69,CA-CO-00000166,4A,CONDO_UNIT,2234.0,2,OWNER_OCCUPIED,55-7571-546
U-9CSRC8Q51PZV,CA-CO-00000166,12F,CONDO_UNIT,1681.0,4,RENTED,17-3868-126
U-LHDVNC6KH4X9,CA-CO-00000166,5D,CONDO_UNIT,1402.0,4,OWNER_OCCUPIED,
U-VHZ8F5A854AA,CA-CO-00000166,35D,CONDO_UNIT,1822.0,2,OWNER_OCCUPIED,61-5640-170
U-FGCOE71IRKM6,CA-CO-00000166,16B,CONDO_UNIT,2818.0,2,OWNER_OCCUPIED,85-2142-392
U-JXOHNH6A144F,CA-CO-00000166,27C,CONDO_UNIT,2950.0,4,OWNER_OCCUPIED,26-2537-625
U-DGK2JU6NWE56,CA-CO-00000166,34E,CONDO_UNIT,1451.0,3,OWNER_OCCUPIED,63-3179-909
U-VXKNA2L82SU8,CA-CO-00000166,9C,CONDO_UNIT,1576.0,3,OWNER_OCCUPIED,68-9534-152
U-GB324UMJRT8O,CA-CO-00000166,35B,CONDO_UNIT,1097.0,4,OWNER_OCCUPIED,63-9486-745
U-3RHZK0QVR5CH,CA-CO-00000166,26H,CONDO_UNIT,2533.0,2,OWNER_OCCUPIED,28-6419-588
U-PB30S5H9JZC4,CA-CO-00000166,17E,CONDO_UNIT,2457.0,2,RENTED,85-8060-936
U-EKE0MC4DJKCP,CA-CO-00000166,6E,CONDO_UNIT,1835.0,1,OWNER_OCCUPIED,82-2293-181
U-QHADV2WVX48T,CA-CO-00000166,3B,CONDO_UNIT,2557.0,4,OWNER_OCCUPIED,26-8551-314
U-SI2M8Z6FGLZN,CA-CO-00000166,4G,CONDO_UNIT,2369.0,2,OWNER_OCCUPIED,53-4397-935
U-FZVGN2K6V01E,CA-CO-00000166,4F,CONDO_UNIT,3184.0,3,OWNER_OCCUPIED,77-4335-371
U-TKW7TJXFJB5O,CA-CO-00000166,38E,CONDO_UNIT,1975.0,2,OWNER_OCCUPIED,60-7313-101
U-USLC8YT1F3IX,CA-CO-00000166,24C,CONDO_UNIT,2851.0,2,OWNER_OCCUPIED,43-7463-664
U-0Q18OONCPMDG,CA-CO-00000166,21E,CONDO_UNIT,1048.0,3,OWNER_OCCUPIED,
U-W7GVCUXQONWE,CA-CO-00000166,10D,CONDO_UNIT,1500.0,2,OWNER_OCCUPIED,37-1579-212
U-ZDR2FJIN0ZVV,CA-CO-00000166,19A,CONDO_UNIT,911.0,3,RENTED,91-9217-814
U-P4AOFPLNC033,CA-CO-00000166,30E,CONDO_UNIT,856.0,2,OWNER_OCCUPIED,45-2319-282
U-TA6GSRAU2HKR,CA-CO-00000166,6E,CONDO_UNIT,1365.0,2,OWNER_OCCUPIED,68-6991-952
U-LJNRAMT1BM5B,CA-CO-00000166,8D,CONDO_UNIT,2114.0,3,RENTED,40-8717-892
U-N0E4B77L577M,CA-CO-00000166,3H,CONDO_UNIT,1119.0,1,OWNER_OCCUPIED,60-2147-902
U-UGG91DSF6D4S,CA-CO-00000166,5F,CONDO_UNIT,1383.0,1,RENTED,37-3751-653
U-S3J7SUJ6YS3S,CA-CO-00000166,9A,CONDO_UNIT,1692.0,3,OWNER_OCCUPIED,72-7776-455
U-GC3K2LD4P2G9,CA-CO-00000166,30B,CONDO_UNIT,2694.0,4,VACANT,83-2880-412
U-7M8DZIREMFTM,CA-CO-00000166,22E,CONDO_UNIT,2718.0,3,OWNER_OCCUPIED,96-7992-199
U-OP7SEMBQC29N,CA-CO-00000166,23E,CONDO_UNIT,2442.0,2,OWNER_OCCUPIED,57-5507-298
U-EWC56U9JC779,CA-CO-00000166,16G,CONDO_UNIT,2851.0,1,OWNER_OCCUPIED,27-7105-444
U-DQXWK5WVL1LC,CA-CO-00000166,35C,CONDO_UNIT,1369.0,3,OWNER_OCCUPIED,19-3143-559
U-8UGM5SKDIHL9,CA-CO-00000166,28E,CONDO_UNIT,2529.0,3,OWNER_OCCUPIED,44-5015-962
U-F1ZSGP07OJAW,CA-CO-00000166,17C,CONDO_UNIT,1281.0,3,OWNER_OCCUPIED,40-9226-164
U-R47AM8W86DTQ,CA-CO-00000166,22E,CONDO_UNIT,1207.0,3,OWNER_OCCUPIED,33-6534-860
U-NBFD5DX4EE5S,CA-CO-00000166,26A,CONDO_UNIT,2904.0,3,OWNER_OCCUPIED,47-8519-439
U-WKC1GGN7F243,CA-CO-00000166,28E,CONDO_UNIT,2513.0,1,OWNER_OCCUPIED,50-9952-607
U-CQ0ZVCTQTN2G,CA-CO-00000166,1F,CONDO_UNIT,990.0,2,OWNER_OCCUPIED,50-2995-299
U-CXFYFK6W27LD,CA-CO-00000166,24H,CONDO_UNIT,1757.0,3,OWNER_OCCUPIED,16-2122-934
U-ALRHGZ567XXO,CA-CO-00000166,12E,CONDO_UNIT,1219.0,1,OWNER_OCCUPIED,99-1848-699
U-9UQ6958D9K64,CA-CO-00000166,1G,CONDO_UNIT,1331.0,2,VACANT,95-6789-245
U-AAMD3BHMMWZ0,CA-CO-00000166,18F,CONDO_UNIT,,3,RENTED,70-4785-947
U-X5HVDI14ZU35,CA-CO-00000166,30A,CONDO_UNIT,2789.0,3,RENTED,38-3028-627
U-39PSCJ9UHZPF,CA-CO-00000166,10H,CONDO_UNIT,2789.0,2,OWNER_OCCUPIED,89-6704-537
U-PFJE5KCKAUUO,CA-CO-00000166,3C,CONDO_UNIT,910.0,3,OWNER_OCCUPIED,46-8070-448
U-8NI1VW6XXXRE,CA-CO-00000166,1E,CONDO_UNIT,2120.0,2,OWNER_OCCUPIED,37-8099-223
U-N8ZKUVGY6WIZ,CA-CO-00000166,15D,CONDO_UNIT,1979.0,3,OWNER_OCCUPIED,28-7006-997
U-9GH6R5BGUV6M,CA-CO-00000166,2G,CONDO_UNIT,1445.0,2,OWNER_OCCUPIED,79-9769-304
U-1VPRLR8JMC6U,CA-CO-00000166,19A,CONDO_UNIT,2985.0,3,VACANT,17-5256-943
U-VDS8A4INVVUB,CA-CO-00000166,15G,CONDO_UNIT,733.0,2,OWNER_OCCUPIED,47-7026-922
U-VVV0RS97DGOB,CA-CO-00000166,16C,CONDO_UNIT,1883.0,2,OWNER_OCCUPIED,91-3628-415
U-3USSAJ46FDQ5,CA-FL-00000167,40F,CONDO_UNIT,770.0,3,OWNER_OCCUPIED,84-7661-574
U-E8CD9PYD8Q3E,CA-FL-00000167,16E,CONDO_UNIT,1984.0,1,RENTED,49-6064-891
U-OXQ28XTUEUGA,CA-FL-00000167,27C,CONDO_UNIT,1147.0,2,OWNER_OCCUPIED,90-3136-412
U-DUD3YND7KZPR,CA-FL-00000167,7B,CONDO_UNIT,650.0,2,OWNER_OCCUPIED,94-3566-491
U-RAB128ZNS4QG,CA-FL-00000167,36D,CONDO_UNIT,1290.0,2,OWNER_OCCUPIED,15-7540-576
U-US9405Y8OSA4,CA-FL-00000167,2F,CONDO_UNIT,3073.0,4,OWNER_OCCUPIED,23-7944-564
U-N4I0YZ7YSHHK,CA-FL-00000167,26A,CONDO_UNIT,1935.0,2,RENTED,66-8860-677
U-TP8ADVYO348U,CA-FL-00000167,33D,CONDO_UNIT,,2,OWNER_OCCUPIED,65-7233-676
U-VGCIYRTSZR78,CA-FL-00000167,27A,CONDO_UNIT,1470.0,3,OWNER_OCCUPIED,23-2461-878
U-KVLUNPR85SEA,CA-FL-00000167,21A,CONDO_UNIT,1552.0,4,RENTED,86-8495-732
U-CKT6LUOQ1ALY,CA-FL-00000167,14F,CONDO_UNIT,1690.0,2,OWNER_OCCUPIED,37-7839-394
U-5X9LFZLT9HOA,CA-FL-00000167,32B,CONDO_UNIT,2536.0,4,OWNER_OCCUPIED,92-4355-787
U-5W75QFGS2UPI,CA-FL-00000167,39G,CONDO_UNIT,959.0,3,RENTED,50-1926-130
U-EKFYDE3JUIF5,CA-FL-00000167,20D,CONDO_UNIT,2919.0,2,OWNER_OCCUPIED,89-1251-313
U-B89LSFES9C5O,CA-FL-00000167,10D,CONDO_UNIT,1077.0,3,OWNER_OCCUPIED,39-1812-706
U-1W8U3T0MRC82,CA-FL-00000167,11D,CONDO_UNIT,2108.0,2,OWNER_OCCUPIED,56-7906-562
U-B8FUAVJAEYVJ,CA-FL-00000167,9E,CONDO_UNIT,1259.0,2,RENTED,88-6734-721
U-4S06DH4NCAN1,CA-FL-00000167,39G,CONDO_UNIT,2068.0,3,OWNER_OCCUPIED,58-1715-507
U-O1XONVQSVFOR,CA-FL-00000167,4F,CONDO_UNIT,2402.0,2,OWNER_OCCUPIED,38-7743-569
U-UUKPG1OX3CKI,CA-FL-00000167,26E,CONDO_UNIT,1834.0,3,VACANT,72-4037-248
U-UQJ4BQ2YL7FF,CA-FL-00000167,7B,CONDO_UNIT,1324.0,3,OWNER_OCCUPIED,85-1708-395
U-OHE8Y37HSW3P,CA-FL-00000167,9C,CONDO_UNIT,1293.0,2,OWNER_OCCUPIED,75-4654-974
U-VH71V529FDE7,CA-FL-00000167,36F,CONDO_UNIT,1745.0,3,RENTED,99-9476-684
U-4Z8AEV87U5GF,CA-FL-00000167,25G,CONDO_UNIT,1049.0,3,OWNER_OCCUPIED,49-3941-552
U-5O1YBTVH6ZWQ,CA-FL-00000167,10A,CONDO_UNIT,2628.0,3,RENTED,41-1937-442
U-AILWILNZG9BT,CA-FL-00000167,4F,CONDO_UNIT,2202.0,3,RENTED,34-3530-820
U-CZY5ISVUGNHT,CA-FL-00000167,38E,CONDO_UNIT,1849.0,5,OWNER_OCCUPIED,35-2809-376
U-HJJV5B80O2UI,CA-FL-00000167,19H,CONDO_UNIT,2331.0,4,OWNER_OCCUPIED,88-9783-270
U-U2DV6LXENLP3,CA-FL-00000167,18D,CONDO_UNIT,2030.0,3,OWNER_OCCUPIED,29-7088-845
U-AM6CC02SUGTC,CA-FL-00000167,6F,CONDO_UNIT,2419.0,4,OWNER_OCCUPIED,17-3286-944
U-L9154F3OIZEV,CA-FL-00000167,21D,CONDO_UNIT,2721.0,1,RENTED,31-1079-369
U-ISELN2TQKHV9,CA-FL-00000167,15H,CONDO_UNIT,2591.0,1,OWNER_OCCUPIED,84-5926-110
U-JNB41E6LEOB6,CA-FL-00000167,38G,CONDO_UNIT,3032.0,2,OWNER_OCCUPIED,20-5650-470
U-IFNZ3B2IDS3D,CA-FL-00000167,8A,CONDO_UNIT,2500.0,2,OWNER_OCCUPIED,74-5776-273
U-XCSQX8X0NZNJ,CA-FL-00000167,27H,CONDO_UNIT,792.0,3,VACANT,60-6137-755
U-SN55SAXF94XL,CA-FL-00000167,39G,CONDO_UNIT,2834.0,2,OWNER_OCCUPIED,
U-77NEI598DHTE,CA-FL-00000167,6D,CONDO_UNIT,810.0,3,OWNER_OCCUPIED,19-6661-126
U-BDM3SHVAOW3N,CA-FL-00000167,21A,CONDO_UNIT,2694.0,1,VACANT,60-6195-112
U-XDJGQDJKN073,CA-FL-00000167,23C,CONDO_UNIT,798.0,2,OWNER_OCCUPIED,33-1823-738
U-SW6F5QX6GXNI,CA-FL-00000167,26F,CONDO_UNIT,1747.0,1,RENTED,22-7598-885
U-5GTPY7KQVYNN,CA-FL-00000167,40A,CONDO_UNIT,2528.0,4,RENTED,81-4754-996
U-ZRI7JBCWWMM0,CA-FL-00000167,24D,CONDO_UNIT,1854.0,3,RENTED,32-4819-622
U-GFGVT11L1EGI,CA-FL-00000167,32H,CONDO_UNIT,2446.0,2,RENTED,19-4650-300
U-5K8GKTHB54LA,CA-FL-00000167,3A,CONDO_UNIT,2563.0,2,RENTED,18-7403-656
U-OQ5F43OTGTSF,CA-FL-00000167,18G,CONDO_UNIT,2271.0,2,OWNER_OCCUPIED,61-8935-520
U-C0WX4EIOT3NR,CA-FL-00000167,19E,CONDO_UNIT,2673.0,3,OWNER_OCCUPIED,55-9409-969
U-S9SIPGNN04Q6,CA-FL-00000167,28G,CONDO_UNIT,1262.0,3,RENTED,77-5571-689
U-8KKYRDNKRLCV,CA-FL-00000167,26A,CONDO_UNIT,994.0,3,OWNER_OCCUPIED,77-3063-140
U-2TI0SQ6549SN,CA-FL-00000167,18D,CONDO_UNIT,2375.0,1,OWNER_OCCUPIED,50-1168-893
U-XZUGFZMVI5CU,CA-FL-00000167,6G,CONDO_UNIT,,3,VACANT,54-2588-785
U-VUSSGYT1MUNA,CA-FL-00000167,24F,CONDO_UNIT,2917.0,2,OWNER_OCCUPIED,46-8438-611
U-ZZMTBYZ0ZOPO,CA-FL-00000167,24B,CONDO_UNIT,2406.0,3,OWNER_OCCUPIED,38-1354-476
U-8YCK6T1B7B1R,CA-FL-00000167,7B,CONDO_UNIT,1987.0,4,OWNER_OCCUPIED,52-5538-896
U-FNSFB4ODIZXL,CA-FL-00000167,21B,CONDO_UNIT,2111.0,2,OWNER_OCCUPIED,34-7235-724
U-G7H39K4J0IUV,CA-FL-00000167,17G,CONDO_UNIT,,2,RENTED,73-4609-861
U-PMCXONQVNA1B,CA-FL-00000167,23A,CONDO_UNIT,2098.0,3,OWNER_OCCUPIED,38-3852-105
U-AA5OY3KLFSEF,CA-FL-00000167,39C,CONDO_UNIT,2716.0,3,OWNER_OCCUPIED,67-9005-181
U-BFHVC014M7KD,CA-FL-00000167,18G,CONDO_UNIT,2773.0,2,OWNER_OCCUPIED,45-9039-151
U-T3V1766BBWDE,CA-FL-00000167,25E,CONDO_UNIT,982.0,1,OWNER_OCCUPIED,82-2010-746
U-VSIHBVR01T7B,CA-FL-00000167,31F,CONDO_UNIT,2533.0,3,RENTED,12-8387-507
U-OHVBFFM2CEZ9,CA-IL-00000168,100,TOWNHOME,921.0,2,RENTED,39-6432-352
U-G6MCP4Z3OAPB,CA-IL-00000168,101,TOWNHOME,2839.0,1,RENTED,64-2865-420
U-ZFDF8D0OBSGM,CA-IL-00000168,102,TOWNHOME,2490.0,3,RENTED,65-7984-679
U-EL3NU46RDJZP,CA-IL-00000168,103,SINGLE_FAMILY,2808.0,4,RENTED,52-9009-602
U-72SVF2Z90S17,CA-IL-00000168,104,SINGLE_FAMILY,3128.0,4,OWNER_OCCUPIED,78-4106-113
U-ES9DC1U142TW,CA-IL-00000168,105,TOWNHOME,1700.0,3,OWNER_OCCUPIED,63-1987-229
U-7PH0FWERBIGF,CA-IL-00000168,106,TOWNHOME,1226.0,3,RENTED,
U-J47TA3CSJH4V,CA-IL-00000168,107,TOWNHOME,2514.0,5,VACANT,36-4373-693
U-RE3DCUMS7NMJ,CA-IL-00000168,108,SINGLE_FAMILY,2854.0,2,OWNER_OCCUPIED,74-7878-974
U-9ILR6P3CF42L,CA-IL-00000168,109,TOWNHOME,1123.0,4,OWNER_OCCUPIED,36-6304-390
U-SYH71W8RUN7P,CA-IL-00000168,110,SINGLE_FAMILY,1395.0,5,OWNER_OCCUPIED,76-4767-753
U-F6KICSYMNT34,CA-IL-00000168,111,SINGLE_FAMILY,2114.0,3,RENTED,90-6901-950
U-5JJGXWVAA9HF,CA-IL-00000168,112,SINGLE_FAMILY,2892.0,4,OWNER_OCCUPIED,49-8029-296
U-PZXW66OR3BYX,CA-IL-00000168,113,SINGLE_FAMILY,1691.0,2,OWNER_OCCUPIED,43-9358-419
U-YIO613673ZUV,CA-IL-00000168,114,SINGLE_FAMILY,1898.0,4,RENTED,64-1766-197
U-ZPZMSCTDDT8I,CA-IL-00000168,115,TOWNHOME,1809.0,4,OWNER_OCCUPIED,45-9635-948
U-TC68YAARTC2W,CA-IL-00000168,116,TOWNHOME,1163.0,2,OWNER_OCCUPIED,71-4720-138
U-SB79K38SXHY5,CA-IL-00000168,117,TOWNHOME,986.0,3,OWNER_OCCUPIED,96-5976-719
U-IL9CV66E13DH,CA-IL-00000168,118,TOWNHOME,2036.0,1,RENTED,62-9973-135
U-YUVXMGE0K6QH,CA-IL-00000168,119,SINGLE_FAMILY,1765.0,2,OWNER_OCCUPIED,94-2723-346
U-7IJ2WJGSDU1T,CA-IL-00000168,120,SINGLE_FAMILY,1831.0,5,OWNER_OCCUPIED,39-9546-109
U-7O4J1FIJA1JY,CA-IL-00000168,121,SINGLE_FAMILY,2858.0,2,RENTED,35-5892-391
U-H6BGQIAT4P9Z,CA-IL-00000168,122,SINGLE_FAMILY,2782.0,3,OWNER_OCCUPIED,68-8529-414
U-KNCC1X0KIIAG,CA-IL-00000168,123,TOWNHOME,920.0,3,RENTED,82-5056-693
U-Z56APL6ATJZ2,CA-IL-00000168,124,SINGLE_FAMILY,958.0,2,OWNER_OCCUPIED,95-3795-668
U-PDV9R0Y7TTBN,CA-IL-00000168,125,SINGLE_FAMILY,2116.0,3,RENTED,95-7140-517
U-M153XKMYESTA,CA-IL-00000168,126,TOWNHOME,2092.0,3,OWNER_OCCUPIED,28-8598-375
U-B8I0X7PRIZST,CA-IL-00000168,127,TOWNHOME,1266.0,2,OWNER_OCCUPIED,20-3635-213
U-838PLUG7UTIR,CA-IL-00000168,128,SINGLE_FAMILY,3005.0,2,OWNER_OCCUPIED,96-8355-588
U-BNA0QUQKQJLY,CA-IL-00000168,129,SINGLE_FAMILY,821.0,4,RENTED,53-8682-195
U-0UILDEHA39E6,CA-IL-00000168,130,TOWNHOME,736.0,2,OWNER_OCCUPIED,11-1375-876
U-4PFX75AGU5RD,CA-IL-00000168,131,SINGLE_FAMILY,2696.0,1,OWNER_OCCUPIED,54-7455-595
U-ENFRON02GILA,CA-IL-00000168,132,TOWNHOME,,1,OWNER_OCCUPIED,20-8111-969
U-Z49N2V7XGV7O,CA-IL-00000168,133,TOWNHOME,2347.0,3,RENTED,73-3902-178
U-0937DEPV3WG7,CA-IL-00000168,134,SINGLE_FAMILY,,3,OWNER_OCCUPIED,23-3154-593
U-KV9WQZRZLRUR,CA-IL-00000168,135,TOWNHOME,1692.0,4,VACANT,24-2673-307
U-RWX4J2OBT9L5,CA-IL-00000168,136,TOWNHOME,1381.0,4,RENTED,61-5734-876
U-015OMNE5KX6W,CA-IL-00000168,137,TOWNHOME,893.0,4,OWNER_OCCUPIED,76-8367-723
U-QHAXOYZM6ES3,CA-IL-00000168,138,TOWNHOME,2636.0,4,OWNER_OCCUPIED,80-9386-152
U-58BG7H56M6EJ,CA-IL-00000168,139,SINGLE_FAMILY,,4,VACANT,90-2121-519
U-J3VV53R5M971,CA-IL-00000168,140,TOWNHOME,1222.0,2,OWNER_OCCUPIED,36-9537-611
U-F1342OV32MHH,CA-IL-00000168,141,TOWNHOME,1120.0,4,OWNER_OCCUPIED,23-8526-883
U-E1308FIH4ZH6,CA-IL-00000168,142,TOWNHOME,,3,OWNER_OCCUPIED,85-8218-108
U-YEJEEZB7JDR4,CA-IL-00000168,143,TOWNHOME,,4,RENTED,31-6799-245
U-53AK3ECXYIGO,CA-IL-00000168,144,TOWNHOME,2339.0,3,OWNER_OCCUPIED,54-7370-199
U-X0PTGLMY71I1,CA-IL-00000168,145,SINGLE_FAMILY,708.0,3,RENTED,33-7932-631
U-7LVSWMNRD70H,CA-IL-00000168,146,TOWNHOME,2496.0,2,RENTED,13-6001-997
U-7R9793F2IMPH,CA-IL-00000168,147,TOWNHOME,1257.0,1,RENTED,19-1021-378
U-KXOS74RRMYG2,CA-IL-00000168,148,SINGLE_FAMILY,1257.0,3,VACANT,57-6727-795
U-YZBNNYA09O6O,CA-IL-00000168,149,SINGLE_FAMILY,1952.0,3,RENTED,84-1622-813
U-HQ277J84ZVHT,CA-IL-00000168,150,SINGLE_FAMILY,2388.0,2,OWNER_OCCUPIED,90-3261-323
U-CVC86G7E2P3S,CA-IL-00000168,151,TOWNHOME,1771.0,3,RENTED,75-3542-469
U-J2URAW7IAA6Y,CA-IL-00000168,152,TOWNHOME,1334.0,3,RENTED,86-6926-230
U-4NRV6EMVKD6W,CA-IL-00000168,153,SINGLE_FAMILY,2764.0,2,OWNER_OCCUPIED,49-2277-128
U-W2J8I3GFARZB,CA-IL-00000168,154,SINGLE_FAMILY,1009.0,1,OWNER_OCCUPIED,17-4963-739
U-005PXXFGAAPX,CA-IL-00000168,155,TOWNHOME,2765.0,2,OWNER_OCCUPIED,12-6288-906
U-WEWMURHWZOGH,CA-IL-00000168,156,SINGLE_FAMILY,1330.0,3,OWNER_OCCUPIED,58-4412-646
U-G4EK7SBYM88Z,CA-IL-00000168,157,TOWNHOME,1834.0,4,OWNER_OCCUPIED,64-1643-431
U-UE6F2SRB64XV,CA-IL-00000168,158,SINGLE_FAMILY,1541.0,3,OWNER_OCCUPIED,72-6333-810
U-59BGYB4203MO,CA-IL-00000168,159,TOWNHOME,1747.0,2,OWNER_OCCUPIED,80-4857-481
U-2LTZBSXHVGOA,CA-MA-00000169,100,TOWNHOME,2982.0,3,RENTED,24-8113-921
U-KIKT83ZYY9I1,CA-MA-00000169,101,TOWNHOME,743.0,2,RENTED,21-2608-151
U-82C2ASVO7KE4,CA-MA-00000169,102,TOWNHOME,1132.0,2,RENTED,92-5740-758
U-KIL6GFZE0J29,CA-MA-00000169,103,TOWNHOME,2121.0,4,RENTED,13-9759-619
U-TY4V18Q8XFD3,CA-MA-00000169,104,SINGLE_FAMILY,698.0,4,OWNER_OCCUPIED,97-8947-508
U-FMBQ72LEA626,CA-MA-00000169,105,TOWNHOME,856.0,2,OWNER_OCCUPIED,99-5361-216
U-ORCON9Q34H8A,CA-MA-00000169,106,TOWNHOME,1629.0,2,RENTED,47-4854-785
U-DCTWITLNFGFP,CA-MA-00000169,107,SINGLE_FAMILY,2280.0,2,OWNER_OCCUPIED,40-5742-961
U-9C176F4JMSPG,CA-MA-00000169,108,SINGLE_FAMILY,2980.0,2,RENTED,28-6302-231
U-0FLIPTA1E1KN,CA-MA-00000169,109,TOWNHOME,1526.0,2,OWNER_OCCUPIED,24-6064-685
U-GCCTFW3KTFB0,CA-MA-00000169,110,SINGLE_FAMILY,2411.0,1,OWNER_OCCUPIED,43-9390-135
U-3FVU92W7AC9I,CA-MA-00000169,111,TOWNHOME,2666.0,4,OWNER_OCCUPIED,62-8924-595
U-F950TOUC2BEE,CA-MA-00000169,112,TOWNHOME,2390.0,4,RENTED,99-1151-870
U-SKRZPZHLYSTY,CA-MA-00000169,113,TOWNHOME,1358.0,3,OWNER_OCCUPIED,38-3583-293
U-VLZHO0414KAV,CA-MA-00000169,114,SINGLE_FAMILY,2644.0,2,OWNER_OCCUPIED,17-4054-967
U-NMGDKB2APPRU,CA-MA-00000169,115,TOWNHOME,2963.0,2,RENTED,65-2548-424
U-CGKLKJ6WGE98,CA-MA-00000169,116,SINGLE_FAMILY,1971.0,4,OWNER_OCCUPIED,44-5255-192
U-JUHHAGYFXJ9G,CA-MA-00000169,117,SINGLE_FAMILY,,4,OWNER_OCCUPIED,43-7886-506
U-ASAODOH1SJKB,CA-MA-00000169,118,SINGLE_FAMILY,2440.0,1,OWNER_OCCUPIED,
U-LQTAPRLDQ26C,CA-MA-00000169,119,TOWNHOME,2998.0,2,RENTED,57-1550-425
U-1FW96QWTUC5P,CA-MA-00000169,120,TOWNHOME,,4,OWNER_OCCUPIED,52-9464-227
U-FGIJM34WQTHA,CA-MA-00000169,121,SINGLE_FAMILY,2010.0,2,OWNER_OCCUPIED,86-3157-195
U-VLJ3XWXR12X8,CA-MA-00000169,122,TOWNHOME,966.0,4,RENTED,44-4190-104
U-U90FX86KGAE4,CA-MA-00000169,123,TOWNHOME,3092.0,3,OWNER_OCCUPIED,63-3377-943
U-51WJK1Z7NXL3,CA-MA-00000169,124,TOWNHOME,2097.0,3,OWNER_OCCUPIED,70-6094-924
U-IISPAS2FQ8XZ,CA-MA-00000169,125,SINGLE_FAMILY,1183.0,2,OWNER_OCCUPIED,80-6852-922
U-UPTYY6DQFP8F,CA-MA-00000169,126,TOWNHOME,2267.0,2,RENTED,
U-TESZGWLYQDDW,CA-MA-00000169,127,TOWNHOME,2673.0,3,OWNER_OCCUPIED,76-9175-451
U-0KVYXS3TLK5J,CA-MA-00000169,128,TOWNHOME,2967.0,3,OWNER_OCCUPIED,93-7394-311
U-PHHITE7S099Y,CA-MA-00000169,129,TOWNHOME,2820.0,2,OWNER_OCCUPIED,10-9776-548
U-R0Y1EKZAFKAE,CA-MA-00000169,130,TOWNHOME,1169.0,5,OWNER_OCCUPIED,90-5159-928
U-0LWF99ILXLV0,CA-MA-00000169,131,SINGLE_FAMILY,1069.0,1,RENTED,94-5433-230
U-Q1JNPNZB9YV2,CA-MA-00000169,132,TOWNHOME,1358.0,3,RENTED,10-1834-247
U-Y4UJUGRXP6N7,CA-MA-00000169,133,TOWNHOME,1344.0,2,OWNER_OCCUPIED,61-7438-908
U-2KZ630MPISX9,CA-MA-00000169,134,SINGLE_FAMILY,1587.0,2,OWNER_OCCUPIED,81-1297-295
U-68R2KAB4RT3K,CA-MA-00000169,135,TOWNHOME,2987.0,2,OWNER_OCCUPIED,24-1279-416
U-UWBNBB8WKIXC,CA-MA-00000169,136,TOWNHOME,3035.0,3,OWNER_OCCUPIED,98-5833-965
U-0HJJW79F3SPP,CA-AZ-00000170,100,SINGLE_FAMILY,2657.0,4,RENTED,99-3046-766
U-X4LGXLZZCKC3,CA-AZ-00000170,101,SINGLE_FAMILY,2866.0,2,RENTED,86-4939-506
U-YTNDXN2T2QA8,CA-AZ-00000170,102,SINGLE_FAMILY,1926.0,1,OWNER_OCCUPIED,11-2110-388
U-9K7CWZQC0IMV,CA-AZ-00000170,103,TOWNHOME,664.0,3,OWNER_OCCUPIED,80-7349-792
U-P0HG6SS1ZSTM,CA-AZ-00000170,104,SINGLE_FAMILY,2248.0,4,OWNER_OCCUPIED,44-4923-723
U-UTSF79I83HSB,CA-AZ-00000170,105,TOWNHOME,2159.0,2,VACANT,17-4847-590
U-UR87E8FTG1A4,CA-AZ-00000170,106,TOWNHOME,1767.0,2,RENTED,89-1728-310
U-KPF5IQ3C0NBH,CA-AZ-00000170,107,SINGLE_FAMILY,2537.0,3,RENTED,25-4074-337
U-KWNTWQBP1CQF,CA-AZ-00000170,108,TOWNHOME,709.0,3,OWNER_OCCUPIED,57-2034-818
U-1IIFQ0R047HG,CA-AZ-00000170,109,TOWNHOME,,3,OWNER_OCCUPIED,75-7072-391
U-GVAZ877VCA5W,CA-AZ-00000170,110,SINGLE_FAMILY,1753.0,3,OWNER_OCCUPIED,93-6623-539
U-4KF33XHS18EW,CA-AZ-00000170,111,SINGLE_FAMILY,2881.0,1,OWNER_OCCUPIED,86-8446-178
U-HS3LHNW9M4KT,CA-AZ-00000170,112,TOWNHOME,1404.0,4,OWNER_OCCUPIED,61-7987-520
U-5YUUMFPSYBNA,CA-AZ-00000170,113,SINGLE_FAMILY,2091.0,3,OWNER_OCCUPIED,68-2974-235
U-O2IY7KCCR30B,CA-AZ-00000170,114,SINGLE_FAMILY,3079.0,2,RENTED,70-6892-597
U-VJND98A1YWGD,CA-AZ-00000170,115,TOWNHOME,1190.0,3,RENTED,83-6970-285
U-OGSMJMU15OH1,CA-AZ-00000170,116,SINGLE_FAMILY,,2,OWNER_OCCUPIED,69-9203-471
U-7NJWO6DS3SHA,CA-AZ-00000170,117,SINGLE_FAMILY,3095.0,3,OWNER_OCCUPIED,59-8769-274
U-CFVXG5JRS71W,CA-AZ-00000170,118,SINGLE_FAMILY,1624.0,2,OWNER_OCCUPIED,22-2670-872
U-YJQHI2ZCE2QW,CA-AZ-00000170,119,TOWNHOME,3080.0,4,RENTED,16-4891-513
U-224HSX023FVF,CA-AZ-00000170,120,SINGLE_FAMILY,988.0,4,RENTED,80-1748-518
U-TE1QMHHOPYB5,CA-AZ-00000170,121,TOWNHOME,2856.0,3,OWNER_OCCUPIED,10-7175-902
U-6OV743OFRFO4,CA-AZ-00000170,122,TOWNHOME,754.0,2,OWNER_OCCUPIED,18-5427-946
U-VEFORG4AQS6Q,CA-AZ-00000170,123,TOWNHOME,2510.0,2,OWNER_OCCUPIED,23-4972-707
U-W3OD660U92QA,CA-AZ-00000170,124,SINGLE_FAMILY,1205.0,3,OWNER_OCCUPIED,41-1194-378
U-FCMCAZ1IXCRZ,CA-AZ-00000170,125,TOWNHOME,2045.0,2,OWNER_OCCUPIED,53-5810-605
U-BMS0SOGQ2PV7,CA-IL-00000171,100,SINGLE_FAMILY,920.0,5,OWNER_OCCUPIED,90-8016-333
U-GTA7FLX1L978,CA-IL-00000171,101,SINGLE_FAMILY,900.0,3,VACANT,73-4410-584
U-Q70I656NYA4S,CA-IL-00000171,102,SINGLE_FAMILY,2934.0,2,OWNER_OCCUPIED,30-5939-524
U-LT0GO9QZE0Y7,CA-IL-00000171,103,TOWNHOME,1909.0,3,OWNER_OCCUPIED,70-8735-903
U-5MMDOMWHINPV,CA-IL-00000171,104,TOWNHOME,3159.0,2,OWNER_OCCUPIED,31-6850-847
U-T7AC2IDC047X,CA-IL-00000171,105,TOWNHOME,2225.0,2,OWNER_OCCUPIED,16-2995-606
U-QSCG3EP6CTG7,CA-IL-00000171,106,TOWNHOME,2414.0,2,OWNER_OCCUPIED,79-6429-695
U-7TAUZ3L5OJ6E,CA-IL-00000171,107,SINGLE_FAMILY,2224.0,2,OWNER_OCCUPIED,54-5147-765
U-3XVQIDZOBK0Z,CA-IL-00000171,108,TOWNHOME,1244.0,2,OWNER_OCCUPIED,87-1091-632
U-QE77MJ2LBMXT,CA-IL-00000171,109,TOWNHOME,3132.0,2,OWNER_OCCUPIED,42-6600-114
U-6XMYGBGRTUD5,CA-IL-00000171,110,TOWNHOME,,1,RENTED,82-7788-899
U-2BS4ILRZCUGK,CA-IL-00000171,111,SINGLE_FAMILY,1674.0,2,OWNER_OCCUPIED,87-6106-706
U-B2T1BTCVFB02,CA-IL-00000171,112,TOWNHOME,2308.0,3,OWNER_OCCUPIED,90-7619-254
U-6E8FPDLF5H41,CA-IL-00000171,113,SINGLE_FAMILY,2460.0,2,OWNER_OCCUPIED,24-4023-129
U-0XX0KBRLUYZK,CA-IL-00000171,114,TOWNHOME,686.0,2,OWNER_OCCUPIED,76-7835-872
U-1EG0T2WIRM8I,CA-IL-00000171,115,SINGLE_FAMILY,2269.0,1,VACANT,60-6067-283
U-GS2M8A166ONX,CA-IL-00000171,116,SINGLE_FAMILY,2821.0,3,OWNER_OCCUPIED,14-3141-676
U-EK80JEZ7AG54,CA-IL-00000171,117,SINGLE_FAMILY,862.0,4,OWNER_OCCUPIED,65-3033-981
U-4VWORERS3D28,CA-IL-00000171,118,SINGLE_FAMILY,801.0,3,OWNER_OCCUPIED,44-3823-740
U-J254I98XHDY2,CA-IL-00000171,119,TOWNHOME,865.0,1,OWNER_OCCUPIED,36-6683-120
U-UP6MCG7TWHOI,CA-IL-00000171,120,SINGLE_FAMILY,2760.0,3,RENTED,82-7255-878
U-MUBBG15X9AVE,CA-IL-00000171,121,TOWNHOME,2748.0,3,RENTED,
U-FWR0LEY418DG,CA-IL-00000171,122,SINGLE_FAMILY,1968.0,4,OWNER_OCCUPIED,47-5403-149
U-P9LSSETZAL8G,CA-MA-00000172,100,TOWNHOME,2045.0,3,OWNER_OCCUPIED,42-7464-115
U-GAH68QS3QR1D,CA-MA-00000172,101,TOWNHOME,1590.0,2,OWNER_OCCUPIED,98-5311-215
U-Q1OZEYLY6593,CA-MA-00000172,102,TOWNHOME,2649.0,2,RENTED,73-8709-167
U-L6CRGDQAP7VV,CA-MA-00000172,103,TOWNHOME,1142.0,4,OWNER_OCCUPIED,98-9781-941
U-Y94Q4E2OPANZ,CA-MA-00000172,104,TOWNHOME,1713.0,2,OWNER_OCCUPIED,73-2340-692
U-BCXFVL4XT50H,CA-MA-00000172,105,TOWNHOME,,2,OWNER_OCCUPIED,12-7499-759
U-O8LOR8W9Q9N8,CA-MA-00000172,106,TOWNHOME,889.0,5,OWNER_OCCUPIED,59-3192-407
U-3P14PRJZ466E,CA-MA-00000172,107,TOWNHOME,1539.0,4,OWNER_OCCUPIED,53-4225-382
U-MZ8GB69ZR42F,CA-MA-00000172,108,TOWNHOME,,2,OWNER_OCCUPIED,48-1353-805
U-N1MFB7U0PCF1,CA-MA-00000172,109,TOWNHOME,1017.0,3,OWNER_OCCUPIED,48-9746-809
U-55OZMCL2L0GD,CA-MA-00000172,110,TOWNHOME,,1,RENTED,66-5533-335
U-KE4XIW3AW0WD,CA-MA-00000172,111,TOWNHOME,2608.0,2,RENTED,45-4174-195
U-IGWFS5R8LXX2,CA-MA-00000172,112,TOWNHOME,,2,OWNER_OCCUPIED,36-4240-556
U-L32XRLQICT30,CA-MA-00000172,113,TOWNHOME,1577.0,2,OWNER_OCCUPIED,23-7777-706
U-NS9E58TKJWQN,CA-MA-00000172,114,TOWNHOME,1064.0,2,RENTED,
U-VHG55OZDR7H0,CA-MA-00000172,115,TOWNHOME,1033.0,1,RENTED,74-3553-559
U-CHN1UMCWUFC4,CA-MA-00000172,116,TOWNHOME,2641.0,3,OWNER_OCCUPIED,61-5920-693
U-NYVPX3ICBWAE,CA-MA-00000172,117,TOWNHOME,1655.0,2,OWNER_OCCUPIED,13-2676-598
U-OY92VIGCN0JB,CA-MA-00000172,118,TOWNHOME,1046.0,4,OWNER_OCCUPIED,67-2638-897
U-NZGA3Q9CGAWS,CA-MA-00000172,119,TOWNHOME,2665.0,2,RENTED,99-4880-626
U-PK9WAX23C374,CA-MA-00000172,120,TOWNHOME,1911.0,2,RENTED,92-7856-808
U-V4QSNS3L57PL,CA-MA-00000172,121,TOWNHOME,2939.0,3,VACANT,81-6334-688
U-XZN1GTZAZBXP,CA-MA-00000172,122,TOWNHOME,2963.0,4,OWNER_OCCUPIED,97-7352-450
U-1S0GU54SDD6A,CA-MA-00000172,123,TOWNHOME,1570.0,2,OWNER_OCCUPIED,67-8674-977
U-R0IX5VCE97E8,CA-MA-00000172,124,TOWNHOME,2025.0,3,RENTED,
U-Y6KMSG8C8O5L,CA-PA-00000173,100,TOWNHOME,3118.0,1,RENTED,29-9232-870
U-QXEUM6RJF38U,CA-PA-00000173,101,TOWNHOME,,3,OWNER_OCCUPIED,74-6240-607
U-YIBUM7WY1UFP,CA-PA-00000173,102,TOWNHOME,1290.0,2,OWNER_OCCUPIED,63-7878-506
U-RCM5B65VHZQW,CA-PA-00000173,103,TOWNHOME,738.0,1,RENTED,88-9286-504
U-4ZZBQ1BNQG34,CA-PA-00000173,104,TOWNHOME,1206.0,4,OWNER_OCCUPIED,89-2589-614
U-88EF4E0UPDNC,CA-PA-00000173,105,TOWNHOME,1249.0,3,OWNER_OCCUPIED,50-8545-789
U-3EKNTKMMA7QE,CA-PA-00000173,106,TOWNHOME,1724.0,3,RENTED,57-1903-298
U-MG6MVEUIXSV2,CA-PA-00000173,107,TOWNHOME,2959.0,3,OWNER_OCCUPIED,69-5227-736
U-N8PVTZ17BSV1,CA-PA-00000173,108,TOWNHOME,1747.0,3,OWNER_OCCUPIED,39-9318-343
U-0RNOAAYXMRJQ,CA-PA-00000173,109,TOWNHOME,2437.0,3,OWNER_OCCUPIED,51-5300-459
U-7SSNFMRBMC4D,CA-PA-00000173,110,TOWNHOME,1736.0,2,OWNER_OCCUPIED,37-8288-323
U-7J9D5O2G2N0X,CA-PA-00000173,111,SINGLE_FAMILY,1075.0,3,OWNER_OCCUPIED,19-2930-618
U-CVNUAV6U1N6Y,CA-PA-00000173,112,TOWNHOME,1405.0,3,OWNER_OCCUPIED,10-2117-529
U-OM16OT0FZZHX,CA-PA-00000173,113,TOWNHOME,1876.0,2,OWNER_OCCUPIED,56-5594-672
U-Q00CN9YZ6KI1,CA-PA-00000173,114,TOWNHOME,1670.0,3,OWNER_OCCUPIED,23-1094-257
U-GVHM2AUZIPGY,CA-PA-00000173,115,TOWNHOME,1615.0,3,OWNER_OCCUPIED,25-9210-358
U-U69T3AT8GCXF,CA-PA-00000173,116,SINGLE_FAMILY,1593.0,4,OWNER_OCCUPIED,79-2447-977
U-DO278QX72TKM,CA-PA-00000173,117,TOWNHOME,2860.0,3,OWNER_OCCUPIED,34-1110-656
U-21GQUYXN38FO,CA-PA-00000173,118,TOWNHOME,1003.0,3,OWNER_OCCUPIED,23-3902-524
U-50MMPS03BD9P,CA-PA-00000173,119,TOWNHOME,2827.0,1,OWNER_OCCUPIED,31-8305-422
U-ZFYBIEVZEX99,CA-PA-00000173,120,TOWNHOME,3097.0,3,OWNER_OCCUPIED,
U-XLBLPQKVB3UF,CA-PA-00000173,121,SINGLE_FAMILY,,2,OWNER_OCCUPIED,52-9145-764
U-KG0MJAIQ5STS,CA-PA-00000173,122,TOWNHOME,1896.0,3,VACANT,44-4008-203
U-BUFTTDQM4O30,CA-PA-00000173,123,SINGLE_FAMILY,652.0,2,OWNER_OCCUPIED,82-4859-876
U-1L33Q1JH9OFF,CA-PA-00000173,124,SINGLE_FAMILY,3106.0,3,RENTED,59-4920-908
U-FTA08CHWCNC1,CA-PA-00000173,125,SINGLE_FAMILY,1709.0,3,OWNER_OCCUPIED,18-2981-425
U-CYDO9MJJQRT3,CA-PA-00000173,126,TOWNHOME,1300.0,2,OWNER_OCCUPIED,36-8834-370
U-T3U443142QNN,CA-PA-00000173,127,SINGLE_FAMILY,1859.0,3,OWNER_OCCUPIED,33-2740-356
U-BGKBZ1OBQLEV,CA-PA-00000173,128,SINGLE_FAMILY,1176.0,2,RENTED,25-5204-180
U-MOI5D1T8XDEP,CA-PA-00000173,129,TOWNHOME,1419.0,2,OWNER_OCCUPIED,48-1701-731
U-FAYLD0I1184B,CA-PA-00000173,130,TOWNHOME,1886.0,3,RENTED,75-4245-398
U-NDXMKEPDWKOF,CA-PA-00000173,131,SINGLE_FAMILY,871.0,5,RENTED,11-2174-233
U-JP0HP9ICASWU,CA-PA-00000173,132,SINGLE_FAMILY,2138.0,3,OWNER_OCCUPIED,70-9912-465
U-G6I1AQXTK2KY,CA-PA-00000173,133,TOWNHOME,3111.0,1,RENTED,
U-MFBU8PYXD6VL,CA-PA-00000173,134,TOWNHOME,3038.0,3,RENTED,77-3216-499
U-MH4QI9P051M6,CA-PA-00000173,135,TOWNHOME,2158.0,3,OWNER_OCCUPIED,77-6228-694
U-R40NPSMHV5JV,CA-PA-00000173,136,SINGLE_FAMILY,2542.0,3,OWNER_OCCUPIED,78-3737-670
U-GDNY99XST9U7,CA-PA-00000173,137,SINGLE_FAMILY,2994.0,3,RENTED,69-7041-861
U-51B2NP04BVSM,CA-PA-00000173,138,SINGLE_FAMILY,834.0,3,OWNER_OCCUPIED,64-3248-401
U-X9XDVPETFMV7,CA-PA-00000173,139,TOWNHOME,1442.0,2,RENTED,11-4683-589
U-J840LC6P4TX1,CA-PA-00000173,140,SINGLE_FAMILY,1201.0,4,RENTED,48-9595-913
U-PZK4JC4W3MA6,CA-PA-00000173,141,TOWNHOME,2080.0,2,OWNER_OCCUPIED,45-6928-472
U-LR2R97KLX09F,CA-TX-00000174,100,SINGLE_FAMILY,1142.0,1,RENTED,79-9016-574
U-V3H0V4DWVHNZ,CA-TX-00000174,101,TOWNHOME,1401.0,3,OWNER_OCCUPIED,
U-IG31YLJ6O5IC,CA-TX-00000174,102,TOWNHOME,775.0,4,VACANT,31-3553-551
U-ZTIN8H56T5N3,CA-TX-00000174,103,SINGLE_FAMILY,1560.0,2,OWNER_OCCUPIED,15-2888-689
U-6BB3869TBAZM,CA-TX-00000174,104,TOWNHOME,3098.0,4,OWNER_OCCUPIED,47-4455-585
U-KZQIG1W4Z0DE,CA-TX-00000174,105,SINGLE_FAMILY,956.0,5,OWNER_OCCUPIED,67-8553-777
U-QHKM0KJ5GIQU,CA-TX-00000174,106,SINGLE_FAMILY,898.0,4,RENTED,80-2166-388
U-VDS7F0HF52CS,CA-TX-00000174,107,TOWNHOME,2543.0,3,OWNER_OCCUPIED,61-4493-465
U-JC375MM0C2P3,CA-TX-00000174,108,SINGLE_FAMILY,,4,OWNER_OCCUPIED,13-8763-679
U-R23RAI3GOPVA,CA-TX-00000174,109,SINGLE_FAMILY,,3,OWNER_OCCUPIED,26-8292-146
U-I2WP88TNGV4U,CA-TX-00000174,110,SINGLE_FAMILY,1259.0,2,OWNER_OCCUPIED,77-9000-996
U-X6D9I3OK26VM,CA-TX-00000174,111,TOWNHOME,2701.0,2,OWNER_OCCUPIED,95-2870-767
U-HEB3B3ZYA8O2,CA-TX-00000174,112,TOWNHOME,737.0,5,RENTED,57-4206-849
U-HZMXIXYQA6ET,CA-TX-00000174,113,SINGLE_FAMILY,1245.0,1,RENTED,86-4910-565
U-VDK3BZ5MU2AH,CA-TX-00000174,114,SINGLE_FAMILY,1435.0,5,OWNER_OCCUPIED,70-7700-857
U-006IWP0EO1EQ,CA-TX-00000174,115,SINGLE_FAMILY,2586.0,3,OWNER_OCCUPIED,68-1443-482
U-JEZH3IM7XSXI,CA-TX-00000174,116,TOWNHOME,1794.0,2,OWNER_OCCUPIED,90-9113-737
U-SV35ALR3FVTZ,CA-TX-00000174,117,TOWNHOME,1436.0,4,RENTED,41-5982-365
U-21XWKN2SH022,CA-TX-00000174,118,SINGLE_FAMILY,3191.0,1,OWNER_OCCUPIED,66-3755-284
U-SIJ8L3AGDW94,CA-TX-00000174,119,SINGLE_FAMILY,2185.0,2,OWNER_OCCUPIED,55-7296-683
U-WL2FA4P3IWX7,CA-TX-00000174,120,SINGLE_FAMILY,3122.0,3,OWNER_OCCUPIED,30-7769-244
U-SE0UDJY9NSHF,CA-TX-00000174,121,SINGLE_FAMILY,2561.0,3,RENTED,73-4203-395
U-18L02TYY5DQ9,CA-TX-00000174,122,TOWNHOME,1455.0,2,RENTED,23-7054-820
U-6ORKFT68GX4R,CA-TX-00000174,123,TOWNHOME,989.0,1,RENTED,35-2434-149
U-JAKILIVJ9XDH,CA-TX-00000174,124,TOWNHOME,2625.0,2,OWNER_OCCUPIED,98-3441-822
U-JULW7LPEWECE,CA-TX-00000174,125,SINGLE_FAMILY,1277.0,3,RENTED,31-2655-252
U-K8GMG6CMNBVW,CA-TX-00000174,126,TOWNHOME,3039.0,5,OWNER_OCCUPIED,58-8362-528
U-WJUBOM38P943,CA-TX-00000174,127,SINGLE_FAMILY,2159.0,5,OWNER_OCCUPIED,12-1705-142
U-5O1DLUMYF8K2,CA-TX-00000174,128,SINGLE_FAMILY,1637.0,2,OWNER_OCCUPIED,37-8736-189
U-BLZHJ55P0CVV,CA-TX-00000174,129,SINGLE_FAMILY,1696.0,1,OWNER_OCCUPIED,38-2298-550
U-FA3N6JPGFFYX,CA-TX-00000174,130,SINGLE_FAMILY,1049.0,3,OWNER_OCCUPIED,
U-I862GL7Y1RIU,CA-TX-00000174,131,TOWNHOME,1556.0,2,VACANT,91-7148-439
U-YJS86RG6NQND,CA-TX-00000174,132,TOWNHOME,2448.0,2,VACANT,18-6477-396
U-N66PUEZ8VZS0,CA-TX-00000174,133,TOWNHOME,1949.0,1,OWNER_OCCUPIED,82-3658-355
U-HGD6JDQ7799Q,CA-TX-00000174,134,SINGLE_FAMILY,1216.0,3,OWNER_OCCUPIED,
U-FPQE01S8RGLZ,CA-TX-00000174,135,TOWNHOME,2449.0,3,OWNER_OCCUPIED,28-1049-345
U-ZN921L6A07JT,CA-TX-00000174,136,SINGLE_FAMILY,1359.0,3,RENTED,72-9069-611
U-ZL2OSV8BJIQP,CA-TX-00000174,137,SINGLE_FAMILY,1188.0,3,OWNER_OCCUPIED,92-8974-340
U-FVJIS1SN7FBM,CA-TX-00000174,138,TOWNHOME,1204.0,2,OWNER_OCCUPIED,79-6366-226
U-FB1A1IG25IQL,CA-TX-00000174,139,SINGLE_FAMILY,2788.0,5,OWNER_OCCUPIED,43-9272-824
U-NRZSSJ6TXQMI,CA-TX-00000174,140,TOWNHOME,,4,OWNER_OCCUPIED,19-2741-508
U-B10P0K1AWH96,CA-TX-00000174,141,SINGLE_FAMILY,1784.0,3,OWNER_OCCUPIED,67-2282-321
U-KIC424X6R9ST,CA-TX-00000174,142,TOWNHOME,2595.0,2,OWNER_OCCUPIED,40-9220-185
U-BKNU3JRNLU48,CA-TX-00000174,143,TOWNHOME,2087.0,2,OWNER_OCCUPIED,17-5015-367
U-JMI7QS186LWN,CA-TX-00000174,144,TOWNHOME,2138.0,3,OWNER_OCCUPIED,18-3728-976
U-52W9IOFATXFR,CA-TX-00000174,145,SINGLE_FAMILY,,2,RENTED,64-1369-419
U-4ZGLGREE8G7S,CA-TX-00000174,146,SINGLE_FAMILY,2984.0,5,OWNER_OCCUPIED,73-5887-394
U-02OWZ38USIMU,CA-TX-00000174,147,TOWNHOME,2959.0,3,RENTED,55-2357-786
U-XXISDNQPPL27,CA-TX-00000174,148,SINGLE_FAMILY,744.0,3,VACANT,14-5611-418
U-CKARX3DA1LM0,CA-TX-00000174,149,SINGLE_FAMILY,1733.0,3,OWNER_OCCUPIED,98-5678-321
U-6JU3V6RJ2TUA,CA-TX-00000174,150,TOWNHOME,2838.0,3,RENTED,43-1096-644
U-J95JV0V1PX5T,CA-TX-00000174,151,SINGLE_FAMILY,949.0,1,RENTED,60-9163-577
U-4Y3KBEGZP51V,CA-TX-00000174,152,TOWNHOME,1078.0,3,VACANT,89-7135-269
U-S84ZZ2EZMP9L,CA-TX-00000174,153,TOWNHOME,2563.0,4,OWNER_OCCUPIED,89-5485-393
U-GI6UWQ2TWMI0,CA-TX-00000174,154,SINGLE_FAMILY,1577.0,3,OWNER_OCCUPIED,63-5579-495
U-8YXGU4AB2BQX,CA-TX-00000174,155,TOWNHOME,1284.0,3,VACANT,24-4675-145
U-VIV1EHODLKW0,CA-IL-00000175,100,SINGLE_FAMILY,1666.0,1,OWNER_OCCUPIED,72-2402-445
U-APW8GJVUILPO,CA-IL-00000175,101,SINGLE_FAMILY,2432.0,5,OWNER_OCCUPIED,13-6634-333
U-RSUIE1L5M3T5,CA-IL-00000175,102,TOWNHOME,1607.0,2,OWNER_OCCUPIED,19-2460-467
U-ZCYWDSFQCKD6,CA-IL-00000175,103,TOWNHOME,1134.0,1,RENTED,52-8422-848
U-P27E8KALLWDH,CA-IL-00000175,104,TOWNHOME,727.0,2,OWNER_OCCUPIED,87-3260-329
U-SOVT7WJHH2BU,CA-IL-00000175,105,TOWNHOME,2701.0,3,VACANT,96-5267-156
U-6ADKXXF21QRR,CA-IL-00000175,106,SINGLE_FAMILY,2195.0,3,RENTED,19-6665-724
U-ZU07YF03P9FR,CA-IL-00000175,107,TOWNHOME,705.0,3,RENTED,96-1623-787
U-DBOMPP4232SU,CA-IL-00000175,108,SINGLE_FAMILY,1176.0,2,RENTED,72-4130-756
U-HO5YJUAJQI3V,CA-IL-00000175,109,SINGLE_FAMILY,1647.0,3,RENTED,11-3730-408
U-CW9SADE01JTU,CA-IL-00000175,110,TOWNHOME,,2,RENTED,60-4184-106
U-WX4BKDDXDCSX,CA-IL-00000175,111,TOWNHOME,2362.0,2,OWNER_OCCUPIED,72-7001-582
U-KVKVWJPTYWQ1,CA-IL-00000175,112,SINGLE_FAMILY,2663.0,2,OWNER_OCCUPIED,22-6107-131
U-3SXQCSUCM2SP,CA-IL-00000175,113,TOWNHOME,3048.0,3,RENTED,46-2493-808
U-KG9IAD3ECIW4,CA-IL-00000175,114,SINGLE_FAMILY,2055.0,2,OWNER_OCCUPIED,61-1083-413
U-560SWUCSDUXH,CA-IL-00000175,115,TOWNHOME,2919.0,2,OWNER_OCCUPIED,25-4253-998
U-NO4DBSJY2F6T,CA-IL-00000175,116,SINGLE_FAMILY,2349.0,3,OWNER_OCCUPIED,61-9255-635
U-4LY5WVV61PCP,CA-IL-00000175,117,SINGLE_FAMILY,1101.0,4,OWNER_OCCUPIED,87-4579-260
U-NCYQ31BM4DG3,CA-IL-00000175,118,SINGLE_FAMILY,1172.0,2,OWNER_OCCUPIED,41-7641-964
U-1QYMH4HMAI1U,CA-IL-00000175,119,TOWNHOME,3018.0,3,RENTED,99-4112-355
U-GQ5LGNZQC4UT,CA-IL-00000175,120,SINGLE_FAMILY,1557.0,3,OWNER_OCCUPIED,47-5908-457
U-OKLQJFNPUX79,CA-IL-00000175,121,TOWNHOME,2876.0,5,OWNER_OCCUPIED,20-5482-357
U-ES0BI1P96J1R,CA-IL-00000175,122,SINGLE_FAMILY,2515.0,2,OWNER_OCCUPIED,46-8730-530
U-PWA0VZKKIC10,CA-IL-00000175,123,SINGLE_FAMILY,1857.0,1,RENTED,46-3943-864
U-LMCAKHDEN2ES,CA-IL-00000175,124,SINGLE_FAMILY,2389.0,3,RENTED,89-3421-203
U-W4A3PBSMJ9X1,CA-IL-00000175,125,SINGLE_FAMILY,805.0,3,VACANT,76-9814-856
U-HM344NGTOZES,CA-IL-00000175,126,SINGLE_FAMILY,1723.0,4,OWNER_OCCUPIED,89-9998-153
U-R4NFMQZ5YO5K,CA-IL-00000175,127,TOWNHOME,2058.0,3,OWNER_OCCUPIED,16-7022-649
U-EFOSY0VY4QUH,CA-IL-00000175,128,SINGLE_FAMILY,3020.0,3,OWNER_OCCUPIED,93-6289-306
U-4JQ5L6N6JC7T,CA-IL-00000175,129,SINGLE_FAMILY,3019.0,1,OWNER_OCCUPIED,33-7995-840
U-AXBWDYLWQL6Y,CA-IL-00000175,130,TOWNHOME,,3,OWNER_OCCUPIED,20-9907-785
U-RKUORDGBSXMY,CA-IL-00000175,131,SINGLE_FAMILY,2648.0,2,RENTED,75-4932-463
U-F1BLMR15LNTE,CA-IL-00000175,132,TOWNHOME,2672.0,2,OWNER_OCCUPIED,60-7509-624
U-ZAA0PP9GIOPH,CA-IL-00000175,133,SINGLE_FAMILY,1105.0,1,OWNER_OCCUPIED,92-6702-153
U-HHXNXWXFQH1K,CA-IL-00000175,134,TOWNHOME,1175.0,3,RENTED,71-8234-974
U-0M0GKBH3K63H,CA-IL-00000175,135,TOWNHOME,939.0,3,OWNER_OCCUPIED,74-3120-500
U-TNPMGWA0MXFN,CA-IL-00000175,136,TOWNHOME,2187.0,2,VACANT,70-8121-696
U-5EIY6YFMFBR5,CA-IL-00000175,137,TOWNHOME,1346.0,4,RENTED,92-9313-244
U-KO2ZC5LI8IBB,CA-IL-00000175,138,TOWNHOME,2301.0,1,OWNER_OCCUPIED,45-6578-868
U-NYRJPVQQ0S5X,CA-IL-00000175,139,TOWNHOME,2753.0,3,OWNER_OCCUPIED,97-2286-354
U-QLIUDS6U9EIN,CA-IL-00000175,140,SINGLE_FAMILY,,1,OWNER_OCCUPIED,12-3591-251
U-25O92OLKWFZZ,CA-IL-00000175,141,TOWNHOME,2251.0,4,RENTED,77-8097-742
U-G4KOOVBZ6ODI,CA-IL-00000175,142,TOWNHOME,2320.0,4,VACANT,94-7358-679
U-11UTPQI67KT5,CA-IL-00000175,143,TOWNHOME,1526.0,5,OWNER_OCCUPIED,31-6870-217
U-B8AMYSD3YFTY,CA-IL-00000175,144,TOWNHOME,1662.0,4,OWNER_OCCUPIED,55-7501-476
U-5F9484QIJGKM,CA-IL-00000175,145,TOWNHOME,702.0,3,OWNER_OCCUPIED,67-7226-560
U-J7XN0FW53M5F,CA-IL-00000175,146,SINGLE_FAMILY,1608.0,2,OWNER_OCCUPIED,49-5217-790
U-K1YNXULLRC18,CA-IL-00000175,147,TOWNHOME,1360.0,2,OWNER_OCCUPIED,21-2401-515
U-DSLWFJ7STAD0,CA-IL-00000175,148,TOWNHOME,,2,OWNER_OCCUPIED,16-3256-268
U-2G70P181IIOK,CA-IL-00000175,149,TOWNHOME,743.0,4,RENTED,81-4335-693
U-0RILYYB1JSA3,CA-IL-00000175,150,TOWNHOME,2519.0,2,OWNER_OCCUPIED,19-6824-369
U-B80VCL7LR1KO,CA-IL-00000175,151,SINGLE_FAMILY,1222.0,4,OWNER_OCCUPIED,88-9832-844
U-GBEPAPQ67ICM,CA-IL-00000175,152,SINGLE_FAMILY,1990.0,3,OWNER_OCCUPIED,74-5558-113
U-UZ9UDW4OLYKC,CA-IL-00000175,153,SINGLE_FAMILY,703.0,4,RENTED,34-4862-145
U-NGZDLHU0RJMM,CA-CA-00000176,100,SINGLE_FAMILY,1231.0,2,OWNER_OCCUPIED,10-5025-459
U-NMNM0BYYJ205,CA-CA-00000176,101,TOWNHOME,1809.0,3,OWNER_OCCUPIED,43-2118-144
U-CZNC9BOU1JMA,CA-CA-00000176,102,SINGLE_FAMILY,1123.0,3,OWNER_OCCUPIED,38-5257-565
U-0WL6QKLRYP65,CA-CA-00000176,103,SINGLE_FAMILY,,2,OWNER_OCCUPIED,55-8513-397
U-SFXQWKF3HI0W,CA-CA-00000176,104,SINGLE_FAMILY,3122.0,3,OWNER_OCCUPIED,82-1428-593
U-CNM295NENMNG,CA-CA-00000176,105,TOWNHOME,3142.0,5,OWNER_OCCUPIED,96-3706-905
U-940XK303611C,CA-CA-00000176,106,SINGLE_FAMILY,1582.0,3,OWNER_OCCUPIED,87-8156-153
U-UARUDPQ3Y1MV,CA-CA-00000176,107,TOWNHOME,654.0,3,OWNER_OCCUPIED,77-1453-588
U-WE1ZITLUIJUQ,CA-CA-00000176,108,TOWNHOME,1382.0,4,OWNER_OCCUPIED,48-2060-500
U-MNMGF8DBDLO9,CA-CA-00000176,109,SINGLE_FAMILY,,3,OWNER_OCCUPIED,96-6273-105
U-3XVLZ1RZGBXN,CA-CA-00000176,110,SINGLE_FAMILY,,3,RENTED,28-6718-703
U-PNYSYNSKV0C5,CA-CA-00000176,111,TOWNHOME,1126.0,3,OWNER_OCCUPIED,96-3683-864
U-S9O3QFA223W3,CA-CA-00000176,112,SINGLE_FAMILY,729.0,2,OWNER_OCCUPIED,49-2667-701
U-TP3IOMHSBF2C,CA-CA-00000176,113,TOWNHOME,1564.0,2,OWNER_OCCUPIED,17-8369-253
U-SYO2HB57L31N,CA-CA-00000176,114,TOWNHOME,,4,RENTED,56-1712-719
U-T4MG6BAIHVJE,CA-CA-00000176,115,SINGLE_FAMILY,2799.0,2,OWNER_OCCUPIED,38-6437-335
U-4ZOFT87F1Z2X,CA-CA-00000176,116,SINGLE_FAMILY,1787.0,1,VACANT,99-8754-303
U-P80C2IRDVXVC,CA-CA-00000176,117,SINGLE_FAMILY,2495.0,2,OWNER_OCCUPIED,84-4220-285
U-YT0EEDSKRX6P,CA-CA-00000176,118,SINGLE_FAMILY,2681.0,4,RENTED,30-2761-824
U-4544HJBO5BIY,CA-CA-00000176,119,SINGLE_FAMILY,1006.0,1,OWNER_OCCUPIED,33-6606-573
U-86FMGPGSUHKE,CA-CA-00000176,120,TOWNHOME,740.0,2,RENTED,46-9636-179
U-ZAQ42ESJCT6O,CA-CA-00000176,121,SINGLE_FAMILY,1395.0,3,OWNER_OCCUPIED,15-3883-595
U-E72T4DV80QIL,CA-CA-00000176,122,TOWNHOME,2178.0,3,OWNER_OCCUPIED,33-8171-120
U-S2OHQ4IBRM00,CA-CA-00000176,123,SINGLE_FAMILY,2886.0,2,OWNER_OCCUPIED,36-7304-270
U-S5JITXNGUQVS,CA-CA-00000176,124,SINGLE_FAMILY,1208.0,2,OWNER_OCCUPIED,41-8109-199
U-6FXU8OW9BWUA,CA-CA-00000176,125,TOWNHOME,2053.0,3,OWNER_OCCUPIED,55-6964-517
U-6H8RY55H9IIA,CA-CA-00000176,126,TOWNHOME,794.0,2,RENTED,87-1839-346
U-HHTQT0E65LEJ,CA-CA-00000176,127,TOWNHOME,2793.0,3,OWNER_OCCUPIED,85-5138-330
U-8OG7BSGW6UGS,CA-CA-00000176,128,TOWNHOME,1760.0,2,RENTED,36-8341-722
U-29DMI0751E1E,CA-CA-00000176,129,SINGLE_FAMILY,2949.0,2,RENTED,32-2921-155
U-W45A7G3KRPBA,CA-CA-00000176,130,TOWNHOME,981.0,2,OWNER_OCCUPIED,84-1961-607
U-M9Z3TLM77414,CA-CA-00000176,131,SINGLE_FAMILY,850.0,4,RENTED,41-6013-701
U-0EANN8N0GXMJ,CA-CA-00000176,132,SINGLE_FAMILY,1905.0,2,OWNER_OCCUPIED,22-4457-105
U-MBOJ1GBTWPNZ,CA-CA-00000176,133,TOWNHOME,1941.0,2,RENTED,90-1188-327
U-E78R4MHTR9WW,CA-CA-00000176,134,SINGLE_FAMILY,2396.0,1,RENTED,91-7759-671
U-5II3N6UB6D3Y,CA-CA-00000176,135,TOWNHOME,1795.0,2,RENTED,15-4862-917
U-TK57F5SWIZ29,CA-CA-00000176,136,SINGLE_FAMILY,2813.0,2,OWNER_OCCUPIED,
U-UASMOMNZWJKG,CA-CA-00000176,137,TOWNHOME,2219.0,3,RENTED,95-3108-370
U-IVX7X7J8K2HI,CA-CA-00000176,138,SINGLE_FAMILY,2922.0,2,OWNER_OCCUPIED,28-6698-817
U-0YU8SSCOQR9I,CA-CA-00000176,139,SINGLE_FAMILY,3066.0,4,OWNER_OCCUPIED,75-7783-291
U-TXUI8OCD0I42,CA-CA-00000176,140,TOWNHOME,,3,OWNER_OCCUPIED,55-5969-240
U-NQGH9VFJAEA3,CA-CA-00000176,141,TOWNHOME,1291.0,3,OWNER_OCCUPIED,23-6190-246
U-786YZLIBC97K,CA-CA-00000176,142,TOWNHOME,765.0,3,VACANT,85-5604-959
U-RKCLK0N43PPC,CA-CA-00000176,143,SINGLE_FAMILY,2288.0,3,OWNER_OCCUPIED,72-6089-229
U-0BT1GVOHH0XM,CA-CA-00000176,144,TOWNHOME,2381.0,3,VACANT,28-6561-203
U-W99D2N5FZMLT,CA-CA-00000176,145,TOWNHOME,,2,OWNER_OCCUPIED,18-6447-412
U-CWBNDMWQ2TS9,CA-CA-00000176,146,SINGLE_FAMILY,2524.0,2,OWNER_OCCUPIED,11-1575-166
U-0NOCUEPX5MMC,CA-CA-00000176,147,SINGLE_FAMILY,,3,OWNER_OCCUPIED,73-5135-263
U-3Q9FN4J3O8PI,CA-CA-00000176,148,TOWNHOME,2670.0,3,RENTED,34-1039-586
U-HSDNGMXDVG7E,CA-CA-00000176,149,SINGLE_FAMILY,2514.0,1,RENTED,99-3005-574
U-QYII1OYMGSHG,CA-CA-00000176,150,SINGLE_FAMILY,1591.0,2,OWNER_OCCUPIED,45-6130-666
U-MV15OGBNIEFU,CA-CA-00000176,151,SINGLE_FAMILY,,2,OWNER_OCCUPIED,90-2982-397
U-LCJPB75OP9N6,CA-CA-00000176,152,TOWNHOME,,1,OWNER_OCCUPIED,48-9532-112
U-KCNOXYPCZ8TD,CA-CA-00000176,153,SINGLE_FAMILY,1009.0,3,OWNER_OCCUPIED,18-3110-436
U-KWU7AYH3EIPS,CA-CA-00000176,154,SINGLE_FAMILY,2722.0,3,RENTED,57-8082-603
U-UQSGIESF7L8S,CA-CA-00000176,155,SINGLE_FAMILY,2097.0,3,OWNER_OCCUPIED,91-5170-948
U-PFIWPJ50X5UH,CA-CA-00000176,156,SINGLE_FAMILY,1615.0,3,RENTED,11-2207-370
U-MATWGRUCHEIP,CA-CA-00000176,157,SINGLE_FAMILY,839.0,3,OWNER_OCCUPIED,41-6501-959
U-5EPOMJ43E2PH,CA-CA-00000176,158,SINGLE_FAMILY,2588.0,1,OWNER_OCCUPIED,97-3052-550
U-YN81LV9RMREB,CA-CA-00000176,159,SINGLE_FAMILY,1630.0,3,OWNER_OCCUPIED,24-9090-411
U-5VIVZUS57NBC,CA-NV-00000177,100,TOWNHOME,1361.0,2,OWNER_OCCUPIED,49-4991-887
U-SUP3IFHCNGTA,CA-NV-00000177,101,TOWNHOME,2069.0,4,RENTED,89-8033-777
U-JGM55O552SSO,CA-NV-00000177,102,SINGLE_FAMILY,1713.0,3,VACANT,76-6209-263
U-RI9D9ZSDVFQ0,CA-NV-00000177,103,TOWNHOME,2598.0,1,OWNER_OCCUPIED,36-3342-356
U-0RXVX3C4P1YF,CA-NV-00000177,104,TOWNHOME,923.0,3,OWNER_OCCUPIED,22-8304-495
U-42B7JLJP0LMQ,CA-NV-00000177,105,SINGLE_FAMILY,2052.0,3,OWNER_OCCUPIED,49-3379-946
U-5MRRO6K2HQ2T,CA-NV-00000177,106,TOWNHOME,865.0,2,OWNER_OCCUPIED,46-9127-739
U-6LLVZ1PBR8KT,CA-NV-00000177,107,TOWNHOME,2595.0,2,RENTED,27-9818-253
U-SUNFYC6JM2MW,CA-NV-00000177,108,TOWNHOME,1358.0,3,VACANT,96-2254-883
U-J7TA9HZ7NO8Y,CA-NV-00000177,109,SINGLE_FAMILY,704.0,3,OWNER_OCCUPIED,59-4546-271
U-P5JVDIC1EJ7U,CA-NV-00000177,110,TOWNHOME,2304.0,3,OWNER_OCCUPIED,49-1663-706
U-R2JI749IZE1I,CA-NV-00000177,111,SINGLE_FAMILY,1088.0,4,OWNER_OCCUPIED,76-1626-338
U-7A6OTMJYJIYB,CA-NV-00000177,112,TOWNHOME,1329.0,2,RENTED,14-4500-123
U-Z3UQ05PBOS7V,CA-NV-00000177,113,TOWNHOME,929.0,5,RENTED,82-7529-915
U-7NFE93FDY96P,CA-NV-00000177,114,TOWNHOME,1792.0,3,OWNER_OCCUPIED,98-1833-210
U-1798TMXHCLJH,CA-NV-00000177,115,SINGLE_FAMILY,1814.0,4,VACANT,97-7819-803
U-W9ZR1KFVK8WG,CA-NV-00000177,116,SINGLE_FAMILY,2883.0,2,OWNER_OCCUPIED,
U-FM0XP0YFW84Z,CA-NV-00000177,117,SINGLE_FAMILY,2799.0,3,OWNER_OCCUPIED,91-8552-858
U-82YNSW7JH9OQ,CA-NV-00000177,118,TOWNHOME,671.0,4,OWNER_OCCUPIED,85-6756-174
U-Z5RMWKM0AT3T,CA-NV-00000177,119,SINGLE_FAMILY,2065.0,3,RENTED,18-2036-163
U-39X99429L4I0,CA-NV-00000177,120,TOWNHOME,650.0,3,OWNER_OCCUPIED,99-7334-169
U-NJZ1MGIENETB,CA-NV-00000177,121,SINGLE_FAMILY,1260.0,3,RENTED,19-2926-516
U-OP2KTWY0VFOX,CA-NV-00000177,122,TOWNHOME,,2,OWNER_OCCUPIED,89-6485-300
U-LUII05VFD87N,CA-NV-00000177,123,SINGLE_FAMILY,862.0,3,OWNER_OCCUPIED,48-3699-870
U-VMPBWM014A6E,CA-NV-00000177,124,TOWNHOME,2475.0,2,RENTED,41-9439-991
U-D12G5A42XHHH,CA-NV-00000177,125,SINGLE_FAMILY,820.0,2,RENTED,76-2544-295
U-REX4XOCKRNMH,CA-NV-00000177,126,SINGLE_FAMILY,1355.0,2,RENTED,27-2002-301
U-ZNRVNT2N34ZN,CA-NV-00000177,127,SINGLE_FAMILY,2307.0,2,RENTED,65-1997-115
U-2HMSA7GWSI3P,CA-NV-00000177,128,SINGLE_FAMILY,3049.0,3,RENTED,52-6120-997
U-3QFK9Q68IWZM,CA-NV-00000177,129,TOWNHOME,981.0,2,OWNER_OCCUPIED,10-9507-776
U-P4B3KH6T85WK,CA-NV-00000177,130,SINGLE_FAMILY,,2,OWNER_OCCUPIED,83-5690-974
U-LS8HTJVHKJ7A,CA-NV-00000177,131,TOWNHOME,1607.0,2,OWNER_OCCUPIED,93-6877-830
U-NHWZEAES62PM,CA-NV-00000177,132,SINGLE_FAMILY,2822.0,3,OWNER_OCCUPIED,83-7924-131
U-XSL40OHH9P1N,CA-NV-00000177,133,SINGLE_FAMILY,2292.0,3,RENTED,21-8460-677
U-HEEM5ZAKAHTP,CA-NV-00000177,134,TOWNHOME,1564.0,3,OWNER_OCCUPIED,35-7765-594
U-9BR6GS2A5KZ7,CA-NV-00000177,135,TOWNHOME,1711.0,3,OWNER_OCCUPIED,72-1833-909
U-MOXQ7BQ3LLCW,CA-NV-00000177,136,SINGLE_FAMILY,1970.0,1,OWNER_OCCUPIED,62-7964-133
U-O4G4P1MC25SO,CA-NV-00000177,137,SINGLE_FAMILY,2630.0,2,RENTED,59-7105-980
U-3TO9SEBS7IN2,CA-NV-00000177,138,SINGLE_FAMILY,2532.0,2,RENTED,37-2204-567
U-B0LAIWHKTH7S,CA-NV-00000177,139,SINGLE_FAMILY,3060.0,3,OWNER_OCCUPIED,44-9119-310
U-PQ5KAULWVNEY,CA-NV-00000177,140,SINGLE_FAMILY,1223.0,4,OWNER_OCCUPIED,40-8764-485
U-UA08QL30XT3G,CA-NV-00000177,141,SINGLE_FAMILY,,2,RENTED,27-7506-916
U-AW0QU51NP4Z2,CA-NV-00000177,142,SINGLE_FAMILY,3122.0,3,OWNER_OCCUPIED,91-1238-278
U-JWNRHAVMPYX8,CA-NV-00000177,143,TOWNHOME,1515.0,2,RENTED,
U-4OKHR6XQE2L1,CA-NV-00000177,144,TOWNHOME,1721.0,3,OWNER_OCCUPIED,51-8301-182
U-HE6KY72ZT542,CA-CO-00000178,100,TOWNHOME,2133.0,1,RENTED,45-6479-628
U-G3HTWTMKQI58,CA-CO-00000178,101,TOWNHOME,2931.0,2,OWNER_OCCUPIED,96-9701-876
U-O0M6CJF35L5N,CA-CO-00000178,102,TOWNHOME,1234.0,2,RENTED,15-1912-532
U-69BSG2T5FXXZ,CA-CO-00000178,103,TOWNHOME,1717.0,2,OWNER_OCCUPIED,99-4221-755
U-3ED5BK154A09,CA-CO-00000178,104,TOWNHOME,1100.0,3,OWNER_OCCUPIED,18-6121-458
U-X0UVTBNKJMF9,CA-CO-00000178,105,TOWNHOME,840.0,4,RENTED,57-9747-806
U-4TH0SEZ0MMYC,CA-CO-00000178,106,SINGLE_FAMILY,,2,OWNER_OCCUPIED,75-1866-863
U-II9IOM3WKVIL,CA-CO-00000178,107,SINGLE_FAMILY,1417.0,4,OWNER_OCCUPIED,57-6048-686
U-S20KMB242J4D,CA-CO-00000178,108,TOWNHOME,2055.0,3,OWNER_OCCUPIED,36-9039-421
U-ZSE7ZPSE7I83,CA-CO-00000178,109,SINGLE_FAMILY,2442.0,2,RENTED,31-1142-196
U-04LH81VMCW52,CA-CO-00000178,110,TOWNHOME,2462.0,1,OWNER_OCCUPIED,92-1875-206
U-GQZ79CHM2LEF,CA-CO-00000178,111,TOWNHOME,3043.0,4,RENTED,34-6594-356
U-12LM66O55RD7,CA-CO-00000178,112,SINGLE_FAMILY,2207.0,2,OWNER_OCCUPIED,67-3713-449
U-9F6CTY5GZ7Q7,CA-CO-00000178,113,SINGLE_FAMILY,872.0,2,VACANT,15-7197-551
U-4XYGHLMHRY2L,CA-CO-00000178,114,TOWNHOME,1754.0,5,VACANT,64-4430-172
U-DAKRHL2NG9HB,CA-CO-00000178,115,TOWNHOME,702.0,2,RENTED,10-1036-268
U-L6IJWZC0R5QM,CA-CO-00000178,116,TOWNHOME,1106.0,1,RENTED,99-5183-928
U-49M0VNH05O7N,CA-CO-00000178,117,SINGLE_FAMILY,895.0,2,RENTED,62-9983-691
U-OFQSTEVLA4TV,CA-CO-00000178,118,SINGLE_FAMILY,2939.0,1,OWNER_OCCUPIED,83-6122-821
U-ZU2I3YVJNMBE,CA-CO-00000178,119,SINGLE_FAMILY,1783.0,1,VACANT,65-1688-599
U-W5PT5YERA1BJ,CA-CO-00000178,120,SINGLE_FAMILY,2347.0,2,OWNER_OCCUPIED,39-5011-918
U-OOXN0U06U0DY,CA-CO-00000178,121,TOWNHOME,768.0,3,RENTED,29-1717-483
U-YWMYPMZ7NB4Q,CA-CO-00000178,122,SINGLE_FAMILY,2115.0,3,OWNER_OCCUPIED,62-3205-252
U-AD2MLFQZ93PT,CA-CO-00000178,123,TOWNHOME,3168.0,3,OWNER_OCCUPIED,33-4109-309
U-XLRBAB7JFQ5D,CA-CO-00000178,124,TOWNHOME,1777.0,2,OWNER_OCCUPIED,71-1986-224
U-6I3J26PRLI1V,CA-CO-00000178,125,SINGLE_FAMILY,1854.0,3,RENTED,85-5694-695
U-P69OL82JPWUD,CA-CO-00000178,126,SINGLE_FAMILY,2915.0,3,RENTED,82-5804-264
U-R4DR7P8M1DAU,CA-CO-00000178,127,SINGLE_FAMILY,2042.0,3,OWNER_OCCUPIED,73-4915-103
U-1B9E0X7ILD8J,CA-CO-00000178,128,TOWNHOME,1548.0,3,OWNER_OCCUPIED,42-9813-145
U-PC95JO9SKPIV,CA-CO-00000178,129,TOWNHOME,1249.0,4,OWNER_OCCUPIED,33-1526-231
U-5KABKQ3WF5Z0,CA-CO-00000178,130,TOWNHOME,1826.0,2,RENTED,17-9656-648
U-G7RK62XPF61C,CA-CO-00000178,131,TOWNHOME,2561.0,3,VACANT,41-1472-226
U-P7CCL9KQQB16,CA-CO-00000178,132,SINGLE_FAMILY,1610.0,3,RENTED,71-1109-900
U-JG4G8SMFJX52,CA-CO-00000178,133,TOWNHOME,2388.0,1,OWNER_OCCUPIED,43-1683-718
U-XJAPSI155STS,CA-CO-00000178,134,SINGLE_FAMILY,1856.0,2,OWNER_OCCUPIED,84-5604-529
U-TV4982HG8ADL,CA-CO-00000178,135,SINGLE_FAMILY,1855.0,2,VACANT,37-6335-235
U-0020NKAUOFW6,CA-CO-00000178,136,SINGLE_FAMILY,2435.0,2,OWNER_OCCUPIED,77-2952-536
U-A7KAYPHE4PQK,CA-CO-00000178,137,TOWNHOME,1623.0,3,RENTED,81-7986-196
U-YCNAZ1KTA0EX,CA-CO-00000178,138,SINGLE_FAMILY,1672.0,3,OWNER_OCCUPIED,23-8555-720
U-FJKP0089XDOR,CA-CO-00000178,139,TOWNHOME,3069.0,3,OWNER_OCCUPIED,65-5763-334
U-5CHZYIJMU5ON,CA-CO-00000178,140,SINGLE_FAMILY,1808.0,1,RENTED,
U-AE6OIWBRUBHP,CA-CO-00000178,141,SINGLE_FAMILY,880.0,2,OWNER_OCCUPIED,68-4999-825
U-1Q88C1ES1BFQ,CA-CO-00000178,142,TOWNHOME,1241.0,5,OWNER_OCCUPIED,56-8038-445
U-073BOTTUGLMN,CA-CO-00000178,143,SINGLE_FAMILY,1364.0,2,OWNER_OCCUPIED,15-1322-774
U-7G4E0EKAO7UU,CA-CO-00000178,144,SINGLE_FAMILY,788.0,3,OWNER_OCCUPIED,53-5853-252
U-3VTGDAF5J5G5,CA-CO-00000178,145,SINGLE_FAMILY,1558.0,3,RENTED,69-9313-815
U-Q4UD86D04J8D,CA-CO-00000178,146,TOWNHOME,,3,OWNER_OCCUPIED,46-3468-741
U-N94H7996GUK8,CA-CO-00000178,147,SINGLE_FAMILY,1768.0,2,VACANT,45-8362-472
U-SEWSBCYTJIO0,CA-CO-00000178,148,TOWNHOME,2845.0,4,OWNER_OCCUPIED,37-2225-825
U-4MUMOJEMH7X3,CA-CO-00000178,149,SINGLE_FAMILY,942.0,5,RENTED,68-2036-658
U-79GSVPJZ2UTY,CA-CO-00000178,150,SINGLE_FAMILY,2493.0,3,RENTED,18-5604-108
U-XTUCXG9I1MBC,CA-CO-00000178,151,TOWNHOME,3099.0,2,RENTED,
U-ORL9XU1GGQUS,CA-CO-00000178,152,TOWNHOME,3181.0,3,OWNER_OCCUPIED,76-4902-722
U-FQV7CW04WUZO,CA-CO-00000178,153,SINGLE_FAMILY,2615.0,2,OWNER_OCCUPIED,47-4791-113
U-UFXMR3D7P2UX,CA-CO-00000178,154,SINGLE_FAMILY,1633.0,1,OWNER_OCCUPIED,
U-MLQFDRKMM52A,CA-CO-00000178,155,SINGLE_FAMILY,1923.0,2,RENTED,71-8874-338
U-VHOJXE39Y8TQ,CA-CO-00000178,156,SINGLE_FAMILY,2200.0,3,OWNER_OCCUPIED,
U-DV7RJF2PDLE7,CA-CO-00000178,157,TOWNHOME,1150.0,2,OWNER_OCCUPIED,75-1626-574
U-20TXFOK8DZTL,CA-CO-00000178,158,TOWNHOME,1500.0,2,OWNER_OCCUPIED,35-5827-230
U-PSJEFQZ3VBC0,CA-CO-00000178,159,SINGLE_FAMILY,2957.0,2,RENTED,77-3659-100
U-XYSMT71SZYVK,CA-NY-00000179,100,TOWNHOME,1007.0,2,OWNER_OCCUPIED,38-6807-143
U-2QSBLW4H3CR3,CA-NY-00000179,101,SINGLE_FAMILY,,5,OWNER_OCCUPIED,12-3697-621
U-UF5SLJTMMG7Q,CA-NY-00000179,102,TOWNHOME,1765.0,3,OWNER_OCCUPIED,34-5914-208
U-7JCU6BUP2T1X,CA-NY-00000179,103,SINGLE_FAMILY,1611.0,2,RENTED,65-5425-907
U-7VD4ZRBRP3DA,CA-NY-00000179,104,TOWNHOME,1098.0,2,OWNER_OCCUPIED,
U-K730WRIS3ODG,CA-NY-00000179,105,SINGLE_FAMILY,,3,OWNER_OCCUPIED,84-1595-374
U-39T61GGYNDAR,CA-NY-00000179,106,TOWNHOME,3151.0,2,RENTED,59-2197-367
U-8WGFE6X2C8Y7,CA-NY-00000179,107,SINGLE_FAMILY,3190.0,4,RENTED,61-5767-805
U-4PN2BIOIODM9,CA-NY-00000179,108,SINGLE_FAMILY,2691.0,3,RENTED,87-2399-577
U-56U2C0T3OO60,CA-NY-00000179,109,SINGLE_FAMILY,1940.0,3,OWNER_OCCUPIED,38-2823-960
U-Y3L969WEV0IC,CA-NY-00000179,110,SINGLE_FAMILY,1233.0,2,OWNER_OCCUPIED,15-3339-887
U-YPQSIQ4AJEIM,CA-NY-00000179,111,TOWNHOME,,4,RENTED,33-4544-277
U-OMKW50O9GSVG,CA-NY-00000179,112,SINGLE_FAMILY,1372.0,2,OWNER_OCCUPIED,46-2466-919
U-FBFN1YCEZYS5,CA-NY-00000179,113,SINGLE_FAMILY,1672.0,1,OWNER_OCCUPIED,38-3715-470
U-X182WBP7N8IL,CA-NY-00000179,114,TOWNHOME,,3,OWNER_OCCUPIED,82-3024-540
U-C3UZH8RO14BA,CA-NY-00000179,115,SINGLE_FAMILY,3116.0,1,RENTED,18-9404-494
U-KLYYZCBSU8EN,CA-NY-00000179,116,TOWNHOME,,2,RENTED,48-7278-325
U-1J0RYY4GI5IA,CA-NY-00000179,117,TOWNHOME,1461.0,4,OWNER_OCCUPIED,50-6343-246
U-9KDWMHENWTKF,CA-NY-00000179,118,TOWNHOME,2920.0,1,RENTED,16-8147-108
U-6RJT5MCY28N3,CA-NY-00000179,119,TOWNHOME,,3,OWNER_OCCUPIED,87-1794-940
U-TUUWJFF1W3OA,CA-NY-00000179,120,TOWNHOME,999.0,2,OWNER_OCCUPIED,24-8571-808
U-Y9P4PG2SPI71,CA-NY-00000179,121,SINGLE_FAMILY,1953.0,3,OWNER_OCCUPIED,72-1721-166
U-X0W485J0URG8,CA-NY-00000179,122,SINGLE_FAMILY,2410.0,3,RENTED,25-2293-116
U-DH3Y5KH3BVOV,CA-NY-00000179,123,TOWNHOME,2920.0,1,OWNER_OCCUPIED,35-2364-998
U-EY11F9V8KMNG,CA-NY-00000179,124,SINGLE_FAMILY,3018.0,4,OWNER_OCCUPIED,53-5199-204
U-P43KA8LEIY35,CA-NY-00000179,125,TOWNHOME,669.0,2,OWNER_OCCUPIED,12-9806-638
U-YMI7VXBBE19I,CA-NY-00000179,126,SINGLE_FAMILY,,3,OWNER_OCCUPIED,14-3572-452
U-2UH4D8ECDNNI,CA-NY-00000179,127,SINGLE_FAMILY,1396.0,4,VACANT,91-4562-684
U-YSC7CN9RKO5K,CA-NY-00000179,128,TOWNHOME,2266.0,3,OWNER_OCCUPIED,70-2528-639
U-FRNCC1J67I8Q,CA-NY-00000179,129,SINGLE_FAMILY,1704.0,2,OWNER_OCCUPIED,11-2718-245
U-1K6P8FKT98E8,CA-NY-00000179,130,TOWNHOME,2567.0,2,OWNER_OCCUPIED,70-5564-410
U-AOGE1UISDEVL,CA-NY-00000179,131,TOWNHOME,1736.0,3,RENTED,82-8254-457
U-ITC37DJPJNAM,CA-NY-00000179,132,TOWNHOME,2145.0,2,OWNER_OCCUPIED,80-6795-163
U-MIEHKETFBLA9,CA-NY-00000179,133,TOWNHOME,1975.0,4,OWNER_OCCUPIED,61-3212-194
U-OWJCW25FL7LZ,CA-NY-00000179,134,SINGLE_FAMILY,2952.0,3,RENTED,51-5608-281
U-643PPRS0RVIH,CA-NY-00000179,135,SINGLE_FAMILY,2971.0,3,RENTED,23-2763-947
U-KSC2M4I8XZ9B,CA-NY-00000179,136,SINGLE_FAMILY,915.0,5,OWNER_OCCUPIED,38-2842-531
U-SEWK3VGD306X,CA-CA-00000180,100,TOWNHOME,3084.0,3,OWNER_OCCUPIED,
U-K3QZDAGQPGBL,CA-CA-00000180,101,TOWNHOME,1498.0,3,OWNER_OCCUPIED,64-9790-593
U-OK0AR93JVUFE,CA-CA-00000180,102,TOWNHOME,1706.0,4,OWNER_OCCUPIED,10-4156-144
U-KCX879LY0ZIR,CA-CA-00000180,103,TOWNHOME,2266.0,3,OWNER_OCCUPIED,91-5346-132
U-6WW7HW2TYR47,CA-CA-00000180,104,TOWNHOME,2063.0,2,OWNER_OCCUPIED,31-8059-411
U-XGXUMIBY2DZO,CA-CA-00000180,105,TOWNHOME,2247.0,4,OWNER_OCCUPIED,71-9924-598
U-U0D7FSG0U850,CA-CA-00000180,106,TOWNHOME,1090.0,3,RENTED,36-1209-805
U-BME72T7UVKBZ,CA-CA-00000180,107,TOWNHOME,2475.0,2,OWNER_OCCUPIED,80-1544-350
U-PQ5MR3CNWQTC,CA-CA-00000180,108,TOWNHOME,2203.0,1,VACANT,67-7123-420
U-GQEMYS363V2B,CA-CA-00000180,109,TOWNHOME,2465.0,3,RENTED,22-5812-361
U-I7VND3WAU7LQ,CA-CA-00000180,110,TOWNHOME,2211.0,2,OWNER_OCCUPIED,37-5738-879
U-WTIIEO43OAE9,CA-CA-00000180,111,TOWNHOME,1050.0,2,OWNER_OCCUPIED,18-4216-105
U-94P5MDUI60UP,CA-CA-00000180,112,TOWNHOME,3133.0,2,OWNER_OCCUPIED,
U-XE9P9BBEEGLT,CA-CA-00000180,113,TOWNHOME,1137.0,3,OWNER_OCCUPIED,85-7095-935
U-VI2L5YLQZ3Y3,CA-CA-00000180,114,TOWNHOME,3051.0,2,OWNER_OCCUPIED,15-8692-154
U-PTP45BADR2R8,CA-CA-00000180,115,TOWNHOME,2660.0,4,OWNER_OCCUPIED,60-6701-784
U-4LM7CU51DWZZ,CA-CA-00000180,116,TOWNHOME,1809.0,2,RENTED,16-2087-599
U-GUFGAP5ID6LG,CA-CA-00000180,117,TOWNHOME,1748.0,1,VACANT,37-1262-751
U-QP6K3NLO6GSU,CA-CA-00000180,118,TOWNHOME,2203.0,3,OWNER_OCCUPIED,99-6434-704
U-I4RO5JOMJESM,CA-CA-00000180,119,TOWNHOME,922.0,3,OWNER_OCCUPIED,33-9948-244
U-BYC1Q34BQ9IM,CA-CA-00000180,120,TOWNHOME,842.0,2,OWNER_OCCUPIED,90-2689-310
U-XQK2H2AJ362L,CA-CA-00000180,121,TOWNHOME,1486.0,2,RENTED,21-8720-310
U-9MPDFI0F2CGA,CA-CA-00000180,122,TOWNHOME,2338.0,1,OWNER_OCCUPIED,28-3669-364
U-MRQDP2JF6GH8,CA-CA-00000180,123,TOWNHOME,1782.0,3,OWNER_OCCUPIED,58-2685-601
U-WX570XZE5T0J,CA-CA-00000180,124,TOWNHOME,2598.0,2,OWNER_OCCUPIED,17-6811-373
U-AJ6XYYETE2QT,CA-CA-00000180,125,TOWNHOME,2393.0,3,OWNER_OCCUPIED,93-3143-230
U-N3LEYHI6NKZX,CA-CA-00000180,126,TOWNHOME,2700.0,3,RENTED,91-7303-937
U-HLU2X3V1D0UU,CA-CA-00000180,127,TOWNHOME,2529.0,2,OWNER_OCCUPIED,40-9209-591
U-KXX1KN6DKAJG,CA-CA-00000180,128,TOWNHOME,2648.0,5,OWNER_OCCUPIED,51-5586-286
U-4V0YVOU90QVT,CA-CA-00000180,129,TOWNHOME,1766.0,3,OWNER_OCCUPIED,50-8630-320
U-ZIQDY58ALLVL,CA-CA-00000180,130,TOWNHOME,2192.0,3,RENTED,47-4711-654
U-7T7NOC9GFZ8Z,CA-CA-00000180,131,TOWNHOME,3149.0,2,OWNER_OCCUPIED,94-1451-256
U-UR5OVBFBWGRY,CA-CA-00000180,132,TOWNHOME,1736.0,2,OWNER_OCCUPIED,78-8870-156
U-XXJTOKMP4B19,CA-CA-00000180,133,TOWNHOME,1334.0,3,OWNER_OCCUPIED,69-7252-669
U-X1SATZ738MG4,CA-CA-00000180,134,TOWNHOME,2101.0,2,OWNER_OCCUPIED,54-3508-254
U-EGYU3YJKFMCB,CA-CA-00000180,135,TOWNHOME,2027.0,4,RENTED,11-4422-361
U-ANH6Z74X0LQD,CA-CA-00000180,136,TOWNHOME,3127.0,3,OWNER_OCCUPIED,53-2173-835
U-WKSOJJM7BSVI,CA-CA-00000180,137,TOWNHOME,3066.0,4,OWNER_OCCUPIED,68-9806-401
U-WWXG4ESZOYMG,CA-CA-00000180,138,TOWNHOME,2052.0,1,RENTED,13-7089-271
U-DPHZD4ST32AG,CA-CA-00000180,139,TOWNHOME,1876.0,3,RENTED,33-5424-193
U-OWALQEALAL2S,CA-CA-00000180,140,TOWNHOME,1610.0,2,OWNER_OCCUPIED,84-5261-706
U-AP9FUW9IMNGA,CA-CA-00000180,141,TOWNHOME,2143.0,2,OWNER_OCCUPIED,63-9688-234
U-4CXAL441DCO8,CA-CA-00000180,142,TOWNHOME,,2,OWNER_OCCUPIED,70-3880-675
U-V6Z4FKE59MA7,CA-CA-00000180,143,TOWNHOME,1626.0,4,VACANT,79-4003-326
U-PCAOKGNM1OSZ,CA-CA-00000180,144,TOWNHOME,2921.0,2,RENTED,40-1725-315
U-TKV0J1M3IYMA,CA-CA-00000180,145,TOWNHOME,1909.0,3,OWNER_OCCUPIED,63-9728-687
U-BNPDTWLV90T0,CA-CA-00000180,146,TOWNHOME,2267.0,4,OWNER_OCCUPIED,16-5132-101
U-LHYFT396QBV3,CA-CA-00000180,147,TOWNHOME,826.0,2,RENTED,96-3193-146
U-A6N2SV261UW5,CA-CA-00000180,148,TOWNHOME,1394.0,4,OWNER_OCCUPIED,13-8024-509
U-VFZ2CAJ6R4T3,CA-CA-00000180,149,TOWNHOME,3165.0,2,RENTED,92-4833-665
U-M8QJ7XZ7UHWO,CA-CA-00000180,150,TOWNHOME,2067.0,4,OWNER_OCCUPIED,58-1706-220
U-1ZNYU5L90V99,CA-CA-00000180,151,TOWNHOME,902.0,5,RENTED,72-1145-424
U-D58J88T2WC4E,CA-CA-00000180,152,TOWNHOME,1044.0,5,OWNER_OCCUPIED,89-7703-724
U-DAG6Z4PI30XI,CA-CA-00000180,153,TOWNHOME,2590.0,4,RENTED,
U-8QUFK5U6BZ23,CA-CA-00000180,154,TOWNHOME,2524.0,3,OWNER_OCCUPIED,29-7636-279
U-021Y82Y1M8GV,CA-CA-00000180,155,TOWNHOME,2705.0,3,OWNER_OCCUPIED,80-6259-134
U-CSEDGOL88SI0,CA-CA-00000180,156,TOWNHOME,2486.0,2,OWNER_OCCUPIED,64-1787-648
U-0DJJZND7YNME,CA-CA-00000180,157,TOWNHOME,1172.0,4,OWNER_OCCUPIED,56-6013-880
U-1G355CDJ9M14,CA-CA-00000180,158,TOWNHOME,3147.0,4,OWNER_OCCUPIED,97-2946-975
U-XMO42FZILYFV,CA-CA-00000180,159,TOWNHOME,3071.0,3,OWNER_OCCUPIED,81-8571-235
U-L54IWWFFQEKD,CA-GA-00000181,100,SINGLE_FAMILY,1203.0,2,OWNER_OCCUPIED,40-3145-716
U-LLQU6L0HSR22,CA-GA-00000181,101,SINGLE_FAMILY,,3,OWNER_OCCUPIED,84-2735-624
U-999A7ICEY0W3,CA-GA-00000181,102,TOWNHOME,799.0,5,OWNER_OCCUPIED,74-6047-895
U-PGD6DFKMINKK,CA-GA-00000181,103,SINGLE_FAMILY,2250.0,3,RENTED,60-4498-731
U-U1BFPLGF2LRP,CA-GA-00000181,104,SINGLE_FAMILY,3037.0,3,OWNER_OCCUPIED,65-1246-883
U-3DFQ51HD5VLG,CA-GA-00000181,105,TOWNHOME,1242.0,3,OWNER_OCCUPIED,62-4048-878
U-9ESMHKN49OBX,CA-GA-00000181,106,SINGLE_FAMILY,1780.0,3,OWNER_OCCUPIED,44-1405-665
U-B0O2G9A7DN2Z,CA-GA-00000181,107,TOWNHOME,2603.0,4,OWNER_OCCUPIED,64-5045-178
U-GJMVHXGNOORM,CA-GA-00000181,108,TOWNHOME,1022.0,3,RENTED,20-3280-978
U-CBKI9DKO8Y52,CA-GA-00000181,109,SINGLE_FAMILY,822.0,3,OWNER_OCCUPIED,35-2498-580
U-RM7IJCZURKQV,CA-GA-00000181,110,SINGLE_FAMILY,,2,OWNER_OCCUPIED,22-6526-150
U-5U9KALFJ8FJS,CA-GA-00000181,111,TOWNHOME,2364.0,2,OWNER_OCCUPIED,80-7322-393
U-RYW6LE9A1I3V,CA-GA-00000181,112,TOWNHOME,2962.0,4,OWNER_OCCUPIED,50-8638-130
U-O4HGI3CT4Z20,CA-GA-00000181,113,SINGLE_FAMILY,1244.0,2,OWNER_OCCUPIED,10-7759-468
U-Q0S7TVNSE8TQ,CA-GA-00000181,114,TOWNHOME,2925.0,2,RENTED,27-9198-974
U-3ZSOH4BHKGSM,CA-GA-00000181,115,SINGLE_FAMILY,1214.0,2,OWNER_OCCUPIED,31-1657-942
U-9D6KC9JKPFIC,CA-GA-00000181,116,SINGLE_FAMILY,1218.0,2,RENTED,57-4250-692
U-3M09U1Z4CJ4C,CA-GA-00000181,117,TOWNHOME,952.0,3,RENTED,
U-NPYLB28CVWXZ,CA-GA-00000181,118,SINGLE_FAMILY,914.0,4,RENTED,78-7359-157
U-H3ZLVBGMBJZ8,CA-GA-00000181,119,TOWNHOME,1583.0,4,OWNER_OCCUPIED,23-5243-468
U-PIAA0VHVK3VS,CA-GA-00000181,120,TOWNHOME,2054.0,2,RENTED,43-8952-711
U-8OFQ8N5FG9MX,CA-GA-00000181,121,TOWNHOME,3134.0,1,OWNER_OCCUPIED,42-9820-556
U-GH4YW8T192T1,CA-GA-00000181,122,SINGLE_FAMILY,2970.0,3,RENTED,41-7464-584
U-3M3DEDL8FVO6,CA-GA-00000181,123,TOWNHOME,2713.0,2,RENTED,73-6267-151
U-P89FXG447CM8,CA-GA-00000181,124,SINGLE_FAMILY,929.0,3,RENTED,
U-HYW6KVC6ME1M,CA-GA-00000181,125,TOWNHOME,3092.0,3,OWNER_OCCUPIED,66-7660-443
U-61TVDFRAFTFX,CA-GA-00000181,126,TOWNHOME,986.0,2,OWNER_OCCUPIED,91-2344-916
U-L1PGI8PRN0PD,CA-GA-00000181,127,TOWNHOME,692.0,1,OWNER_OCCUPIED,21-1285-554
U-ED4OQ569T43I,CA-GA-00000181,128,TOWNHOME,1096.0,3,RENTED,27-6924-699
U-ZCOL1WAODXOA,CA-GA-00000181,129,TOWNHOME,2065.0,4,OWNER_OCCUPIED,72-3148-320
U-L0XYT9R12IFM,CA-GA-00000181,130,SINGLE_FAMILY,1756.0,3,OWNER_OCCUPIED,47-5063-733
U-7AXJO9ESP4GQ,CA-GA-00000181,131,TOWNHOME,2903.0,3,OWNER_OCCUPIED,24-6626-818
U-TEC2B7920FYV,CA-GA-00000181,132,TOWNHOME,2106.0,3,VACANT,31-5693-422
U-0K1B2O8D9T3Z,CA-GA-00000181,133,TOWNHOME,1360.0,5,OWNER_OCCUPIED,
U-CJTFDWLJI8C7,CA-GA-00000181,134,TOWNHOME,,2,RENTED,72-8693-298
U-Y5I2OO3R3MB7,CA-GA-00000181,135,SINGLE_FAMILY,772.0,1,VACANT,61-3045-305
U-6JZ9UL8PCQ30,CA-GA-00000181,136,TOWNHOME,2410.0,1,OWNER_OCCUPIED,93-9909-709
U-9U7LX669ODED,CA-GA-00000181,137,SINGLE_FAMILY,1245.0,2,OWNER_OCCUPIED,77-2560-128
U-TRQPGOIJA7RR,CA-GA-00000181,138,SINGLE_FAMILY,2072.0,3,OWNER_OCCUPIED,34-2013-390
U-HGM1K675G01O,CA-GA-00000181,139,SINGLE_FAMILY,962.0,3,OWNER_OCCUPIED,59-8404-401
U-RKYXYWQMAR5W,CA-GA-00000181,140,TOWNHOME,3044.0,3,RENTED,68-6010-672
U-J55E49AP5PJ7,CA-GA-00000181,141,TOWNHOME,2857.0,2,RENTED,19-4283-169
U-5ADYZ8FZ8G24,CA-GA-00000181,142,SINGLE_FAMILY,1191.0,3,OWNER_OCCUPIED,40-5497-321
U-MY7ZWUVZ60VO,CA-GA-00000181,143,TOWNHOME,2421.0,4,OWNER_OCCUPIED,28-2729-153
U-ZUGX2STYO2US,CA-GA-00000181,144,TOWNHOME,977.0,1,RENTED,12-5306-900
U-ZS1GENTX6X8U,CA-GA-00000181,145,TOWNHOME,2125.0,2,RENTED,
U-3J444NCP3O51,CA-GA-00000181,146,TOWNHOME,2803.0,3,RENTED,42-4013-741
U-HITTVMEJX8EA,CA-GA-00000181,147,SINGLE_FAMILY,,2,RENTED,18-3599-971
U-MGSQML8NY6FX,CA-GA-00000181,148,TOWNHOME,3160.0,2,OWNER_OCCUPIED,18-6728-917
U-J2N0RTNDC1LS,CA-GA-00000181,149,SINGLE_FAMILY,2917.0,4,OWNER_OCCUPIED,33-4247-497
U-MO0BZXCBJRIM,CA-GA-00000181,150,SINGLE_FAMILY,2188.0,1,OWNER_OCCUPIED,68-8939-101
U-5YPLQDC6AZ17,CA-GA-00000181,151,SINGLE_FAMILY,1799.0,2,OWNER_OCCUPIED,91-9028-388
U-CCFGP4GJ74TS,CA-GA-00000181,152,SINGLE_FAMILY,1674.0,2,RENTED,17-2890-175
U-J44ZLHY2B035,CA-GA-00000181,153,SINGLE_FAMILY,2906.0,2,OWNER_OCCUPIED,59-8645-288
U-K6GBBDXKJFPT,CA-GA-00000181,154,SINGLE_FAMILY,1100.0,2,RENTED,76-3754-464
U-31C8FYVSV8DD,CA-GA-00000181,155,SINGLE_FAMILY,2316.0,2,OWNER_OCCUPIED,68-6955-849
U-KY4406AUT7Y1,CA-GA-00000181,156,SINGLE_FAMILY,,2,RENTED,37-6531-335
U-WGWNRIUYVP32,CA-GA-00000181,157,SINGLE_FAMILY,,2,VACANT,19-2815-862
U-HWAHYA3OP2R4,CA-GA-00000181,158,TOWNHOME,715.0,3,OWNER_OCCUPIED,26-3139-133
U-46UH25KA5BRC,CA-GA-00000181,159,SINGLE_FAMILY,2336.0,3,OWNER_OCCUPIED,25-9527-330
U-8YJB15G9P9CW,CA-MA-00000182,100,SINGLE_FAMILY,2685.0,3,OWNER_OCCUPIED,86-7188-800
U-JWKVHBKEH615,CA-MA-00000182,101,TOWNHOME,3145.0,1,OWNER_OCCUPIED,42-1804-266
U-HKW4ITHCJVU2,CA-MA-00000182,102,TOWNHOME,1821.0,2,OWNER_OCCUPIED,85-5141-820
U-ZGIWIWL22LJX,CA-MA-00000182,103,TOWNHOME,2319.0,4,OWNER_OCCUPIED,95-5077-852
U-FJ80WN5BPL0O,CA-MA-00000182,104,SINGLE_FAMILY,1675.0,2,VACANT,57-8427-886
U-4Q67NACOIZBA,CA-MA-00000182,105,SINGLE_FAMILY,1399.0,4,OWNER_OCCUPIED,56-2674-940
U-9YLP6ACF2W5E,CA-MA-00000182,106,SINGLE_FAMILY,2928.0,3,OWNER_OCCUPIED,41-8615-982
U-87WPEKFXZS84,CA-MA-00000182,107,TOWNHOME,1446.0,3,OWNER_OCCUPIED,12-1729-376
U-AZWTHBD7EXKV,CA-MA-00000182,108,TOWNHOME,2040.0,3,OWNER_OCCUPIED,99-2614-184
U-FMVMTOK8410A,CA-MA-00000182,109,SINGLE_FAMILY,1587.0,4,OWNER_OCCUPIED,17-6304-641
U-SMJUDLVKUPYK,CA-MA-00000182,110,SINGLE_FAMILY,1536.0,3,OWNER_OCCUPIED,42-9433-309
U-NXS4HO27EVGJ,CA-MA-00000182,111,TOWNHOME,1763.0,3,OWNER_OCCUPIED,77-5351-768
U-HSMWOHW8VEY5,CA-MA-00000182,112,TOWNHOME,2597.0,3,OWNER_OCCUPIED,14-7661-498
U-BSVN6CJMO2GQ,CA-MA-00000182,113,TOWNHOME,,4,OWNER_OCCUPIED,24-7884-567
U-7MH771VIA6RG,CA-MA-00000182,114,TOWNHOME,,2,OWNER_OCCUPIED,40-8379-333
U-MNVP7HW3XS4K,CA-MA-00000182,115,TOWNHOME,819.0,1,RENTED,17-7163-665
U-U9D2QNKPREHP,CA-MA-00000182,116,SINGLE_FAMILY,2816.0,3,OWNER_OCCUPIED,17-8823-586
U-9D9DL96PIFL6,CA-MA-00000182,117,SINGLE_FAMILY,978.0,3,OWNER_OCCUPIED,91-8273-852
U-O13XZGAOGG9C,CA-MA-00000182,118,SINGLE_FAMILY,1323.0,2,OWNER_OCCUPIED,81-2795-641
U-HHE779Z5PKWT,CA-MA-00000182,119,TOWNHOME,1397.0,2,VACANT,52-3298-786
U-1VEQT8B5I49P,CA-MA-00000182,120,SINGLE_FAMILY,1269.0,2,OWNER_OCCUPIED,43-9192-953
U-BJW5JGDCLG1O,CA-MA-00000182,121,SINGLE_FAMILY,969.0,4,OWNER_OCCUPIED,82-3347-772
U-DT5T1INLLKFZ,CA-MA-00000182,122,TOWNHOME,2900.0,2,OWNER_OCCUPIED,40-6271-134
U-4OS43WHGL7MU,CA-MA-00000182,123,TOWNHOME,1046.0,4,RENTED,22-8901-282
U-VBWUASTO44AA,CA-VA-00000183,100,TOWNHOME,2673.0,2,RENTED,33-5571-902
U-RMK7SMZP34QA,CA-VA-00000183,101,TOWNHOME,1859.0,1,OWNER_OCCUPIED,99-8539-900
U-FJDEL28OEJTD,CA-VA-00000183,102,SINGLE_FAMILY,882.0,2,OWNER_OCCUPIED,38-3678-617
U-T5LHJPB2T0UG,CA-VA-00000183,103,SINGLE_FAMILY,3182.0,2,OWNER_OCCUPIED,58-1486-618
U-52V4FB4BMHMG,CA-VA-00000183,104,TOWNHOME,1881.0,2,OWNER_OCCUPIED,62-2995-801
U-0MVJEK59LAOL,CA-VA-00000183,105,SINGLE_FAMILY,,2,OWNER_OCCUPIED,88-3341-825
U-UA8OGLZR49PL,CA-VA-00000183,106,TOWNHOME,1802.0,2,RENTED,95-2357-313
U-5UZWALSF8EOC,CA-VA-00000183,107,TOWNHOME,2407.0,3,OWNER_OCCUPIED,85-7202-624
U-JPCKZT5GU5XW,CA-VA-00000183,108,TOWNHOME,1410.0,2,OWNER_OCCUPIED,
U-V43SILQ0S7FL,CA-VA-00000183,109,TOWNHOME,2036.0,2,RENTED,93-1630-687
U-YHO5LDO9ITZA,CA-VA-00000183,110,TOWNHOME,874.0,2,RENTED,67-2969-348
U-ALUPXSDANAM5,CA-VA-00000183,111,TOWNHOME,2487.0,1,VACANT,53-9924-268
U-VLWUAC4AF2GR,CA-VA-00000183,112,TOWNHOME,1133.0,2,OWNER_OCCUPIED,61-6919-763
U-KGSAIQOS1R7D,CA-VA-00000183,113,SINGLE_FAMILY,847.0,1,RENTED,83-2826-242
U-O7Y4GZWDMGTN,CA-VA-00000183,114,TOWNHOME,2259.0,2,OWNER_OCCUPIED,22-5893-217
U-L5R6510JKLAN,CA-VA-00000183,115,SINGLE_FAMILY,1139.0,3,OWNER_OCCUPIED,21-6856-837
U-8RI5N3H33WCT,CA-VA-00000183,116,TOWNHOME,2723.0,3,VACANT,50-2273-859
U-8AFPFXNNJTUH,CA-VA-00000183,117,TOWNHOME,2296.0,5,OWNER_OCCUPIED,78-4031-819
U-2MZVWJGPCH5A,CA-VA-00000183,118,SINGLE_FAMILY,2680.0,4,RENTED,65-9368-862
U-B36TXZSS89JW,CA-VA-00000183,119,TOWNHOME,1923.0,2,OWNER_OCCUPIED,48-8854-356
U-NKJ0B4YS3KCR,CA-VA-00000183,120,TOWNHOME,783.0,3,RENTED,86-5598-134
U-JIEBOGMJ14SK,CA-TX-00000184,27B,CONDO_UNIT,842.0,4,OWNER_OCCUPIED,12-7651-863
U-1E6PN42UNN1I,CA-TX-00000184,30D,CONDO_UNIT,2017.0,3,RENTED,28-3329-875
U-SDMSPHHA1ZII,CA-TX-00000184,7B,CONDO_UNIT,2624.0,2,OWNER_OCCUPIED,35-3586-814
U-EPDLPPM5PMWV,CA-TX-00000184,32C,CONDO_UNIT,859.0,4,OWNER_OCCUPIED,40-9841-298
U-8F98V0072PUN,CA-TX-00000184,26C,CONDO_UNIT,2020.0,1,OWNER_OCCUPIED,20-8282-362
U-JXPVWMGW19O1,CA-TX-00000184,6A,CONDO_UNIT,3199.0,3,RENTED,41-8742-927
U-4AZGER0U11QH,CA-TX-00000184,17D,CONDO_UNIT,1730.0,1,RENTED,
U-MEZ8862M5MFV,CA-TX-00000184,6C,CONDO_UNIT,1316.0,2,RENTED,75-7851-401
U-Z7U5HUSJZQ3N,CA-TX-00000184,7F,CONDO_UNIT,2344.0,4,OWNER_OCCUPIED,88-6334-878
U-FFC0Q77PAL43,CA-TX-00000184,18E,CONDO_UNIT,1386.0,3,RENTED,
U-Y35CBSTGBKCG,CA-TX-00000184,28E,CONDO_UNIT,2789.0,3,VACANT,59-8786-924
U-7I97EMG1LOBQ,CA-TX-00000184,32D,CONDO_UNIT,1596.0,2,OWNER_OCCUPIED,89-8691-520
U-B5WEH5K8BV26,CA-TX-00000184,27H,CONDO_UNIT,,1,OWNER_OCCUPIED,25-2380-512
U-E43DED91LCSH,CA-TX-00000184,20D,CONDO_UNIT,1324.0,4,RENTED,52-1652-157
U-CVI60DDCDBZ2,CA-TX-00000184,35F,CONDO_UNIT,2184.0,4,OWNER_OCCUPIED,87-7304-481
U-4PHGBOCJIQK0,CA-TX-00000184,13B,CONDO_UNIT,2748.0,3,OWNER_OCCUPIED,62-9631-824
U-U3PUFHFIYWQS,CA-TX-00000184,31D,CONDO_UNIT,1027.0,3,OWNER_OCCUPIED,87-1524-516
U-3HRJAW3D58MH,CA-TX-00000184,29E,CONDO_UNIT,2365.0,3,OWNER_OCCUPIED,71-8693-348
U-HR54KGXEFCD5,CA-TX-00000184,30F,CONDO_UNIT,2849.0,2,OWNER_OCCUPIED,35-5101-969
U-ZWNK3FL2NXG1,CA-TX-00000184,35H,CONDO_UNIT,2984.0,4,OWNER_OCCUPIED,86-7596-677
U-PCUQ8G8QHT9N,CA-TX-00000184,29E,CONDO_UNIT,2929.0,3,OWNER_OCCUPIED,93-5869-912
U-W9NFL2184D77,CA-TX-00000184,3E,CONDO_UNIT,866.0,1,OWNER_OCCUPIED,43-4002-100
U-ZPLUSQRVP0OZ,CA-TX-00000184,38H,CONDO_UNIT,2640.0,2,RENTED,90-1440-770
U-3MT9CUE1VIUG,CA-TX-00000184,17F,CONDO_UNIT,815.0,3,OWNER_OCCUPIED,24-6055-223
U-G179X3NMZDEM,CA-TX-00000184,9A,CONDO_UNIT,1718.0,4,OWNER_OCCUPIED,73-9311-555
U-6E4GQGWE7T7U,CA-TX-00000184,2C,CONDO_UNIT,3059.0,2,OWNER_OCCUPIED,18-3481-230
U-J3BW3FFD6HQE,CA-TX-00000184,36G,CONDO_UNIT,3198.0,2,OWNER_OCCUPIED,56-2363-367
U-O99P71W3OVX5,CA-TX-00000184,39B,CONDO_UNIT,1018.0,2,OWNER_OCCUPIED,
U-E4Y3MUDRNR4I,CA-TX-00000184,38G,CONDO_UNIT,1076.0,5,OWNER_OCCUPIED,83-2823-311
U-0YZZKS4U95FW,CA-TX-00000184,21B,CONDO_UNIT,1402.0,3,OWNER_OCCUPIED,49-2149-921
U-FG6O5IN4ZYFE,CA-TX-00000184,34E,CONDO_UNIT,959.0,2,RENTED,90-3070-423
U-I9ZIMMS4MWAJ,CA-TX-00000184,38B,CONDO_UNIT,1443.0,2,RENTED,36-2703-989
U-90UV0L5X4ZF5,CA-TX-00000184,2C,CONDO_UNIT,1719.0,1,RENTED,15-3259-796
U-M6PCZD1OH0MY,CA-TX-00000184,36C,CONDO_UNIT,808.0,5,OWNER_OCCUPIED,97-8487-775
U-46QN7PCWC3K3,CA-TX-00000184,18B,CONDO_UNIT,,4,OWNER_OCCUPIED,52-3054-184
U-L28FXTSV00DC,CA-TX-00000184,32H,CONDO_UNIT,2822.0,1,OWNER_OCCUPIED,63-1530-508
U-668MBDZP2C5D,CA-TX-00000184,29G,CONDO_UNIT,1441.0,2,OWNER_OCCUPIED,71-4223-299
U-H4WV0KZZPSVD,CA-TX-00000184,14A,CONDO_UNIT,2655.0,1,OWNER_OCCUPIED,72-1011-394
U-BI57RQ124WA6,CA-TX-00000184,29A,CONDO_UNIT,2757.0,2,RENTED,40-4667-611
U-41AWPH0DTA2O,CA-TX-00000184,35F,CONDO_UNIT,1201.0,3,RENTED,29-6904-798
U-MSP37KLESA2V,CA-TX-00000184,18F,CONDO_UNIT,746.0,2,RENTED,20-9084-235
U-7TGG9C5K12M1,CA-TX-00000184,37H,CONDO_UNIT,1034.0,4,OWNER_OCCUPIED,17-8971-504
U-4DQJMFZBQWS2,CA-TX-00000184,37G,CONDO_UNIT,2892.0,2,OWNER_OCCUPIED,75-4718-401
U-A619S2KO58MB,CA-TX-00000184,16D,CONDO_UNIT,1819.0,5,OWNER_OCCUPIED,56-9991-685
U-MC4OENR25W46,CA-TX-00000184,6C,CONDO_UNIT,1137.0,2,RENTED,60-7588-146
U-NIDNUG027QRL,CA-TX-00000184,30C,CONDO_UNIT,1713.0,2,RENTED,43-7609-894
U-MZBG1R9R7HFD,CA-TX-00000184,36D,CONDO_UNIT,2471.0,1,RENTED,10-7499-915
U-IGUE85P11U18,CA-TX-00000184,19C,CONDO_UNIT,,2,OWNER_OCCUPIED,95-4436-708
U-94K158Z1EYJA,CA-TX-00000184,8D,CONDO_UNIT,2882.0,2,RENTED,93-2902-426
U-VBMKXQFGK04V,CA-TX-00000184,10H,CONDO_UNIT,2321.0,3,OWNER_OCCUPIED,50-9336-594
U-CLEH92ISCYQA,CA-TX-00000184,30H,CONDO_UNIT,1631.0,2,OWNER_OCCUPIED,
U-GR0DVQ5RALMW,CA-TX-00000184,19G,CONDO_UNIT,1405.0,2,OWNER_OCCUPIED,80-1259-153
U-DZXFIF9IBYFL,CA-TX-00000184,18E,CONDO_UNIT,2094.0,4,OWNER_OCCUPIED,31-4810-127
U-MU4Q83WIPKI5,CA-TX-00000184,34F,CONDO_UNIT,2295.0,3,OWNER_OCCUPIED,35-2195-285
U-UBUKJ22GR8E3,CA-TX-00000184,38D,CONDO_UNIT,3080.0,3,OWNER_OCCUPIED,
U-3ZE5S14MN7F4,CA-TX-00000184,39G,CONDO_UNIT,,4,OWNER_OCCUPIED,20-1930-467
U-0OO8SCVK4B3M,CA-TX-00000184,36C,CONDO_UNIT,1619.0,1,RENTED,51-5774-228
U-XQ90WY1OVZTN,CA-TX-00000184,5G,CONDO_UNIT,3071.0,5,OWNER_OCCUPIED,48-6140-638
U-Z5BP979SF93Z,CA-TX-00000184,27D,CONDO_UNIT,,3,OWNER_OCCUPIED,61-4025-408
U-4S60XH6EZSC4,CA-TX-00000184,21E,CONDO_UNIT,2147.0,2,OWNER_OCCUPIED,98-4284-647
U-2PW2B0U9IE5M,CA-CA-00000185,100,SINGLE_FAMILY,1414.0,1,VACANT,23-3487-305
U-KF9RDFDLAOBX,CA-CA-00000185,101,TOWNHOME,1647.0,5,OWNER_OCCUPIED,46-1336-332
U-SDOLSQ92N5P8,CA-CA-00000185,102,SINGLE_FAMILY,1413.0,1,RENTED,74-4255-108
U-VJ733H3ITGVR,CA-CA-00000185,103,SINGLE_FAMILY,2131.0,1,OWNER_OCCUPIED,82-9754-949
U-2ZKSUCP3T7XL,CA-CA-00000185,104,SINGLE_FAMILY,2208.0,2,OWNER_OCCUPIED,24-8808-789
U-1V3PVKWJ5MOA,CA-CA-00000185,105,SINGLE_FAMILY,1279.0,3,OWNER_OCCUPIED,34-2653-152
U-4GZXCFM3T9R0,CA-CA-00000185,106,TOWNHOME,3076.0,2,RENTED,26-1307-746
U-WR73713WNQ6X,CA-CA-00000185,107,TOWNHOME,2190.0,3,OWNER_OCCUPIED,88-3789-945
U-NGIUF6MUOCT3,CA-CA-00000185,108,SINGLE_FAMILY,1487.0,3,OWNER_OCCUPIED,33-6771-325
U-D2MZPDOLJ8CB,CA-CA-00000185,109,SINGLE_FAMILY,769.0,3,OWNER_OCCUPIED,26-1147-738
U-C1FXUXKDI03N,CA-CA-00000185,110,TOWNHOME,824.0,4,VACANT,37-6800-261
U-86QD5AGILH3T,CA-CA-00000185,111,TOWNHOME,2427.0,3,OWNER_OCCUPIED,36-3377-930
U-M52INGIGD63G,CA-CA-00000185,112,TOWNHOME,2623.0,4,RENTED,28-2912-674
U-UL1H0B1FKS4H,CA-CA-00000185,113,TOWNHOME,1518.0,3,OWNER_OCCUPIED,15-1574-286
U-HIZGGP2YRFC1,CA-CA-00000185,114,TOWNHOME,886.0,2,RENTED,46-3409-564
U-OW4TLQMFHPL3,CA-CA-00000185,115,TOWNHOME,2925.0,2,OWNER_OCCUPIED,35-4655-126
U-GP2ZESLRV10E,CA-CA-00000185,116,TOWNHOME,,3,RENTED,98-8185-295
U-GBBTTZMJEID1,CA-CA-00000185,117,SINGLE_FAMILY,1020.0,4,OWNER_OCCUPIED,98-4456-594
U-KV3FLD6HJB65,CA-CA-00000185,118,SINGLE_FAMILY,1274.0,2,RENTED,72-4907-857
U-0BVD76E2Y0EU,CA-CA-00000185,119,SINGLE_FAMILY,885.0,3,OWNER_OCCUPIED,
U-VA9ZQW86RTX7,CA-CA-00000185,120,TOWNHOME,1285.0,2,RENTED,95-5333-949
U-H8AGZLFP4UB6,CA-CA-00000185,121,SINGLE_FAMILY,1678.0,2,OWNER_OCCUPIED,93-5401-538
U-3UJDX18FH9TZ,CA-CA-00000185,122,SINGLE_FAMILY,,3,OWNER_OCCUPIED,27-3845-267
U-LBQ45AD1YED0,CA-CA-00000185,123,SINGLE_FAMILY,1399.0,3,VACANT,97-5616-266
U-3WN0XJ1H1R10,CA-CA-00000185,124,TOWNHOME,1116.0,3,OWNER_OCCUPIED,87-8842-669
U-NNRDYKE08H4M,CA-CA-00000185,125,TOWNHOME,1160.0,2,RENTED,33-5939-831
U-ORXVNPTPH2K6,CA-CA-00000185,126,SINGLE_FAMILY,1623.0,4,RENTED,99-2336-666
U-4TCCMOH6YJ44,CA-CA-00000185,127,TOWNHOME,942.0,4,RENTED,22-6246-158
U-UJ0Z3MI6Q46V,CA-CA-00000185,128,SINGLE_FAMILY,2544.0,1,RENTED,85-2207-262
U-858GUZRANBCG,CA-CA-00000185,129,TOWNHOME,1505.0,2,OWNER_OCCUPIED,15-1745-969
U-8CKBNV1E1AQ0,CA-CA-00000185,130,TOWNHOME,1234.0,3,RENTED,21-7881-101
U-MWTB621AR8FX,CA-CA-00000185,131,TOWNHOME,1353.0,3,OWNER_OCCUPIED,83-9300-583
U-7DMUZ0TTNH7J,CA-CA-00000185,132,SINGLE_FAMILY,3009.0,3,RENTED,28-4423-969
U-CR6EKQ1NDV86,CA-CA-00000185,133,TOWNHOME,1007.0,2,VACANT,29-6488-425
U-PY03BP85NJU1,CA-CA-00000185,134,SINGLE_FAMILY,2750.0,2,OWNER_OCCUPIED,42-8481-938
U-B04V6U4VUNGT,CA-CA-00000185,135,SINGLE_FAMILY,2348.0,4,RENTED,61-3832-390
U-OXTP2NFFMQFE,CA-CA-00000185,136,TOWNHOME,2429.0,3,OWNER_OCCUPIED,60-3901-525
U-3XD9BCUX04N3,CA-CA-00000185,137,TOWNHOME,1395.0,2,OWNER_OCCUPIED,40-4322-513
U-L3HWRM1XL1XS,CA-CA-00000186,100,TOWNHOME,2499.0,3,OWNER_OCCUPIED,29-8344-207
U-OL43X4ELFM2J,CA-CA-00000186,101,SINGLE_FAMILY,1265.0,1,OWNER_OCCUPIED,26-2312-932
U-I8GLCYFNMDB6,CA-CA-00000186,102,TOWNHOME,3119.0,3,RENTED,36-2626-397
U-EEL9MGXIUUT2,CA-CA-00000186,103,SINGLE_FAMILY,2022.0,4,OWNER_OCCUPIED,56-8310-179
U-PCWFBC7MA5PQ,CA-CA-00000186,104,TOWNHOME,,2,OWNER_OCCUPIED,33-1222-982
U-2H5Z9WAHJNZU,CA-CA-00000186,105,SINGLE_FAMILY,1405.0,1,OWNER_OCCUPIED,82-3495-337
U-8984RP21BP6N,CA-CA-00000186,106,SINGLE_FAMILY,1793.0,3,OWNER_OCCUPIED,49-1071-753
U-SVEGFBG59ZWH,CA-CA-00000186,107,TOWNHOME,2014.0,4,OWNER_OCCUPIED,61-7683-682
U-VTKY8ED6NWDO,CA-CA-00000186,108,SINGLE_FAMILY,2465.0,4,RENTED,60-6946-884
U-COQZZDRC9R8L,CA-CA-00000186,109,SINGLE_FAMILY,2957.0,3,OWNER_OCCUPIED,25-8075-374
U-TZPP2Y3NVTVQ,CA-CA-00000186,110,TOWNHOME,2314.0,3,OWNER_OCCUPIED,97-9520-862
U-I3LV1RHD13AC,CA-CA-00000186,111,SINGLE_FAMILY,1100.0,3,OWNER_OCCUPIED,72-2932-456
U-DLVKWFI0UD0O,CA-CA-00000186,112,SINGLE_FAMILY,1587.0,3,OWNER_OCCUPIED,56-8073-666
U-3EIU0689A92W,CA-CA-00000186,113,SINGLE_FAMILY,1255.0,2,OWNER_OCCUPIED,66-4752-411
U-INTMYHNZMZCF,CA-CA-00000186,114,SINGLE_FAMILY,2336.0,3,VACANT,11-9856-433
U-D9GVUD1MG6ZA,CA-CA-00000186,115,SINGLE_FAMILY,876.0,3,RENTED,32-5326-184
U-7W6X24BR0VOQ,CA-CA-00000186,116,TOWNHOME,1850.0,4,OWNER_OCCUPIED,57-5679-779
U-6M35A3531QOL,CA-CA-00000186,117,SINGLE_FAMILY,1145.0,2,OWNER_OCCUPIED,97-3106-555
U-7YA0FBVUMD4W,CA-CA-00000186,118,TOWNHOME,,2,OWNER_OCCUPIED,16-1551-224
U-TRJY9OHN4GOC,CA-CA-00000186,119,SINGLE_FAMILY,2656.0,4,OWNER_OCCUPIED,33-1510-232
U-XP6PNOCXJR0T,CA-CA-00000186,120,TOWNHOME,1511.0,3,RENTED,55-5371-705
U-36FBD96SKCQQ,CA-CA-00000186,121,TOWNHOME,,3,OWNER_OCCUPIED,90-3467-727
U-OX70YJ9AE0W9,CA-CA-00000186,122,SINGLE_FAMILY,1274.0,2,OWNER_OCCUPIED,13-6730-675
U-CFY1TCZGZD6E,CA-CA-00000186,123,TOWNHOME,3077.0,2,OWNER_OCCUPIED,70-2353-182
U-P7KQXP0FEI6Q,CA-CA-00000186,124,SINGLE_FAMILY,999.0,4,OWNER_OCCUPIED,87-6895-211
U-BLSB6V27AID8,CA-CA-00000186,125,TOWNHOME,1551.0,5,RENTED,51-6202-927
U-KTXDQXG5SC40,CA-CA-00000186,126,SINGLE_FAMILY,1785.0,2,RENTED,86-4530-572
U-FH1EBOHOKVC3,CA-CA-00000186,127,SINGLE_FAMILY,,1,OWNER_OCCUPIED,63-7090-904
U-WDKJQG6YZJJ5,CA-CA-00000186,128,TOWNHOME,1713.0,3,OWNER_OCCUPIED,27-4394-398
U-ORMSUE8269SS,CA-CA-00000186,129,TOWNHOME,1183.0,3,OWNER_OCCUPIED,55-4473-559
U-TS0DCF1EH1FP,CA-CA-00000186,130,TOWNHOME,2148.0,3,OWNER_OCCUPIED,57-8260-212
U-ZX9YTAQ1RKEF,CA-CA-00000186,131,TOWNHOME,754.0,2,OWNER_OCCUPIED,13-1124-712
U-BO7CUHW5IHC2,CA-CA-00000186,132,SINGLE_FAMILY,1837.0,4,OWNER_OCCUPIED,51-4515-516
U-WAC4N05IZ5O0,CA-CA-00000186,133,SINGLE_FAMILY,2240.0,5,RENTED,65-5520-987
U-NT8ZPKATJI70,CA-CA-00000186,134,TOWNHOME,895.0,5,RENTED,34-1587-635
U-ZCFESCM9CV3O,CA-CA-00000186,135,TOWNHOME,2304.0,2,OWNER_OCCUPIED,98-4743-852
U-Q1KBK15AUH6D,CA-CA-00000186,136,SINGLE_FAMILY,1063.0,2,OWNER_OCCUPIED,61-3689-628
U-TM8NBXAURTS3,CA-CA-00000186,137,TOWNHOME,2339.0,1,OWNER_OCCUPIED,78-4559-610
U-FKWAAXTKXA40,CA-CA-00000186,138,TOWNHOME,1071.0,3,OWNER_OCCUPIED,64-5460-933
U-QLKT3VBEL9Z4,CA-CA-00000186,139,SINGLE_FAMILY,712.0,3,OWNER_OCCUPIED,37-1015-418
U-3QF23HTLNEB7,CA-CA-00000186,140,TOWNHOME,1398.0,2,OWNER_OCCUPIED,87-6085-229
U-ZJ3EJDMBGQLH,CA-CA-00000186,141,TOWNHOME,2260.0,2,OWNER_OCCUPIED,
U-VFI23N7ZLLXG,CA-CA-00000186,142,TOWNHOME,1229.0,3,VACANT,52-1610-834
U-ZONBE7NR569E,CA-CA-00000186,143,SINGLE_FAMILY,2922.0,5,RENTED,72-2780-933
U-C5XZXZ4OB7AK,CA-CA-00000186,144,SINGLE_FAMILY,1911.0,3,OWNER_OCCUPIED,51-9678-295
U-73I6Q6X19GD5,CA-CA-00000186,145,TOWNHOME,1905.0,1,RENTED,13-5888-861
U-39P5A14MFXET,CA-CA-00000186,146,TOWNHOME,2111.0,3,OWNER_OCCUPIED,28-4272-724
U-UGALT39D7YFI,CA-CA-00000186,147,SINGLE_FAMILY,2167.0,3,RENTED,17-8734-384
U-KGMARFVB7ZPW,CA-CA-00000186,148,SINGLE_FAMILY,2817.0,2,OWNER_OCCUPIED,87-3795-676
U-2DWTYF30CLFD,CA-CA-00000186,149,TOWNHOME,1432.0,1,OWNER_OCCUPIED,78-4404-990
U-WK5P6OP1EUF4,CA-CA-00000186,150,TOWNHOME,2095.0,2,RENTED,34-9209-634
U-V8803SC8IQ7W,CA-CA-00000186,151,TOWNHOME,696.0,3,VACANT,73-4733-641
U-BNVFOLP62IO1,CA-CA-00000186,152,TOWNHOME,1828.0,3,OWNER_OCCUPIED,58-3279-873
U-9AAT5A5UTUD3,CA-CA-00000186,153,TOWNHOME,2112.0,3,OWNER_OCCUPIED,23-8015-706
U-PV8AETGZJ0Z1,CA-CA-00000186,154,TOWNHOME,937.0,3,RENTED,66-9301-235
U-UW8LZ1D23872,CA-CA-00000186,155,TOWNHOME,2527.0,4,RENTED,33-4454-630
U-29DJ431ZFQ6N,CA-CA-00000186,156,TOWNHOME,2457.0,3,OWNER_OCCUPIED,77-2341-949
U-NSK0VP0QWKT9,CA-CA-00000186,157,TOWNHOME,860.0,2,RENTED,64-6731-820
U-410G2L027BMA,CA-CA-00000186,158,SINGLE_FAMILY,2958.0,4,OWNER_OCCUPIED,67-1255-199
U-EJGBIS8S2QML,CA-CA-00000186,159,SINGLE_FAMILY,2493.0,3,OWNER_OCCUPIED,39-2298-710
U-PS6L9Q81UHPB,CA-CA-00000187,5E,CONDO_UNIT,1641.0,3,OWNER_OCCUPIED,97-6917-351
U-4X3AHQJ1WR0A,CA-CA-00000187,14D,CONDO_UNIT,1787.0,2,OWNER_OCCUPIED,
U-MW7PVQKLV1WK,CA-CA-00000187,36F,CONDO_UNIT,2261.0,3,OWNER_OCCUPIED,13-9800-598
U-K7JKPX4G164B,CA-CA-00000187,23G,CONDO_UNIT,1955.0,2,OWNER_OCCUPIED,94-5694-878
U-T7Z8WC8L7WP0,CA-CA-00000187,29C,CONDO_UNIT,1351.0,2,RENTED,75-7903-152
U-6WYTWDVHA64B,CA-CA-00000187,16D,CONDO_UNIT,1612.0,1,RENTED,41-1626-688
U-REXV0220F0CN,CA-CA-00000187,23B,CONDO_UNIT,1520.0,5,OWNER_OCCUPIED,68-5690-215
U-2412SW51AQH1,CA-CA-00000187,36B,CONDO_UNIT,3112.0,5,OWNER_OCCUPIED,63-4024-949
U-TNDV9MMLSLGF,CA-CA-00000187,18D,CONDO_UNIT,2908.0,1,OWNER_OCCUPIED,21-4811-661
U-JFVTPA7CJ146,CA-CA-00000187,19B,CONDO_UNIT,2051.0,3,VACANT,93-1780-716
U-752B620C4UZT,CA-CA-00000187,10G,CONDO_UNIT,1266.0,3,RENTED,
U-E5EN7N8VZBM8,CA-CA-00000187,26A,CONDO_UNIT,1848.0,4,OWNER_OCCUPIED,20-8268-125
U-5FL8E3MCTVSP,CA-CA-00000187,7C,CONDO_UNIT,2537.0,3,OWNER_OCCUPIED,75-3710-819
U-PL1YH0HA3880,CA-CA-00000187,23A,CONDO_UNIT,,3,OWNER_OCCUPIED,43-4518-770
U-SA02IAISJ289,CA-CA-00000187,1C,CONDO_UNIT,2239.0,1,OWNER_OCCUPIED,48-1320-228
U-CGV3EFS9IOBM,CA-CA-00000187,33A,CONDO_UNIT,1548.0,1,VACANT,37-8150-588
U-HLWP6O4I8OEG,CA-CA-00000187,6C,CONDO_UNIT,,2,RENTED,38-8110-241
U-WGTCNLAJ3JR0,CA-CA-00000187,27A,CONDO_UNIT,2338.0,4,OWNER_OCCUPIED,67-3847-704
U-KVITZLGP4DXK,CA-CA-00000187,20E,CONDO_UNIT,2534.0,5,OWNER_OCCUPIED,
U-1AD511NCFEVK,CA-CA-00000187,28B,CONDO_UNIT,1662.0,3,RENTED,88-8290-248
U-45342IP8673S,CA-CA-00000187,14G,CONDO_UNIT,2765.0,2,OWNER_OCCUPIED,48-7671-532
U-9HQC82JDRGRD,CA-CA-00000187,34A,CONDO_UNIT,1238.0,3,OWNER_OCCUPIED,56-5744-308
U-KHZPGV4KSTU2,CA-CA-00000187,19A,CONDO_UNIT,2356.0,2,VACANT,99-3170-643
U-FPE19DJRY6Q3,CA-CA-00000187,12D,CONDO_UNIT,1716.0,2,OWNER_OCCUPIED,25-3206-535
U-U3OMAHGXBEZH,CA-CA-00000187,3D,CONDO_UNIT,1452.0,1,OWNER_OCCUPIED,42-6325-282
U-2UFRV8O99PWH,CA-CA-00000187,32A,CONDO_UNIT,2647.0,4,OWNER_OCCUPIED,78-7829-159
U-1DVWM96EJPAG,CA-CA-00000187,14B,CONDO_UNIT,2395.0,4,RENTED,35-7047-304
U-2ZZM58OQKXXK,CA-CA-00000187,10C,CONDO_UNIT,787.0,4,OWNER_OCCUPIED,71-2206-838
U-4K61V0QI54TU,CA-CA-00000187,26H,CONDO_UNIT,2921.0,2,OWNER_OCCUPIED,
U-DWU55I5AFTT8,CA-CA-00000187,2F,CONDO_UNIT,,4,VACANT,
U-IVXSPGWWP6RU,CA-CA-00000187,19H,CONDO_UNIT,2269.0,3,RENTED,28-8301-801
U-3QRWE80M7Q6P,CA-CA-00000187,40H,CONDO_UNIT,709.0,1,OWNER_OCCUPIED,40-3158-650
U-K8X6F4T1PINC,CA-CA-00000187,40A,CONDO_UNIT,3145.0,4,VACANT,65-9926-835
U-AZBB408ES8Q0,CA-CA-00000187,36H,CONDO_UNIT,1552.0,4,OWNER_OCCUPIED,98-9447-738
U-Z6ZDKCZHLM2L,CA-CA-00000187,2G,CONDO_UNIT,3091.0,3,OWNER_OCCUPIED,28-4101-657
U-M50RINICCUHB,CA-CA-00000187,30E,CONDO_UNIT,3187.0,5,RENTED,97-5481-715
U-EY6A19YEFMMI,CA-CA-00000187,5H,CONDO_UNIT,1659.0,3,RENTED,26-6397-486
U-IB47UPWEXZ02,CA-CA-00000187,23B,CONDO_UNIT,964.0,4,RENTED,53-6540-398
U-1FYOSVOF9EO9,CA-CA-00000187,26C,CONDO_UNIT,3117.0,5,OWNER_OCCUPIED,23-1541-534
U-F5QGIZQMUH3S,CA-CA-00000187,18H,CONDO_UNIT,1140.0,2,RENTED,98-4952-960
U-91ZUMI7R3Y54,CA-CA-00000187,4C,CONDO_UNIT,1353.0,3,OWNER_OCCUPIED,61-6861-881
U-BKVZ8G7QVSDJ,CA-CA-00000187,22E,CONDO_UNIT,2334.0,4,OWNER_OCCUPIED,55-6083-333
U-QL08T3R7OG7R,CA-CA-00000187,24G,CONDO_UNIT,995.0,3,RENTED,41-5204-885
U-YPJDL18WY988,CA-CA-00000187,17D,CONDO_UNIT,840.0,2,RENTED,29-2353-957
U-F7BYX32AWOC9,CA-CA-00000187,34H,CONDO_UNIT,,2,OWNER_OCCUPIED,47-8624-611
U-7VDC2R5D24ZZ,CA-CA-00000187,25C,CONDO_UNIT,1958.0,2,OWNER_OCCUPIED,63-8601-493
U-RUA6F2NP66BU,CA-CA-00000187,1G,CONDO_UNIT,2283.0,1,RENTED,32-3129-208
U-9J5N2KEVZ6C9,CA-CA-00000187,7F,CONDO_UNIT,1419.0,4,OWNER_OCCUPIED,37-9667-338
U-TFBN2OTMNQ8K,CA-CA-00000187,29C,CONDO_UNIT,,2,OWNER_OCCUPIED,18-4454-968
U-S9L8978VXP59,CA-CA-00000187,25C,CONDO_UNIT,2293.0,2,RENTED,72-6941-957
U-CH9UZE3SYDUK,CA-CA-00000187,37C,CONDO_UNIT,2298.0,3,RENTED,88-5614-884
U-EOY5I8X6NK9E,CA-CA-00000187,29H,CONDO_UNIT,1689.0,2,OWNER_OCCUPIED,91-2056-446
U-ZRT5Q58ZMF15,CA-CA-00000187,17G,CONDO_UNIT,,2,RENTED,38-2186-715
U-3X14F5LCNENJ,CA-CA-00000187,27C,CONDO_UNIT,1755.0,4,OWNER_OCCUPIED,57-7433-218
U-YZM61L8Z58B7,CA-CA-00000187,33H,CONDO_UNIT,1278.0,2,OWNER_OCCUPIED,33-8201-278
U-SSC5APLN5519,CA-CA-00000187,28E,CONDO_UNIT,2415.0,2,OWNER_OCCUPIED,31-9439-323
U-ECNHNHNVGKHO,CA-CA-00000187,11G,CONDO_UNIT,759.0,1,OWNER_OCCUPIED,51-7926-141
U-U7AGYPQ7KA11,CA-CA-00000187,6B,CONDO_UNIT,1583.0,3,OWNER_OCCUPIED,99-2439-892
U-4ZW4TCF6BFDK,CA-CA-00000187,1E,CONDO_UNIT,2642.0,2,OWNER_OCCUPIED,63-8133-954
U-7I1L7VMCUJPA,CA-CA-00000187,13C,CONDO_UNIT,1404.0,2,RENTED,38-8118-720
U-1V03SDZ3559T,CA-CA-00000188,100,TOWNHOME,2125.0,4,OWNER_OCCUPIED,27-3328-217
U-HXQ28CZRB1OO,CA-CA-00000188,101,TOWNHOME,965.0,3,RENTED,90-6819-930
U-BND1ZLCFBQBR,CA-CA-00000188,102,SINGLE_FAMILY,2588.0,4,OWNER_OCCUPIED,21-1480-912
U-69Z1ETFCO9VB,CA-CA-00000188,103,TOWNHOME,1711.0,3,OWNER_OCCUPIED,87-8685-676
U-KEUNIZL7K7SX,CA-CA-00000188,104,SINGLE_FAMILY,,3,OWNER_OCCUPIED,45-3772-374
U-WIIW4ITO3FGU,CA-CA-00000188,105,TOWNHOME,2348.0,3,RENTED,23-8440-964
U-UT1287GSNYHX,CA-CA-00000188,106,SINGLE_FAMILY,697.0,3,OWNER_OCCUPIED,40-1335-678
U-EB8WZWW06VJI,CA-CA-00000188,107,TOWNHOME,871.0,1,RENTED,36-6857-861
U-3GC4ZRE0XGMT,CA-CA-00000188,108,TOWNHOME,1553.0,2,OWNER_OCCUPIED,38-4286-145
U-I24DB1SN276J,CA-CA-00000188,109,TOWNHOME,2554.0,3,OWNER_OCCUPIED,73-7698-997
U-RS1FXIJZRH9H,CA-CA-00000188,110,TOWNHOME,,4,OWNER_OCCUPIED,83-4064-932
U-GZ4TYXPV5GXW,CA-CA-00000188,111,TOWNHOME,1260.0,2,OWNER_OCCUPIED,97-1093-989
U-3337QC1XXZJC,CA-CA-00000188,112,SINGLE_FAMILY,1245.0,4,RENTED,57-7547-627
U-5H1LSKB2EO9V,CA-CA-00000188,113,SINGLE_FAMILY,693.0,4,OWNER_OCCUPIED,14-5889-667
U-HLOWOBNHIQLT,CA-CA-00000188,114,TOWNHOME,2996.0,5,VACANT,81-4478-790
U-DOZF5UL1NAM7,CA-CA-00000188,115,SINGLE_FAMILY,1905.0,2,OWNER_OCCUPIED,88-9243-383
U-VI91CDD1HUOS,CA-CA-00000188,116,SINGLE_FAMILY,,5,OWNER_OCCUPIED,50-3099-580
U-QXEODFWSZEJE,CA-CA-00000188,117,TOWNHOME,2781.0,2,OWNER_OCCUPIED,45-3929-203
U-JZ3MHKWYZ3J5,CA-CA-00000188,118,TOWNHOME,2733.0,2,OWNER_OCCUPIED,64-5149-931
U-N2DKXPY6PDL8,CA-CA-00000188,119,SINGLE_FAMILY,859.0,2,OWNER_OCCUPIED,49-6296-501
U-6MV7V5642RFU,CA-CA-00000188,120,SINGLE_FAMILY,2436.0,2,RENTED,34-6094-306
U-T6GUTGJGTLUQ,CA-CA-00000188,121,TOWNHOME,1105.0,2,OWNER_OCCUPIED,97-5348-960
U-34JXO5N924AV,CA-CA-00000188,122,TOWNHOME,1860.0,3,OWNER_OCCUPIED,86-3497-648
U-7PI96XE75KWV,CA-CA-00000188,123,SINGLE_FAMILY,1377.0,3,OWNER_OCCUPIED,72-1669-451
U-2A2UPLEHG2WV,CA-CA-00000188,124,SINGLE_FAMILY,2379.0,2,OWNER_OCCUPIED,58-4919-590
U-7WJND59353MN,CA-CA-00000188,125,SINGLE_FAMILY,,2,OWNER_OCCUPIED,98-9221-925
U-2OIYJ5ZFM4NJ,CA-CA-00000188,126,SINGLE_FAMILY,948.0,2,OWNER_OCCUPIED,68-3566-705
U-5SYOHDA1MSBF,CA-CA-00000188,127,SINGLE_FAMILY,2135.0,2,OWNER_OCCUPIED,90-4211-765
U-HYNQLTAA2OE8,CA-CA-00000188,128,SINGLE_FAMILY,1609.0,3,OWNER_OCCUPIED,21-9302-922
U-N8GJSTTFBW46,CA-CA-00000188,129,SINGLE_FAMILY,2816.0,3,OWNER_OCCUPIED,77-6322-581
U-LSURJ58A4IQZ,CA-CA-00000188,130,TOWNHOME,2184.0,4,RENTED,10-1621-732
U-8W4CNE1D3B7F,CA-CA-00000188,131,SINGLE_FAMILY,2085.0,3,OWNER_OCCUPIED,41-6812-958
U-FQZMWAFDB5OP,CA-CA-00000188,132,TOWNHOME,2143.0,3,OWNER_OCCUPIED,42-2774-475
U-85ZQOJUPHEZU,CA-CA-00000188,133,TOWNHOME,2773.0,3,OWNER_OCCUPIED,
U-5XN4UNSKTHBA,CA-CA-00000188,134,SINGLE_FAMILY,1870.0,2,OWNER_OCCUPIED,88-3769-933
U-PGFFH2SLAGYD,CA-CA-00000188,135,SINGLE_FAMILY,1626.0,3,OWNER_OCCUPIED,42-7839-563
U-1MSP41J7CRQ3,CA-CA-00000188,136,SINGLE_FAMILY,2896.0,5,OWNER_OCCUPIED,94-4127-982
U-5ZXDDP1I2G6M,CA-CA-00000188,137,TOWNHOME,,4,OWNER_OCCUPIED,63-3608-775
U-CFY6TV6MZAUP,CA-CA-00000188,138,SINGLE_FAMILY,2650.0,5,RENTED,15-3070-468
U-0DSWZBFVPIJA,CA-CA-00000188,139,TOWNHOME,756.0,2,OWNER_OCCUPIED,10-1538-837
U-8VMHIYQ8UYFR,CA-CA-00000188,140,SINGLE_FAMILY,1379.0,2,OWNER_OCCUPIED,61-4207-350
U-AVZCTA946W82,CA-CA-00000188,141,SINGLE_FAMILY,2974.0,2,VACANT,97-6604-805
U-1VDF8JDY722L,CA-TX-00000189,1A,CONDO_UNIT,2192.0,2,OWNER_OCCUPIED,85-3013-751
U-DEKG0Z5XN53V,CA-TX-00000189,20H,CONDO_UNIT,676.0,3,OWNER_OCCUPIED,65-5861-323
U-JCRF0KPG5E6P,CA-TX-00000189,39E,CONDO_UNIT,1681.0,2,OWNER_OCCUPIED,92-4136-110
U-QYYL9OMNL646,CA-TX-00000189,23F,CONDO_UNIT,1991.0,3,RENTED,47-9251-349
U-9VVJ0I0PNAV8,CA-TX-00000189,14E,CONDO_UNIT,1271.0,3,OWNER_OCCUPIED,
U-L18QXITHRSQC,CA-TX-00000189,16C,CONDO_UNIT,2138.0,3,OWNER_OCCUPIED,51-9037-922
U-GP9X4G5M280A,CA-TX-00000189,16A,CONDO_UNIT,2306.0,2,RENTED,22-4520-349
U-OCDJIF24A5R7,CA-TX-00000189,40G,CONDO_UNIT,2953.0,2,OWNER_OCCUPIED,
U-4P2HX6U68CIS,CA-TX-00000189,17E,CONDO_UNIT,1619.0,2,OWNER_OCCUPIED,67-3852-260
U-POAKYPHFV2MM,CA-TX-00000189,13D,CONDO_UNIT,1604.0,2,OWNER_OCCUPIED,50-4708-525
U-MPB0W72AS54G,CA-TX-00000189,8C,CONDO_UNIT,2212.0,3,RENTED,61-9408-191
U-THZ8CT8E7K21,CA-TX-00000189,23D,CONDO_UNIT,926.0,2,OWNER_OCCUPIED,36-2986-168
U-9WNL1XEQ6DUZ,CA-TX-00000189,5C,CONDO_UNIT,2918.0,1,OWNER_OCCUPIED,38-6871-678
U-UU1KSR95FESV,CA-TX-00000189,38B,CONDO_UNIT,798.0,2,RENTED,88-3953-277
U-0RM8JOX20QZM,CA-TX-00000189,24C,CONDO_UNIT,1309.0,3,OWNER_OCCUPIED,35-9021-314
U-I7WAKXLT2I0H,CA-TX-00000189,31A,CONDO_UNIT,2216.0,2,OWNER_OCCUPIED,53-9135-611
U-Q5WRUQLSM9CE,CA-TX-00000189,29F,CONDO_UNIT,,3,VACANT,91-3273-718
U-KRONWVMDMFUQ,CA-TX-00000189,39B,CONDO_UNIT,3173.0,1,OWNER_OCCUPIED,
U-HQ0CXJQ51W00,CA-TX-00000189,10C,CONDO_UNIT,979.0,3,OWNER_OCCUPIED,50-5946-241
U-IEFA3JEHAM9F,CA-TX-00000189,15B,CONDO_UNIT,2250.0,2,RENTED,54-6881-991
U-CI48QGPT21CK,CA-TX-00000189,31F,CONDO_UNIT,3009.0,3,VACANT,55-8817-571
U-NMKDYGNS1UH3,CA-TX-00000189,5E,CONDO_UNIT,2510.0,3,VACANT,72-2217-117
U-FNXOR303MS3X,CA-TX-00000189,28E,CONDO_UNIT,1107.0,5,VACANT,96-5821-963
U-JXRT93OFCQSQ,CA-TX-00000189,8C,CONDO_UNIT,1395.0,4,OWNER_OCCUPIED,85-1706-130
U-IY5G0RMCVGNK,CA-FL-00000190,100,TOWNHOME,1687.0,2,RENTED,52-8937-482
U-LTO90Y0PABHG,CA-FL-00000190,101,SINGLE_FAMILY,2120.0,3,OWNER_OCCUPIED,56-4829-757
U-C7W08L8CEJEM,CA-FL-00000190,102,SINGLE_FAMILY,2741.0,3,OWNER_OCCUPIED,73-2426-754
U-QB1G8F0DWABA,CA-FL-00000190,103,TOWNHOME,2551.0,5,OWNER_OCCUPIED,98-7866-741
U-XZQXQY5ROD22,CA-FL-00000190,104,SINGLE_FAMILY,2307.0,2,RENTED,48-5898-773
U-XCVHUMKCWQSD,CA-FL-00000190,105,TOWNHOME,2943.0,3,OWNER_OCCUPIED,91-5148-170
U-B939GDT9KH31,CA-FL-00000190,106,TOWNHOME,1246.0,4,OWNER_OCCUPIED,34-6933-861
U-Y6JGJU5A22NT,CA-FL-00000190,107,SINGLE_FAMILY,1953.0,2,RENTED,78-1808-377
U-GMK6SRNINKLU,CA-FL-00000190,108,TOWNHOME,1005.0,4,OWNER_OCCUPIED,41-1778-197
U-DEQNX6IVHE6C,CA-FL-00000190,109,SINGLE_FAMILY,2436.0,4,VACANT,29-2544-419
U-1H3UAFCY7DH7,CA-FL-00000190,110,TOWNHOME,2561.0,2,OWNER_OCCUPIED,69-5548-617
U-C6EYNCF7BG91,CA-FL-00000190,111,TOWNHOME,1062.0,3,OWNER_OCCUPIED,98-9575-709
U-AJ16L5PAZAQO,CA-FL-00000190,112,TOWNHOME,1605.0,4,RENTED,98-7064-420
U-1V1ZSVCQE1C6,CA-FL-00000190,113,TOWNHOME,2073.0,2,RENTED,44-6863-620
U-A4RZY0Y5BLW0,CA-FL-00000190,114,TOWNHOME,,1,OWNER_OCCUPIED,37-8721-624
U-JBF6PCT7GBGZ,CA-WA-00000191,100,SINGLE_FAMILY,2329.0,2,OWNER_OCCUPIED,
U-8VD9R5PD1AM7,CA-WA-00000191,101,SINGLE_FAMILY,3092.0,3,OWNER_OCCUPIED,63-8083-465
U-6AM2FP8W3YYR,CA-WA-00000191,102,TOWNHOME,1615.0,3,RENTED,88-4035-146
U-VBJG0BJFLCLS,CA-WA-00000191,103,TOWNHOME,1088.0,2,OWNER_OCCUPIED,29-9616-507
U-TDWT93U0OWPK,CA-WA-00000191,104,TOWNHOME,2712.0,3,OWNER_OCCUPIED,21-7572-281
U-I64IECDY7GLV,CA-WA-00000191,105,TOWNHOME,1600.0,2,RENTED,79-6723-249
U-YTFSOIA2387F,CA-WA-00000191,106,TOWNHOME,2145.0,2,OWNER_OCCUPIED,65-4855-926
U-E82NN6D7J6KV,CA-WA-00000191,107,SINGLE_FAMILY,1904.0,3,OWNER_OCCUPIED,73-6100-477
U-YHDGFRZ9B428,CA-WA-00000191,108,TOWNHOME,1293.0,2,OWNER_OCCUPIED,58-6813-843
U-XWJKGTWSNPP9,CA-WA-00000191,109,SINGLE_FAMILY,1475.0,3,RENTED,37-4172-338
U-CCXLOY0GM70B,CA-WA-00000191,110,TOWNHOME,1947.0,2,OWNER_OCCUPIED,73-6489-992
U-HK5K3HMJHWCS,CA-WA-00000191,111,TOWNHOME,2063.0,4,OWNER_OCCUPIED,57-2290-647
U-ZJJFH493G2PW,CA-WA-00000191,112,SINGLE_FAMILY,3183.0,2,OWNER_OCCUPIED,15-9414-242
U-Q12629C6JBZB,CA-WA-00000191,113,SINGLE_FAMILY,2223.0,5,RENTED,86-2712-205
U-NOC3V298ZI58,CA-WA-00000191,114,SINGLE_FAMILY,2070.0,3,RENTED,87-2829-368
U-WURNTRHM9UJO,CA-WA-00000191,115,SINGLE_FAMILY,2394.0,2,OWNER_OCCUPIED,53-3231-139
U-5JTD8JGQ1XCK,CA-WA-00000191,116,TOWNHOME,1717.0,3,OWNER_OCCUPIED,46-6387-108
U-UKMCF1UY1V7M,CA-WA-00000191,117,SINGLE_FAMILY,2975.0,5,OWNER_OCCUPIED,72-5772-357
U-FSHEN1MJH52G,CA-WA-00000191,118,TOWNHOME,1314.0,1,RENTED,
U-RRFTNRIK4ZXP,CA-WA-00000191,119,SINGLE_FAMILY,1259.0,2,OWNER_OCCUPIED,85-1916-789
U-TD9L86OO57C9,CA-WA-00000191,120,SINGLE_FAMILY,1266.0,2,RENTED,83-2335-485
U-HZ2325YK5PNX,CA-WA-00000191,121,SINGLE_FAMILY,895.0,3,OWNER_OCCUPIED,15-4953-278
U-8A9M88G6K31V,CA-WA-00000191,122,TOWNHOME,1470.0,4,OWNER_OCCUPIED,45-1710-683
U-1A0793IMJJ2V,CA-WA-00000191,123,SINGLE_FAMILY,1318.0,4,OWNER_OCCUPIED,55-8983-963
U-BP423D5WQXV6,CA-WA-00000191,124,TOWNHOME,1877.0,4,OWNER_OCCUPIED,18-6629-182
U-4O64SSB7883B,CA-WA-00000191,125,SINGLE_FAMILY,2819.0,1,OWNER_OCCUPIED,29-8434-471
U-OSRVKCTX4D5R,CA-WA-00000191,126,TOWNHOME,2940.0,3,OWNER_OCCUPIED,22-2035-240
U-ONUOS1NNP21H,CA-WA-00000191,127,TOWNHOME,2987.0,3,OWNER_OCCUPIED,28-5849-868
U-8G99DDIJHXA3,CA-WA-00000191,128,SINGLE_FAMILY,1335.0,3,OWNER_OCCUPIED,49-5148-729
U-ILXY2JP2LXR0,CA-WA-00000191,129,SINGLE_FAMILY,1806.0,3,OWNER_OCCUPIED,36-5186-168
U-OOVOV1B2LDQ0,CA-WA-00000191,130,TOWNHOME,2505.0,3,RENTED,19-2814-491
U-PPTBPIED6XW6,CA-WA-00000191,131,SINGLE_FAMILY,728.0,3,RENTED,74-3822-794
U-XDX1BVJG96OY,CA-CA-00000192,11B,CONDO_UNIT,891.0,2,OWNER_OCCUPIED,35-6146-435
U-NGVKZ8MWIOLV,CA-CA-00000192,16G,CONDO_UNIT,1198.0,2,OWNER_OCCUPIED,47-8055-488
U-6ZF9JAUXH3A5,CA-CA-00000192,26B,CONDO_UNIT,3128.0,3,OWNER_OCCUPIED,38-6661-879
U-KB6JNP8OY98E,CA-CA-00000192,29A,CONDO_UNIT,2479.0,3,OWNER_OCCUPIED,42-3524-358
U-1KTR2QZISNEF,CA-CA-00000192,29F,CONDO_UNIT,2236.0,3,OWNER_OCCUPIED,10-1568-147
U-909IU1JQ1UWX,CA-CA-00000192,8A,CONDO_UNIT,952.0,3,RENTED,42-7917-963
U-ZTBYQ168TGHY,CA-CA-00000192,27D,CONDO_UNIT,2246.0,3,OWNER_OCCUPIED,12-9145-978
U-E2V7YWLI1JSE,CA-CA-00000192,35B,CONDO_UNIT,1635.0,2,RENTED,61-8772-551
U-7KK5I0BLA723,CA-CA-00000192,1F,CONDO_UNIT,1841.0,1,OWNER_OCCUPIED,
U-933LHB44LR45,CA-CA-00000192,40F,CONDO_UNIT,2377.0,2,OWNER_OCCUPIED,42-5608-362
U-9P1KTDPMQZVK,CA-CA-00000192,20H,CONDO_UNIT,1654.0,5,OWNER_OCCUPIED,64-4340-730
U-KGK8T068HBV7,CA-CA-00000192,16E,CONDO_UNIT,678.0,3,RENTED,50-7243-168
U-4C1J90BL98CN,CA-CA-00000192,5F,CONDO_UNIT,2948.0,5,OWNER_OCCUPIED,27-1374-696
U-0K6LMSP86BPJ,CA-CA-00000192,5H,CONDO_UNIT,,1,OWNER_OCCUPIED,77-3443-494
U-ISN50W00888B,CA-CA-00000192,14H,CONDO_UNIT,3026.0,4,OWNER_OCCUPIED,19-1665-463
U-2T3X6AS8K7DY,CA-CA-00000192,15H,CONDO_UNIT,2405.0,2,OWNER_OCCUPIED,96-7881-633
U-9SBSFG7JV856,CA-CA-00000192,3A,CONDO_UNIT,3191.0,3,OWNER_OCCUPIED,30-4488-647
U-1YKPJ3ARGDYQ,CA-CA-00000192,15F,CONDO_UNIT,1043.0,2,RENTED,49-8032-112
U-44UZLKDJAYK5,CA-CA-00000192,33A,CONDO_UNIT,3064.0,3,OWNER_OCCUPIED,70-2180-812
U-GTKI8E952PS1,CA-CA-00000192,16D,CONDO_UNIT,2916.0,2,RENTED,84-2145-638
U-BBJU56S3XFM5,CA-CA-00000192,39F,CONDO_UNIT,1698.0,3,OWNER_OCCUPIED,89-9372-731
U-SBPY3KOISQ7A,CA-CA-00000192,4E,CONDO_UNIT,1667.0,2,RENTED,69-3513-392
U-HF3VBARV7UC7,CA-CA-00000192,30F,CONDO_UNIT,1154.0,1,OWNER_OCCUPIED,25-1846-494
U-NKN4QQAD8AI0,CA-CA-00000192,16E,CONDO_UNIT,2124.0,1,OWNER_OCCUPIED,53-1004-625
U-TOGUMP35J0M0,CA-CA-00000192,35A,CONDO_UNIT,1428.0,3,OWNER_OCCUPIED,95-2839-534
U-Z2MK6J4YYVZY,CA-CA-00000192,12H,CONDO_UNIT,2503.0,3,RENTED,47-7346-415
U-B9QN2Z74M2Z4,CA-CA-00000192,1G,CONDO_UNIT,669.0,3,RENTED,54-1993-255
U-71VW2A76873Y,CA-CA-00000192,38H,CONDO_UNIT,2455.0,3,RENTED,
U-X54BPNE2XK56,CA-CA-00000192,26A,CONDO_UNIT,2843.0,3,RENTED,43-8843-834
U-HBWHM8IECA1L,CA-CA-00000192,30D,CONDO_UNIT,1254.0,3,RENTED,85-3071-364
U-2ASWR06ZE1W9,CA-CA-00000192,33E,CONDO_UNIT,2820.0,2,OWNER_OCCUPIED,97-5506-659
U-DZZMCOK4RTSH,CA-CA-00000192,37E,CONDO_UNIT,2745.0,2,RENTED,43-3889-393
U-C6VGCODQC2NX,CA-CA-00000192,7A,CONDO_UNIT,1198.0,5,RENTED,31-5742-782
U-SDVU01E5YGD6,CA-CA-00000192,2C,CONDO_UNIT,2013.0,3,OWNER_OCCUPIED,22-8221-960
U-9DYCPW9O8WU3,CA-CA-00000192,37H,CONDO_UNIT,2684.0,1,VACANT,37-1147-644
U-MVYDZLFZT7O9,CA-CA-00000192,15A,CONDO_UNIT,,2,OWNER_OCCUPIED,74-4535-243
U-G4C674WQLVP5,CA-CA-00000192,34H,CONDO_UNIT,2828.0,4,OWNER_OCCUPIED,84-3670-465
U-8RCMV6VCCB4D,CA-CA-00000192,38A,CONDO_UNIT,1683.0,2,OWNER_OCCUPIED,73-4035-709
U-XND17RDQYSCP,CA-CA-00000192,11A,CONDO_UNIT,2444.0,4,RENTED,46-8807-430
U-BPBYW08NNKAX,CA-CA-00000192,39B,CONDO_UNIT,2093.0,4,OWNER_OCCUPIED,72-2744-488
U-L74G3NQP0UMQ,CA-CA-00000192,34E,CONDO_UNIT,2931.0,2,OWNER_OCCUPIED,89-4985-123
U-X8OSUTUG4K85,CA-CA-00000192,39E,CONDO_UNIT,795.0,2,OWNER_OCCUPIED,14-7247-888
U-0Q7SS2NGO4XM,CA-CA-00000192,12A,CONDO_UNIT,,4,OWNER_OCCUPIED,76-4544-375
U-LSGMWRVPR7FJ,CA-CA-00000192,10H,CONDO_UNIT,931.0,2,OWNER_OCCUPIED,69-5068-144
U-SQK6EG04X7I0,CA-CA-00000192,1D,CONDO_UNIT,1595.0,3,OWNER_OCCUPIED,89-8394-268
U-648JFLTLPT01,CA-CA-00000192,6H,CONDO_UNIT,1297.0,3,OWNER_OCCUPIED,58-8515-950
U-OMNLQVRC567O,CA-CA-00000192,40B,CONDO_UNIT,2619.0,2,RENTED,95-8109-936
U-AUQRLI2XSEUS,CA-CA-00000192,11A,CONDO_UNIT,2830.0,2,OWNER_OCCUPIED,68-7938-940
U-2O8WZ84F358D,CA-CA-00000192,28C,CONDO_UNIT,1918.0,3,OWNER_OCCUPIED,96-8589-336
U-A4AR4UOBCP75,CA-CA-00000192,17F,CONDO_UNIT,2208.0,2,OWNER_OCCUPIED,63-7267-511
U-K7F8EGB451J5,CA-CA-00000192,36B,CONDO_UNIT,1146.0,4,OWNER_OCCUPIED,64-3478-282
U-JISD15651D2T,CA-CA-00000192,18H,CONDO_UNIT,3106.0,5,OWNER_OCCUPIED,90-4495-936
U-IB8BMM45NEKP,CA-CA-00000192,25C,CONDO_UNIT,957.0,3,OWNER_OCCUPIED,33-9830-834
U-DAHHLDMWXOJ5,CA-CA-00000192,29E,CONDO_UNIT,2930.0,2,OWNER_OCCUPIED,66-9586-140
U-4JMAPS5KTKQJ,CA-CA-00000192,1F,CONDO_UNIT,1090.0,2,OWNER_OCCUPIED,43-7654-403
U-FJ5PALBD67GF,CA-CA-00000192,25A,CONDO_UNIT,2224.0,2,OWNER_OCCUPIED,88-8715-927
U-YCJZCCU28N0H,CA-CA-00000192,40C,CONDO_UNIT,1759.0,4,RENTED,29-6257-721
U-HYZRRS26BIGA,CA-CA-00000192,29A,CONDO_UNIT,3023.0,3,OWNER_OCCUPIED,52-1508-220
U-9HIBRHL3462T,CA-CA-00000192,29E,CONDO_UNIT,2644.0,3,OWNER_OCCUPIED,13-7002-663
U-5JHHD22K87WC,CA-CA-00000192,13F,CONDO_UNIT,,3,OWNER_OCCUPIED,89-1340-482
U-4T1RVJYUCEPH,CA-CA-00000193,20B,CONDO_UNIT,2983.0,2,RENTED,81-3537-229
U-DSO6H3JKAAGB,CA-CA-00000193,20H,CONDO_UNIT,1909.0,1,OWNER_OCCUPIED,28-6487-199
U-H88HOR7E19IS,CA-CA-00000193,26E,CONDO_UNIT,3178.0,3,OWNER_OCCUPIED,
U-YXW42Z6BGZMH,CA-CA-00000193,21A,CONDO_UNIT,,3,RENTED,
U-DF3SVT7VSUBO,CA-CA-00000193,31E,CONDO_UNIT,1483.0,4,VACANT,32-8388-623
U-G29AY89VAFRM,CA-CA-00000193,27B,CONDO_UNIT,680.0,1,RENTED,59-7960-174
U-4Q8J0LEFITX0,CA-CA-00000193,34B,CONDO_UNIT,1722.0,3,RENTED,95-9859-373
U-35AHK2YSKQ1P,CA-CA-00000193,13H,CONDO_UNIT,2295.0,1,VACANT,84-7722-526
U-I4PWA8AA3I4M,CA-CA-00000193,11D,CONDO_UNIT,1789.0,4,VACANT,79-4771-893
U-6H5QWQZL6BYX,CA-CA-00000193,37H,CONDO_UNIT,2034.0,3,RENTED,49-8082-621
U-CSZKEAUDPMC2,CA-CA-00000193,32F,CONDO_UNIT,2977.0,1,OWNER_OCCUPIED,41-2972-994
U-O3CIWVWH1LNR,CA-CA-00000193,25B,CONDO_UNIT,,3,OWNER_OCCUPIED,36-1508-676
U-C8HZI0FPWXPJ,CA-CA-00000193,32E,CONDO_UNIT,3124.0,4,OWNER_OCCUPIED,97-3610-120
U-DHK523K6NFTI,CA-CA-00000193,23A,CONDO_UNIT,700.0,3,OWNER_OCCUPIED,85-4141-101
U-7UMWPHORCGLU,CA-CA-00000193,10G,CONDO_UNIT,2600.0,5,OWNER_OCCUPIED,
U-LWMXVSFKXLFB,CA-CA-00000193,5F,CONDO_UNIT,2567.0,3,OWNER_OCCUPIED,98-6587-340
U-WUXYOHSG2VXS,CA-CA-00000193,29C,CONDO_UNIT,3183.0,2,RENTED,46-3082-421
U-QKV2PNU4IMKT,CA-CA-00000193,24B,CONDO_UNIT,675.0,1,OWNER_OCCUPIED,81-8291-636
U-T8PMETLYYWK2,CA-CA-00000193,32A,CONDO_UNIT,2952.0,3,OWNER_OCCUPIED,34-9461-138
U-0UVG7KEMBP1Q,CA-CA-00000193,36G,CONDO_UNIT,1365.0,3,OWNER_OCCUPIED,98-9996-931
U-75C74ZI2U8Y4,CA-CA-00000193,21E,CONDO_UNIT,1872.0,4,OWNER_OCCUPIED,77-2546-844
U-AWDO7VKWI75H,CA-CA-00000193,40C,CONDO_UNIT,2221.0,4,OWNER_OCCUPIED,38-7585-333
U-28WN8CHTQAVP,CA-CA-00000193,37H,CONDO_UNIT,2367.0,3,OWNER_OCCUPIED,42-7259-212
U-KMS5YSAKN6X6,CA-CA-00000193,23G,CONDO_UNIT,,2,RENTED,93-3519-281
U-YUS37UOBANSV,CA-CA-00000193,6D,CONDO_UNIT,1502.0,4,OWNER_OCCUPIED,14-2611-499
U-LF574ZKSIJ0L,CA-CA-00000193,29C,CONDO_UNIT,724.0,3,RENTED,61-7579-436
U-AMD7YICY6OS5,CA-CA-00000193,30A,CONDO_UNIT,1712.0,1,RENTED,10-7845-896
U-GRBWAPTMXWZK,CA-CA-00000193,11C,CONDO_UNIT,3071.0,2,OWNER_OCCUPIED,48-5436-789
U-3YICUTCIN1XP,CA-CA-00000193,39F,CONDO_UNIT,2289.0,2,RENTED,91-1111-703
U-BO5GRCC46U4J,CA-CA-00000193,26A,CONDO_UNIT,1428.0,3,OWNER_OCCUPIED,87-7414-868
U-4Y61B2V2KHAR,CA-CA-00000193,4E,CONDO_UNIT,926.0,3,OWNER_OCCUPIED,59-4163-203
U-NRBJTFJEKJ3E,CA-CA-00000193,35D,CONDO_UNIT,2694.0,4,OWNER_OCCUPIED,83-8957-288
U-6AIM3PSR0MAM,CA-CA-00000193,38D,CONDO_UNIT,1243.0,3,RENTED,20-3815-481
U-L4BLA7WDVYZV,CA-CA-00000193,3E,CONDO_UNIT,887.0,3,OWNER_OCCUPIED,89-8064-638
U-S2LVA0CVHEJR,CA-CA-00000193,21C,CONDO_UNIT,2023.0,5,OWNER_OCCUPIED,29-3304-861
U-5QL14FWJWU3R,CA-CA-00000193,4G,CONDO_UNIT,2124.0,5,OWNER_OCCUPIED,83-2245-557
U-KLE1TLJEB7LF,CA-CA-00000193,9E,CONDO_UNIT,672.0,2,VACANT,39-6437-315
U-SBX6YMVMRPVZ,CA-CA-00000193,38C,CONDO_UNIT,860.0,5,RENTED,47-5649-422
U-5OJ742CNZ6HK,CA-CA-00000193,1D,CONDO_UNIT,1685.0,3,RENTED,96-2525-422
U-UDI2LYI3JUP6,CA-CA-00000193,14H,CONDO_UNIT,3157.0,5,OWNER_OCCUPIED,90-4896-282
U-8UZM5WTKDHAQ,CA-CA-00000193,39E,CONDO_UNIT,1014.0,1,RENTED,89-5101-847
U-1XH607CJ71QL,CA-CA-00000193,3G,CONDO_UNIT,1918.0,3,RENTED,82-7016-366
U-1NWKGPGVSSBI,CA-CA-00000193,24F,CONDO_UNIT,2793.0,2,RENTED,90-9772-965
U-YVVTRK7EV2I4,CA-CA-00000193,18A,CONDO_UNIT,2630.0,2,OWNER_OCCUPIED,32-1655-521
U-87CTFLRSONES,CA-CA-00000193,28H,CONDO_UNIT,3000.0,5,OWNER_OCCUPIED,84-1171-363
U-ACHTGA4QN1F0,CA-CA-00000193,18E,CONDO_UNIT,2936.0,2,OWNER_OCCUPIED,74-7455-881
U-RV3YCLAKY4DI,CA-CA-00000193,23H,CONDO_UNIT,1468.0,2,RENTED,40-7637-131
U-NEX7BAI3HUGH,CA-CA-00000193,13E,CONDO_UNIT,741.0,3,OWNER_OCCUPIED,88-6492-785
U-1VKVCNX2KFD5,CA-CA-00000193,39B,CONDO_UNIT,2390.0,2,VACANT,40-5174-923
U-OMI9DBED4DDE,CA-CA-00000193,25D,CONDO_UNIT,1489.0,1,OWNER_OCCUPIED,57-5705-730
U-I3K7CG5FZV1I,CA-CA-00000193,37E,CONDO_UNIT,2032.0,4,RENTED,28-7001-363
U-HBBBNQRQTM8Y,CA-IL-00000194,100,TOWNHOME,3170.0,2,OWNER_OCCUPIED,
U-NHVCME1OWG8Q,CA-IL-00000194,101,TOWNHOME,1374.0,3,OWNER_OCCUPIED,99-5110-169
U-T67BC9DLR7H9,CA-IL-00000194,102,TOWNHOME,997.0,2,OWNER_OCCUPIED,47-2533-421
U-VRVK6ZM548X4,CA-IL-00000194,103,SINGLE_FAMILY,2365.0,2,OWNER_OCCUPIED,74-8959-495
U-QO0X08EJYDO1,CA-IL-00000194,104,TOWNHOME,1504.0,1,VACANT,24-1228-169
U-CL5BXT85NTYT,CA-IL-00000194,105,SINGLE_FAMILY,2111.0,3,OWNER_OCCUPIED,60-8197-469
U-AFGFZYO6WCQH,CA-IL-00000194,106,TOWNHOME,2068.0,1,OWNER_OCCUPIED,
U-QF3WGCLIGA4Z,CA-IL-00000194,107,TOWNHOME,1983.0,2,OWNER_OCCUPIED,11-6133-663
U-NYJ2CWEB8EBM,CA-IL-00000194,108,SINGLE_FAMILY,837.0,1,OWNER_OCCUPIED,91-1534-249
U-MV3V3T1WM1Y5,CA-IL-00000194,109,SINGLE_FAMILY,1748.0,1,VACANT,74-2993-906
U-O4SA9APNNANQ,CA-IL-00000194,110,SINGLE_FAMILY,714.0,2,OWNER_OCCUPIED,75-8581-471
U-O118RB3ZYQ5N,CA-IL-00000194,111,TOWNHOME,2571.0,4,OWNER_OCCUPIED,94-6265-671
U-FGINHTYKMP3F,CA-IL-00000194,112,SINGLE_FAMILY,1055.0,3,OWNER_OCCUPIED,77-4413-730
U-Q46S2MKZPMIN,CA-IL-00000194,113,SINGLE_FAMILY,2612.0,3,OWNER_OCCUPIED,31-3613-522
U-XJJ78964UTGN,CA-IL-00000194,114,SINGLE_FAMILY,1810.0,2,OWNER_OCCUPIED,30-7113-171
U-6ET84Q8NMQQT,CA-IL-00000194,115,TOWNHOME,1379.0,3,OWNER_OCCUPIED,97-1854-699
U-SYZQY2CS7A3F,CA-IL-00000194,116,SINGLE_FAMILY,661.0,3,OWNER_OCCUPIED,95-6944-651
U-SQXAMHB03HQY,CA-IL-00000194,117,TOWNHOME,708.0,3,RENTED,88-1689-404
U-4CMWGNUTCWBX,CA-AZ-00000195,100,TOWNHOME,1466.0,3,OWNER_OCCUPIED,81-9017-973
U-3SCT2XEE5TSX,CA-AZ-00000195,101,TOWNHOME,2632.0,3,OWNER_OCCUPIED,16-7631-135
U-ULMS4YVOGG9I,CA-AZ-00000195,102,TOWNHOME,1521.0,3,OWNER_OCCUPIED,63-7965-274
U-Q2DUL9434YWU,CA-AZ-00000195,103,TOWNHOME,814.0,3,OWNER_OCCUPIED,73-5238-482
U-M1RSKL2SZ0R0,CA-AZ-00000195,104,TOWNHOME,2822.0,3,OWNER_OCCUPIED,65-5817-973
U-Q0MHAFG2DS1M,CA-AZ-00000195,105,TOWNHOME,2312.0,3,RENTED,23-4098-672
U-9SBLVTXK1UO5,CA-AZ-00000195,106,TOWNHOME,866.0,2,RENTED,64-6568-142
U-LB70XJMXT3FR,CA-AZ-00000195,107,TOWNHOME,2388.0,3,OWNER_OCCUPIED,22-8149-388
U-6T1ORFOYQMX3,CA-AZ-00000195,108,TOWNHOME,2411.0,3,OWNER_OCCUPIED,91-2654-534
U-B2UCXX6RO6KQ,CA-AZ-00000195,109,TOWNHOME,1502.0,3,OWNER_OCCUPIED,72-8330-565
U-UU3JIMOJO4A7,CA-AZ-00000195,110,TOWNHOME,2935.0,3,RENTED,51-8751-240
U-1B0G0MHKJHSG,CA-AZ-00000195,111,TOWNHOME,,3,RENTED,83-4165-335
U-KA9GALXLMJHD,CA-AZ-00000195,112,TOWNHOME,1746.0,5,RENTED,84-9099-961
U-PGJ1JKS2GT8L,CA-AZ-00000195,113,TOWNHOME,2547.0,4,RENTED,56-5050-908
U-LK3NIA2N5U5N,CA-AZ-00000195,114,TOWNHOME,3057.0,3,OWNER_OCCUPIED,50-1050-534
U-S9G5AZ1QW5A2,CA-AZ-00000195,115,TOWNHOME,1969.0,3,OWNER_OCCUPIED,33-6390-495
U-TNZ1MHGIH2EI,CA-AZ-00000195,116,TOWNHOME,1704.0,3,OWNER_OCCUPIED,69-8516-625
U-XY9ULIM8MQKW,CA-AZ-00000195,117,TOWNHOME,2206.0,4,RENTED,42-6444-927
U-CNROVA2315BT,CA-AZ-00000195,118,TOWNHOME,1724.0,2,RENTED,79-8260-663
U-WYFL3VP8QSM7,CA-AZ-00000195,119,TOWNHOME,,3,OWNER_OCCUPIED,60-1288-130
U-A74QSPI0GUMI,CA-AZ-00000195,120,TOWNHOME,1407.0,4,OWNER_OCCUPIED,32-8911-978
U-QEQ3ZWZJ9WF7,CA-AZ-00000195,121,TOWNHOME,1890.0,2,OWNER_OCCUPIED,95-1553-130
U-WTHW6JB9EJIY,CA-AZ-00000195,122,TOWNHOME,1424.0,2,VACANT,30-9291-531
U-0VNA8PAV8OYM,CA-AZ-00000195,123,TOWNHOME,2124.0,2,OWNER_OCCUPIED,73-9273-317
U-OXA0EZFKXGYB,CA-AZ-00000195,124,TOWNHOME,1720.0,3,RENTED,64-5591-117
U-RGWVTN2POHMY,CA-AZ-00000195,125,TOWNHOME,2940.0,2,RENTED,25-7453-368
U-EJD7KI93E4UY,CA-AZ-00000195,126,TOWNHOME,,3,RENTED,26-6838-431
U-N8HY48NCSR37,CA-AZ-00000195,127,TOWNHOME,,1,RENTED,41-8904-706
U-T6XVWWPELKG3,CA-AZ-00000195,128,TOWNHOME,,3,OWNER_OCCUPIED,89-3212-723
U-BL647YIM138A,CA-AZ-00000195,129,TOWNHOME,1473.0,5,RENTED,81-9162-172
U-KERFGVG8FGS9,CA-AZ-00000195,130,TOWNHOME,2104.0,4,OWNER_OCCUPIED,
U-VVBN3YXZQO68,CA-AZ-00000195,131,TOWNHOME,1244.0,2,OWNER_OCCUPIED,
U-AJTFLCVWTVYX,CA-AZ-00000195,132,TOWNHOME,,3,RENTED,90-4846-236
U-0XHF8O7KFHPO,CA-AZ-00000195,133,TOWNHOME,1980.0,3,OWNER_OCCUPIED,47-9820-835
U-3DCVSBGUGY6H,CA-AZ-00000195,134,TOWNHOME,2294.0,4,OWNER_OCCUPIED,85-9129-151
U-QQLZ5DM3UXM8,CA-AZ-00000195,135,TOWNHOME,2063.0,3,OWNER_OCCUPIED,35-5878-397
U-8OED4QWCFQ0M,CA-AZ-00000195,136,TOWNHOME,1668.0,2,OWNER_OCCUPIED,33-3836-293
U-0IKJTFI5CKDQ,CA-AZ-00000195,137,TOWNHOME,,3,RENTED,13-5896-477
U-8EK47UNMMYVJ,CA-AZ-00000195,138,TOWNHOME,,4,OWNER_OCCUPIED,17-1488-716
U-NRT73588GY1R,CA-AZ-00000195,139,TOWNHOME,1934.0,3,OWNER_OCCUPIED,93-9907-979
U-Q1U5FD88JUQB,CA-AZ-00000195,140,TOWNHOME,658.0,2,RENTED,75-3488-918
U-WBB2O0Q0I3VP,CA-AZ-00000195,141,TOWNHOME,2138.0,5,OWNER_OCCUPIED,10-5360-928
U-7L3AEML39COA,CA-AZ-00000195,142,TOWNHOME,2965.0,2,OWNER_OCCUPIED,53-2712-945
U-PW95MHGXOLPF,CA-AZ-00000195,143,TOWNHOME,2936.0,3,OWNER_OCCUPIED,73-7279-786
U-2O7J29VRPFXQ,CA-AZ-00000195,144,TOWNHOME,871.0,3,OWNER_OCCUPIED,44-4734-447
U-B7B4AXY8KHD5,CA-AZ-00000195,145,TOWNHOME,1984.0,2,OWNER_OCCUPIED,40-7323-896
U-NK4E1OD0PQHU,CA-AZ-00000195,146,TOWNHOME,2138.0,3,RENTED,96-4362-332
U-443YK3Z1LZZ4,CA-AZ-00000195,147,TOWNHOME,1848.0,3,VACANT,95-5718-518
U-4LOZGUKR8TU1,CA-AZ-00000195,148,TOWNHOME,2753.0,3,OWNER_OCCUPIED,88-8226-611
U-DDCVOS3D2VM1,CA-AZ-00000195,149,TOWNHOME,2443.0,2,OWNER_OCCUPIED,39-6797-195
U-PIEPXA82LACT,CA-NC-00000196,10D,CONDO_UNIT,775.0,2,VACANT,99-4300-488
U-ZU1IHSRLRPQ8,CA-NC-00000196,34A,CONDO_UNIT,1705.0,3,OWNER_OCCUPIED,21-6440-604
U-4AZRHYFWAB9J,CA-NC-00000196,13E,CONDO_UNIT,3195.0,3,OWNER_OCCUPIED,
U-HTSG6ARQQPO8,CA-NC-00000196,13B,CONDO_UNIT,915.0,3,RENTED,15-3582-195
U-PMG52AFKWNWF,CA-NC-00000196,1G,CONDO_UNIT,1809.0,1,OWNER_OCCUPIED,31-3026-240
U-JMNQYKZWVB18,CA-NC-00000196,29H,CONDO_UNIT,2087.0,2,RENTED,92-2965-455
U-PGW9HBPIW4T3,CA-NC-00000196,5E,CONDO_UNIT,1152.0,2,OWNER_OCCUPIED,35-6588-183
U-LBWCU814XDEW,CA-NC-00000196,40D,CONDO_UNIT,1614.0,3,RENTED,63-9569-545
U-1T984LZRAQZF,CA-NC-00000196,30G,CONDO_UNIT,1189.0,2,OWNER_OCCUPIED,
U-ZTRZ4BWDABNQ,CA-NC-00000196,38C,CONDO_UNIT,1566.0,3,OWNER_OCCUPIED,18-6161-480
U-N8FGEQ0DNFXG,CA-NC-00000196,22C,CONDO_UNIT,2727.0,1,OWNER_OCCUPIED,29-5577-264
U-3CCYW0EAXEOJ,CA-NC-00000196,11D,CONDO_UNIT,2848.0,5,OWNER_OCCUPIED,78-8674-161
U-XWCVH69UGRFZ,CA-NC-00000196,5G,CONDO_UNIT,1064.0,1,RENTED,61-7373-281
U-DA72RJSZN8PZ,CA-NC-00000196,24D,CONDO_UNIT,2632.0,4,OWNER_OCCUPIED,74-9451-182
U-4PXCBPTKKHQC,CA-NC-00000196,26E,CONDO_UNIT,1870.0,2,OWNER_OCCUPIED,82-4710-447
U-BIVW47WM6VIM,CA-NC-00000196,29C,CONDO_UNIT,2725.0,2,OWNER_OCCUPIED,94-8622-419
U-L456GE0B6FHQ,CA-NC-00000196,21E,CONDO_UNIT,2821.0,2,OWNER_OCCUPIED,97-2386-272
U-DRNILHOH0J2M,CA-NC-00000196,34C,CONDO_UNIT,,5,OWNER_OCCUPIED,66-5146-988
U-CWNCMN6LA1J1,CA-NC-00000196,26D,CONDO_UNIT,2243.0,3,OWNER_OCCUPIED,50-3329-194
U-44B6B5I4F6D4,CA-NC-00000196,15G,CONDO_UNIT,1667.0,3,OWNER_OCCUPIED,88-6708-661
U-0H9S5I8P8BKV,CA-NC-00000196,2C,CONDO_UNIT,1595.0,4,OWNER_OCCUPIED,39-8371-234
U-UXC91JQ6QVMO,CA-NC-00000196,21B,CONDO_UNIT,2374.0,3,OWNER_OCCUPIED,13-6465-503
U-7ZO1K9A96DFK,CA-NC-00000196,5B,CONDO_UNIT,1916.0,2,RENTED,37-9548-430
U-4RK668DABMQ8,CA-NC-00000196,3B,CONDO_UNIT,838.0,3,OWNER_OCCUPIED,44-4649-324
U-ZMFJ3P5ITZN9,CA-NC-00000196,2F,CONDO_UNIT,1439.0,3,VACANT,69-1373-760
U-W4ZDR037Q5EP,CA-NC-00000196,2G,CONDO_UNIT,2979.0,2,VACANT,98-5205-525
U-UJ8I0WQ89V94,CA-NC-00000196,40C,CONDO_UNIT,947.0,1,OWNER_OCCUPIED,27-1905-555
U-YQLLML3VKL5C,CA-NC-00000196,28D,CONDO_UNIT,1653.0,3,OWNER_OCCUPIED,64-8052-878
U-XS5RO1J8TK6M,CA-NC-00000196,35H,CONDO_UNIT,2094.0,1,RENTED,79-2107-914
U-MBF4W9W7LIRJ,CA-NC-00000196,3C,CONDO_UNIT,1691.0,2,OWNER_OCCUPIED,16-6770-924
U-FHHGB8WRWIB1,CA-NC-00000196,38A,CONDO_UNIT,2776.0,3,OWNER_OCCUPIED,71-6206-226
U-ZFZ0G967E46K,CA-NC-00000196,40C,CONDO_UNIT,1664.0,2,OWNER_OCCUPIED,10-1588-422
U-Z46OD862IQMF,CA-NC-00000196,21C,CONDO_UNIT,1906.0,3,OWNER_OCCUPIED,96-9018-244
U-0CAKBJJOHB3Z,CA-NC-00000196,25E,CONDO_UNIT,2879.0,3,OWNER_OCCUPIED,37-5934-704
U-DKQI7TT0074I,CA-NC-00000196,22F,CONDO_UNIT,2712.0,2,OWNER_OCCUPIED,72-1240-308
U-GMOB2K8MT08N,CA-NC-00000196,7F,CONDO_UNIT,1899.0,2,OWNER_OCCUPIED,91-4096-824
U-YRHYE9KUA312,CA-NC-00000196,5B,CONDO_UNIT,2559.0,3,OWNER_OCCUPIED,75-7811-555
U-6HWHSGUOE4TQ,CA-NC-00000196,13D,CONDO_UNIT,2598.0,3,OWNER_OCCUPIED,73-7215-410
U-8X4NC3UEG9QD,CA-NC-00000196,2D,CONDO_UNIT,2579.0,3,OWNER_OCCUPIED,22-6121-674
U-JGUC9FMHGX1S,CA-NC-00000196,13G,CONDO_UNIT,2840.0,2,OWNER_OCCUPIED,78-5584-775
U-FHDV5KHPRH19,CA-NC-00000196,27G,CONDO_UNIT,,4,VACANT,95-5516-938
U-57PTMWK2YXHU,CA-NC-00000196,28C,CONDO_UNIT,1792.0,3,OWNER_OCCUPIED,82-7629-567
U-KVR0I3RC5VRF,CA-NC-00000196,32D,CONDO_UNIT,3114.0,3,OWNER_OCCUPIED,77-4372-221
U-371H0UP486EW,CA-NC-00000196,31F,CONDO_UNIT,,3,OWNER_OCCUPIED,34-1436-401
U-ZPLXZ854I5N5,CA-NC-00000196,18E,CONDO_UNIT,2768.0,3,OWNER_OCCUPIED,41-3093-251
U-3H05P69DC2PP,CA-NC-00000196,14A,CONDO_UNIT,907.0,2,RENTED,34-3225-111
U-DW0S7S3RRAX6,CA-NC-00000196,14G,CONDO_UNIT,1720.0,5,OWNER_OCCUPIED,76-2743-554
U-KZMUA29R2PU3,CA-NC-00000196,30H,CONDO_UNIT,1928.0,2,OWNER_OCCUPIED,73-6495-857
U-N13G8XZYYHK6,CA-NC-00000196,5C,CONDO_UNIT,1458.0,4,VACANT,84-2626-427
U-DANXX76S1Y36,CA-NC-00000196,9F,CONDO_UNIT,1595.0,3,RENTED,21-4153-686
U-H0JA72MTW9YX,CA-NC-00000196,12G,CONDO_UNIT,1985.0,2,OWNER_OCCUPIED,22-4981-943
U-5X66UWS3ZRTV,CA-NC-00000196,5A,CONDO_UNIT,1763.0,3,RENTED,93-6006-165
U-SSYFZM31WRHR,CA-NC-00000196,5E,CONDO_UNIT,1500.0,4,RENTED,46-8712-616
U-8NN5K3P89LFW,CA-NC-00000196,7C,CONDO_UNIT,,3,RENTED,15-3567-864
U-B75T1OTP0PJA,CA-NC-00000196,18G,CONDO_UNIT,2732.0,3,VACANT,93-8620-408
U-1Q3Z2DJEP77N,CA-NC-00000196,13A,CONDO_UNIT,1222.0,3,RENTED,74-3344-345
U-5PV5FOT4XP1Q,CA-NC-00000196,7A,CONDO_UNIT,,5,OWNER_OCCUPIED,55-5405-677
U-5Y8LHE81BRTP,CA-NC-00000196,8A,CONDO_UNIT,2621.0,1,OWNER_OCCUPIED,99-3296-564
U-8I5WWBYCR6QF,CA-TX-00000197,100,SINGLE_FAMILY,1196.0,1,RENTED,56-8453-181
U-7CMWEKFE3YFH,CA-TX-00000197,101,TOWNHOME,1294.0,5,OWNER_OCCUPIED,89-3580-124
U-GCMLLBSJTAAW,CA-TX-00000197,102,SINGLE_FAMILY,922.0,3,OWNER_OCCUPIED,69-2871-747
U-H5PSE9U2YZQB,CA-TX-00000197,103,SINGLE_FAMILY,3036.0,1,RENTED,
U-TDXYX450QYIM,CA-TX-00000197,104,TOWNHOME,2425.0,2,OWNER_OCCUPIED,92-8966-362
U-S5FVXRWB8VNH,CA-TX-00000197,105,TOWNHOME,2977.0,3,OWNER_OCCUPIED,24-7322-871
U-IXXPD7I1OG1P,CA-TX-00000197,106,SINGLE_FAMILY,2553.0,3,OWNER_OCCUPIED,82-3159-777
U-INX84462BX7V,CA-TX-00000197,107,TOWNHOME,2012.0,5,VACANT,76-4969-756
U-9XKZ1SRT6UDA,CA-TX-00000197,108,SINGLE_FAMILY,2978.0,2,VACANT,57-5292-187
U-7OOSP541A83T,CA-TX-00000197,109,TOWNHOME,2330.0,3,OWNER_OCCUPIED,31-5620-133
U-W6402EGTYFIU,CA-TX-00000197,110,SINGLE_FAMILY,1770.0,4,RENTED,52-9977-387
U-IWOTH3GE5DH6,CA-TX-00000197,111,SINGLE_FAMILY,2509.0,2,OWNER_OCCUPIED,21-9538-958
U-NZVU6B0EPIYU,CA-TX-00000197,112,TOWNHOME,2398.0,3,OWNER_OCCUPIED,57-3179-515
U-V1Z421P12REI,CA-TX-00000197,113,SINGLE_FAMILY,987.0,2,VACANT,63-5149-713
U-90MYNDL6HG9F,CA-TX-00000197,114,SINGLE_FAMILY,948.0,4,OWNER_OCCUPIED,48-5647-820
U-IJ16DXLQ38GM,CA-TX-00000197,115,SINGLE_FAMILY,1363.0,2,OWNER_OCCUPIED,71-8751-736
U-GLV5SUX8ESN1,CA-TX-00000197,116,SINGLE_FAMILY,1153.0,2,OWNER_OCCUPIED,39-6554-495
U-KCQ7TAE9CPDR,CA-TX-00000197,117,TOWNHOME,,3,OWNER_OCCUPIED,54-4345-737
U-NIQI14RVYMDK,CA-TX-00000197,118,TOWNHOME,2826.0,4,OWNER_OCCUPIED,31-5770-965
U-V63KLWS3WBVP,CA-TX-00000197,119,TOWNHOME,1999.0,1,RENTED,14-6855-753
U-8X8ZUUZ87PMH,CA-TX-00000197,120,TOWNHOME,958.0,3,OWNER_OCCUPIED,62-4299-381
U-EV0P45KP9HIX,CA-TX-00000197,121,TOWNHOME,1908.0,2,RENTED,98-4711-257
U-N8FW1CB968Z9,CA-TX-00000197,122,SINGLE_FAMILY,2651.0,2,VACANT,32-4806-544
U-SSEWJDM90OAD,CA-TX-00000197,123,TOWNHOME,3148.0,4,RENTED,14-9170-571
U-LZ50FCON8KRY,CA-NY-00000198,22D,CONDO_UNIT,1180.0,3,OWNER_OCCUPIED,98-6553-934
U-YFK9OJ7I0EJX,CA-NY-00000198,17B,CONDO_UNIT,2269.0,3,OWNER_OCCUPIED,68-1878-730
U-4VTZWTKGVDVI,CA-NY-00000198,17C,CONDO_UNIT,1039.0,2,VACANT,97-8012-864
U-ISMBTO1CGFQS,CA-NY-00000198,28D,CONDO_UNIT,2949.0,3,RENTED,86-4849-110
U-PHJT50CXUYHZ,CA-NY-00000198,9G,CONDO_UNIT,,1,OWNER_OCCUPIED,89-6882-597
U-O5JGIFXC5EQO,CA-NY-00000198,4E,CONDO_UNIT,1849.0,2,OWNER_OCCUPIED,69-3216-707
U-DT5F7MJQ4R00,CA-NY-00000198,14A,CONDO_UNIT,3081.0,2,RENTED,18-9800-387
U-B8EEMCF7QD0D,CA-NY-00000198,37F,CONDO_UNIT,3030.0,2,OWNER_OCCUPIED,19-7973-139
U-UQNEGP7800KM,CA-NY-00000198,37G,CONDO_UNIT,2731.0,2,RENTED,16-9664-956
U-ATP9PX7LGZZP,CA-NY-00000198,18G,CONDO_UNIT,694.0,2,OWNER_OCCUPIED,22-4581-642
U-ZUDJ9957DWXY,CA-NY-00000198,31H,CONDO_UNIT,2836.0,4,RENTED,51-6775-268
U-RSL3G2YUHHUB,CA-NY-00000198,4D,CONDO_UNIT,2793.0,1,OWNER_OCCUPIED,50-4141-476
U-D1R3V6QG8OLF,CA-NY-00000198,40C,CONDO_UNIT,3147.0,3,OWNER_OCCUPIED,80-5881-403
U-6BYK8ZG0DHOJ,CA-NY-00000198,13D,CONDO_UNIT,1757.0,3,RENTED,32-8041-728
U-U6LIZH2MR1LO,CA-NY-00000198,21G,CONDO_UNIT,840.0,2,RENTED,31-4701-591
U-M9UDYJ5032UJ,CA-NY-00000198,37D,CONDO_UNIT,1952.0,1,OWNER_OCCUPIED,37-3999-550
U-FFTLPR3551UX,CA-NY-00000198,20G,CONDO_UNIT,3079.0,3,OWNER_OCCUPIED,44-4514-125
U-KTI0JMRZB9X4,CA-NY-00000198,8H,CONDO_UNIT,1493.0,2,RENTED,51-1029-491
U-QOVT9Q35FYN8,CA-NY-00000198,38H,CONDO_UNIT,2669.0,1,VACANT,54-7065-625
U-FXWDKBXNK3RS,CA-NY-00000198,22F,CONDO_UNIT,1930.0,4,OWNER_OCCUPIED,65-2640-106
U-ZOESTZ25ASRQ,CA-NY-00000198,28F,CONDO_UNIT,2396.0,3,OWNER_OCCUPIED,76-9961-499
U-VOVO2JHZN7P3,CA-NY-00000198,24C,CONDO_UNIT,2774.0,3,OWNER_OCCUPIED,
U-W0ZL4PSHUSDC,CA-NY-00000198,1H,CONDO_UNIT,2035.0,3,RENTED,65-8789-584
U-H1ALOLIY4FP7,CA-NY-00000198,4E,CONDO_UNIT,,3,OWNER_OCCUPIED,78-1364-571
U-P8YBVLLYFUY9,CA-NY-00000198,6C,CONDO_UNIT,2268.0,1,OWNER_OCCUPIED,63-9053-635
U-K4EGW1TPG53R,CA-NY-00000198,32C,CONDO_UNIT,1616.0,4,RENTED,87-4440-503
U-CU9F6IP0E9W7,CA-NY-00000198,31D,CONDO_UNIT,2253.0,2,OWNER_OCCUPIED,85-6422-784
U-V7L04PM298FP,CA-NY-00000198,20A,CONDO_UNIT,2585.0,1,RENTED,27-6424-600
U-1G9EUWACE9E8,CA-NY-00000198,5C,CONDO_UNIT,2430.0,2,RENTED,19-6271-895
U-RYFI5066KQBT,CA-NY-00000198,27E,CONDO_UNIT,1224.0,2,OWNER_OCCUPIED,48-2632-289
U-KFGSW66QRD5B,CA-NY-00000198,29H,CONDO_UNIT,2022.0,3,OWNER_OCCUPIED,77-3201-571
U-M739LJUMHJP4,CA-NY-00000198,15C,CONDO_UNIT,2953.0,3,OWNER_OCCUPIED,36-4438-762
U-MTJI8CI38NH5,CA-NY-00000198,38E,CONDO_UNIT,1500.0,5,OWNER_OCCUPIED,30-7652-767
U-46Q2FKO7DIRG,CA-NY-00000198,32B,CONDO_UNIT,,4,OWNER_OCCUPIED,53-8766-893
U-9XFQ4B42JFJB,CA-NY-00000198,38H,CONDO_UNIT,2134.0,2,OWNER_OCCUPIED,39-3780-440
U-LMSP517XAYSQ,CA-NY-00000198,20A,CONDO_UNIT,1591.0,4,OWNER_OCCUPIED,84-9974-875
U-Q06WQ90P02M4,CA-NY-00000198,18A,CONDO_UNIT,1694.0,3,OWNER_OCCUPIED,91-9805-803
U-5X49YSM5CQ2B,CA-NY-00000198,1A,CONDO_UNIT,2461.0,2,OWNER_OCCUPIED,68-2836-949
U-4ORG61UJC6D7,CA-NY-00000198,7E,CONDO_UNIT,2227.0,2,OWNER_OCCUPIED,76-5459-951
U-AF2OHEV5WFTG,CA-NY-00000198,7D,CONDO_UNIT,1226.0,2,RENTED,19-3610-396
U-G5F36CGBIFFZ,CA-NY-00000198,40B,CONDO_UNIT,1320.0,2,RENTED,58-7598-100
U-KQZL07RA880A,CA-NY-00000198,30F,CONDO_UNIT,2412.0,3,RENTED,22-6029-867
U-EL6RL1ONY5XZ,CA-NY-00000198,35H,CONDO_UNIT,3094.0,2,VACANT,17-6028-544
U-IWTTUWB3XSI9,CA-NY-00000198,4C,CONDO_UNIT,,2,OWNER_OCCUPIED,19-3952-726
U-2MVJHHAEX3BI,CA-NY-00000198,13A,CONDO_UNIT,,2,RENTED,37-7202-978
U-T42CPQ0RR30M,CA-NY-00000198,33B,CONDO_UNIT,,4,OWNER_OCCUPIED,35-8940-697
U-DCOQ41GYNMAA,CA-NY-00000198,24C,CONDO_UNIT,1636.0,2,OWNER_OCCUPIED,41-4694-406
U-O68MPWRRC6O8,CA-NY-00000198,19A,CONDO_UNIT,2305.0,3,RENTED,25-2749-869
U-SKZYHBHA9AIQ,CA-NY-00000198,40C,CONDO_UNIT,1756.0,3,OWNER_OCCUPIED,99-9768-307
U-FU4CGYJS1LTU,CA-FL-00000199,9A,CONDO_UNIT,941.0,2,RENTED,78-9493-817
U-Z8X3GZG40GDF,CA-FL-00000199,35C,CONDO_UNIT,2737.0,3,RENTED,47-8483-792
U-GNC98P9J8CIW,CA-FL-00000199,31G,CONDO_UNIT,2457.0,4,OWNER_OCCUPIED,33-5631-274
U-MQ0DLPH1JART,CA-FL-00000199,19D,CONDO_UNIT,2623.0,2,RENTED,10-4004-316
U-2AP14X5HYZ5R,CA-FL-00000199,39G,CONDO_UNIT,1740.0,2,RENTED,52-7637-627
U-75IKBEUG930B,CA-FL-00000199,26F,CONDO_UNIT,1433.0,4,OWNER_OCCUPIED,91-8619-682
U-O9FX62ZHZ35P,CA-FL-00000199,37G,CONDO_UNIT,,3,RENTED,21-8110-495
U-FZ6D79OWR4QE,CA-FL-00000199,22G,CONDO_UNIT,1832.0,3,OWNER_OCCUPIED,73-9728-815
U-QTMGK4U4ZD38,CA-FL-00000199,13H,CONDO_UNIT,2995.0,1,VACANT,57-3931-365
U-24RRNTVSWKU0,CA-FL-00000199,22B,CONDO_UNIT,957.0,3,RENTED,49-6144-848
U-YOBSYQYSL789,CA-FL-00000199,36E,CONDO_UNIT,2934.0,4,RENTED,18-5484-168
U-LR38OBCGO4C9,CA-FL-00000199,14H,CONDO_UNIT,,3,RENTED,44-4552-906
U-XGC2R4LB94XC,CA-FL-00000199,31E,CONDO_UNIT,2033.0,2,OWNER_OCCUPIED,29-5702-653
U-TMG0S6OXAJNI,CA-FL-00000199,6B,CONDO_UNIT,,3,OWNER_OCCUPIED,57-9554-952
U-024DCC078LDF,CA-FL-00000199,40H,CONDO_UNIT,2492.0,3,OWNER_OCCUPIED,84-5647-268
U-7JRJ5Z9V3LTH,CA-FL-00000199,20B,CONDO_UNIT,1789.0,4,RENTED,10-1964-690
U-ZML0SQ59DY1D,CA-FL-00000199,9C,CONDO_UNIT,1059.0,3,RENTED,33-9841-109
U-Y2D4Z75A9ZMZ,CA-FL-00000199,6G,CONDO_UNIT,2005.0,3,OWNER_OCCUPIED,84-4214-905
U-15JYX7V4KROV,CA-FL-00000199,21B,CONDO_UNIT,2767.0,4,OWNER_OCCUPIED,49-5988-467
U-8NIU470OINQO,CA-FL-00000199,15B,CONDO_UNIT,1944.0,1,OWNER_OCCUPIED,21-9591-462
U-W7EXOL3W9EF2,CA-FL-00000199,30B,CONDO_UNIT,2395.0,3,RENTED,66-8980-788
U-DQO9Y9BFIWFE,CA-FL-00000199,39B,CONDO_UNIT,1002.0,4,RENTED,31-1968-968
U-NFN10QRS2WRK,CA-FL-00000199,35C,CONDO_UNIT,2515.0,4,OWNER_OCCUPIED,39-2235-111
U-D0XSH283ZCGB,CA-FL-00000199,3F,CONDO_UNIT,760.0,3,RENTED,83-2495-729
U-07YUIDJ976OB,CA-FL-00000199,25D,CONDO_UNIT,2781.0,2,RENTED,12-6549-639
U-FRXP1N338DIG,CA-FL-00000199,30C,CONDO_UNIT,670.0,2,VACANT,52-8555-659
U-60ZPY5YNHRPS,CA-FL-00000199,40F,CONDO_UNIT,1020.0,4,OWNER_OCCUPIED,71-1817-343
U-FQE8SV9JF77N,CA-FL-00000199,24B,CONDO_UNIT,662.0,5,RENTED,25-5425-432
U-K3LXXW7CG0MX,CA-FL-00000199,19E,CONDO_UNIT,2130.0,2,OWNER_OCCUPIED,14-5922-851
U-JWPJEBPRKPJE,CA-FL-00000199,20G,CONDO_UNIT,3098.0,2,OWNER_OCCUPIED,97-8943-167
U-THXKKKUOW6EA,CA-FL-00000199,38E,CONDO_UNIT,2712.0,3,OWNER_OCCUPIED,56-5710-201
U-A0U2LSRQUZKW,CA-FL-00000199,14C,CONDO_UNIT,1999.0,2,RENTED,37-6325-193
U-IOPCH0I6ASY5,CA-FL-00000199,22A,CONDO_UNIT,2277.0,4,RENTED,69-7569-575
U-4SJZTXHTIR1Q,CA-FL-00000199,21D,CONDO_UNIT,2534.0,2,RENTED,67-5805-626
U-FVZXXXN039O8,CA-FL-00000199,31F,CONDO_UNIT,,4,RENTED,28-5692-946
U-1VV41SMTJYPF,CA-FL-00000199,3E,CONDO_UNIT,2540.0,3,OWNER_OCCUPIED,71-5305-379
U-3G2DMGR1RWGN,CA-FL-00000199,27B,CONDO_UNIT,,5,RENTED,14-2784-541
U-AUADO3E5X4C1,CA-FL-00000199,26A,CONDO_UNIT,684.0,2,OWNER_OCCUPIED,91-7626-469
U-023OYBFYF9WT,CA-FL-00000199,32D,CONDO_UNIT,1221.0,4,OWNER_OCCUPIED,55-2993-752
U-EFJSN3YZ28C4,CA-FL-00000199,21H,CONDO_UNIT,2798.0,3,RENTED,19-4078-321
U-BZKHX91N4DXQ,CA-FL-00000199,19C,CONDO_UNIT,2863.0,1,OWNER_OCCUPIED,57-9090-147
U-8MMJMXPUUT9G,CA-FL-00000199,5D,CONDO_UNIT,2039.0,4,VACANT,71-1257-237
U-HIDB88MYVCTI,CA-FL-00000199,37E,CONDO_UNIT,1325.0,1,OWNER_OCCUPIED,89-4456-928
U-W6C3FLZQ9SWZ,CA-FL-00000199,12B,CONDO_UNIT,1552.0,2,OWNER_OCCUPIED,92-4309-481
U-U7BIS3AJTJDI,CA-FL-00000199,29H,CONDO_UNIT,,2,OWNER_OCCUPIED,68-1440-879
U-QP0FZPG93EPS,CA-FL-00000199,27B,CONDO_UNIT,1453.0,2,OWNER_OCCUPIED,38-6820-231
U-7C42AFC860T4,CA-CA-00000200,18H,CONDO_UNIT,1748.0,3,OWNER_OCCUPIED,22-3303-208
U-SA8MNK4XM07O,CA-CA-00000200,34A,CONDO_UNIT,1942.0,2,RENTED,19-1145-807
U-Z1I82I5BNBVF,CA-CA-00000200,13E,CONDO_UNIT,2877.0,3,OWNER_OCCUPIED,79-8644-781
U-K0A914J6DN6C,CA-CA-00000200,10F,CONDO_UNIT,,3,OWNER_OCCUPIED,31-6527-943
U-8HGM97RJFINZ,CA-CA-00000200,24G,CONDO_UNIT,2811.0,2,OWNER_OCCUPIED,65-5606-433
U-REGDM9WG77ZK,CA-CA-00000200,9G,CONDO_UNIT,1062.0,1,OWNER_OCCUPIED,31-7988-748
U-K9NDOCZRDF4K,CA-CA-00000200,11G,CONDO_UNIT,2722.0,1,OWNER_OCCUPIED,45-5523-969
U-L77NW6VT9FAE,CA-CA-00000200,35E,CONDO_UNIT,2008.0,4,OWNER_OCCUPIED,24-2420-469
U-JY6I6UAEJ3WR,CA-CA-00000200,32A,CONDO_UNIT,777.0,2,OWNER_OCCUPIED,69-1125-128
U-IML6UBKVZ80K,CA-CA-00000200,3F,CONDO_UNIT,2718.0,2,RENTED,14-3522-572
U-OOUES8TQSVGU,CA-CA-00000200,19D,CONDO_UNIT,742.0,3,OWNER_OCCUPIED,60-6267-515
U-9FWQQUIED9ER,CA-CA-00000200,38F,CONDO_UNIT,2682.0,2,OWNER_OCCUPIED,
U-B70LDQ7LG3U5,CA-CA-00000200,39C,CONDO_UNIT,936.0,2,OWNER_OCCUPIED,28-4714-269
U-GX33CMUR80X8,CA-CA-00000200,36B,CONDO_UNIT,2904.0,1,RENTED,67-5316-840
U-JNLRQRM3JKT3,CA-CA-00000200,2E,CONDO_UNIT,1552.0,2,OWNER_OCCUPIED,95-5369-233
U-9H8205Q4YR7K,CA-CA-00000200,28G,CONDO_UNIT,3159.0,3,OWNER_OCCUPIED,84-3223-179
U-5V135MVANJOL,CA-CA-00000200,20H,CONDO_UNIT,,3,VACANT,13-4026-240
U-AGIY4VUS60AN,CA-CA-00000200,3D,CONDO_UNIT,2006.0,3,OWNER_OCCUPIED,33-6574-208
U-L5B0QKSGY138,CA-CA-00000200,4B,CONDO_UNIT,,2,OWNER_OCCUPIED,42-9532-785
U-JQKP9CMBSR8J,CA-CA-00000200,40H,CONDO_UNIT,2633.0,1,OWNER_OCCUPIED,32-1442-167
U-9ELCNFKI68CF,CA-GA-00000201,13H,CONDO_UNIT,2299.0,3,RENTED,33-1695-644
U-PIGTE7Q3SI3A,CA-GA-00000201,8B,CONDO_UNIT,2215.0,2,OWNER_OCCUPIED,68-1665-645
U-C8BE5TWD8RAA,CA-GA-00000201,26D,CONDO_UNIT,2055.0,2,RENTED,31-8588-776
U-9OE5GY560576,CA-GA-00000201,35G,CONDO_UNIT,730.0,2,RENTED,74-2643-149
U-PXH9TJJXCI2A,CA-GA-00000201,1A,CONDO_UNIT,2327.0,2,OWNER_OCCUPIED,42-8188-639
U-C2D0DHFF5KL2,CA-GA-00000201,28C,CONDO_UNIT,1461.0,2,RENTED,40-5869-264
U-80L3S4SBL97Y,CA-GA-00000201,11C,CONDO_UNIT,1334.0,4,RENTED,15-3776-137
U-4XR7A5QNLRZF,CA-GA-00000201,31A,CONDO_UNIT,1074.0,3,RENTED,80-7148-133
U-GZFMYUOPJQIN,CA-GA-00000201,6E,CONDO_UNIT,2479.0,3,OWNER_OCCUPIED,25-2915-480
U-7MYVC9V423DQ,CA-GA-00000201,23H,CONDO_UNIT,1863.0,2,OWNER_OCCUPIED,91-8105-409
U-GNOJ9NMDXE8J,CA-GA-00000201,8G,CONDO_UNIT,1771.0,2,RENTED,41-7126-135
U-OWJ4IPFDQQFI,CA-GA-00000201,6G,CONDO_UNIT,,2,OWNER_OCCUPIED,51-7815-469
U-B2GDD792GF37,CA-GA-00000201,6G,CONDO_UNIT,1624.0,2,OWNER_OCCUPIED,11-2799-796
U-1PG6KZN2XUI4,CA-GA-00000201,27F,CONDO_UNIT,2375.0,4,RENTED,70-8401-922
U-G3GYM5SK3HNF,CA-GA-00000201,13F,CONDO_UNIT,2239.0,2,RENTED,83-4633-478
U-8CFUV3GI6LA3,CA-GA-00000201,36C,CONDO_UNIT,2838.0,2,OWNER_OCCUPIED,36-8375-992
U-7U7A0SFNC9X2,CA-GA-00000201,28D,CONDO_UNIT,1167.0,2,RENTED,72-4912-695
U-B3AN0UPPIILD,CA-GA-00000201,26A,CONDO_UNIT,2281.0,3,OWNER_OCCUPIED,49-8888-473
U-5B1R0SNW94VL,CA-GA-00000201,18E,CONDO_UNIT,3182.0,3,OWNER_OCCUPIED,28-2706-988
U-IVXBDWS6JMLC,CA-GA-00000201,14F,CONDO_UNIT,1938.0,4,OWNER_OCCUPIED,56-2299-499
U-06S7U9Y19ZR9,CA-GA-00000201,7D,CONDO_UNIT,1659.0,1,OWNER_OCCUPIED,74-6744-663
U-ENKFBHC9JGDW,CA-GA-00000201,17B,CONDO_UNIT,,2,RENTED,23-8685-346
U-51M04OJTQQ1J,CA-GA-00000201,38C,CONDO_UNIT,860.0,2,OWNER_OCCUPIED,77-4446-669
U-30RF5YT2QNJP,CA-GA-00000201,23A,CONDO_UNIT,860.0,2,RENTED,83-8413-447
U-97IZ3MH3KWNR,CA-GA-00000201,35E,CONDO_UNIT,916.0,2,OWNER_OCCUPIED,70-1958-317
U-0C6LLQEBKN8Q,CA-GA-00000201,3G,CONDO_UNIT,,2,OWNER_OCCUPIED,48-9108-405
U-CPYRD4Q98L95,CA-GA-00000201,27D,CONDO_UNIT,1792.0,2,OWNER_OCCUPIED,
U-8ZJ44H0CFIKM,CA-GA-00000201,6F,CONDO_UNIT,1903.0,4,RENTED,59-1287-829
U-9N3K4OWW1P6S,CA-GA-00000201,18A,CONDO_UNIT,1080.0,2,OWNER_OCCUPIED,57-3673-879
U-MM6DNED4JXRF,CA-GA-00000201,40A,CONDO_UNIT,774.0,3,OWNER_OCCUPIED,72-2465-540
U-7CJL5Z1I5RJS,CA-GA-00000201,8C,CONDO_UNIT,2191.0,2,OWNER_OCCUPIED,80-8374-767
U-ISMTFK4RO19C,CA-GA-00000201,11D,CONDO_UNIT,1325.0,3,RENTED,55-7541-322
U-TK7D0DRK4OAQ,CA-GA-00000201,39G,CONDO_UNIT,,4,RENTED,36-6313-402
U-B01U0ZLKRI3U,CA-GA-00000201,17A,CONDO_UNIT,3190.0,3,OWNER_OCCUPIED,15-8908-306
U-P7HQ12JEWX8Y,CA-GA-00000201,20E,CONDO_UNIT,1372.0,1,OWNER_OCCUPIED,50-7324-607
U-5EMFJ8DKK494,CA-GA-00000201,40G,CONDO_UNIT,2538.0,4,OWNER_OCCUPIED,
U-I4V3BAUPXVDD,CA-GA-00000201,34E,CONDO_UNIT,1558.0,2,OWNER_OCCUPIED,44-8439-357
U-OXE7BXNZGARC,CA-GA-00000201,28G,CONDO_UNIT,2052.0,2,OWNER_OCCUPIED,
U-WL71482SGKSU,CA-GA-00000201,17F,CONDO_UNIT,698.0,2,OWNER_OCCUPIED,75-5394-602
U-P7N1Z9VXW9NF,CA-GA-00000201,11H,CONDO_UNIT,823.0,3,VACANT,86-7783-209
U-QFVCKPO2GSJX,CA-GA-00000201,27H,CONDO_UNIT,1008.0,3,OWNER_OCCUPIED,34-3264-268
U-5BQ26X8Z9KWR,CA-GA-00000201,3A,CONDO_UNIT,1475.0,2,OWNER_OCCUPIED,50-7205-236
U-TJBHN8PUXF1B,CA-GA-00000201,32F,CONDO_UNIT,1810.0,3,VACANT,33-3738-727
U-2H8C0UF17Z1D,CA-GA-00000201,26B,CONDO_UNIT,2506.0,1,OWNER_OCCUPIED,83-7872-287
U-OSAJL9JPSP8H,CA-GA-00000201,8G,CONDO_UNIT,835.0,4,OWNER_OCCUPIED,63-4310-319
U-RK0E1QVNB013,CA-GA-00000201,32D,CONDO_UNIT,1774.0,4,OWNER_OCCUPIED,48-6579-810
U-KVLKI1O7BW3Y,CA-GA-00000201,10B,CONDO_UNIT,1558.0,2,RENTED,27-6856-996
U-ZSIB09ES4RV1,CA-GA-00000201,25C,CONDO_UNIT,1077.0,2,RENTED,66-5791-225
U-LYUNQ76WIZHA,CA-GA-00000201,36G,CONDO_UNIT,2802.0,3,OWNER_OCCUPIED,
U-R41F9WCSKHW4,CA-GA-00000201,3F,CONDO_UNIT,1005.0,1,OWNER_OCCUPIED,19-1343-160
U-XE2D8RG3C3TW,CA-GA-00000201,10C,CONDO_UNIT,665.0,4,OWNER_OCCUPIED,
U-I3V1DKTX7H0D,CA-GA-00000201,22F,CONDO_UNIT,2985.0,3,OWNER_OCCUPIED,87-8368-692
U-REQP3VHUKTO7,CA-GA-00000201,35D,CONDO_UNIT,,4,RENTED,56-3717-379
U-WH7JXNS1C7NH,CA-GA-00000201,31G,CONDO_UNIT,2653.0,4,OWNER_OCCUPIED,20-8822-173
U-3ASHPCSHLGWG,CA-GA-00000201,30B,CONDO_UNIT,,1,RENTED,73-7024-432
U-O4SSPJ018UIF,CA-GA-00000201,10F,CONDO_UNIT,,4,OWNER_OCCUPIED,96-7257-534
U-GA7XUM9TN5FB,CA-GA-00000201,5C,CONDO_UNIT,2173.0,2,OWNER_OCCUPIED,15-4922-451
U-DQ8GRKLFD0NZ,CA-CA-00000202,100,SINGLE_FAMILY,743.0,3,OWNER_OCCUPIED,18-3989-669
U-DJ9TFEJS2UX1,CA-CA-00000202,101,SINGLE_FAMILY,3067.0,4,OWNER_OCCUPIED,87-5084-792
U-BZOEDL1YEO9D,CA-CA-00000202,102,SINGLE_FAMILY,1442.0,3,OWNER_OCCUPIED,24-4300-407
U-GQSQLRW9IPMT,CA-CA-00000202,103,SINGLE_FAMILY,,4,OWNER_OCCUPIED,14-2858-580
U-MNKXEM53MA6U,CA-CA-00000202,104,TOWNHOME,771.0,2,OWNER_OCCUPIED,96-7660-285
U-SUPEJQWA3WSW,CA-CA-00000202,105,TOWNHOME,2785.0,3,OWNER_OCCUPIED,27-1543-242
U-HR7V22IA727A,CA-CA-00000202,106,SINGLE_FAMILY,990.0,3,OWNER_OCCUPIED,16-9915-698
U-MGCFVBIADF7M,CA-CA-00000202,107,TOWNHOME,681.0,2,OWNER_OCCUPIED,90-3458-992
U-4SKV1HG6LTVS,CA-CA-00000202,108,TOWNHOME,1287.0,4,OWNER_OCCUPIED,23-2396-598
U-CLBH43PW8NWW,CA-CA-00000202,109,SINGLE_FAMILY,2636.0,2,RENTED,55-3544-504
U-XC4D4N0W9YBZ,CA-CA-00000202,110,SINGLE_FAMILY,1320.0,2,OWNER_OCCUPIED,71-4973-993
U-XEC28V7XSQDR,CA-CA-00000202,111,TOWNHOME,1409.0,1,OWNER_OCCUPIED,70-6857-209
U-OKWCIMDUJEDU,CA-CA-00000202,112,SINGLE_FAMILY,1643.0,4,OWNER_OCCUPIED,
U-U1PYS71SMSGB,CA-CA-00000202,113,TOWNHOME,1685.0,3,OWNER_OCCUPIED,65-5953-724
U-D6NNKBYS7EM7,CA-CA-00000202,114,SINGLE_FAMILY,2609.0,4,RENTED,81-4182-714
U-VT0QKQE5K6WX,CA-CA-00000202,115,TOWNHOME,2334.0,4,RENTED,37-3846-228
U-UGBBDJ2B1KYU,CA-CA-00000202,116,SINGLE_FAMILY,3135.0,3,OWNER_OCCUPIED,73-6660-308
U-9B382GZWYHFA,CA-CA-00000202,117,SINGLE_FAMILY,2580.0,3,OWNER_OCCUPIED,48-4496-403
U-6VFNMV5F882V,CA-CA-00000202,118,SINGLE_FAMILY,1163.0,3,RENTED,71-2178-828
U-KVSU4M2W3BJD,CA-CA-00000202,119,TOWNHOME,1519.0,4,RENTED,96-7509-161
U-OVK4R7VC17VN,CA-CA-00000202,120,SINGLE_FAMILY,1440.0,3,OWNER_OCCUPIED,61-2735-115
U-GVMLB6D9MAN5,CA-CA-00000202,121,SINGLE_FAMILY,2758.0,2,RENTED,55-7036-442
U-VNG60C7SA7S5,CA-CA-00000202,122,TOWNHOME,1512.0,1,OWNER_OCCUPIED,90-5679-537
U-QWYIH5X6QOVR,CA-CA-00000202,123,TOWNHOME,1297.0,5,OWNER_OCCUPIED,93-4736-215
U-P43LQI3Q8GGI,CA-CA-00000202,124,TOWNHOME,2356.0,2,RENTED,74-2898-301
U-538VHNZMZ2T2,CA-CA-00000202,125,SINGLE_FAMILY,812.0,4,OWNER_OCCUPIED,23-8322-193
U-K3A2HCMFIUXX,CA-CA-00000202,126,TOWNHOME,2773.0,4,VACANT,62-4878-241
U-RG6NP2LTFC8T,CA-CA-00000202,127,SINGLE_FAMILY,3087.0,3,OWNER_OCCUPIED,77-1222-747
U-SDPEB5BRL0JB,CA-CA-00000202,128,TOWNHOME,671.0,2,OWNER_OCCUPIED,35-5392-517
U-QN6WAHYTNZO0,CA-CA-00000202,129,SINGLE_FAMILY,2002.0,3,RENTED,35-8571-931
U-VVJA2X9ZH9YB,CA-CA-00000202,130,SINGLE_FAMILY,,3,RENTED,81-2812-751
U-VINUP7LTD58K,CA-CA-00000202,131,SINGLE_FAMILY,3048.0,2,RENTED,90-1905-701
U-4OJWX1JFT18J,CA-CA-00000202,132,TOWNHOME,1820.0,3,OWNER_OCCUPIED,18-4286-856
U-DSPHL2LQ446J,CA-CA-00000202,133,TOWNHOME,2472.0,3,OWNER_OCCUPIED,52-1257-737
U-5GT2UTZMRTR1,CA-CA-00000202,134,SINGLE_FAMILY,2108.0,2,OWNER_OCCUPIED,21-8190-206
U-QPTE48AYVVZN,CA-CA-00000202,135,SINGLE_FAMILY,3189.0,3,OWNER_OCCUPIED,70-5828-525
U-W9R4S1OM9LS9,CA-CA-00000202,136,SINGLE_FAMILY,1953.0,3,RENTED,52-1266-758
U-0CMW7OL9S1WT,CA-CA-00000202,137,SINGLE_FAMILY,2076.0,2,OWNER_OCCUPIED,45-9643-971
U-62P9Y70CI4XW,CA-CA-00000202,138,TOWNHOME,893.0,1,OWNER_OCCUPIED,82-3804-615
U-8DNJVPMVORDS,CA-CA-00000202,139,TOWNHOME,2259.0,3,OWNER_OCCUPIED,
U-BV0U3ZDUYKHC,CA-CA-00000202,140,SINGLE_FAMILY,1823.0,2,OWNER_OCCUPIED,40-2570-387
U-IHWHD2B8ZFJV,CA-CA-00000202,141,SINGLE_FAMILY,2583.0,1,OWNER_OCCUPIED,92-6495-944
U-WCQ917KLFB76,CA-CA-00000202,142,TOWNHOME,1311.0,4,OWNER_OCCUPIED,67-8674-604
U-385LD0H19AGN,CA-CA-00000202,143,SINGLE_FAMILY,1891.0,2,VACANT,76-5291-811
U-IW91PQK4S25R,CA-CA-00000202,144,SINGLE_FAMILY,724.0,4,RENTED,44-9700-551
U-V567GF1FP9T4,CA-CA-00000202,145,TOWNHOME,1327.0,1,OWNER_OCCUPIED,53-5979-171
U-VC7RD5S8FL0D,CA-CA-00000202,146,SINGLE_FAMILY,1814.0,3,OWNER_OCCUPIED,55-3580-671
U-CML7B67KFOYS,CA-CA-00000202,147,SINGLE_FAMILY,2583.0,3,OWNER_OCCUPIED,80-7567-947
U-8OJFDOUCPBN6,CA-CA-00000202,148,TOWNHOME,2010.0,3,OWNER_OCCUPIED,43-1809-451
U-GJYU619LJ3AG,CA-CA-00000202,149,SINGLE_FAMILY,2379.0,3,OWNER_OCCUPIED,37-5436-391
U-8E0PWIMYAHY9,CA-CA-00000202,150,TOWNHOME,902.0,4,RENTED,17-4532-160
U-KO74CZ4CAD4M,CA-CA-00000202,151,TOWNHOME,1241.0,4,OWNER_OCCUPIED,96-5962-494
U-CR82DPSUBFNI,CA-CA-00000202,152,TOWNHOME,2190.0,3,OWNER_OCCUPIED,61-8192-523
U-1QO58523FYT2,CA-CA-00000202,153,TOWNHOME,2069.0,3,OWNER_OCCUPIED,32-4425-756
U-N94IWYJH7BRU,CA-CA-00000202,154,TOWNHOME,1771.0,3,OWNER_OCCUPIED,88-4163-957
U-7N32GEF7VCNP,CA-CA-00000202,155,TOWNHOME,2856.0,2,VACANT,38-6308-245
U-8ILV6GUGKH7R,CA-CA-00000202,156,TOWNHOME,944.0,5,RENTED,74-8792-894
U-0NXYC7JPQN5Q,CA-CA-00000202,157,TOWNHOME,1151.0,3,OWNER_OCCUPIED,65-5404-858
U-JNDRA9D9O4UY,CA-CA-00000202,158,SINGLE_FAMILY,2761.0,3,OWNER_OCCUPIED,10-4222-343
U-SQPAFVF397GH,CA-CA-00000202,159,SINGLE_FAMILY,1370.0,2,OWNER_OCCUPIED,83-3202-684
U-KTC4X05PA5GH,CA-OH-00000203,39B,CONDO_UNIT,1192.0,3,RENTED,
U-XZ9CFXPDRLW3,CA-OH-00000203,28A,CONDO_UNIT,1084.0,1,OWNER_OCCUPIED,33-5294-901
U-7TDHCCT6YJO5,CA-OH-00000203,24D,CONDO_UNIT,741.0,2,OWNER_OCCUPIED,27-9200-844
U-60C1DTMU26VD,CA-OH-00000203,9H,CONDO_UNIT,1990.0,3,VACANT,43-4347-162
U-7VSW52Q3KWOD,CA-OH-00000203,31H,CONDO_UNIT,2678.0,2,OWNER_OCCUPIED,78-6781-158
U-44INGTXY2GQC,CA-OH-00000203,31C,CONDO_UNIT,1132.0,3,OWNER_OCCUPIED,78-3668-512
U-9JC7FUGGSMIQ,CA-OH-00000203,18E,CONDO_UNIT,1459.0,1,VACANT,25-3834-844
U-BBR0L9A2WDY1,CA-OH-00000203,2F,CONDO_UNIT,1354.0,4,RENTED,43-7210-104
U-ZJZR4K2VLBAW,CA-OH-00000203,30B,CONDO_UNIT,1690.0,2,OWNER_OCCUPIED,44-1985-161
U-VR9PCVOT6Y8S,CA-OH-00000203,37D,CONDO_UNIT,3050.0,1,OWNER_OCCUPIED,11-6222-684
U-JME2HQ80ONTJ,CA-OH-00000203,1A,CONDO_UNIT,1014.0,1,VACANT,64-6705-504
U-L96U9CIV69LH,CA-OH-00000203,37B,CONDO_UNIT,1629.0,2,RENTED,35-3220-699
U-F49P8C1Z0WB5,CA-OH-00000203,23E,CONDO_UNIT,711.0,5,OWNER_OCCUPIED,56-3735-453
U-SVSG9H14X2C1,CA-OH-00000203,7F,CONDO_UNIT,3124.0,3,RENTED,96-9583-524
U-UKYU7KUHC8F4,CA-OH-00000203,10C,CONDO_UNIT,1318.0,4,OWNER_OCCUPIED,19-8759-382
U-L2QR6F1LAR05,CA-OH-00000203,33C,CONDO_UNIT,2948.0,2,VACANT,15-6125-516
U-02KW9JIC09IT,CA-OH-00000203,33F,CONDO_UNIT,2970.0,4,RENTED,17-5433-539
U-Y22GCV8CMOYI,CA-OH-00000203,26H,CONDO_UNIT,1589.0,3,RENTED,42-6428-634
U-W0RVHMB614YU,CA-OH-00000203,10H,CONDO_UNIT,2120.0,3,OWNER_OCCUPIED,88-2603-638
U-QMIFFU8FU7X3,CA-OH-00000203,4E,CONDO_UNIT,2429.0,2,OWNER_OCCUPIED,82-8144-400
U-YINSSBA1ABP2,CA-OH-00000203,24H,CONDO_UNIT,2448.0,3,OWNER_OCCUPIED,48-3333-514
U-F24VJ2QN5N1X,CA-OH-00000203,17D,CONDO_UNIT,1067.0,2,OWNER_OCCUPIED,79-8312-825
U-VBW1I8JQ9E5U,CA-OH-00000203,36C,CONDO_UNIT,2096.0,3,OWNER_OCCUPIED,45-5088-967
U-TS0FXWM60QLA,CA-OH-00000203,8G,CONDO_UNIT,942.0,1,OWNER_OCCUPIED,87-9938-484
U-QT03YU5NXR50,CA-OH-00000203,16C,CONDO_UNIT,1770.0,4,OWNER_OCCUPIED,11-9980-780
U-H9A8598AKSX5,CA-OH-00000203,22D,CONDO_UNIT,1615.0,4,OWNER_OCCUPIED,54-9436-413
U-DKF73O8LFA0O,CA-OH-00000203,22F,CONDO_UNIT,2447.0,2,RENTED,42-5436-308
U-7QFMRBYIYCGK,CA-OH-00000203,31D,CONDO_UNIT,1170.0,3,RENTED,12-2217-964
U-11KVRV28HAAG,CA-OH-00000203,28B,CONDO_UNIT,916.0,3,OWNER_OCCUPIED,72-3779-110
U-H893I0H9HT5C,CA-OH-00000203,20H,CONDO_UNIT,,1,RENTED,49-6356-872
U-M4QOZGCCSH5B,CA-OH-00000203,33C,CONDO_UNIT,2375.0,3,OWNER_OCCUPIED,69-7157-774
U-BZZFO0P5LG0T,CA-OH-00000203,10F,CONDO_UNIT,1166.0,3,RENTED,63-8464-932
U-IHKQG8H18OBV,CA-OH-00000203,22D,CONDO_UNIT,1138.0,2,OWNER_OCCUPIED,62-7993-916
U-XF6XM10C8F9Y,CA-OH-00000203,27B,CONDO_UNIT,2126.0,5,OWNER_OCCUPIED,10-4899-605
U-NC5HQHHYXNS5,CA-OH-00000203,33B,CONDO_UNIT,755.0,3,OWNER_OCCUPIED,18-7781-844
U-IN46HBTM6BV3,CA-OH-00000203,34F,CONDO_UNIT,3097.0,4,RENTED,48-9467-611
U-AEA36EH1WDTN,CA-OH-00000203,33E,CONDO_UNIT,1872.0,3,OWNER_OCCUPIED,68-2174-686
U-U1LCGSGIIO2Q,CA-OH-00000203,32G,CONDO_UNIT,3200.0,3,OWNER_OCCUPIED,89-3056-271
U-4GFCGIA86Q64,CA-OH-00000203,37H,CONDO_UNIT,2708.0,2,OWNER_OCCUPIED,76-4287-408
U-UXXDXO7SF9H8,CA-OH-00000203,9B,CONDO_UNIT,,2,OWNER_OCCUPIED,72-3806-591
U-YXGE16UMJB90,CA-OH-00000203,7C,CONDO_UNIT,,4,OWNER_OCCUPIED,14-8497-640
U-YHMDHRTCYM63,CA-OH-00000203,32D,CONDO_UNIT,915.0,2,OWNER_OCCUPIED,10-3574-137
U-RKR5K7LAJ180,CA-OH-00000203,37D,CONDO_UNIT,2610.0,4,OWNER_OCCUPIED,16-9712-102
U-EXLA8I01HW8C,CA-OH-00000203,24G,CONDO_UNIT,2365.0,3,RENTED,14-4047-760
U-OR4HNJLIDR6B,CA-OH-00000203,2G,CONDO_UNIT,991.0,3,RENTED,24-9934-742
U-AAIBL6YU50MN,CA-OH-00000203,22C,CONDO_UNIT,2635.0,3,OWNER_OCCUPIED,17-6430-630
U-XKD5WVVSUYJY,CA-OH-00000203,34A,CONDO_UNIT,2700.0,4,OWNER_OCCUPIED,84-9606-360
U-JG1FZNSA34Q8,CA-OH-00000203,28B,CONDO_UNIT,1319.0,3,OWNER_OCCUPIED,32-6795-807
U-RKRY2636S575,CA-OH-00000203,33A,CONDO_UNIT,1774.0,2,RENTED,40-4519-748
U-ENXTVMCIYOTN,CA-OH-00000203,30H,CONDO_UNIT,2631.0,2,OWNER_OCCUPIED,26-9196-536
U-YY6CES3IWFM2,CA-OH-00000203,2E,CONDO_UNIT,3161.0,3,OWNER_OCCUPIED,68-1192-454
U-Z532L9BR7GOZ,CA-OH-00000203,38E,CONDO_UNIT,2983.0,2,OWNER_OCCUPIED,41-3582-957
U-LOBARJI1YJSZ,CA-OH-00000203,3H,CONDO_UNIT,2431.0,2,RENTED,32-2838-965
U-O9S4VNLG5PVP,CA-OH-00000203,30H,CONDO_UNIT,1335.0,3,OWNER_OCCUPIED,18-2350-405
U-CAT74AU2AECZ,CA-OH-00000203,12F,CONDO_UNIT,2932.0,3,RENTED,16-1113-625
U-9V2ACP08ADUE,CA-OH-00000203,15A,CONDO_UNIT,3062.0,3,RENTED,18-6963-436
U-XTXT5IYBAAWH,CA-OH-00000203,3B,CONDO_UNIT,,4,RENTED,69-9419-672
U-CJQXFCWKVZ7O,CA-OH-00000203,14F,CONDO_UNIT,2026.0,3,OWNER_OCCUPIED,45-9874-288
U-AWYG5A7X1HWQ,CA-OH-00000203,12F,CONDO_UNIT,1258.0,1,OWNER_OCCUPIED,94-7315-331
U-6BM3AQMLTH7Z,CA-OH-00000203,4A,CONDO_UNIT,882.0,2,RENTED,80-8571-427
U-PNZWRVK0IYBN,CA-FL-00000204,100,SINGLE_FAMILY,2754.0,2,RENTED,35-4079-790
U-8ELB0GA0VAQD,CA-FL-00000204,101,SINGLE_FAMILY,2320.0,4,OWNER_OCCUPIED,16-5029-188
U-CTDCXZF2P0XL,CA-FL-00000204,102,TOWNHOME,2502.0,2,OWNER_OCCUPIED,56-4251-994
U-L4TNIZ5CYMD5,CA-FL-00000204,103,SINGLE_FAMILY,2375.0,5,RENTED,20-8146-413
U-7OJZX4PLP81T,CA-FL-00000204,104,SINGLE_FAMILY,771.0,5,RENTED,53-2658-199
U-WSPQNVRARTIR,CA-FL-00000204,105,SINGLE_FAMILY,2548.0,3,OWNER_OCCUPIED,63-8096-436
U-HYNYXM96B7OE,CA-FL-00000204,106,SINGLE_FAMILY,2634.0,3,OWNER_OCCUPIED,28-7987-851
U-1ZUT2L0167VO,CA-FL-00000204,107,SINGLE_FAMILY,1301.0,3,OWNER_OCCUPIED,89-8737-126
U-BA2HJ27DR5HZ,CA-FL-00000204,108,TOWNHOME,1772.0,3,RENTED,36-3962-185
U-NSGV3Q3N9WQP,CA-FL-00000204,109,TOWNHOME,1463.0,1,RENTED,93-2167-660
U-P5J8W1ETKZ82,CA-FL-00000204,110,SINGLE_FAMILY,2876.0,3,VACANT,84-8944-209
U-WQJVYPJCGQFF,CA-FL-00000204,111,SINGLE_FAMILY,2586.0,3,RENTED,80-9513-769
U-VJLWRY2JOPD3,CA-FL-00000204,112,TOWNHOME,955.0,2,OWNER_OCCUPIED,69-5545-250
U-G9UUIHEORT1V,CA-FL-00000204,113,TOWNHOME,1973.0,3,RENTED,22-5130-399
U-JCEKA5N3XV0Z,CA-FL-00000204,114,TOWNHOME,798.0,2,OWNER_OCCUPIED,45-2674-389
U-WVZNVNQ9CQF9,CA-FL-00000204,115,SINGLE_FAMILY,2288.0,2,RENTED,98-7627-483
U-BOH0NJ6KCRL2,CA-FL-00000204,116,SINGLE_FAMILY,1211.0,2,OWNER_OCCUPIED,98-9626-956
U-WG6SUVDED7CG,CA-FL-00000204,117,SINGLE_FAMILY,1276.0,3,OWNER_OCCUPIED,10-1688-334
U-XSXUAOZMZF7W,CA-FL-00000204,118,TOWNHOME,2223.0,2,OWNER_OCCUPIED,91-9684-368
U-XRJOQKTDVXPL,CA-FL-00000204,119,SINGLE_FAMILY,1243.0,3,RENTED,94-6075-417
U-APRTRI707PG0,CA-FL-00000204,120,TOWNHOME,1076.0,3,OWNER_OCCUPIED,25-7887-128
U-6J872KVTNYYM,CA-FL-00000204,121,SINGLE_FAMILY,3123.0,2,VACANT,16-2727-774
U-3763GLHDNB49,CA-FL-00000204,122,TOWNHOME,2146.0,3,OWNER_OCCUPIED,99-9222-242
U-RP5N1KEWVXE9,CA-FL-00000204,123,TOWNHOME,1231.0,2,RENTED,92-4912-558
U-QRD04W6YB7XO,CA-FL-00000204,124,SINGLE_FAMILY,2842.0,4,OWNER_OCCUPIED,10-9853-978
U-UY3XDOJYYRO8,CA-FL-00000204,125,SINGLE_FAMILY,2648.0,4,OWNER_OCCUPIED,73-9320-143
U-7N7398LWLZFO,CA-FL-00000204,126,TOWNHOME,2369.0,2,RENTED,71-3740-222
U-TAKQSJU8W644,CA-FL-00000204,127,SINGLE_FAMILY,2158.0,3,VACANT,22-9200-941
U-HFWZHRRSSR43,CA-FL-00000204,128,SINGLE_FAMILY,1586.0,4,RENTED,13-7854-188
U-ZBKK1EJF3CLR,CA-FL-00000204,129,SINGLE_FAMILY,776.0,3,RENTED,49-8941-908
U-RFFFW2OUJ14I,CA-FL-00000204,130,SINGLE_FAMILY,1741.0,3,OWNER_OCCUPIED,23-9005-395
U-DN7W6SAD3V9C,CA-FL-00000204,131,TOWNHOME,1057.0,2,OWNER_OCCUPIED,46-4781-867
U-VBBYZQMV31M6,CA-FL-00000204,132,TOWNHOME,,3,OWNER_OCCUPIED,46-5972-155
U-5C5OK9ZTASRR,CA-FL-00000204,133,SINGLE_FAMILY,2551.0,4,OWNER_OCCUPIED,21-8977-866
U-KPVM1N331JA9,CA-FL-00000204,134,SINGLE_FAMILY,663.0,3,RENTED,99-7724-220
U-3M9CPH7HVVDA,CA-FL-00000204,135,SINGLE_FAMILY,1586.0,5,RENTED,
U-S2STLKYDQE3M,CA-FL-00000204,136,SINGLE_FAMILY,792.0,3,OWNER_OCCUPIED,60-6329-853
U-K901R3MCYIV4,CA-FL-00000204,137,TOWNHOME,2053.0,4,OWNER_OCCUPIED,
U-K18HCNW4FEAI,CA-FL-00000204,138,SINGLE_FAMILY,,4,OWNER_OCCUPIED,54-4078-189
U-DI4965T83EE4,CA-FL-00000204,139,TOWNHOME,1486.0,2,RENTED,57-2392-696
U-UJO5GUFM64AT,CA-FL-00000204,140,SINGLE_FAMILY,3062.0,1,OWNER_OCCUPIED,58-1218-714
U-RGSERJUOH4E5,CA-FL-00000204,141,TOWNHOME,1125.0,3,OWNER_OCCUPIED,45-4626-315
U-G6YPTZ9PFFUM,CA-FL-00000204,142,SINGLE_FAMILY,1257.0,2,RENTED,
U-5PQMT5OPHP9J,CA-FL-00000204,143,SINGLE_FAMILY,2339.0,2,OWNER_OCCUPIED,85-1851-842
U-1W2N2IMAWQ49,CA-FL-00000204,144,SINGLE_FAMILY,915.0,1,OWNER_OCCUPIED,56-3295-729
U-JIKA9CEMHQKW,CA-FL-00000204,145,TOWNHOME,1141.0,2,OWNER_OCCUPIED,83-2359-667
U-7WD0CJ8PKDES,CA-FL-00000204,146,TOWNHOME,2560.0,3,RENTED,92-3726-755
U-QS5HRJC82PZB,CA-FL-00000204,147,SINGLE_FAMILY,,2,RENTED,70-4330-511
U-YSLM3Z2ZUR0G,CA-FL-00000204,148,TOWNHOME,1522.0,1,OWNER_OCCUPIED,56-1617-790
U-Q61MYRM4M5U7,CA-FL-00000204,149,TOWNHOME,2560.0,4,OWNER_OCCUPIED,43-3237-700
U-68QHGKYD4H6J,CA-FL-00000204,150,SINGLE_FAMILY,1361.0,4,RENTED,40-2908-271
U-WYUY3QTPD5WP,CA-FL-00000204,151,SINGLE_FAMILY,1413.0,3,RENTED,26-8829-715
U-UM4BMABXAXZ8,CA-FL-00000204,152,TOWNHOME,771.0,2,OWNER_OCCUPIED,95-6720-867
U-4ORLVR9A6W9U,CA-FL-00000204,153,TOWNHOME,1850.0,4,OWNER_OCCUPIED,72-2036-983
U-3LF4Z2NOEPP3,CA-FL-00000204,154,TOWNHOME,2208.0,1,RENTED,35-5284-808
U-JL6MNHQ80UJT,CA-FL-00000204,155,SINGLE_FAMILY,3022.0,5,OWNER_OCCUPIED,93-1484-590
U-3SVB16YCW8CW,CA-FL-00000204,156,SINGLE_FAMILY,1274.0,4,RENTED,44-2512-297
U-3ZQGD98Y9WU1,CA-FL-00000204,157,SINGLE_FAMILY,917.0,3,OWNER_OCCUPIED,71-7722-937
U-1PX87WVO4FDA,CA-FL-00000204,158,SINGLE_FAMILY,2420.0,2,RENTED,96-7252-351
U-PWOQEB1OE4D5,CA-FL-00000204,159,SINGLE_FAMILY,1934.0,3,OWNER_OCCUPIED,56-9938-115
U-FBITPZP4QQ0H,CA-VA-00000205,100,SINGLE_FAMILY,2865.0,3,OWNER_OCCUPIED,95-9070-133
U-IPWMOHLEKTEN,CA-VA-00000205,101,SINGLE_FAMILY,3173.0,2,RENTED,82-3029-827
U-HKNBJ1HKMDLS,CA-VA-00000205,102,SINGLE_FAMILY,990.0,1,OWNER_OCCUPIED,51-2360-562
U-5N92LQH9J4JN,CA-VA-00000205,103,SINGLE_FAMILY,1330.0,3,RENTED,41-8371-782
U-T632U1SXT05S,CA-VA-00000205,104,TOWNHOME,2882.0,2,RENTED,93-9921-719
U-RCNCOPNCCSNA,CA-VA-00000205,105,TOWNHOME,2540.0,2,OWNER_OCCUPIED,63-7986-638
U-O0OO8K2D38AH,CA-VA-00000205,106,SINGLE_FAMILY,2732.0,4,OWNER_OCCUPIED,33-9802-392
U-TYJF9JPYIMIC,CA-VA-00000205,107,SINGLE_FAMILY,3129.0,1,OWNER_OCCUPIED,33-4493-131
U-F8LCL9A7LNCO,CA-VA-00000205,108,TOWNHOME,2507.0,1,OWNER_OCCUPIED,36-3915-658
U-XK6VKTXR2C1Y,CA-VA-00000205,109,SINGLE_FAMILY,1003.0,2,VACANT,79-1997-779
U-YBIWTJ3JOMXG,CA-VA-00000205,110,SINGLE_FAMILY,2826.0,2,RENTED,55-6529-935
U-VXPCFDTF318Y,CA-VA-00000205,111,SINGLE_FAMILY,1836.0,3,RENTED,20-3508-918
U-HKZN4HMSO6NI,CA-VA-00000205,112,TOWNHOME,,4,RENTED,98-6855-253
U-ONBQT069N1C0,CA-VA-00000205,113,TOWNHOME,,4,OWNER_OCCUPIED,37-8527-336
U-71J2RXTIZV6N,CA-VA-00000205,114,TOWNHOME,656.0,3,RENTED,15-6547-882
U-H6VVNAH6TIU7,CA-VA-00000205,115,TOWNHOME,3152.0,3,RENTED,79-3817-964
U-6JH0I1VZYYNK,CA-VA-00000205,116,TOWNHOME,2715.0,3,OWNER_OCCUPIED,78-5067-422
U-H4FEN8ZL37OV,CA-TX-00000206,26B,CONDO_UNIT,3072.0,3,OWNER_OCCUPIED,79-8076-192
U-4AA3NF0AAV80,CA-TX-00000206,17H,CONDO_UNIT,1421.0,1,OWNER_OCCUPIED,55-9370-621
U-USTRIWYHW578,CA-TX-00000206,29C,CONDO_UNIT,2362.0,2,RENTED,96-9642-882
U-XSRFQT2CXDKO,CA-TX-00000206,36B,CONDO_UNIT,2497.0,3,OWNER_OCCUPIED,31-3345-833
U-0GS6OER53SCA,CA-TX-00000206,33A,CONDO_UNIT,2059.0,3,OWNER_OCCUPIED,51-1890-248
U-5AB0SCUFO5PT,CA-TX-00000206,35B,CONDO_UNIT,2219.0,1,VACANT,40-4220-490
U-N2NOZ6AF90K0,CA-TX-00000206,30E,CONDO_UNIT,2345.0,3,VACANT,47-2009-640
U-N8E6A2ST5HIC,CA-TX-00000206,30B,CONDO_UNIT,987.0,3,OWNER_OCCUPIED,92-6051-682
U-GV4YH38EON7S,CA-TX-00000206,21H,CONDO_UNIT,1828.0,1,OWNER_OCCUPIED,56-3534-797
U-BWNDNDE3S4O1,CA-TX-00000206,38E,CONDO_UNIT,1622.0,5,OWNER_OCCUPIED,42-3172-941
U-NACMRNMRHRF1,CA-TX-00000206,40G,CONDO_UNIT,2128.0,2,OWNER_OCCUPIED,94-7524-412
U-L3XJLAZZ3QMU,CA-TX-00000206,32B,CONDO_UNIT,2376.0,4,OWNER_OCCUPIED,97-2566-956
U-IZEYH26BEAPK,CA-TX-00000206,37B,CONDO_UNIT,3045.0,1,VACANT,92-6619-287
U-QV8H5RSPS5K2,CA-TX-00000206,19D,CONDO_UNIT,,2,OWNER_OCCUPIED,46-6480-158
U-IA53YBGVY4TH,CA-TX-00000206,3G,CONDO_UNIT,3138.0,1,RENTED,95-6516-487
U-0NY54SU6I1N7,CA-TX-00000206,39B,CONDO_UNIT,683.0,3,RENTED,
U-1R1T0YH9GOZ2,CA-TX-00000206,21A,CONDO_UNIT,813.0,4,OWNER_OCCUPIED,11-6011-533
U-844A1F1T6APT,CA-TX-00000206,12C,CONDO_UNIT,2864.0,3,OWNER_OCCUPIED,60-4839-607
U-00SQ1ZASQBLK,CA-TX-00000206,38F,CONDO_UNIT,1166.0,4,RENTED,13-9439-557
U-DMYURV2UMAG4,CA-TX-00000206,40C,CONDO_UNIT,1859.0,3,RENTED,79-3419-473
U-6ZD7EKEXNS4U,CA-TX-00000206,31B,CONDO_UNIT,1076.0,1,OWNER_OCCUPIED,15-8283-733
U-XI5XT5WPLU6U,CA-TX-00000206,14G,CONDO_UNIT,2499.0,3,RENTED,96-2638-822
U-1NAI9UN3I4VB,CA-TX-00000206,27B,CONDO_UNIT,2810.0,3,OWNER_OCCUPIED,52-9157-146
U-05B7VN7A9DWR,CA-FL-00000207,100,TOWNHOME,802.0,4,RENTED,69-7400-145
U-A9S4PL8OQG95,CA-FL-00000207,101,SINGLE_FAMILY,1269.0,3,OWNER_OCCUPIED,66-5036-264
U-P1XT71QYRO5M,CA-FL-00000207,102,TOWNHOME,842.0,3,OWNER_OCCUPIED,37-4720-996
U-EWXO1599G083,CA-FL-00000207,103,SINGLE_FAMILY,,2,OWNER_OCCUPIED,75-2496-549
U-A7Q4VNIJI391,CA-FL-00000207,104,TOWNHOME,1162.0,3,VACANT,99-8058-318
U-P1LWQEUTAHZC,CA-FL-00000207,105,TOWNHOME,2104.0,1,RENTED,36-7572-264
U-6E1ZOK1JYLV3,CA-FL-00000207,106,TOWNHOME,2805.0,4,OWNER_OCCUPIED,23-3927-673
U-5Z6JKTKEV2AW,CA-FL-00000207,107,TOWNHOME,2877.0,5,RENTED,46-3953-314
U-F6WBS0JOK1A3,CA-FL-00000207,108,SINGLE_FAMILY,1252.0,3,OWNER_OCCUPIED,17-5426-896
U-TEG3YD8LDZO7,CA-FL-00000207,109,TOWNHOME,1162.0,2,OWNER_OCCUPIED,62-8563-407
U-HQLNA543ZZ46,CA-FL-00000207,110,TOWNHOME,2504.0,1,OWNER_OCCUPIED,28-6434-358
U-6IIQ2BYZXSRI,CA-FL-00000207,111,TOWNHOME,2084.0,2,RENTED,52-6067-316
U-8F8LM6PGCE6M,CA-FL-00000207,112,TOWNHOME,1176.0,2,VACANT,16-5672-163
U-QWKWKMBXHIEK,CA-FL-00000207,113,TOWNHOME,2037.0,3,OWNER_OCCUPIED,38-9563-763
U-8TCS8Q83X7J1,CA-FL-00000207,114,TOWNHOME,1845.0,1,OWNER_OCCUPIED,46-5419-844
U-TZS09OJG5OS6,CA-FL-00000207,115,TOWNHOME,3106.0,3,OWNER_OCCUPIED,23-8949-482
U-MP9LN79CMMWC,CA-FL-00000207,116,SINGLE_FAMILY,1243.0,3,OWNER_OCCUPIED,80-1274-394
U-UM34777W6FMG,CA-FL-00000207,117,TOWNHOME,1709.0,4,RENTED,50-2880-642
U-T82S6CF081AH,CA-FL-00000207,118,SINGLE_FAMILY,2300.0,3,RENTED,72-4077-439
U-ZGUMJN2KEM36,CA-FL-00000207,119,SINGLE_FAMILY,,4,RENTED,53-8922-243
U-8G54TTH8OPRH,CA-FL-00000207,120,SINGLE_FAMILY,1077.0,1,OWNER_OCCUPIED,53-8896-600
U-00UL60OFAUTB,CA-FL-00000207,121,TOWNHOME,1680.0,4,OWNER_OCCUPIED,56-3952-284
U-9XZY7I7Z7TB3,CA-FL-00000207,122,SINGLE_FAMILY,2912.0,1,RENTED,75-9722-799
U-5C3KC3MWIBHJ,CA-FL-00000207,123,TOWNHOME,1034.0,3,VACANT,48-4559-115
U-Q8SJE4FMQVMK,CA-FL-00000207,124,TOWNHOME,793.0,2,OWNER_OCCUPIED,61-3416-470
U-OOO5QQFS40GW,CA-FL-00000207,125,TOWNHOME,2645.0,3,OWNER_OCCUPIED,13-3662-148
U-2KFT8GI4FHW9,CA-FL-00000207,126,SINGLE_FAMILY,3157.0,2,OWNER_OCCUPIED,44-3405-580
U-Y2HIWTSDWYK5,CA-FL-00000207,127,TOWNHOME,1592.0,3,OWNER_OCCUPIED,44-6888-861
U-3HXJSC4ZDHFW,CA-FL-00000207,128,SINGLE_FAMILY,2113.0,3,OWNER_OCCUPIED,25-6443-950
U-JJ9JJKXLN6QD,CA-FL-00000207,129,TOWNHOME,1885.0,3,OWNER_OCCUPIED,86-3004-693
U-0JRISWVNAUTZ,CA-FL-00000207,130,SINGLE_FAMILY,1460.0,2,OWNER_OCCUPIED,49-5832-334
U-29LBYGP47QG6,CA-FL-00000207,131,TOWNHOME,2499.0,2,RENTED,98-5773-623
U-QWIIFPMOJIW5,CA-FL-00000207,132,TOWNHOME,1007.0,3,OWNER_OCCUPIED,45-9298-862
U-D78XPJ4DA20F,CA-FL-00000207,133,TOWNHOME,1874.0,2,OWNER_OCCUPIED,15-2347-835
U-7E6PFAGMWRXR,CA-FL-00000207,134,SINGLE_FAMILY,2473.0,4,OWNER_OCCUPIED,44-8982-794
U-WPFWXBWY281Y,CA-FL-00000207,135,TOWNHOME,1689.0,2,OWNER_OCCUPIED,91-9393-953
U-7F4IITFYN5VI,CA-FL-00000207,136,TOWNHOME,2564.0,4,OWNER_OCCUPIED,72-6952-610
U-75TPAYS7U5AV,CA-FL-00000207,137,TOWNHOME,931.0,4,RENTED,30-5714-830
U-I0CXUWCXTXPK,CA-FL-00000207,138,SINGLE_FAMILY,1868.0,2,OWNER_OCCUPIED,94-7716-562
U-LOR2AH143VKV,CA-FL-00000207,139,TOWNHOME,2462.0,1,OWNER_OCCUPIED,27-5824-812
U-XOCH8DIYLJLO,CA-FL-00000207,140,TOWNHOME,1321.0,3,OWNER_OCCUPIED,73-2304-324
U-M35HOA0JRR70,CA-FL-00000207,141,SINGLE_FAMILY,,2,OWNER_OCCUPIED,27-6325-508
U-7HJ2OMFW17W1,CA-FL-00000207,142,TOWNHOME,1970.0,3,OWNER_OCCUPIED,79-4280-809
U-5YRZ5UKX91Z3,CA-FL-00000207,143,TOWNHOME,1000.0,5,OWNER_OCCUPIED,57-2693-462
U-3NWTZNRMA5DT,CA-FL-00000207,144,SINGLE_FAMILY,2668.0,3,OWNER_OCCUPIED,43-2609-742
U-8PY60T6PYG69,CA-FL-00000207,145,TOWNHOME,1147.0,2,VACANT,58-7490-983
U-E0DNIC8L7S6C,CA-FL-00000207,146,SINGLE_FAMILY,2499.0,3,VACANT,30-2581-657
U-VZFS93CURSS7,CA-FL-00000207,147,TOWNHOME,2427.0,2,OWNER_OCCUPIED,45-7421-122
U-30O7XKYBZS60,CA-FL-00000207,148,SINGLE_FAMILY,2205.0,1,OWNER_OCCUPIED,76-1588-764
U-L7GKJHEL536I,CA-FL-00000207,149,TOWNHOME,,4,OWNER_OCCUPIED,38-5123-413
U-1P871GZ1J4WI,CA-FL-00000207,150,TOWNHOME,3163.0,1,OWNER_OCCUPIED,
U-QJEPKRUAFWCC,CA-FL-00000207,151,TOWNHOME,3179.0,3,OWNER_OCCUPIED,38-3025-481
U-1W0TDNN4SJJO,CA-FL-00000207,152,SINGLE_FAMILY,,2,OWNER_OCCUPIED,91-7559-822
U-F2GGP2BYK87Y,CA-FL-00000207,153,TOWNHOME,2112.0,2,RENTED,69-6637-942
U-FD16ERTCYAT7,CA-FL-00000207,154,TOWNHOME,2973.0,5,OWNER_OCCUPIED,25-4987-272
U-XKUKUZA68GTN,CA-FL-00000207,155,SINGLE_FAMILY,860.0,3,OWNER_OCCUPIED,63-4841-139
U-B433WDBZD0LT,CA-FL-00000207,156,SINGLE_FAMILY,1311.0,5,RENTED,87-7461-784
U-HBAII11QQXI4,CA-FL-00000207,157,SINGLE_FAMILY,2414.0,2,RENTED,98-4860-361
U-74G53N3KW6RK,CA-FL-00000207,158,TOWNHOME,2844.0,2,OWNER_OCCUPIED,19-7400-644
U-BM2V70F0GN99,CA-FL-00000207,159,SINGLE_FAMILY,3146.0,2,OWNER_OCCUPIED,97-4442-366
U-IBCN8GNYUSQX,CA-CA-00000208,4C,CONDO_UNIT,1089.0,2,RENTED,35-7535-513
U-9R1222G3XFZ2,CA-CA-00000208,1D,CONDO_UNIT,2333.0,2,OWNER_OCCUPIED,63-8363-849
U-NWVXM87I8Q9A,CA-CA-00000208,14D,CONDO_UNIT,,4,OWNER_OCCUPIED,96-6571-475
U-7O99K9JVSKKE,CA-CA-00000208,23F,CONDO_UNIT,1175.0,3,OWNER_OCCUPIED,72-8467-322
U-9QMJHR5XLW1R,CA-CA-00000208,21A,CONDO_UNIT,1891.0,4,OWNER_OCCUPIED,62-8647-178
U-3P9S1GWXT615,CA-CA-00000208,8A,CONDO_UNIT,1114.0,3,OWNER_OCCUPIED,16-2531-830
U-IX6I30UYZGJE,CA-CA-00000208,10H,CONDO_UNIT,2550.0,2,OWNER_OCCUPIED,62-9314-545
U-FMLZ6XDD5I35,CA-CA-00000208,20H,CONDO_UNIT,1012.0,3,RENTED,60-3539-360
U-0GL5NIBDRNC5,CA-CA-00000208,23D,CONDO_UNIT,1881.0,1,VACANT,47-5930-458
U-MTXYUN9N8OVL,CA-CA-00000208,12D,CONDO_UNIT,859.0,3,RENTED,59-3782-827
U-CQXCS8Y8FJ1G,CA-CA-00000208,33G,CONDO_UNIT,2141.0,3,OWNER_OCCUPIED,76-9539-379
U-D6SJ6H25B1OO,CA-CA-00000208,25B,CONDO_UNIT,837.0,2,RENTED,79-9579-570
U-M10NB939WZ5S,CA-CA-00000208,24G,CONDO_UNIT,2610.0,5,RENTED,63-3573-150
U-ZYCB83DRV7A8,CA-CA-00000208,39C,CONDO_UNIT,2276.0,5,OWNER_OCCUPIED,77-1467-452
U-KM41P00UBKH3,CA-CA-00000208,33E,CONDO_UNIT,1782.0,3,OWNER_OCCUPIED,49-8864-906
U-HCT9V76SBGOT,CA-CA-00000208,33D,CONDO_UNIT,1041.0,2,RENTED,27-2228-745
U-9KO06OOF3EHB,CA-CA-00000208,5H,CONDO_UNIT,1801.0,2,RENTED,87-3944-846
U-5XFI5EAXCDV7,CA-CA-00000208,15E,CONDO_UNIT,2035.0,3,OWNER_OCCUPIED,54-2948-761
U-6X22ONKAVO8R,CA-CA-00000208,37F,CONDO_UNIT,1398.0,3,RENTED,27-3890-718
U-X3WUHWBM399M,CA-CA-00000208,4E,CONDO_UNIT,1639.0,2,RENTED,72-2128-437
U-F9CPLXEJ6B4W,CA-CA-00000208,14G,CONDO_UNIT,2164.0,2,RENTED,97-7494-842
U-DLMEWI6JFFD1,CA-CA-00000208,22H,CONDO_UNIT,1572.0,3,RENTED,63-8787-806
U-N70R4IKGRDWL,CA-CA-00000208,40G,CONDO_UNIT,2472.0,4,RENTED,44-4291-298
U-2QCOOODYFJYQ,CA-CA-00000208,30H,CONDO_UNIT,3168.0,1,VACANT,58-5001-841
U-M3HPCORI1SYZ,CA-CA-00000208,3E,CONDO_UNIT,751.0,3,OWNER_OCCUPIED,41-5297-846
U-RRVK42TT4CSU,CA-CA-00000208,34C,CONDO_UNIT,1156.0,4,OWNER_OCCUPIED,79-2558-227
U-CUVT7DJ6VE68,CA-CA-00000208,27A,CONDO_UNIT,2873.0,3,RENTED,65-9536-181
U-1X940E20IKDC,CA-CA-00000208,37E,CONDO_UNIT,1520.0,2,OWNER_OCCUPIED,35-8684-243
U-Z8KLG04BDZJI,CA-CA-00000208,30C,CONDO_UNIT,2254.0,2,RENTED,16-3051-845
U-YD9WYZLQC47P,CA-CA-00000208,17A,CONDO_UNIT,3016.0,3,OWNER_OCCUPIED,24-3378-999
U-XBJPYD45P9IO,CA-CA-00000208,7E,CONDO_UNIT,1312.0,3,OWNER_OCCUPIED,89-9847-328
U-CAKKJ2BS4HIK,CA-CA-00000208,38C,CONDO_UNIT,1170.0,3,OWNER_OCCUPIED,92-5717-870
U-M7AY4G1NTY7U,CA-CA-00000208,10C,CONDO_UNIT,,3,OWNER_OCCUPIED,21-5653-567
U-KFYO5LQTWZNH,CA-CA-00000208,5A,CONDO_UNIT,2090.0,3,OWNER_OCCUPIED,84-4177-142
U-M6OLNU289UVR,CA-CA-00000208,23D,CONDO_UNIT,,3,OWNER_OCCUPIED,89-9416-840
U-L0YKLSKI9XXY,CA-CA-00000208,34H,CONDO_UNIT,2972.0,2,OWNER_OCCUPIED,46-8181-706
U-I8M85BNGR6JD,CA-CA-00000208,23G,CONDO_UNIT,2302.0,3,RENTED,26-3474-975
U-TCM0J3KLS114,CA-CA-00000208,6C,CONDO_UNIT,2287.0,3,OWNER_OCCUPIED,31-1177-405
U-ED2AD5UNXLW8,CA-CA-00000208,35E,CONDO_UNIT,2729.0,2,OWNER_OCCUPIED,
U-IZISW91ATN10,CA-CA-00000208,21G,CONDO_UNIT,1755.0,2,RENTED,93-6388-480
U-XV8K9EBTK7LH,CA-CA-00000208,1C,CONDO_UNIT,839.0,3,RENTED,82-2021-949
U-BVRUGB51R5L4,CA-CA-00000208,22C,CONDO_UNIT,2275.0,3,VACANT,46-4382-878
U-OB93IZHQEL1I,CA-CA-00000208,3A,CONDO_UNIT,957.0,5,RENTED,45-2573-193
U-J3EU3MEEU291,CA-CA-00000208,8H,CONDO_UNIT,1009.0,3,OWNER_OCCUPIED,48-8678-313
U-0AIK6B4UMVQ6,CA-CA-00000208,27C,CONDO_UNIT,1941.0,4,OWNER_OCCUPIED,96-7850-651
U-SLKIM65NG3WP,CA-CA-00000208,8H,CONDO_UNIT,983.0,2,OWNER_OCCUPIED,12-9092-878
U-P7JIV6HCTNTB,CA-CA-00000208,12C,CONDO_UNIT,1972.0,2,OWNER_OCCUPIED,
U-2I6OC3D0JBMJ,CA-CA-00000208,38C,CONDO_UNIT,1980.0,2,RENTED,76-5459-468
U-F6Q4GHAK26FW,CA-CA-00000208,17G,CONDO_UNIT,2470.0,2,OWNER_OCCUPIED,98-3695-623
U-HFLKF6WDLOOJ,CA-CA-00000208,23C,CONDO_UNIT,1431.0,4,VACANT,94-9073-763
U-JPEMWBTY52Q8,CA-CA-00000208,29F,CONDO_UNIT,1705.0,4,OWNER_OCCUPIED,27-9531-300
U-GRFRM8AIH996,CA-CA-00000208,31G,CONDO_UNIT,2901.0,3,RENTED,43-5586-505
U-Z36C93TPQJ4T,CA-CA-00000208,21D,CONDO_UNIT,658.0,3,OWNER_OCCUPIED,94-7057-919
U-9LN8KF870VFT,CA-CA-00000208,19H,CONDO_UNIT,678.0,4,OWNER_OCCUPIED,16-7959-580
U-WTIL2HU0ABBI,CA-CA-00000208,7F,CONDO_UNIT,1669.0,2,RENTED,94-5555-344
U-EYP9LFPQ6QZU,CA-CA-00000208,14H,CONDO_UNIT,2523.0,4,RENTED,43-3955-650
U-LI2XDPQFI96R,CA-CA-00000208,17G,CONDO_UNIT,1452.0,3,RENTED,46-6175-713
U-TJCD60YJ8751,CA-CA-00000208,39F,CONDO_UNIT,2985.0,3,VACANT,20-9920-138
U-U791Q4OI6UP7,CA-CA-00000208,17D,CONDO_UNIT,1820.0,3,OWNER_OCCUPIED,48-6648-241
U-L43UFCW7BY3M,CA-CA-00000208,8C,CONDO_UNIT,1117.0,1,RENTED,67-5693-975
U-IXKWG216OSOJ,CA-CA-00000209,24D,CONDO_UNIT,1586.0,2,OWNER_OCCUPIED,76-5133-806
U-6SYYOG6ATICC,CA-CA-00000209,34D,CONDO_UNIT,2366.0,4,VACANT,36-7544-323
U-G63BYVGZKY1Y,CA-CA-00000209,37C,CONDO_UNIT,1438.0,2,OWNER_OCCUPIED,38-3871-268
U-1L24OKP9G469,CA-CA-00000209,34F,CONDO_UNIT,3172.0,2,RENTED,73-2322-257
U-2XAQOQ30QUDG,CA-CA-00000209,3E,CONDO_UNIT,2253.0,3,OWNER_OCCUPIED,95-3058-938
U-CZ0DRNPO1LT0,CA-CA-00000209,14G,CONDO_UNIT,2183.0,3,RENTED,30-1531-373
U-1HB9HCYMYMG0,CA-CA-00000209,19G,CONDO_UNIT,705.0,5,RENTED,15-1553-275
U-XQX6D8UVL1JF,CA-CA-00000209,26C,CONDO_UNIT,1744.0,2,OWNER_OCCUPIED,86-8105-913
U-DZNY9BYPWLAH,CA-CA-00000209,7C,CONDO_UNIT,1325.0,2,RENTED,28-2452-299
U-YG9ADVYIWQ9N,CA-CA-00000209,2H,CONDO_UNIT,931.0,2,OWNER_OCCUPIED,98-2236-812
U-28WKF2ZOKJJ1,CA-CA-00000209,4D,CONDO_UNIT,1088.0,4,OWNER_OCCUPIED,25-1499-496
U-AJEIV6RAOM6P,CA-CA-00000209,34C,CONDO_UNIT,1027.0,4,OWNER_OCCUPIED,34-2582-820
U-064U84RLV95S,CA-CA-00000209,37H,CONDO_UNIT,,3,OWNER_OCCUPIED,67-1384-609
U-E4XF6Q272BSO,CA-CA-00000209,36H,CONDO_UNIT,986.0,2,OWNER_OCCUPIED,14-1722-290
U-XKTQWXLBTFNJ,CA-CA-00000209,34B,CONDO_UNIT,2318.0,3,OWNER_OCCUPIED,76-8459-378
U-QJ8QYGRI3QE3,CA-CA-00000209,27A,CONDO_UNIT,1807.0,4,RENTED,84-1235-501
U-SDGKWGBAGOIS,CA-CA-00000209,14A,CONDO_UNIT,1522.0,2,OWNER_OCCUPIED,80-5749-777
U-BDJLY8OUZOL6,CA-CA-00000209,34F,CONDO_UNIT,1062.0,3,OWNER_OCCUPIED,28-7456-915
U-QZWGTZO4J0U4,CA-CA-00000209,1C,CONDO_UNIT,2909.0,2,OWNER_OCCUPIED,13-6480-197
U-CZHFWQA36SL7,CA-CA-00000209,27A,CONDO_UNIT,1343.0,1,OWNER_OCCUPIED,58-5314-488
U-OYZJILAJTOGP,CA-CA-00000209,16G,CONDO_UNIT,2883.0,2,VACANT,98-7932-622
U-AB98Z8BO6DWK,CA-CA-00000209,2D,CONDO_UNIT,,1,RENTED,46-1296-749
U-0VFVCC281NGU,CA-CA-00000209,16D,CONDO_UNIT,2692.0,2,OWNER_OCCUPIED,20-7457-178
U-R4MLT5HSL03R,CA-CA-00000209,35D,CONDO_UNIT,1474.0,3,OWNER_OCCUPIED,27-8821-829
U-VCGGJY6ZKYRZ,CA-CA-00000209,1F,CONDO_UNIT,2182.0,3,OWNER_OCCUPIED,86-8349-857
U-SSDT4XKEXGV5,CA-CA-00000209,13B,CONDO_UNIT,1077.0,2,RENTED,81-1386-132
U-8C8899OCVSNK,CA-CA-00000209,10D,CONDO_UNIT,2244.0,4,OWNER_OCCUPIED,53-3541-339
U-09UIGZPJJ7YW,CA-CA-00000209,34E,CONDO_UNIT,1525.0,2,VACANT,
U-MNHMXELTBZEF,CA-CA-00000209,39F,CONDO_UNIT,1788.0,1,RENTED,57-4292-291
U-D3ZH5BHTG1MG,CA-CA-00000209,19B,CONDO_UNIT,2090.0,2,RENTED,20-1930-525
U-OEA88EJFF1F8,CA-CA-00000209,37D,CONDO_UNIT,1811.0,2,OWNER_OCCUPIED,46-6105-586
U-CII0PIONMQED,CA-CA-00000209,4H,CONDO_UNIT,2440.0,4,RENTED,28-6327-532
U-S44OMPN7WW05,CA-CA-00000209,39B,CONDO_UNIT,1881.0,1,OWNER_OCCUPIED,86-6340-107
U-6XGQL8MMY047,CA-CA-00000209,32D,CONDO_UNIT,,2,OWNER_OCCUPIED,64-1119-994
U-RGM0POFQ4SM1,CA-CA-00000209,40C,CONDO_UNIT,,4,RENTED,80-2350-107
U-1N1HCR17W2LX,CA-CA-00000209,2D,CONDO_UNIT,1977.0,3,OWNER_OCCUPIED,21-4426-313
U-BNKNY11UV5YJ,CA-CA-00000209,14A,CONDO_UNIT,2427.0,3,OWNER_OCCUPIED,95-2343-832
U-HAS2O23CDL5D,CA-CA-00000209,12B,CONDO_UNIT,2482.0,3,OWNER_OCCUPIED,82-2467-267
U-8M9OZW85CUEY,CA-CA-00000209,4G,CONDO_UNIT,,2,RENTED,29-6416-260
U-14AHL9X0IGLA,CA-CA-00000209,6D,CONDO_UNIT,3127.0,3,RENTED,62-4286-302
U-XOK1QHU7PWM7,CA-CA-00000209,27G,CONDO_UNIT,867.0,4,RENTED,64-5632-603
U-FTVK1KOWQ8OH,CA-CA-00000209,36E,CONDO_UNIT,2704.0,3,RENTED,96-2792-498
U-XN3G82UI0FMV,CA-CA-00000209,22D,CONDO_UNIT,1704.0,1,RENTED,14-5855-465
U-H543Z59A1BCE,CA-CA-00000209,9C,CONDO_UNIT,1878.0,3,OWNER_OCCUPIED,74-6902-205
U-X8XSN1FLJRPY,CA-CA-00000209,27B,CONDO_UNIT,2754.0,4,OWNER_OCCUPIED,
U-QHF1LDAJJB26,CA-CA-00000209,27A,CONDO_UNIT,1631.0,4,OWNER_OCCUPIED,75-3574-613
U-OL3DDIAVNYY5,CA-CA-00000209,7G,CONDO_UNIT,2664.0,2,RENTED,62-9989-905
U-MUXO3YXLQZ66,CA-CA-00000209,25C,CONDO_UNIT,1324.0,2,OWNER_OCCUPIED,18-9166-808
U-DMNEJ84A5DZE,CA-CA-00000209,40F,CONDO_UNIT,2706.0,5,OWNER_OCCUPIED,59-5696-661
U-A7IVKG6ICS6V,CA-CA-00000209,37G,CONDO_UNIT,1634.0,2,OWNER_OCCUPIED,52-1954-317
U-5P7NFDPYFL52,CA-CA-00000209,7F,CONDO_UNIT,,2,OWNER_OCCUPIED,26-1055-126
U-YN0ECB4B61OE,CA-CA-00000209,39D,CONDO_UNIT,1755.0,5,OWNER_OCCUPIED,53-4977-177
U-4DZ5DQJRMPTV,CA-CA-00000209,16G,CONDO_UNIT,746.0,2,OWNER_OCCUPIED,47-2332-277
U-MALPLWFXT4QF,CA-CA-00000209,34C,CONDO_UNIT,3107.0,3,RENTED,74-2696-814
U-NB33O06RWJZR,CA-CA-00000209,21G,CONDO_UNIT,1312.0,3,OWNER_OCCUPIED,
U-CTAR0FA20D2G,CA-CA-00000209,15F,CONDO_UNIT,1541.0,3,OWNER_OCCUPIED,28-8429-305
U-TYMWOROSNRQN,CA-CA-00000209,6F,CONDO_UNIT,898.0,2,OWNER_OCCUPIED,51-3964-745
U-RTOM2PPTPUFP,CA-CA-00000209,3D,CONDO_UNIT,1248.0,3,OWNER_OCCUPIED,66-6030-914
U-B50IC6U7CY35,CA-CA-00000209,8C,CONDO_UNIT,1379.0,3,OWNER_OCCUPIED,83-3798-595
U-SS13MAB3GEAJ,CA-CA-00000209,8E,CONDO_UNIT,2850.0,3,OWNER_OCCUPIED,91-9366-102
U-FJIQVAKBL83T,CA-NC-00000210,33D,CONDO_UNIT,2280.0,2,OWNER_OCCUPIED,61-7894-372
U-WWHL7R5II1QS,CA-NC-00000210,19C,CONDO_UNIT,2111.0,2,RENTED,40-9380-971
U-M5PVL9F56ASN,CA-NC-00000210,32E,CONDO_UNIT,2375.0,3,OWNER_OCCUPIED,63-6801-982
U-VUKZX2A8JOW0,CA-NC-00000210,15H,CONDO_UNIT,1700.0,1,OWNER_OCCUPIED,77-8990-207
U-250DWOUWF60A,CA-NC-00000210,40B,CONDO_UNIT,1662.0,5,OWNER_OCCUPIED,78-6843-679
U-7XENFATK10SR,CA-NC-00000210,29E,CONDO_UNIT,2001.0,4,RENTED,23-6877-268
U-5BVIZQHQ8BKH,CA-NC-00000210,36C,CONDO_UNIT,824.0,2,RENTED,26-8296-420
U-NAQXAR72RW4S,CA-NC-00000210,10B,CONDO_UNIT,3135.0,5,OWNER_OCCUPIED,58-1216-522
U-3BJHM6JA6X8M,CA-NC-00000210,38E,CONDO_UNIT,3082.0,3,OWNER_OCCUPIED,76-1237-675
U-PV0CV28GNUOM,CA-NC-00000210,22F,CONDO_UNIT,2404.0,3,VACANT,94-7047-287
U-STTLH741I67K,CA-NC-00000210,33D,CONDO_UNIT,1709.0,1,RENTED,95-7691-616
U-QR9B662BXRQY,CA-NC-00000210,25H,CONDO_UNIT,1470.0,3,OWNER_OCCUPIED,24-8214-804
U-BOWZIWQRTVQJ,CA-NC-00000210,14H,CONDO_UNIT,1654.0,2,OWNER_OCCUPIED,65-7979-832
U-BSNIYATXJXYX,CA-NC-00000210,23E,CONDO_UNIT,2203.0,4,OWNER_OCCUPIED,52-5131-865
U-IVENZE8V6MF9,CA-NC-00000210,26D,CONDO_UNIT,3058.0,2,RENTED,91-7033-903
U-F59HOVNJXX55,CA-NC-00000210,32D,CONDO_UNIT,,4,OWNER_OCCUPIED,11-6295-717
U-79725B1VD7UM,CA-NC-00000210,1A,CONDO_UNIT,2018.0,2,RENTED,99-1445-991
U-OMTF0W5U346S,CA-NC-00000210,22H,CONDO_UNIT,1006.0,3,OWNER_OCCUPIED,51-7112-404
U-ADIBHNC4VIYS,CA-NC-00000210,8F,CONDO_UNIT,2368.0,2,RENTED,82-9956-221
U-RMVG8MX7I5JU,CA-NC-00000210,37A,CONDO_UNIT,905.0,3,RENTED,88-5609-487
U-DODIO3CPEH6J,CA-NC-00000210,8D,CONDO_UNIT,2090.0,3,VACANT,88-8146-490
U-XYY9E5DT6W9R,CA-NC-00000210,16H,CONDO_UNIT,2344.0,3,RENTED,
U-32IUY68CL9E8,CA-NC-00000210,18E,CONDO_UNIT,,2,OWNER_OCCUPIED,84-6642-775
U-Z02T11R52QKF,CA-NC-00000210,13E,CONDO_UNIT,2846.0,3,RENTED,41-2820-753
U-FPUJK0MD0XPQ,CA-NC-00000210,33B,CONDO_UNIT,2067.0,5,RENTED,70-8644-349
U-I3EMQACJME93,CA-NC-00000210,12C,CONDO_UNIT,1225.0,4,OWNER_OCCUPIED,60-2268-160
U-M2RNH8N4Y29I,CA-NC-00000210,34A,CONDO_UNIT,3072.0,3,OWNER_OCCUPIED,74-1257-410
U-XFPPWE2YB230,CA-NC-00000210,20B,CONDO_UNIT,2515.0,5,RENTED,18-1222-598
U-YSPROTIJ9LEC,CA-NC-00000210,26D,CONDO_UNIT,1272.0,2,OWNER_OCCUPIED,50-9911-573
U-FW5U8OO5J2F0,CA-NC-00000210,39A,CONDO_UNIT,1104.0,3,RENTED,19-7890-798
U-LK1CMQGG3WSY,CA-NC-00000210,27H,CONDO_UNIT,852.0,2,VACANT,22-3179-589
U-5KFAOJDZZR5I,CA-NC-00000210,8A,CONDO_UNIT,1116.0,1,OWNER_OCCUPIED,28-6215-360
U-W2SXS9LBTC2F,CA-NC-00000210,18F,CONDO_UNIT,1258.0,4,OWNER_OCCUPIED,75-2388-481
U-9DI6RRA8W863,CA-NC-00000210,39F,CONDO_UNIT,,3,OWNER_OCCUPIED,96-2233-335
U-EAWDR0MTTV5L,CA-NC-00000210,21C,CONDO_UNIT,2213.0,2,OWNER_OCCUPIED,84-5146-791
U-3JTX3GMWJVSP,CA-NC-00000210,25G,CONDO_UNIT,1853.0,4,VACANT,51-8273-816
U-UZACX5457QFH,CA-NC-00000210,36C,CONDO_UNIT,1369.0,1,OWNER_OCCUPIED,38-9534-335
U-YBO7CFJ9YLLB,CA-NC-00000210,10G,CONDO_UNIT,2801.0,3,OWNER_OCCUPIED,76-1675-313
U-M7H8WVP4UGK6,CA-NC-00000210,21H,CONDO_UNIT,,2,OWNER_OCCUPIED,84-1787-635
U-80WZTL2SUHUW,CA-NC-00000210,17A,CONDO_UNIT,825.0,3,RENTED,97-8820-444
U-9COTM6HC3J4F,CA-NC-00000210,39B,CONDO_UNIT,2433.0,4,OWNER_OCCUPIED,57-1292-282
U-9YOVBC1VYET6,CA-NC-00000210,20A,CONDO_UNIT,1194.0,3,OWNER_OCCUPIED,16-4565-662
U-4JOJPTC19FEO,CA-NC-00000210,35F,CONDO_UNIT,2866.0,3,OWNER_OCCUPIED,80-3551-339
U-JMCXAGN75ZOS,CA-NC-00000210,17G,CONDO_UNIT,1216.0,4,OWNER_OCCUPIED,15-7762-691
U-BKW6UZY91D2V,CA-NC-00000210,8C,CONDO_UNIT,801.0,3,OWNER_OCCUPIED,52-6750-545
U-4QC3ATUCNHLT,CA-NC-00000210,15G,CONDO_UNIT,2399.0,3,OWNER_OCCUPIED,60-9050-835
U-LV6LIZV54F55,CA-NC-00000210,30B,CONDO_UNIT,930.0,2,OWNER_OCCUPIED,86-8709-874
U-NOG1YA2NRR6J,CA-NC-00000210,4D,CONDO_UNIT,2327.0,3,OWNER_OCCUPIED,28-2634-664
U-78T0Q41DPYPS,CA-NC-00000210,23C,CONDO_UNIT,1640.0,2,OWNER_OCCUPIED,45-5245-830
U-QUU635JYW3CI,CA-NC-00000210,6D,CONDO_UNIT,2575.0,3,OWNER_OCCUPIED,32-2114-739
U-A7NQM47PND74,CA-NC-00000210,19A,CONDO_UNIT,1349.0,2,OWNER_OCCUPIED,65-4144-919
U-S1DBTBPMO67D,CA-NC-00000210,10E,CONDO_UNIT,1900.0,2,VACANT,72-2307-315
U-7O45EJW0HSYT,CA-NC-00000210,31C,CONDO_UNIT,1650.0,2,RENTED,97-2582-158
U-1EQT1F7CAG2L,CA-NC-00000210,3E,CONDO_UNIT,2115.0,3,RENTED,95-9033-169
U-BMM5ZAKMYYWD,CA-NC-00000210,4E,CONDO_UNIT,2710.0,2,RENTED,63-8879-484
U-IRPNCWK5DUY8,CA-NC-00000210,35B,CONDO_UNIT,1722.0,2,OWNER_OCCUPIED,19-6046-245
U-7J14LKFPLF44,CA-NC-00000210,23G,CONDO_UNIT,2442.0,3,OWNER_OCCUPIED,93-7866-860
U-X4PIKNQJ0DWQ,CA-NC-00000210,20H,CONDO_UNIT,3037.0,2,RENTED,65-1541-153
U-2X10WVKIHSLF,CA-NC-00000210,11H,CONDO_UNIT,1766.0,4,RENTED,80-8607-837
U-QOIJC836XU4P,CA-NC-00000210,27D,CONDO_UNIT,910.0,3,OWNER_OCCUPIED,18-8055-313
U-IFIUB8Z55IF3,CA-CA-00000211,3F,CONDO_UNIT,1470.0,3,RENTED,92-1431-829
U-BXT27V2H3OFU,CA-CA-00000211,34C,CONDO_UNIT,2492.0,3,OWNER_OCCUPIED,39-5120-817
U-ODUZ3R42DWSU,CA-CA-00000211,22D,CONDO_UNIT,2243.0,2,RENTED,55-1525-833
U-6OUE4AHNDZSU,CA-CA-00000211,6A,CONDO_UNIT,2027.0,3,VACANT,86-9534-411
U-7605EZR6TZ70,CA-CA-00000211,37A,CONDO_UNIT,685.0,3,OWNER_OCCUPIED,84-8335-571
U-98SMAO3DJ54L,CA-CA-00000211,9G,CONDO_UNIT,1051.0,3,OWNER_OCCUPIED,51-2511-493
U-Q8N5R2QGLY8G,CA-CA-00000211,27H,CONDO_UNIT,1133.0,5,RENTED,64-9371-936
U-MS4XSUYZ7MTH,CA-CA-00000211,18D,CONDO_UNIT,2292.0,2,OWNER_OCCUPIED,43-9831-455
U-7008NN3T7TR1,CA-CA-00000211,22E,CONDO_UNIT,2768.0,2,RENTED,72-9784-485
U-NJMY55JXLDWG,CA-CA-00000211,29F,CONDO_UNIT,2762.0,2,OWNER_OCCUPIED,60-7321-644
U-W821X2B9XQOF,CA-CA-00000211,18F,CONDO_UNIT,1390.0,2,OWNER_OCCUPIED,63-5801-365
U-C33MAAG1WKAD,CA-CA-00000211,19B,CONDO_UNIT,1894.0,3,OWNER_OCCUPIED,26-6195-655
U-6SWH9WRKVBDX,CA-CA-00000211,24E,CONDO_UNIT,3122.0,1,RENTED,45-8906-452
U-Y61JGJ9IX7MK,CA-CA-00000211,15G,CONDO_UNIT,1122.0,2,OWNER_OCCUPIED,95-1333-369
U-B155VJYIRPZ8,CA-CA-00000211,34G,CONDO_UNIT,2037.0,4,RENTED,35-4270-961
U-3C1OMRHGQ3V7,CA-CA-00000211,2A,CONDO_UNIT,1342.0,2,VACANT,59-4354-845
U-OQAGWESSOY5D,CA-CA-00000211,12G,CONDO_UNIT,1369.0,2,RENTED,11-4925-264
U-J4XIZJAZFAO0,CA-CA-00000211,8E,CONDO_UNIT,2700.0,2,OWNER_OCCUPIED,56-2966-359
U-43M2NF051XE4,CA-CA-00000211,29F,CONDO_UNIT,2155.0,4,RENTED,23-1707-231
U-RL8CMKUH73GI,CA-CA-00000211,33D,CONDO_UNIT,1592.0,1,OWNER_OCCUPIED,69-2619-991
U-UDW21ZC7NSLI,CA-CA-00000211,37G,CONDO_UNIT,2392.0,3,OWNER_OCCUPIED,43-9112-905
U-FCYZEDLG90WE,CA-CA-00000211,17H,CONDO_UNIT,2461.0,2,OWNER_OCCUPIED,87-6104-677
U-BAB8C8TVFAEO,CA-CA-00000211,18H,CONDO_UNIT,764.0,4,OWNER_OCCUPIED,53-4022-278
U-S96XVEY5RGGF,CA-CA-00000211,15C,CONDO_UNIT,1531.0,3,OWNER_OCCUPIED,80-4576-199
U-UI1BIXGE218G,CA-CA-00000211,10B,CONDO_UNIT,1266.0,4,RENTED,55-1695-378
U-VL4VWRNIAUZ7,CA-CA-00000211,35F,CONDO_UNIT,876.0,3,OWNER_OCCUPIED,31-6759-822
U-BPSJZEWIGC8G,CA-CA-00000211,27G,CONDO_UNIT,1348.0,3,OWNER_OCCUPIED,18-1859-815
U-0EIQEG6T7F7V,CA-CA-00000211,15D,CONDO_UNIT,2242.0,5,OWNER_OCCUPIED,45-1624-321
U-HRLTGM5M7V5R,CA-CA-00000211,10F,CONDO_UNIT,3087.0,2,OWNER_OCCUPIED,37-6481-908
U-84J6M20Z67PB,CA-CA-00000211,34D,CONDO_UNIT,2218.0,2,OWNER_OCCUPIED,25-3342-583
U-8MBE8L3UQFHV,CA-CA-00000211,33B,CONDO_UNIT,3041.0,1,OWNER_OCCUPIED,97-7245-618
U-DP7GBOQL75BV,CA-CA-00000211,25G,CONDO_UNIT,1429.0,2,OWNER_OCCUPIED,40-4462-546
U-TUZ53GGJS5G5,CA-CA-00000211,21D,CONDO_UNIT,2313.0,1,VACANT,43-4437-277
U-ZEEUPISYJIY6,CA-CA-00000211,6F,CONDO_UNIT,2120.0,3,OWNER_OCCUPIED,21-3725-652
U-KS2ZZV871QZJ,CA-CA-00000211,1B,CONDO_UNIT,1373.0,3,RENTED,37-7727-659
U-G6HET0HU2V9L,CA-CA-00000211,32E,CONDO_UNIT,2821.0,3,VACANT,39-8905-412
U-PQ2Q1SG1PZK4,CA-CA-00000211,28B,CONDO_UNIT,743.0,5,OWNER_OCCUPIED,60-5831-821
U-R99H6BEDMWZG,CA-CA-00000211,36H,CONDO_UNIT,1064.0,3,OWNER_OCCUPIED,18-7252-128
U-31ZP2GRNKNSZ,CA-CA-00000211,26A,CONDO_UNIT,763.0,5,OWNER_OCCUPIED,17-1687-713
U-X2SYCN0VISQI,CA-CA-00000211,40G,CONDO_UNIT,3149.0,1,OWNER_OCCUPIED,16-4951-872
U-FIWKPJWD23WD,CA-CA-00000211,26A,CONDO_UNIT,1016.0,2,OWNER_OCCUPIED,95-3679-850
U-TCQ9PN6T9EFJ,CA-CA-00000211,35F,CONDO_UNIT,3196.0,2,OWNER_OCCUPIED,57-9436-257
U-KNNXXS3W0P48,CA-CA-00000211,40G,CONDO_UNIT,2888.0,4,RENTED,34-1565-511
U-DON4R92J5R74,CA-CA-00000211,23D,CONDO_UNIT,1292.0,2,RENTED,91-7707-102
U-RSYCJ0C4RKFX,CA-CA-00000211,10G,CONDO_UNIT,2690.0,3,OWNER_OCCUPIED,82-9039-404
U-HE0HCOXJ3ARA,CA-CA-00000211,8A,CONDO_UNIT,,3,OWNER_OCCUPIED,13-7174-600
U-P48ZUZR9HFK7,CA-CA-00000211,40C,CONDO_UNIT,1758.0,2,OWNER_OCCUPIED,98-9548-390
U-JWJFL2FFC25A,CA-CA-00000211,9A,CONDO_UNIT,2423.0,2,OWNER_OCCUPIED,52-7742-653
U-PFO9KH6MH033,CA-CA-00000211,17E,CONDO_UNIT,1541.0,5,OWNER_OCCUPIED,26-6138-757
U-5NKZI0VME82A,CA-CA-00000211,5D,CONDO_UNIT,1679.0,3,OWNER_OCCUPIED,93-9717-717
U-C7K7J6WNSO90,CA-CA-00000211,13G,CONDO_UNIT,2668.0,1,OWNER_OCCUPIED,59-7920-969
U-8Y2AHIFWLWAK,CA-CA-00000211,22H,CONDO_UNIT,3134.0,3,OWNER_OCCUPIED,35-4612-721
U-4NXL80KG541G,CA-CA-00000211,12D,CONDO_UNIT,2331.0,4,OWNER_OCCUPIED,65-7783-167
U-OPEIT9ZFKLE3,CA-CA-00000211,31F,CONDO_UNIT,,4,VACANT,92-4582-205
U-SIYJEH7RIXT4,CA-CA-00000211,27E,CONDO_UNIT,989.0,4,OWNER_OCCUPIED,16-2502-857
U-MWLXWXISLWD8,CA-CA-00000211,37C,CONDO_UNIT,844.0,4,OWNER_OCCUPIED,27-5523-824
U-3PKO16LFFLYQ,CA-CA-00000211,36H,CONDO_UNIT,1634.0,3,OWNER_OCCUPIED,85-2655-546
U-C85B501KMD2M,CA-CA-00000211,22E,CONDO_UNIT,,2,OWNER_OCCUPIED,69-1500-840
U-MO4RE8X8ESX5,CA-CA-00000211,16G,CONDO_UNIT,1663.0,1,OWNER_OCCUPIED,65-7446-666
U-Z9DEG9A48FUR,CA-CA-00000211,7B,CONDO_UNIT,2493.0,2,OWNER_OCCUPIED,84-5680-487
U-GFZ0F7C335OP,CA-CA-00000212,100,SINGLE_FAMILY,3068.0,5,RENTED,86-2347-272
U-8UO2KEHHCL6C,CA-CA-00000212,101,TOWNHOME,1869.0,5,OWNER_OCCUPIED,68-1527-992
U-KYBZPGAA50H3,CA-CA-00000212,102,TOWNHOME,2481.0,2,OWNER_OCCUPIED,24-3962-600
U-YH1DJT0Q9BHA,CA-CA-00000212,103,TOWNHOME,1841.0,3,RENTED,86-4224-668
U-662DOAQV8W8Q,CA-CA-00000212,104,SINGLE_FAMILY,1588.0,1,RENTED,67-5593-930
U-SPG5Q14YS5RZ,CA-CA-00000212,105,SINGLE_FAMILY,1838.0,5,OWNER_OCCUPIED,41-5807-547
U-SCOGGZHIEA2E,CA-CA-00000212,106,TOWNHOME,1125.0,2,RENTED,80-5558-974
U-0CLL1CIT4M33,CA-CA-00000212,107,TOWNHOME,3152.0,5,OWNER_OCCUPIED,10-6086-221
U-U0N938TFSHMJ,CA-CA-00000212,108,TOWNHOME,2948.0,2,OWNER_OCCUPIED,20-3638-113
U-8DHQ8BRHFLND,CA-CA-00000212,109,SINGLE_FAMILY,1795.0,5,RENTED,88-8313-472
U-C3WYR4N0QVI0,CA-CA-00000212,110,TOWNHOME,2791.0,2,OWNER_OCCUPIED,
U-3MJWSQFXM9Q7,CA-CA-00000212,111,TOWNHOME,1007.0,2,OWNER_OCCUPIED,86-6053-339
U-4CYMA4O5DV2U,CA-CA-00000212,112,SINGLE_FAMILY,3122.0,3,OWNER_OCCUPIED,40-4717-624
U-AULMPCVS8POL,CA-CA-00000212,113,TOWNHOME,,2,RENTED,83-9117-547
U-O6ZHODBDZZM1,CA-CA-00000212,114,SINGLE_FAMILY,1020.0,3,OWNER_OCCUPIED,32-4009-362
U-ZT1R8HBFNJX1,CA-CA-00000212,115,TOWNHOME,2830.0,2,OWNER_OCCUPIED,50-5568-669
U-IDDL519S4D0B,CA-CA-00000212,116,TOWNHOME,2872.0,3,OWNER_OCCUPIED,22-4076-871
U-OZ1JT57Y86GF,CA-CA-00000212,117,TOWNHOME,3177.0,3,OWNER_OCCUPIED,88-7701-295
U-CB61DR551B91,CA-CA-00000212,118,SINGLE_FAMILY,3081.0,2,OWNER_OCCUPIED,56-2874-132
U-7TY0XJ9N479J,CA-CA-00000212,119,SINGLE_FAMILY,2880.0,5,OWNER_OCCUPIED,29-2988-255
U-YELUB58Q23QD,CA-CA-00000212,120,SINGLE_FAMILY,1057.0,1,OWNER_OCCUPIED,
U-F96WQV8G14DP,CA-CA-00000212,121,SINGLE_FAMILY,2928.0,2,OWNER_OCCUPIED,75-7394-841
U-PVT3AJ2WK84E,CA-CA-00000212,122,TOWNHOME,1210.0,3,VACANT,70-7404-529
U-8NJ5ZQK3D0M8,CA-CA-00000212,123,SINGLE_FAMILY,2266.0,3,RENTED,97-7833-277
U-XSKPRCR4295L,CA-CA-00000212,124,SINGLE_FAMILY,2330.0,3,RENTED,64-9244-422
U-9B29LS9B6WJY,CA-CA-00000212,125,TOWNHOME,2096.0,5,RENTED,85-1949-326
U-ONP109SPH3GC,CA-CA-00000212,126,SINGLE_FAMILY,3088.0,2,OWNER_OCCUPIED,30-7158-281
U-W0F6GK1KOFUY,CA-CA-00000212,127,TOWNHOME,2141.0,3,RENTED,86-8710-170
U-WKN7EEYDRCJQ,CA-CA-00000212,128,SINGLE_FAMILY,1900.0,2,OWNER_OCCUPIED,50-3056-341
U-GXGQOVQ84I3J,CA-CA-00000212,129,TOWNHOME,2797.0,2,OWNER_OCCUPIED,13-5238-692
U-4LYAPTRA9EOK,CA-CA-00000212,130,SINGLE_FAMILY,2913.0,3,OWNER_OCCUPIED,55-3165-848
U-1F1WFU1EZRZJ,CA-CA-00000212,131,TOWNHOME,2246.0,3,OWNER_OCCUPIED,47-6159-775
U-GWMJHC1C7Y25,CA-CA-00000212,132,TOWNHOME,1735.0,3,OWNER_OCCUPIED,75-2213-917
U-ZCOIP693PO0F,CA-CA-00000212,133,TOWNHOME,874.0,3,OWNER_OCCUPIED,69-5641-927
U-2TZKQ1SHD6M2,CA-CA-00000212,134,TOWNHOME,2197.0,3,RENTED,27-6074-451
U-N6ZL13H8WK9C,CA-CA-00000212,135,SINGLE_FAMILY,1935.0,3,OWNER_OCCUPIED,97-9077-189
U-GQ811OHJUVYR,CA-CA-00000212,136,TOWNHOME,2757.0,4,RENTED,95-4801-599
U-A5TOVNOZ0SFN,CA-CA-00000212,137,TOWNHOME,1793.0,3,RENTED,
U-C132NIONX2HI,CA-CA-00000212,138,TOWNHOME,821.0,3,RENTED,18-5065-380
U-MW6K72XXZ38U,CA-CA-00000212,139,TOWNHOME,2083.0,2,OWNER_OCCUPIED,51-3522-212
U-XKID0MGXULEP,CA-CA-00000212,140,SINGLE_FAMILY,,2,OWNER_OCCUPIED,37-3497-573
U-J9O6WF48PUIE,CA-CA-00000212,141,TOWNHOME,939.0,2,OWNER_OCCUPIED,70-9965-219
U-1JJLSR6OB4XX,CA-CA-00000212,142,TOWNHOME,1849.0,3,OWNER_OCCUPIED,16-8539-397
U-0HIJXDULLT96,CA-CA-00000212,143,SINGLE_FAMILY,1481.0,3,OWNER_OCCUPIED,95-5651-955
U-5OK6YWM6OZS9,CA-CA-00000212,144,TOWNHOME,1823.0,2,OWNER_OCCUPIED,43-8885-827
U-EOJ18W3IICI5,CA-CA-00000212,145,SINGLE_FAMILY,2258.0,1,RENTED,41-5324-882
U-5B61IKTXOUQI,CA-CA-00000212,146,TOWNHOME,1341.0,3,VACANT,24-9940-706
U-OSMUWV76SEZR,CA-CA-00000212,147,TOWNHOME,2228.0,1,OWNER_OCCUPIED,36-4873-930
U-AOOHHEND6AUT,CA-CA-00000212,148,SINGLE_FAMILY,1054.0,3,RENTED,85-4521-546
U-WHFKW95FUFCO,CA-CA-00000212,149,TOWNHOME,2752.0,5,OWNER_OCCUPIED,93-5373-819
U-4M76ZV17AIH2,CA-CA-00000212,150,TOWNHOME,1107.0,3,OWNER_OCCUPIED,
U-VN86TJK22H8E,CA-CA-00000212,151,SINGLE_FAMILY,2663.0,3,OWNER_OCCUPIED,78-1115-569
U-VIUOWVLSCMTH,CA-CA-00000212,152,TOWNHOME,703.0,3,RENTED,54-6180-468
U-9FSR04SBC85W,CA-CA-00000212,153,SINGLE_FAMILY,2306.0,3,OWNER_OCCUPIED,54-1421-424
U-LUJ5XS97BGPF,CA-CA-00000212,154,SINGLE_FAMILY,2289.0,1,OWNER_OCCUPIED,44-1030-766
U-BWAMWSJFN36S,CA-CA-00000212,155,TOWNHOME,2003.0,3,RENTED,28-8167-555
U-DQ5H662ZNRQL,CA-CA-00000212,156,TOWNHOME,2480.0,4,OWNER_OCCUPIED,99-6358-463
U-N84W2C308HEE,CA-CA-00000212,157,SINGLE_FAMILY,,1,OWNER_OCCUPIED,84-9081-115
U-0MM5GT8TKB7G,CA-CA-00000212,158,SINGLE_FAMILY,2026.0,3,RENTED,31-1388-892
U-3WZN1J3OBFIV,CA-CA-00000212,159,SINGLE_FAMILY,1257.0,2,RENTED,97-3533-742
U-SFMMUZQGAE8Z,CA-TX-00000213,31A,CONDO_UNIT,2182.0,4,OWNER_OCCUPIED,
U-LGFHSW3LVJY1,CA-TX-00000213,2C,CONDO_UNIT,,2,OWNER_OCCUPIED,70-8266-134
U-DXU6L7IP31OO,CA-TX-00000213,33H,CONDO_UNIT,1270.0,3,RENTED,81-9656-117
U-6VB6AP3K42OR,CA-TX-00000213,8G,CONDO_UNIT,2960.0,5,OWNER_OCCUPIED,89-5803-132
U-PJEFRRN341NW,CA-TX-00000213,25B,CONDO_UNIT,2966.0,2,RENTED,98-9997-963
U-ZOP3I9A7Q5Z6,CA-TX-00000213,10F,CONDO_UNIT,837.0,4,OWNER_OCCUPIED,84-2670-579
U-U9ASXF9H9AO9,CA-TX-00000213,13H,CONDO_UNIT,1175.0,1,OWNER_OCCUPIED,44-3258-541
U-DTQ5YLI96K57,CA-TX-00000213,22D,CONDO_UNIT,669.0,2,OWNER_OCCUPIED,77-4117-250
U-989CQCXLLAQQ,CA-TX-00000213,16A,CONDO_UNIT,715.0,2,RENTED,32-4313-694
U-UAFRXZTGX2LW,CA-TX-00000213,28D,CONDO_UNIT,1514.0,2,RENTED,58-7136-357
U-GTIBLSHABBBX,CA-TX-00000213,14F,CONDO_UNIT,,4,OWNER_OCCUPIED,15-6855-971
U-R4PRCS2D88T9,CA-TX-00000213,33E,CONDO_UNIT,2548.0,3,OWNER_OCCUPIED,14-9996-973
U-RQ9NW8GE8IM8,CA-TX-00000213,29G,CONDO_UNIT,2770.0,3,RENTED,57-2570-721
U-VSF6E7M0IT1H,CA-TX-00000213,12H,CONDO_UNIT,2116.0,3,OWNER_OCCUPIED,74-1209-723
U-XXZLBSL47BS9,CA-TX-00000213,20D,CONDO_UNIT,1203.0,3,OWNER_OCCUPIED,91-4499-112
U-FRDLZT31UO9L,CA-TX-00000213,33H,CONDO_UNIT,2041.0,2,OWNER_OCCUPIED,
U-OWHPK5FJDQUI,CA-TX-00000213,14D,CONDO_UNIT,1653.0,3,OWNER_OCCUPIED,26-1615-276
U-XMYRHMQH8YZN,CA-TX-00000213,30A,CONDO_UNIT,2349.0,4,OWNER_OCCUPIED,83-6382-672
U-9KBEMOAHWDFG,CA-TX-00000213,37F,CONDO_UNIT,2606.0,2,OWNER_OCCUPIED,92-9252-685
U-22I0IZ8ZNMB7,CA-TX-00000213,5E,CONDO_UNIT,1793.0,3,RENTED,40-1686-317
U-XBV2CFLTRM1T,CA-TX-00000213,21G,CONDO_UNIT,1739.0,2,RENTED,
U-PRI9RBZ624CS,CA-TX-00000213,20C,CONDO_UNIT,1798.0,2,RENTED,61-3748-318
U-E2TQNNLEQJ7M,CA-TX-00000213,5F,CONDO_UNIT,2292.0,3,RENTED,62-7712-218
U-9896WNRGX8P1,CA-TX-00000213,20H,CONDO_UNIT,1420.0,3,OWNER_OCCUPIED,57-3478-931
U-II8JDX50XJ6I,CA-TX-00000213,37D,CONDO_UNIT,2351.0,2,RENTED,74-7799-809
U-B2HTZ53RCFJ9,CA-TX-00000213,17E,CONDO_UNIT,2348.0,2,VACANT,84-9572-256
U-WHF1HM3BFL5J,CA-TX-00000213,28G,CONDO_UNIT,2931.0,2,RENTED,86-2880-377
U-PNXAS4XPD0PI,CA-TX-00000213,3A,CONDO_UNIT,1728.0,2,VACANT,72-4317-742
U-TGCDJNIW9A15,CA-TX-00000213,30C,CONDO_UNIT,770.0,1,OWNER_OCCUPIED,65-4494-594
U-BFP2L6MJ631I,CA-TX-00000213,2C,CONDO_UNIT,2858.0,2,RENTED,90-1517-457
U-3U267UZ6CQUN,CA-TX-00000213,14H,CONDO_UNIT,3068.0,2,RENTED,59-3061-828
U-KZK1PT5FZHVK,CA-TX-00000213,31F,CONDO_UNIT,1610.0,5,OWNER_OCCUPIED,79-5682-376
U-6HUKODCWQ28J,CA-TX-00000213,31E,CONDO_UNIT,1950.0,3,OWNER_OCCUPIED,85-4525-108
U-2P7VVQRM1D0I,CA-TX-00000213,32E,CONDO_UNIT,1432.0,2,OWNER_OCCUPIED,62-6520-964
U-M2W7P4O3CSE0,CA-TX-00000213,14G,CONDO_UNIT,2835.0,2,OWNER_OCCUPIED,83-4501-288
U-9JJURYHOUG0V,CA-TX-00000213,29E,CONDO_UNIT,,3,OWNER_OCCUPIED,59-4112-943
U-V0LU2NDC2HZG,CA-TX-00000213,26C,CONDO_UNIT,1679.0,5,OWNER_OCCUPIED,68-7430-797
U-X7XVGS53R1RO,CA-TX-00000213,13C,CONDO_UNIT,1077.0,1,OWNER_OCCUPIED,63-5305-256
U-27HGHRAC9PT8,CA-TX-00000213,17A,CONDO_UNIT,1306.0,2,VACANT,69-3863-929
U-F7UO10K2VZMZ,CA-TX-00000213,16F,CONDO_UNIT,2945.0,4,OWNER_OCCUPIED,99-8559-770
U-J3WLDUGM6TMY,CA-TX-00000213,11C,CONDO_UNIT,1501.0,3,OWNER_OCCUPIED,69-7524-605
U-7QQ685LT9BV5,CA-TX-00000213,34E,CONDO_UNIT,,1,VACANT,
U-KD4OY3NEIE1Z,CA-TX-00000213,34E,CONDO_UNIT,3193.0,2,OWNER_OCCUPIED,25-9213-344
U-P6LOZTRR3O4K,CA-TX-00000213,23A,CONDO_UNIT,1449.0,1,RENTED,54-5409-720
U-5MHJC3SCWJEY,CA-TX-00000213,30E,CONDO_UNIT,1463.0,4,OWNER_OCCUPIED,89-2970-865
U-YDYPVYE6S6GJ,CA-TX-00000213,17D,CONDO_UNIT,2110.0,5,OWNER_OCCUPIED,39-1403-251
U-3NFS4DJJS5JF,CA-TX-00000213,15A,CONDO_UNIT,2856.0,3,RENTED,58-2718-496
U-75XI0T4DHFCF,CA-TX-00000213,25A,CONDO_UNIT,2008.0,2,RENTED,15-6238-221
U-EBE5Y3QIMWWT,CA-TX-00000213,2A,CONDO_UNIT,2937.0,2,RENTED,63-2221-591
U-FCR2DIGDZ9Z6,CA-TX-00000213,28H,CONDO_UNIT,,2,RENTED,68-9056-976
U-VZU9E3TTOPNV,CA-TX-00000213,19D,CONDO_UNIT,1600.0,4,OWNER_OCCUPIED,63-4606-101
U-KTE4CMCH7YXM,CA-TX-00000213,13B,CONDO_UNIT,2131.0,2,OWNER_OCCUPIED,67-7665-721
U-4N4SPFE7E9TQ,CA-TX-00000213,32C,CONDO_UNIT,806.0,2,RENTED,10-6749-981
U-DSFF6RA5BS8Z,CA-TX-00000213,14F,CONDO_UNIT,1326.0,2,OWNER_OCCUPIED,10-6531-686
U-IMHN5U3TMGZY,CA-TX-00000213,13G,CONDO_UNIT,1668.0,4,OWNER_OCCUPIED,26-2195-997
U-J91ZQ8L47AWR,CA-TX-00000213,21F,CONDO_UNIT,2178.0,3,OWNER_OCCUPIED,10-1295-645
U-RRBYZ328PPWW,CA-TX-00000213,40H,CONDO_UNIT,3184.0,4,RENTED,50-4867-537
U-RPBZCOF8YUFU,CA-TX-00000213,28H,CONDO_UNIT,1515.0,3,RENTED,95-2284-501
U-BGMTQKKUOLEW,CA-TX-00000213,7D,CONDO_UNIT,857.0,2,VACANT,
U-UIDMJ0S7XE1A,CA-TX-00000213,19E,CONDO_UNIT,1822.0,3,OWNER_OCCUPIED,47-2790-440
U-GUO2TFJRRQKT,CA-WA-00000214,100,SINGLE_FAMILY,2719.0,2,OWNER_OCCUPIED,25-5966-691
U-YQNITLM54U5H,CA-WA-00000214,101,SINGLE_FAMILY,2330.0,2,OWNER_OCCUPIED,24-6884-604
U-A3LU2XMBNXXO,CA-WA-00000214,102,TOWNHOME,2609.0,3,OWNER_OCCUPIED,10-9945-785
U-DHZ1VA4D7T8X,CA-WA-00000214,103,TOWNHOME,1342.0,1,RENTED,51-5218-523
U-D9C4O0FSML6X,CA-WA-00000214,104,TOWNHOME,1419.0,2,RENTED,40-8885-248
U-7XVCJXBMTNR0,CA-WA-00000214,105,TOWNHOME,1094.0,3,RENTED,54-9103-977
U-EIFHWMCJCJXI,CA-WA-00000214,106,SINGLE_FAMILY,1111.0,2,RENTED,98-9400-467
U-G8VAGF075UQC,CA-WA-00000214,107,SINGLE_FAMILY,2184.0,2,OWNER_OCCUPIED,25-5336-847
U-XDMTDO9I21LN,CA-WA-00000214,108,TOWNHOME,2406.0,1,OWNER_OCCUPIED,46-7568-377
U-BSVCUPOTVZL4,CA-WA-00000214,109,SINGLE_FAMILY,2737.0,4,OWNER_OCCUPIED,24-3928-657
U-XX5PD4ULIBIU,CA-WA-00000214,110,TOWNHOME,,2,RENTED,50-4068-797
U-NTNCPAK96ALM,CA-WA-00000214,111,TOWNHOME,1654.0,3,RENTED,22-7767-983
U-TUK9KP6K3DRI,CA-WA-00000214,112,SINGLE_FAMILY,1751.0,4,OWNER_OCCUPIED,42-6688-176
U-7GT1EBA3WOHW,CA-WA-00000214,113,TOWNHOME,1997.0,2,OWNER_OCCUPIED,
U-OCZYI68L5DZL,CA-WA-00000214,114,TOWNHOME,898.0,2,OWNER_OCCUPIED,83-3462-860
U-CP84NYUJDSR0,CA-WA-00000214,115,SINGLE_FAMILY,2939.0,1,VACANT,34-7879-806
U-UWWGDCGZSV6N,CA-WA-00000214,116,TOWNHOME,3087.0,3,RENTED,77-1607-800
U-AJKNCRGQO3BX,CA-WA-00000214,117,TOWNHOME,2886.0,3,OWNER_OCCUPIED,43-2563-162
U-8GRL0CBJI9PO,CA-WA-00000214,118,SINGLE_FAMILY,1230.0,4,OWNER_OCCUPIED,42-7701-865
U-O3PCSH9LDDAP,CA-WA-00000214,119,TOWNHOME,1282.0,2,RENTED,76-2808-648
U-4TXK0GCI0Q8N,CA-WA-00000214,120,SINGLE_FAMILY,1291.0,2,OWNER_OCCUPIED,48-6517-236
U-6HGQRBJAONE4,CA-WA-00000214,121,TOWNHOME,2073.0,1,OWNER_OCCUPIED,57-9577-757
U-269VTUGC9YKN,CA-WA-00000214,122,TOWNHOME,2914.0,2,OWNER_OCCUPIED,11-2705-811
U-XV9P6A7WPMWH,CA-WA-00000214,123,SINGLE_FAMILY,1259.0,4,OWNER_OCCUPIED,95-5177-666
U-UZ91CWY9GTUT,CA-WA-00000214,124,TOWNHOME,,2,OWNER_OCCUPIED,35-9444-323
U-79YSKB1QSJR7,CA-WA-00000214,125,TOWNHOME,2869.0,2,OWNER_OCCUPIED,65-5702-390
U-H8581QJ5UBE7,CA-WA-00000214,126,TOWNHOME,,2,OWNER_OCCUPIED,53-7882-718
U-S9Q4OW9FWLGM,CA-WA-00000214,127,SINGLE_FAMILY,2884.0,5,RENTED,70-7758-614
U-MHGUW32HU9D7,CA-WA-00000214,128,TOWNHOME,2953.0,2,OWNER_OCCUPIED,31-6218-472
U-F3MK154WSMLX,CA-WA-00000214,129,TOWNHOME,771.0,1,OWNER_OCCUPIED,78-8700-260
U-A03NYMK81MA5,CA-WA-00000214,130,SINGLE_FAMILY,1434.0,3,RENTED,26-4262-510
U-IX8SORHKJV2T,CA-WA-00000214,131,SINGLE_FAMILY,1101.0,3,RENTED,98-2560-499
U-LY0C4Z1EGNKD,CA-WA-00000214,132,SINGLE_FAMILY,2493.0,3,RENTED,31-2783-163
U-1U57JYATNI35,CA-WA-00000214,133,TOWNHOME,1559.0,3,RENTED,86-6599-184
U-DI5FDC19281S,CA-WA-00000214,134,TOWNHOME,2306.0,2,OWNER_OCCUPIED,42-2045-363
U-P1FJ9KE98CH8,CA-WA-00000214,135,SINGLE_FAMILY,2223.0,2,OWNER_OCCUPIED,77-6240-813
U-36RUVQ2O61O5,CA-WA-00000214,136,TOWNHOME,1034.0,4,OWNER_OCCUPIED,92-2744-226
U-CYHN3KZOPTQY,CA-WA-00000214,137,TOWNHOME,1217.0,1,OWNER_OCCUPIED,67-2630-185
U-DVXC78HM3RZH,CA-WA-00000214,138,TOWNHOME,772.0,2,RENTED,27-7694-210
U-GWQN92VB6II7,CA-WA-00000214,139,SINGLE_FAMILY,2460.0,2,OWNER_OCCUPIED,66-9435-201
U-9DCM9J6CBE4Z,CA-WA-00000214,140,TOWNHOME,890.0,3,OWNER_OCCUPIED,51-2143-532
U-0SEDTJ7XCGFP,CA-WA-00000214,141,TOWNHOME,1918.0,3,OWNER_OCCUPIED,91-7919-866
U-SP96BW5877HR,CA-WA-00000214,142,TOWNHOME,816.0,1,OWNER_OCCUPIED,92-9793-204
U-MAHT3WAMDMSN,CA-WA-00000214,143,TOWNHOME,1114.0,4,OWNER_OCCUPIED,25-6927-165
U-QRJWP5QL0YVG,CA-WA-00000214,144,TOWNHOME,2322.0,1,OWNER_OCCUPIED,36-2508-817
U-TTZHX3SPZNL7,CA-WA-00000214,145,SINGLE_FAMILY,1374.0,2,VACANT,64-2880-400
U-QUU2HBGJP5R5,CA-WA-00000214,146,TOWNHOME,2441.0,2,RENTED,25-2232-925
U-MFNZN997GJN1,CA-WA-00000214,147,SINGLE_FAMILY,,4,RENTED,21-4484-622
U-OE61GWUZ7BXD,CA-WA-00000214,148,TOWNHOME,2577.0,3,OWNER_OCCUPIED,61-8561-624
U-7GM7TUGA85GC,CA-WA-00000214,149,TOWNHOME,1596.0,3,OWNER_OCCUPIED,10-5327-606
U-EL371I9AMKKH,CA-WA-00000214,150,SINGLE_FAMILY,1764.0,2,RENTED,18-6601-220
U-CNBVF7Y4S54V,CA-WA-00000214,151,TOWNHOME,1361.0,3,OWNER_OCCUPIED,56-5582-358
U-OWLS28NM5VM5,CA-WA-00000214,152,TOWNHOME,988.0,2,OWNER_OCCUPIED,54-3441-329
U-9VJO0U9TIR1S,CA-WA-00000214,153,TOWNHOME,2395.0,3,OWNER_OCCUPIED,54-1411-909
U-DT257MHS49CI,CA-WA-00000214,154,TOWNHOME,2782.0,2,OWNER_OCCUPIED,78-7100-509
U-IXHUYCS2BFX5,CA-WA-00000214,155,TOWNHOME,,1,OWNER_OCCUPIED,89-4787-642
U-79J2QJJWRD8I,CA-WA-00000214,156,TOWNHOME,2640.0,3,OWNER_OCCUPIED,62-9579-343
U-BCFSZ57G5P7G,CA-WA-00000214,157,SINGLE_FAMILY,2215.0,3,RENTED,27-5510-231
U-KDU4LTUQB9IZ,CA-WA-00000214,158,TOWNHOME,1012.0,2,RENTED,79-7892-806
U-JM4G8KJS7BB5,CA-WA-00000214,159,SINGLE_FAMILY,676.0,4,RENTED,75-9579-562
U-705W6OJCS5U5,CA-VA-00000215,100,TOWNHOME,897.0,2,OWNER_OCCUPIED,
U-T2UY3OHI1NSR,CA-VA-00000215,101,TOWNHOME,1182.0,3,OWNER_OCCUPIED,55-2885-648
U-Q5QNHPS0FVAK,CA-VA-00000215,102,SINGLE_FAMILY,800.0,2,OWNER_OCCUPIED,
U-VHAXCDO11KFF,CA-VA-00000215,103,TOWNHOME,801.0,5,OWNER_OCCUPIED,73-5330-997
U-Z8EL757087Z7,CA-VA-00000215,104,SINGLE_FAMILY,2775.0,3,OWNER_OCCUPIED,45-5918-731
U-15GGE58WK1DU,CA-VA-00000215,105,TOWNHOME,2972.0,3,OWNER_OCCUPIED,93-8660-382
U-V6NPL97RL0KR,CA-VA-00000215,106,TOWNHOME,2573.0,2,OWNER_OCCUPIED,73-8308-156
U-D40PGI4608OG,CA-VA-00000215,107,SINGLE_FAMILY,1432.0,2,OWNER_OCCUPIED,64-3692-912
U-KD2W3T82L4H3,CA-VA-00000215,108,SINGLE_FAMILY,1709.0,1,OWNER_OCCUPIED,66-8970-307
U-EQZ1RA0U9PZN,CA-VA-00000215,109,TOWNHOME,796.0,2,OWNER_OCCUPIED,92-3635-816
U-3IQNXDXYNIJ2,CA-VA-00000215,110,SINGLE_FAMILY,1453.0,1,OWNER_OCCUPIED,73-8614-559
U-6P87O4KZCZXT,CA-VA-00000215,111,SINGLE_FAMILY,2058.0,1,RENTED,48-8836-429
U-9LS7UVFW3WE4,CA-VA-00000215,112,SINGLE_FAMILY,2679.0,2,OWNER_OCCUPIED,84-8558-934
U-SX21JYLG8GVH,CA-VA-00000215,113,SINGLE_FAMILY,3150.0,2,RENTED,31-8864-585
U-IFG7BVVTCM0V,CA-VA-00000215,114,SINGLE_FAMILY,2787.0,3,OWNER_OCCUPIED,10-9830-475
U-JENETKT241AN,CA-VA-00000215,115,SINGLE_FAMILY,2764.0,3,OWNER_OCCUPIED,77-5827-598
U-YOD5NN9GVDB6,CA-VA-00000215,116,TOWNHOME,2962.0,3,OWNER_OCCUPIED,90-7859-419
U-WJGVSGHN9CSN,CA-VA-00000215,117,SINGLE_FAMILY,2488.0,2,RENTED,74-9255-248
U-KF5IAVRCJV1H,CA-VA-00000215,118,TOWNHOME,2499.0,1,RENTED,50-9654-822
U-AXSLV9K8OSH7,CA-VA-00000215,119,TOWNHOME,1638.0,4,RENTED,44-6263-661
U-T2NMFBAXJ0IJ,CA-VA-00000215,120,TOWNHOME,2417.0,4,OWNER_OCCUPIED,83-6513-148
U-DRXYYV2VTSFR,CA-VA-00000215,121,TOWNHOME,1203.0,2,OWNER_OCCUPIED,81-8566-344
U-Y39GWJWOSPD2,CA-VA-00000215,122,TOWNHOME,1878.0,3,OWNER_OCCUPIED,46-1479-491
U-TBVBC20YXF54,CA-VA-00000215,123,TOWNHOME,,3,OWNER_OCCUPIED,85-8043-918
U-ME6JNT6SVUT9,CA-VA-00000215,124,TOWNHOME,963.0,1,OWNER_OCCUPIED,82-8541-739
U-ITK02GP2Z6UE,CA-VA-00000215,125,SINGLE_FAMILY,1832.0,4,OWNER_OCCUPIED,69-1121-797
U-2OZHN9I50V0R,CA-VA-00000215,126,TOWNHOME,1879.0,2,RENTED,
U-P5H4MIJVKU3O,CA-VA-00000215,127,SINGLE_FAMILY,1983.0,3,RENTED,
U-KVCAK5GUTJ67,CA-VA-00000215,128,SINGLE_FAMILY,1487.0,3,RENTED,13-2744-225
U-M3KMCB03KV0I,CA-VA-00000215,129,SINGLE_FAMILY,1621.0,3,OWNER_OCCUPIED,44-4790-581
U-O4QI1M3QTNG1,CA-VA-00000215,130,SINGLE_FAMILY,2169.0,2,OWNER_OCCUPIED,45-3435-786
U-B9AU2Q10SORW,CA-VA-00000215,131,SINGLE_FAMILY,2071.0,4,RENTED,52-5802-997
U-UBWTMBMO89YL,CA-VA-00000215,132,TOWNHOME,1427.0,1,OWNER_OCCUPIED,38-4495-867
U-UC3ABGDJJZIS,CA-VA-00000215,133,SINGLE_FAMILY,,3,OWNER_OCCUPIED,70-5949-154
U-A1S6CKYGBMWH,CA-VA-00000215,134,SINGLE_FAMILY,1671.0,1,RENTED,
U-6FRT4P30B2I9,CA-TX-00000216,100,TOWNHOME,2124.0,4,RENTED,33-8626-123
U-ZHVP8X80U6OC,CA-TX-00000216,101,TOWNHOME,3146.0,3,OWNER_OCCUPIED,32-1648-830
U-BHC8LSL59CPE,CA-TX-00000216,102,TOWNHOME,2061.0,2,RENTED,65-4259-791
U-D8OD5ISKYLAZ,CA-TX-00000216,103,TOWNHOME,2718.0,2,RENTED,74-4240-518
U-R4X0MUGTMTEY,CA-TX-00000216,104,TOWNHOME,927.0,1,RENTED,55-5854-900
U-NC8XLQSR98VF,CA-TX-00000216,105,TOWNHOME,3170.0,2,OWNER_OCCUPIED,20-2328-994
U-7AY0DFLSMMQS,CA-TX-00000216,106,TOWNHOME,2237.0,1,OWNER_OCCUPIED,51-6153-425
U-2LOKTYPIF1ZV,CA-TX-00000216,107,TOWNHOME,3055.0,4,OWNER_OCCUPIED,88-5914-908
U-D1W15G5Y4YS4,CA-TX-00000216,108,TOWNHOME,2813.0,3,OWNER_OCCUPIED,70-8194-920
U-JD6TCBY9FSHW,CA-TX-00000216,109,TOWNHOME,1917.0,3,RENTED,13-8478-818
U-K53BIBVH4FUT,CA-TX-00000216,110,TOWNHOME,1537.0,3,OWNER_OCCUPIED,60-7839-741
U-BGI9JC0SJQZ7,CA-TX-00000216,111,TOWNHOME,2107.0,3,OWNER_OCCUPIED,12-1066-160
U-PERHE8KKY07N,CA-TX-00000216,112,TOWNHOME,2799.0,3,OWNER_OCCUPIED,24-5619-254
U-A5BTVL1F40JH,CA-TX-00000216,113,TOWNHOME,1340.0,3,OWNER_OCCUPIED,62-9150-132
U-4Y6W83OZYLQI,CA-TX-00000216,114,TOWNHOME,724.0,4,OWNER_OCCUPIED,70-3519-669
U-2OZZU63Y2IPB,CA-TX-00000216,115,TOWNHOME,2286.0,3,OWNER_OCCUPIED,22-3941-638
U-2UJV7MIEU1LE,CA-TX-00000216,116,TOWNHOME,967.0,3,RENTED,56-6595-594
U-FKX1FOTDJGF5,CA-TX-00000216,117,TOWNHOME,2980.0,1,OWNER_OCCUPIED,32-4795-150
U-PK1QP39RGUV3,CA-TX-00000216,118,TOWNHOME,1089.0,3,OWNER_OCCUPIED,76-4005-740
U-C0AQL0DOLIT3,CA-TX-00000216,119,TOWNHOME,1616.0,3,OWNER_OCCUPIED,70-1218-673
U-8E9FTKGWUG8P,CA-TX-00000216,120,TOWNHOME,1389.0,2,OWNER_OCCUPIED,45-2848-588
U-BT3JD629ZSWJ,CA-TX-00000216,121,TOWNHOME,2221.0,2,RENTED,25-4347-238
U-7ITOSBSVVXTQ,CA-TX-00000216,122,TOWNHOME,1502.0,2,OWNER_OCCUPIED,41-7479-787
U-MX3HSZRE4Z5X,CA-TX-00000216,123,TOWNHOME,2856.0,3,OWNER_OCCUPIED,88-2275-655
U-5CM9B52M92EB,CA-TX-00000216,124,TOWNHOME,3015.0,3,OWNER_OCCUPIED,58-4809-299
U-Z36GH6UJMRT9,CA-TX-00000216,125,TOWNHOME,1556.0,3,VACANT,72-7940-492
U-V6VSSFPLRJOY,CA-TX-00000216,126,TOWNHOME,665.0,4,OWNER_OCCUPIED,22-1201-766
U-Y4004PJIJHHV,CA-TX-00000216,127,TOWNHOME,,3,OWNER_OCCUPIED,16-6566-175
U-I5WFOBYM38VW,CA-TX-00000216,128,TOWNHOME,2987.0,3,OWNER_OCCUPIED,96-4821-520
U-JDQI5488YNVA,CA-TX-00000216,129,TOWNHOME,1875.0,5,RENTED,53-6744-257
U-JDGM0RQ2H8IY,CA-TX-00000216,130,TOWNHOME,1386.0,2,OWNER_OCCUPIED,
U-8WBVRZERDU2V,CA-TX-00000216,131,TOWNHOME,2198.0,1,OWNER_OCCUPIED,50-4370-321
U-HCYNKSFS8CEJ,CA-TX-00000216,132,TOWNHOME,1863.0,3,RENTED,17-1084-529
U-GOTVS3G1PATK,CA-TX-00000216,133,TOWNHOME,966.0,3,OWNER_OCCUPIED,82-2212-437
U-US5X1NMFKYHV,CA-TX-00000216,134,TOWNHOME,702.0,2,RENTED,54-9912-436
U-8ZPOE17YMP54,CA-TX-00000216,135,TOWNHOME,2488.0,4,OWNER_OCCUPIED,23-8799-470
U-UTUHUZOXSIJD,CA-TX-00000216,136,TOWNHOME,1819.0,3,OWNER_OCCUPIED,80-1225-827
U-ZOAH85CAL8YP,CA-TX-00000216,137,TOWNHOME,1279.0,1,RENTED,32-1389-426
U-YHJCGX27FH7C,CA-TX-00000216,138,TOWNHOME,1932.0,2,VACANT,69-7989-157
U-VLB28SM8DRH2,CA-TX-00000216,139,TOWNHOME,1560.0,1,OWNER_OCCUPIED,
U-Y98GLE6JD8TF,CA-TX-00000216,140,TOWNHOME,2509.0,3,OWNER_OCCUPIED,44-8798-210
U-DQ69XJF4IVKO,CA-TX-00000216,141,TOWNHOME,1007.0,5,OWNER_OCCUPIED,38-2869-941
U-EY7LEYBQEYLD,CA-TX-00000216,142,TOWNHOME,1551.0,3,OWNER_OCCUPIED,78-3191-115
U-T97NM767NF3C,CA-TX-00000216,143,TOWNHOME,2856.0,3,OWNER_OCCUPIED,97-7596-334
U-UC3NLGFZD26T,CA-TX-00000216,144,TOWNHOME,2319.0,3,VACANT,93-5143-836
U-1HUO8PVZHSZ6,CA-TX-00000216,145,TOWNHOME,1637.0,4,RENTED,41-4424-855
U-2X3D2GLSOSKD,CA-TX-00000216,146,TOWNHOME,997.0,2,RENTED,68-6693-281
U-1WUQYBEDCVWD,CA-TX-00000216,147,TOWNHOME,2974.0,3,OWNER_OCCUPIED,50-2071-118
U-NR3K854JYHJU,CA-TX-00000216,148,TOWNHOME,2603.0,2,RENTED,31-7003-225
U-8380DTHT412E,CA-TX-00000216,149,TOWNHOME,1602.0,2,VACANT,72-1445-538
U-UPN03UJR7ND3,CA-TX-00000216,150,TOWNHOME,2909.0,2,OWNER_OCCUPIED,73-3803-592
U-I5BBODM2Y9IS,CA-TX-00000216,151,TOWNHOME,3176.0,2,OWNER_OCCUPIED,56-4996-591
U-IGPK8UMQF511,CA-TX-00000216,152,TOWNHOME,2116.0,1,RENTED,79-5352-804
U-DWYBY9UJJ9C3,CA-TX-00000216,153,TOWNHOME,2017.0,4,OWNER_OCCUPIED,52-6402-550
U-NXUXUPRKW348,CA-TX-00000216,154,TOWNHOME,3059.0,1,RENTED,26-9044-931
U-6Y2GASTSG4NY,CA-TX-00000216,155,TOWNHOME,,1,RENTED,14-6000-485
U-NRAZM66YT6KM,CA-TX-00000216,156,TOWNHOME,878.0,1,OWNER_OCCUPIED,83-9495-182
U-UVH0FXD1RAJF,CA-TX-00000216,157,TOWNHOME,2023.0,1,OWNER_OCCUPIED,33-8063-742
U-18YTFET0HLO8,CA-TX-00000216,158,TOWNHOME,1940.0,2,OWNER_OCCUPIED,52-8709-694
U-QRPYFFSN80OF,CA-TX-00000216,159,TOWNHOME,,4,OWNER_OCCUPIED,15-6691-545
U-VVF61ZUQZPXV,CA-GA-00000217,100,SINGLE_FAMILY,2405.0,1,RENTED,24-6061-298
U-0FYPV9ROQZWO,CA-GA-00000217,101,SINGLE_FAMILY,1059.0,2,RENTED,18-7949-177
U-QYIFF4V6KCM7,CA-GA-00000217,102,SINGLE_FAMILY,2401.0,3,OWNER_OCCUPIED,
U-CWL3W2269541,CA-GA-00000217,103,TOWNHOME,962.0,3,RENTED,85-3220-162
U-TIGF3FK1BO9L,CA-GA-00000217,104,SINGLE_FAMILY,1751.0,2,OWNER_OCCUPIED,36-3394-443
U-RZYJA9BDKABZ,CA-GA-00000217,105,TOWNHOME,1401.0,3,OWNER_OCCUPIED,95-4268-212
U-QJYK2NZ3Q3IH,CA-GA-00000217,106,SINGLE_FAMILY,2511.0,2,OWNER_OCCUPIED,50-5110-160
U-4UZXF8D11E8K,CA-GA-00000217,107,SINGLE_FAMILY,1913.0,2,OWNER_OCCUPIED,72-6931-128
U-6OTKM28D4KCT,CA-GA-00000217,108,TOWNHOME,986.0,2,RENTED,23-7814-520
U-WO5J377U8BE1,CA-GA-00000217,109,SINGLE_FAMILY,2941.0,3,OWNER_OCCUPIED,81-1193-691
U-VXNOGZ9OOT21,CA-GA-00000217,110,TOWNHOME,3126.0,3,RENTED,37-2432-668
U-A586IR638PZL,CA-GA-00000217,111,SINGLE_FAMILY,2036.0,2,RENTED,78-7241-258
U-71ACBR53YFZG,CA-GA-00000217,112,TOWNHOME,2014.0,3,RENTED,37-4610-176
U-PEUNFZFUEMMB,CA-GA-00000217,113,TOWNHOME,1310.0,4,OWNER_OCCUPIED,58-4567-876
U-TCVTUBTPHCDW,CA-GA-00000217,114,TOWNHOME,1215.0,3,OWNER_OCCUPIED,82-5952-669
U-7D2M1RBX9TY1,CA-GA-00000217,115,TOWNHOME,685.0,3,OWNER_OCCUPIED,66-5569-304
U-TVKNQ1IOETY7,CA-GA-00000217,116,SINGLE_FAMILY,3171.0,2,OWNER_OCCUPIED,43-7014-929
U-8G8Y4ZYY4PWF,CA-GA-00000217,117,TOWNHOME,1038.0,1,RENTED,48-6289-691
U-1HOTM9L4TU16,CA-GA-00000217,118,TOWNHOME,1357.0,2,OWNER_OCCUPIED,74-2373-136
U-HK75UACF00G5,CA-GA-00000217,119,TOWNHOME,1108.0,2,OWNER_OCCUPIED,49-5046-352
U-MLEQHZVEFY89,CA-GA-00000217,120,SINGLE_FAMILY,2641.0,3,OWNER_OCCUPIED,53-2544-861
U-A3FVHHA3H0LB,CA-GA-00000217,121,SINGLE_FAMILY,,2,OWNER_OCCUPIED,75-6630-925
U-043I2IPW7W34,CA-GA-00000217,122,SINGLE_FAMILY,2294.0,4,OWNER_OCCUPIED,19-1574-925
U-GSRROK6IOBFJ,CA-GA-00000217,123,TOWNHOME,2338.0,2,OWNER_OCCUPIED,66-3133-323
U-6GIDY4Z3CDO4,CA-GA-00000217,124,TOWNHOME,2111.0,4,VACANT,78-6822-733
U-7DP7IVUO7G7I,CA-GA-00000217,125,TOWNHOME,2201.0,3,OWNER_OCCUPIED,41-5930-211
U-JTFIWQ03R26Y,CA-CA-00000218,100,TOWNHOME,2066.0,3,RENTED,25-9780-514
U-NK8MMC53L9AS,CA-CA-00000218,101,SINGLE_FAMILY,1311.0,3,OWNER_OCCUPIED,38-2426-288
U-S5QXYO6S6V1U,CA-CA-00000218,102,SINGLE_FAMILY,1862.0,3,RENTED,55-6397-512
U-LC5APFAKQOIZ,CA-CA-00000218,103,SINGLE_FAMILY,976.0,5,OWNER_OCCUPIED,99-1108-626
U-1TMF62F14Q8D,CA-CA-00000218,104,TOWNHOME,3187.0,5,OWNER_OCCUPIED,
U-UT8GS4IF0BWX,CA-CA-00000218,105,TOWNHOME,2517.0,3,RENTED,39-8053-476
U-3YAUDWT4PUWC,CA-CA-00000218,106,TOWNHOME,,3,OWNER_OCCUPIED,33-6709-725
U-G3C5MZQY8QME,CA-CA-00000218,107,TOWNHOME,1453.0,4,OWNER_OCCUPIED,19-6935-992
U-J6SLAZYC0KYF,CA-CA-00000218,108,TOWNHOME,2327.0,2,OWNER_OCCUPIED,39-1829-932
U-Z5EWXTM88ZZN,CA-CA-00000218,109,SINGLE_FAMILY,1548.0,2,RENTED,96-7507-721
U-SLHPOJNKLN52,CA-CA-00000218,110,TOWNHOME,3073.0,1,RENTED,88-8246-701
U-I11XR430A43Q,CA-CA-00000218,111,SINGLE_FAMILY,2164.0,3,OWNER_OCCUPIED,26-5158-855
U-VJKJ54BR0ODN,CA-CA-00000218,112,TOWNHOME,2014.0,3,OWNER_OCCUPIED,66-5759-589
U-8CRLINMW7SZE,CA-CA-00000218,113,TOWNHOME,1301.0,3,OWNER_OCCUPIED,73-7507-943
U-405D0SZ9M6KQ,CA-CA-00000218,114,TOWNHOME,1612.0,2,OWNER_OCCUPIED,75-1222-941
U-88VO1WNV06OJ,CA-CA-00000218,115,SINGLE_FAMILY,1591.0,2,OWNER_OCCUPIED,39-8639-584
U-2UU8BADTVYEF,CA-CA-00000218,116,SINGLE_FAMILY,1973.0,3,OWNER_OCCUPIED,48-8627-180
U-AUMIAI1KXE11,CA-CA-00000218,117,SINGLE_FAMILY,2952.0,1,OWNER_OCCUPIED,13-6042-274
U-N79MD47CTZLK,CA-CA-00000218,118,SINGLE_FAMILY,2589.0,2,OWNER_OCCUPIED,75-5307-411
U-OIGHLCKIPV8W,CA-CA-00000218,119,TOWNHOME,2218.0,2,OWNER_OCCUPIED,23-2222-114
U-C9D1WO1ZPNAQ,CA-CA-00000218,120,TOWNHOME,1150.0,4,RENTED,18-4738-491
U-H402HYKFOQYE,CA-CA-00000218,121,SINGLE_FAMILY,2278.0,2,RENTED,23-5147-832
U-EW47YOJVN84F,CA-CA-00000218,122,TOWNHOME,2615.0,1,OWNER_OCCUPIED,79-9221-704
U-7D3PNZO74ESA,CA-CA-00000218,123,SINGLE_FAMILY,3083.0,2,VACANT,52-9453-749
U-FOFTD9CL5NRC,CA-CA-00000218,124,SINGLE_FAMILY,,3,OWNER_OCCUPIED,46-6543-977
U-0TZD8T4T5CH5,CA-CA-00000218,125,SINGLE_FAMILY,842.0,4,VACANT,25-5744-278
U-698U62N8YDVR,CA-CA-00000218,126,SINGLE_FAMILY,1965.0,3,OWNER_OCCUPIED,99-5893-625
U-YGHGHKN12G35,CA-CA-00000218,127,SINGLE_FAMILY,2302.0,2,VACANT,11-9379-230
U-HYF4EG7MKAUJ,CA-CA-00000218,128,SINGLE_FAMILY,2009.0,1,OWNER_OCCUPIED,59-7623-798
U-4RZEPLXHK9D4,CA-CA-00000218,129,SINGLE_FAMILY,1978.0,3,OWNER_OCCUPIED,66-7084-606
U-G01LS834MG4X,CA-CA-00000218,130,SINGLE_FAMILY,2287.0,3,RENTED,75-7804-862
U-J5XUA2E04XNW,CA-CA-00000218,131,SINGLE_FAMILY,2151.0,3,RENTED,49-3518-358
U-OGLOVJ4X16IM,CA-CA-00000218,132,SINGLE_FAMILY,1903.0,4,OWNER_OCCUPIED,18-3312-806
U-1PZ0EBYFJPBP,CA-CA-00000218,133,TOWNHOME,1341.0,3,RENTED,49-5320-203
U-BXUEYXJXFEZ2,CA-CA-00000218,134,SINGLE_FAMILY,2264.0,5,OWNER_OCCUPIED,68-6519-706
U-EKUQU2QAUR4Z,CA-CA-00000218,135,SINGLE_FAMILY,,3,RENTED,48-4405-187
U-IZC0857HDE0Q,CA-CA-00000218,136,TOWNHOME,781.0,4,OWNER_OCCUPIED,38-3734-657
U-OKCAJVRB0SI3,CA-FL-00000219,26C,CONDO_UNIT,1902.0,4,OWNER_OCCUPIED,18-1841-612
U-K55AB4K2J828,CA-FL-00000219,31B,CONDO_UNIT,1701.0,3,OWNER_OCCUPIED,18-4151-683
U-ZH7X24JZAGJN,CA-FL-00000219,26F,CONDO_UNIT,1255.0,4,OWNER_OCCUPIED,93-9202-664
U-SGWMKY1A6DEW,CA-FL-00000219,10F,CONDO_UNIT,2587.0,2,OWNER_OCCUPIED,91-2637-149
U-AR5B5N68G4IR,CA-FL-00000219,34G,CONDO_UNIT,2491.0,4,RENTED,37-6022-190
U-XGH53J0I6MQA,CA-FL-00000219,23E,CONDO_UNIT,1920.0,2,OWNER_OCCUPIED,80-8827-609
U-21NE2PHZMHC6,CA-FL-00000219,4H,CONDO_UNIT,,3,RENTED,56-7373-110
U-3Q6YQ6JFGMMG,CA-FL-00000219,12E,CONDO_UNIT,1989.0,5,OWNER_OCCUPIED,94-5152-973
U-L858YUE3FG8Z,CA-FL-00000219,19D,CONDO_UNIT,2491.0,1,VACANT,39-8302-972
U-7E0ICBL70542,CA-FL-00000219,12E,CONDO_UNIT,,2,OWNER_OCCUPIED,10-2655-332
U-NLILG22PCAJ6,CA-FL-00000219,25B,CONDO_UNIT,1021.0,4,OWNER_OCCUPIED,91-3956-462
U-7LT35EXMNNJD,CA-FL-00000219,3F,CONDO_UNIT,2972.0,4,OWNER_OCCUPIED,18-9405-338
U-V6NED256PGLI,CA-FL-00000219,21D,CONDO_UNIT,2398.0,2,OWNER_OCCUPIED,72-3111-344
U-NDYW8Z4CGCMQ,CA-FL-00000219,5E,CONDO_UNIT,1037.0,2,VACANT,36-7369-284
U-EYG9ZP0LO8JD,CA-FL-00000219,37A,CONDO_UNIT,1280.0,3,RENTED,52-9631-155
U-7EVV955S7L3U,CA-FL-00000219,13A,CONDO_UNIT,865.0,1,OWNER_OCCUPIED,10-1381-935
U-VQZL51Q9BJF5,CA-FL-00000219,9E,CONDO_UNIT,2911.0,5,VACANT,67-2114-360
U-Q3P4BAOYBHHT,CA-FL-00000219,9E,CONDO_UNIT,2435.0,2,RENTED,54-3869-887
U-X0AAC0UT86EY,CA-FL-00000219,31F,CONDO_UNIT,1350.0,2,RENTED,46-1032-672
U-B9TSDFTSXHYI,CA-FL-00000219,19E,CONDO_UNIT,1298.0,4,OWNER_OCCUPIED,44-3393-547
U-AR3IP41BW6AI,CA-FL-00000219,13A,CONDO_UNIT,,3,OWNER_OCCUPIED,74-5866-972
U-TNKQLR01KPTR,CA-FL-00000219,40C,CONDO_UNIT,1637.0,2,OWNER_OCCUPIED,32-1338-870
U-RN7O02KRC1JC,CA-FL-00000219,21B,CONDO_UNIT,1051.0,2,RENTED,88-2148-569
U-JV54PQL55W1Y,CA-FL-00000219,30B,CONDO_UNIT,3124.0,2,OWNER_OCCUPIED,71-7592-273
U-62RV9SAS511D,CA-FL-00000219,36H,CONDO_UNIT,1336.0,3,OWNER_OCCUPIED,26-5973-569
U-JCMGH20EYL2T,CA-FL-00000219,10F,CONDO_UNIT,1032.0,1,OWNER_OCCUPIED,93-7062-683
U-7MJ1DXLEJSLZ,CA-FL-00000219,39D,CONDO_UNIT,1690.0,3,RENTED,71-6102-814
U-0PTBSIX0OIII,CA-FL-00000219,9D,CONDO_UNIT,2875.0,1,RENTED,50-3312-125
U-EBDT055FLLM0,CA-FL-00000219,40D,CONDO_UNIT,2158.0,2,OWNER_OCCUPIED,42-9072-110
U-ITN9Q6C4WMX2,CA-FL-00000219,34D,CONDO_UNIT,1410.0,2,OWNER_OCCUPIED,44-1991-359
U-22S8MI1SN1SL,CA-FL-00000219,7C,CONDO_UNIT,722.0,4,OWNER_OCCUPIED,82-8523-506
U-78UYZNST2GP5,CA-FL-00000220,100,TOWNHOME,1084.0,3,OWNER_OCCUPIED,36-4012-520
U-N97OD4RRLS18,CA-FL-00000220,101,SINGLE_FAMILY,2804.0,3,RENTED,61-5389-403
U-YVZM9UUUGADK,CA-FL-00000220,102,SINGLE_FAMILY,1289.0,2,OWNER_OCCUPIED,43-9976-740
U-MGQ2E5E6AHPR,CA-FL-00000220,103,SINGLE_FAMILY,,3,OWNER_OCCUPIED,58-6970-147
U-0OWFP1UNOWSU,CA-FL-00000220,104,TOWNHOME,1801.0,3,RENTED,83-6387-606
U-KJLFAVBU0DQ1,CA-FL-00000220,105,TOWNHOME,1259.0,4,RENTED,31-9095-534
U-18ZJUM2WUYLV,CA-FL-00000220,106,SINGLE_FAMILY,2709.0,1,OWNER_OCCUPIED,84-7117-157
U-L7F4VMLQ7NND,CA-FL-00000220,107,TOWNHOME,2952.0,3,OWNER_OCCUPIED,36-6442-110
U-B8OFCWGOGP1B,CA-FL-00000220,108,TOWNHOME,995.0,1,RENTED,33-3593-119
U-RL5Z1XDY0TZL,CA-FL-00000220,109,SINGLE_FAMILY,2213.0,2,RENTED,90-5956-231
U-HCZKRLKZ2M79,CA-FL-00000220,110,TOWNHOME,1188.0,1,OWNER_OCCUPIED,92-4288-941
U-L036B5CO5JDG,CA-FL-00000220,111,SINGLE_FAMILY,861.0,1,OWNER_OCCUPIED,16-3271-865
U-5NXU89XXDTHW,CA-FL-00000220,112,TOWNHOME,1924.0,3,VACANT,74-9039-175
U-G4YEWKLRARM0,CA-FL-00000220,113,SINGLE_FAMILY,693.0,3,RENTED,57-5716-406
U-QNXM2MO24X1Q,CA-FL-00000220,114,TOWNHOME,1225.0,2,RENTED,20-7816-938
U-D1G3DKU6J8N9,CA-FL-00000220,115,SINGLE_FAMILY,1814.0,2,VACANT,30-1635-930
U-X5RW4PK8QAVB,CA-FL-00000220,116,SINGLE_FAMILY,2721.0,2,VACANT,74-4237-204
U-CZSCPXLPZG7T,CA-FL-00000220,117,SINGLE_FAMILY,3097.0,4,OWNER_OCCUPIED,72-7284-493
U-YNDVGO3A6AF6,CA-FL-00000220,118,TOWNHOME,2387.0,3,OWNER_OCCUPIED,44-2233-485
U-KP9ZFQP3Z6R1,CA-FL-00000220,119,TOWNHOME,677.0,3,OWNER_OCCUPIED,40-2572-632
U-NLN4VTAHYC3Y,CA-FL-00000220,120,SINGLE_FAMILY,1435.0,1,OWNER_OCCUPIED,76-7397-676
U-ULPLC4PH2ZG7,CA-FL-00000220,121,TOWNHOME,1741.0,3,OWNER_OCCUPIED,57-6692-136
U-2A1UMCEFZ66A,CA-FL-00000220,122,TOWNHOME,,2,OWNER_OCCUPIED,24-6672-810
U-XU0NCJ2861SI,CA-FL-00000220,123,TOWNHOME,1061.0,5,OWNER_OCCUPIED,61-6281-214
U-869RNY99Z39S,CA-FL-00000220,124,TOWNHOME,2634.0,3,OWNER_OCCUPIED,53-4364-554
U-UJG8GM4824BT,CA-FL-00000220,125,TOWNHOME,2429.0,4,OWNER_OCCUPIED,90-6017-688
U-QJJU1LCAWLH3,CA-FL-00000220,126,TOWNHOME,1728.0,3,OWNER_OCCUPIED,94-5410-905
U-RQMQK5OL0QV0,CA-FL-00000220,127,TOWNHOME,1825.0,3,RENTED,13-2908-224
U-GWCGGHI3KB6E,CA-FL-00000220,128,SINGLE_FAMILY,2845.0,3,OWNER_OCCUPIED,53-8690-635
U-9J0ONEAKT1F3,CA-FL-00000220,129,SINGLE_FAMILY,2931.0,4,OWNER_OCCUPIED,92-4807-399
U-MY5SZ6VR24KP,CA-FL-00000220,130,SINGLE_FAMILY,1421.0,3,OWNER_OCCUPIED,88-4277-244
U-OLMQL1YRXNTM,CA-FL-00000220,131,TOWNHOME,2002.0,1,OWNER_OCCUPIED,27-9139-800
U-TUSKX31LY4ZH,CA-FL-00000220,132,TOWNHOME,1475.0,1,OWNER_OCCUPIED,14-8242-819
U-C0BJ4853P22X,CA-FL-00000220,133,TOWNHOME,1636.0,3,OWNER_OCCUPIED,47-9309-486
U-KN0FUPQLBYZI,CA-FL-00000220,134,SINGLE_FAMILY,2219.0,2,VACANT,14-5372-367
U-K3UTPWZ7C3RR,CA-FL-00000220,135,SINGLE_FAMILY,2225.0,3,RENTED,68-1194-270
U-N5H3S92XFYG1,CA-FL-00000220,136,SINGLE_FAMILY,799.0,2,RENTED,38-4073-334
U-U6WFCJODNAGU,CA-FL-00000220,137,TOWNHOME,,2,OWNER_OCCUPIED,62-6667-571
U-OJ3G4RAT37MH,CA-FL-00000220,138,SINGLE_FAMILY,763.0,2,OWNER_OCCUPIED,75-4135-994
U-PICRVNOCCYHT,CA-FL-00000220,139,SINGLE_FAMILY,1692.0,2,OWNER_OCCUPIED,51-9808-342
U-YXZN3MDRW0GN,CA-FL-00000220,140,SINGLE_FAMILY,1937.0,3,OWNER_OCCUPIED,97-6219-233
U-MY2KUE5ZQRP8,CA-FL-00000220,141,TOWNHOME,1663.0,3,RENTED,42-2239-398
U-DM5E7OLZTODG,CA-FL-00000220,142,SINGLE_FAMILY,1582.0,1,OWNER_OCCUPIED,71-6729-831
U-M2TVGQR107JQ,CA-FL-00000220,143,TOWNHOME,1441.0,3,RENTED,75-1869-842
U-74JMX1UMJMDO,CA-FL-00000220,144,SINGLE_FAMILY,1168.0,2,OWNER_OCCUPIED,58-1382-905
U-EXWAPKCNUHUT,CA-FL-00000220,145,SINGLE_FAMILY,1309.0,2,OWNER_OCCUPIED,74-8794-927
U-LLIQNU60M2P2,CA-FL-00000220,146,SINGLE_FAMILY,745.0,3,OWNER_OCCUPIED,99-2966-459
U-P9JHF0D6ZJ3A,CA-NV-00000221,16A,CONDO_UNIT,1983.0,1,RENTED,17-2450-842
U-KW4TXQFNB0YY,CA-NV-00000221,35G,CONDO_UNIT,1183.0,4,OWNER_OCCUPIED,36-1841-777
U-FTAB0J1O6G48,CA-NV-00000221,11F,CONDO_UNIT,1126.0,2,OWNER_OCCUPIED,11-2003-135
U-Q3KHZM6DZVOK,CA-NV-00000221,40E,CONDO_UNIT,,3,OWNER_OCCUPIED,65-2962-612
U-T5RUVAX6CGFU,CA-NV-00000221,1H,CONDO_UNIT,2719.0,1,OWNER_OCCUPIED,57-9818-384
U-MBHDB4XS74EY,CA-NV-00000221,40H,CONDO_UNIT,1119.0,2,OWNER_OCCUPIED,66-7616-154
U-2RYIGIX9AENF,CA-NV-00000221,23D,CONDO_UNIT,925.0,5,RENTED,88-3853-796
U-ZJKQDZC1PX3C,CA-NV-00000221,19E,CONDO_UNIT,953.0,1,OWNER_OCCUPIED,46-4698-745
U-MNIUNE7TN9JS,CA-NV-00000221,35D,CONDO_UNIT,2327.0,2,RENTED,82-1126-739
U-1GJPNC5KPJ3E,CA-NV-00000221,25F,CONDO_UNIT,2056.0,2,VACANT,20-4561-892
U-ONQYEGFFSTFM,CA-NV-00000221,13B,CONDO_UNIT,2438.0,4,VACANT,41-5905-245
U-GS0DO4HFP1FS,CA-NV-00000221,30C,CONDO_UNIT,,5,OWNER_OCCUPIED,51-7055-465
U-EY72E60P180D,CA-NV-00000221,15A,CONDO_UNIT,,3,VACANT,29-7458-930
U-3ALWVBLUMFE9,CA-NV-00000221,5F,CONDO_UNIT,1226.0,3,OWNER_OCCUPIED,80-2799-727
U-HGTCDZVH50JF,CA-NV-00000221,4G,CONDO_UNIT,1205.0,2,OWNER_OCCUPIED,88-8440-942
U-CMEOIQRDKQWF,CA-NV-00000221,30H,CONDO_UNIT,920.0,3,VACANT,10-2062-216
U-CD3WD6GENREX,CA-NV-00000221,13G,CONDO_UNIT,2048.0,4,RENTED,17-6233-690
U-KACZ2SURUEUC,CA-NV-00000221,34H,CONDO_UNIT,759.0,3,RENTED,64-3196-200
U-0ND45BJUG7DN,CA-NV-00000221,37A,CONDO_UNIT,3010.0,2,RENTED,61-1836-591
U-6BFQOITDWIKR,CA-NV-00000221,13A,CONDO_UNIT,2723.0,2,RENTED,92-7171-343
U-Q4XCZX467IGX,CA-NV-00000221,4E,CONDO_UNIT,2185.0,2,OWNER_OCCUPIED,46-6690-736
U-JKU52FRV4A0V,CA-NV-00000221,40F,CONDO_UNIT,1694.0,2,OWNER_OCCUPIED,28-7693-479
U-E4BWU13E3DLG,CA-NV-00000221,21A,CONDO_UNIT,1999.0,4,OWNER_OCCUPIED,12-2223-399
U-WQLK9VVPQZ6R,CA-NV-00000221,15E,CONDO_UNIT,,1,RENTED,40-1804-504
U-8XBC2J1P0KNL,CA-NV-00000221,6G,CONDO_UNIT,825.0,3,RENTED,73-7905-111
U-AXOVEDTEWZ9Y,CA-NV-00000221,37A,CONDO_UNIT,2187.0,2,OWNER_OCCUPIED,51-8926-989
U-XWOA3Q787D99,CA-NV-00000221,1A,CONDO_UNIT,3011.0,4,RENTED,28-3156-504
U-FAJGZCS05ZW0,CA-NV-00000221,25F,CONDO_UNIT,2256.0,5,OWNER_OCCUPIED,11-3075-680
U-H7N975XRS0N4,CA-NV-00000221,36H,CONDO_UNIT,1642.0,3,OWNER_OCCUPIED,16-6325-167
U-UD4XM9059QX9,CA-NV-00000221,9F,CONDO_UNIT,2184.0,3,OWNER_OCCUPIED,63-4216-406
U-7LLEYI87JSCQ,CA-NV-00000221,14C,CONDO_UNIT,1683.0,4,OWNER_OCCUPIED,17-4303-486
U-K1UITONS7VY0,CA-NV-00000221,38D,CONDO_UNIT,1922.0,3,OWNER_OCCUPIED,27-3198-893
U-KZZ74FKOX4QT,CA-NV-00000221,4F,CONDO_UNIT,965.0,2,OWNER_OCCUPIED,62-7962-288
U-Z70LP4KT2ORO,CA-NV-00000221,29D,CONDO_UNIT,1391.0,1,OWNER_OCCUPIED,26-8414-716
U-QVD0VS0DWAKH,CA-NV-00000221,24C,CONDO_UNIT,999.0,2,VACANT,84-6956-110
U-5I9EXINXWZHP,CA-NV-00000221,7D,CONDO_UNIT,704.0,2,RENTED,34-4534-670
U-SCYK965VAH1L,CA-NV-00000221,10E,CONDO_UNIT,1401.0,1,RENTED,95-3420-293
U-OKYZW9SKMH42,CA-NV-00000221,35H,CONDO_UNIT,2090.0,4,OWNER_OCCUPIED,55-4704-645
U-DAVJS5SGF71F,CA-NV-00000221,16F,CONDO_UNIT,853.0,2,OWNER_OCCUPIED,80-2628-757
U-10ETL7HWZMSE,CA-NV-00000221,11B,CONDO_UNIT,1058.0,3,OWNER_OCCUPIED,63-1182-756
U-K5JR5R39ZU5N,CA-NV-00000221,38D,CONDO_UNIT,2087.0,1,OWNER_OCCUPIED,74-8726-439
U-3ZMNSVDAJE5P,CA-NV-00000221,34G,CONDO_UNIT,1075.0,4,VACANT,19-6728-756
U-AC7TRQOH3YW0,CA-NV-00000221,33F,CONDO_UNIT,2574.0,3,VACANT,29-2036-977
U-S3UHN74G9N7Q,CA-NV-00000221,1H,CONDO_UNIT,3162.0,3,RENTED,12-6397-616
U-QME8DGWW43L2,CA-NV-00000221,14A,CONDO_UNIT,2694.0,2,OWNER_OCCUPIED,
U-ESXJL1COMKLQ,CA-NV-00000221,40G,CONDO_UNIT,2631.0,3,OWNER_OCCUPIED,30-6934-978
U-YRD32KQXJV7F,CA-NV-00000221,3H,CONDO_UNIT,2789.0,4,VACANT,97-2233-797
U-AXMG6G4NS00B,CA-NV-00000221,33B,CONDO_UNIT,1455.0,1,OWNER_OCCUPIED,87-7511-286
U-2NASARXZFIFL,CA-NV-00000221,14F,CONDO_UNIT,2972.0,2,RENTED,24-5616-363
U-PQX8EUH98UMV,CA-NV-00000221,25H,CONDO_UNIT,953.0,3,OWNER_OCCUPIED,88-4950-278
U-ZPVW5AI693KG,CA-NV-00000221,29C,CONDO_UNIT,2837.0,3,RENTED,54-7492-229
U-LNGJ9GR7XLFX,CA-NV-00000221,10A,CONDO_UNIT,2645.0,4,RENTED,37-7134-597
U-XYRX7H299KEU,CA-NV-00000221,20C,CONDO_UNIT,2207.0,1,OWNER_OCCUPIED,19-4209-918
U-FASAHMCXFXRL,CA-NV-00000221,32E,CONDO_UNIT,2094.0,3,VACANT,64-2155-734
U-4JNP0MDC4MRS,CA-NV-00000221,8D,CONDO_UNIT,,3,OWNER_OCCUPIED,42-9577-473
U-XOXDOWK56AXQ,CA-NV-00000221,12A,CONDO_UNIT,1175.0,5,OWNER_OCCUPIED,86-7301-951
U-DDMPWDR1FVAX,CA-NV-00000221,33C,CONDO_UNIT,2072.0,4,RENTED,
U-5MK5V9BNV2SO,CA-NV-00000221,7B,CONDO_UNIT,1690.0,2,OWNER_OCCUPIED,54-4224-182
U-N923IA2NH13E,CA-NV-00000221,5E,CONDO_UNIT,1657.0,2,OWNER_OCCUPIED,31-4172-634
U-C39NNYRFT5QK,CA-NV-00000221,31E,CONDO_UNIT,2642.0,2,RENTED,51-2169-688
U-XBLVLQH6MERZ,CA-VA-00000222,100,TOWNHOME,2417.0,4,OWNER_OCCUPIED,91-2633-794
U-I9Z79PT2WWHS,CA-VA-00000222,101,TOWNHOME,1539.0,1,OWNER_OCCUPIED,28-1450-728
U-57L9PJUWXPYV,CA-VA-00000222,102,SINGLE_FAMILY,2179.0,3,OWNER_OCCUPIED,51-6257-591
U-8G5GSSCST9MV,CA-VA-00000222,103,SINGLE_FAMILY,2931.0,2,OWNER_OCCUPIED,49-4120-107
U-CUAWDZVQBDK7,CA-VA-00000222,104,TOWNHOME,,3,RENTED,80-2719-539
U-GI26T7P7D52K,CA-VA-00000222,105,TOWNHOME,1663.0,3,OWNER_OCCUPIED,62-5727-635
U-AG4QEC8O270C,CA-VA-00000222,106,TOWNHOME,2357.0,3,OWNER_OCCUPIED,54-1623-493
U-08GXD0D3ACKE,CA-VA-00000222,107,SINGLE_FAMILY,2464.0,3,OWNER_OCCUPIED,37-5114-608
U-1GFD1TI1U1MZ,CA-VA-00000222,108,SINGLE_FAMILY,1784.0,2,OWNER_OCCUPIED,30-1513-814
U-9OGF2BY92MSJ,CA-VA-00000222,109,TOWNHOME,1971.0,1,OWNER_OCCUPIED,58-2825-941
U-NLTIPMJZ1N0G,CA-VA-00000222,110,SINGLE_FAMILY,1720.0,1,OWNER_OCCUPIED,38-1241-206
U-ZFF1UWOEHMJF,CA-VA-00000222,111,SINGLE_FAMILY,768.0,3,OWNER_OCCUPIED,90-6343-252
U-EZZSCSBX2GV7,CA-AZ-00000223,100,SINGLE_FAMILY,2061.0,2,OWNER_OCCUPIED,72-1981-309
U-QZFZHDOJHXVY,CA-AZ-00000223,101,TOWNHOME,986.0,3,OWNER_OCCUPIED,86-9823-289
U-SNAXVSQ9XMAK,CA-AZ-00000223,102,SINGLE_FAMILY,3196.0,2,OWNER_OCCUPIED,17-2439-987
U-SSNI4E799MN9,CA-AZ-00000223,103,SINGLE_FAMILY,1209.0,2,OWNER_OCCUPIED,61-5422-455
U-LUW28DE8R3RA,CA-AZ-00000223,104,TOWNHOME,2044.0,3,VACANT,54-9200-379
U-TU8HV7LIOXH3,CA-AZ-00000223,105,TOWNHOME,,1,RENTED,35-7755-200
U-3K2U1HBITK4A,CA-AZ-00000223,106,TOWNHOME,1819.0,5,OWNER_OCCUPIED,10-2529-470
U-7LABU9RYH0HS,CA-AZ-00000223,107,SINGLE_FAMILY,1591.0,3,OWNER_OCCUPIED,84-1315-877
U-1I1UVJM8WGLN,CA-AZ-00000223,108,TOWNHOME,1973.0,3,OWNER_OCCUPIED,19-7270-458
U-9BJ35B090FYW,CA-AZ-00000223,109,TOWNHOME,819.0,3,OWNER_OCCUPIED,12-7780-320
U-M5Z136L8RXYR,CA-AZ-00000223,110,TOWNHOME,2885.0,2,OWNER_OCCUPIED,34-3939-748
U-85FVQU6ZI2PA,CA-AZ-00000223,111,SINGLE_FAMILY,2432.0,1,OWNER_OCCUPIED,22-5349-418
U-JFFGDZMF3LCZ,CA-AZ-00000223,112,SINGLE_FAMILY,,3,OWNER_OCCUPIED,47-5026-460
U-7VHOS6DMD07Z,CA-AZ-00000223,113,TOWNHOME,,3,RENTED,61-1116-113
U-WQGC663RKXKH,CA-AZ-00000223,114,TOWNHOME,2191.0,3,OWNER_OCCUPIED,61-4557-247
U-7AGZEOUJGSTF,CA-AZ-00000223,115,TOWNHOME,3067.0,4,RENTED,13-6413-316
U-4THJF1I16BM7,CA-AZ-00000223,116,SINGLE_FAMILY,776.0,4,RENTED,34-5656-663
U-W95SKLT2DBVA,CA-AZ-00000223,117,TOWNHOME,2652.0,5,OWNER_OCCUPIED,53-4645-255
U-RAC7EN94WRXE,CA-AZ-00000223,118,SINGLE_FAMILY,,5,OWNER_OCCUPIED,42-6108-649
U-N202I84KRJ6G,CA-AZ-00000223,119,SINGLE_FAMILY,1437.0,2,OWNER_OCCUPIED,20-3111-278
U-KM0SNFDCXQRZ,CA-AZ-00000223,120,TOWNHOME,1650.0,4,RENTED,27-7221-417
U-ZAB1W0ZHXGLA,CA-AZ-00000223,121,SINGLE_FAMILY,732.0,2,OWNER_OCCUPIED,93-4319-551
U-SDCKMPUXRQU4,CA-AZ-00000223,122,TOWNHOME,771.0,4,RENTED,46-7182-483
U-8RWBZNS5DICA,CA-AZ-00000223,123,SINGLE_FAMILY,,2,RENTED,98-5407-303
U-53ZFWQMDB6T6,CA-AZ-00000223,124,TOWNHOME,1138.0,2,OWNER_OCCUPIED,64-9733-570
U-B414K2DVBKLF,CA-AZ-00000223,125,SINGLE_FAMILY,1510.0,4,RENTED,89-4103-368
U-6T5UOLNS2UHC,CA-AZ-00000223,126,SINGLE_FAMILY,2424.0,2,OWNER_OCCUPIED,53-1383-536
U-B4JSB42YAHRK,CA-AZ-00000223,127,TOWNHOME,2193.0,2,OWNER_OCCUPIED,80-2857-548
U-M3DFBZEAPRBS,CA-AZ-00000223,128,SINGLE_FAMILY,2140.0,2,OWNER_OCCUPIED,59-6942-473
U-H25LF845L6VR,CA-AZ-00000223,129,SINGLE_FAMILY,3038.0,2,OWNER_OCCUPIED,50-8679-130
U-W1786ZR5ZM6P,CA-AZ-00000223,130,SINGLE_FAMILY,1396.0,3,RENTED,67-5763-203
U-S3VWC0ZBRTNB,CA-AZ-00000223,131,SINGLE_FAMILY,868.0,2,RENTED,62-8087-498
U-SEMOGWF9DUJC,CA-AZ-00000223,132,TOWNHOME,2666.0,3,RENTED,77-7173-253
U-RVL32DU97J0S,CA-AZ-00000223,133,SINGLE_FAMILY,2626.0,4,OWNER_OCCUPIED,87-3559-363
U-SDM5OALJVH9T,CA-AZ-00000223,134,TOWNHOME,2951.0,2,OWNER_OCCUPIED,58-2022-223
U-1PJXKN38TOB9,CA-AZ-00000223,135,TOWNHOME,1733.0,2,RENTED,31-1975-553
U-GMTK4HIOL5N0,CA-AZ-00000223,136,TOWNHOME,1847.0,4,RENTED,96-6716-262
U-RPJ9EHYYM3KL,CA-AZ-00000223,137,TOWNHOME,2095.0,3,OWNER_OCCUPIED,24-2478-856
U-NL0N17RVQE0V,CA-AZ-00000223,138,TOWNHOME,2557.0,2,OWNER_OCCUPIED,82-8267-755
U-6OAHMFPFVJWE,CA-AZ-00000223,139,SINGLE_FAMILY,2601.0,4,RENTED,27-7767-534
U-6QFDA8QAETLA,CA-AZ-00000223,140,SINGLE_FAMILY,3114.0,3,VACANT,40-3575-535
U-7OWY5VR9E4A9,CA-AZ-00000223,141,SINGLE_FAMILY,3081.0,4,RENTED,97-9091-459
U-9YZWZZFYJPV5,CA-AZ-00000223,142,TOWNHOME,2432.0,3,RENTED,43-5368-669
U-IT2G80TB98WM,CA-AZ-00000223,143,SINGLE_FAMILY,2489.0,2,OWNER_OCCUPIED,18-7949-113
U-PJEI7QVXPC3P,CA-AZ-00000223,144,SINGLE_FAMILY,1691.0,4,OWNER_OCCUPIED,96-2672-826
U-AP1V1XHCICWT,CA-AZ-00000223,145,TOWNHOME,1416.0,1,OWNER_OCCUPIED,49-4440-284
U-FT5RHL6F6CTC,CA-AZ-00000223,146,SINGLE_FAMILY,1702.0,2,OWNER_OCCUPIED,60-8187-383
U-VFTL22XR2T44,CA-AZ-00000223,147,SINGLE_FAMILY,3095.0,3,OWNER_OCCUPIED,97-2004-373
U-WIWPQEFBRCAZ,CA-AZ-00000223,148,TOWNHOME,2106.0,3,OWNER_OCCUPIED,11-4914-704
U-DLEEJ5H99Q4H,CA-AZ-00000223,149,TOWNHOME,806.0,4,OWNER_OCCUPIED,98-6150-722
U-J26DCUIRKGUE,CA-AZ-00000223,150,TOWNHOME,1872.0,2,OWNER_OCCUPIED,53-8403-457
U-27OBA89FAC5J,CA-AZ-00000223,151,TOWNHOME,2257.0,4,OWNER_OCCUPIED,48-6893-923
U-3925G7TPHMIC,CA-AZ-00000223,152,SINGLE_FAMILY,877.0,2,RENTED,34-9884-105
U-93O0XM0IQIRU,CA-AZ-00000223,153,SINGLE_FAMILY,2846.0,4,OWNER_OCCUPIED,29-8847-561
U-47PVSJHTAPSB,CA-AZ-00000223,154,SINGLE_FAMILY,1574.0,2,OWNER_OCCUPIED,62-6537-535
U-ZSEV60LS3KXM,CA-AZ-00000223,155,SINGLE_FAMILY,2912.0,3,OWNER_OCCUPIED,18-3804-677
U-2AUXISGI23LV,CA-AZ-00000223,156,SINGLE_FAMILY,2369.0,3,OWNER_OCCUPIED,98-4583-587
U-J1SGL6PNYG32,CA-AZ-00000223,157,TOWNHOME,2421.0,2,OWNER_OCCUPIED,13-1292-106
U-NZKQGEXQY8DF,CA-AZ-00000223,158,TOWNHOME,3111.0,3,VACANT,13-2745-454
U-8E6R5068EY3Q,CA-AZ-00000223,159,TOWNHOME,981.0,3,OWNER_OCCUPIED,40-8018-440
U-H14XYKD7SIZQ,CA-GA-00000224,100,TOWNHOME,1488.0,2,RENTED,
U-94CENE79EH3P,CA-GA-00000224,101,TOWNHOME,2350.0,3,RENTED,50-7364-906
U-PWO9GAYQYRW3,CA-GA-00000224,102,TOWNHOME,1168.0,4,RENTED,34-3842-684
U-W4M97YTVBWQU,CA-GA-00000224,103,TOWNHOME,2389.0,4,OWNER_OCCUPIED,43-8778-707
U-5BWTYBTA9PWA,CA-GA-00000224,104,TOWNHOME,2526.0,3,OWNER_OCCUPIED,73-2795-259
U-TDR4NEUSR6PJ,CA-GA-00000224,105,TOWNHOME,,3,OWNER_OCCUPIED,
U-PVO2XE4A52PI,CA-GA-00000224,106,SINGLE_FAMILY,1247.0,1,OWNER_OCCUPIED,81-3913-995
U-N8R8A5QELNGS,CA-GA-00000224,107,SINGLE_FAMILY,2249.0,3,OWNER_OCCUPIED,61-5212-320
U-GIGR3QEGUCGK,CA-GA-00000224,108,TOWNHOME,2489.0,1,RENTED,20-4929-807
U-9A3WFA0F9VYY,CA-GA-00000224,109,SINGLE_FAMILY,2713.0,2,RENTED,61-3265-244
U-0EWW6Q3DL0KX,CA-GA-00000224,110,TOWNHOME,679.0,3,OWNER_OCCUPIED,26-2027-168
U-YXLZ84JAT0I9,CA-GA-00000224,111,TOWNHOME,988.0,3,OWNER_OCCUPIED,61-9943-512
U-0UU72A6LOQEA,CA-GA-00000224,112,TOWNHOME,3059.0,2,OWNER_OCCUPIED,49-3334-615
U-40OCMC9DJP4W,CA-GA-00000224,113,SINGLE_FAMILY,2043.0,2,OWNER_OCCUPIED,73-6654-346
U-IF7KDLSGRPPV,CA-GA-00000225,100,TOWNHOME,1842.0,3,OWNER_OCCUPIED,40-2345-633
U-K0QHVOBDH2E8,CA-GA-00000225,101,SINGLE_FAMILY,,3,RENTED,25-9807-625
U-EXYK5RVLNWQJ,CA-GA-00000225,102,SINGLE_FAMILY,682.0,3,OWNER_OCCUPIED,70-2199-545
U-W2BMJTRCA2NP,CA-GA-00000225,103,TOWNHOME,2713.0,2,RENTED,97-2332-291
U-6UCN9000PRUD,CA-GA-00000225,104,SINGLE_FAMILY,1998.0,3,RENTED,20-1950-667
U-ABKTF0DUUC90,CA-GA-00000225,105,SINGLE_FAMILY,2794.0,3,RENTED,72-5941-129
U-0IEQKWJXURYU,CA-GA-00000225,106,TOWNHOME,1518.0,3,VACANT,33-2914-795
U-IHGW4J8V48BQ,CA-GA-00000225,107,TOWNHOME,2896.0,2,OWNER_OCCUPIED,46-8765-976
U-DN75LLLJJ12R,CA-GA-00000225,108,TOWNHOME,1954.0,2,RENTED,65-5984-220
U-FVIVCJPI0HQ0,CA-GA-00000225,109,TOWNHOME,2474.0,2,OWNER_OCCUPIED,74-4432-569
U-8QIOHK11H4IA,CA-GA-00000225,110,SINGLE_FAMILY,3169.0,5,OWNER_OCCUPIED,27-6244-282
U-5E2P7HL4DG8G,CA-GA-00000225,111,SINGLE_FAMILY,2588.0,4,VACANT,76-3580-852
U-J4IXFCVTCB7H,CA-GA-00000225,112,TOWNHOME,1887.0,3,RENTED,36-8316-921
U-MM4G1LJZ1X76,CA-GA-00000225,113,TOWNHOME,1068.0,5,RENTED,87-7105-349
U-QQST1MNVMS6X,CA-GA-00000225,114,SINGLE_FAMILY,1487.0,4,VACANT,82-8850-281
U-Q4CYQZBGBJ4S,CA-GA-00000225,115,TOWNHOME,2725.0,2,OWNER_OCCUPIED,83-6751-159
U-58LZ2M3P6YKC,CA-GA-00000225,116,TOWNHOME,2814.0,5,OWNER_OCCUPIED,33-2506-431
U-0ZS9YOC03F12,CA-GA-00000225,117,SINGLE_FAMILY,1405.0,4,VACANT,74-5241-457
U-Y5JR9Y2OM9EX,CA-GA-00000225,118,SINGLE_FAMILY,3066.0,1,RENTED,31-4903-565
U-28ACLQ3VMVGM,CA-GA-00000225,119,SINGLE_FAMILY,2019.0,2,OWNER_OCCUPIED,73-7177-235
U-7VX1NBIN3FWB,CA-GA-00000225,120,TOWNHOME,,4,OWNER_OCCUPIED,77-6388-324
U-BQUQGIRAXC19,CA-GA-00000225,121,SINGLE_FAMILY,1414.0,1,OWNER_OCCUPIED,76-9847-290
U-DBXHQ8WHZ83I,CA-GA-00000225,122,SINGLE_FAMILY,2865.0,3,OWNER_OCCUPIED,40-2883-262
U-ED8XIO1CTY6R,CA-GA-00000225,123,TOWNHOME,2259.0,3,OWNER_OCCUPIED,61-2623-977
U-4DSFO25QX4S0,CA-GA-00000225,124,SINGLE_FAMILY,1282.0,2,OWNER_OCCUPIED,16-5044-449
U-H8RDULGXJBB5,CA-GA-00000225,125,TOWNHOME,3158.0,3,OWNER_OCCUPIED,70-3485-165
U-EC9LSHD91EJT,CA-GA-00000225,126,SINGLE_FAMILY,961.0,4,OWNER_OCCUPIED,75-8142-711
U-TY55OHKLY1B9,CA-GA-00000225,127,SINGLE_FAMILY,2474.0,5,OWNER_OCCUPIED,87-8165-492
U-FLQPT4XK89U2,CA-GA-00000225,128,TOWNHOME,797.0,3,OWNER_OCCUPIED,38-4360-810
U-X7K9BB4LL9DW,CA-GA-00000225,129,SINGLE_FAMILY,,4,OWNER_OCCUPIED,91-3136-827
U-YMRWCCNFSK6M,CA-GA-00000225,130,SINGLE_FAMILY,1463.0,3,OWNER_OCCUPIED,54-8025-109
U-ICOUZYCIX3L0,CA-GA-00000225,131,SINGLE_FAMILY,2609.0,2,OWNER_OCCUPIED,17-1704-872
U-R42UGA63OM07,CA-CO-00000226,100,SINGLE_FAMILY,,1,RENTED,45-1878-695
U-G2D5PQ2UN88W,CA-CO-00000226,101,TOWNHOME,3000.0,3,OWNER_OCCUPIED,33-4702-142
U-6UDPZZIRW7ZT,CA-CO-00000226,102,TOWNHOME,,2,OWNER_OCCUPIED,32-5634-532
U-088C37ZNHBYE,CA-CO-00000226,103,TOWNHOME,1734.0,4,RENTED,79-6157-220
U-AUMBZ9Y6L5M7,CA-CO-00000226,104,TOWNHOME,2122.0,1,OWNER_OCCUPIED,33-3241-659
U-Y3N020H9LIUG,CA-CO-00000226,105,TOWNHOME,2568.0,2,RENTED,16-5512-321
U-MZ40OSP9XFAJ,CA-CO-00000226,106,SINGLE_FAMILY,2238.0,2,OWNER_OCCUPIED,28-6247-161
U-VYWV3PZ7UFUI,CA-CO-00000226,107,TOWNHOME,3150.0,2,VACANT,65-8011-978
U-XUH9QHQALQHS,CA-CO-00000226,108,TOWNHOME,1410.0,5,RENTED,68-1508-846
U-PU0E11WRZ50X,CA-CO-00000226,109,TOWNHOME,1966.0,3,OWNER_OCCUPIED,77-2879-124
U-01ANT5LJVO4P,CA-CO-00000226,110,TOWNHOME,1689.0,3,OWNER_OCCUPIED,32-4158-971
U-OREMMY8FIKAB,CA-CO-00000226,111,TOWNHOME,1514.0,2,RENTED,60-3197-994
U-RYSCRKEX84JJ,CA-CO-00000226,112,SINGLE_FAMILY,2214.0,1,OWNER_OCCUPIED,63-7274-422
U-MKMUC8CUAC9R,CA-CO-00000226,113,TOWNHOME,2231.0,3,VACANT,72-8313-743
U-GT9PODV14TS7,CA-CO-00000226,114,TOWNHOME,,4,OWNER_OCCUPIED,25-9171-231
U-8V5BALQZD6VO,CA-CO-00000226,115,SINGLE_FAMILY,1118.0,2,RENTED,30-6253-906
U-4X1BZDTCOHT1,CA-CO-00000226,116,SINGLE_FAMILY,1438.0,3,OWNER_OCCUPIED,32-3073-188
U-6GND8T4VW1RG,CA-CO-00000226,117,SINGLE_FAMILY,760.0,5,OWNER_OCCUPIED,62-8958-412
U-A1WP1WFSMFJ2,CA-CO-00000226,118,SINGLE_FAMILY,1863.0,1,OWNER_OCCUPIED,13-7362-951
U-VIUL6RDGD1AM,CA-CO-00000226,119,SINGLE_FAMILY,2671.0,3,OWNER_OCCUPIED,43-1262-846
U-K5W3OFT1JBIW,CA-CO-00000226,120,SINGLE_FAMILY,2960.0,2,RENTED,65-3137-874
U-MGPEPYTS91AF,CA-CO-00000226,121,TOWNHOME,2886.0,2,OWNER_OCCUPIED,33-7588-946
U-UGSGS9G2UJ4H,CA-CO-00000226,122,TOWNHOME,1541.0,1,RENTED,
U-A39IQCZ9GGHI,CA-CO-00000226,123,TOWNHOME,1911.0,5,RENTED,35-4535-528
U-YCGVSPHKR2BF,CA-CO-00000226,124,SINGLE_FAMILY,1308.0,3,OWNER_OCCUPIED,87-5568-456
U-BXY19GWMGOZ7,CA-CO-00000226,125,SINGLE_FAMILY,1701.0,3,RENTED,75-7132-373
U-QEC6BMW0LMRS,CA-CO-00000226,126,TOWNHOME,1655.0,2,RENTED,82-2350-917
U-49EMP3CFZE3C,CA-CO-00000226,127,TOWNHOME,1964.0,4,OWNER_OCCUPIED,26-9873-843
U-CXS0BHRXFIF6,CA-CO-00000226,128,SINGLE_FAMILY,2167.0,3,OWNER_OCCUPIED,37-7696-547
U-7T824XBAB3FW,CA-CO-00000226,129,SINGLE_FAMILY,2880.0,2,OWNER_OCCUPIED,99-1889-369
U-VBNL5DEY3031,CA-CO-00000226,130,SINGLE_FAMILY,,2,OWNER_OCCUPIED,47-8153-164
U-45YZD4TOHR9K,CA-CO-00000226,131,SINGLE_FAMILY,901.0,3,OWNER_OCCUPIED,96-5971-342
U-8NINDAHNGAO1,CA-CO-00000226,132,TOWNHOME,2647.0,3,OWNER_OCCUPIED,91-3633-731
U-H3SKGPJQCCNR,CA-CO-00000226,133,TOWNHOME,2786.0,3,RENTED,23-7217-161
U-Q6METX6EOO30,CA-CO-00000226,134,SINGLE_FAMILY,,5,OWNER_OCCUPIED,97-5314-924
U-5NXHCMFXEEP7,CA-CO-00000226,135,SINGLE_FAMILY,1343.0,3,OWNER_OCCUPIED,11-4186-606
U-ZVHV9D6OC5BJ,CA-CO-00000226,136,SINGLE_FAMILY,2789.0,3,OWNER_OCCUPIED,78-3537-424
U-URASE8KZHISV,CA-CO-00000226,137,SINGLE_FAMILY,2510.0,2,OWNER_OCCUPIED,32-2723-274
U-DQ3TUQI5LJ4U,CA-CO-00000226,138,SINGLE_FAMILY,1830.0,2,OWNER_OCCUPIED,24-9828-544
U-WJ9YL8T9J6JV,CA-CO-00000226,139,TOWNHOME,866.0,2,OWNER_OCCUPIED,61-8843-940
U-PRTJNDOJXET7,CA-CO-00000226,140,TOWNHOME,2000.0,4,OWNER_OCCUPIED,90-4276-990
U-A2M24V8B2AJC,CA-CO-00000226,141,SINGLE_FAMILY,1903.0,3,OWNER_OCCUPIED,99-8695-529
U-ZLIAIZAPOQFX,CA-CO-00000226,142,TOWNHOME,2402.0,3,OWNER_OCCUPIED,35-1907-985
U-SCH4IIB30OX7,CA-CO-00000226,143,SINGLE_FAMILY,1698.0,2,OWNER_OCCUPIED,99-2347-172
U-PZU39ZQMMHQU,CA-CO-00000226,144,SINGLE_FAMILY,2672.0,4,RENTED,30-7114-458
U-UN048YZ3WDTW,CA-CO-00000226,145,SINGLE_FAMILY,1292.0,2,OWNER_OCCUPIED,22-2171-752
U-YOU4AP4ZZMPC,CA-CO-00000226,146,TOWNHOME,662.0,2,OWNER_OCCUPIED,42-1403-220
U-240OJG2RAVO4,CA-CO-00000226,147,SINGLE_FAMILY,2231.0,3,RENTED,37-5849-996
U-GHJBD4BGRPYV,CA-CO-00000226,148,TOWNHOME,3128.0,2,OWNER_OCCUPIED,44-2841-209
U-9PXPOG30JNZO,CA-CO-00000226,149,TOWNHOME,,2,OWNER_OCCUPIED,15-2802-256
U-YGOCIIQ5X4RQ,CA-CO-00000226,150,TOWNHOME,1592.0,2,OWNER_OCCUPIED,23-4068-626
U-0LUUA3OG1JBC,CA-CO-00000226,151,TOWNHOME,987.0,4,OWNER_OCCUPIED,65-6535-607
U-EMSIAUEB47PJ,CA-CO-00000226,152,SINGLE_FAMILY,2111.0,3,OWNER_OCCUPIED,75-9853-859
U-G7WUPTPP9BI7,CA-CO-00000226,153,SINGLE_FAMILY,1669.0,2,OWNER_OCCUPIED,21-4530-843
U-9KEUJMLX2F49,CA-CO-00000226,154,SINGLE_FAMILY,,5,OWNER_OCCUPIED,46-7521-288
U-ALH19VF1O9MY,CA-CO-00000226,155,TOWNHOME,693.0,2,VACANT,80-2324-414
U-LKTSSQX3MO7K,CA-CO-00000226,156,SINGLE_FAMILY,1529.0,3,OWNER_OCCUPIED,40-9263-469
U-9JP9D2VAG6OI,CA-CO-00000226,157,SINGLE_FAMILY,2344.0,2,OWNER_OCCUPIED,70-8467-968
U-O483X4XRFO8P,CA-CO-00000226,158,SINGLE_FAMILY,1745.0,3,OWNER_OCCUPIED,96-8783-903
U-OOEGMA047OIK,CA-CO-00000226,159,TOWNHOME,1540.0,2,OWNER_OCCUPIED,69-7815-313
U-5A0DX9UZRHP6,CA-CO-00000227,100,SINGLE_FAMILY,2378.0,3,OWNER_OCCUPIED,99-4621-539
U-XDCE4QK0RFSF,CA-CO-00000227,101,TOWNHOME,1212.0,2,OWNER_OCCUPIED,59-8916-190
U-U6SFVQMACUKW,CA-CO-00000227,102,SINGLE_FAMILY,,2,RENTED,36-5498-662
U-1CWRY3FC77UR,CA-CO-00000227,103,TOWNHOME,664.0,4,OWNER_OCCUPIED,65-9703-649
U-BXQ2RBWAI7YW,CA-CO-00000227,104,SINGLE_FAMILY,1677.0,2,OWNER_OCCUPIED,28-9034-577
U-2D9BZULAQHZQ,CA-CO-00000227,105,SINGLE_FAMILY,932.0,3,RENTED,87-7821-173
U-MYBXTJEZ7SQA,CA-CO-00000227,106,TOWNHOME,2804.0,2,OWNER_OCCUPIED,65-2938-418
U-3JGPDATCRI0V,CA-CO-00000227,107,TOWNHOME,2642.0,4,OWNER_OCCUPIED,43-7046-589
U-SNC24TIRLBX5,CA-CO-00000227,108,SINGLE_FAMILY,1392.0,2,OWNER_OCCUPIED,70-3921-927
U-YK4EV31F96JJ,CA-CO-00000227,109,SINGLE_FAMILY,1486.0,1,OWNER_OCCUPIED,43-5674-943
U-MCG5PJNW00S0,CA-CO-00000227,110,SINGLE_FAMILY,3016.0,3,OWNER_OCCUPIED,99-4737-767
U-35COJJREG8BP,CA-CO-00000227,111,TOWNHOME,2928.0,3,OWNER_OCCUPIED,29-8397-497
U-W4V8FLQR44QB,CA-CO-00000227,112,SINGLE_FAMILY,821.0,2,OWNER_OCCUPIED,14-5803-975
U-Q20LVBCAY062,CA-CO-00000227,113,SINGLE_FAMILY,1615.0,2,OWNER_OCCUPIED,16-4673-145
U-AGFUPNXJBB6A,CA-CO-00000227,114,SINGLE_FAMILY,1580.0,3,RENTED,82-6588-402
U-VK5HY24LFFP8,CA-CO-00000227,115,SINGLE_FAMILY,1682.0,3,OWNER_OCCUPIED,76-7018-776
U-Q86HHLG6CFBB,CA-CO-00000227,116,SINGLE_FAMILY,2563.0,4,RENTED,40-9489-453
U-XKIG5JQ80USU,CA-CO-00000227,117,TOWNHOME,2233.0,3,OWNER_OCCUPIED,42-9207-594
U-HV97WXXEXTPE,CA-CO-00000227,118,TOWNHOME,1192.0,1,RENTED,39-8984-664
U-EED7RTJQ39P3,CA-CO-00000227,119,SINGLE_FAMILY,1890.0,1,VACANT,15-7462-841
U-I4S6E8E6612O,CA-CO-00000227,120,SINGLE_FAMILY,928.0,5,RENTED,
U-KPHHWWHBFILG,CA-CO-00000227,121,SINGLE_FAMILY,1815.0,1,OWNER_OCCUPIED,90-2301-776
U-7MT9546ET3PY,CA-CO-00000227,122,TOWNHOME,1525.0,4,RENTED,35-1741-813
U-WRSY7EIWU3ES,CA-CO-00000227,123,TOWNHOME,1360.0,2,OWNER_OCCUPIED,85-7023-390
U-6OUQO0MRL8QY,CA-CO-00000227,124,TOWNHOME,3035.0,2,OWNER_OCCUPIED,12-9103-169
U-H5KZZ40S1REY,CA-CO-00000227,125,TOWNHOME,3069.0,4,OWNER_OCCUPIED,54-6003-908
U-Y43R2ODJEE7Z,CA-CO-00000227,126,SINGLE_FAMILY,,2,OWNER_OCCUPIED,85-9453-965
U-S7CN69KP0BGL,CA-CO-00000227,127,SINGLE_FAMILY,1747.0,2,OWNER_OCCUPIED,69-4696-511
U-XAED6XXDRXU3,CA-CO-00000227,128,SINGLE_FAMILY,1021.0,2,RENTED,61-3124-294
U-WZ60T5XRPTPK,CA-CO-00000227,129,SINGLE_FAMILY,2643.0,2,RENTED,51-4423-673
U-1GAQZ8C94UNO,CA-CO-00000227,130,SINGLE_FAMILY,1776.0,2,OWNER_OCCUPIED,32-7555-518
U-D15MV13I1WBQ,CA-CO-00000227,131,SINGLE_FAMILY,1815.0,3,OWNER_OCCUPIED,88-5679-355
U-RQH8QA0LI02U,CA-CO-00000227,132,TOWNHOME,1391.0,3,OWNER_OCCUPIED,22-4535-502
U-2Q39RN8IV3J0,CA-CO-00000227,133,TOWNHOME,2752.0,4,OWNER_OCCUPIED,73-5810-714
U-D3BKK0AROQ5B,CA-CO-00000227,134,SINGLE_FAMILY,2707.0,2,OWNER_OCCUPIED,74-7641-209
U-WQSAAV4BBSPH,CA-CO-00000227,135,SINGLE_FAMILY,2336.0,1,OWNER_OCCUPIED,54-1754-889
U-ECFHO90VOSW8,CA-CO-00000227,136,TOWNHOME,1427.0,2,OWNER_OCCUPIED,90-9478-211
U-PSGOSTU2IJBV,CA-CO-00000227,137,TOWNHOME,1008.0,2,OWNER_OCCUPIED,87-5299-376
U-9W2F3F91QJXD,CA-CO-00000227,138,TOWNHOME,2901.0,3,OWNER_OCCUPIED,64-4182-840
U-7BBLV35H8L79,CA-CO-00000227,139,TOWNHOME,,4,OWNER_OCCUPIED,48-6719-398
U-6WV6S4WNQXFM,CA-CO-00000227,140,TOWNHOME,1463.0,2,VACANT,66-6531-461
U-Y5ZDLZW64WZO,CA-CO-00000227,141,SINGLE_FAMILY,2500.0,2,OWNER_OCCUPIED,89-3662-751
U-2KHNJIR3UOWW,CA-CO-00000227,142,SINGLE_FAMILY,,2,RENTED,85-8820-247
U-HNZVFDNFU6VK,CA-CO-00000227,143,SINGLE_FAMILY,3083.0,3,OWNER_OCCUPIED,25-4321-930
U-SK9M3P205YPK,CA-CO-00000227,144,TOWNHOME,2841.0,4,OWNER_OCCUPIED,65-9537-777
U-AOAJNUWTM93Q,CA-CO-00000227,145,SINGLE_FAMILY,3036.0,2,RENTED,41-7639-362
U-QWWAGTPXOPE0,CA-GA-00000228,13D,CONDO_UNIT,2088.0,3,RENTED,45-9738-147
U-ZOH28P0LT3W5,CA-GA-00000228,24D,CONDO_UNIT,,3,OWNER_OCCUPIED,85-4776-198
U-0N4779907T70,CA-GA-00000228,40C,CONDO_UNIT,1196.0,3,RENTED,69-9407-353
U-8XOMQG1L3PTO,CA-GA-00000228,22D,CONDO_UNIT,2243.0,5,OWNER_OCCUPIED,89-3151-909
U-8FUJHJ2AF4QA,CA-GA-00000228,8G,CONDO_UNIT,1435.0,1,OWNER_OCCUPIED,74-1041-634
U-PJWMDYEBIRIN,CA-GA-00000228,24D,CONDO_UNIT,2370.0,1,RENTED,58-9362-299
U-37A2CTMLJNFH,CA-GA-00000228,18D,CONDO_UNIT,3075.0,2,RENTED,41-6839-514
U-8YYP17O19BQ8,CA-GA-00000228,7C,CONDO_UNIT,859.0,3,OWNER_OCCUPIED,44-1693-852
U-J52I5QBTPXES,CA-GA-00000228,2D,CONDO_UNIT,1483.0,1,OWNER_OCCUPIED,99-7975-369
U-IQDHCNEFLA4J,CA-GA-00000228,8B,CONDO_UNIT,2425.0,2,VACANT,15-7844-404
U-J2O4I0T5M1OR,CA-GA-00000228,4A,CONDO_UNIT,1699.0,3,OWNER_OCCUPIED,39-8175-367
U-3RQ34BWO9VIF,CA-GA-00000228,1A,CONDO_UNIT,1415.0,3,OWNER_OCCUPIED,95-9623-383
U-58L03QLH2PVX,CA-GA-00000228,19G,CONDO_UNIT,1986.0,3,RENTED,37-6950-127
U-HGH47ZWKA3C0,CA-GA-00000228,15H,CONDO_UNIT,958.0,3,RENTED,
U-IME29VVEYVT0,CA-GA-00000228,35E,CONDO_UNIT,2645.0,2,RENTED,86-2516-877
U-MJ4JMXARAQ3J,CA-GA-00000228,8B,CONDO_UNIT,1505.0,2,OWNER_OCCUPIED,80-3182-342
U-PSO17TO12BER,CA-GA-00000228,23H,CONDO_UNIT,1388.0,3,RENTED,15-8161-414
U-YO7D0BKUC9MW,CA-GA-00000228,27H,CONDO_UNIT,,2,OWNER_OCCUPIED,57-9176-120
U-WMNHPJIR2O4F,CA-GA-00000228,26H,CONDO_UNIT,,3,OWNER_OCCUPIED,57-1002-249
U-312LYKSWMN2N,CA-GA-00000228,37B,CONDO_UNIT,2209.0,3,RENTED,18-4013-739
U-HG365K0K94KB,CA-GA-00000228,18E,CONDO_UNIT,2961.0,3,OWNER_OCCUPIED,50-7456-947
U-WJRD2UPQIUSQ,CA-TX-00000229,38C,CONDO_UNIT,1550.0,4,OWNER_OCCUPIED,60-7417-571
U-4BCXPMB0E0SG,CA-TX-00000229,15D,CONDO_UNIT,1741.0,2,OWNER_OCCUPIED,47-8906-884
U-ZLXK1UX2ZY5V,CA-TX-00000229,17A,CONDO_UNIT,2104.0,3,VACANT,69-8134-346
U-62M00QXH95UN,CA-TX-00000229,15E,CONDO_UNIT,1216.0,3,RENTED,90-4139-976
U-9QLHPJ34558B,CA-TX-00000229,27H,CONDO_UNIT,781.0,2,OWNER_OCCUPIED,75-7706-137
U-A7M81C0NH0ZO,CA-TX-00000229,18F,CONDO_UNIT,2555.0,2,RENTED,73-1353-920
U-S4VTLD8WDBAC,CA-TX-00000229,16H,CONDO_UNIT,2013.0,3,OWNER_OCCUPIED,94-4021-621
U-O1PVRTYKI43V,CA-TX-00000229,37F,CONDO_UNIT,,2,RENTED,14-4684-940
U-NVRKONIU7OK0,CA-TX-00000229,27D,CONDO_UNIT,1315.0,3,OWNER_OCCUPIED,39-1999-194
U-FTP8N5QOGV2S,CA-TX-00000229,40C,CONDO_UNIT,2378.0,4,OWNER_OCCUPIED,37-3740-793
U-CHS02JH1G18U,CA-TX-00000229,15B,CONDO_UNIT,3163.0,2,OWNER_OCCUPIED,16-4451-759
U-8DD5VF9Y9PKO,CA-TX-00000229,33B,CONDO_UNIT,2381.0,3,OWNER_OCCUPIED,87-5084-316
U-27O5WFMSSOVW,CA-TX-00000229,37H,CONDO_UNIT,2021.0,2,OWNER_OCCUPIED,89-6260-428
U-EOTM1O7HLFHS,CA-TX-00000229,20F,CONDO_UNIT,1230.0,2,RENTED,52-7135-542
U-0UFDPC3A59IY,CA-TX-00000229,4A,CONDO_UNIT,710.0,4,OWNER_OCCUPIED,36-1958-463
U-19GTLN2CQMDV,CA-TX-00000229,15H,CONDO_UNIT,2883.0,3,OWNER_OCCUPIED,
U-1PK8FAQ0Q1ET,CA-TX-00000229,2F,CONDO_UNIT,1039.0,3,OWNER_OCCUPIED,66-6699-632
U-8UKMZGZ8ZX9E,CA-TX-00000229,5B,CONDO_UNIT,1578.0,3,OWNER_OCCUPIED,90-7440-819
U-X775ZC08E55S,CA-TX-00000229,35C,CONDO_UNIT,2900.0,4,OWNER_OCCUPIED,52-7543-736
U-CNZLNBEE7FRV,CA-TX-00000229,9E,CONDO_UNIT,2086.0,3,RENTED,19-1562-994
U-B794WS7BGU51,CA-TX-00000229,13B,CONDO_UNIT,1032.0,3,OWNER_OCCUPIED,61-6995-790
U-RYWDR6CENXJC,CA-TX-00000229,32H,CONDO_UNIT,1559.0,3,OWNER_OCCUPIED,83-8762-302
U-7GQYXXTZ1V4V,CA-TX-00000229,3C,CONDO_UNIT,1422.0,3,OWNER_OCCUPIED,90-1978-841
U-WY6NNWVQD4FR,CA-TX-00000229,2D,CONDO_UNIT,2565.0,2,RENTED,76-9866-509
U-L9YL6TRDMBMM,CA-TX-00000229,35B,CONDO_UNIT,2519.0,3,RENTED,25-8336-993
U-VSD7OT3Z4OH9,CA-TX-00000229,9B,CONDO_UNIT,1288.0,2,RENTED,86-7979-490
U-A93MTH56A6UW,CA-TX-00000229,25A,CONDO_UNIT,1238.0,4,OWNER_OCCUPIED,18-1923-469
U-PKPLAIBE7DLO,CA-CA-00000230,2H,CONDO_UNIT,3158.0,3,RENTED,11-9414-741
U-Q99G2ANUBJAU,CA-CA-00000230,35C,CONDO_UNIT,1976.0,2,OWNER_OCCUPIED,80-5056-759
U-HF549X34A4HB,CA-CA-00000230,19F,CONDO_UNIT,763.0,5,VACANT,66-1772-315
U-M6VS6ASGZ49X,CA-CA-00000230,13F,CONDO_UNIT,1862.0,2,OWNER_OCCUPIED,13-5542-264
U-HTNRACE5AWZK,CA-CA-00000230,3H,CONDO_UNIT,2854.0,3,OWNER_OCCUPIED,22-1492-378
U-TNKF1NMG3358,CA-CA-00000230,28B,CONDO_UNIT,2687.0,2,OWNER_OCCUPIED,52-4575-123
U-OHIN6PB648YN,CA-CA-00000230,29C,CONDO_UNIT,,1,RENTED,21-4229-128
U-LN7MMO2WSCT9,CA-CA-00000230,32B,CONDO_UNIT,2462.0,3,OWNER_OCCUPIED,43-9491-709
U-ZQ8M4853FH1F,CA-CA-00000230,39G,CONDO_UNIT,1642.0,3,VACANT,64-7467-366
U-FC4J39DF8F8K,CA-CA-00000230,30B,CONDO_UNIT,3020.0,2,OWNER_OCCUPIED,24-6905-527
U-FGD36HZAQ24X,CA-CA-00000230,23A,CONDO_UNIT,1684.0,4,OWNER_OCCUPIED,38-3967-368
U-4NLY3LTFRR5L,CA-CA-00000230,30C,CONDO_UNIT,2593.0,1,RENTED,39-2083-435
U-8LKD9JJDNXJR,CA-CA-00000230,11G,CONDO_UNIT,,2,OWNER_OCCUPIED,43-7666-880
U-E1SHORA0YHCU,CA-CA-00000230,38C,CONDO_UNIT,2450.0,3,OWNER_OCCUPIED,95-4096-394
U-2LEDFDYKQQ8R,CA-CA-00000230,2A,CONDO_UNIT,2835.0,3,OWNER_OCCUPIED,48-1912-383
U-JA7DKOQILVZU,CA-CA-00000230,12F,CONDO_UNIT,1654.0,2,OWNER_OCCUPIED,51-2646-612
U-G74R1YCC7ZQZ,CA-CA-00000230,18E,CONDO_UNIT,1036.0,3,OWNER_OCCUPIED,76-8757-149
U-DVDPMDA5XPGQ,CA-CA-00000230,26F,CONDO_UNIT,1854.0,2,RENTED,74-2655-593
U-2BS3LLKBHF73,CA-CA-00000230,20G,CONDO_UNIT,2566.0,4,OWNER_OCCUPIED,62-4457-530
U-LIOEDBREK581,CA-CA-00000230,24F,CONDO_UNIT,2504.0,2,RENTED,95-9446-150
U-TDT20B7T9CRW,CA-CA-00000230,30B,CONDO_UNIT,1999.0,1,RENTED,15-4800-262
U-GJ8GKMBOT7YN,CA-CA-00000230,9D,CONDO_UNIT,2214.0,3,OWNER_OCCUPIED,34-2698-792
U-5LY381IMONCB,CA-CA-00000230,4D,CONDO_UNIT,1392.0,1,RENTED,52-7000-410
U-ILNKCOCZJHS8,CA-CA-00000230,39A,CONDO_UNIT,3103.0,1,OWNER_OCCUPIED,45-4094-343
U-5BAI29T4DG09,CA-CA-00000230,11F,CONDO_UNIT,,4,RENTED,48-6520-754
U-ZJGFQCK22WJ1,CA-CA-00000230,7D,CONDO_UNIT,1090.0,2,OWNER_OCCUPIED,79-6223-841
U-570ON5YGBDSU,CA-CA-00000230,28B,CONDO_UNIT,1709.0,3,VACANT,26-1050-551
U-OES4JJI2CYDK,CA-CA-00000230,9E,CONDO_UNIT,1896.0,2,OWNER_OCCUPIED,19-6444-233
U-EOIFHBQF6UF3,CA-CA-00000230,27E,CONDO_UNIT,,1,OWNER_OCCUPIED,79-6810-406
U-XOI992WWGGCV,CA-CA-00000230,37B,CONDO_UNIT,2028.0,2,RENTED,86-9769-667
U-0LPVSVCSJBH8,CA-CA-00000230,18G,CONDO_UNIT,2339.0,2,OWNER_OCCUPIED,39-7918-434
U-9AMWTHFE81VK,CA-CA-00000230,16C,CONDO_UNIT,2584.0,2,OWNER_OCCUPIED,81-5893-566
U-B1RTPJWFWTNK,CA-CA-00000230,3C,CONDO_UNIT,2629.0,2,RENTED,91-6850-649
U-JGD4G1T1HOK1,CA-CA-00000230,23B,CONDO_UNIT,2134.0,2,OWNER_OCCUPIED,56-1377-714
U-R6NDN1WDXDY5,CA-CA-00000230,23H,CONDO_UNIT,1480.0,3,RENTED,52-2129-153
U-GZXPQYL1GIDJ,CA-CA-00000230,27A,CONDO_UNIT,2259.0,2,OWNER_OCCUPIED,17-4613-329
U-Z1DDTAMHITPH,CA-CA-00000230,27G,CONDO_UNIT,1697.0,2,RENTED,25-7556-735
U-WH4EJQ3248FY,CA-CA-00000230,30A,CONDO_UNIT,796.0,2,OWNER_OCCUPIED,20-7207-367
U-3JASW35FBG84,CA-CA-00000230,36E,CONDO_UNIT,1286.0,3,OWNER_OCCUPIED,47-1159-811
U-ZMASG9I6IJNC,CA-CA-00000230,5E,CONDO_UNIT,711.0,1,RENTED,70-1877-562
U-IRYA2E0W2J19,CA-CA-00000230,23A,CONDO_UNIT,2982.0,4,OWNER_OCCUPIED,45-8216-642
U-P4X9Y2X9VUF9,CA-CA-00000230,24C,CONDO_UNIT,1646.0,2,RENTED,27-2937-627
U-2I2BEAYBPGH2,CA-CA-00000230,25D,CONDO_UNIT,1437.0,3,OWNER_OCCUPIED,70-4141-938
U-PW2GZIQVBPSD,CA-CA-00000230,23G,CONDO_UNIT,3090.0,2,RENTED,59-6430-339
U-96X1FF62NFUH,CA-CA-00000230,27F,CONDO_UNIT,1296.0,2,RENTED,36-5171-960
U-46I7EZ58YM99,CA-CA-00000230,10A,CONDO_UNIT,3101.0,2,RENTED,58-6884-933
U-1279TMPKCVBM,CA-CA-00000230,19F,CONDO_UNIT,2593.0,5,OWNER_OCCUPIED,11-2303-825
U-FE6ZZXPSG0OV,CA-CA-00000230,6D,CONDO_UNIT,1510.0,4,VACANT,72-2876-630
U-CT4VE18CQE7D,CA-CA-00000230,20E,CONDO_UNIT,1651.0,3,OWNER_OCCUPIED,27-3355-461
U-1MKGP8OBLGZP,CA-CA-00000230,38E,CONDO_UNIT,1219.0,3,OWNER_OCCUPIED,94-2261-920
U-U9P9VS3YT6VY,CA-CA-00000230,16A,CONDO_UNIT,1109.0,2,OWNER_OCCUPIED,43-2872-263
U-E39Q2IBRI58D,CA-CA-00000230,39F,CONDO_UNIT,2944.0,3,OWNER_OCCUPIED,68-4484-448
U-MNYJ4ASXTN6D,CA-CA-00000230,11A,CONDO_UNIT,2720.0,2,OWNER_OCCUPIED,
U-GZNHNSXN6XHB,CA-CA-00000230,13D,CONDO_UNIT,1243.0,2,RENTED,34-4215-291
U-EM8TWFJVMIFD,CA-CA-00000230,14E,CONDO_UNIT,1565.0,4,VACANT,25-3799-574
U-6GVL3ARQ8HCN,CA-CA-00000230,10G,CONDO_UNIT,1289.0,2,OWNER_OCCUPIED,40-6495-262
U-SKHDWAQWGMQ0,CA-CA-00000230,30E,CONDO_UNIT,670.0,3,RENTED,84-2308-956
U-2Y82LMUQMN92,CA-CA-00000230,17E,CONDO_UNIT,2983.0,2,RENTED,45-7776-367
U-0S896OI3J6WM,CA-CA-00000230,7H,CONDO_UNIT,1755.0,5,OWNER_OCCUPIED,98-3248-244
U-8R3WQ61BA0ZZ,CA-CA-00000230,31H,CONDO_UNIT,,1,OWNER_OCCUPIED,54-3167-817
U-FXYA91X4B6NP,CA-FL-00000231,100,SINGLE_FAMILY,2784.0,2,OWNER_OCCUPIED,19-5560-661
U-M7LITC55YTOC,CA-FL-00000231,101,TOWNHOME,2765.0,2,OWNER_OCCUPIED,78-3320-985
U-HW1JZTGVY81U,CA-FL-00000231,102,TOWNHOME,2946.0,3,OWNER_OCCUPIED,
U-V276K1S38GT3,CA-FL-00000231,103,SINGLE_FAMILY,2840.0,1,RENTED,88-1160-727
U-35XR5I9HHLW5,CA-FL-00000231,104,TOWNHOME,2635.0,3,RENTED,48-2869-679
U-FHRCEG3JEBGF,CA-FL-00000231,105,TOWNHOME,2877.0,2,OWNER_OCCUPIED,25-4795-221
U-TF3U18MPLVQG,CA-FL-00000231,106,TOWNHOME,2395.0,1,OWNER_OCCUPIED,78-6439-741
U-TN9BWJ33SKXP,CA-FL-00000231,107,TOWNHOME,,2,RENTED,42-1041-250
U-EHJJ3IZE4IWM,CA-FL-00000231,108,TOWNHOME,934.0,3,RENTED,78-6519-523
U-FCM2GOQ52KTM,CA-FL-00000231,109,TOWNHOME,1849.0,2,OWNER_OCCUPIED,26-4517-896
U-0VPCW958H1W3,CA-FL-00000231,110,SINGLE_FAMILY,2257.0,2,OWNER_OCCUPIED,38-2991-604
U-KWMCNDYF4H6D,CA-FL-00000231,111,TOWNHOME,721.0,3,RENTED,68-5759-847
U-3MV4ONQ1EK70,CA-FL-00000231,112,SINGLE_FAMILY,,2,OWNER_OCCUPIED,48-2806-103
U-LR3THZ3X0SO2,CA-FL-00000231,113,TOWNHOME,1630.0,2,RENTED,99-6578-523
U-H5OCE0JFIIGP,CA-FL-00000231,114,SINGLE_FAMILY,1351.0,1,OWNER_OCCUPIED,62-7866-889
U-Y4SX57ZLE21H,CA-FL-00000231,115,SINGLE_FAMILY,1062.0,2,RENTED,88-2884-819
U-Q31BULJGWBZE,CA-FL-00000231,116,TOWNHOME,2931.0,5,OWNER_OCCUPIED,93-8395-794
U-4LIB1X56WYFN,CA-FL-00000231,117,SINGLE_FAMILY,,1,OWNER_OCCUPIED,46-6502-596
U-SAKEL4O5I6CF,CA-FL-00000231,118,SINGLE_FAMILY,1632.0,5,OWNER_OCCUPIED,12-1091-352
U-VCVSF6K5TFCI,CA-FL-00000231,119,SINGLE_FAMILY,3177.0,3,RENTED,24-8148-436
U-WDEDK45DXGUZ,CA-FL-00000231,120,TOWNHOME,,5,VACANT,70-6322-611
U-SUE4DG1APC0C,CA-FL-00000231,121,SINGLE_FAMILY,928.0,5,OWNER_OCCUPIED,49-6990-640
U-2PO4ZMXGA88N,CA-FL-00000231,122,TOWNHOME,2369.0,3,RENTED,51-9032-184
U-BLMR1L15Y773,CA-FL-00000231,123,TOWNHOME,2960.0,3,OWNER_OCCUPIED,26-5270-556
U-71UFLLK7UVRJ,CA-FL-00000231,124,SINGLE_FAMILY,1961.0,3,OWNER_OCCUPIED,66-6722-798
U-OU76XKDYRE5Q,CA-FL-00000231,125,TOWNHOME,1572.0,3,OWNER_OCCUPIED,26-2983-595
U-HRD7RIDDSG9N,CA-TX-00000232,100,SINGLE_FAMILY,892.0,4,OWNER_OCCUPIED,81-5624-281
U-W6L75O2O6MSY,CA-TX-00000232,101,TOWNHOME,2026.0,3,OWNER_OCCUPIED,66-8424-148
U-8HN3CJV1WKBB,CA-TX-00000232,102,SINGLE_FAMILY,2871.0,2,OWNER_OCCUPIED,98-6580-408
U-G95O3CZF8E9Z,CA-TX-00000232,103,SINGLE_FAMILY,1282.0,2,RENTED,40-3094-753
U-7GR0NQH8WUJ1,CA-TX-00000232,104,SINGLE_FAMILY,1396.0,2,OWNER_OCCUPIED,53-4860-888
U-TVVHOB6XECY4,CA-TX-00000232,105,SINGLE_FAMILY,719.0,2,OWNER_OCCUPIED,31-3392-988
U-4V8MBVN0YJHP,CA-TX-00000232,106,SINGLE_FAMILY,2732.0,3,RENTED,42-7963-824
U-OCMU3TTU5FM6,CA-TX-00000232,107,SINGLE_FAMILY,1714.0,2,VACANT,89-7540-925
U-UDU2MWMWLMRX,CA-TX-00000232,108,SINGLE_FAMILY,3045.0,2,OWNER_OCCUPIED,99-8682-153
U-LM4NUKC660FJ,CA-TX-00000232,109,SINGLE_FAMILY,2883.0,2,OWNER_OCCUPIED,77-6069-897
U-RUUWCAW9903N,CA-TX-00000232,110,TOWNHOME,700.0,4,OWNER_OCCUPIED,51-7455-876
U-VEHUECYYD2ZO,CA-TX-00000232,111,SINGLE_FAMILY,2869.0,2,RENTED,66-1462-660
U-HOVVXH61L06I,CA-TX-00000232,112,TOWNHOME,2409.0,4,RENTED,36-5346-983
U-PHIYWRAI177U,CA-TX-00000232,113,TOWNHOME,3120.0,4,RENTED,30-1543-498
U-9NFCK70FF8BA,CA-TX-00000232,114,TOWNHOME,2655.0,2,OWNER_OCCUPIED,20-1563-713
U-GM9RV5UK6X6L,CA-TX-00000232,115,SINGLE_FAMILY,1681.0,3,RENTED,95-3402-434
U-KDWKJJX9TRT4,CA-TX-00000232,116,SINGLE_FAMILY,1713.0,3,OWNER_OCCUPIED,68-4730-738
U-YT3LBNPYJAME,CA-TX-00000232,117,SINGLE_FAMILY,2903.0,2,OWNER_OCCUPIED,87-4912-775
U-2ZW7OF7XSXGJ,CA-TX-00000232,118,TOWNHOME,1222.0,2,OWNER_OCCUPIED,40-8067-640
U-WFXK3YCGEESH,CA-TX-00000232,119,SINGLE_FAMILY,2734.0,2,RENTED,13-7393-929
U-EK411TLSRWWQ,CA-TX-00000232,120,TOWNHOME,3174.0,2,OWNER_OCCUPIED,22-6069-246
U-9FN1FKQBU52U,CA-TX-00000232,121,TOWNHOME,2985.0,5,RENTED,53-9594-945
U-08RFAFVYLRC6,CA-TX-00000232,122,SINGLE_FAMILY,730.0,2,VACANT,95-8814-196
U-PD9UE1R5VDAN,CA-TX-00000232,123,SINGLE_FAMILY,,2,OWNER_OCCUPIED,74-3999-916
U-JKZRGSX8C412,CA-TX-00000232,124,TOWNHOME,2117.0,3,OWNER_OCCUPIED,69-3722-831
U-B9BK87AOUONP,CA-TX-00000232,125,TOWNHOME,2980.0,2,VACANT,77-4002-365
U-WX8HZEZ6YP0H,CA-TX-00000232,126,SINGLE_FAMILY,1267.0,2,OWNER_OCCUPIED,79-8138-215
U-1809VAYEIGCT,CA-TX-00000232,127,SINGLE_FAMILY,,2,OWNER_OCCUPIED,96-4839-681
U-1MXY0IM6WE5V,CA-TX-00000232,128,TOWNHOME,3117.0,3,OWNER_OCCUPIED,
U-UF3HFD2C2PDY,CA-TX-00000232,129,TOWNHOME,3105.0,3,RENTED,61-4446-106
U-3PAMCIMHS7UP,CA-TX-00000232,130,TOWNHOME,1319.0,2,VACANT,40-6991-546
U-2LHZ892D3RNA,CA-TX-00000232,131,TOWNHOME,,4,OWNER_OCCUPIED,57-8005-261
U-N3I0VBIS2230,CA-TX-00000232,132,SINGLE_FAMILY,2962.0,3,OWNER_OCCUPIED,19-9644-132
U-F3HIVBW25NXK,CA-TX-00000232,133,SINGLE_FAMILY,764.0,5,OWNER_OCCUPIED,46-9981-226
U-S46B51DDY8C8,CA-TX-00000232,134,TOWNHOME,2719.0,2,OWNER_OCCUPIED,52-7190-916
U-I6RTS32I7BKY,CA-TX-00000232,135,TOWNHOME,1670.0,3,OWNER_OCCUPIED,
U-KTGPYFZ37ED4,CA-TX-00000232,136,TOWNHOME,3014.0,4,OWNER_OCCUPIED,79-1976-948
U-V80GKAK7NSZR,CA-TX-00000232,137,TOWNHOME,756.0,5,OWNER_OCCUPIED,36-7281-671
U-4SL7HFEZ26WH,CA-TX-00000232,138,TOWNHOME,2824.0,5,OWNER_OCCUPIED,76-5650-178
U-0FLST4D1PITA,CA-TX-00000232,139,SINGLE_FAMILY,1155.0,4,OWNER_OCCUPIED,20-9670-219
U-0CMP21X6006S,CA-TX-00000232,140,SINGLE_FAMILY,1215.0,4,OWNER_OCCUPIED,40-5111-925
U-AI5VO5HGYOSW,CA-TX-00000232,141,TOWNHOME,1208.0,2,OWNER_OCCUPIED,86-3218-819
U-SPPOG9H53LJC,CA-TX-00000232,142,SINGLE_FAMILY,1050.0,2,RENTED,79-7889-797
U-GYP9LUKUSSRC,CA-TX-00000232,143,TOWNHOME,2671.0,2,OWNER_OCCUPIED,20-7257-841
U-1VI0UYC42LG6,CA-TX-00000232,144,SINGLE_FAMILY,2980.0,3,OWNER_OCCUPIED,50-1757-326
U-RM8Z7CO2Y39Y,CA-TX-00000232,145,SINGLE_FAMILY,1317.0,3,OWNER_OCCUPIED,56-1714-267
U-X0K3WR0BUXA4,CA-TX-00000232,146,TOWNHOME,3003.0,3,OWNER_OCCUPIED,80-1627-345
U-ZEABMZ6EGQNG,CA-TX-00000232,147,SINGLE_FAMILY,1063.0,3,OWNER_OCCUPIED,77-6840-186
U-ZI9YPCWP6VZ2,CA-TX-00000232,148,TOWNHOME,1838.0,4,RENTED,23-1571-555
U-9QSLYIQKXUZV,CA-TX-00000232,149,TOWNHOME,1131.0,4,OWNER_OCCUPIED,14-1986-766
U-PI031W0ZYPBX,CA-TX-00000232,150,SINGLE_FAMILY,1571.0,1,RENTED,78-4718-752
U-BGFCNCM9R0O7,CA-TX-00000232,151,SINGLE_FAMILY,1062.0,4,OWNER_OCCUPIED,32-5461-865
U-Z4PN7GN4FS71,CA-TX-00000233,100,TOWNHOME,892.0,2,OWNER_OCCUPIED,76-5952-136
U-K9KHKZH14G2O,CA-TX-00000233,101,TOWNHOME,1153.0,3,RENTED,83-8615-650
U-0JA8KT30U3XR,CA-TX-00000233,102,TOWNHOME,1343.0,3,VACANT,23-1031-823
U-BCWUG0CWIZ5N,CA-TX-00000233,103,TOWNHOME,1075.0,3,OWNER_OCCUPIED,20-1798-471
U-AJYA5V6Y37O7,CA-TX-00000233,104,SINGLE_FAMILY,1018.0,5,OWNER_OCCUPIED,86-3814-806
U-V8YBM5BM2J43,CA-TX-00000233,105,SINGLE_FAMILY,1003.0,2,OWNER_OCCUPIED,99-8679-491
U-SONX8QPADS06,CA-TX-00000233,106,SINGLE_FAMILY,1184.0,1,OWNER_OCCUPIED,45-9077-954
U-KJRL7UJMJZVS,CA-TX-00000233,107,SINGLE_FAMILY,2480.0,5,RENTED,45-8127-437
U-BLHWP7EZIQPR,CA-TX-00000233,108,TOWNHOME,2694.0,5,OWNER_OCCUPIED,63-2969-471
U-T7SEUYZUWUNG,CA-TX-00000233,109,SINGLE_FAMILY,2381.0,2,RENTED,24-6368-866
U-E88EDMMDDQ0G,CA-TX-00000233,110,TOWNHOME,1159.0,4,RENTED,79-5194-277
U-YVFDBZ3ZAA5B,CA-TX-00000233,111,TOWNHOME,1043.0,2,OWNER_OCCUPIED,32-2833-309
U-5S0KGHW77O6C,CA-TX-00000233,112,TOWNHOME,1760.0,2,OWNER_OCCUPIED,12-1089-421
U-KFKFAMSIFJ2N,CA-TX-00000233,113,TOWNHOME,1113.0,2,OWNER_OCCUPIED,27-7053-173
U-80S84J5RUZ38,CA-TX-00000233,114,TOWNHOME,2720.0,4,RENTED,64-6902-434
U-UI1SMPUQ3N0L,CA-TX-00000233,115,TOWNHOME,2186.0,2,RENTED,45-1066-639
U-GXLZ3X1JIFE9,CA-TX-00000233,116,SINGLE_FAMILY,2448.0,5,OWNER_OCCUPIED,28-1771-297
U-RD2HEW5FKR48,CA-TX-00000233,117,SINGLE_FAMILY,1647.0,4,RENTED,31-1368-933
U-4NG4YUL8CUZ3,CA-TX-00000233,118,SINGLE_FAMILY,2315.0,2,OWNER_OCCUPIED,50-5060-730
U-P0APBRM78LXT,CA-TX-00000233,119,SINGLE_FAMILY,2738.0,2,OWNER_OCCUPIED,57-3795-491
U-V1ZTWGBRT5LA,CA-TX-00000233,120,TOWNHOME,1650.0,1,OWNER_OCCUPIED,94-8509-511
U-MOY2BV3HSNJ7,CA-TX-00000233,121,TOWNHOME,2698.0,2,OWNER_OCCUPIED,67-4800-970
U-2JI2BF8R0IRL,CA-TX-00000233,122,SINGLE_FAMILY,1483.0,3,OWNER_OCCUPIED,31-6381-242
U-R3MKJL9JCECA,CA-TX-00000233,123,TOWNHOME,,4,RENTED,38-6143-252
U-UQAU2UEGDM4F,CA-TX-00000233,124,SINGLE_FAMILY,2435.0,3,OWNER_OCCUPIED,25-9542-239
U-CCJMNBWGKISX,CA-TX-00000233,125,TOWNHOME,1895.0,1,OWNER_OCCUPIED,24-7760-546
U-6COM2S7B4TVD,CA-TX-00000233,126,TOWNHOME,2004.0,2,RENTED,63-4940-737
U-NVBFDF8EPTBR,CA-TX-00000233,127,SINGLE_FAMILY,1509.0,4,OWNER_OCCUPIED,50-1321-769
U-SX6S70HXZZ9W,CA-TX-00000233,128,SINGLE_FAMILY,2019.0,2,OWNER_OCCUPIED,67-4128-323
U-7CA6M6MV0VDY,CA-TX-00000233,129,SINGLE_FAMILY,2125.0,1,RENTED,82-9842-810
U-W9D5A5VBWKWI,CA-TX-00000233,130,TOWNHOME,2220.0,3,OWNER_OCCUPIED,21-2150-114
U-L5OW4N8D5M7X,CA-TX-00000233,131,TOWNHOME,2411.0,2,RENTED,85-9458-476
U-NGCL3AMETPCT,CA-TX-00000233,132,SINGLE_FAMILY,2150.0,4,OWNER_OCCUPIED,92-5281-897
U-VBOR8WO6X6J0,CA-TX-00000233,133,SINGLE_FAMILY,2120.0,4,RENTED,
U-Y39M3H9CE2RZ,CA-TX-00000233,134,TOWNHOME,976.0,3,OWNER_OCCUPIED,69-2313-746
U-OMT3TW8L081Q,CA-TX-00000233,135,TOWNHOME,1163.0,2,OWNER_OCCUPIED,16-4828-851
U-XX0Z3M8VI1BL,CA-TX-00000233,136,TOWNHOME,2487.0,3,OWNER_OCCUPIED,80-2658-339
U-HGATNH57WONB,CA-TX-00000233,137,TOWNHOME,656.0,1,OWNER_OCCUPIED,13-8857-767
U-48SDFNLD9LYG,CA-TX-00000233,138,SINGLE_FAMILY,2428.0,3,OWNER_OCCUPIED,
U-D0JOOS9UJHQK,CA-TX-00000233,139,SINGLE_FAMILY,1331.0,2,RENTED,73-4172-212
U-ANJ8F6AACD0Q,CA-TX-00000233,140,TOWNHOME,1121.0,2,OWNER_OCCUPIED,73-6466-557
U-UHO7PSCDRA0M,CA-TX-00000233,141,SINGLE_FAMILY,1181.0,2,RENTED,47-7066-499
U-7AE9WHA79VA7,CA-TX-00000233,142,SINGLE_FAMILY,1312.0,1,OWNER_OCCUPIED,99-6813-214
U-B12YCA96DUR5,CA-TX-00000233,143,TOWNHOME,1768.0,3,OWNER_OCCUPIED,11-2086-953
U-80M5P6P9OGAX,CA-TX-00000233,144,TOWNHOME,1371.0,3,OWNER_OCCUPIED,45-2088-371
U-3HPVP789X0ES,CA-TX-00000233,145,TOWNHOME,1118.0,2,OWNER_OCCUPIED,
U-ZFPJGN4CQ6SF,CA-AZ-00000234,5D,CONDO_UNIT,1019.0,1,RENTED,64-9163-833
U-8ES8YVYBNLOL,CA-AZ-00000234,6A,CONDO_UNIT,1413.0,2,VACANT,23-8631-730
U-QGHZLJMS6XLY,CA-AZ-00000234,9F,CONDO_UNIT,,3,OWNER_OCCUPIED,42-8198-548
U-66EMI6M7U8CO,CA-AZ-00000234,3B,CONDO_UNIT,2816.0,2,OWNER_OCCUPIED,10-1785-935
U-0BSVAFWSISP7,CA-AZ-00000234,31B,CONDO_UNIT,926.0,2,OWNER_OCCUPIED,70-6645-537
U-AAZXDEC7KZ4J,CA-AZ-00000234,6A,CONDO_UNIT,2826.0,2,OWNER_OCCUPIED,15-9955-153
U-NT7EZPO26W29,CA-AZ-00000234,39B,CONDO_UNIT,1241.0,2,RENTED,97-5983-976
U-DUAAMJC5PEYK,CA-AZ-00000234,38B,CONDO_UNIT,955.0,2,OWNER_OCCUPIED,28-1757-434
U-SO3Q90BIBG29,CA-AZ-00000234,10F,CONDO_UNIT,1647.0,5,RENTED,53-7827-755
U-7CMNR4FE623C,CA-AZ-00000234,37B,CONDO_UNIT,,2,OWNER_OCCUPIED,64-7560-132
U-C8HAGQ43BE9M,CA-AZ-00000234,17F,CONDO_UNIT,1427.0,3,RENTED,45-3539-832
U-CRP2KQ2MY9WU,CA-AZ-00000234,6C,CONDO_UNIT,1270.0,4,OWNER_OCCUPIED,86-6827-170
U-A867A78PUNMU,CA-AZ-00000234,37D,CONDO_UNIT,1475.0,2,OWNER_OCCUPIED,47-7840-727
U-0RUN615OKOMX,CA-AZ-00000234,7H,CONDO_UNIT,1921.0,5,OWNER_OCCUPIED,60-1544-388
U-TP0XOGI5UV5V,CA-AZ-00000234,29A,CONDO_UNIT,1408.0,3,OWNER_OCCUPIED,89-4947-735
U-YR0HIA3GJB3J,CA-AZ-00000234,26C,CONDO_UNIT,3003.0,2,OWNER_OCCUPIED,41-7374-503
U-7YML0XZY0YXF,CA-AZ-00000234,33G,CONDO_UNIT,3124.0,1,OWNER_OCCUPIED,46-4414-451
U-CNZZA5SJ3GFB,CA-AZ-00000234,28G,CONDO_UNIT,1536.0,2,OWNER_OCCUPIED,68-1627-744
U-UJQS0269BVZV,CA-AZ-00000234,12D,CONDO_UNIT,2752.0,2,RENTED,72-6830-480
U-L13ESLS1COLT,CA-AZ-00000234,33D,CONDO_UNIT,999.0,4,OWNER_OCCUPIED,99-9065-448
U-AQNYSLGDNKZQ,CA-AZ-00000234,39A,CONDO_UNIT,2303.0,2,VACANT,94-7660-761
U-URBT9LXX2OAF,CA-AZ-00000234,4G,CONDO_UNIT,2843.0,4,OWNER_OCCUPIED,53-4877-572
U-QO0PNP6C36BK,CA-AZ-00000234,19G,CONDO_UNIT,2229.0,2,OWNER_OCCUPIED,73-3045-205
U-AYFHMCKJC1CU,CA-AZ-00000234,6C,CONDO_UNIT,2850.0,3,OWNER_OCCUPIED,14-8725-367
U-8AHA6DXCY76D,CA-AZ-00000234,8D,CONDO_UNIT,3009.0,2,VACANT,42-3591-989
U-S4KR68TOAMO0,CA-AZ-00000234,38H,CONDO_UNIT,,3,RENTED,95-2479-873
U-JHDXTB0R2NKS,CA-AZ-00000234,29F,CONDO_UNIT,,2,OWNER_OCCUPIED,10-6256-938
U-30QF71N4PGGN,CA-AZ-00000234,33A,CONDO_UNIT,2673.0,5,OWNER_OCCUPIED,62-4713-652
U-ETI3SVDVJA4U,CA-AZ-00000235,100,SINGLE_FAMILY,1158.0,3,VACANT,73-4358-260
U-M4B2XGSE1BAB,CA-AZ-00000235,101,SINGLE_FAMILY,1379.0,1,RENTED,82-4504-183
U-ACIKGE0K1FUV,CA-AZ-00000235,102,SINGLE_FAMILY,1368.0,1,RENTED,53-9401-586
U-JE600SQ4DQR4,CA-AZ-00000235,103,SINGLE_FAMILY,1002.0,4,OWNER_OCCUPIED,69-3212-902
U-C6D9IXAPDSHO,CA-AZ-00000235,104,SINGLE_FAMILY,2353.0,3,OWNER_OCCUPIED,90-8148-948
U-O85QGQCR94EV,CA-AZ-00000235,105,SINGLE_FAMILY,2270.0,3,OWNER_OCCUPIED,12-8583-581
U-3OMCURFGLZX5,CA-AZ-00000235,106,TOWNHOME,1009.0,3,RENTED,29-1539-179
U-NHP3TT12WJIC,CA-AZ-00000235,107,TOWNHOME,776.0,3,RENTED,43-3548-832
U-DTVKARKVOYI7,CA-AZ-00000235,108,TOWNHOME,2258.0,2,RENTED,
U-FJ1YEYSV1I5P,CA-AZ-00000235,109,SINGLE_FAMILY,2718.0,4,OWNER_OCCUPIED,72-2857-857
U-166ONMVP4XGF,CA-AZ-00000235,110,TOWNHOME,,4,OWNER_OCCUPIED,10-4231-423
U-HXJ447CNC2UM,CA-AZ-00000235,111,SINGLE_FAMILY,1407.0,3,RENTED,
U-Z9GPG0CGUQN7,CA-AZ-00000235,112,TOWNHOME,2330.0,2,OWNER_OCCUPIED,16-8986-354
U-Z9T0UY9UXIL5,CA-AZ-00000235,113,TOWNHOME,1682.0,2,OWNER_OCCUPIED,61-8002-719
U-0O4GUHMUAXUF,CA-AZ-00000235,114,TOWNHOME,2900.0,2,RENTED,79-9308-763
U-BTZWJOHOB0DS,CA-AZ-00000235,115,TOWNHOME,1074.0,3,OWNER_OCCUPIED,92-8447-336
U-RNCI6818Z998,CA-AZ-00000235,116,SINGLE_FAMILY,,2,OWNER_OCCUPIED,72-4351-812
U-HE037FHG93OU,CA-AZ-00000235,117,TOWNHOME,2890.0,3,VACANT,23-9356-836
U-T5UFOJZXHBNJ,CA-AZ-00000235,118,SINGLE_FAMILY,1938.0,5,RENTED,33-1311-592
U-72IK6JQJGQ0B,CA-AZ-00000235,119,SINGLE_FAMILY,,3,OWNER_OCCUPIED,29-3284-888
U-Q47UR4YGZS98,CA-AZ-00000235,120,SINGLE_FAMILY,2110.0,2,OWNER_OCCUPIED,24-2102-837
U-DIFPAFP4ARPW,CA-AZ-00000235,121,SINGLE_FAMILY,919.0,1,OWNER_OCCUPIED,21-8919-307
U-UKC8RO2SR2RR,CA-AZ-00000235,122,TOWNHOME,1941.0,2,OWNER_OCCUPIED,16-2489-693
U-WLNKDMP7AWH2,CA-AZ-00000235,123,SINGLE_FAMILY,1345.0,3,RENTED,49-2160-332
U-YSDZF3YFCOE3,CA-AZ-00000235,124,SINGLE_FAMILY,876.0,2,OWNER_OCCUPIED,
U-4NN5CZGSMNFO,CA-AZ-00000235,125,SINGLE_FAMILY,2970.0,3,RENTED,45-8336-641
U-QGKQ89M7YIZ5,CA-AZ-00000235,126,SINGLE_FAMILY,1353.0,1,OWNER_OCCUPIED,47-8128-211
U-O0KZ0GYH4OLN,CA-AZ-00000235,127,TOWNHOME,2064.0,4,RENTED,35-6380-964
U-4WHR2PIETA2I,CA-AZ-00000235,128,SINGLE_FAMILY,2520.0,3,RENTED,70-6089-962
U-Z02YMK4VZG9U,CA-AZ-00000235,129,TOWNHOME,2486.0,3,OWNER_OCCUPIED,29-2953-945
U-PYK5SK39YMJW,CA-AZ-00000235,130,SINGLE_FAMILY,2520.0,2,RENTED,25-6640-708
U-30J939JL6CDY,CA-AZ-00000235,131,SINGLE_FAMILY,1325.0,4,RENTED,92-8231-941
U-RQKJ8YQMBM90,CA-AZ-00000235,132,SINGLE_FAMILY,1725.0,2,OWNER_OCCUPIED,64-3813-482
U-WI9FO6T9WPXJ,CA-AZ-00000235,133,TOWNHOME,834.0,2,RENTED,47-1327-260
U-5X5IQ8KNJK5S,CA-AZ-00000235,134,SINGLE_FAMILY,3058.0,3,OWNER_OCCUPIED,23-8006-533
U-CIKWPY6M8XVW,CA-AZ-00000235,135,TOWNHOME,790.0,2,OWNER_OCCUPIED,63-4500-731
U-98ATBRT64MIW,CA-AZ-00000235,136,TOWNHOME,1335.0,3,VACANT,76-8835-274
U-ZN874CSNJ0YU,CA-AZ-00000235,137,SINGLE_FAMILY,2978.0,2,RENTED,22-3604-168
U-MLAFQEQQHQXT,CA-AZ-00000235,138,SINGLE_FAMILY,726.0,3,OWNER_OCCUPIED,25-9144-277
U-BBE4PNT6E9P5,CA-AZ-00000235,139,SINGLE_FAMILY,1412.0,4,OWNER_OCCUPIED,62-2599-759
U-JZGR9JXFTVYK,CA-AZ-00000235,140,TOWNHOME,1164.0,3,OWNER_OCCUPIED,74-7830-386
U-1AD1JA0YO3HH,CA-AZ-00000235,141,SINGLE_FAMILY,1695.0,1,OWNER_OCCUPIED,55-2139-476
U-PT1V9FSL2LNM,CA-AZ-00000235,142,SINGLE_FAMILY,2066.0,2,OWNER_OCCUPIED,93-5560-246
U-RJV71ZI1XAT2,CA-AZ-00000235,143,TOWNHOME,1396.0,2,OWNER_OCCUPIED,20-3157-298
U-T1L7PXFHU5Q1,CA-AZ-00000235,144,SINGLE_FAMILY,717.0,3,OWNER_OCCUPIED,18-1904-571
U-VL5ELZQTMTA4,CA-AZ-00000235,145,TOWNHOME,866.0,2,RENTED,90-3079-108
U-0HRLWC61OCWP,CA-AZ-00000235,146,TOWNHOME,2443.0,4,OWNER_OCCUPIED,54-2769-427
U-WEK3OY70LWR5,CA-AZ-00000235,147,TOWNHOME,2282.0,3,OWNER_OCCUPIED,48-4504-276
U-MX4FWA4JOWTO,CA-AZ-00000235,148,TOWNHOME,,3,VACANT,56-1016-602
U-EOZ2OD6ONS2K,CA-AZ-00000235,149,TOWNHOME,2749.0,3,OWNER_OCCUPIED,28-4702-134
U-2NFPBTTGCAVB,CA-AZ-00000235,150,TOWNHOME,1187.0,2,RENTED,26-6436-375
U-M2YLAN5F91VA,CA-AZ-00000235,151,SINGLE_FAMILY,1952.0,2,OWNER_OCCUPIED,66-4300-611
U-0TTPM4R4X7J6,CA-AZ-00000235,152,TOWNHOME,825.0,1,OWNER_OCCUPIED,31-8848-910
U-XPLJ7J53EXS4,CA-AZ-00000235,153,SINGLE_FAMILY,,3,OWNER_OCCUPIED,52-8352-131
U-KKRW99MUB9QB,CA-AZ-00000235,154,TOWNHOME,3166.0,2,OWNER_OCCUPIED,67-9328-708
U-ICN53ARZCTQF,CA-AZ-00000235,155,TOWNHOME,2601.0,3,OWNER_OCCUPIED,19-5117-317
U-PF2SJ0IDUH84,CA-AZ-00000235,156,SINGLE_FAMILY,2184.0,4,OWNER_OCCUPIED,86-7217-223
U-UBSJIM3RIBSD,CA-AZ-00000235,157,SINGLE_FAMILY,,2,OWNER_OCCUPIED,73-7569-705
U-C8FADBYC9062,CA-AZ-00000235,158,TOWNHOME,3190.0,1,OWNER_OCCUPIED,49-7220-950
U-G21A65K1H0CE,CA-AZ-00000235,159,TOWNHOME,2401.0,3,RENTED,50-6219-737
U-6OFXUPQR3F69,CA-CA-00000236,100,TOWNHOME,1431.0,2,RENTED,28-8039-881
U-92KU1TPNJUUU,CA-CA-00000236,101,TOWNHOME,,1,OWNER_OCCUPIED,64-8192-465
U-7YRHZWGLEQFU,CA-CA-00000236,102,TOWNHOME,1898.0,1,OWNER_OCCUPIED,37-9121-431
U-7EQW4LUJHI6Q,CA-CA-00000236,103,TOWNHOME,2071.0,2,OWNER_OCCUPIED,42-5201-631
U-TZ873582YEK6,CA-CA-00000236,104,TOWNHOME,3047.0,3,OWNER_OCCUPIED,
U-UBSRD6KB0GZW,CA-CA-00000236,105,TOWNHOME,1318.0,2,OWNER_OCCUPIED,
U-Z6VOVBPW085F,CA-CA-00000236,106,TOWNHOME,,3,OWNER_OCCUPIED,42-3438-349
U-LXV1Z6YB062H,CA-CA-00000236,107,TOWNHOME,1134.0,4,OWNER_OCCUPIED,80-2476-854
U-2PJA7EPCPCDI,CA-CA-00000236,108,TOWNHOME,930.0,3,OWNER_OCCUPIED,75-5668-609
U-5LUSGMEKY8BY,CA-CA-00000236,109,TOWNHOME,2223.0,3,RENTED,49-3893-399
U-YY2787WPE78G,CA-CA-00000236,110,TOWNHOME,3181.0,3,RENTED,57-3947-461
U-130DUV1X5C19,CA-CA-00000236,111,TOWNHOME,1930.0,4,VACANT,93-1455-415
U-3G6OSXBVIYS9,CA-CA-00000236,112,TOWNHOME,2244.0,3,OWNER_OCCUPIED,50-3203-382
U-67CU2QUSKOB0,CA-CA-00000236,113,TOWNHOME,778.0,2,VACANT,10-8960-256
U-LPYENK0HTJ2G,CA-CA-00000236,114,TOWNHOME,2414.0,2,OWNER_OCCUPIED,78-6959-765
U-7SUCNFP3BBTB,CA-CA-00000236,115,TOWNHOME,3111.0,2,OWNER_OCCUPIED,17-8045-422
U-ZBWWAGFNEKXB,CA-CA-00000236,116,TOWNHOME,1678.0,2,RENTED,60-3902-493
U-EM4NG2RQXC0W,CA-CA-00000236,117,TOWNHOME,1131.0,2,RENTED,51-9082-926
U-NBYXOKQULKOC,CA-CA-00000236,118,TOWNHOME,,5,OWNER_OCCUPIED,90-6325-932
U-PC00G4YA0VC9,CA-CA-00000236,119,TOWNHOME,2070.0,4,OWNER_OCCUPIED,56-6461-282
U-1M2DJ1ZQ41CK,CA-CA-00000236,120,TOWNHOME,856.0,2,RENTED,21-4243-168
U-UXWANC17IQWY,CA-CA-00000236,121,TOWNHOME,2615.0,2,RENTED,68-5059-740
U-0UZRONSTK8FH,CA-CA-00000236,122,TOWNHOME,2222.0,2,OWNER_OCCUPIED,53-8043-966
U-GKLNM7SRQ7R1,CA-CA-00000236,123,TOWNHOME,1547.0,2,RENTED,65-9478-688
U-7QNIM41AEXD6,CA-CA-00000236,124,TOWNHOME,755.0,3,RENTED,51-4947-548
U-8JL8CZTMFQY3,CA-CA-00000236,125,TOWNHOME,3153.0,4,OWNER_OCCUPIED,72-6989-556
U-RIIKMRKENQO9,CA-CA-00000236,126,TOWNHOME,1746.0,3,OWNER_OCCUPIED,40-4165-628
U-JJG177O3B935,CA-CA-00000236,127,TOWNHOME,2232.0,2,OWNER_OCCUPIED,69-3644-848
U-8FSAMCNWTXRS,CA-CA-00000236,128,TOWNHOME,1999.0,2,OWNER_OCCUPIED,63-9785-806
U-TTJL6U7H6H69,CA-CA-00000236,129,TOWNHOME,834.0,4,OWNER_OCCUPIED,86-1865-916
U-W26GLPPEAFHP,CA-CA-00000236,130,TOWNHOME,3020.0,2,RENTED,34-3996-628
U-DAF13WTPUGCB,CA-CA-00000236,131,TOWNHOME,1872.0,3,OWNER_OCCUPIED,73-6915-207
U-D80H3CUQ6D58,CA-CA-00000236,132,TOWNHOME,3134.0,3,OWNER_OCCUPIED,24-6874-931
U-MQMJWC0861KW,CA-CA-00000236,133,TOWNHOME,1203.0,3,OWNER_OCCUPIED,
U-YK66M74EWX41,CA-CA-00000236,134,TOWNHOME,1866.0,3,OWNER_OCCUPIED,36-3931-349
U-28O9WHX85XEW,CA-CA-00000236,135,TOWNHOME,1148.0,3,RENTED,56-7479-930
U-AKCVKHD78I9D,CA-CA-00000236,136,TOWNHOME,1601.0,1,OWNER_OCCUPIED,11-6389-512
U-FCTCMCIUXAE4,CA-CA-00000236,137,TOWNHOME,2578.0,2,RENTED,47-3299-124
U-N3RR20MM8KE6,CA-CA-00000236,138,TOWNHOME,1247.0,3,VACANT,85-7213-445
U-Z05Z7NJU5WHF,CA-CA-00000236,139,TOWNHOME,3084.0,3,OWNER_OCCUPIED,25-8324-209
U-TQ66G08JHS09,CA-CA-00000236,140,TOWNHOME,,3,OWNER_OCCUPIED,47-1929-825
U-3CSIL9PB7GL4,CA-CA-00000236,141,TOWNHOME,2383.0,2,RENTED,
U-K0L4X8P339JU,CA-CA-00000236,142,TOWNHOME,,3,OWNER_OCCUPIED,44-1149-541
U-5PNO930ES920,CA-CA-00000236,143,TOWNHOME,1523.0,2,OWNER_OCCUPIED,86-1702-450
U-YC2P3K0Y40KJ,CA-CA-00000236,144,TOWNHOME,1935.0,3,OWNER_OCCUPIED,64-2580-468
U-N9HR03O15RCU,CA-CA-00000236,145,TOWNHOME,1547.0,1,OWNER_OCCUPIED,54-6653-173
U-OOVZQJ95QJC7,CA-CA-00000236,146,TOWNHOME,,3,OWNER_OCCUPIED,77-6266-710
U-Q8W950V2WEO8,CA-CA-00000236,147,TOWNHOME,1076.0,1,RENTED,97-3395-609
U-J4LSZ7UMQZKI,CA-CA-00000236,148,TOWNHOME,1511.0,2,VACANT,59-3581-516
U-W6VCTOQAW5Q2,CA-CA-00000236,149,TOWNHOME,1977.0,5,RENTED,18-9944-247
U-WPCKZOK71GMW,CA-CA-00000236,150,TOWNHOME,1349.0,3,OWNER_OCCUPIED,87-6117-135
U-M1QQQX1ZOYVK,CA-CA-00000236,151,TOWNHOME,3009.0,2,OWNER_OCCUPIED,40-1558-533
U-E5RYDQ6NB5TP,CA-CA-00000236,152,TOWNHOME,2940.0,3,OWNER_OCCUPIED,56-3802-298
U-09C5XPRWVOJ8,CA-CA-00000236,153,TOWNHOME,1881.0,4,OWNER_OCCUPIED,97-4531-365
U-M16D4TSDPCXN,CA-CA-00000236,154,TOWNHOME,1075.0,1,OWNER_OCCUPIED,60-3923-640
U-33PT38JYN1S9,CA-CA-00000236,155,TOWNHOME,905.0,2,OWNER_OCCUPIED,78-6906-539
U-W5RF402RSAY8,CA-CA-00000236,156,TOWNHOME,722.0,3,OWNER_OCCUPIED,94-7459-997
U-NV9KB19GS2UT,CA-CA-00000236,157,TOWNHOME,2774.0,3,OWNER_OCCUPIED,51-8776-173
U-0EEMWEY3B9DQ,CA-CA-00000236,158,TOWNHOME,1925.0,2,VACANT,38-1247-386
U-JJ1B3704SS7J,CA-CA-00000236,159,TOWNHOME,2023.0,2,OWNER_OCCUPIED,98-7920-588
U-4LHVSJLUMTXB,CA-CA-00000237,100,TOWNHOME,702.0,2,OWNER_OCCUPIED,79-1862-641
U-O04IJQ2X9782,CA-CA-00000237,101,TOWNHOME,2150.0,3,OWNER_OCCUPIED,18-3576-693
U-2WZWOD8WUD3W,CA-CA-00000237,102,TOWNHOME,,3,OWNER_OCCUPIED,31-9356-229
U-932S6GPBZY91,CA-CA-00000237,103,TOWNHOME,2894.0,2,OWNER_OCCUPIED,14-5940-792
U-8U20B0UQXZCY,CA-CA-00000237,104,TOWNHOME,2400.0,2,RENTED,42-4636-684
U-ZURY23NHOM4E,CA-CA-00000237,105,TOWNHOME,2274.0,2,OWNER_OCCUPIED,61-1016-274
U-FZPZGOO4DKPO,CA-CA-00000237,106,TOWNHOME,850.0,2,OWNER_OCCUPIED,30-9616-403
U-N554HIWUUZD2,CA-CA-00000237,107,TOWNHOME,1922.0,1,OWNER_OCCUPIED,95-8455-777
U-9O7OQYQ33POY,CA-CA-00000237,108,TOWNHOME,1080.0,2,RENTED,35-6284-597
U-FRC31J8W9KTA,CA-CA-00000237,109,TOWNHOME,2677.0,2,RENTED,15-2541-309
U-ZEYNHU1ZEI7L,CA-TX-00000238,34D,CONDO_UNIT,2570.0,4,VACANT,73-7865-337
U-5NXATWFZO2E3,CA-TX-00000238,37D,CONDO_UNIT,2009.0,3,OWNER_OCCUPIED,97-6047-556
U-60CTEF4TXL3O,CA-TX-00000238,12B,CONDO_UNIT,1761.0,2,RENTED,42-5454-195
U-Q5EOSD221IYK,CA-TX-00000238,19B,CONDO_UNIT,2677.0,2,OWNER_OCCUPIED,76-3404-904
U-5ES7DC2Z08R3,CA-TX-00000238,38D,CONDO_UNIT,3133.0,2,RENTED,79-7885-216
U-F4IGBV2O2QGZ,CA-TX-00000238,18G,CONDO_UNIT,1347.0,2,OWNER_OCCUPIED,48-8979-139
U-OP6IRGUHOQRR,CA-TX-00000238,7D,CONDO_UNIT,1218.0,2,OWNER_OCCUPIED,50-6180-442
U-6KNR9479BSGN,CA-TX-00000238,1G,CONDO_UNIT,2114.0,1,RENTED,53-1473-587
U-A8JVKW4WLTTJ,CA-TX-00000238,1A,CONDO_UNIT,691.0,1,RENTED,28-6100-432
U-BWZJLNJCKRTB,CA-TX-00000238,28F,CONDO_UNIT,1336.0,5,RENTED,30-8796-673
U-6FL11MCAJYTP,CA-TX-00000238,38D,CONDO_UNIT,1180.0,2,OWNER_OCCUPIED,12-5176-825
U-ZL8AUC32LLTO,CA-TX-00000238,5B,CONDO_UNIT,664.0,2,OWNER_OCCUPIED,89-3319-498
U-HQ8PJZV4ONCH,CA-TX-00000238,22A,CONDO_UNIT,2133.0,3,OWNER_OCCUPIED,53-5441-653
U-YSUL9JZF82F1,CA-TX-00000238,15G,CONDO_UNIT,1260.0,3,OWNER_OCCUPIED,85-3206-288
U-YZMIIS2L7DS7,CA-TX-00000238,5A,CONDO_UNIT,2045.0,2,OWNER_OCCUPIED,94-1663-245
U-M97L66D2UFXH,CA-TX-00000238,31F,CONDO_UNIT,,1,OWNER_OCCUPIED,63-7167-170
U-07WFIBGFS6RI,CA-TX-00000238,17A,CONDO_UNIT,1989.0,3,OWNER_OCCUPIED,47-2090-524
U-TU80YVWH2FCL,CA-TX-00000238,36E,CONDO_UNIT,2021.0,3,OWNER_OCCUPIED,18-7151-778
U-DS3RDGEV75YG,CA-TX-00000238,26G,CONDO_UNIT,2978.0,3,OWNER_OCCUPIED,57-6127-826
U-59XDY6TNCRR1,CA-TX-00000238,26G,CONDO_UNIT,2498.0,1,OWNER_OCCUPIED,69-4897-948
U-IWYVMXT9DIB8,CA-TX-00000238,36A,CONDO_UNIT,766.0,3,VACANT,63-2520-665
U-TP8PXYKFYUHO,CA-TX-00000238,15H,CONDO_UNIT,2967.0,3,RENTED,69-4631-551
U-SCLE6BM6JICH,CA-TX-00000238,8B,CONDO_UNIT,984.0,3,RENTED,48-9146-866
U-JO86FKD5O6OI,CA-TX-00000238,15H,CONDO_UNIT,,3,RENTED,58-6357-118
U-TO1U5VI20ST4,CA-TX-00000238,20H,CONDO_UNIT,3114.0,2,VACANT,26-3467-993
U-MB7EHTU93181,CA-TX-00000238,3E,CONDO_UNIT,1930.0,2,RENTED,
U-LX639F0BC0NN,CA-TX-00000238,31D,CONDO_UNIT,2510.0,2,OWNER_OCCUPIED,68-6359-360
U-7J5FY4GOY95U,CA-TX-00000238,5F,CONDO_UNIT,2040.0,3,VACANT,57-7093-366
U-MMMR9VUE6TTJ,CA-TX-00000238,4G,CONDO_UNIT,1702.0,4,OWNER_OCCUPIED,89-1096-303
U-Z5D5UUSSI4AI,CA-TX-00000238,20G,CONDO_UNIT,996.0,2,VACANT,70-8290-749
U-8W29KYOPHO16,CA-TX-00000238,14E,CONDO_UNIT,1181.0,3,OWNER_OCCUPIED,18-9295-599
U-RQDTY3CK6FAW,CA-TX-00000238,10E,CONDO_UNIT,,3,RENTED,54-5932-199
U-WEKXHU0HLM2B,CA-TX-00000238,20B,CONDO_UNIT,3059.0,3,OWNER_OCCUPIED,94-6120-877
U-37P46SFYK3GX,CA-TX-00000238,23A,CONDO_UNIT,693.0,3,OWNER_OCCUPIED,46-3634-331
U-DU6HAP8CJUM6,CA-TX-00000238,31D,CONDO_UNIT,2347.0,4,OWNER_OCCUPIED,75-1390-750
U-DNSHFN2E9WI0,CA-TX-00000238,12D,CONDO_UNIT,3171.0,3,RENTED,34-2040-531
U-AZWT3ZRQL6U8,CA-TX-00000238,12D,CONDO_UNIT,2820.0,1,OWNER_OCCUPIED,88-1962-598
U-Y92O871B5NH5,CA-TX-00000238,37F,CONDO_UNIT,1828.0,3,OWNER_OCCUPIED,50-7440-527
U-LWN4F2JW8B1A,CA-TX-00000238,1B,CONDO_UNIT,2667.0,4,RENTED,85-1870-932
U-UKWCIN0K5FC3,CA-TX-00000238,28G,CONDO_UNIT,2548.0,2,OWNER_OCCUPIED,64-9802-670
U-LFT4R3WQZT9C,CA-TX-00000238,18H,CONDO_UNIT,2313.0,1,OWNER_OCCUPIED,15-2368-151
U-ILE8NM6X8SBV,CA-TX-00000238,8D,CONDO_UNIT,3058.0,2,OWNER_OCCUPIED,23-1612-770
U-K6F80ZRTJTMS,CA-TX-00000238,37H,CONDO_UNIT,3021.0,5,OWNER_OCCUPIED,21-2394-337
U-SMUWRKVQHHLK,CA-TX-00000238,20A,CONDO_UNIT,,2,VACANT,60-1983-353
U-5XTEIPLXL375,CA-TX-00000238,23C,CONDO_UNIT,1616.0,2,RENTED,98-2698-340
U-XVBCVCNS4PQ6,CA-TX-00000238,9A,CONDO_UNIT,1536.0,3,OWNER_OCCUPIED,96-2992-643
U-XT4RCABYO7WH,CA-TX-00000238,37A,CONDO_UNIT,1916.0,3,OWNER_OCCUPIED,51-4182-403
U-SJ55UTLW46JL,CA-TX-00000238,37A,CONDO_UNIT,1981.0,3,RENTED,22-8381-588
U-X7L832LF6KKC,CA-TX-00000238,14C,CONDO_UNIT,2446.0,5,OWNER_OCCUPIED,
U-KFAC1KYWW05E,CA-TX-00000238,16A,CONDO_UNIT,2907.0,3,OWNER_OCCUPIED,32-5791-273
U-5N7QHUOTPKEH,CA-CA-00000239,29B,CONDO_UNIT,2761.0,2,OWNER_OCCUPIED,65-8728-181
U-G33XBD8ZB53Q,CA-CA-00000239,6A,CONDO_UNIT,3178.0,3,OWNER_OCCUPIED,
U-HBMZ3YR3L26Y,CA-CA-00000239,3D,CONDO_UNIT,1712.0,5,OWNER_OCCUPIED,
U-33TDFLLJMFS6,CA-CA-00000239,27C,CONDO_UNIT,,3,OWNER_OCCUPIED,33-6242-233
U-G9VN8FFF3KVV,CA-CA-00000239,37B,CONDO_UNIT,1445.0,1,RENTED,77-8390-964
U-Y6TFB02G5510,CA-CA-00000239,13B,CONDO_UNIT,2154.0,3,RENTED,44-1603-781
U-AG28SLB0O30H,CA-CA-00000239,2H,CONDO_UNIT,2479.0,3,OWNER_OCCUPIED,92-7056-890
U-DBU542AGQ770,CA-CA-00000239,32B,CONDO_UNIT,1080.0,1,RENTED,77-4395-138
U-9JOEHWRHCTN5,CA-CA-00000239,2C,CONDO_UNIT,835.0,2,OWNER_OCCUPIED,28-3612-321
U-RLVQTT3NAMLH,CA-CA-00000239,32C,CONDO_UNIT,1833.0,4,OWNER_OCCUPIED,54-8740-840
U-OROLBC2J3TK2,CA-CA-00000239,13C,CONDO_UNIT,2400.0,3,OWNER_OCCUPIED,76-8629-792
U-R9S3PU3XD5EX,CA-CA-00000239,26B,CONDO_UNIT,697.0,2,OWNER_OCCUPIED,81-4105-279
U-86YCMCDF6C3X,CA-CA-00000239,19E,CONDO_UNIT,696.0,4,RENTED,94-7851-118
U-ZMN20Y6TD8SJ,CA-CA-00000239,18E,CONDO_UNIT,1641.0,1,OWNER_OCCUPIED,22-6443-364
U-4TMOOKX1XYA8,CA-CA-00000239,7H,CONDO_UNIT,3105.0,2,OWNER_OCCUPIED,38-8716-762
U-3OZBWYDBZM3X,CA-CA-00000239,18D,CONDO_UNIT,1743.0,2,RENTED,74-3373-843
U-R7QI95D95KIO,CA-CA-00000239,36H,CONDO_UNIT,1503.0,3,OWNER_OCCUPIED,95-5332-743
U-F8YEPJTQVS9L,CA-CA-00000239,20F,CONDO_UNIT,1532.0,3,OWNER_OCCUPIED,97-8975-438
U-DHZEYO4HVGOA,CA-CA-00000239,12F,CONDO_UNIT,1695.0,2,OWNER_OCCUPIED,84-3196-110
U-FV66QJM23XQ9,CA-CA-00000239,15F,CONDO_UNIT,1842.0,2,RENTED,16-1972-646
U-0PKBBM14FAV0,CA-CA-00000239,2B,CONDO_UNIT,785.0,5,OWNER_OCCUPIED,11-4273-630
U-I2CDFU3GUTJF,CA-CA-00000239,16E,CONDO_UNIT,,2,OWNER_OCCUPIED,47-2984-684
U-31G2VPMLQJBR,CA-CA-00000239,15D,CONDO_UNIT,2191.0,2,RENTED,33-9779-338
U-MJPW07XC2EKZ,CA-CA-00000239,13D,CONDO_UNIT,2869.0,4,VACANT,70-5042-132
U-E6SBF5NNK5PE,CA-CA-00000239,38C,CONDO_UNIT,2425.0,3,OWNER_OCCUPIED,54-9014-605
U-XU2D1XMQLISK,CA-CA-00000239,22F,CONDO_UNIT,992.0,1,OWNER_OCCUPIED,16-3215-948
U-3F6I962PP132,CA-CA-00000239,14D,CONDO_UNIT,1784.0,4,OWNER_OCCUPIED,45-1763-137
U-0ERX0XKN757G,CA-CA-00000239,17B,CONDO_UNIT,1978.0,1,OWNER_OCCUPIED,86-4841-657
U-D7ZOX4IOSJSJ,CA-CA-00000240,39B,CONDO_UNIT,1956.0,1,VACANT,43-9128-793
U-Y8AUNJ2E3JSQ,CA-CA-00000240,30H,CONDO_UNIT,2827.0,2,OWNER_OCCUPIED,69-5020-120
U-9NST3G61OFOY,CA-CA-00000240,16G,CONDO_UNIT,687.0,2,RENTED,66-4056-869
U-ZUCPLKU63YLW,CA-CA-00000240,39B,CONDO_UNIT,1362.0,1,RENTED,68-8246-210
U-2453VDMNY071,CA-CA-00000240,16H,CONDO_UNIT,2990.0,2,OWNER_OCCUPIED,71-7445-322
U-OSD4B72FYTOY,CA-CA-00000240,18G,CONDO_UNIT,,3,OWNER_OCCUPIED,27-3892-410
U-9XNCUDH5BZUD,CA-CA-00000240,7A,CONDO_UNIT,2208.0,3,RENTED,10-2305-799
U-W4CL7GSH0A3O,CA-CA-00000240,20H,CONDO_UNIT,2858.0,3,OWNER_OCCUPIED,49-5570-321
U-H4MSJRO4V1KS,CA-CA-00000240,18C,CONDO_UNIT,,3,OWNER_OCCUPIED,71-4475-855
U-VJ7CDXJ99TDO,CA-CA-00000240,23E,CONDO_UNIT,1500.0,2,OWNER_OCCUPIED,
U-0D0XG6M2FUY7,CA-CA-00000240,5B,CONDO_UNIT,1009.0,2,OWNER_OCCUPIED,90-9495-522
U-J62MA63T2JWL,CA-CA-00000240,17C,CONDO_UNIT,3030.0,4,OWNER_OCCUPIED,88-7309-594
U-A7WLVOWIMTJE,CA-CA-00000240,25B,CONDO_UNIT,716.0,1,OWNER_OCCUPIED,24-9927-997
U-K7SGFA3USGBE,CA-CA-00000240,10E,CONDO_UNIT,1226.0,2,VACANT,47-2415-430
U-XVNE0AH1XJSZ,CA-CA-00000240,3D,CONDO_UNIT,2251.0,2,OWNER_OCCUPIED,66-7630-403
U-3PMV5HNUFZ45,CA-CA-00000240,31C,CONDO_UNIT,990.0,3,OWNER_OCCUPIED,53-2216-571
U-ILRSRQM8PZ2Q,CA-CA-00000240,21B,CONDO_UNIT,1428.0,4,OWNER_OCCUPIED,80-6569-675
U-5CCSHGDFD5HU,CA-CA-00000240,22H,CONDO_UNIT,1296.0,2,OWNER_OCCUPIED,44-4699-358
U-P6L8CZYEKMPO,CA-CA-00000240,20D,CONDO_UNIT,1850.0,3,OWNER_OCCUPIED,56-9886-464
U-VLE9FINKFEND,CA-CA-00000240,29A,CONDO_UNIT,3194.0,1,OWNER_OCCUPIED,24-9414-843
U-YRR41S6Q054S,CA-CA-00000240,20A,CONDO_UNIT,1681.0,4,OWNER_OCCUPIED,82-8195-543
U-GFCCOVJ3I5RZ,CA-CA-00000240,25B,CONDO_UNIT,1341.0,1,OWNER_OCCUPIED,71-3075-290
U-6J0OQXFV5NN5,CA-CA-00000240,28E,CONDO_UNIT,1641.0,4,OWNER_OCCUPIED,97-2631-961
U-44FXTGER3EXT,CA-CA-00000240,33H,CONDO_UNIT,2844.0,4,VACANT,89-7723-547
U-06G6MEEBAQGJ,CA-CA-00000240,4C,CONDO_UNIT,840.0,3,RENTED,40-7008-128
U-AM3X9MSV12DZ,CA-CA-00000240,26B,CONDO_UNIT,1923.0,1,OWNER_OCCUPIED,24-8078-126
U-MPB9OZEK0VWJ,CA-CA-00000240,8H,CONDO_UNIT,725.0,5,OWNER_OCCUPIED,28-3879-930
U-VD3F104SVI6S,CA-CA-00000240,40G,CONDO_UNIT,1846.0,2,RENTED,39-4599-777
U-G0FCRA4IU914,CA-CA-00000240,35C,CONDO_UNIT,1787.0,4,OWNER_OCCUPIED,33-5973-453
U-MZ9F6BTP5NB4,CA-CA-00000240,19E,CONDO_UNIT,,3,OWNER_OCCUPIED,80-5688-865
U-VCA8QD6RGASX,CA-CA-00000240,6C,CONDO_UNIT,2123.0,3,RENTED,67-3866-402
U-KDZL8WI87RVB,CA-CA-00000240,35F,CONDO_UNIT,1312.0,3,OWNER_OCCUPIED,81-2382-192
U-TEGGWH7646B6,CA-CA-00000240,12G,CONDO_UNIT,2339.0,2,RENTED,67-9241-461
U-EDLRS7KRV554,CA-CA-00000240,13G,CONDO_UNIT,2888.0,4,OWNER_OCCUPIED,26-7926-244
U-YGLVIZ8VDK2U,CA-CA-00000240,5D,CONDO_UNIT,943.0,1,OWNER_OCCUPIED,45-4418-455
U-B7Y5PORBI0T9,CA-CA-00000240,37E,CONDO_UNIT,2156.0,3,RENTED,66-8152-143
U-7I7VEFO7FQ1K,CA-CA-00000240,17A,CONDO_UNIT,2264.0,4,OWNER_OCCUPIED,37-6277-518
U-X3APHYOAWM30,CA-CA-00000240,34H,CONDO_UNIT,1885.0,5,OWNER_OCCUPIED,71-7424-680
U-VAQJG9G77RIC,CA-CA-00000240,4A,CONDO_UNIT,1949.0,4,OWNER_OCCUPIED,
U-LIC5LS3VPE4G,CA-CA-00000240,35C,CONDO_UNIT,1416.0,3,OWNER_OCCUPIED,24-3946-418
U-C13NR7O71DXG,CA-CA-00000240,25G,CONDO_UNIT,2241.0,3,RENTED,66-4750-524
U-4UW5HEYX2RWO,CA-CA-00000240,38E,CONDO_UNIT,3145.0,1,RENTED,67-3099-337
U-QHWM4FNQ3VPV,CA-CA-00000240,1F,CONDO_UNIT,,4,OWNER_OCCUPIED,40-5988-768
U-SKQYF3U2FJ55,CA-CA-00000240,32D,CONDO_UNIT,1811.0,2,OWNER_OCCUPIED,31-2511-668
U-9VSWUU2NF1FK,CA-CA-00000240,20D,CONDO_UNIT,1985.0,3,RENTED,48-3571-765
U-XB8F9XLKJV7H,CA-CA-00000240,15D,CONDO_UNIT,,1,OWNER_OCCUPIED,81-4657-549
U-189Y36BM4KI4,CA-CA-00000240,15D,CONDO_UNIT,782.0,4,OWNER_OCCUPIED,29-5713-721
U-N59ZPU955FFF,CA-CA-00000240,8D,CONDO_UNIT,3095.0,1,OWNER_OCCUPIED,36-5421-324
U-WOQGQ5RZRUXF,CA-CA-00000240,9A,CONDO_UNIT,,2,OWNER_OCCUPIED,44-8764-246
U-F7C960HLXPGW,CA-CA-00000240,24H,CONDO_UNIT,1663.0,1,RENTED,72-2402-455
U-KMG15B9CSOEP,CA-CA-00000240,22F,CONDO_UNIT,1579.0,4,OWNER_OCCUPIED,55-5841-987
U-8CTNBK05WMSQ,CA-CA-00000240,33G,CONDO_UNIT,1932.0,3,OWNER_OCCUPIED,66-4481-202
U-51UUES90HNQZ,CA-CA-00000240,40G,CONDO_UNIT,1843.0,4,OWNER_OCCUPIED,45-3314-476
U-O65SPQISXNFU,CA-CA-00000240,3G,CONDO_UNIT,1834.0,3,OWNER_OCCUPIED,46-6824-689
U-FB3BHNFN4POY,CA-CA-00000240,28F,CONDO_UNIT,1650.0,2,OWNER_OCCUPIED,10-9788-323
U-3236UN9TPR85,CA-CA-00000240,18G,CONDO_UNIT,1107.0,4,OWNER_OCCUPIED,61-3901-152
U-1SBWRUBQ6RXC,CA-CA-00000240,24D,CONDO_UNIT,2102.0,3,RENTED,58-6548-860
U-VEY9ZBNE5FHK,CA-CA-00000240,38B,CONDO_UNIT,2878.0,2,OWNER_OCCUPIED,58-3397-529
U-LPLR3AZNW2HY,CA-CA-00000240,22A,CONDO_UNIT,754.0,3,OWNER_OCCUPIED,34-8317-274
U-S3XME3Y90ST5,CA-CA-00000240,10D,CONDO_UNIT,2987.0,3,OWNER_OCCUPIED,59-8272-523
U-G7M1KMUN8F8N,CA-CO-00000241,100,TOWNHOME,2437.0,2,RENTED,77-5731-245
U-130RLOCDWDV8,CA-CO-00000241,101,TOWNHOME,700.0,3,OWNER_OCCUPIED,33-3382-490
U-NI3KFFOFU6PJ,CA-CO-00000241,102,TOWNHOME,2086.0,3,OWNER_OCCUPIED,10-4601-130
U-KV9NJSJ6G3P2,CA-CO-00000241,103,TOWNHOME,1528.0,3,RENTED,10-9865-570
U-YHXBMXE8CNXL,CA-CO-00000241,104,TOWNHOME,2961.0,2,RENTED,37-9345-607
U-HPEUQJMGNGDX,CA-CO-00000241,105,TOWNHOME,3020.0,3,RENTED,82-2755-583
U-JXHUL3WZQRJ8,CA-CO-00000241,106,TOWNHOME,1343.0,2,OWNER_OCCUPIED,41-5683-624
U-XMS1A4GS9I12,CA-CO-00000241,107,TOWNHOME,1604.0,4,OWNER_OCCUPIED,60-4266-662
U-0H1UJVPXYALW,CA-CO-00000241,108,TOWNHOME,,4,RENTED,46-8417-274
U-RYLH8USRQ729,CA-CO-00000241,109,TOWNHOME,,3,OWNER_OCCUPIED,
U-XO1MWA0VLTRS,CA-CO-00000241,110,TOWNHOME,2584.0,2,RENTED,57-3577-399
U-SGS9FB64PWGT,CA-CO-00000241,111,TOWNHOME,,2,OWNER_OCCUPIED,97-1845-133
U-XK5DVSJ2G2KK,CA-CO-00000241,112,TOWNHOME,3139.0,2,OWNER_OCCUPIED,97-7428-589
U-12ZH606RLMV7,CA-CO-00000241,113,TOWNHOME,,2,OWNER_OCCUPIED,88-3094-181
U-JW568H91UY1B,CA-CO-00000241,114,TOWNHOME,1350.0,3,OWNER_OCCUPIED,45-5596-142
U-OHULVOY7VXAX,CA-CO-00000241,115,TOWNHOME,955.0,4,OWNER_OCCUPIED,66-2434-361
U-JL569L8I5WUR,CA-CO-00000241,116,TOWNHOME,,5,OWNER_OCCUPIED,50-2583-950
U-EKZFBMWW80PP,CA-CO-00000241,117,TOWNHOME,3063.0,3,OWNER_OCCUPIED,57-7246-474
U-5QRQ48U5KQ60,CA-CO-00000241,118,TOWNHOME,1896.0,5,OWNER_OCCUPIED,
U-6NR79URQB583,CA-CO-00000241,119,TOWNHOME,1254.0,3,OWNER_OCCUPIED,80-9473-140
U-WGKTX35TJRYA,CA-CO-00000241,120,TOWNHOME,1747.0,4,OWNER_OCCUPIED,77-3210-316
U-5NWOOTJ4QEG5,CA-CO-00000241,121,TOWNHOME,1015.0,2,RENTED,90-5082-856
U-8PKT4EEYGN6X,CA-CO-00000241,122,TOWNHOME,1123.0,1,OWNER_OCCUPIED,25-2103-951
U-4TB9TLNVS5P6,CA-CO-00000241,123,TOWNHOME,1494.0,2,OWNER_OCCUPIED,16-9498-257
U-QJDEVKVDPHFY,CA-CO-00000241,124,TOWNHOME,1786.0,3,RENTED,76-8449-330
U-LPA2Q95ZVMWZ,CA-IL-00000242,21A,CONDO_UNIT,2630.0,2,OWNER_OCCUPIED,35-4277-233
U-SHUL07C75LKA,CA-IL-00000242,1D,CONDO_UNIT,945.0,2,OWNER_OCCUPIED,40-6706-713
U-SY7AZULLL5SR,CA-IL-00000242,7H,CONDO_UNIT,,2,OWNER_OCCUPIED,71-6112-755
U-1FZF32MOWD1B,CA-IL-00000242,38F,CONDO_UNIT,727.0,5,OWNER_OCCUPIED,45-4727-536
U-X61M0E088L2R,CA-IL-00000242,10G,CONDO_UNIT,2878.0,2,OWNER_OCCUPIED,58-7330-579
U-B751LAS5WHSY,CA-IL-00000242,7H,CONDO_UNIT,2940.0,2,RENTED,13-4799-198
U-626M79WC4MR0,CA-IL-00000242,10F,CONDO_UNIT,756.0,2,RENTED,88-4091-389
U-W0ZREEGFMCRB,CA-IL-00000242,34D,CONDO_UNIT,1460.0,3,OWNER_OCCUPIED,71-7382-804
U-ZY3W8EBJYVOZ,CA-IL-00000242,20D,CONDO_UNIT,2075.0,4,RENTED,89-2480-775
U-WCIWEOYXS9A0,CA-IL-00000242,7B,CONDO_UNIT,875.0,5,OWNER_OCCUPIED,79-5558-780
U-YDVRZAGFBG3W,CA-IL-00000242,38B,CONDO_UNIT,2668.0,3,RENTED,29-8850-604
U-3UECVX7R6A6K,CA-IL-00000242,6D,CONDO_UNIT,1343.0,2,OWNER_OCCUPIED,82-2840-327
U-QEFAREZC1W9K,CA-IL-00000242,22G,CONDO_UNIT,3015.0,3,OWNER_OCCUPIED,99-5213-556
U-R4V5GINQCAQO,CA-IL-00000242,23E,CONDO_UNIT,2275.0,5,OWNER_OCCUPIED,23-2016-276
U-ZUOTDPSQ6DWM,CA-IL-00000242,35D,CONDO_UNIT,779.0,4,RENTED,38-6373-652
U-CUXJVPFC7C09,CA-IL-00000242,38E,CONDO_UNIT,1159.0,3,OWNER_OCCUPIED,62-9753-313
U-VIY7ZNY5K761,CA-IL-00000242,17A,CONDO_UNIT,2879.0,4,OWNER_OCCUPIED,58-4229-846
U-DJBGCOA876X1,CA-IL-00000242,1D,CONDO_UNIT,1375.0,3,OWNER_OCCUPIED,68-1483-865
U-DZ6N70FISZO7,CA-IL-00000242,17A,CONDO_UNIT,1391.0,1,OWNER_OCCUPIED,72-9527-570
U-6UI795PVY9TM,CA-IL-00000242,1G,CONDO_UNIT,3003.0,2,OWNER_OCCUPIED,38-5679-294
U-DVU2NBG0DA5F,CA-IL-00000242,8D,CONDO_UNIT,2322.0,5,OWNER_OCCUPIED,98-3129-427
U-KYTO2QNNG88X,CA-IL-00000242,20D,CONDO_UNIT,2374.0,1,OWNER_OCCUPIED,59-9499-116
U-8BI9XDB27O1J,CA-IL-00000242,34D,CONDO_UNIT,721.0,3,OWNER_OCCUPIED,
U-SD88ZWH46KB6,CA-IL-00000242,16F,CONDO_UNIT,3195.0,2,RENTED,82-6861-307
U-F0FY5C361O3K,CA-IL-00000242,24A,CONDO_UNIT,805.0,2,RENTED,42-9700-314
U-PTD01N1191VG,CA-IL-00000242,24B,CONDO_UNIT,1174.0,2,RENTED,30-1475-587
U-P1L3VEUXEUI3,CA-IL-00000242,17B,CONDO_UNIT,1567.0,2,OWNER_OCCUPIED,89-9692-883
U-TNRMDXIU50N1,CA-IL-00000242,14G,CONDO_UNIT,2563.0,1,OWNER_OCCUPIED,90-8982-592
U-R5GO5ZA97M7I,CA-IL-00000242,37C,CONDO_UNIT,1753.0,3,RENTED,
U-8D539WYWV0TJ,CA-IL-00000242,36G,CONDO_UNIT,1744.0,2,OWNER_OCCUPIED,38-4998-866
U-OGJ4YC3FKKB3,CA-IL-00000242,14C,CONDO_UNIT,1083.0,2,RENTED,16-7060-505
U-HSAG3Q47VER1,CA-IL-00000242,36B,CONDO_UNIT,1689.0,3,OWNER_OCCUPIED,72-3062-744
U-NOYRWIA70JR7,CA-IL-00000242,30H,CONDO_UNIT,1323.0,3,RENTED,56-6296-186
U-OAU6OI10MYAC,CA-IL-00000242,16F,CONDO_UNIT,719.0,4,VACANT,66-7251-817
U-DP4P3I14KB9I,CA-IL-00000242,25E,CONDO_UNIT,1755.0,3,VACANT,32-1808-921
U-NC4ZR3SGLCM9,CA-IL-00000242,33F,CONDO_UNIT,1181.0,2,VACANT,92-9373-871
U-DSNJIFA8I52V,CA-IL-00000242,15G,CONDO_UNIT,2028.0,3,OWNER_OCCUPIED,95-9845-466
U-MZLJQAOJGYOF,CA-IL-00000242,37D,CONDO_UNIT,1538.0,4,OWNER_OCCUPIED,53-5407-239
U-KYKICN8BZQYS,CA-IL-00000242,38D,CONDO_UNIT,2946.0,2,OWNER_OCCUPIED,84-3882-783
U-MQQLS1WRAQBE,CA-IL-00000242,13A,CONDO_UNIT,2276.0,2,OWNER_OCCUPIED,50-2202-593
U-KMDLEPN04RMJ,CA-IL-00000242,27B,CONDO_UNIT,1847.0,2,RENTED,26-9723-573
U-7DRQFD2PCASH,CA-FL-00000243,100,TOWNHOME,3099.0,3,RENTED,64-9913-462
U-9NMG56K4FVTV,CA-FL-00000243,101,SINGLE_FAMILY,2999.0,2,OWNER_OCCUPIED,11-9066-148
U-LA4ZJYFGGVX2,CA-FL-00000243,102,SINGLE_FAMILY,2248.0,3,OWNER_OCCUPIED,24-3699-163
U-RULPAPE43PIM,CA-FL-00000243,103,TOWNHOME,3141.0,3,OWNER_OCCUPIED,19-1682-898
U-RIMHLM5CH5YV,CA-FL-00000243,104,TOWNHOME,3104.0,5,VACANT,86-8175-983
U-DX5X5KTBYBE2,CA-FL-00000243,105,TOWNHOME,2108.0,2,OWNER_OCCUPIED,98-3134-271
U-JBR6TE5PTV2D,CA-FL-00000243,106,SINGLE_FAMILY,1304.0,2,OWNER_OCCUPIED,91-2129-505
U-D2I38BG3DVVQ,CA-FL-00000243,107,SINGLE_FAMILY,2800.0,2,RENTED,52-9334-374
U-VBS0R9U065G8,CA-FL-00000243,108,SINGLE_FAMILY,1037.0,3,OWNER_OCCUPIED,65-7002-947
U-DJEYYI6GDRNA,CA-FL-00000243,109,TOWNHOME,2729.0,2,RENTED,81-9178-619
U-F089SV96BEQ9,CA-FL-00000243,110,TOWNHOME,,4,RENTED,44-1411-500
U-CNUYNPCS0EVA,CA-FL-00000243,111,TOWNHOME,1920.0,2,RENTED,24-7950-945
U-1FGZJ7AGM3IE,CA-FL-00000243,112,TOWNHOME,1952.0,3,OWNER_OCCUPIED,58-7476-783
U-RXT7F1ITH4FX,CA-FL-00000243,113,TOWNHOME,1976.0,3,OWNER_OCCUPIED,17-2674-434
U-OP3ZJC30XAXK,CA-FL-00000243,114,SINGLE_FAMILY,1075.0,3,RENTED,35-8602-763
U-5F9AY2UCOY92,CA-FL-00000243,115,SINGLE_FAMILY,1379.0,2,RENTED,33-7838-790
U-DJ4N4S2FH4NL,CA-FL-00000243,116,SINGLE_FAMILY,1700.0,2,OWNER_OCCUPIED,17-5029-639
U-F4HPXHCNG9W7,CA-FL-00000243,117,SINGLE_FAMILY,2433.0,3,VACANT,14-1336-371
U-YIEIH177MNMV,CA-FL-00000243,118,TOWNHOME,1978.0,3,RENTED,60-8773-413
U-ID0H5BVLJZ29,CA-FL-00000243,119,TOWNHOME,2783.0,3,RENTED,91-9880-817
U-ZUF2AKO55SXQ,CA-FL-00000243,120,TOWNHOME,2859.0,4,OWNER_OCCUPIED,79-9742-992
U-160CNI4EBXFU,CA-FL-00000243,121,TOWNHOME,3196.0,2,OWNER_OCCUPIED,39-8098-499
U-11IXS9AZD0XB,CA-FL-00000243,122,TOWNHOME,1797.0,1,OWNER_OCCUPIED,53-4574-235
U-2NLQI0REKML2,CA-FL-00000243,123,SINGLE_FAMILY,997.0,3,OWNER_OCCUPIED,59-3182-212
U-94FKJABFG1DR,CA-FL-00000243,124,SINGLE_FAMILY,,3,OWNER_OCCUPIED,30-7455-586
U-N69E9XR9PXIB,CA-FL-00000243,125,TOWNHOME,1864.0,3,RENTED,16-6103-892
U-7C1AMQML37CH,CA-FL-00000243,126,TOWNHOME,2888.0,4,OWNER_OCCUPIED,92-2493-421
U-XIB9X9KANT29,CA-FL-00000243,127,SINGLE_FAMILY,2825.0,3,OWNER_OCCUPIED,98-2406-595
U-NWHS9DW884G8,CA-FL-00000243,128,SINGLE_FAMILY,736.0,2,OWNER_OCCUPIED,47-5777-770
U-62JWOQK85P8F,CA-FL-00000243,129,SINGLE_FAMILY,2344.0,3,OWNER_OCCUPIED,
U-YVI8KBVBT1SF,CA-FL-00000243,130,SINGLE_FAMILY,976.0,2,RENTED,50-2037-611
U-8FTH62ISOJOH,CA-FL-00000243,131,SINGLE_FAMILY,3052.0,1,VACANT,11-3289-671
U-46LPKQPEL4HZ,CA-FL-00000243,132,SINGLE_FAMILY,,2,OWNER_OCCUPIED,36-9803-478
U-ZK70S2LS4YNA,CA-FL-00000243,133,SINGLE_FAMILY,1512.0,3,OWNER_OCCUPIED,22-1752-364
U-B9LHUXI8C4AL,CA-FL-00000243,134,TOWNHOME,2404.0,4,OWNER_OCCUPIED,55-3110-261
U-0S312H139JMI,CA-FL-00000243,135,SINGLE_FAMILY,3172.0,3,OWNER_OCCUPIED,35-4142-508
U-5QR1905LU5W0,CA-FL-00000243,136,TOWNHOME,839.0,4,VACANT,67-4492-219
U-VE5WT8I3RP3H,CA-FL-00000243,137,SINGLE_FAMILY,,4,OWNER_OCCUPIED,86-4661-655
U-3JYPM79NTF72,CA-FL-00000243,138,TOWNHOME,2455.0,3,VACANT,76-7270-109
U-OFSGRY50OECB,CA-FL-00000243,139,TOWNHOME,,3,OWNER_OCCUPIED,56-6103-977
U-1PPZW3DGNO4P,CA-FL-00000243,140,SINGLE_FAMILY,710.0,4,OWNER_OCCUPIED,97-5031-764
U-M1JLR5GR3RW4,CA-FL-00000243,141,SINGLE_FAMILY,,4,RENTED,54-8542-742
U-30OG0QAUS592,CA-FL-00000243,142,SINGLE_FAMILY,790.0,3,RENTED,96-6023-594
U-1IUAFYFSCMEK,CA-FL-00000243,143,TOWNHOME,1542.0,3,VACANT,58-9656-488
U-9EPJ1NGHYJ1A,CA-FL-00000243,144,SINGLE_FAMILY,775.0,4,OWNER_OCCUPIED,16-5010-356
U-XAS4FJR691RF,CA-FL-00000243,145,TOWNHOME,2254.0,3,OWNER_OCCUPIED,19-2972-637
U-VEZX2N48E52J,CA-FL-00000243,146,SINGLE_FAMILY,792.0,3,OWNER_OCCUPIED,50-1140-306
U-NKY93VP2KBBN,CA-FL-00000243,147,SINGLE_FAMILY,1608.0,4,RENTED,24-8144-535
U-0DV7LCHGYBIV,CA-FL-00000243,148,SINGLE_FAMILY,2420.0,3,RENTED,52-8549-932
U-M6JCYGNE6QEK,CA-FL-00000243,149,SINGLE_FAMILY,2498.0,3,VACANT,36-4150-510
U-RI6JJKHD7CVB,CA-FL-00000243,150,SINGLE_FAMILY,1717.0,2,OWNER_OCCUPIED,74-1248-411
U-G6ERMQ0Z0M2G,CA-FL-00000243,151,SINGLE_FAMILY,719.0,2,OWNER_OCCUPIED,97-4813-708
U-C4EACZ2DRQW6,CA-FL-00000243,152,TOWNHOME,2099.0,2,RENTED,17-1277-811
U-TNNOF89CJJBZ,CA-FL-00000243,153,SINGLE_FAMILY,2376.0,2,RENTED,14-3197-416
U-89RKLVZPVR27,CA-FL-00000243,154,TOWNHOME,1133.0,4,OWNER_OCCUPIED,43-2071-130
U-I7OXTLP9J3FB,CA-FL-00000243,155,TOWNHOME,2349.0,2,OWNER_OCCUPIED,24-4608-920
U-PEV6P6XB5QF3,CA-FL-00000243,156,SINGLE_FAMILY,2785.0,2,VACANT,20-5577-807
U-RC9FC58M2X5F,CA-FL-00000243,157,TOWNHOME,2056.0,1,OWNER_OCCUPIED,41-8971-549
U-XIV0PTG6XOJB,CA-FL-00000243,158,SINGLE_FAMILY,,2,OWNER_OCCUPIED,58-8011-491
U-2XXD5IVCI4EI,CA-FL-00000243,159,TOWNHOME,2825.0,2,RENTED,58-6660-685
U-F63D9WYC4V7Z,CA-IL-00000244,1A,CONDO_UNIT,2181.0,2,RENTED,81-5823-719
U-K5KH779OKBYK,CA-IL-00000244,40D,CONDO_UNIT,,4,OWNER_OCCUPIED,82-2848-474
U-WWQPO8FSLMLC,CA-IL-00000244,39H,CONDO_UNIT,,3,RENTED,46-3249-156
U-N6AC6VAGQFPV,CA-IL-00000244,39H,CONDO_UNIT,1521.0,4,RENTED,44-1524-647
U-KVH57044VCBA,CA-IL-00000244,26B,CONDO_UNIT,1766.0,3,OWNER_OCCUPIED,61-2633-374
U-WDPRG5VMCGDM,CA-IL-00000244,12G,CONDO_UNIT,2676.0,4,OWNER_OCCUPIED,90-7506-338
U-IAA2OY5HSDHN,CA-IL-00000244,2D,CONDO_UNIT,2611.0,4,RENTED,71-7089-513
U-1Y8V2YZ3SJXT,CA-IL-00000244,35F,CONDO_UNIT,2844.0,1,RENTED,56-9545-856
U-S63DZ8OZE8YS,CA-IL-00000244,29D,CONDO_UNIT,2677.0,3,RENTED,52-8719-706
U-71OQ7217LEOP,CA-IL-00000244,11B,CONDO_UNIT,3143.0,3,OWNER_OCCUPIED,54-7924-745
U-ZTJG16E28OCZ,CA-IL-00000244,40C,CONDO_UNIT,1213.0,3,OWNER_OCCUPIED,55-4829-650
U-HV2DQ8ZU7UJG,CA-IL-00000244,37H,CONDO_UNIT,2092.0,2,OWNER_OCCUPIED,16-8277-592
U-5FUM6055E275,CA-IL-00000244,6C,CONDO_UNIT,670.0,2,OWNER_OCCUPIED,
U-ZRMU15PSSVNY,CA-IL-00000244,25D,CONDO_UNIT,2018.0,5,OWNER_OCCUPIED,56-8356-139
U-40YGCKVKAK61,CA-IL-00000244,7D,CONDO_UNIT,3193.0,3,RENTED,43-4563-993
U-CAYQ7VIK1M6S,CA-IL-00000244,9B,CONDO_UNIT,3092.0,3,OWNER_OCCUPIED,40-6382-917
U-8ILCPMV8DEZ8,CA-IL-00000244,5A,CONDO_UNIT,,3,OWNER_OCCUPIED,12-5272-124
U-UDENS6PLHALJ,CA-IL-00000244,5B,CONDO_UNIT,1417.0,2,VACANT,37-3406-599
U-UPC5GV2SPMTK,CA-IL-00000244,3D,CONDO_UNIT,1408.0,3,VACANT,47-4075-132
U-UF7ZRBKBO14C,CA-IL-00000244,33D,CONDO_UNIT,1483.0,3,RENTED,64-4415-927
U-APUPXS2MI0NK,CA-IL-00000244,17E,CONDO_UNIT,2201.0,1,RENTED,52-8348-203
U-GTIBXQ2Q9XSI,CA-IL-00000244,24F,CONDO_UNIT,1570.0,5,OWNER_OCCUPIED,37-3736-225
U-I60C6II5WU5F,CA-IL-00000244,21H,CONDO_UNIT,,4,OWNER_OCCUPIED,39-1329-328
U-T7K6GBUI17MQ,CA-IL-00000244,32B,CONDO_UNIT,1536.0,1,OWNER_OCCUPIED,15-7558-802
U-2DNF9XCMZ1UP,CA-IL-00000244,36G,CONDO_UNIT,859.0,4,OWNER_OCCUPIED,99-5075-803
U-8IYJ9OZGRC2Y,CA-IL-00000244,25C,CONDO_UNIT,2376.0,2,OWNER_OCCUPIED,98-5734-358
U-72WCQH0L4EM5,CA-IL-00000244,39B,CONDO_UNIT,1880.0,3,OWNER_OCCUPIED,46-6895-471
U-GKFCDRS5TAPW,CA-IL-00000244,15C,CONDO_UNIT,2696.0,2,RENTED,95-2156-249
U-OF3C69XYFWO3,CA-IL-00000244,16F,CONDO_UNIT,1163.0,2,OWNER_OCCUPIED,86-6043-546
U-4FH6KVW43AMT,CA-IL-00000244,8E,CONDO_UNIT,2836.0,5,RENTED,53-4758-496
U-45KX7HFYSS3G,CA-IL-00000244,34G,CONDO_UNIT,2453.0,2,RENTED,14-3057-451
U-U0WQUDLHMBAN,CA-IL-00000244,22E,CONDO_UNIT,2555.0,2,VACANT,34-9509-412
U-41IEMY8OQR40,CA-IL-00000244,8H,CONDO_UNIT,1210.0,2,OWNER_OCCUPIED,62-5913-579
U-MTTINP0D22EV,CA-IL-00000244,26B,CONDO_UNIT,3032.0,2,RENTED,41-1712-539
U-C4GQKLP15A7J,CA-IL-00000244,40E,CONDO_UNIT,2627.0,3,OWNER_OCCUPIED,61-4079-295
U-1M15W31B4ZUD,CA-IL-00000244,21E,CONDO_UNIT,1480.0,3,RENTED,37-2485-787
U-63264ZHTHKQR,CA-IL-00000244,14F,CONDO_UNIT,2233.0,3,OWNER_OCCUPIED,13-2352-168
U-LFDT0Q19M5BL,CA-IL-00000244,34E,CONDO_UNIT,729.0,2,RENTED,14-6698-957
U-4FX2C94Z90OQ,CA-IL-00000244,24E,CONDO_UNIT,1023.0,5,RENTED,50-5681-467
U-5M54DIZK6WJB,CA-IL-00000244,19G,CONDO_UNIT,2462.0,4,OWNER_OCCUPIED,19-6193-213
U-SFVK0YWKODTK,CA-IL-00000244,3D,CONDO_UNIT,,2,RENTED,81-5893-592
U-V4A70D6QC196,CA-IL-00000244,15E,CONDO_UNIT,1863.0,4,RENTED,50-5143-524
U-KBIINJPK2CKB,CA-IL-00000244,12F,CONDO_UNIT,1048.0,2,OWNER_OCCUPIED,27-1327-107
U-4XPYHAH8CROH,CA-IL-00000244,11C,CONDO_UNIT,2452.0,2,OWNER_OCCUPIED,84-2984-289
U-BGQJKHBCQHB0,CA-IL-00000244,29A,CONDO_UNIT,1963.0,5,OWNER_OCCUPIED,44-5481-575
U-O9G6X57DA1L1,CA-IL-00000244,3F,CONDO_UNIT,1490.0,2,OWNER_OCCUPIED,41-7174-417
U-TAZER6X89KNT,CA-IL-00000244,18B,CONDO_UNIT,2532.0,2,OWNER_OCCUPIED,37-3620-293
U-U0KYMPTSQP2I,CA-IL-00000244,9G,CONDO_UNIT,2655.0,3,OWNER_OCCUPIED,50-8722-228
U-DHSYWVQ5TNEF,CA-IL-00000244,14G,CONDO_UNIT,2576.0,3,OWNER_OCCUPIED,26-7374-603
U-KWJ276698OZX,CA-IL-00000244,32C,CONDO_UNIT,1317.0,2,OWNER_OCCUPIED,47-2777-311
U-NXQRYW695APO,CA-IL-00000244,18C,CONDO_UNIT,2573.0,3,OWNER_OCCUPIED,51-5564-460
U-QX4TFVL532BW,CA-IL-00000244,39D,CONDO_UNIT,3097.0,2,VACANT,88-5961-117
U-F3K1A4F0XK5X,CA-IL-00000244,6A,CONDO_UNIT,,2,OWNER_OCCUPIED,60-4796-194
U-45F3GLXSF2PO,CA-IL-00000244,24G,CONDO_UNIT,2086.0,2,OWNER_OCCUPIED,80-8021-948
U-QQV663S335YN,CA-IL-00000244,39A,CONDO_UNIT,2164.0,3,OWNER_OCCUPIED,33-8216-173
U-4E1UHNGY58FJ,CA-IL-00000244,17F,CONDO_UNIT,2252.0,5,RENTED,33-8030-123
U-OL3U6TY2DGQN,CA-IL-00000244,14H,CONDO_UNIT,1962.0,1,RENTED,44-3018-816
U-SNWIM3C7WC8K,CA-IL-00000244,33G,CONDO_UNIT,2258.0,3,OWNER_OCCUPIED,27-1168-696
U-DV785PDW8BQZ,CA-IL-00000244,27E,CONDO_UNIT,2222.0,1,OWNER_OCCUPIED,30-1834-846
U-TOB17RE01IGG,CA-IL-00000244,32H,CONDO_UNIT,815.0,4,RENTED,25-2572-537
U-B26IXSYYZRCJ,CA-CA-00000245,100,SINGLE_FAMILY,1930.0,3,OWNER_OCCUPIED,94-6686-655
U-L0946LXWS62J,CA-CA-00000245,101,TOWNHOME,1693.0,1,OWNER_OCCUPIED,25-7971-221
U-VFISPJPH2KLJ,CA-CA-00000245,102,TOWNHOME,,2,RENTED,49-1232-827
U-UE950XYP5URK,CA-CA-00000245,103,TOWNHOME,1716.0,3,OWNER_OCCUPIED,44-5125-965
U-L83QAUNGCJX4,CA-CA-00000245,104,TOWNHOME,3132.0,3,RENTED,68-6405-586
U-WR2CT0RWCD69,CA-CA-00000245,105,TOWNHOME,2482.0,4,OWNER_OCCUPIED,86-7379-283
U-11RVRDPJA39P,CA-CA-00000245,106,SINGLE_FAMILY,2290.0,2,OWNER_OCCUPIED,51-6442-736
U-4TLHZIL6NYYC,CA-CA-00000245,107,SINGLE_FAMILY,2955.0,2,RENTED,85-6866-436
U-AMQLMEGV2VXR,CA-CA-00000245,108,SINGLE_FAMILY,743.0,2,OWNER_OCCUPIED,30-2418-702
U-JCQRNQRZF1EF,CA-CA-00000245,109,TOWNHOME,2654.0,3,OWNER_OCCUPIED,84-9535-262
U-5UU034NCE1I1,CA-CA-00000245,110,SINGLE_FAMILY,1816.0,3,VACANT,42-7822-906
U-NFASH1D4E6O1,CA-CA-00000245,111,TOWNHOME,1245.0,5,RENTED,
U-BPG220M2FQVJ,CA-CA-00000245,112,TOWNHOME,,3,RENTED,54-4945-773
U-7BD30YKPJ2OZ,CA-CA-00000245,113,SINGLE_FAMILY,1346.0,1,OWNER_OCCUPIED,53-9789-976
U-SGUJFLWHDD43,CA-CA-00000245,114,SINGLE_FAMILY,1683.0,3,OWNER_OCCUPIED,48-2323-368
U-3MVCYPJ6VW9N,CA-CA-00000245,115,TOWNHOME,1579.0,3,VACANT,21-4594-873
U-J4LOEQ9FRZGS,CA-CA-00000245,116,SINGLE_FAMILY,1005.0,4,RENTED,37-9890-275
U-UJKUYZYRU5MV,CA-CA-00000245,117,TOWNHOME,3065.0,4,OWNER_OCCUPIED,63-9257-840
U-HVW2MVGZ3J00,CA-CA-00000245,118,SINGLE_FAMILY,1719.0,2,OWNER_OCCUPIED,26-3736-966
U-KV8OWR4WLK1K,CA-CA-00000246,19H,CONDO_UNIT,1232.0,5,RENTED,70-2937-685
U-PHC1GLH78D4B,CA-CA-00000246,28E,CONDO_UNIT,3000.0,5,RENTED,85-2504-103
U-STW1CS3LLM13,CA-CA-00000246,40C,CONDO_UNIT,1027.0,3,OWNER_OCCUPIED,50-2489-929
U-7LB6PC18BX96,CA-CA-00000246,6H,CONDO_UNIT,1452.0,2,RENTED,54-7397-528
U-F6P4YKDTLYQ8,CA-CA-00000246,16E,CONDO_UNIT,2134.0,3,OWNER_OCCUPIED,20-7479-877
U-OKIV2YBVP6R2,CA-CA-00000246,36D,CONDO_UNIT,2777.0,2,OWNER_OCCUPIED,90-1819-524
U-2GR7NMRADUGT,CA-CA-00000246,24A,CONDO_UNIT,,3,RENTED,37-9893-615
U-P1BIF8SMBFZP,CA-CA-00000246,25E,CONDO_UNIT,808.0,3,RENTED,41-6785-646
U-OMWXKRPEUKUQ,CA-CA-00000246,13H,CONDO_UNIT,1561.0,1,OWNER_OCCUPIED,24-5180-874
U-GY883ZMA6BSY,CA-CA-00000246,6F,CONDO_UNIT,2538.0,3,OWNER_OCCUPIED,52-7576-219
U-CAVS1SFP7MK4,CA-CA-00000246,26C,CONDO_UNIT,1056.0,2,OWNER_OCCUPIED,
U-JBQBOFNYEFGB,CA-CA-00000246,28E,CONDO_UNIT,1724.0,4,OWNER_OCCUPIED,42-9020-174
U-F0UXMYYE3XIY,CA-CA-00000246,3H,CONDO_UNIT,2002.0,2,OWNER_OCCUPIED,65-7816-826
U-AY29YN72TLBV,CA-CA-00000246,9G,CONDO_UNIT,969.0,2,OWNER_OCCUPIED,95-2230-780
U-P22UR4AI8X9C,CA-CA-00000246,40F,CONDO_UNIT,874.0,2,OWNER_OCCUPIED,60-3528-600
U-L9BK6E6POGWH,CA-CA-00000246,12F,CONDO_UNIT,1018.0,3,OWNER_OCCUPIED,54-5729-577
U-0VK86JYW6SJC,CA-CA-00000246,1E,CONDO_UNIT,1808.0,3,OWNER_OCCUPIED,54-5013-583
U-PUMIBRIXOZ7Z,CA-CA-00000246,1B,CONDO_UNIT,2890.0,4,OWNER_OCCUPIED,18-9537-478
U-SYZLEGSGZSJJ,CA-CA-00000246,15B,CONDO_UNIT,3100.0,2,OWNER_OCCUPIED,99-9046-981
U-ON1X1WTWQ9QV,CA-CA-00000246,6F,CONDO_UNIT,,2,OWNER_OCCUPIED,27-3337-767
U-F7315EDNQWIY,CA-CA-00000246,4D,CONDO_UNIT,1199.0,3,OWNER_OCCUPIED,35-5398-876
U-S1DG972HSGE9,CA-CA-00000246,25A,CONDO_UNIT,1949.0,2,VACANT,28-1606-600
U-9YD6Q6Q5RNCH,CA-CA-00000246,4E,CONDO_UNIT,2995.0,2,OWNER_OCCUPIED,69-8694-237
U-ASJ45G9FP9GY,CA-CA-00000246,28H,CONDO_UNIT,1984.0,2,RENTED,42-5163-286
U-OT1J7LTLH00P,CA-CA-00000246,23B,CONDO_UNIT,2166.0,2,RENTED,68-6938-566
U-FJT7YXJNRT9R,CA-CA-00000246,9B,CONDO_UNIT,2564.0,2,RENTED,43-9889-572
U-GD8OYR0HY0RE,CA-CA-00000246,12G,CONDO_UNIT,1754.0,2,OWNER_OCCUPIED,52-5828-702
U-17HE2MM3ASFU,CA-CA-00000246,15G,CONDO_UNIT,2514.0,2,OWNER_OCCUPIED,25-7091-159
U-LKW5DOUHWXLC,CA-CA-00000246,24D,CONDO_UNIT,,4,OWNER_OCCUPIED,48-5962-862
U-O3SDGU6SX82U,CA-CA-00000246,34H,CONDO_UNIT,1022.0,3,OWNER_OCCUPIED,
U-00S8MJO36NCQ,CA-CA-00000246,2C,CONDO_UNIT,3198.0,1,OWNER_OCCUPIED,
U-2W7IA7M1VTJP,CA-CA-00000246,2G,CONDO_UNIT,2532.0,4,OWNER_OCCUPIED,74-7018-309
U-V77EO10VG1UK,CA-CA-00000246,28B,CONDO_UNIT,737.0,3,OWNER_OCCUPIED,
U-76GHSPR879NT,CA-CA-00000246,24C,CONDO_UNIT,1250.0,3,OWNER_OCCUPIED,15-7377-853
U-IUXY4JXR5CYF,CA-CA-00000246,5F,CONDO_UNIT,1772.0,2,RENTED,20-4666-510
U-SEQRWYVIZ3GJ,CA-CA-00000247,100,SINGLE_FAMILY,705.0,3,RENTED,32-4261-259
U-AVSCK3FWZ3IF,CA-CA-00000247,101,SINGLE_FAMILY,2336.0,3,OWNER_OCCUPIED,71-6393-407
U-XTFLS9U5XHKZ,CA-CA-00000247,102,TOWNHOME,709.0,3,OWNER_OCCUPIED,39-5323-276
U-1CLQ71M6X9XJ,CA-CA-00000247,103,TOWNHOME,2680.0,2,VACANT,71-7134-281
U-R81FCHGVPESP,CA-CA-00000247,104,TOWNHOME,2821.0,5,OWNER_OCCUPIED,26-2386-323
U-Y1N08IXC9S4O,CA-CA-00000247,105,TOWNHOME,2894.0,2,OWNER_OCCUPIED,69-1458-708
U-KDUATCRHUGDQ,CA-CA-00000247,106,SINGLE_FAMILY,2185.0,2,RENTED,31-9303-882
U-QGYJQ4GRDMAL,CA-CA-00000247,107,TOWNHOME,2100.0,2,OWNER_OCCUPIED,55-3410-845
U-HM8NPPK6YD60,CA-CA-00000247,108,TOWNHOME,1406.0,3,OWNER_OCCUPIED,34-8808-987
U-XC6RCE3KBIRO,CA-CA-00000247,109,SINGLE_FAMILY,,4,OWNER_OCCUPIED,55-3892-994
U-GQEMX554EK62,CA-CA-00000247,110,TOWNHOME,2992.0,2,OWNER_OCCUPIED,16-3796-165
U-V2VDQ48DVLYR,CA-CA-00000247,111,SINGLE_FAMILY,669.0,4,OWNER_OCCUPIED,70-6756-753
U-6G1Q204L3EGD,CA-CA-00000247,112,TOWNHOME,,3,OWNER_OCCUPIED,60-1648-931
U-HYQLC9ED6JSA,CA-CA-00000247,113,TOWNHOME,2183.0,4,RENTED,32-5904-597
U-ATOYVG4GJ5RE,CA-CA-00000247,114,TOWNHOME,3010.0,3,OWNER_OCCUPIED,64-1165-305
U-XO7Y7B4VYX3U,CA-CA-00000247,115,SINGLE_FAMILY,1006.0,3,OWNER_OCCUPIED,66-9227-628
U-LVUCUK47NR3H,CA-CA-00000247,116,SINGLE_FAMILY,1880.0,1,OWNER_OCCUPIED,71-9717-906
U-JO7EGWPSEF1K,CA-CA-00000247,117,TOWNHOME,2348.0,3,OWNER_OCCUPIED,82-4384-558
U-YVINU96DGG1S,CA-CA-00000247,118,TOWNHOME,2812.0,3,OWNER_OCCUPIED,39-8490-149
U-6HWPG5MD538G,CA-CA-00000247,119,TOWNHOME,,2,RENTED,83-3959-514
U-R4REZPA5CVOJ,CA-CA-00000247,120,SINGLE_FAMILY,2489.0,5,RENTED,76-5256-933
U-MC7SUJPMGS0O,CA-CA-00000247,121,TOWNHOME,1794.0,3,RENTED,41-2214-216
U-I437PRVK3WJA,CA-CA-00000247,122,SINGLE_FAMILY,,3,OWNER_OCCUPIED,63-2885-292
U-31M9LFYS32DL,CA-CA-00000247,123,TOWNHOME,2144.0,3,OWNER_OCCUPIED,87-5291-163
U-HSH4395O84VD,CA-CA-00000247,124,SINGLE_FAMILY,2285.0,5,OWNER_OCCUPIED,76-6854-934
U-X1FY6XK3DTTI,CA-CA-00000247,125,TOWNHOME,2381.0,2,OWNER_OCCUPIED,64-2343-435
U-LEIH7LO6D9L5,CA-CA-00000247,126,TOWNHOME,2640.0,1,OWNER_OCCUPIED,24-8499-168
U-3JR31MEW41Z0,CA-CA-00000247,127,SINGLE_FAMILY,,2,OWNER_OCCUPIED,64-2798-399
U-1HKV9QPP9S7B,CA-CA-00000247,128,TOWNHOME,1943.0,5,VACANT,27-2529-901
U-4WNW1IUWOSMS,CA-CA-00000247,129,SINGLE_FAMILY,720.0,3,OWNER_OCCUPIED,91-4137-151
U-MAJB9KLEMDC2,CA-CA-00000247,130,SINGLE_FAMILY,1845.0,3,RENTED,94-1762-978
U-NTAHRKMKGPTP,CA-CA-00000247,131,SINGLE_FAMILY,,2,OWNER_OCCUPIED,
U-OMC545XKYNYP,CA-WA-00000248,100,SINGLE_FAMILY,2897.0,2,OWNER_OCCUPIED,51-7638-854
U-G60VYAPWOSR7,CA-WA-00000248,101,TOWNHOME,,1,RENTED,23-2774-970
U-NT9NVT9N1OSF,CA-WA-00000248,102,SINGLE_FAMILY,1486.0,3,OWNER_OCCUPIED,64-3011-239
U-2AZEX9IHVA6X,CA-WA-00000248,103,SINGLE_FAMILY,1004.0,5,OWNER_OCCUPIED,62-9820-963
U-MKYBPZ15MJ9D,CA-WA-00000248,104,TOWNHOME,1134.0,3,RENTED,49-2755-920
U-Q8749XE1VXDA,CA-WA-00000248,105,TOWNHOME,1400.0,4,OWNER_OCCUPIED,79-9239-516
U-205IPKFAZBGY,CA-WA-00000248,106,TOWNHOME,3048.0,3,RENTED,46-5585-485
U-LXL39OSR3ZOR,CA-WA-00000248,107,SINGLE_FAMILY,,3,OWNER_OCCUPIED,43-2009-359
U-E41AN90SJNYA,CA-WA-00000248,108,TOWNHOME,2797.0,2,OWNER_OCCUPIED,97-5221-721
U-AI1N1VGO1GYF,CA-WA-00000248,109,SINGLE_FAMILY,2107.0,2,OWNER_OCCUPIED,66-1871-611
U-YLDNY6JTT92L,CA-WA-00000248,110,TOWNHOME,1488.0,3,OWNER_OCCUPIED,74-5063-336
U-K21WS4SZQ1WM,CA-WA-00000248,111,TOWNHOME,1217.0,5,OWNER_OCCUPIED,71-5081-254
U-MU3VE8UUJFC1,CA-WA-00000248,112,SINGLE_FAMILY,2524.0,3,RENTED,54-5467-551
U-Z5I00UUB55PS,CA-WA-00000248,113,TOWNHOME,2636.0,4,OWNER_OCCUPIED,78-7675-151
U-8GXM4VH7SW4L,CA-WA-00000248,114,SINGLE_FAMILY,1646.0,4,VACANT,43-5244-801
U-MG7CJ8P80URA,CA-WA-00000248,115,SINGLE_FAMILY,3178.0,2,RENTED,76-8545-361
U-5OC6G4VSC06I,CA-WA-00000248,116,SINGLE_FAMILY,1130.0,1,OWNER_OCCUPIED,39-1213-405
U-UMNANA36U4S2,CA-WA-00000248,117,SINGLE_FAMILY,2217.0,2,RENTED,62-4333-885
U-11MXOAQQBNYA,CA-WA-00000248,118,SINGLE_FAMILY,1512.0,3,OWNER_OCCUPIED,95-4611-733
U-UU4BIBFJP2KF,CA-WA-00000248,119,TOWNHOME,1905.0,1,OWNER_OCCUPIED,
U-6IADSMR3Y3B0,CA-WA-00000248,120,TOWNHOME,708.0,1,RENTED,20-3813-958
U-B1844XOYNCHD,CA-WA-00000248,121,TOWNHOME,1132.0,3,OWNER_OCCUPIED,33-1073-694
U-6782DM22P5OM,CA-WA-00000248,122,TOWNHOME,1009.0,4,VACANT,35-8316-542
U-XD03G9S0ID4M,CA-WA-00000248,123,SINGLE_FAMILY,1819.0,4,RENTED,51-2100-162
U-K6JWKDIRQX8I,CA-WA-00000248,124,SINGLE_FAMILY,1688.0,4,OWNER_OCCUPIED,89-2185-523
U-6Z063R6ZKBD2,CA-WA-00000248,125,TOWNHOME,,2,OWNER_OCCUPIED,34-1817-765
U-NAUC2IY3ZEGN,CA-WA-00000248,126,SINGLE_FAMILY,1844.0,2,OWNER_OCCUPIED,71-3199-147
U-OB2EL6WV8JJC,CA-WA-00000248,127,TOWNHOME,729.0,5,OWNER_OCCUPIED,81-3534-830
U-X50DCD2M4VZH,CA-FL-00000249,100,SINGLE_FAMILY,3096.0,2,RENTED,64-2632-329
U-88EVM629NO0E,CA-FL-00000249,101,TOWNHOME,2614.0,4,RENTED,29-6647-661
U-EX9HNWMM7CE5,CA-FL-00000249,102,SINGLE_FAMILY,2112.0,2,RENTED,55-3205-740
U-TERC3A4AAEDP,CA-FL-00000249,103,SINGLE_FAMILY,,4,RENTED,86-4715-315
U-170M5OLATIJ8,CA-FL-00000249,104,TOWNHOME,1555.0,3,RENTED,13-9855-838
U-UD6ZBS2VU42G,CA-FL-00000249,105,TOWNHOME,1832.0,3,OWNER_OCCUPIED,54-8234-881
U-2TZQSXVBXWJV,CA-FL-00000249,106,TOWNHOME,1080.0,3,RENTED,62-2540-916
U-KDM9UW76IEI6,CA-FL-00000249,107,SINGLE_FAMILY,,3,RENTED,82-9050-896
U-5NBSJX4EXTY0,CA-FL-00000249,108,TOWNHOME,1521.0,5,RENTED,54-1832-257
U-7RCF0BVOX0RX,CA-FL-00000249,109,TOWNHOME,2681.0,2,OWNER_OCCUPIED,46-7032-683
U-70BVBGCL4HB2,CA-FL-00000249,110,SINGLE_FAMILY,1048.0,2,OWNER_OCCUPIED,74-4307-774
U-EAAF07Z88PD2,CA-FL-00000249,111,SINGLE_FAMILY,896.0,3,OWNER_OCCUPIED,13-3797-890
U-W9N302VYSSZI,CA-FL-00000249,112,TOWNHOME,2789.0,3,VACANT,66-8433-562
U-5FSTWFP9YKKL,CA-FL-00000249,113,SINGLE_FAMILY,977.0,2,OWNER_OCCUPIED,52-8352-578
U-TGYQXMJSDUD1,CA-FL-00000249,114,SINGLE_FAMILY,2287.0,3,OWNER_OCCUPIED,81-1772-314
U-E605JH0L7V54,CA-FL-00000249,115,TOWNHOME,2396.0,4,RENTED,68-7062-854
U-51IWTO7POJGJ,CA-FL-00000249,116,TOWNHOME,,2,RENTED,77-5456-961
U-LBVIF45TFIAH,CA-FL-00000249,117,TOWNHOME,2356.0,3,OWNER_OCCUPIED,55-2035-357
U-WHBVJSFMW9FE,CA-FL-00000249,118,TOWNHOME,2834.0,2,RENTED,74-1600-777
U-198IH7PMUY4R,CA-FL-00000249,119,SINGLE_FAMILY,1560.0,2,OWNER_OCCUPIED,96-9649-776
U-GPCLTA1DG1AT,CA-FL-00000249,120,TOWNHOME,3177.0,5,RENTED,54-8292-580
U-Z4FG5WL1CUDB,CA-FL-00000249,121,TOWNHOME,3116.0,2,OWNER_OCCUPIED,
U-H51KK1JMPFTK,CA-FL-00000249,122,TOWNHOME,2754.0,3,OWNER_OCCUPIED,78-2805-795
U-OAFKN53B6OJU,CA-FL-00000249,123,SINGLE_FAMILY,2790.0,4,OWNER_OCCUPIED,94-3760-918
U-13W8ZBYZPX2E,CA-FL-00000249,124,TOWNHOME,,5,OWNER_OCCUPIED,
U-P6G3MXAG8AP3,CA-FL-00000249,125,TOWNHOME,2667.0,3,RENTED,70-7242-402
U-KU6M8O3USUBZ,CA-FL-00000249,126,TOWNHOME,1804.0,2,OWNER_OCCUPIED,74-8916-272
U-BHM9Q7FGBFP4,CA-FL-00000249,127,SINGLE_FAMILY,2954.0,2,RENTED,99-2700-124
U-6JMKT3BYZWBA,CA-FL-00000249,128,TOWNHOME,2285.0,4,OWNER_OCCUPIED,56-6814-574
U-YMULT3NQR5O8,CA-FL-00000249,129,TOWNHOME,1480.0,2,OWNER_OCCUPIED,66-3322-912
U-MX89Q40DGVBX,CA-FL-00000249,130,SINGLE_FAMILY,2620.0,3,OWNER_OCCUPIED,96-7751-481
U-S500CJVKC24D,CA-FL-00000249,131,TOWNHOME,2309.0,3,OWNER_OCCUPIED,65-2798-737
U-GR6C28HONHM6,CA-FL-00000249,132,SINGLE_FAMILY,2564.0,2,OWNER_OCCUPIED,18-7062-176
U-N6J6Z2HFVA7Y,CA-FL-00000249,133,SINGLE_FAMILY,2816.0,3,VACANT,55-8791-233
U-QYTN9CJSOB2B,CA-FL-00000249,134,SINGLE_FAMILY,659.0,2,OWNER_OCCUPIED,69-8138-564
U-S2DKR93CVN15,CA-FL-00000249,135,SINGLE_FAMILY,945.0,1,OWNER_OCCUPIED,47-3327-593
U-JKD0W2030BXH,CA-FL-00000249,136,SINGLE_FAMILY,1993.0,3,RENTED,99-3578-986
U-3CZX33J0FWT9,CA-FL-00000249,137,TOWNHOME,3146.0,3,OWNER_OCCUPIED,20-5472-150
U-14HUT4YGQWYS,CA-FL-00000249,138,TOWNHOME,801.0,3,OWNER_OCCUPIED,62-6982-156
U-R84AFFO71T6W,CA-FL-00000249,139,TOWNHOME,2616.0,2,RENTED,82-1481-199
U-1A5XQ3IEC6ON,CA-FL-00000249,140,TOWNHOME,2027.0,2,OWNER_OCCUPIED,89-6757-216
U-8462S0ASRC73,CA-FL-00000249,141,TOWNHOME,1021.0,2,OWNER_OCCUPIED,43-9126-318
U-YURIQZS292T8,CA-FL-00000249,142,SINGLE_FAMILY,1221.0,5,OWNER_OCCUPIED,73-2643-618
U-8PWMTOPSXOYL,CA-FL-00000249,143,SINGLE_FAMILY,1402.0,2,OWNER_OCCUPIED,57-3196-634
U-3HVQ0GM9IDLE,CA-FL-00000249,144,SINGLE_FAMILY,2907.0,3,VACANT,74-4085-246
U-MRFVV1BXTWWM,CA-FL-00000249,145,SINGLE_FAMILY,,1,RENTED,89-4908-853
U-IS19ZXJTL00T,CA-FL-00000249,146,TOWNHOME,2665.0,3,OWNER_OCCUPIED,25-8601-384
U-111CJX2TRX54,CA-FL-00000249,147,TOWNHOME,1667.0,3,OWNER_OCCUPIED,79-2512-542
U-S98G8HKVGEVW,CA-FL-00000249,148,TOWNHOME,2305.0,4,RENTED,30-1266-652
U-H4LNBFL3SI0V,CA-FL-00000249,149,TOWNHOME,2678.0,1,OWNER_OCCUPIED,48-9215-448
U-GUBWL370AZJB,CA-FL-00000249,150,SINGLE_FAMILY,1478.0,2,RENTED,65-2990-146
U-LN6ICOPKMHL5,CA-FL-00000249,151,TOWNHOME,2513.0,3,RENTED,35-9511-512
U-JQU7438Q5QYC,CA-FL-00000249,152,TOWNHOME,2255.0,3,OWNER_OCCUPIED,48-1003-900
U-L9D3BJL76ENA,CA-FL-00000249,153,TOWNHOME,1173.0,1,OWNER_OCCUPIED,23-4648-110
U-T7PN5E65MGL0,CA-FL-00000249,154,SINGLE_FAMILY,1300.0,4,RENTED,30-4282-153
U-E5R3E7RFYUIG,CA-FL-00000249,155,TOWNHOME,2829.0,3,OWNER_OCCUPIED,19-7780-679
U-7EM0V0BNV8F7,CA-FL-00000249,156,SINGLE_FAMILY,938.0,3,VACANT,21-6838-372
U-TYI5OCI9N8UG,CA-FL-00000249,157,TOWNHOME,3021.0,3,OWNER_OCCUPIED,24-6164-279
U-BIHIUQ4TDQVS,CA-FL-00000249,158,TOWNHOME,1393.0,3,RENTED,81-5492-207
U-KCO4GT5T3Q82,CA-FL-00000249,159,TOWNHOME,2072.0,4,OWNER_OCCUPIED,75-4254-372
U-V8LMLP6ZCJ4Q,CA-TX-00000250,100,TOWNHOME,2936.0,3,OWNER_OCCUPIED,87-5862-838
U-ACVX4VB9VIHV,CA-TX-00000250,101,TOWNHOME,1007.0,2,RENTED,40-2461-309
U-K1LD3X9PEKQP,CA-TX-00000250,102,TOWNHOME,1580.0,3,OWNER_OCCUPIED,44-2949-409
U-27Y8PVUW0FGE,CA-TX-00000250,103,SINGLE_FAMILY,835.0,2,OWNER_OCCUPIED,47-5304-325
U-CQ29M5D8U130,CA-TX-00000250,104,TOWNHOME,1240.0,4,OWNER_OCCUPIED,52-8247-835
U-SPJKXV00E796,CA-TX-00000250,105,TOWNHOME,,1,OWNER_OCCUPIED,98-6053-939
U-UX5C0RX73AJ1,CA-TX-00000250,106,TOWNHOME,1955.0,4,OWNER_OCCUPIED,74-9447-436
U-XUIFTH16L1Z0,CA-TX-00000250,107,SINGLE_FAMILY,1759.0,3,RENTED,24-1100-589
U-8RUCX5X3DPAB,CA-TX-00000250,108,SINGLE_FAMILY,2481.0,2,OWNER_OCCUPIED,75-4379-815
U-RD33FF03E1QD,CA-TX-00000250,109,TOWNHOME,2320.0,2,OWNER_OCCUPIED,
U-4ESXNATKRH7D,CA-TX-00000250,110,SINGLE_FAMILY,2177.0,2,RENTED,35-2865-737
U-GKAL7YDU4078,CA-TX-00000250,111,SINGLE_FAMILY,2955.0,2,OWNER_OCCUPIED,77-1814-222
U-AN7TIHNQBVJM,CA-TX-00000250,112,TOWNHOME,968.0,3,OWNER_OCCUPIED,40-9816-366
U-BKPA566KQQHA,CA-TX-00000250,113,SINGLE_FAMILY,2020.0,2,OWNER_OCCUPIED,89-1360-812
U-RHBQZOK0BTCN,CA-TX-00000250,114,TOWNHOME,1913.0,3,RENTED,47-8134-605
U-N9B292SRJ3XT,CA-TX-00000250,115,SINGLE_FAMILY,3187.0,2,RENTED,25-3166-775
U-APYWUCQASAHC,CA-TX-00000250,116,SINGLE_FAMILY,1152.0,2,OWNER_OCCUPIED,96-9158-500
U-1UL5BS5QFY8U,CA-TX-00000250,117,SINGLE_FAMILY,2001.0,4,OWNER_OCCUPIED,58-5993-426
U-6EBQDGWHF200,CA-TX-00000250,118,SINGLE_FAMILY,,3,OWNER_OCCUPIED,56-5150-526
U-HV4N4RQKEPZH,CA-TX-00000250,119,TOWNHOME,,2,OWNER_OCCUPIED,68-4323-970
U-48VJC27B5FD8,CA-TX-00000250,120,TOWNHOME,1323.0,3,OWNER_OCCUPIED,36-6154-707
U-4179NS5JE2AP,CA-TX-00000250,121,TOWNHOME,2766.0,3,RENTED,30-6177-493
U-1Z0G8F6ZMLQO,CA-TX-00000250,122,SINGLE_FAMILY,2716.0,4,OWNER_OCCUPIED,77-7072-121
U-UY0UNCBZISFJ,CA-TX-00000250,123,TOWNHOME,2846.0,3,OWNER_OCCUPIED,69-8553-618
U-JAZMH5AJFI7N,CA-TX-00000250,124,SINGLE_FAMILY,1696.0,4,OWNER_OCCUPIED,22-7471-206
U-OTVJHI3YMK4W,CA-TX-00000250,125,TOWNHOME,1024.0,4,RENTED,69-7187-112
U-MFCKCZ1YFG9L,CA-TX-00000250,126,SINGLE_FAMILY,1932.0,2,OWNER_OCCUPIED,86-3464-224
U-IBESCJ4KP3JH,CA-TX-00000250,127,SINGLE_FAMILY,2499.0,3,OWNER_OCCUPIED,74-2613-753
U-GQAQ5UQAWEM9,CA-TX-00000250,128,SINGLE_FAMILY,,3,RENTED,93-6757-262
U-8UD0IDU065BW,CA-TX-00000250,129,SINGLE_FAMILY,1165.0,3,RENTED,31-2508-814
U-RGX6HVM4BNF5,CA-TX-00000250,130,TOWNHOME,,1,OWNER_OCCUPIED,86-6507-253
U-S567GG6QWM3W,CA-TX-00000250,131,SINGLE_FAMILY,1072.0,4,OWNER_OCCUPIED,44-5736-218
U-7YFVVYZZVV2H,CA-TX-00000250,132,SINGLE_FAMILY,1202.0,2,OWNER_OCCUPIED,67-8048-721
U-U1JLB3WVKDNK,CA-TX-00000250,133,SINGLE_FAMILY,1488.0,2,OWNER_OCCUPIED,49-4591-219
U-M7BPGMD13DKF,CA-TX-00000250,134,SINGLE_FAMILY,1066.0,3,OWNER_OCCUPIED,39-2172-522
U-1B8Y7O2IM44A,CA-TX-00000250,135,SINGLE_FAMILY,1132.0,3,RENTED,44-4635-209
U-3XZB305663EP,CA-TX-00000250,136,TOWNHOME,2567.0,3,OWNER_OCCUPIED,
U-N912AYXTGVP4,CA-TX-00000250,137,SINGLE_FAMILY,984.0,2,RENTED,73-2404-519
U-35I9L7G9MCOP,CA-TX-00000250,138,SINGLE_FAMILY,832.0,2,RENTED,28-4245-978
U-XYB9F2KOLTHG,CA-TX-00000250,139,TOWNHOME,1641.0,2,RENTED,99-4972-802
U-04FP7ATW4NOK,CA-TX-00000250,140,TOWNHOME,2774.0,3,VACANT,20-7872-878
U-MHTOSC2E8CX2,CA-TX-00000250,141,TOWNHOME,1970.0,2,RENTED,22-7596-614
U-BVHT7XG0QNSD,CA-TX-00000250,142,SINGLE_FAMILY,3123.0,2,RENTED,95-6503-930
U-0VAAX73U3NEI,CA-TX-00000250,143,TOWNHOME,1527.0,1,RENTED,18-5779-673
U-APPSOKTH1ZRM,CA-TX-00000250,144,TOWNHOME,1472.0,2,OWNER_OCCUPIED,36-2902-806
U-6VJM2XD1AJ05,CA-TX-00000250,145,TOWNHOME,1335.0,3,RENTED,70-7196-770
U-SM5ZQ30DCSHK,CA-TX-00000250,146,TOWNHOME,2062.0,2,OWNER_OCCUPIED,63-6198-238
U-V9WS4VOKJA6Z,CA-TX-00000250,147,SINGLE_FAMILY,3086.0,3,OWNER_OCCUPIED,99-8394-436
U-6TIDFXYBMJW1,CA-TX-00000250,148,TOWNHOME,662.0,2,RENTED,93-3940-372
U-HQGJ52KLYSU1,CA-TX-00000250,149,TOWNHOME,1214.0,2,OWNER_OCCUPIED,64-5496-507
U-CFG3HZY7ZX0C,CA-TX-00000250,150,TOWNHOME,1926.0,3,OWNER_OCCUPIED,23-1910-155
U-CTV8KJ236PDD,CA-TX-00000250,151,SINGLE_FAMILY,1755.0,5,RENTED,63-4292-859
U-K46QJKFCE7R9,CA-TX-00000250,152,SINGLE_FAMILY,1617.0,3,OWNER_OCCUPIED,13-3914-605
U-AIK8TIUHR97F,CA-TX-00000250,153,TOWNHOME,884.0,2,OWNER_OCCUPIED,
U-C9LW5FDU68QF,CA-TX-00000250,154,SINGLE_FAMILY,1605.0,2,VACANT,75-1860-977
U-Z9V6UTIXNWAT,CA-TX-00000250,155,SINGLE_FAMILY,685.0,3,VACANT,90-1004-524
U-WMOGPLDJ4V68,CA-TX-00000250,156,TOWNHOME,,3,OWNER_OCCUPIED,93-6654-336
U-34B3567KQFBG,CA-TX-00000250,157,SINGLE_FAMILY,3058.0,2,RENTED,53-4869-158
U-SONGH3DCR45O,CA-TX-00000250,158,SINGLE_FAMILY,783.0,4,OWNER_OCCUPIED,74-1765-795
U-KEKG111BUVUY,CA-FL-00000251,100,SINGLE_FAMILY,1700.0,2,RENTED,37-4858-823
U-K09NWNWI6JY4,CA-FL-00000251,101,TOWNHOME,2555.0,2,OWNER_OCCUPIED,99-7277-264
U-ZEVGS8FOURBD,CA-FL-00000251,102,SINGLE_FAMILY,2116.0,3,VACANT,33-2609-598
U-1XYMTD8M8Z4M,CA-FL-00000251,103,SINGLE_FAMILY,,4,RENTED,81-2110-912
U-QGK3DBXR2DO9,CA-FL-00000251,104,SINGLE_FAMILY,2083.0,2,RENTED,36-6253-702
U-L2H1LHLUL487,CA-FL-00000251,105,SINGLE_FAMILY,,1,OWNER_OCCUPIED,82-2467-751
U-PRSQBTQ0TYRE,CA-FL-00000251,106,SINGLE_FAMILY,1419.0,3,OWNER_OCCUPIED,55-1921-250
U-5BT6LLFVLDYV,CA-FL-00000251,107,SINGLE_FAMILY,931.0,3,OWNER_OCCUPIED,81-8160-126
U-999TMVTZJ7KY,CA-FL-00000251,108,TOWNHOME,1486.0,3,RENTED,90-7152-184
U-HI8IBVG5SOS1,CA-FL-00000251,109,TOWNHOME,1880.0,2,RENTED,38-1389-115
U-CG26JULD8E0I,CA-FL-00000251,110,TOWNHOME,719.0,3,OWNER_OCCUPIED,16-5245-462
U-DAXOQONOURYZ,CA-FL-00000251,111,SINGLE_FAMILY,1125.0,3,OWNER_OCCUPIED,98-3560-778
U-VV1Z696R2W36,CA-FL-00000251,112,TOWNHOME,,2,RENTED,52-8092-619
U-XEMTWKUEAPWR,CA-FL-00000251,113,TOWNHOME,,4,VACANT,78-8517-780
U-49RQC7SEDIWZ,CA-FL-00000251,114,TOWNHOME,2275.0,3,OWNER_OCCUPIED,28-7327-832
U-DQYOY4M0AOCF,CA-FL-00000251,115,SINGLE_FAMILY,1388.0,4,OWNER_OCCUPIED,84-2944-154
U-LMNP55U29576,CA-FL-00000251,116,SINGLE_FAMILY,2419.0,4,OWNER_OCCUPIED,41-9425-596
U-WUD06M0FXXDP,CA-FL-00000251,117,SINGLE_FAMILY,874.0,5,OWNER_OCCUPIED,91-7974-540
U-41ZFZYKZQY4I,CA-TX-00000252,100,SINGLE_FAMILY,1661.0,2,OWNER_OCCUPIED,59-6189-518
U-2Y4URUDEWD5A,CA-TX-00000252,101,TOWNHOME,2989.0,2,RENTED,59-5049-354
U-642IQEG4DCPH,CA-TX-00000252,102,TOWNHOME,1592.0,2,RENTED,63-4063-350
U-VNYBOKMY5TUJ,CA-TX-00000252,103,SINGLE_FAMILY,2169.0,3,OWNER_OCCUPIED,70-3656-542
U-EA6T6PPYXR8P,CA-TX-00000252,104,TOWNHOME,827.0,4,OWNER_OCCUPIED,62-4658-631
U-GMPCPI5SDMAN,CA-TX-00000252,105,SINGLE_FAMILY,,3,OWNER_OCCUPIED,98-5454-709
U-3N53ZBG3W7IM,CA-TX-00000252,106,SINGLE_FAMILY,2500.0,3,OWNER_OCCUPIED,22-4689-159
U-NNDK5VXRYPR1,CA-TX-00000252,107,SINGLE_FAMILY,1269.0,3,RENTED,63-8698-907
U-JE6H6B2HF5QQ,CA-TX-00000252,108,TOWNHOME,2986.0,5,VACANT,52-6807-925
U-DYJIOAQBZ5X0,CA-TX-00000252,109,SINGLE_FAMILY,2804.0,2,OWNER_OCCUPIED,32-9035-237
U-O53WDM3BLM5K,CA-TX-00000252,110,TOWNHOME,1137.0,2,OWNER_OCCUPIED,49-3088-255
U-4F2CGNK3Y8IO,CA-TX-00000252,111,SINGLE_FAMILY,1339.0,3,VACANT,17-8321-955
U-VZ2FRKT41DES,CA-TX-00000252,112,SINGLE_FAMILY,2221.0,2,RENTED,13-8871-121
U-62BLKDIMX4TW,CA-TX-00000252,113,SINGLE_FAMILY,,3,OWNER_OCCUPIED,19-9787-845
U-HE54K0PFLWX1,CA-TX-00000252,114,TOWNHOME,1971.0,2,RENTED,70-7940-774
U-ODKOWPB2SLCR,CA-TX-00000252,115,TOWNHOME,1351.0,5,VACANT,71-9766-553
U-M612ZQOJWY53,CA-TX-00000252,116,TOWNHOME,1690.0,4,OWNER_OCCUPIED,67-9400-870
U-OLMMAFQTDCZ9,CA-TX-00000252,117,SINGLE_FAMILY,784.0,3,OWNER_OCCUPIED,62-7841-686
U-5W2CRB4K2C4A,CA-TX-00000252,118,TOWNHOME,,3,VACANT,62-9071-851
U-N460NT9U4YPJ,CA-TX-00000252,119,TOWNHOME,1809.0,2,RENTED,92-8960-548
U-I4E3J7EVQ563,CA-TX-00000252,120,TOWNHOME,2844.0,5,RENTED,54-9741-847
U-LB39MEWMPU7G,CA-TX-00000252,121,TOWNHOME,1012.0,5,OWNER_OCCUPIED,
U-ID5R6D3U98Y9,CA-TX-00000252,122,SINGLE_FAMILY,780.0,3,OWNER_OCCUPIED,78-8732-923
U-SVXC0FOOIHZ2,CA-TX-00000252,123,TOWNHOME,875.0,2,OWNER_OCCUPIED,76-7335-835
U-CP6L5I7PX5AH,CA-TX-00000252,124,TOWNHOME,2425.0,3,OWNER_OCCUPIED,61-2687-644
U-CWFG2D45MC39,CA-TX-00000252,125,TOWNHOME,1191.0,3,RENTED,75-7886-602
U-03V9SQQ8WII5,CA-TX-00000252,126,TOWNHOME,2793.0,2,OWNER_OCCUPIED,40-3738-237
U-XQ8AIC1PFS6B,CA-TX-00000252,127,TOWNHOME,1008.0,3,OWNER_OCCUPIED,99-2383-984
U-0JQR9FVW5EMH,CA-TX-00000252,128,TOWNHOME,1862.0,5,OWNER_OCCUPIED,15-7817-194
U-51PWBSGZLLLR,CA-TX-00000252,129,TOWNHOME,3090.0,2,RENTED,56-8755-388
U-D7V6KLPGXD9A,CA-TX-00000252,130,SINGLE_FAMILY,1697.0,1,OWNER_OCCUPIED,85-2722-220
U-6PEE3CD9YTUI,CA-TX-00000252,131,SINGLE_FAMILY,1241.0,2,RENTED,64-5915-303
U-LJJGYN7GII57,CA-TX-00000252,132,TOWNHOME,3179.0,5,OWNER_OCCUPIED,35-1438-522
U-HGUTER5MX3ID,CA-TX-00000252,133,SINGLE_FAMILY,1810.0,2,OWNER_OCCUPIED,11-7599-180
U-BS7KCTVR2EI6,CA-TX-00000252,134,TOWNHOME,1804.0,2,RENTED,80-1231-892
U-D97EDP2ZZON6,CA-TX-00000252,135,TOWNHOME,1517.0,4,RENTED,33-4666-609
U-BU32KG7EFPTS,CA-TX-00000252,136,SINGLE_FAMILY,2217.0,3,OWNER_OCCUPIED,11-3175-520
U-6E1UFOJYOHTB,CA-TX-00000252,137,TOWNHOME,1773.0,3,OWNER_OCCUPIED,64-5943-402
U-QUJWOYGH5LRU,CA-TX-00000252,138,TOWNHOME,1852.0,2,OWNER_OCCUPIED,45-1549-826
U-QE061Q7E4XXJ,CA-TX-00000252,139,SINGLE_FAMILY,1546.0,5,OWNER_OCCUPIED,40-3247-745
U-GXQM5NEGMT9Y,CA-TX-00000252,140,SINGLE_FAMILY,2144.0,1,VACANT,91-4112-482
U-AMIEOKQIMPDC,CA-TX-00000252,141,SINGLE_FAMILY,2058.0,3,OWNER_OCCUPIED,
U-4S5D2BLSMG0I,CA-TX-00000252,142,TOWNHOME,3146.0,3,RENTED,19-6633-278
U-KSTA1HO5JSCY,CA-TX-00000252,143,SINGLE_FAMILY,2176.0,2,RENTED,97-9306-109
U-DG59ITNRMGN7,CA-TX-00000252,144,TOWNHOME,1290.0,3,OWNER_OCCUPIED,16-1969-352
U-GU7TPT36LLXC,CA-TX-00000252,145,SINGLE_FAMILY,2525.0,3,RENTED,36-9105-844
U-120VB2ZMI5E4,CA-TX-00000252,146,SINGLE_FAMILY,,1,OWNER_OCCUPIED,73-5356-454
U-V1XDTCE4LSLV,CA-TX-00000252,147,TOWNHOME,1616.0,5,OWNER_OCCUPIED,23-9445-863
U-KRAY9Z63JCVG,CA-TX-00000252,148,SINGLE_FAMILY,952.0,1,OWNER_OCCUPIED,43-7849-984
U-0F963KGJBCDZ,CA-TX-00000252,149,SINGLE_FAMILY,2369.0,3,RENTED,41-3817-441
U-E4WWOPZQVARJ,CA-TX-00000252,150,SINGLE_FAMILY,,2,OWNER_OCCUPIED,
U-WOME27A838GM,CA-TX-00000252,151,SINGLE_FAMILY,1599.0,3,OWNER_OCCUPIED,61-9984-691
U-KCETS0MYN8X3,CA-TX-00000252,152,SINGLE_FAMILY,3178.0,4,OWNER_OCCUPIED,27-7360-523
U-73K8RT6U1CCX,CA-TX-00000252,153,TOWNHOME,1815.0,4,OWNER_OCCUPIED,19-9854-597
U-TM4A4V7WWSQ4,CA-TX-00000252,154,TOWNHOME,1932.0,3,OWNER_OCCUPIED,
U-6X92K4DK9A7X,CA-TX-00000252,155,SINGLE_FAMILY,2277.0,3,OWNER_OCCUPIED,21-4418-694
U-TNPAWWLKLB1T,CA-TX-00000252,156,TOWNHOME,919.0,2,OWNER_OCCUPIED,29-4542-833
U-I0R35BKMO9PF,CA-TX-00000252,157,TOWNHOME,1491.0,1,VACANT,20-4744-216
U-CNVFRL4T8QFM,CA-TX-00000252,158,SINGLE_FAMILY,1436.0,2,OWNER_OCCUPIED,44-9097-428
U-CX7WVEMH8C4A,CA-TX-00000252,159,SINGLE_FAMILY,2872.0,3,OWNER_OCCUPIED,64-2563-884
U-5K3RW3BFPM5A,CA-FL-00000253,100,TOWNHOME,1389.0,3,OWNER_OCCUPIED,
U-RYQ3PXC23ZFI,CA-FL-00000253,101,SINGLE_FAMILY,2999.0,4,OWNER_OCCUPIED,16-3855-918
U-SI5JAN6CMAP6,CA-FL-00000253,102,SINGLE_FAMILY,2188.0,2,OWNER_OCCUPIED,41-7892-625
U-VII25SHYH72E,CA-FL-00000253,103,SINGLE_FAMILY,966.0,3,OWNER_OCCUPIED,37-3821-931
U-WY27L6Q6AL1A,CA-FL-00000253,104,TOWNHOME,3130.0,3,RENTED,68-2975-167
U-ZH4OY32RYIN7,CA-FL-00000253,105,TOWNHOME,1606.0,2,RENTED,
U-JS3EZWRRTJF0,CA-FL-00000253,106,SINGLE_FAMILY,971.0,5,OWNER_OCCUPIED,90-9904-940
U-RRYKQD06HCKF,CA-FL-00000253,107,TOWNHOME,1603.0,4,RENTED,71-6254-617
U-GMZPWOXPPVKD,CA-FL-00000253,108,TOWNHOME,2989.0,2,OWNER_OCCUPIED,43-3068-507
U-UE06907FBCBZ,CA-FL-00000253,109,TOWNHOME,2041.0,1,RENTED,
U-DHCW36W05GII,CA-FL-00000253,110,SINGLE_FAMILY,2051.0,2,OWNER_OCCUPIED,41-8159-753
U-K074GNRB0IWT,CA-FL-00000253,111,SINGLE_FAMILY,1751.0,2,OWNER_OCCUPIED,46-2509-902
U-WWV596LQ7Y99,CA-FL-00000253,112,SINGLE_FAMILY,1398.0,2,RENTED,40-7388-985
U-747TRPXHNLWW,CA-FL-00000253,113,TOWNHOME,703.0,3,VACANT,45-2832-154
U-FK87ZOP27EXG,CA-FL-00000253,114,TOWNHOME,,3,RENTED,83-1050-255
U-XUX978UTJ064,CA-FL-00000253,115,SINGLE_FAMILY,1305.0,4,OWNER_OCCUPIED,82-1246-755
U-LW8KI36H6OUF,CA-FL-00000253,116,TOWNHOME,2922.0,1,RENTED,75-2750-572
U-GCGFXJWPA6AV,CA-FL-00000253,117,TOWNHOME,2139.0,3,OWNER_OCCUPIED,55-6573-747
U-AK29P18N6UJJ,CA-FL-00000253,118,TOWNHOME,1334.0,2,OWNER_OCCUPIED,84-6373-920
U-I8HKPX41LJBJ,CA-FL-00000253,119,TOWNHOME,3109.0,2,RENTED,74-1832-770
U-PS1Z0JKTJSWM,CA-FL-00000253,120,SINGLE_FAMILY,2667.0,1,OWNER_OCCUPIED,43-5480-858
U-DDRUFIYN48I7,CA-FL-00000253,121,SINGLE_FAMILY,,1,RENTED,53-7702-987
U-O4BSPOONMUNI,CA-FL-00000253,122,TOWNHOME,1856.0,3,OWNER_OCCUPIED,44-3240-632
U-9N03YWK9L0S3,CA-FL-00000253,123,TOWNHOME,1105.0,3,OWNER_OCCUPIED,98-4734-564
U-QIQOXIA6GXNH,CA-FL-00000253,124,SINGLE_FAMILY,940.0,5,OWNER_OCCUPIED,42-8874-578
U-OQ4QAANYVMP9,CA-FL-00000253,125,SINGLE_FAMILY,1792.0,3,RENTED,22-4661-647
U-34ADZQMEDOZZ,CA-FL-00000253,126,SINGLE_FAMILY,2590.0,2,RENTED,33-5251-516
U-CJQA2KIXCWLJ,CA-FL-00000253,127,SINGLE_FAMILY,2723.0,3,RENTED,49-8965-433
U-C1XSS2AHRUOS,CA-FL-00000253,128,SINGLE_FAMILY,1699.0,1,OWNER_OCCUPIED,38-9037-841
U-2YDP2BZY6SWE,CA-FL-00000253,129,TOWNHOME,2097.0,1,OWNER_OCCUPIED,66-3559-774
U-KJE15CAI839H,CA-FL-00000253,130,TOWNHOME,947.0,3,OWNER_OCCUPIED,82-5138-799
U-W5GNKPMGZ3XM,CA-FL-00000253,131,TOWNHOME,1638.0,3,OWNER_OCCUPIED,41-4751-438
U-LZ6IAS4I7Q52,CA-FL-00000253,132,SINGLE_FAMILY,1736.0,3,OWNER_OCCUPIED,49-5940-208
U-R09NJIVZ2GVC,CA-FL-00000253,133,TOWNHOME,1695.0,3,OWNER_OCCUPIED,58-1462-159
U-WBJHHPO91TAX,CA-FL-00000253,134,SINGLE_FAMILY,942.0,2,OWNER_OCCUPIED,19-9098-952
U-NRK7QJ1XGUU1,CA-FL-00000253,135,TOWNHOME,2807.0,4,OWNER_OCCUPIED,89-8924-562
U-TQ7KNT2KAA4Y,CA-FL-00000253,136,SINGLE_FAMILY,1754.0,2,OWNER_OCCUPIED,39-4243-711
U-R7AO7XSAZ7O9,CA-FL-00000253,137,SINGLE_FAMILY,2485.0,3,RENTED,51-4047-665
U-ULEQBSF1QUN0,CA-FL-00000253,138,TOWNHOME,1245.0,2,OWNER_OCCUPIED,33-1608-117
U-SL9KXCIIU3A2,CA-FL-00000253,139,SINGLE_FAMILY,2561.0,2,OWNER_OCCUPIED,25-8584-696
U-A7QMW0DL7VLE,CA-FL-00000253,140,SINGLE_FAMILY,1401.0,3,VACANT,16-7820-731
U-RKETBEOW4Z97,CA-FL-00000253,141,TOWNHOME,808.0,2,OWNER_OCCUPIED,76-7782-270
U-RGKRKANGUN7K,CA-FL-00000253,142,TOWNHOME,2678.0,2,OWNER_OCCUPIED,29-2820-765
U-SP2PYDYT3WXZ,CA-FL-00000253,143,SINGLE_FAMILY,1533.0,1,OWNER_OCCUPIED,42-6581-389
U-BRHPW8KIHP76,CA-FL-00000253,144,TOWNHOME,1972.0,2,OWNER_OCCUPIED,35-4179-449
U-TDU1PN4NKELH,CA-FL-00000253,145,SINGLE_FAMILY,3011.0,4,OWNER_OCCUPIED,43-8640-757
U-2859TD4VZ2FK,CA-FL-00000253,146,SINGLE_FAMILY,2370.0,2,RENTED,50-8281-405
U-Y7MFY4WVX4GC,CA-FL-00000253,147,TOWNHOME,1971.0,2,OWNER_OCCUPIED,16-1513-931
U-ZIL0MOPAN3TS,CA-FL-00000253,148,TOWNHOME,1021.0,2,OWNER_OCCUPIED,12-5042-848
U-ZZGJJGHZCCLI,CA-FL-00000253,149,TOWNHOME,2562.0,4,OWNER_OCCUPIED,97-5590-379
U-GVMJFR49LYUK,CA-FL-00000253,150,TOWNHOME,983.0,3,RENTED,74-4909-730
U-3ZBTZWVWC7O5,CA-FL-00000253,151,TOWNHOME,1908.0,3,OWNER_OCCUPIED,66-1157-606
U-I1MZERYCKB3Z,CA-FL-00000253,152,SINGLE_FAMILY,3070.0,3,OWNER_OCCUPIED,83-2274-293
U-IRK4KP2C377L,CA-FL-00000253,153,SINGLE_FAMILY,3194.0,3,OWNER_OCCUPIED,
U-NNOQ4IXRUI2S,CA-FL-00000253,154,TOWNHOME,1076.0,3,OWNER_OCCUPIED,
U-B11LENF4EPMJ,CA-FL-00000253,155,TOWNHOME,794.0,2,OWNER_OCCUPIED,32-8708-358
U-QKIS0X1PCE3E,CA-FL-00000253,156,TOWNHOME,832.0,2,OWNER_OCCUPIED,41-3063-263
U-H4R0C4PL7MHB,CA-FL-00000253,157,TOWNHOME,681.0,2,OWNER_OCCUPIED,63-1884-327
U-F8HO89D4ZENB,CA-FL-00000253,158,SINGLE_FAMILY,2559.0,3,RENTED,48-9470-238
U-QCSK96X7VQZY,CA-FL-00000253,159,TOWNHOME,878.0,3,RENTED,63-4133-113
U-KCZMPFTBJ0HR,CA-AZ-00000254,100,SINGLE_FAMILY,676.0,2,OWNER_OCCUPIED,44-5440-500
U-GRBVYYMI0V2E,CA-AZ-00000254,101,TOWNHOME,3038.0,3,VACANT,28-1311-641
U-BANNXSTX6Z06,CA-AZ-00000254,102,TOWNHOME,2289.0,3,OWNER_OCCUPIED,
U-HB24DDR3BS62,CA-AZ-00000254,103,SINGLE_FAMILY,1831.0,4,OWNER_OCCUPIED,36-3022-621
U-S9AYLDZ9DNC5,CA-AZ-00000254,104,SINGLE_FAMILY,869.0,1,OWNER_OCCUPIED,68-3320-794
U-D3XOOQL7GH4R,CA-AZ-00000254,105,TOWNHOME,1244.0,2,OWNER_OCCUPIED,82-2095-639
U-YX4TOLPZ4DHG,CA-AZ-00000254,106,SINGLE_FAMILY,1814.0,3,OWNER_OCCUPIED,84-5589-441
U-J3JU46RHF82H,CA-AZ-00000254,107,TOWNHOME,,3,OWNER_OCCUPIED,33-8964-173
U-5JEC3RSEE1S9,CA-AZ-00000254,108,SINGLE_FAMILY,2379.0,4,OWNER_OCCUPIED,60-6597-770
U-KYCGHZ7IPZRV,CA-AZ-00000254,109,TOWNHOME,1765.0,3,OWNER_OCCUPIED,
U-IG0ZV1RBPKZD,CA-AZ-00000254,110,SINGLE_FAMILY,1438.0,1,OWNER_OCCUPIED,54-6563-465
U-QXMTL0O6PZ6L,CA-AZ-00000254,111,TOWNHOME,2702.0,3,OWNER_OCCUPIED,43-4132-927
U-2TJNJ6T0335K,CA-AZ-00000254,112,TOWNHOME,2161.0,2,RENTED,15-8694-206
U-3EOIRWN1V2XY,CA-AZ-00000254,113,TOWNHOME,1123.0,2,OWNER_OCCUPIED,58-6525-451
U-OOU04WELIN3I,CA-AZ-00000254,114,SINGLE_FAMILY,2498.0,4,OWNER_OCCUPIED,41-1317-473
U-E13FGOHB9X4V,CA-AZ-00000254,115,TOWNHOME,826.0,1,RENTED,65-5742-529
U-GHTA3WXVK4N6,CA-AZ-00000254,116,SINGLE_FAMILY,2390.0,4,OWNER_OCCUPIED,29-7209-597
U-TKCE5EO405AI,CA-AZ-00000254,117,SINGLE_FAMILY,2333.0,3,RENTED,73-9626-223
U-RYQ7NEGW0ICT,CA-AZ-00000254,118,SINGLE_FAMILY,1520.0,2,RENTED,35-6447-537
U-8H2Z77HTXNQH,CA-AZ-00000254,119,TOWNHOME,,2,OWNER_OCCUPIED,38-1354-388
U-QB6SMIIHD901,CA-AZ-00000254,120,TOWNHOME,2894.0,1,OWNER_OCCUPIED,20-1417-212
U-K26MEY1V9ZVM,CA-AZ-00000254,121,SINGLE_FAMILY,2913.0,2,RENTED,95-3851-685
U-4PD28GNYLVAF,CA-AZ-00000254,122,TOWNHOME,,2,OWNER_OCCUPIED,39-6627-986
U-HOK2ZVOZEIHV,CA-AZ-00000254,123,SINGLE_FAMILY,1711.0,2,OWNER_OCCUPIED,87-6976-142
U-XVP5LFJ00NEE,CA-AZ-00000254,124,SINGLE_FAMILY,2867.0,4,OWNER_OCCUPIED,32-3931-837
U-CVCH94NSO3FY,CA-AZ-00000254,125,SINGLE_FAMILY,1991.0,3,RENTED,14-8354-801
U-TIK6THT6H3R2,CA-AZ-00000254,126,SINGLE_FAMILY,1442.0,2,OWNER_OCCUPIED,82-3281-619
U-X3HCHCG15DIN,CA-AZ-00000254,127,TOWNHOME,2418.0,2,OWNER_OCCUPIED,29-4821-180
U-TEMWH0ZBHKI7,CA-AZ-00000254,128,SINGLE_FAMILY,790.0,3,OWNER_OCCUPIED,85-1426-205
U-9EE5FVGVL1JL,CA-AZ-00000254,129,TOWNHOME,2768.0,2,OWNER_OCCUPIED,51-1239-526
U-SAKZEDCBT2KJ,CA-AZ-00000254,130,TOWNHOME,2052.0,3,OWNER_OCCUPIED,85-4339-705
U-G32F2AF1U4PN,CA-AZ-00000254,131,SINGLE_FAMILY,1128.0,3,OWNER_OCCUPIED,54-5707-256
U-6NNQ6993B8QA,CA-AZ-00000254,132,TOWNHOME,857.0,2,RENTED,90-7856-841
U-EQ7NMNHOVZ3J,CA-AZ-00000254,133,SINGLE_FAMILY,2411.0,3,OWNER_OCCUPIED,33-4616-752
U-1GJWHQIDGH1R,CA-AZ-00000254,134,TOWNHOME,1421.0,4,OWNER_OCCUPIED,79-8940-142
U-A5Z3FW2VEFNF,CA-AZ-00000254,135,TOWNHOME,1315.0,2,OWNER_OCCUPIED,97-1993-214
U-WPX389YCFW0F,CA-AZ-00000254,136,TOWNHOME,1567.0,2,OWNER_OCCUPIED,71-2437-290
U-B7NVESFED857,CA-AZ-00000254,137,SINGLE_FAMILY,889.0,2,RENTED,80-4222-475
U-X6VYN0LJ6P1A,CA-AZ-00000254,138,TOWNHOME,1340.0,3,OWNER_OCCUPIED,74-5886-379
U-DOCDPGSK6L0Q,CA-AZ-00000254,139,TOWNHOME,2389.0,2,OWNER_OCCUPIED,12-5836-230
U-HA50BQLQFCR3,CA-AZ-00000254,140,SINGLE_FAMILY,2054.0,2,OWNER_OCCUPIED,23-9370-692
U-IK9PFK0G27Y6,CA-AZ-00000254,141,TOWNHOME,1280.0,2,RENTED,95-6808-884
U-IA8R4S8TJ1GX,CA-AZ-00000254,142,TOWNHOME,,1,OWNER_OCCUPIED,82-6244-293
U-A0HA7X1BSG4I,CA-AZ-00000254,143,SINGLE_FAMILY,1501.0,3,OWNER_OCCUPIED,19-4206-102
U-1M9MK1OP4VG6,CA-AZ-00000254,144,SINGLE_FAMILY,860.0,3,VACANT,41-4728-913
U-CQYRDNR2AJUO,CA-AZ-00000254,145,TOWNHOME,1528.0,5,OWNER_OCCUPIED,97-1496-103
U-N88JJT4OS073,CA-AZ-00000254,146,TOWNHOME,1394.0,2,RENTED,96-1265-851
U-13WFR30JAG17,CA-AZ-00000254,147,TOWNHOME,1268.0,3,RENTED,31-5794-920
U-D143XN6J5KHF,CA-AZ-00000254,148,TOWNHOME,,4,OWNER_OCCUPIED,78-1653-434
U-CINTNDTLW8ZI,CA-AZ-00000254,149,TOWNHOME,2226.0,3,RENTED,45-6881-602
U-UZY8BD6NNAQA,CA-AZ-00000254,150,TOWNHOME,2316.0,2,VACANT,74-8275-411
U-KWFABPX6O86O,CA-AZ-00000254,151,SINGLE_FAMILY,2621.0,2,OWNER_OCCUPIED,19-1307-235
U-4JXETZURBEQZ,CA-AZ-00000254,152,SINGLE_FAMILY,1942.0,4,OWNER_OCCUPIED,59-9618-105
U-XKN6UEGK2VKG,CA-AZ-00000254,153,SINGLE_FAMILY,2505.0,1,VACANT,26-7816-897
U-PV779GS20MKP,CA-AZ-00000254,154,TOWNHOME,3190.0,2,RENTED,95-9076-465
U-KAI84UZAHLQR,CA-AZ-00000254,155,TOWNHOME,3081.0,3,VACANT,76-8563-814
U-4XEDS9JUDPLW,CA-AZ-00000254,156,SINGLE_FAMILY,2246.0,3,OWNER_OCCUPIED,32-4998-704
U-J4CDYKG6UAZK,CA-AZ-00000254,157,SINGLE_FAMILY,2001.0,2,OWNER_OCCUPIED,86-4032-173
U-HLGMOTNG0AC6,CA-AZ-00000254,158,TOWNHOME,1668.0,3,RENTED,86-4457-769
U-91QD8KLPF3NC,CA-AZ-00000254,159,TOWNHOME,1872.0,2,RENTED,62-7650-900
U-E98C5ZP6OCYX,CA-CA-00000255,100,TOWNHOME,2283.0,2,OWNER_OCCUPIED,19-5078-537
U-2HMJRQ8WUTJ9,CA-CA-00000255,101,SINGLE_FAMILY,1046.0,5,OWNER_OCCUPIED,82-4870-947
U-96BIG3TBA9RC,CA-CA-00000255,102,SINGLE_FAMILY,,2,OWNER_OCCUPIED,67-6105-391
U-FNK47P77W9EI,CA-CA-00000255,103,TOWNHOME,2130.0,2,OWNER_OCCUPIED,94-5184-652
U-Z98R6BQIMYB5,CA-CA-00000255,104,SINGLE_FAMILY,870.0,2,OWNER_OCCUPIED,71-9031-259
U-8YYABXJ7XOJM,CA-CA-00000255,105,SINGLE_FAMILY,2436.0,2,RENTED,79-2481-677
U-WOGIRBP1NH2W,CA-CA-00000255,106,TOWNHOME,1437.0,3,OWNER_OCCUPIED,52-6113-655
U-345AS5E1KKXV,CA-CA-00000255,107,TOWNHOME,1948.0,2,OWNER_OCCUPIED,
U-N7WNFGM9J95Z,CA-CA-00000255,108,SINGLE_FAMILY,3022.0,3,RENTED,76-1430-209
U-IX2TUXPZJFXL,CA-CA-00000255,109,TOWNHOME,,2,OWNER_OCCUPIED,57-9806-926
U-2T6UL0W9AWVN,CA-CA-00000255,110,TOWNHOME,1649.0,2,OWNER_OCCUPIED,46-2128-323
U-UZ6W5LQRWFV2,CA-CA-00000255,111,TOWNHOME,2305.0,4,RENTED,
U-DMZUH1IPDLR0,CA-CA-00000255,112,TOWNHOME,1953.0,2,OWNER_OCCUPIED,89-2501-658
U-AHI0718QS8A3,CA-CA-00000255,113,SINGLE_FAMILY,1437.0,3,OWNER_OCCUPIED,46-7701-598
U-60U52W1V6RY6,CA-CA-00000255,114,SINGLE_FAMILY,855.0,2,OWNER_OCCUPIED,71-9296-901
U-U4K09XBIXOYF,CA-FL-00000256,14C,CONDO_UNIT,2848.0,2,OWNER_OCCUPIED,37-5382-883
U-CP2HFYOZ4UD0,CA-FL-00000256,25E,CONDO_UNIT,1273.0,2,OWNER_OCCUPIED,41-3566-453
U-MA51P4SCAO5L,CA-FL-00000256,4G,CONDO_UNIT,2303.0,2,RENTED,99-3633-602
U-D9PT9OFIVPA1,CA-FL-00000256,29F,CONDO_UNIT,2536.0,2,RENTED,13-4775-673
U-VFZ984YW528P,CA-FL-00000256,6C,CONDO_UNIT,1920.0,2,OWNER_OCCUPIED,24-5866-808
U-3NZT0BXG9ZRX,CA-FL-00000256,32F,CONDO_UNIT,1031.0,2,VACANT,73-5277-555
U-OF4N29O56ESJ,CA-FL-00000256,17B,CONDO_UNIT,2921.0,2,OWNER_OCCUPIED,28-9263-544
U-SVCP7EJK0POY,CA-FL-00000256,36G,CONDO_UNIT,2442.0,4,OWNER_OCCUPIED,43-2307-238
U-UL0V0JLP4QIE,CA-FL-00000256,38E,CONDO_UNIT,2147.0,2,OWNER_OCCUPIED,42-5715-212
U-XMPQBXT2OMW3,CA-FL-00000256,37A,CONDO_UNIT,1840.0,3,OWNER_OCCUPIED,68-5678-422
U-6JI6J5B7WLT0,CA-FL-00000256,26F,CONDO_UNIT,,2,VACANT,69-1679-819
U-Q77MTEJBJXVH,CA-FL-00000256,35B,CONDO_UNIT,1866.0,2,OWNER_OCCUPIED,24-6203-390
U-GKAWHIQ90J0Z,CA-FL-00000256,4G,CONDO_UNIT,1065.0,3,OWNER_OCCUPIED,42-7094-350
U-3Q8EUK9Y43P9,CA-FL-00000256,27C,CONDO_UNIT,794.0,4,OWNER_OCCUPIED,74-5260-353
U-WQ6TYE52ZAE9,CA-FL-00000256,5D,CONDO_UNIT,1287.0,5,OWNER_OCCUPIED,78-7971-236
U-H9NM1QHX2D5P,CA-FL-00000256,6D,CONDO_UNIT,1113.0,2,OWNER_OCCUPIED,78-5091-549
U-HIPC5TXENQ9N,CA-FL-00000256,26C,CONDO_UNIT,1618.0,4,OWNER_OCCUPIED,20-2540-441
U-ANU3EC5OQ42S,CA-FL-00000256,2H,CONDO_UNIT,,3,VACANT,45-8402-683
U-6T1L9AY2D618,CA-FL-00000256,26G,CONDO_UNIT,1269.0,4,OWNER_OCCUPIED,
U-9TOGO54D40SQ,CA-FL-00000256,35A,CONDO_UNIT,,1,OWNER_OCCUPIED,80-7090-479
U-RTHLSPD0MML3,CA-FL-00000256,11E,CONDO_UNIT,3100.0,2,OWNER_OCCUPIED,
U-RW81415FTJRD,CA-FL-00000256,28D,CONDO_UNIT,2042.0,3,VACANT,63-7462-505
U-YJO8HTN9W0MP,CA-FL-00000256,15D,CONDO_UNIT,891.0,2,RENTED,80-4821-316
U-DK7LWMJH9TBJ,CA-FL-00000256,19H,CONDO_UNIT,883.0,3,OWNER_OCCUPIED,84-2518-321
U-U7JASSGQFZS6,CA-FL-00000256,2A,CONDO_UNIT,2679.0,2,OWNER_OCCUPIED,86-3616-332
U-KHYE1L617Z2F,CA-FL-00000256,21F,CONDO_UNIT,1973.0,3,OWNER_OCCUPIED,26-2926-414
U-Y9ENLKK3X1V4,CA-FL-00000256,8A,CONDO_UNIT,1805.0,3,OWNER_OCCUPIED,64-1413-287
U-AAT0EJ8EHD29,CA-FL-00000256,37G,CONDO_UNIT,1620.0,3,OWNER_OCCUPIED,45-4642-779
U-MNCF19N24KGQ,CA-FL-00000256,36E,CONDO_UNIT,2943.0,2,VACANT,83-8834-521
U-PPYR4P6DHE5H,CA-FL-00000256,24E,CONDO_UNIT,2119.0,3,RENTED,27-7327-997
U-XSDI55EKNN4U,CA-FL-00000256,36C,CONDO_UNIT,1870.0,3,OWNER_OCCUPIED,41-8999-630
U-A3FM1CI70H44,CA-VA-00000257,7C,CONDO_UNIT,2618.0,3,OWNER_OCCUPIED,35-7459-884
U-ANDGYX533MLX,CA-VA-00000257,3B,CONDO_UNIT,2509.0,2,RENTED,96-2726-900
U-U3RQ5N0LQ2JR,CA-VA-00000257,33C,CONDO_UNIT,851.0,2,OWNER_OCCUPIED,78-3150-154
U-3RPJ4T5GCOGV,CA-VA-00000257,32C,CONDO_UNIT,2277.0,4,RENTED,11-4674-918
U-R16IPP592X57,CA-VA-00000257,21B,CONDO_UNIT,,3,OWNER_OCCUPIED,58-5003-229
U-8DT47K2B5WPS,CA-VA-00000257,19C,CONDO_UNIT,3066.0,3,RENTED,87-7331-236
U-6G9NKSP2ID5W,CA-VA-00000257,12D,CONDO_UNIT,1025.0,4,OWNER_OCCUPIED,10-4620-611
U-RRS7HNVX9LWT,CA-VA-00000257,36A,CONDO_UNIT,2280.0,1,OWNER_OCCUPIED,64-1355-829
U-KMIL3BKFSEF4,CA-VA-00000257,10C,CONDO_UNIT,2017.0,3,OWNER_OCCUPIED,79-4516-194
U-GFZKN1W46OS4,CA-VA-00000257,23H,CONDO_UNIT,3121.0,3,OWNER_OCCUPIED,88-9637-221
U-BMEVM7FXRQ6F,CA-VA-00000257,9A,CONDO_UNIT,2504.0,3,OWNER_OCCUPIED,60-6191-670
U-7WUZEPD83RI7,CA-VA-00000257,40B,CONDO_UNIT,2690.0,1,OWNER_OCCUPIED,56-6315-959
U-A772UEKKIVM6,CA-VA-00000257,39H,CONDO_UNIT,1710.0,2,OWNER_OCCUPIED,30-5816-956
U-TGONYDBDX6X0,CA-VA-00000257,2A,CONDO_UNIT,657.0,3,VACANT,20-2091-144
U-Y94FMD89BVUU,CA-VA-00000257,13E,CONDO_UNIT,1350.0,2,OWNER_OCCUPIED,24-6979-245
U-ESJWQPWDF3F0,CA-VA-00000257,8E,CONDO_UNIT,3133.0,3,OWNER_OCCUPIED,72-4553-640
U-61K1KE9AHIM9,CA-VA-00000257,22C,CONDO_UNIT,2918.0,4,OWNER_OCCUPIED,45-7462-943
U-SBNB5TUKY1ZT,CA-VA-00000257,8D,CONDO_UNIT,1638.0,4,OWNER_OCCUPIED,52-1847-208
U-LROCHLOB80BE,CA-VA-00000257,12F,CONDO_UNIT,988.0,2,OWNER_OCCUPIED,75-8821-372
U-JX9YSRK4VWR7,CA-VA-00000257,6C,CONDO_UNIT,,3,RENTED,97-4372-253
U-1HJ2AHT1A52C,CA-VA-00000257,17A,CONDO_UNIT,2818.0,2,OWNER_OCCUPIED,24-4029-383
U-1OBBX9VAKHWG,CA-VA-00000257,21E,CONDO_UNIT,853.0,2,OWNER_OCCUPIED,67-1815-848
U-PYLUPQL3DH5D,CA-VA-00000257,34E,CONDO_UNIT,2168.0,2,RENTED,86-5772-406
U-ET74E2C0WMDE,CA-VA-00000257,27F,CONDO_UNIT,1391.0,4,RENTED,20-7777-148
U-35F6S7PFRPF6,CA-VA-00000257,35G,CONDO_UNIT,2821.0,4,OWNER_OCCUPIED,42-7987-232
U-18L3WGWDD945,CA-VA-00000257,12G,CONDO_UNIT,765.0,3,OWNER_OCCUPIED,55-4647-469
U-ZJ3V62DERAVL,CA-VA-00000257,33H,CONDO_UNIT,2980.0,4,VACANT,82-6929-207
U-M06PEXI4APSY,CA-VA-00000257,34D,CONDO_UNIT,3040.0,2,OWNER_OCCUPIED,37-7060-165
U-67D2AZQQGCDH,CA-VA-00000257,15D,CONDO_UNIT,2260.0,3,OWNER_OCCUPIED,61-1671-447
U-5GA83U8YSHR9,CA-VA-00000257,32B,CONDO_UNIT,1476.0,2,OWNER_OCCUPIED,14-1905-381
U-KQ4ONNT8R2ZX,CA-VA-00000257,6F,CONDO_UNIT,1969.0,4,RENTED,76-9387-587
U-LFH3TBUE1TTJ,CA-VA-00000257,2G,CONDO_UNIT,763.0,2,OWNER_OCCUPIED,98-3577-417
U-6TB0I1KU69FR,CA-VA-00000257,25C,CONDO_UNIT,3186.0,1,RENTED,31-2764-109
U-QETGIEWI13TV,CA-VA-00000257,14H,CONDO_UNIT,1651.0,2,OWNER_OCCUPIED,
U-H002YNGHZQZK,CA-VA-00000257,21C,CONDO_UNIT,2880.0,2,RENTED,61-4434-300
U-ABJEL7AQFKAH,CA-VA-00000257,40G,CONDO_UNIT,3135.0,2,OWNER_OCCUPIED,36-9175-453
U-F4H5TKV25WUM,CA-VA-00000257,4C,CONDO_UNIT,904.0,1,OWNER_OCCUPIED,45-5287-585
U-27VPEZ0AT3Z4,CA-VA-00000257,22C,CONDO_UNIT,3091.0,3,VACANT,11-7358-972
U-VN1WHPPVXCWO,CA-VA-00000257,13D,CONDO_UNIT,2350.0,2,VACANT,37-1887-823
U-WYPAE9E62PO1,CA-VA-00000257,14G,CONDO_UNIT,2694.0,3,VACANT,16-2659-316
U-45ZXTV7YPIBX,CA-VA-00000257,36A,CONDO_UNIT,2635.0,3,RENTED,56-9192-207
U-M2E738KO2I0C,CA-VA-00000257,35C,CONDO_UNIT,2405.0,3,OWNER_OCCUPIED,14-9956-456
U-FJX1X19RA1U5,CA-VA-00000257,36B,CONDO_UNIT,2851.0,1,RENTED,53-7597-759
U-5ZSRMML84SV8,CA-VA-00000257,25H,CONDO_UNIT,1783.0,5,OWNER_OCCUPIED,87-7542-545
U-MF01M0WESLLT,CA-VA-00000257,30G,CONDO_UNIT,2565.0,2,OWNER_OCCUPIED,16-6714-101
U-33D2ESX98GST,CA-VA-00000257,1F,CONDO_UNIT,2293.0,3,OWNER_OCCUPIED,
U-63M9P5AF0CYW,CA-VA-00000257,39G,CONDO_UNIT,703.0,1,OWNER_OCCUPIED,80-3360-791
U-EDUH5PNKI9U6,CA-VA-00000257,28E,CONDO_UNIT,1510.0,2,RENTED,42-2111-420
U-UNPPUYXPZNOY,CA-VA-00000257,27A,CONDO_UNIT,,2,OWNER_OCCUPIED,73-9545-862
U-YMPKHHAFQSVZ,CA-VA-00000257,20F,CONDO_UNIT,2443.0,2,OWNER_OCCUPIED,59-4326-696
U-D2F0169OLUUC,CA-VA-00000257,37G,CONDO_UNIT,3012.0,3,OWNER_OCCUPIED,77-5870-569
U-AI9B8M875EQO,CA-VA-00000257,35B,CONDO_UNIT,1804.0,3,RENTED,12-3282-704
U-DIESHWU68S01,CA-VA-00000257,20B,CONDO_UNIT,2154.0,1,OWNER_OCCUPIED,71-7317-345
U-K32E8CVVTTCO,CA-VA-00000257,36B,CONDO_UNIT,2521.0,2,OWNER_OCCUPIED,63-3721-233
U-GJHNW7M80XLH,CA-VA-00000257,28B,CONDO_UNIT,1462.0,3,RENTED,62-1212-443
U-BHWYKEIJ1OP7,CA-VA-00000257,32E,CONDO_UNIT,2703.0,1,OWNER_OCCUPIED,10-9800-602
U-SG2K14LBJIB3,CA-VA-00000257,30G,CONDO_UNIT,2477.0,1,OWNER_OCCUPIED,13-4919-701
U-QEW8CBN525JN,CA-VA-00000257,21B,CONDO_UNIT,3157.0,1,OWNER_OCCUPIED,95-8606-254
U-LP9P5XS81WC0,CA-VA-00000257,13B,CONDO_UNIT,,3,OWNER_OCCUPIED,17-6211-887
U-1I1NEUS5BKZK,CA-VA-00000257,16G,CONDO_UNIT,1802.0,1,OWNER_OCCUPIED,73-4215-974
U-3Q89S9WYUFEN,CA-NY-00000258,19A,CONDO_UNIT,,4,RENTED,30-5700-522
U-3LTABNWH98ER,CA-NY-00000258,1G,CONDO_UNIT,1799.0,3,OWNER_OCCUPIED,21-5739-382
U-6OCCH9KBG771,CA-NY-00000258,24D,CONDO_UNIT,2717.0,1,OWNER_OCCUPIED,26-7888-942
U-VROBYJ7F3JVN,CA-NY-00000258,23E,CONDO_UNIT,3011.0,2,VACANT,17-8160-900
U-IWFA5YSIZSXS,CA-NY-00000258,5F,CONDO_UNIT,2708.0,3,OWNER_OCCUPIED,32-6163-882
U-81WAM0AMOQ0E,CA-NY-00000258,22C,CONDO_UNIT,2017.0,3,RENTED,57-4195-956
U-A7J528KS0QHE,CA-NY-00000258,38B,CONDO_UNIT,2607.0,2,OWNER_OCCUPIED,18-4578-585
U-OEBENPAGP8RD,CA-NY-00000258,40F,CONDO_UNIT,2035.0,2,RENTED,25-8944-327
U-NMTJI89AIKES,CA-NY-00000258,15G,CONDO_UNIT,2318.0,2,OWNER_OCCUPIED,44-2732-364
U-YZT42H4W8B0S,CA-NY-00000258,11A,CONDO_UNIT,1872.0,3,OWNER_OCCUPIED,14-7313-334
U-T1ECLS6D1LN5,CA-NY-00000258,39G,CONDO_UNIT,,4,OWNER_OCCUPIED,72-8078-724
U-H1057QOXIRQ4,CA-NY-00000258,2C,CONDO_UNIT,1536.0,5,RENTED,64-6044-508
U-KQNCJF84ASYJ,CA-NY-00000258,36G,CONDO_UNIT,2602.0,4,OWNER_OCCUPIED,18-8183-439
U-GAUST0GJK2XW,CA-NY-00000258,24D,CONDO_UNIT,1844.0,3,OWNER_OCCUPIED,46-4081-350
U-A5S64IRVWEX4,CA-NY-00000258,10B,CONDO_UNIT,2724.0,2,RENTED,83-6255-487
U-N53OP94M7SKF,CA-NY-00000258,28G,CONDO_UNIT,694.0,1,VACANT,98-3872-364
U-RKVDTIGFYJKB,CA-NY-00000258,26C,CONDO_UNIT,1485.0,4,OWNER_OCCUPIED,27-3194-440
U-2TS54LCJ25DS,CA-NY-00000258,39C,CONDO_UNIT,,1,RENTED,37-9739-250
U-4UO0C2O8UZAD,CA-NY-00000258,28B,CONDO_UNIT,1284.0,4,OWNER_OCCUPIED,99-1765-144
U-8RY5DZPFTAPS,CA-NY-00000258,1H,CONDO_UNIT,935.0,3,VACANT,13-9298-310
U-USENTWGNMVJP,CA-NY-00000258,14G,CONDO_UNIT,2512.0,3,OWNER_OCCUPIED,97-2403-529
U-AAWEIX5JQR2T,CA-NY-00000258,23D,CONDO_UNIT,748.0,3,OWNER_OCCUPIED,52-4587-266
U-OG9UVIW4W0TM,CA-NY-00000258,14D,CONDO_UNIT,1640.0,1,RENTED,44-4133-458
U-9FMQ1R927KN2,CA-NY-00000258,32G,CONDO_UNIT,1235.0,2,RENTED,64-2754-513
U-6ZL5IE03PNK8,CA-NY-00000258,16H,CONDO_UNIT,,1,OWNER_OCCUPIED,34-8718-685
U-SXU60D1BNYG4,CA-NY-00000258,40F,CONDO_UNIT,2110.0,3,OWNER_OCCUPIED,84-2437-443
U-QM2CXBHDC8HW,CA-NY-00000258,30A,CONDO_UNIT,759.0,4,OWNER_OCCUPIED,99-7770-852
U-EKVVMOH7HQND,CA-TX-00000259,100,TOWNHOME,2100.0,3,RENTED,53-3559-798
U-F7L0BQUU0TJ4,CA-TX-00000259,101,SINGLE_FAMILY,2556.0,1,VACANT,89-1463-613
U-VL03QHJPKI30,CA-TX-00000259,102,TOWNHOME,1340.0,2,RENTED,83-6286-772
U-ZOSF3BKDEKW9,CA-TX-00000259,103,SINGLE_FAMILY,2467.0,4,OWNER_OCCUPIED,73-2637-172
U-RQ7WCGG4EFGL,CA-TX-00000259,104,TOWNHOME,3029.0,3,OWNER_OCCUPIED,12-8223-815
U-FSFK0LOTNHLK,CA-TX-00000259,105,SINGLE_FAMILY,2967.0,4,RENTED,90-3151-399
U-R7S8C0EKR5OR,CA-TX-00000259,106,SINGLE_FAMILY,1291.0,3,OWNER_OCCUPIED,33-2611-243
U-UNKOH5X24L3N,CA-TX-00000259,107,TOWNHOME,2764.0,2,RENTED,46-1232-680
U-N4W70XCGNCFN,CA-TX-00000259,108,SINGLE_FAMILY,3146.0,2,OWNER_OCCUPIED,64-3129-464
U-HEKLJJS5O7S8,CA-TX-00000259,109,SINGLE_FAMILY,971.0,2,OWNER_OCCUPIED,97-5215-821
U-TCS90EUSCBD8,CA-TX-00000259,110,SINGLE_FAMILY,1026.0,2,RENTED,81-3569-474
U-1T1LXVTCB1D9,CA-TX-00000259,111,TOWNHOME,2680.0,2,VACANT,76-7703-130
U-GVNL768PSQFD,CA-TX-00000259,112,SINGLE_FAMILY,1070.0,1,RENTED,14-6424-529
U-F8N3BCUOFEQ2,CA-TX-00000259,113,TOWNHOME,,4,OWNER_OCCUPIED,11-6332-344
U-OZ81B0TW9WWM,CA-TX-00000259,114,TOWNHOME,2156.0,3,OWNER_OCCUPIED,35-1058-635
U-Q7IP3F84C2SL,CA-TX-00000259,115,TOWNHOME,959.0,1,OWNER_OCCUPIED,18-3891-982
U-V09Y0JK9ST7Q,CA-TX-00000259,116,TOWNHOME,2338.0,2,OWNER_OCCUPIED,48-8329-365
U-08VOX5QZELY3,CA-TX-00000259,117,SINGLE_FAMILY,2095.0,3,RENTED,93-6136-231
U-MNZ81S65INXG,CA-TX-00000259,118,SINGLE_FAMILY,1552.0,2,OWNER_OCCUPIED,78-3073-829
U-7ML0AWKUO873,CA-TX-00000259,119,SINGLE_FAMILY,2435.0,3,OWNER_OCCUPIED,44-2642-585
U-J2AN1MI5GR7I,CA-TX-00000259,120,SINGLE_FAMILY,1743.0,3,OWNER_OCCUPIED,94-6300-516
U-7EQOOPCBTJG4,CA-TX-00000259,121,SINGLE_FAMILY,699.0,4,RENTED,18-9939-981
U-K76G3ML39EHD,CA-TX-00000259,122,TOWNHOME,2635.0,4,OWNER_OCCUPIED,
U-1HPJR4IM3M2Z,CA-TX-00000259,123,SINGLE_FAMILY,827.0,3,OWNER_OCCUPIED,
U-S2SCVS9AY26S,CA-TX-00000259,124,TOWNHOME,1795.0,2,OWNER_OCCUPIED,90-6490-112
U-5Y5CRSPC2A50,CA-TX-00000259,125,SINGLE_FAMILY,1630.0,3,OWNER_OCCUPIED,65-9047-623
U-IT2GQIASQPH5,CA-TX-00000259,126,TOWNHOME,1823.0,1,VACANT,
U-W6WTI77P09VP,CA-TX-00000259,127,TOWNHOME,1190.0,2,OWNER_OCCUPIED,96-7319-898
U-EVM1ZKTMHZ4Z,CA-TX-00000259,128,SINGLE_FAMILY,2676.0,2,OWNER_OCCUPIED,39-4171-401
U-T25K09NHNK4D,CA-TX-00000259,129,TOWNHOME,,2,OWNER_OCCUPIED,63-8149-984
U-E2235OHLCF8M,CA-TX-00000259,130,SINGLE_FAMILY,,2,OWNER_OCCUPIED,18-3544-967
U-TD2TN9U06ECU,CA-TX-00000259,131,TOWNHOME,1227.0,4,VACANT,72-8346-708
U-RWOPW34X0K28,CA-TX-00000259,132,TOWNHOME,1728.0,4,OWNER_OCCUPIED,37-6018-986
U-YIZLGN6WBCTU,CA-TX-00000259,133,TOWNHOME,2418.0,1,RENTED,70-4190-512
U-JX7V9TVNE70T,CA-TX-00000259,134,TOWNHOME,1708.0,2,OWNER_OCCUPIED,52-3501-679
U-V9B7ROXOGDII,CA-TX-00000259,135,SINGLE_FAMILY,1236.0,1,OWNER_OCCUPIED,53-1626-505
U-GYB6PJNEXX1U,CA-TX-00000259,136,TOWNHOME,1219.0,2,OWNER_OCCUPIED,
U-83OA19J0G4RP,CA-TX-00000259,137,SINGLE_FAMILY,2149.0,3,OWNER_OCCUPIED,62-2160-766
U-Q3VM3KXPNQXI,CA-TX-00000259,138,SINGLE_FAMILY,2560.0,2,VACANT,24-4910-391
U-J1FJP8E3SW91,CA-TX-00000259,139,SINGLE_FAMILY,1196.0,2,OWNER_OCCUPIED,77-9831-308
U-2MGDQARFO95G,CA-TX-00000259,140,TOWNHOME,2748.0,3,OWNER_OCCUPIED,50-1504-270
U-FCYJ8HQYVXOS,CA-TX-00000259,141,SINGLE_FAMILY,1851.0,2,OWNER_OCCUPIED,63-1400-866
U-JLKAZRNWSBJW,CA-TX-00000259,142,TOWNHOME,1795.0,4,OWNER_OCCUPIED,64-5542-256
U-YH40WAV1AXAT,CA-TX-00000259,143,SINGLE_FAMILY,1015.0,2,RENTED,77-1296-859
U-7VT63I6PVGDA,CA-TX-00000259,144,TOWNHOME,2071.0,3,OWNER_OCCUPIED,19-6421-330
U-1RX6YMG48WD7,CA-TX-00000259,145,TOWNHOME,2767.0,1,VACANT,52-6355-430
U-VWUADR6BOO6H,CA-TX-00000259,146,TOWNHOME,1462.0,4,RENTED,91-6853-711
U-44DU1JTZXEZC,CA-TX-00000259,147,SINGLE_FAMILY,688.0,5,RENTED,50-7215-478
U-SQCKMO24EDM0,CA-TX-00000259,148,TOWNHOME,691.0,2,RENTED,42-1908-696
U-NAPK5801L7LO,CA-TX-00000259,149,SINGLE_FAMILY,937.0,2,OWNER_OCCUPIED,80-3021-955
U-8V62NXL5KRJC,CA-TX-00000259,150,SINGLE_FAMILY,2895.0,3,OWNER_OCCUPIED,26-7305-857
U-CGIL5MKZOG9W,CA-TX-00000259,151,TOWNHOME,2067.0,4,OWNER_OCCUPIED,36-4405-494
U-7YJR55VV7GFR,CA-TX-00000259,152,TOWNHOME,3061.0,4,OWNER_OCCUPIED,37-4890-624
U-RH97Z2NTFJLB,CA-TX-00000259,153,TOWNHOME,2027.0,2,OWNER_OCCUPIED,18-9942-119
U-9NPTIEHA050Z,CA-TX-00000259,154,TOWNHOME,2488.0,3,RENTED,51-1181-719
U-RGALEGCQOAEA,CA-TX-00000259,155,SINGLE_FAMILY,1512.0,2,VACANT,46-2318-579
U-3VP6E1RCJ0G1,CA-TX-00000259,156,SINGLE_FAMILY,2291.0,2,OWNER_OCCUPIED,64-8661-518
U-H65AZHI95RK3,CA-TX-00000259,157,SINGLE_FAMILY,,3,RENTED,79-9159-989
U-9IN6PDQ4O82F,CA-TX-00000259,158,TOWNHOME,,2,RENTED,31-7856-946
U-MOB27ELEI69U,CA-TX-00000259,159,SINGLE_FAMILY,,3,OWNER_OCCUPIED,40-7887-759
U-9HACWVRSJOG3,CA-OH-00000260,13D,CONDO_UNIT,822.0,2,RENTED,41-9342-791
U-BRSV14S7R912,CA-OH-00000260,21C,CONDO_UNIT,1320.0,4,RENTED,74-5949-219
U-XOSCEH4LOMPZ,CA-OH-00000260,31B,CONDO_UNIT,1657.0,2,OWNER_OCCUPIED,85-1386-491
U-B9FHYNAK7LSN,CA-OH-00000260,39B,CONDO_UNIT,1163.0,2,OWNER_OCCUPIED,29-5379-792
U-8NZ3Q8PIM18L,CA-OH-00000260,5H,CONDO_UNIT,,1,RENTED,45-9133-276
U-HPGIE7WVCO8K,CA-OH-00000260,16C,CONDO_UNIT,,3,OWNER_OCCUPIED,56-2034-990
U-89HZAG50ORD2,CA-OH-00000260,4B,CONDO_UNIT,2218.0,1,RENTED,58-7324-787
U-WFW4WZNZQTGV,CA-OH-00000260,13H,CONDO_UNIT,2264.0,3,OWNER_OCCUPIED,42-3257-153
U-0EQTTMJ2YPE2,CA-OH-00000260,12C,CONDO_UNIT,936.0,5,RENTED,68-9304-699
U-OJBIF2BLQO68,CA-OH-00000260,29E,CONDO_UNIT,,3,RENTED,92-8479-331
U-LMQJCS8Z1FIL,CA-OH-00000260,36E,CONDO_UNIT,1433.0,2,OWNER_OCCUPIED,59-3479-163
U-1L7OOHV11NZ2,CA-OH-00000260,34A,CONDO_UNIT,3087.0,3,OWNER_OCCUPIED,24-6600-198
U-SH74QER3MW19,CA-OH-00000260,16F,CONDO_UNIT,1910.0,3,OWNER_OCCUPIED,72-4894-194
U-C96WW575BBF3,CA-OH-00000260,28A,CONDO_UNIT,2154.0,1,OWNER_OCCUPIED,15-8358-738
U-MGRMY1UESKYH,CA-OH-00000260,21C,CONDO_UNIT,1933.0,4,OWNER_OCCUPIED,23-2513-735
U-S2ANS14DKRR8,CA-OH-00000260,7B,CONDO_UNIT,,3,RENTED,73-8852-893
U-O1XVTCM9J9ZT,CA-OH-00000260,36A,CONDO_UNIT,2854.0,2,OWNER_OCCUPIED,71-8470-945
U-GOHN35GF05KD,CA-OH-00000260,39A,CONDO_UNIT,3052.0,2,OWNER_OCCUPIED,89-3951-605
U-73IPK5XZN77I,CA-OH-00000260,10B,CONDO_UNIT,2338.0,2,OWNER_OCCUPIED,81-9657-843
U-H3XMC5ZCJDYW,CA-OH-00000260,17B,CONDO_UNIT,2537.0,2,VACANT,41-2095-834
U-JRJEYZW06DS1,CA-OH-00000260,27D,CONDO_UNIT,1487.0,2,OWNER_OCCUPIED,73-4551-163
U-ZT6MNR2L042D,CA-OH-00000260,14B,CONDO_UNIT,904.0,5,OWNER_OCCUPIED,16-5896-465
U-AI21E13HYR1R,CA-OH-00000260,37F,CONDO_UNIT,,3,RENTED,18-3180-944
U-912O3GY5RCNN,CA-OH-00000260,24B,CONDO_UNIT,2780.0,4,VACANT,98-3256-292
U-0CEXIKY0VUHE,CA-OH-00000260,4C,CONDO_UNIT,1474.0,2,RENTED,33-4640-197
U-XUIN451YGH9V,CA-OH-00000260,17D,CONDO_UNIT,2311.0,4,RENTED,56-6808-369
U-0LXSA0OMARG3,CA-OH-00000260,3G,CONDO_UNIT,2990.0,4,OWNER_OCCUPIED,56-5958-195
U-T8NOMTTU2B1S,CA-OH-00000260,26A,CONDO_UNIT,2352.0,4,RENTED,10-6589-877
U-V5E36529Z1VZ,CA-OH-00000260,26F,CONDO_UNIT,2764.0,3,OWNER_OCCUPIED,22-6023-600
U-WZ4NOV59D25V,CA-OH-00000260,16D,CONDO_UNIT,2763.0,3,OWNER_OCCUPIED,74-5480-329
U-A9JTZBMFQFUO,CA-OH-00000260,19B,CONDO_UNIT,1234.0,2,OWNER_OCCUPIED,88-1184-301
U-MJAVF3WLLOQY,CA-OH-00000260,16C,CONDO_UNIT,1806.0,2,RENTED,12-7806-635
U-KJ6Y4VDPOVJ2,CA-OH-00000260,38C,CONDO_UNIT,3150.0,4,VACANT,99-8060-575
U-6MXX6XT8HE91,CA-OH-00000260,13B,CONDO_UNIT,2579.0,2,OWNER_OCCUPIED,31-6260-599
U-TYGSV9SBBCCN,CA-OH-00000260,25B,CONDO_UNIT,,2,VACANT,12-8371-356
U-GP2D2Y4M1L6X,CA-OH-00000260,15A,CONDO_UNIT,,2,OWNER_OCCUPIED,59-9795-911
U-8VTT74M5JA3K,CA-OH-00000260,13A,CONDO_UNIT,2132.0,2,RENTED,26-8286-822
U-OE5LGFGEU2H4,CA-OH-00000260,3H,CONDO_UNIT,2002.0,3,RENTED,73-1156-113
U-7K6UPCW5U60L,CA-OH-00000260,29B,CONDO_UNIT,2845.0,4,OWNER_OCCUPIED,99-7223-324
U-AZ3T9AWZYG35,CA-OH-00000260,32G,CONDO_UNIT,2784.0,2,OWNER_OCCUPIED,53-9657-985
U-Y3PS5SG2Y8H6,CA-OH-00000260,6E,CONDO_UNIT,829.0,3,RENTED,28-8851-883
U-MWRBRIBXHMFV,CA-OH-00000260,11B,CONDO_UNIT,861.0,3,OWNER_OCCUPIED,67-7301-490
U-R7EVSFAYEKAG,CA-OH-00000260,40H,CONDO_UNIT,2906.0,3,OWNER_OCCUPIED,18-3135-120
U-LBI7ZBSUJXPD,CA-OH-00000260,4C,CONDO_UNIT,2710.0,2,OWNER_OCCUPIED,95-6040-841
U-8CMK3OEKO6B1,CA-OH-00000260,25F,CONDO_UNIT,682.0,4,RENTED,69-6498-899
U-U5ZCQ0CVL018,CA-OH-00000260,25D,CONDO_UNIT,,3,OWNER_OCCUPIED,15-3220-836
U-VZR6T3WGNN2A,CA-OH-00000260,22G,CONDO_UNIT,,2,RENTED,72-9048-322
U-TP49BTN7M6XR,CA-OH-00000260,13C,CONDO_UNIT,,4,OWNER_OCCUPIED,39-5218-764
U-2RUQ3USC2RIS,CA-OH-00000260,23A,CONDO_UNIT,848.0,3,OWNER_OCCUPIED,20-6548-754
U-ZOWYW0Z1QJZC,CA-OH-00000260,40C,CONDO_UNIT,980.0,2,VACANT,25-8839-113
U-0QPM3836TOR6,CA-OH-00000260,40D,CONDO_UNIT,1218.0,5,RENTED,65-5195-609
U-NTO778YDLF7A,CA-OH-00000260,26H,CONDO_UNIT,2186.0,3,RENTED,69-5531-102
U-3ODT6AU2016P,CA-OH-00000260,1B,CONDO_UNIT,1996.0,3,OWNER_OCCUPIED,
U-LBYH6DOMTXQU,CA-OH-00000260,28D,CONDO_UNIT,2934.0,5,RENTED,79-4416-121
U-4OM26NJZIQT5,CA-OH-00000260,22C,CONDO_UNIT,2744.0,2,RENTED,42-4729-139
U-R4YO7ITSNTAU,CA-OH-00000260,3F,CONDO_UNIT,1214.0,2,OWNER_OCCUPIED,31-3866-580
U-XL53KHW8565Q,CA-OH-00000260,9A,CONDO_UNIT,1365.0,1,OWNER_OCCUPIED,36-9698-384
U-DLJZE3D68NEA,CA-OH-00000260,40F,CONDO_UNIT,921.0,5,OWNER_OCCUPIED,23-9904-738
U-DUDPC5HPAMKG,CA-OH-00000260,3E,CONDO_UNIT,1968.0,4,OWNER_OCCUPIED,91-2881-500
U-1ET8NNRITD7K,CA-OH-00000260,37H,CONDO_UNIT,852.0,4,OWNER_OCCUPIED,
U-IYCMOYNY0AMC,CA-IL-00000261,5G,CONDO_UNIT,1806.0,1,RENTED,27-2801-970
U-BP3VC56INWUR,CA-IL-00000261,36D,CONDO_UNIT,,3,OWNER_OCCUPIED,60-8430-510
U-CMXNG02AT7O4,CA-IL-00000261,12F,CONDO_UNIT,,3,RENTED,75-1425-311
U-LPZT1HX2MIM9,CA-IL-00000261,13B,CONDO_UNIT,2812.0,3,OWNER_OCCUPIED,67-2059-633
U-AHX0470MPHA4,CA-IL-00000261,34F,CONDO_UNIT,,1,OWNER_OCCUPIED,29-2157-456
U-7W6JRGM1ESSN,CA-IL-00000261,14G,CONDO_UNIT,2267.0,3,OWNER_OCCUPIED,71-6082-737
U-TT2PT7D9YD41,CA-IL-00000261,1G,CONDO_UNIT,2058.0,2,OWNER_OCCUPIED,94-6662-234
U-9YQ0PAFV5WGG,CA-IL-00000261,20D,CONDO_UNIT,2917.0,3,OWNER_OCCUPIED,31-8174-496
U-DIYXTZ725DYU,CA-IL-00000261,7C,CONDO_UNIT,921.0,4,RENTED,72-6029-389
U-IHUOLXZ7LV21,CA-IL-00000261,3H,CONDO_UNIT,1604.0,2,OWNER_OCCUPIED,15-8443-779
U-U9OMXPMI8VYX,CA-IL-00000261,34A,CONDO_UNIT,2221.0,2,OWNER_OCCUPIED,83-1448-702
U-S9XFBZ7SXM14,CA-IL-00000261,22B,CONDO_UNIT,939.0,3,RENTED,31-3210-271
U-SVOQWER4KL5U,CA-IL-00000261,30E,CONDO_UNIT,,4,OWNER_OCCUPIED,50-9697-531
U-HMFEBAJFTS2G,CA-IL-00000261,19G,CONDO_UNIT,2160.0,3,OWNER_OCCUPIED,22-3401-964
U-E08T8W74TKR4,CA-IL-00000261,29G,CONDO_UNIT,1890.0,4,RENTED,83-1601-653
U-WLFYA51SAP6G,CA-IL-00000261,5G,CONDO_UNIT,,2,OWNER_OCCUPIED,46-5036-300
U-SCM3IGEKBN39,CA-IL-00000261,14G,CONDO_UNIT,2879.0,2,VACANT,44-7611-601
U-YPUQ5XTPW74S,CA-IL-00000261,33C,CONDO_UNIT,1845.0,2,OWNER_OCCUPIED,36-1718-643
U-P3L520E71OUU,CA-IL-00000261,24G,CONDO_UNIT,1188.0,3,OWNER_OCCUPIED,86-3373-945
U-OZR317L6VXS0,CA-IL-00000261,9C,CONDO_UNIT,2614.0,3,OWNER_OCCUPIED,44-3796-487
U-99AWBV0YIPYK,CA-IL-00000261,7D,CONDO_UNIT,2896.0,1,OWNER_OCCUPIED,89-6791-852
U-EXAY4JATD00L,CA-IL-00000261,13G,CONDO_UNIT,1069.0,2,RENTED,27-5730-197
U-HBVOPT4CV0RY,CA-IL-00000261,16A,CONDO_UNIT,2036.0,1,OWNER_OCCUPIED,19-3957-606
U-WW5KLEP0BXIR,CA-VA-00000262,33E,CONDO_UNIT,2471.0,4,VACANT,85-4901-139
U-6JJ805KDWQ46,CA-VA-00000262,22F,CONDO_UNIT,1709.0,3,OWNER_OCCUPIED,40-5159-825
U-4QR6Q771GL35,CA-VA-00000262,34F,CONDO_UNIT,1674.0,4,RENTED,77-4750-936
U-DXT1JKBSFDFJ,CA-VA-00000262,20A,CONDO_UNIT,2790.0,5,RENTED,80-4522-712
U-3NP5ZEICCRMX,CA-VA-00000262,18A,CONDO_UNIT,2233.0,2,RENTED,92-2154-471
U-NYGAJRIZYNW1,CA-VA-00000262,23E,CONDO_UNIT,,3,VACANT,61-4392-605
U-N6ITQIKB8052,CA-VA-00000262,28D,CONDO_UNIT,2598.0,3,RENTED,73-4306-200
U-F6RJXC6I5ZWS,CA-VA-00000262,24D,CONDO_UNIT,1985.0,3,OWNER_OCCUPIED,41-4239-131
U-V9KB2GGCUSNL,CA-VA-00000262,26E,CONDO_UNIT,2117.0,2,OWNER_OCCUPIED,22-3952-689
U-AMLF8KTC756C,CA-VA-00000262,19F,CONDO_UNIT,2787.0,4,OWNER_OCCUPIED,56-4094-349
U-1WMNHS0AZ9Y4,CA-VA-00000262,15C,CONDO_UNIT,2371.0,3,OWNER_OCCUPIED,12-3476-252
U-6PMKI2XYGBET,CA-VA-00000262,29H,CONDO_UNIT,2035.0,4,OWNER_OCCUPIED,80-1795-472
U-SARUNVKDIPJH,CA-VA-00000262,13H,CONDO_UNIT,2369.0,3,OWNER_OCCUPIED,
U-78ZIE63OC8WG,CA-VA-00000262,22C,CONDO_UNIT,1748.0,4,OWNER_OCCUPIED,44-4867-156
U-IROYMXWPC49W,CA-VA-00000262,10H,CONDO_UNIT,786.0,2,RENTED,62-5459-867
U-RP2RWWWH3EW1,CA-VA-00000262,3B,CONDO_UNIT,1094.0,1,OWNER_OCCUPIED,20-9254-818
U-9HAKSY0PCXHO,CA-VA-00000262,30G,CONDO_UNIT,1187.0,3,VACANT,75-6580-639
U-SFI7USYV34J9,CA-VA-00000262,24C,CONDO_UNIT,979.0,2,OWNER_OCCUPIED,38-4250-922
U-6VHGVHDJMKOY,CA-VA-00000262,38F,CONDO_UNIT,1821.0,5,OWNER_OCCUPIED,94-9041-889
U-8SOZW5S2LOX6,CA-VA-00000262,13G,CONDO_UNIT,1217.0,2,RENTED,21-1715-867
U-EYK3HJHTTOJM,CA-VA-00000262,23C,CONDO_UNIT,,4,OWNER_OCCUPIED,26-9442-344
U-AJ8RQVLTIHN9,CA-VA-00000262,32G,CONDO_UNIT,2172.0,3,OWNER_OCCUPIED,51-7622-567
U-7I57OPBRWYZD,CA-VA-00000262,19A,CONDO_UNIT,1088.0,3,OWNER_OCCUPIED,76-3860-667
U-8SYK0UT398QQ,CA-VA-00000262,12A,CONDO_UNIT,2658.0,3,OWNER_OCCUPIED,47-4519-538
U-LHDTU5Y983E1,CA-VA-00000262,5H,CONDO_UNIT,,4,RENTED,84-5649-783
U-MQV7AI6UZ6BZ,CA-VA-00000262,15E,CONDO_UNIT,2306.0,3,OWNER_OCCUPIED,30-2465-533
U-JM54BSF2UCNR,CA-VA-00000262,10C,CONDO_UNIT,908.0,2,OWNER_OCCUPIED,77-9778-203
U-B8NACV0UIGA5,CA-VA-00000262,18G,CONDO_UNIT,2653.0,3,RENTED,66-9110-873
U-RG9VOF1ZPWBA,CA-VA-00000262,18H,CONDO_UNIT,,3,RENTED,52-8288-704
U-0WY4G1S1RBZE,CA-VA-00000262,7C,CONDO_UNIT,965.0,1,RENTED,18-7664-717
U-PZENEZ3FJDGO,CA-VA-00000262,35G,CONDO_UNIT,1370.0,3,OWNER_OCCUPIED,33-1789-376
U-7MZIQOBPUQYG,CA-VA-00000262,18C,CONDO_UNIT,2306.0,5,OWNER_OCCUPIED,79-5376-904
U-Q8455TPY6M5H,CA-VA-00000262,39H,CONDO_UNIT,958.0,3,OWNER_OCCUPIED,49-6969-858
U-47Z6C01UWCR5,CA-VA-00000262,39D,CONDO_UNIT,2719.0,2,OWNER_OCCUPIED,27-6630-945
U-ZA6SC15FQ4C4,CA-VA-00000262,35G,CONDO_UNIT,3036.0,2,RENTED,97-1152-881
U-NP8E2ABLNAUP,CA-VA-00000262,39E,CONDO_UNIT,1507.0,2,OWNER_OCCUPIED,68-9811-399
U-YMZEOFKUSPU4,CA-VA-00000262,5F,CONDO_UNIT,1011.0,2,RENTED,52-5600-648
U-D4YUKUUIIKLG,CA-VA-00000262,34E,CONDO_UNIT,1275.0,3,RENTED,91-8425-850
U-AT5WY607SRHC,CA-VA-00000262,5F,CONDO_UNIT,750.0,4,OWNER_OCCUPIED,44-5309-154
U-VQR64NC5E9R9,CA-VA-00000262,7A,CONDO_UNIT,2177.0,4,VACANT,92-1941-272
U-W0ZGE1JTO444,CA-VA-00000262,33H,CONDO_UNIT,703.0,2,OWNER_OCCUPIED,20-9167-532
U-7N8BFI7VUQ31,CA-VA-00000262,11H,CONDO_UNIT,1470.0,2,OWNER_OCCUPIED,64-9923-643
U-X5YPYA7SENK2,CA-NC-00000263,100,TOWNHOME,2760.0,1,OWNER_OCCUPIED,45-7963-745
U-6EB7YNS6OOTN,CA-NC-00000263,101,TOWNHOME,944.0,4,RENTED,75-3463-755
U-WQ0B8IHOYD7H,CA-NC-00000263,102,TOWNHOME,2573.0,3,OWNER_OCCUPIED,48-8544-877
U-KZ0U958C53MV,CA-NC-00000263,103,TOWNHOME,858.0,1,OWNER_OCCUPIED,
U-GRIUTEHM6B4U,CA-NC-00000263,104,TOWNHOME,1501.0,3,OWNER_OCCUPIED,13-7463-277
U-0AQFQB5QSGNJ,CA-NC-00000263,105,TOWNHOME,2415.0,3,OWNER_OCCUPIED,64-8839-137
U-DAZAQ6DNJARP,CA-NC-00000263,106,TOWNHOME,3033.0,3,RENTED,77-9899-824
U-9CAHEFVYZKOF,CA-NC-00000263,107,TOWNHOME,2608.0,3,VACANT,87-7464-436
U-9L1PQVUGNU97,CA-NC-00000263,108,TOWNHOME,,2,OWNER_OCCUPIED,57-1124-612
U-RDFAC6TS5CYF,CA-NC-00000263,109,TOWNHOME,675.0,2,OWNER_OCCUPIED,14-8621-890
U-IX3U6F0SAC52,CA-CA-00000264,26G,CONDO_UNIT,780.0,3,OWNER_OCCUPIED,56-1968-367
U-GI0IJF0BODZX,CA-CA-00000264,32H,CONDO_UNIT,906.0,2,RENTED,70-7247-613
U-8QUO64IUA6VK,CA-CA-00000264,8D,CONDO_UNIT,3189.0,3,RENTED,76-3295-753
U-5DCP8898WJJE,CA-CA-00000264,6E,CONDO_UNIT,1086.0,3,OWNER_OCCUPIED,81-2651-729
U-CUWWWTQ6X156,CA-CA-00000264,13D,CONDO_UNIT,,3,OWNER_OCCUPIED,10-1694-847
U-2XVXXD6AXE5K,CA-CA-00000264,24H,CONDO_UNIT,,2,OWNER_OCCUPIED,26-5035-873
U-QFHKMJKWBLV6,CA-CA-00000264,30D,CONDO_UNIT,2194.0,3,OWNER_OCCUPIED,16-6642-292
U-88QIRPRQNH49,CA-CA-00000264,24E,CONDO_UNIT,2631.0,3,RENTED,74-1244-405
U-E1DSF35IC8YC,CA-CA-00000264,28F,CONDO_UNIT,1934.0,2,OWNER_OCCUPIED,31-2555-503
U-4R8VVNTYSZK6,CA-CA-00000264,4C,CONDO_UNIT,2413.0,3,OWNER_OCCUPIED,94-3201-766
U-0D8SJDN2ZW42,CA-CA-00000264,25C,CONDO_UNIT,1211.0,3,RENTED,29-5165-617
U-5PXII0BQI56R,CA-CA-00000264,21E,CONDO_UNIT,3065.0,5,OWNER_OCCUPIED,90-5957-167
U-YOTM6Q29T7NI,CA-CA-00000264,28E,CONDO_UNIT,1269.0,3,OWNER_OCCUPIED,12-2689-667
U-4Y7Z0180UEW5,CA-CA-00000264,17C,CONDO_UNIT,,3,OWNER_OCCUPIED,98-5312-199
U-D36X85DMDXCX,CA-CA-00000264,18F,CONDO_UNIT,1798.0,4,OWNER_OCCUPIED,20-8925-496
U-OZPAI5FXQZ60,CA-CA-00000264,19E,CONDO_UNIT,,2,OWNER_OCCUPIED,53-7572-583
U-83BTGPXSJZYA,CA-CA-00000264,21D,CONDO_UNIT,2003.0,2,OWNER_OCCUPIED,29-8984-257
U-FTVI6A8L8F97,CA-CA-00000264,39H,CONDO_UNIT,1710.0,4,OWNER_OCCUPIED,82-2740-321
U-HDVRU6FFRO78,CA-CA-00000264,33F,CONDO_UNIT,2818.0,2,OWNER_OCCUPIED,58-1545-678
U-YPEKJFTPODH5,CA-CA-00000264,1D,CONDO_UNIT,2352.0,3,OWNER_OCCUPIED,44-3672-527
U-IEDGGKRTLTNU,CA-CA-00000264,2E,CONDO_UNIT,2914.0,2,VACANT,39-5025-445
U-EG9T3ZID55OT,CA-FL-00000265,100,TOWNHOME,3031.0,4,RENTED,88-7002-933
U-2SSM5JQJE4PQ,CA-FL-00000265,101,TOWNHOME,2996.0,2,OWNER_OCCUPIED,51-8544-460
U-R9WY6PHBPQB0,CA-FL-00000265,102,TOWNHOME,1763.0,1,OWNER_OCCUPIED,65-6145-140
U-CSEMXFWLGGPD,CA-FL-00000265,103,TOWNHOME,2346.0,2,RENTED,62-8602-333
U-XDF2ZN8R9UKN,CA-FL-00000265,104,TOWNHOME,2233.0,3,OWNER_OCCUPIED,97-9263-584
U-0V00U29IU7W4,CA-FL-00000265,105,TOWNHOME,2012.0,3,RENTED,
U-5VK47T26ESXH,CA-FL-00000265,106,TOWNHOME,1999.0,4,OWNER_OCCUPIED,39-9673-977
U-PBISD6HNEDNX,CA-FL-00000265,107,TOWNHOME,760.0,1,OWNER_OCCUPIED,87-2726-725
U-4SW5N23FH2B4,CA-FL-00000265,108,TOWNHOME,1814.0,3,OWNER_OCCUPIED,51-2174-442
U-Z0FD4CIH2T01,CA-FL-00000265,109,TOWNHOME,2535.0,1,OWNER_OCCUPIED,87-7563-826
U-R7H3NZGET3Z1,CA-FL-00000265,110,TOWNHOME,1087.0,3,OWNER_OCCUPIED,
U-020FTQ3279NT,CA-FL-00000265,111,TOWNHOME,954.0,3,OWNER_OCCUPIED,23-4993-409
U-WX7XMFK1J9RV,CA-FL-00000265,112,TOWNHOME,901.0,3,OWNER_OCCUPIED,12-4209-591
U-D7DPF5358AXJ,CA-FL-00000265,113,TOWNHOME,2247.0,4,RENTED,41-2942-634
U-RQ5OE6LM36I2,CA-FL-00000265,114,TOWNHOME,,3,RENTED,17-2222-804
U-GODS9CCHO57F,CA-FL-00000265,115,TOWNHOME,3048.0,3,OWNER_OCCUPIED,56-4961-206
U-G02W26ONLUJV,CA-FL-00000265,116,TOWNHOME,1500.0,1,OWNER_OCCUPIED,51-8794-376
U-DLRKTGU86DBC,CA-FL-00000265,117,TOWNHOME,2140.0,3,VACANT,56-8509-317
U-P2WT0FHNBL9T,CA-FL-00000265,118,TOWNHOME,2135.0,1,OWNER_OCCUPIED,31-7229-898
U-KS5O1NAPRHQM,CA-FL-00000265,119,TOWNHOME,1480.0,3,RENTED,37-9776-589
U-OJK0XTKKWU1C,CA-FL-00000265,120,TOWNHOME,1205.0,2,VACANT,70-7393-263
U-UT5POYF4DVII,CA-FL-00000265,121,TOWNHOME,1813.0,2,RENTED,90-2902-208
U-CPGZV47KSQVQ,CA-FL-00000265,122,TOWNHOME,843.0,1,RENTED,42-9585-763
U-X0X7SH3ZKYXE,CA-FL-00000265,123,TOWNHOME,1345.0,4,VACANT,29-2081-467
U-36CDLK41LM8R,CA-FL-00000265,124,TOWNHOME,2303.0,3,OWNER_OCCUPIED,56-7255-621
U-QOYGASQ7B8FC,CA-FL-00000265,125,TOWNHOME,2540.0,3,RENTED,73-7415-972
U-TF0505JQA207,CA-FL-00000265,126,TOWNHOME,3012.0,3,RENTED,79-6891-347
U-YJLQNVI1SFVM,CA-FL-00000265,127,TOWNHOME,3009.0,4,OWNER_OCCUPIED,62-2588-668
U-A7FBR8JOR34B,CA-FL-00000265,128,TOWNHOME,1143.0,1,RENTED,77-8248-416
U-FXWDVHKRCBA3,CA-FL-00000265,129,TOWNHOME,2859.0,4,RENTED,28-4708-925
U-SC8OZVD4DQ08,CA-FL-00000265,130,TOWNHOME,1375.0,4,OWNER_OCCUPIED,83-4287-952
U-D3TQ4UKBMMB7,CA-FL-00000265,131,TOWNHOME,981.0,3,RENTED,27-1180-651
U-LXL755P1NU0D,CA-FL-00000265,132,TOWNHOME,1526.0,3,RENTED,23-6269-698
U-9LJ3D0KXAJXN,CA-FL-00000265,133,TOWNHOME,2308.0,3,RENTED,79-7794-501
U-0S4XZ034PF29,CA-FL-00000265,134,TOWNHOME,,3,OWNER_OCCUPIED,20-2066-645
U-KAFZAJHHWEZD,CA-FL-00000265,135,TOWNHOME,1723.0,4,OWNER_OCCUPIED,49-2955-642
U-0DOGNO547L83,CA-FL-00000265,136,TOWNHOME,2075.0,2,OWNER_OCCUPIED,13-5880-117
U-196685B938GQ,CA-WA-00000266,100,TOWNHOME,2003.0,4,OWNER_OCCUPIED,79-2001-567
U-S4SI0TT2L6IB,CA-WA-00000266,101,TOWNHOME,952.0,1,RENTED,44-5626-528
U-ZNVZ6VKSSX87,CA-WA-00000266,102,TOWNHOME,790.0,2,OWNER_OCCUPIED,11-2687-388
U-K71LXSOAWPTC,CA-WA-00000266,103,TOWNHOME,2005.0,3,RENTED,40-6939-266
U-T9JDNVYTKQPU,CA-WA-00000266,104,TOWNHOME,1422.0,1,RENTED,12-2429-309
U-8UI8966H0SEN,CA-WA-00000266,105,TOWNHOME,,2,OWNER_OCCUPIED,88-5924-267
U-EYTBQ7887KJY,CA-WA-00000266,106,TOWNHOME,1573.0,2,RENTED,80-9256-281
U-T2JUGPCXWCEY,CA-WA-00000266,107,TOWNHOME,,4,OWNER_OCCUPIED,77-4588-574
U-DH19PIK6VK8Z,CA-WA-00000266,108,TOWNHOME,2559.0,2,RENTED,56-3789-333
U-NQ1OXMH7LVQJ,CA-WA-00000266,109,TOWNHOME,844.0,3,OWNER_OCCUPIED,71-8646-779
U-DK1PWXXG2T8T,CA-WA-00000266,110,TOWNHOME,1453.0,3,OWNER_OCCUPIED,75-4607-935
U-RPVS163KQ3UH,CA-WA-00000266,111,TOWNHOME,689.0,3,OWNER_OCCUPIED,
U-AM7P9FOQL5HJ,CA-WA-00000266,112,TOWNHOME,1790.0,3,OWNER_OCCUPIED,24-4248-925
U-KIQA2AT4D7XI,CA-WA-00000266,113,TOWNHOME,3136.0,2,RENTED,72-7004-296
U-XNFL851PRU5N,CA-WA-00000266,114,TOWNHOME,707.0,2,OWNER_OCCUPIED,15-9241-838
U-AXW470SX20DO,CA-WA-00000266,115,TOWNHOME,2788.0,2,RENTED,86-8255-222
U-85PEJUAE0KA3,CA-WA-00000266,116,TOWNHOME,3103.0,2,OWNER_OCCUPIED,18-7457-555
U-UE9LOLUPFN6O,CA-WA-00000266,117,TOWNHOME,1724.0,3,OWNER_OCCUPIED,71-3591-938
U-CESRQC2FBBBY,CA-NV-00000267,33A,CONDO_UNIT,3016.0,5,OWNER_OCCUPIED,28-3000-636
U-GZY49QJYINKH,CA-NV-00000267,4D,CONDO_UNIT,2504.0,3,OWNER_OCCUPIED,69-2974-669
U-RPXSRRXZXQLM,CA-NV-00000267,25E,CONDO_UNIT,2910.0,2,OWNER_OCCUPIED,34-5457-904
U-XQ9QSE2QOD2A,CA-NV-00000267,25H,CONDO_UNIT,1587.0,3,VACANT,34-9443-554
U-WLAF0ROMQ9WW,CA-NV-00000267,37F,CONDO_UNIT,1521.0,4,OWNER_OCCUPIED,59-2956-383
U-POLES0S1LUU8,CA-NV-00000267,24E,CONDO_UNIT,1006.0,5,VACANT,41-2450-651
U-S7V5H7J357HQ,CA-NV-00000267,40G,CONDO_UNIT,1497.0,3,OWNER_OCCUPIED,
U-MBTQS527WDNK,CA-NV-00000267,38E,CONDO_UNIT,2425.0,2,OWNER_OCCUPIED,81-5853-330
U-OSSICD9Q7OZM,CA-NV-00000267,20H,CONDO_UNIT,,3,OWNER_OCCUPIED,92-7048-178
U-O5I7B1SDOM5N,CA-NV-00000267,4E,CONDO_UNIT,2829.0,2,OWNER_OCCUPIED,99-6335-768
U-DTBRFYVPXDSF,CA-NV-00000267,12C,CONDO_UNIT,880.0,2,OWNER_OCCUPIED,22-3968-609
U-REJKWXT669TJ,CA-NV-00000267,37C,CONDO_UNIT,2778.0,3,VACANT,25-5556-518
U-XKRRYWRDKKNE,CA-NV-00000267,10C,CONDO_UNIT,812.0,5,OWNER_OCCUPIED,90-9015-732
U-P3F407717PZ0,CA-NV-00000267,37D,CONDO_UNIT,1067.0,2,RENTED,96-9512-345
U-VXYSKOKY1I1N,CA-NV-00000267,8F,CONDO_UNIT,2789.0,2,OWNER_OCCUPIED,87-9130-620
U-KWDCQ2TN3C88,CA-NV-00000267,6E,CONDO_UNIT,929.0,3,OWNER_OCCUPIED,86-3309-834
U-N5IS11KW52QV,CA-NV-00000267,5F,CONDO_UNIT,2416.0,4,OWNER_OCCUPIED,90-9377-311
U-XBIV85VEZEMA,CA-NV-00000267,20F,CONDO_UNIT,1332.0,4,OWNER_OCCUPIED,77-2779-776
U-06N35NJQVULM,CA-NV-00000267,1D,CONDO_UNIT,1079.0,4,OWNER_OCCUPIED,24-5299-231
U-2TXJ9WBXFW81,CA-NV-00000267,20C,CONDO_UNIT,2031.0,4,VACANT,38-2066-476
U-723WPIR1CBDP,CA-NV-00000267,12E,CONDO_UNIT,679.0,4,OWNER_OCCUPIED,
U-V3Z51HN25I5A,CA-NV-00000267,34G,CONDO_UNIT,1045.0,5,OWNER_OCCUPIED,30-3932-818
U-RIK0DHT3FQXD,CA-NV-00000267,38B,CONDO_UNIT,1644.0,4,OWNER_OCCUPIED,14-3148-888
U-CW162DTGS6RP,CA-NV-00000267,17F,CONDO_UNIT,2067.0,3,OWNER_OCCUPIED,74-3391-698
U-5MQ8XT7T8BD4,CA-NV-00000267,8F,CONDO_UNIT,1007.0,2,OWNER_OCCUPIED,70-8998-679
U-WZXWYEAITK8M,CA-NV-00000267,15D,CONDO_UNIT,1076.0,3,OWNER_OCCUPIED,31-8799-856
U-PYGTNZL3YK01,CA-NV-00000267,19G,CONDO_UNIT,671.0,2,OWNER_OCCUPIED,79-4927-605
U-5U286LGRGEU1,CA-NV-00000267,7C,CONDO_UNIT,2699.0,2,RENTED,15-3363-605
U-MRIP4LKFRETU,CA-NV-00000267,33A,CONDO_UNIT,1608.0,3,OWNER_OCCUPIED,92-2482-411
U-72133FOPNZWU,CA-NV-00000267,31D,CONDO_UNIT,,4,OWNER_OCCUPIED,26-2153-435
U-2ZQCNHAAEUUO,CA-NV-00000267,4C,CONDO_UNIT,2363.0,5,RENTED,33-1099-563
U-W6IYNAVCLVSU,CA-NV-00000267,40B,CONDO_UNIT,2027.0,4,OWNER_OCCUPIED,76-6385-639
U-TSC6KSIGTJAC,CA-NV-00000267,13B,CONDO_UNIT,2331.0,1,OWNER_OCCUPIED,29-7276-198
U-ZGWXS0FJXADF,CA-NV-00000267,36A,CONDO_UNIT,3183.0,2,OWNER_OCCUPIED,15-2255-163
U-K2FPBM967G41,CA-NV-00000267,19H,CONDO_UNIT,2392.0,2,RENTED,85-9835-879
U-K6VNBFG12KJT,CA-NV-00000267,19D,CONDO_UNIT,2134.0,3,RENTED,58-3648-443
U-L22I2Z1X641R,CA-NV-00000267,40B,CONDO_UNIT,2920.0,2,RENTED,86-1227-614
U-E2SZK0IR68QX,CA-NV-00000267,38E,CONDO_UNIT,2315.0,3,RENTED,70-8117-650
U-VIR38BWBSBJE,CA-NV-00000267,23B,CONDO_UNIT,3044.0,3,OWNER_OCCUPIED,23-2295-523
U-QOV0A9O1H4LU,CA-NV-00000267,27E,CONDO_UNIT,,2,RENTED,44-2733-954
U-5ZELM0D26N7H,CA-NV-00000267,25D,CONDO_UNIT,1777.0,2,OWNER_OCCUPIED,81-1611-822
U-I5A78CB8XDA5,CA-NV-00000267,3G,CONDO_UNIT,1179.0,4,OWNER_OCCUPIED,24-5350-960
U-NFOM5LLE12EN,CA-NV-00000267,20F,CONDO_UNIT,856.0,2,OWNER_OCCUPIED,65-7784-813
U-RIU0RSZ2PHU8,CA-NV-00000267,7C,CONDO_UNIT,,2,RENTED,66-3533-947
U-JNTSE1QVRSLC,CA-NV-00000267,18F,CONDO_UNIT,2696.0,4,VACANT,81-1945-697
U-WL2READWB5P2,CA-NV-00000267,3H,CONDO_UNIT,836.0,2,RENTED,44-6105-488
U-19OVZ4CGSKIR,CA-NV-00000267,15B,CONDO_UNIT,2604.0,2,OWNER_OCCUPIED,78-8223-150
U-JONU7P0ATPHW,CA-NV-00000267,27F,CONDO_UNIT,1424.0,1,OWNER_OCCUPIED,17-4336-547
U-27HAJ10146RT,CA-NV-00000267,14G,CONDO_UNIT,2391.0,3,OWNER_OCCUPIED,27-9276-732
U-GJRXZ8B8M71Y,CA-NV-00000267,4A,CONDO_UNIT,1599.0,2,OWNER_OCCUPIED,40-6011-581
U-B79IJ52I9K47,CA-NV-00000267,29C,CONDO_UNIT,2527.0,2,OWNER_OCCUPIED,22-3995-970
U-JZ39U7AQRAX9,CA-NV-00000267,6G,CONDO_UNIT,1045.0,3,OWNER_OCCUPIED,89-3176-890
U-GBI2X8GK0HHG,CA-NV-00000267,38E,CONDO_UNIT,2460.0,3,OWNER_OCCUPIED,52-7218-245
U-H0MB6MO4ME7E,CA-NV-00000267,27G,CONDO_UNIT,2040.0,2,OWNER_OCCUPIED,59-5872-601
U-9HFL1M2EYGJL,CA-NV-00000267,21G,CONDO_UNIT,2168.0,2,OWNER_OCCUPIED,84-4298-758
U-T91VA99DRL1G,CA-NV-00000267,39A,CONDO_UNIT,1087.0,5,VACANT,89-6648-274
U-Q3RYXQOICBN7,CA-NV-00000267,31B,CONDO_UNIT,,2,OWNER_OCCUPIED,47-5865-643
U-QCLSGAOHWNNF,CA-NV-00000267,29A,CONDO_UNIT,3115.0,3,OWNER_OCCUPIED,47-5078-315
U-9QW5UJ8ZAE8Z,CA-NV-00000267,36E,CONDO_UNIT,3146.0,3,OWNER_OCCUPIED,43-6677-972
U-XAKP6HM6CFL8,CA-NV-00000267,18F,CONDO_UNIT,2227.0,2,OWNER_OCCUPIED,21-7873-976
U-WD93F2YFVLMU,CA-CA-00000268,24G,CONDO_UNIT,2435.0,2,RENTED,40-4306-215
U-B98HU3EQGXGT,CA-CA-00000268,19G,CONDO_UNIT,2129.0,2,RENTED,29-5999-161
U-YT7U8WR4S4DZ,CA-CA-00000268,19C,CONDO_UNIT,1251.0,2,OWNER_OCCUPIED,97-2930-607
U-SEG5GKUAFSI0,CA-CA-00000268,40D,CONDO_UNIT,2017.0,2,OWNER_OCCUPIED,96-1620-500
U-6UIJ1NH7FF05,CA-CA-00000268,7H,CONDO_UNIT,723.0,2,OWNER_OCCUPIED,
U-NKNSLML9FCFZ,CA-CA-00000268,22F,CONDO_UNIT,1862.0,2,VACANT,68-2927-811
U-THJRZN0BHZQP,CA-CA-00000268,24E,CONDO_UNIT,1960.0,2,OWNER_OCCUPIED,14-2290-270
U-4IB6CZ6GCZBU,CA-CA-00000268,33F,CONDO_UNIT,1429.0,3,OWNER_OCCUPIED,18-2593-428
U-OG2NCFLDPSES,CA-CA-00000268,32H,CONDO_UNIT,2382.0,3,OWNER_OCCUPIED,48-6092-664
U-2IE2QNA2SMSY,CA-CA-00000268,37H,CONDO_UNIT,2623.0,2,RENTED,33-1565-336
U-PUFGOFYWEM7F,CA-CA-00000268,18D,CONDO_UNIT,2372.0,2,RENTED,17-3556-249
U-PY4N531G558K,CA-CA-00000268,21C,CONDO_UNIT,1216.0,5,RENTED,69-6815-742
U-CPOS9S02QYTQ,CA-CA-00000268,33A,CONDO_UNIT,,4,VACANT,27-1456-813
U-0TUTGI1CLPD1,CA-CA-00000268,26F,CONDO_UNIT,2521.0,2,OWNER_OCCUPIED,83-6343-768
U-VB38UJNOXX3B,CA-CA-00000268,31B,CONDO_UNIT,2970.0,2,OWNER_OCCUPIED,26-3183-621
U-JEESXAXRNFPP,CA-CA-00000268,39C,CONDO_UNIT,2730.0,3,RENTED,83-6337-791
U-8SG8O594ODZE,CA-TX-00000269,28B,CONDO_UNIT,1122.0,1,OWNER_OCCUPIED,78-2580-841
U-E5IGNPUXKHI8,CA-TX-00000269,30A,CONDO_UNIT,2596.0,3,OWNER_OCCUPIED,22-2427-847
U-OA01NT7YNXT7,CA-TX-00000269,23H,CONDO_UNIT,769.0,1,VACANT,
U-UB3EKY5TJSA1,CA-TX-00000269,8E,CONDO_UNIT,3146.0,1,RENTED,93-7865-986
U-T6IZUNHUM00P,CA-TX-00000269,38D,CONDO_UNIT,,3,RENTED,21-1666-132
U-QMWYZG3RIV18,CA-TX-00000269,22H,CONDO_UNIT,949.0,2,OWNER_OCCUPIED,51-7316-147
U-3MZHUAMQRTML,CA-TX-00000269,9B,CONDO_UNIT,1312.0,4,OWNER_OCCUPIED,28-9329-473
U-4I1CYWO0K3L6,CA-TX-00000269,5C,CONDO_UNIT,1531.0,1,OWNER_OCCUPIED,76-7160-694
U-6P8ASOBS42BK,CA-TX-00000269,26B,CONDO_UNIT,694.0,3,OWNER_OCCUPIED,28-2501-370
U-Y9R4X65NQD7N,CA-TX-00000269,17G,CONDO_UNIT,2439.0,4,OWNER_OCCUPIED,84-6496-640
U-G9Z2B8I06328,CA-TX-00000269,39H,CONDO_UNIT,1059.0,2,OWNER_OCCUPIED,72-3881-452
U-9862EY0WTU9Y,CA-TX-00000269,38A,CONDO_UNIT,1638.0,4,OWNER_OCCUPIED,56-7908-935
U-ETB79T0917B6,CA-TX-00000269,8B,CONDO_UNIT,1401.0,3,OWNER_OCCUPIED,
U-GQ1QQGXAXX8H,CA-TX-00000269,18E,CONDO_UNIT,1566.0,3,OWNER_OCCUPIED,71-7674-265
U-I42H3CKC2CHX,CA-TX-00000269,25D,CONDO_UNIT,2676.0,4,RENTED,95-6323-733
U-RHHUPZ4PGU0W,CA-TX-00000269,36B,CONDO_UNIT,2199.0,3,OWNER_OCCUPIED,93-3053-127
U-R5VOOJ7OLS8W,CA-TX-00000269,3F,CONDO_UNIT,2629.0,3,RENTED,20-1799-743
U-Y0O9K8O9RTW4,CA-TX-00000269,7H,CONDO_UNIT,2678.0,2,OWNER_OCCUPIED,50-4861-969
U-H1J41CEADXIC,CA-TX-00000269,38C,CONDO_UNIT,2971.0,2,OWNER_OCCUPIED,37-8029-390
U-NUCIPMB3QNXW,CA-TX-00000269,21B,CONDO_UNIT,,2,OWNER_OCCUPIED,84-7707-799
U-EIWZ21VA7LS4,CA-TX-00000269,37D,CONDO_UNIT,1274.0,2,OWNER_OCCUPIED,91-4189-472
U-16WHI5DEWCI4,CA-TX-00000269,3D,CONDO_UNIT,1499.0,3,OWNER_OCCUPIED,79-5014-259
U-2SWV4IJTSNHV,CA-TX-00000269,35D,CONDO_UNIT,1407.0,2,RENTED,24-9388-544
U-JBUIVRNK92BG,CA-TX-00000269,31A,CONDO_UNIT,,1,RENTED,25-4802-942
U-1B21ALXKAP4E,CA-TX-00000269,17G,CONDO_UNIT,1770.0,3,OWNER_OCCUPIED,38-4295-646
U-C8Y0G4OHA7HP,CA-TX-00000269,21H,CONDO_UNIT,2248.0,1,OWNER_OCCUPIED,17-8792-333
U-IIRFLI1VRB9Q,CA-TX-00000269,9D,CONDO_UNIT,2263.0,3,RENTED,27-6319-309
U-BOBQJUTQQEBR,CA-TX-00000269,23A,CONDO_UNIT,2092.0,2,OWNER_OCCUPIED,78-8277-491
U-AD90PM5UWQ1G,CA-TX-00000269,1F,CONDO_UNIT,1492.0,3,VACANT,13-1576-751
U-0VFSDHIF2BOY,CA-TX-00000269,7D,CONDO_UNIT,1950.0,3,VACANT,66-4002-301
U-8TCB5M2GX5NZ,CA-TX-00000269,37E,CONDO_UNIT,2224.0,3,OWNER_OCCUPIED,20-3584-337
U-6S6YSZVJ9IQ0,CA-TX-00000269,2H,CONDO_UNIT,1580.0,1,OWNER_OCCUPIED,53-7284-320
U-E2JU63E4P4P9,CA-GA-00000270,3B,CONDO_UNIT,1887.0,2,OWNER_OCCUPIED,82-2021-408
U-P7WFLLQ5VQ9G,CA-GA-00000270,3G,CONDO_UNIT,1166.0,3,OWNER_OCCUPIED,12-6912-104
U-CJ3XC3270Y1S,CA-GA-00000270,10F,CONDO_UNIT,2998.0,1,OWNER_OCCUPIED,81-6215-775
U-UI6D9PKXVKE7,CA-GA-00000270,35D,CONDO_UNIT,1293.0,1,RENTED,80-4243-198
U-RVAASKM1HSBO,CA-GA-00000270,11A,CONDO_UNIT,2387.0,2,OWNER_OCCUPIED,85-8221-287
U-73J36E310NA7,CA-GA-00000270,36H,CONDO_UNIT,2809.0,3,RENTED,10-4495-872
U-R0B8M2IHC2KX,CA-GA-00000270,4C,CONDO_UNIT,1420.0,4,VACANT,53-5402-567
U-B7FFROXYRNH0,CA-GA-00000270,31D,CONDO_UNIT,2684.0,4,OWNER_OCCUPIED,68-3621-164
U-DOOJWZDUZJ5I,CA-GA-00000270,13H,CONDO_UNIT,1385.0,5,RENTED,41-6923-253
U-QPPEUKB9L5JP,CA-GA-00000270,38H,CONDO_UNIT,1237.0,2,RENTED,70-4632-150
U-YK0T2XTW7XDV,CA-GA-00000270,24F,CONDO_UNIT,2868.0,2,OWNER_OCCUPIED,71-6883-377
U-K2GDMD2JW988,CA-GA-00000270,10C,CONDO_UNIT,2049.0,2,OWNER_OCCUPIED,21-3389-488
U-U7URU8UBG2ZV,CA-GA-00000270,24G,CONDO_UNIT,2807.0,3,OWNER_OCCUPIED,90-6843-722
U-L3HORZM2GJRW,CA-GA-00000270,34F,CONDO_UNIT,2947.0,3,OWNER_OCCUPIED,64-2324-952
U-48NV62MWI6YW,CA-GA-00000270,26B,CONDO_UNIT,3021.0,4,OWNER_OCCUPIED,29-6594-439
U-DUSBK72X4BJU,CA-GA-00000270,4H,CONDO_UNIT,1199.0,4,OWNER_OCCUPIED,66-6076-649
U-C7BX8XXW3W32,CA-GA-00000270,12E,CONDO_UNIT,1723.0,3,OWNER_OCCUPIED,86-4660-395
U-88X1T0YI584O,CA-GA-00000270,14D,CONDO_UNIT,2912.0,2,RENTED,87-7572-873
U-MLLHRP8FYPEL,CA-GA-00000270,8C,CONDO_UNIT,742.0,2,RENTED,25-1061-221
U-S917E95UA84C,CA-GA-00000270,18G,CONDO_UNIT,2850.0,3,OWNER_OCCUPIED,52-6850-909
U-ED523RZZ1A4A,CA-GA-00000270,9A,CONDO_UNIT,2565.0,3,OWNER_OCCUPIED,19-3500-851
U-Q6UH03HQY8J1,CA-GA-00000270,22D,CONDO_UNIT,901.0,4,RENTED,45-1331-307
U-LA67PC7U9K2E,CA-GA-00000270,39D,CONDO_UNIT,3054.0,3,OWNER_OCCUPIED,97-9269-628
U-VEJZRPIR8DO8,CA-GA-00000270,29F,CONDO_UNIT,2011.0,4,RENTED,16-3275-203
U-R67MZ8X4NYQ7,CA-GA-00000270,31E,CONDO_UNIT,1528.0,3,OWNER_OCCUPIED,87-5013-267
U-UIE9OFPLTCA1,CA-GA-00000270,5F,CONDO_UNIT,2410.0,3,OWNER_OCCUPIED,34-7182-155
U-OWVPXWHI3MYZ,CA-GA-00000270,1B,CONDO_UNIT,1852.0,3,OWNER_OCCUPIED,53-3510-245
U-KYGLNYL5D2SM,CA-GA-00000270,4C,CONDO_UNIT,1704.0,3,RENTED,
U-CDQ2OMIP1KNS,CA-GA-00000270,17C,CONDO_UNIT,2419.0,3,OWNER_OCCUPIED,74-2864-870
U-G65Q8LKSOSOV,CA-GA-00000270,18F,CONDO_UNIT,1936.0,1,OWNER_OCCUPIED,58-1193-692
U-JU6HDFC4DTVH,CA-GA-00000270,2B,CONDO_UNIT,2958.0,2,OWNER_OCCUPIED,27-9322-421
U-E92S7LK5I4GB,CA-GA-00000270,31D,CONDO_UNIT,1171.0,2,OWNER_OCCUPIED,93-3258-642
U-74CJXCSE2KGJ,CA-GA-00000270,7G,CONDO_UNIT,2977.0,4,OWNER_OCCUPIED,51-3309-101
U-HHA2CWHRI4FN,CA-GA-00000270,10F,CONDO_UNIT,1622.0,2,OWNER_OCCUPIED,62-3215-953
U-J2AHDHOD2H3G,CA-GA-00000270,16E,CONDO_UNIT,3146.0,5,OWNER_OCCUPIED,73-9919-605
U-PR9D2JTV1UKR,CA-GA-00000270,19D,CONDO_UNIT,1449.0,2,OWNER_OCCUPIED,64-6712-662
U-UGK720OYBB4K,CA-GA-00000270,36F,CONDO_UNIT,1081.0,5,OWNER_OCCUPIED,94-6201-439
U-QQ76VGEGMJYU,CA-GA-00000270,9F,CONDO_UNIT,2452.0,2,RENTED,19-7837-547
U-CA1A8E0BO7FV,CA-GA-00000270,23B,CONDO_UNIT,987.0,2,OWNER_OCCUPIED,53-1662-755
U-01D5WDNPSE97,CA-GA-00000270,10B,CONDO_UNIT,825.0,3,RENTED,90-9287-623
U-IHWW4U74CEZE,CA-GA-00000270,12E,CONDO_UNIT,1603.0,3,OWNER_OCCUPIED,52-4032-833
U-KX1CXBXPAWQP,CA-GA-00000270,26G,CONDO_UNIT,2538.0,2,OWNER_OCCUPIED,39-4726-223
U-OMYMUSERCDBN,CA-GA-00000270,23B,CONDO_UNIT,2388.0,3,RENTED,70-4265-655
U-THYN4KKCKMYA,CA-GA-00000270,40A,CONDO_UNIT,3034.0,2,RENTED,71-5674-298
U-B2BUC7EJ59O2,CA-GA-00000270,2B,CONDO_UNIT,1043.0,3,OWNER_OCCUPIED,76-7400-920
U-RSG296IAI0SY,CA-GA-00000270,30B,CONDO_UNIT,3176.0,5,OWNER_OCCUPIED,51-8623-769
U-ZU26FLRGIQWS,CA-GA-00000270,16C,CONDO_UNIT,1509.0,3,OWNER_OCCUPIED,24-7183-157
U-OD18NXJFJJDZ,CA-GA-00000270,32E,CONDO_UNIT,2464.0,2,OWNER_OCCUPIED,83-5542-718
U-512B0C8N6ZWC,CA-CO-00000271,100,TOWNHOME,681.0,2,OWNER_OCCUPIED,45-9539-961
U-OXWOGS90BNQ8,CA-CO-00000271,101,TOWNHOME,1052.0,2,OWNER_OCCUPIED,32-7126-800
U-WUAYIL7N4WPF,CA-CO-00000271,102,TOWNHOME,2055.0,3,OWNER_OCCUPIED,73-3116-906
U-MQXZQSLDTYM4,CA-CO-00000271,103,TOWNHOME,1786.0,3,OWNER_OCCUPIED,41-3205-714
U-78EMPFHK0VEP,CA-CO-00000271,104,SINGLE_FAMILY,983.0,3,RENTED,76-4452-804
U-JCQ48VYJO9ZR,CA-CO-00000271,105,TOWNHOME,1640.0,2,RENTED,96-8783-217
U-JBYJXNJTS3RP,CA-CO-00000271,106,TOWNHOME,1207.0,2,OWNER_OCCUPIED,39-7933-451
U-DJA5TN67SJ90,CA-CO-00000271,107,TOWNHOME,2308.0,2,OWNER_OCCUPIED,89-9805-303
U-DANRGM6JHXY0,CA-CO-00000271,108,TOWNHOME,2328.0,2,RENTED,25-9069-957
U-AX2B26VP3EHW,CA-CO-00000271,109,TOWNHOME,765.0,2,RENTED,59-9942-369
U-UPJC6PFM9U9H,CA-CO-00000271,110,TOWNHOME,1855.0,2,VACANT,38-3011-720
U-Y58SLNAJXI93,CA-CO-00000271,111,TOWNHOME,1915.0,5,OWNER_OCCUPIED,58-9292-739
U-QCK3P02DEU8A,CA-CO-00000271,112,TOWNHOME,1871.0,2,OWNER_OCCUPIED,82-8567-387
U-8ZCBGCATE9R9,CA-CO-00000271,113,SINGLE_FAMILY,2757.0,2,VACANT,31-9537-100
U-NATKN5EF5G33,CA-CO-00000271,114,SINGLE_FAMILY,2326.0,1,RENTED,52-5655-663
U-RTDGLCZQ2H61,CA-CO-00000271,115,SINGLE_FAMILY,1744.0,3,OWNER_OCCUPIED,28-4234-602
U-NJSPQ3RKELGN,CA-CO-00000271,116,SINGLE_FAMILY,2470.0,2,OWNER_OCCUPIED,16-8387-533
U-0XZHJ7P9DHJM,CA-CO-00000271,117,TOWNHOME,,3,OWNER_OCCUPIED,76-7449-286
U-ZIJD67WI4VU1,CA-CO-00000271,118,TOWNHOME,,5,OWNER_OCCUPIED,64-4763-466
U-GJVR0MS7GRYM,CA-CO-00000271,119,TOWNHOME,3034.0,1,OWNER_OCCUPIED,79-5676-806
U-8HIEXLTDCSJO,CA-CO-00000271,120,SINGLE_FAMILY,2984.0,4,RENTED,38-4683-595
U-CUV2CX5542XR,CA-CO-00000271,121,TOWNHOME,2366.0,3,OWNER_OCCUPIED,47-5323-197
U-OTPRM5Z8L4DG,CA-CO-00000271,122,SINGLE_FAMILY,1249.0,4,RENTED,17-4729-227
U-XQPV9P3MLPZR,CA-CO-00000271,123,TOWNHOME,2450.0,2,OWNER_OCCUPIED,78-3098-411
U-EV5T0IPAB2CQ,CA-CO-00000271,124,SINGLE_FAMILY,2570.0,3,RENTED,29-8725-670
U-U1XLWMBU7V53,CA-CO-00000271,125,SINGLE_FAMILY,3023.0,3,RENTED,45-2029-424
U-E0M9E5RSI4U8,CA-CO-00000271,126,TOWNHOME,1928.0,2,OWNER_OCCUPIED,48-5853-690
U-G5RW1GLUFE35,CA-CO-00000271,127,TOWNHOME,2464.0,5,RENTED,71-7750-890
U-OLE53XOAXEMB,CA-CO-00000271,128,TOWNHOME,,2,RENTED,13-6203-286
U-UAS2O5X4CR8M,CA-CO-00000271,129,SINGLE_FAMILY,1442.0,2,OWNER_OCCUPIED,52-3741-540
U-GSTY666G3C6J,CA-CO-00000271,130,TOWNHOME,,2,OWNER_OCCUPIED,44-4891-812
U-VZEYB6DGZBKN,CA-CO-00000271,131,SINGLE_FAMILY,1841.0,3,OWNER_OCCUPIED,34-6830-575
U-F4L7DOYBKIIK,CA-CO-00000271,132,TOWNHOME,677.0,1,OWNER_OCCUPIED,78-2245-501
U-90RM3FXI0RJQ,CA-CO-00000271,133,TOWNHOME,1360.0,3,RENTED,88-9722-889
U-ODOJKMWQIK3C,CA-CO-00000271,134,TOWNHOME,2845.0,3,VACANT,50-2207-365
U-2DD2TDTJX75D,CA-CO-00000271,135,SINGLE_FAMILY,2669.0,3,VACANT,35-5065-767
U-TBIMLKWH7NBN,CA-CO-00000271,136,TOWNHOME,1980.0,4,RENTED,56-4220-314
U-JCOKVB01L9ES,CA-CO-00000271,137,SINGLE_FAMILY,,2,VACANT,12-3486-460
U-7O0DWW76MHW5,CA-CO-00000271,138,SINGLE_FAMILY,727.0,4,OWNER_OCCUPIED,
U-XTDTVDOME8V6,CA-CO-00000271,139,TOWNHOME,2974.0,2,OWNER_OCCUPIED,50-2818-809
U-PILQAVQ6OR2V,CA-CO-00000271,140,SINGLE_FAMILY,1468.0,5,OWNER_OCCUPIED,87-1431-501
U-0CTPM07FKOAV,CA-CO-00000271,141,SINGLE_FAMILY,,3,OWNER_OCCUPIED,18-4121-997
U-O0ZAII2L8C4I,CA-CO-00000271,142,TOWNHOME,1099.0,2,OWNER_OCCUPIED,47-3402-617
U-BH7M4IUB9QWC,CA-CO-00000271,143,SINGLE_FAMILY,1294.0,4,OWNER_OCCUPIED,35-8373-691
U-W5UHU49YL5FG,CA-CO-00000271,144,SINGLE_FAMILY,2661.0,2,OWNER_OCCUPIED,47-4453-919
U-AVBFHGU0KH9O,CA-CO-00000271,145,SINGLE_FAMILY,2200.0,3,OWNER_OCCUPIED,93-1560-188
U-KJW0MLFRWEA9,CA-CO-00000271,146,SINGLE_FAMILY,1843.0,3,OWNER_OCCUPIED,55-8848-428
U-JAFSR4N7Y4KP,CA-CO-00000271,147,SINGLE_FAMILY,1546.0,2,OWNER_OCCUPIED,20-4313-365
U-P7C436J78GF2,CA-CO-00000271,148,TOWNHOME,2799.0,2,OWNER_OCCUPIED,32-7201-258
U-DXM10YSNWYM5,CA-CO-00000271,149,SINGLE_FAMILY,839.0,2,OWNER_OCCUPIED,80-6575-558
U-8KVYFAMVVLKM,CA-CO-00000271,150,SINGLE_FAMILY,2055.0,1,OWNER_OCCUPIED,75-7310-957
U-Q0OYF16QU06A,CA-CO-00000271,151,TOWNHOME,,3,OWNER_OCCUPIED,64-3909-923
U-NXEGRNJHEWGT,CA-CO-00000271,152,TOWNHOME,2331.0,2,OWNER_OCCUPIED,19-6037-481
U-1IRG0JV1Y8GY,CA-CO-00000271,153,TOWNHOME,1124.0,2,OWNER_OCCUPIED,52-7072-758
U-09Q1WJAMBSLJ,CA-CO-00000271,154,SINGLE_FAMILY,2640.0,2,RENTED,65-4393-944
U-TTGIOHMLSG12,CA-CO-00000271,155,TOWNHOME,,3,OWNER_OCCUPIED,11-2592-732
U-WJUNGLEP01KG,CA-CO-00000271,156,SINGLE_FAMILY,1974.0,4,OWNER_OCCUPIED,29-6800-252
U-SBBIW59T9G4B,CA-CO-00000271,157,SINGLE_FAMILY,2819.0,2,OWNER_OCCUPIED,44-9831-392
U-BQNTL0FW1F8K,CA-CO-00000271,158,SINGLE_FAMILY,710.0,3,OWNER_OCCUPIED,11-6358-508
U-M4OT80XJCHXT,CA-CO-00000271,159,TOWNHOME,1944.0,2,RENTED,56-7575-424
U-CMPG3WMQ8B9U,CA-FL-00000272,12E,CONDO_UNIT,1112.0,3,RENTED,42-5015-459
U-VJ2JZL4LE2U0,CA-FL-00000272,3F,CONDO_UNIT,1414.0,3,OWNER_OCCUPIED,87-3231-313
U-GETGP0JD2CBL,CA-FL-00000272,20H,CONDO_UNIT,2043.0,3,RENTED,37-1166-926
U-QOTQVTM6ARVG,CA-FL-00000272,10B,CONDO_UNIT,,2,OWNER_OCCUPIED,82-8817-525
U-YR0TC0G90Z9T,CA-FL-00000272,34E,CONDO_UNIT,1071.0,1,RENTED,98-7514-587
U-W94WSCBF7PUN,CA-FL-00000272,20H,CONDO_UNIT,1920.0,2,OWNER_OCCUPIED,89-2411-478
U-0O2DH6JT38KE,CA-FL-00000272,32C,CONDO_UNIT,2410.0,4,OWNER_OCCUPIED,17-9840-760
U-VYX1YKYXKRXG,CA-FL-00000272,33F,CONDO_UNIT,1174.0,4,OWNER_OCCUPIED,36-5006-761
U-V9L8DHJUL9LH,CA-FL-00000272,2H,CONDO_UNIT,1433.0,3,OWNER_OCCUPIED,25-8227-638
U-4GG3N6SP4LN6,CA-FL-00000272,39B,CONDO_UNIT,2809.0,3,OWNER_OCCUPIED,69-2610-317
U-DS6ATWYRFGBA,CA-FL-00000272,38C,CONDO_UNIT,2194.0,2,OWNER_OCCUPIED,59-7416-165
U-NXYX26UGQYOF,CA-FL-00000272,32G,CONDO_UNIT,2550.0,2,RENTED,73-2631-487
U-NJ7M42NX2YH3,CA-FL-00000272,32B,CONDO_UNIT,,3,OWNER_OCCUPIED,97-8059-956
U-IPLB98UWWQPL,CA-FL-00000272,10C,CONDO_UNIT,3013.0,4,OWNER_OCCUPIED,19-8195-289
U-O54TI37X47YI,CA-FL-00000272,39F,CONDO_UNIT,,2,RENTED,21-2440-519
U-WDPWSEF6Y4N7,CA-FL-00000272,13E,CONDO_UNIT,2735.0,1,RENTED,47-8578-486
U-5WVOQSD9PAXN,CA-AZ-00000273,28G,CONDO_UNIT,2071.0,2,OWNER_OCCUPIED,69-2376-411
U-JV0B83HRJWCG,CA-AZ-00000273,34H,CONDO_UNIT,3039.0,3,OWNER_OCCUPIED,59-1374-285
U-9LHQKGBMSPTX,CA-AZ-00000273,8B,CONDO_UNIT,1315.0,4,VACANT,19-7194-335
U-Q75YA0S7FHBN,CA-AZ-00000273,16H,CONDO_UNIT,3076.0,2,RENTED,98-3158-194
U-EU6E340WVTM6,CA-AZ-00000273,30B,CONDO_UNIT,1118.0,3,RENTED,33-8061-151
U-2J5O7KZJEXGX,CA-AZ-00000273,7G,CONDO_UNIT,1311.0,4,OWNER_OCCUPIED,71-3627-720
U-ACZUVEA7NDHW,CA-AZ-00000273,25B,CONDO_UNIT,2692.0,3,OWNER_OCCUPIED,94-8225-287
U-OIZNSF5SBRVE,CA-AZ-00000273,12H,CONDO_UNIT,2028.0,5,OWNER_OCCUPIED,75-3034-294
U-RO67MSX54G85,CA-AZ-00000273,11D,CONDO_UNIT,1212.0,2,VACANT,31-8858-691
U-Q4CADOPMQQJE,CA-AZ-00000273,14H,CONDO_UNIT,2017.0,3,OWNER_OCCUPIED,18-3405-259
U-1M9MHWZ07T1S,CA-AZ-00000273,2C,CONDO_UNIT,2318.0,2,OWNER_OCCUPIED,77-2349-536
U-3RGZCD7C1XJR,CA-AZ-00000273,9C,CONDO_UNIT,2637.0,5,OWNER_OCCUPIED,76-6917-466
U-42T5FNOA5N5X,CA-AZ-00000273,31E,CONDO_UNIT,2512.0,3,OWNER_OCCUPIED,85-3427-364
U-F8S243HTWQTF,CA-AZ-00000273,29B,CONDO_UNIT,785.0,3,OWNER_OCCUPIED,54-9981-346
U-0QTHREGXAKFM,CA-AZ-00000273,32H,CONDO_UNIT,1746.0,1,RENTED,39-4062-979
U-BFY9GSZ106A5,CA-AZ-00000273,6A,CONDO_UNIT,,2,OWNER_OCCUPIED,49-5194-446
U-A2QI54HTW9VB,CA-AZ-00000273,6E,CONDO_UNIT,3002.0,2,OWNER_OCCUPIED,10-4201-609
U-SAV244RNSODQ,CA-AZ-00000273,15A,CONDO_UNIT,1790.0,5,OWNER_OCCUPIED,97-3224-269
U-BSKKJ4L496F3,CA-AZ-00000273,29G,CONDO_UNIT,716.0,2,OWNER_OCCUPIED,62-1431-305
U-FJBKJ1CAGJMB,CA-AZ-00000273,16D,CONDO_UNIT,2076.0,3,VACANT,45-1855-704
U-PUWJDY044S1L,CA-AZ-00000273,6C,CONDO_UNIT,808.0,3,OWNER_OCCUPIED,98-1790-759
U-UIN1BK9HA0ZN,CA-AZ-00000273,39H,CONDO_UNIT,658.0,2,RENTED,84-3431-736
U-L89RKFYYK0L4,CA-AZ-00000273,10C,CONDO_UNIT,1760.0,3,RENTED,69-5344-251
U-HWIA57G5YCSD,CA-AZ-00000273,24H,CONDO_UNIT,718.0,1,OWNER_OCCUPIED,59-9860-408
U-6Y74YG5AL5LK,CA-AZ-00000273,25G,CONDO_UNIT,3069.0,3,RENTED,26-2002-208
U-B5K3QWD4BMHV,CA-AZ-00000273,6H,CONDO_UNIT,1433.0,1,OWNER_OCCUPIED,20-4238-301
U-NDVQKXV9DX1A,CA-AZ-00000273,17E,CONDO_UNIT,1994.0,3,RENTED,87-6509-635
U-6ZF68RNCT14V,CA-AZ-00000273,37B,CONDO_UNIT,2253.0,1,OWNER_OCCUPIED,13-7215-753
U-1UT65IX4CBRX,CA-AZ-00000273,13D,CONDO_UNIT,2240.0,3,VACANT,60-7729-299
U-0F6ZBJ5GLQU0,CA-AZ-00000273,12A,CONDO_UNIT,2176.0,2,OWNER_OCCUPIED,54-9817-148
U-WSGBLQ143WM0,CA-AZ-00000273,32C,CONDO_UNIT,1853.0,3,OWNER_OCCUPIED,67-9839-554
U-LF72SPM60DZY,CA-AZ-00000273,2D,CONDO_UNIT,1769.0,2,RENTED,69-6108-116
U-NLSUYEP91XQ6,CA-AZ-00000273,5H,CONDO_UNIT,3078.0,2,VACANT,67-5805-607
U-YMZ58QNK44T0,CA-AZ-00000273,10H,CONDO_UNIT,1840.0,3,OWNER_OCCUPIED,37-9860-469
U-9EALGX87NFAY,CA-AZ-00000273,36F,CONDO_UNIT,823.0,3,OWNER_OCCUPIED,55-8648-454
U-21HTQL9SUPA7,CA-AZ-00000273,24C,CONDO_UNIT,1206.0,3,OWNER_OCCUPIED,17-1893-734
U-G1K0NW4LZ41P,CA-AZ-00000273,37E,CONDO_UNIT,1377.0,3,RENTED,38-3660-826
U-JLIITZCY95NT,CA-AZ-00000273,30E,CONDO_UNIT,2842.0,4,OWNER_OCCUPIED,87-2646-469
U-0VFUT9HWTPEU,CA-AZ-00000273,21A,CONDO_UNIT,743.0,4,RENTED,
U-DURI9A0DMT0T,CA-AZ-00000273,21C,CONDO_UNIT,2889.0,3,RENTED,80-2846-737
U-7P1799EQ9561,CA-AZ-00000273,18H,CONDO_UNIT,883.0,3,OWNER_OCCUPIED,59-8240-616
U-DOWEH8PWCUS3,CA-AZ-00000273,39F,CONDO_UNIT,2426.0,2,OWNER_OCCUPIED,65-3474-185
U-ASEOCFM3Q877,CA-AZ-00000273,34G,CONDO_UNIT,1645.0,2,OWNER_OCCUPIED,
U-W37QXVBOSGQ9,CA-AZ-00000273,9E,CONDO_UNIT,1969.0,1,VACANT,28-6455-431
U-3ASZ9L7IJUOD,CA-AZ-00000273,10C,CONDO_UNIT,2773.0,2,VACANT,49-4940-466
U-8745NC6MS4D4,CA-AZ-00000273,37A,CONDO_UNIT,1427.0,4,RENTED,50-4553-541
U-FLQDVA4LVKYI,CA-AZ-00000273,37G,CONDO_UNIT,809.0,1,OWNER_OCCUPIED,66-7123-816
U-D2A1TCSLCV4S,CA-AZ-00000273,39B,CONDO_UNIT,3074.0,3,OWNER_OCCUPIED,60-6019-395
U-8FE3YD9Y274B,CA-AZ-00000273,6F,CONDO_UNIT,952.0,3,OWNER_OCCUPIED,82-9220-387
U-FNR3IX3ZQK93,CA-AZ-00000273,34H,CONDO_UNIT,2981.0,2,OWNER_OCCUPIED,52-6478-168
U-Q9YKPV5T4OUI,CA-AZ-00000273,7B,CONDO_UNIT,1677.0,2,RENTED,36-4121-321
U-F8PCMQQ5GBBN,CA-AZ-00000273,40A,CONDO_UNIT,1572.0,4,RENTED,86-6080-933
U-Y4EC1QIO2NFS,CA-AZ-00000273,27D,CONDO_UNIT,2553.0,4,OWNER_OCCUPIED,33-2385-576
U-TX3BJ04K0ZCF,CA-AZ-00000273,26E,CONDO_UNIT,2472.0,2,OWNER_OCCUPIED,48-2000-554
U-Z61AKADT685I,CA-AZ-00000273,12F,CONDO_UNIT,2798.0,4,RENTED,88-1501-549
U-MG58QLWHH001,CA-AZ-00000273,23C,CONDO_UNIT,2676.0,2,OWNER_OCCUPIED,17-4209-776
U-2BPB9ROXO9OY,CA-AZ-00000273,30B,CONDO_UNIT,1631.0,1,RENTED,53-8657-456
U-CDKSAA5SHI5C,CA-AZ-00000273,27D,CONDO_UNIT,2632.0,1,OWNER_OCCUPIED,26-5045-852
U-ZZZDM9ZXBXHV,CA-AZ-00000273,31B,CONDO_UNIT,3180.0,2,OWNER_OCCUPIED,43-8507-509
U-UJ46YJNG5E4L,CA-AZ-00000273,2C,CONDO_UNIT,1631.0,2,RENTED,32-2335-110
U-QKMSAORB9UW4,CA-NV-00000274,100,TOWNHOME,2055.0,2,RENTED,53-2741-437
U-YWOF473ED2M4,CA-NV-00000274,101,SINGLE_FAMILY,2221.0,4,OWNER_OCCUPIED,63-1675-390
U-EGZYIT18GQJZ,CA-NV-00000274,102,SINGLE_FAMILY,2066.0,3,OWNER_OCCUPIED,
U-Z3D9XYUB2AXM,CA-NV-00000274,103,SINGLE_FAMILY,,2,OWNER_OCCUPIED,42-1104-743
U-DQHLXKN8RIZF,CA-NV-00000274,104,TOWNHOME,952.0,2,OWNER_OCCUPIED,94-7389-568
U-559RW0NQ0IAZ,CA-NV-00000274,105,SINGLE_FAMILY,1575.0,4,RENTED,84-2352-610
U-EQT0EQMSTCES,CA-NV-00000274,106,SINGLE_FAMILY,1061.0,4,RENTED,96-9919-276
U-E0669HATPUQ8,CA-NV-00000274,107,TOWNHOME,973.0,4,OWNER_OCCUPIED,80-4325-839
U-LH6LIGQZT4TV,CA-NV-00000274,108,TOWNHOME,1758.0,2,OWNER_OCCUPIED,62-9098-351
U-SPXH0HH3YJTC,CA-NV-00000274,109,SINGLE_FAMILY,1676.0,3,OWNER_OCCUPIED,64-8162-793
U-PGT5W0T36RNH,CA-NV-00000274,110,SINGLE_FAMILY,2300.0,4,OWNER_OCCUPIED,69-8830-995
U-3ZXOPLXRZVZ1,CA-NV-00000274,111,SINGLE_FAMILY,,5,OWNER_OCCUPIED,94-8663-606
U-ME20LZ8LRRWH,CA-NV-00000274,112,SINGLE_FAMILY,1166.0,2,RENTED,34-7127-648
U-1JXLK4V6F11H,CA-NV-00000274,113,TOWNHOME,1289.0,3,OWNER_OCCUPIED,29-5121-185
U-YJFYK1V2JCL5,CA-NV-00000274,114,SINGLE_FAMILY,,1,VACANT,81-9992-130
U-Y1KTH53X91Y3,CA-NV-00000274,115,TOWNHOME,1213.0,2,OWNER_OCCUPIED,87-3930-930
U-LYUJ4ZFCQW9X,CA-NV-00000274,116,TOWNHOME,1322.0,2,OWNER_OCCUPIED,64-4343-661
U-VNMDTZH9T5G5,CA-NV-00000274,117,SINGLE_FAMILY,2272.0,2,RENTED,42-8691-512
U-25MCU16GWU21,CA-NV-00000274,118,SINGLE_FAMILY,1308.0,1,OWNER_OCCUPIED,66-9155-447
U-XLLMT5XV3HHK,CA-NV-00000274,119,SINGLE_FAMILY,1718.0,3,OWNER_OCCUPIED,52-6570-155
U-C8EN0LGZPQU8,CA-NV-00000274,120,SINGLE_FAMILY,711.0,2,OWNER_OCCUPIED,56-9928-509
U-MHOR2S39S25R,CA-NV-00000274,121,TOWNHOME,3118.0,4,OWNER_OCCUPIED,56-5900-223
U-7QQHTBB5B9TK,CA-NV-00000274,122,TOWNHOME,917.0,2,OWNER_OCCUPIED,70-3508-550
U-RF8SAW5O52CQ,CA-NV-00000274,123,SINGLE_FAMILY,3008.0,2,OWNER_OCCUPIED,64-7262-893
U-YBDYZO00W1TJ,CA-NV-00000274,124,SINGLE_FAMILY,2257.0,2,VACANT,88-9492-171
U-BY5BZ2K1VG5J,CA-NV-00000274,125,SINGLE_FAMILY,1874.0,3,OWNER_OCCUPIED,40-4353-519
U-L8GB3284AHYS,CA-NV-00000274,126,SINGLE_FAMILY,1059.0,3,OWNER_OCCUPIED,62-6289-518
U-COSSOPCUK6I6,CA-NV-00000274,127,TOWNHOME,1375.0,2,OWNER_OCCUPIED,10-2548-912
U-EPO2U4ICBEKM,CA-NV-00000274,128,TOWNHOME,2754.0,4,OWNER_OCCUPIED,46-2436-133
U-CK952DCIJNUZ,CA-NV-00000274,129,TOWNHOME,2962.0,3,RENTED,61-7062-996
U-Q31N5ENGFRRI,CA-NV-00000274,130,TOWNHOME,3049.0,3,RENTED,84-5343-676
U-NBSNR1LWFQH0,CA-NV-00000274,131,TOWNHOME,,5,RENTED,65-2226-913
U-LCE3Z23V3ROM,CA-NV-00000274,132,TOWNHOME,3011.0,3,RENTED,17-4953-761
U-3U5FMW7O5HF6,CA-NV-00000274,133,SINGLE_FAMILY,1649.0,2,OWNER_OCCUPIED,15-1357-579
U-EYCMAZ7YH1EF,CA-NV-00000274,134,SINGLE_FAMILY,3122.0,1,RENTED,39-8056-857
U-ZELI4QB9BXEG,CA-NV-00000274,135,TOWNHOME,2903.0,3,OWNER_OCCUPIED,95-7247-747
U-FNN0KNK4OK69,CA-NV-00000274,136,SINGLE_FAMILY,2182.0,3,RENTED,68-4578-552
U-AW4GHAQ5NGTO,CA-NV-00000274,137,SINGLE_FAMILY,869.0,3,OWNER_OCCUPIED,16-2080-639
U-AB412385QV6J,CA-NV-00000274,138,SINGLE_FAMILY,974.0,4,OWNER_OCCUPIED,48-2832-223
U-3VRV2RH1W9U3,CA-NV-00000274,139,TOWNHOME,2774.0,3,OWNER_OCCUPIED,
U-G059XDPB8UYI,CA-NV-00000274,140,SINGLE_FAMILY,1262.0,5,OWNER_OCCUPIED,72-2954-891
U-2DEGG5MEV5YJ,CA-NV-00000274,141,TOWNHOME,674.0,2,OWNER_OCCUPIED,21-2261-407
U-L1ESL7DOX2JX,CA-NV-00000274,142,TOWNHOME,1793.0,2,RENTED,43-6783-862
U-KNH0M2NQ541B,CA-NV-00000274,143,SINGLE_FAMILY,1109.0,5,OWNER_OCCUPIED,75-6160-180
U-J7IE1PVLPH46,CA-NV-00000274,144,SINGLE_FAMILY,1581.0,2,RENTED,23-9019-727
U-PLEP0Z7ZT7EW,CA-GA-00000275,100,SINGLE_FAMILY,2347.0,5,OWNER_OCCUPIED,88-6750-996
U-P0EALKKB3A6E,CA-GA-00000275,101,SINGLE_FAMILY,2729.0,3,VACANT,91-9396-991
U-4U9HHQC6WMO6,CA-GA-00000275,102,TOWNHOME,2026.0,3,OWNER_OCCUPIED,79-4171-984
U-FXQXLJ7UYWV9,CA-GA-00000275,103,SINGLE_FAMILY,1602.0,1,OWNER_OCCUPIED,40-2445-331
U-66QQ3FVVGVTU,CA-GA-00000275,104,TOWNHOME,909.0,2,OWNER_OCCUPIED,30-8547-908
U-CBPDE5NXTA7R,CA-GA-00000275,105,TOWNHOME,1322.0,3,OWNER_OCCUPIED,67-4483-595
U-GFWHDKKDU5PX,CA-GA-00000275,106,SINGLE_FAMILY,870.0,4,OWNER_OCCUPIED,17-7916-687
U-YOAPWRZEWSHT,CA-GA-00000275,107,TOWNHOME,1470.0,3,OWNER_OCCUPIED,10-3383-222
U-2KR7UUZMEUQO,CA-GA-00000275,108,SINGLE_FAMILY,1338.0,5,RENTED,
U-LDBPY79A5D7Z,CA-GA-00000275,109,TOWNHOME,1300.0,3,RENTED,79-9259-695
U-FYX74S5KUJJN,CA-GA-00000275,110,SINGLE_FAMILY,1586.0,1,OWNER_OCCUPIED,71-4114-645
U-L98MBJ1CNACO,CA-GA-00000275,111,TOWNHOME,2655.0,2,OWNER_OCCUPIED,42-3391-305
U-9JCHJ7N2VZB0,CA-GA-00000275,112,SINGLE_FAMILY,2421.0,2,OWNER_OCCUPIED,31-9383-462
U-H89DSRUX72Y7,CA-GA-00000275,113,TOWNHOME,2748.0,2,OWNER_OCCUPIED,74-8748-822
U-QT893I9RKF3O,CA-GA-00000275,114,SINGLE_FAMILY,1297.0,4,OWNER_OCCUPIED,81-6380-867
U-F1YCI6FQCFVB,CA-GA-00000275,115,SINGLE_FAMILY,1851.0,3,OWNER_OCCUPIED,94-8288-316
U-XVB9RIRI12A4,CA-GA-00000275,116,SINGLE_FAMILY,1144.0,2,OWNER_OCCUPIED,47-8434-589
U-9OFZQZUN5T5T,CA-GA-00000275,117,TOWNHOME,980.0,3,OWNER_OCCUPIED,29-7383-974
U-6OKM1D1ZTFST,CA-GA-00000275,118,TOWNHOME,3037.0,2,OWNER_OCCUPIED,78-6413-188
U-0F5NZPVJGJVY,CA-GA-00000275,119,SINGLE_FAMILY,958.0,1,RENTED,89-3691-119
U-PTAZ5158R9B5,CA-GA-00000275,120,SINGLE_FAMILY,1264.0,4,RENTED,48-1113-237
U-72CQXAEUBVIH,CA-GA-00000275,121,SINGLE_FAMILY,3017.0,3,VACANT,89-2560-496
U-YF6HD71NQ21Y,CA-AZ-00000276,30E,CONDO_UNIT,1109.0,2,OWNER_OCCUPIED,39-6828-903
U-23I8NNR728MG,CA-AZ-00000276,17E,CONDO_UNIT,1244.0,3,OWNER_OCCUPIED,90-4792-957
U-T0QWWXU8W4FQ,CA-AZ-00000276,22A,CONDO_UNIT,2332.0,3,OWNER_OCCUPIED,10-9697-666
U-6SYY2770J1BH,CA-AZ-00000276,40D,CONDO_UNIT,1005.0,2,OWNER_OCCUPIED,44-2974-665
U-MQA0CVIGU0US,CA-AZ-00000276,18A,CONDO_UNIT,2941.0,1,OWNER_OCCUPIED,56-1996-850
U-0S1AOOIN7AQP,CA-AZ-00000276,9B,CONDO_UNIT,,3,OWNER_OCCUPIED,81-1224-492
U-SDQ9AL3UCT78,CA-AZ-00000276,15F,CONDO_UNIT,834.0,1,OWNER_OCCUPIED,95-6677-364
U-OLCAN4NOQQRM,CA-AZ-00000276,28E,CONDO_UNIT,2699.0,2,OWNER_OCCUPIED,89-5286-637
U-A277NSK878WQ,CA-AZ-00000276,34C,CONDO_UNIT,1952.0,5,VACANT,79-6720-642
U-EBJGONVA7F80,CA-AZ-00000276,36F,CONDO_UNIT,1549.0,3,OWNER_OCCUPIED,69-9480-126
U-AJRR66R6FKK8,CA-AZ-00000276,6H,CONDO_UNIT,1563.0,1,OWNER_OCCUPIED,89-7931-843
U-RNBWI8BQHDIE,CA-AZ-00000276,1H,CONDO_UNIT,926.0,2,OWNER_OCCUPIED,69-7087-177
U-JG1G6A4KH8D7,CA-AZ-00000276,31G,CONDO_UNIT,1691.0,2,OWNER_OCCUPIED,88-2636-108
U-BPRBQX0L1VY3,CA-AZ-00000276,23C,CONDO_UNIT,665.0,3,RENTED,30-7631-447
U-UIN7J9NYPU4K,CA-AZ-00000276,35E,CONDO_UNIT,1467.0,2,RENTED,39-5506-924
U-UOY47OAHG0LP,CA-AZ-00000276,7E,CONDO_UNIT,1461.0,2,OWNER_OCCUPIED,34-6388-149
U-ELDFL7AYKU0Y,CA-AZ-00000276,7H,CONDO_UNIT,1386.0,2,RENTED,47-7512-154
U-S1A3RKP58UP0,CA-AZ-00000276,40G,CONDO_UNIT,1781.0,3,OWNER_OCCUPIED,66-7013-467
U-4E6U846BNN7F,CA-AZ-00000276,15A,CONDO_UNIT,3009.0,3,OWNER_OCCUPIED,65-6286-690
U-ICHGVOH59NBV,CA-AZ-00000276,37D,CONDO_UNIT,,2,OWNER_OCCUPIED,94-5331-291
U-K034EKF60DUC,CA-AZ-00000276,9F,CONDO_UNIT,1710.0,3,OWNER_OCCUPIED,89-8536-317
U-LO3M0TDJPARS,CA-AZ-00000276,34H,CONDO_UNIT,2022.0,2,OWNER_OCCUPIED,27-3647-695
U-3DC95XTCGND8,CA-AZ-00000276,33G,CONDO_UNIT,1731.0,2,OWNER_OCCUPIED,80-5803-124
U-ZWLJD8FQ9KRR,CA-AZ-00000276,37H,CONDO_UNIT,2682.0,3,OWNER_OCCUPIED,62-7372-619
U-WUVZPLV1CRY1,CA-AZ-00000276,17C,CONDO_UNIT,884.0,2,OWNER_OCCUPIED,66-6824-119
U-DY6OUHNT7JY6,CA-AZ-00000276,9D,CONDO_UNIT,2351.0,2,OWNER_OCCUPIED,87-2787-353
U-JYLVPYCB00DD,CA-AZ-00000276,20F,CONDO_UNIT,784.0,3,VACANT,97-7963-165
U-Q52I21YLKNND,CA-AZ-00000276,32C,CONDO_UNIT,1908.0,1,OWNER_OCCUPIED,71-7475-111
U-6F6LZS78251R,CA-AZ-00000276,30B,CONDO_UNIT,1459.0,3,VACANT,83-1533-384
U-1E5TPT0ECRBT,CA-AZ-00000276,20F,CONDO_UNIT,1353.0,3,OWNER_OCCUPIED,81-8201-104
U-9GSK10L7I68U,CA-AZ-00000276,22A,CONDO_UNIT,1831.0,3,OWNER_OCCUPIED,70-9679-507
U-YU57N6I3HGCR,CA-AZ-00000276,38F,CONDO_UNIT,1370.0,4,OWNER_OCCUPIED,46-9971-971
U-G38QJOMMVK2P,CA-AZ-00000276,8D,CONDO_UNIT,2036.0,2,OWNER_OCCUPIED,98-5071-938
U-PT036SAAJ93H,CA-AZ-00000276,7C,CONDO_UNIT,706.0,3,OWNER_OCCUPIED,11-3252-836
U-ZOGD2T7F9BUT,CA-AZ-00000276,15C,CONDO_UNIT,2998.0,3,OWNER_OCCUPIED,92-2901-130
U-O49FPUXHAOYY,CA-AZ-00000276,7F,CONDO_UNIT,2858.0,2,OWNER_OCCUPIED,69-7015-170
U-ST6VKTV0G4MR,CA-AZ-00000276,21B,CONDO_UNIT,3057.0,2,OWNER_OCCUPIED,76-8134-550
U-1WT9B4LN2KGZ,CA-AZ-00000276,8F,CONDO_UNIT,1125.0,2,RENTED,87-1018-136
U-X09FKY2QE87H,CA-AZ-00000276,30F,CONDO_UNIT,3159.0,3,OWNER_OCCUPIED,57-3251-642
U-H2AL0DKLFZ2J,CA-AZ-00000276,1F,CONDO_UNIT,688.0,2,OWNER_OCCUPIED,49-3385-820
U-YAVWDUM0JXQ5,CA-AZ-00000276,8D,CONDO_UNIT,1949.0,3,OWNER_OCCUPIED,19-9245-314
U-NLPPXD35WK6K,CA-AZ-00000276,30F,CONDO_UNIT,2049.0,3,RENTED,33-8549-792
U-QYI82GWS5I54,CA-AZ-00000276,14F,CONDO_UNIT,1924.0,3,OWNER_OCCUPIED,87-8898-772
U-OCNKJ4ALXM3M,CA-AZ-00000276,18E,CONDO_UNIT,2519.0,3,OWNER_OCCUPIED,74-6634-465
U-HJQ57N1LY0NN,CA-AZ-00000276,22C,CONDO_UNIT,1287.0,3,OWNER_OCCUPIED,15-5500-479
U-XJU91OEQ5JLF,CA-AZ-00000276,3H,CONDO_UNIT,3049.0,5,OWNER_OCCUPIED,34-7079-168
U-0Y11U43BAHQC,CA-AZ-00000276,35C,CONDO_UNIT,1390.0,3,OWNER_OCCUPIED,18-6396-201
U-XDLU50L7G384,CA-AZ-00000276,2D,CONDO_UNIT,1985.0,3,OWNER_OCCUPIED,82-8642-526
U-7UT5IDDF1N5D,CA-AZ-00000276,12A,CONDO_UNIT,2658.0,3,RENTED,69-3761-844
U-YXD1TUKJB8GC,CA-AZ-00000276,15H,CONDO_UNIT,2192.0,3,RENTED,18-2755-472
U-WNYXN62P0N5S,CA-AZ-00000276,6H,CONDO_UNIT,2484.0,2,OWNER_OCCUPIED,22-4080-640
U-HTGP6BNG2UIU,CA-AZ-00000276,16F,CONDO_UNIT,1097.0,3,OWNER_OCCUPIED,27-3609-240
U-PCWZM9BR221A,CA-AZ-00000276,7D,CONDO_UNIT,2737.0,2,RENTED,87-1944-493
U-R0UQLDUCOWMO,CA-AZ-00000276,8H,CONDO_UNIT,2325.0,3,RENTED,74-1486-705
U-NN3UEXWLJHAD,CA-AZ-00000276,27H,CONDO_UNIT,1758.0,2,RENTED,24-3052-686
U-R1SJBH2V1GAG,CA-AZ-00000276,16F,CONDO_UNIT,1485.0,2,RENTED,81-6486-782
U-PGJ5S5OCX3PJ,CA-AZ-00000276,2H,CONDO_UNIT,,3,RENTED,36-9584-862
U-580POIH0CK0Y,CA-AZ-00000276,16C,CONDO_UNIT,2583.0,2,OWNER_OCCUPIED,10-7801-624
U-A01U282G452I,CA-AZ-00000276,25B,CONDO_UNIT,2369.0,3,OWNER_OCCUPIED,11-3749-435
U-6UMMVZU6FU47,CA-AZ-00000276,2D,CONDO_UNIT,1404.0,3,OWNER_OCCUPIED,27-4565-632
U-Q7OZ46YL1F1P,CA-CA-00000277,100,SINGLE_FAMILY,2859.0,3,RENTED,79-5236-821
U-U1PSTWHGHVO3,CA-CA-00000277,101,TOWNHOME,669.0,2,OWNER_OCCUPIED,66-8032-507
U-EOJJ6LW2Z8I6,CA-CA-00000277,102,TOWNHOME,2892.0,2,OWNER_OCCUPIED,60-4697-135
U-3XB1NJ9X416E,CA-CA-00000277,103,TOWNHOME,2716.0,3,OWNER_OCCUPIED,27-7998-422
U-2YFTMK0F8JDL,CA-CA-00000277,104,SINGLE_FAMILY,1568.0,4,OWNER_OCCUPIED,31-8505-760
U-KICWB21H3HZO,CA-CA-00000277,105,TOWNHOME,2199.0,2,OWNER_OCCUPIED,29-1910-426
U-B6PJ0UF2LC6I,CA-CA-00000277,106,SINGLE_FAMILY,1665.0,2,OWNER_OCCUPIED,94-8518-163
U-OE6WHZUQLUJL,CA-CA-00000277,107,SINGLE_FAMILY,1050.0,3,OWNER_OCCUPIED,25-8636-652
U-2PUST8G4GY54,CA-CA-00000277,108,TOWNHOME,,2,VACANT,95-7667-877
U-UN4XAZPSM5TR,CA-CA-00000277,109,TOWNHOME,673.0,3,OWNER_OCCUPIED,11-2241-215
U-2FAH16IJYLIL,CA-CA-00000277,110,TOWNHOME,3171.0,5,OWNER_OCCUPIED,68-6825-613
U-6V9TJNSL704C,CA-CA-00000277,111,SINGLE_FAMILY,1819.0,2,OWNER_OCCUPIED,78-5191-222
U-D2NLYJE3W6GD,CA-CA-00000277,112,TOWNHOME,1420.0,3,RENTED,48-2784-726
U-U3Q0JYRWSG2J,CA-CA-00000277,113,TOWNHOME,2299.0,3,RENTED,94-7761-709
U-6DS8XTG56QXM,CA-CA-00000277,114,SINGLE_FAMILY,1526.0,4,OWNER_OCCUPIED,28-9921-717
U-1FWUP8BREKSM,CA-CA-00000277,115,SINGLE_FAMILY,833.0,1,OWNER_OCCUPIED,
U-VY9I01DFUWWN,CA-CA-00000277,116,TOWNHOME,2186.0,3,RENTED,61-7454-344
U-D9PUGY5RDKU8,CA-CA-00000277,117,TOWNHOME,1170.0,4,VACANT,92-3186-781
U-I3ANBU0WZNE4,CA-CA-00000277,118,SINGLE_FAMILY,2694.0,3,OWNER_OCCUPIED,17-3355-495
U-R4X02IBIELVE,CA-CA-00000277,119,TOWNHOME,1010.0,3,OWNER_OCCUPIED,80-2450-239
U-OL0ESRRI8U9R,CA-CA-00000277,120,SINGLE_FAMILY,982.0,4,OWNER_OCCUPIED,57-5407-195
U-90QF9EQFL886,CA-CA-00000277,121,TOWNHOME,2370.0,3,OWNER_OCCUPIED,83-1691-515
U-TPTWYAS6KDL5,CA-CA-00000277,122,SINGLE_FAMILY,2864.0,4,VACANT,14-2629-512
U-A6HH73PWS0I4,CA-CA-00000277,123,SINGLE_FAMILY,2490.0,5,OWNER_OCCUPIED,60-4513-362
U-TC0HANZ86LMY,CA-CA-00000277,124,TOWNHOME,1939.0,3,OWNER_OCCUPIED,20-5946-741
U-4FJHZI4NKPK2,CA-CA-00000277,125,TOWNHOME,1431.0,2,OWNER_OCCUPIED,32-1552-596
U-83URVYSEX5XE,CA-CA-00000277,126,SINGLE_FAMILY,1066.0,2,VACANT,53-4629-620
U-W3NQWQILGWJP,CA-CA-00000277,127,SINGLE_FAMILY,940.0,2,OWNER_OCCUPIED,59-8730-643
U-GKJ38RW65NH7,CA-CA-00000277,128,TOWNHOME,1573.0,3,VACANT,13-7177-533
U-73XAQ9F3KT5Q,CA-CA-00000277,129,SINGLE_FAMILY,2934.0,3,OWNER_OCCUPIED,49-2226-562
U-0ZK97YLP06JL,CA-CA-00000277,130,SINGLE_FAMILY,2213.0,1,OWNER_OCCUPIED,55-2956-371
U-M33FGC750DV6,CA-CA-00000277,131,TOWNHOME,2382.0,2,RENTED,76-8356-749
U-EN1BEWJEGMA4,CA-CA-00000277,132,SINGLE_FAMILY,1253.0,3,OWNER_OCCUPIED,73-4224-336
U-OJE6WZ0BWGPU,CA-CA-00000277,133,SINGLE_FAMILY,2850.0,3,VACANT,97-1517-924
U-W8KTMJMA59SG,CA-CA-00000277,134,TOWNHOME,2932.0,3,OWNER_OCCUPIED,73-8957-501
U-PLF004RK9O2V,CA-CA-00000277,135,SINGLE_FAMILY,1307.0,2,RENTED,83-1307-968
U-Y7I6YC3DN4KM,CA-CA-00000277,136,TOWNHOME,1938.0,2,RENTED,71-1123-772
U-4TK1QYBQI6WP,CA-CA-00000277,137,SINGLE_FAMILY,1723.0,2,OWNER_OCCUPIED,69-5421-917
U-SE942POOE7BU,CA-CA-00000277,138,SINGLE_FAMILY,3019.0,3,RENTED,56-2769-541
U-Q5GZJPA04UEG,CA-CA-00000277,139,TOWNHOME,,3,OWNER_OCCUPIED,22-4229-240
U-R1E5WZVXK6SG,CA-CA-00000277,140,SINGLE_FAMILY,3155.0,3,OWNER_OCCUPIED,51-9414-761
U-VNZ8GU5JTDNB,CA-CA-00000277,141,SINGLE_FAMILY,1636.0,3,OWNER_OCCUPIED,22-9986-863
U-S7LWO2PVY3LC,CA-CA-00000277,142,TOWNHOME,2514.0,1,OWNER_OCCUPIED,51-9317-587
U-T72FE05XQIJA,CA-CA-00000277,143,SINGLE_FAMILY,3102.0,1,OWNER_OCCUPIED,89-7002-539
U-FUR0GVIWJSJM,CA-CA-00000277,144,TOWNHOME,1935.0,3,OWNER_OCCUPIED,46-7004-729
U-HLKA1IN9E1U0,CA-CA-00000277,145,TOWNHOME,1282.0,2,RENTED,75-6665-673
U-JZ6YAIGOAU0N,CA-CA-00000277,146,SINGLE_FAMILY,1516.0,1,OWNER_OCCUPIED,82-7171-839
U-EQVE2WMASGDV,CA-CA-00000277,147,TOWNHOME,1831.0,2,RENTED,41-3169-332
U-TYDYAB2EJKIA,CA-CA-00000277,148,TOWNHOME,,1,RENTED,80-7571-222
U-IO44ZYCDIF0W,CA-CA-00000277,149,SINGLE_FAMILY,3011.0,5,RENTED,73-9917-713
U-8YEDXA05BM2K,CA-CA-00000277,150,SINGLE_FAMILY,2517.0,3,OWNER_OCCUPIED,37-6690-884
U-TR5GVEXBW6BA,CA-VA-00000278,19C,CONDO_UNIT,1924.0,3,RENTED,43-6009-739
U-SRYOZAVA87Z1,CA-VA-00000278,2C,CONDO_UNIT,994.0,2,RENTED,50-3007-864
U-1FP1R6B3CHJG,CA-VA-00000278,37A,CONDO_UNIT,1041.0,3,OWNER_OCCUPIED,85-2438-507
U-O596A42SPC58,CA-VA-00000278,13G,CONDO_UNIT,890.0,2,OWNER_OCCUPIED,77-9018-186
U-H1T8J87305AS,CA-VA-00000278,3B,CONDO_UNIT,877.0,2,OWNER_OCCUPIED,21-1157-752
U-7ERMI9F7WXM0,CA-VA-00000278,31D,CONDO_UNIT,1619.0,2,OWNER_OCCUPIED,17-1751-984
U-GCX4RND6513G,CA-VA-00000278,30F,CONDO_UNIT,2655.0,2,OWNER_OCCUPIED,68-4519-703
U-1O1CGYGTOO5E,CA-VA-00000278,21D,CONDO_UNIT,2178.0,2,OWNER_OCCUPIED,17-1724-678
U-WPH334MSM8SV,CA-VA-00000278,6F,CONDO_UNIT,3049.0,2,OWNER_OCCUPIED,92-6581-176
U-L8WI06WC3UB0,CA-VA-00000278,9E,CONDO_UNIT,2124.0,3,OWNER_OCCUPIED,76-3984-455
U-S4NPLZYUVWG2,CA-VA-00000278,27G,CONDO_UNIT,2412.0,3,OWNER_OCCUPIED,34-9240-815
U-6BE6B1EQ6ISF,CA-VA-00000278,19B,CONDO_UNIT,1919.0,1,RENTED,48-6362-333
U-43HKHST96BEL,CA-VA-00000278,30G,CONDO_UNIT,,2,RENTED,65-5073-226
U-J1N8AN9A48YI,CA-VA-00000278,30F,CONDO_UNIT,729.0,3,OWNER_OCCUPIED,
U-MAKF88M9G32C,CA-VA-00000278,36B,CONDO_UNIT,1469.0,3,RENTED,63-7507-597
U-HDDZQD913RL6,CA-VA-00000278,22G,CONDO_UNIT,,2,OWNER_OCCUPIED,62-7877-435
U-OSGR8IF1JM7Y,CA-VA-00000278,8A,CONDO_UNIT,1091.0,1,RENTED,
U-3GGY3SAQEPPB,CA-VA-00000278,38G,CONDO_UNIT,2044.0,2,RENTED,49-4496-956
U-M9UMUGMGIQ4Y,CA-VA-00000278,14F,CONDO_UNIT,1484.0,2,OWNER_OCCUPIED,97-8004-201
U-4ELNIBOY1S03,CA-VA-00000278,29H,CONDO_UNIT,2497.0,2,RENTED,44-1809-598
U-BY84EFE552RA,CA-VA-00000278,3G,CONDO_UNIT,1860.0,3,OWNER_OCCUPIED,57-1770-655
U-9U8QRQAXLBDR,CA-VA-00000278,5A,CONDO_UNIT,2966.0,3,OWNER_OCCUPIED,46-2741-801
U-C1DBNPSGJMO1,CA-VA-00000278,35H,CONDO_UNIT,1553.0,5,OWNER_OCCUPIED,90-7598-135
U-B4EM8RBPGOBQ,CA-VA-00000278,33B,CONDO_UNIT,2273.0,4,RENTED,34-3196-796
U-KH3YXQCD53VM,CA-VA-00000278,8A,CONDO_UNIT,1387.0,5,OWNER_OCCUPIED,86-4930-442
U-E581B3B0RBL7,CA-VA-00000278,17C,CONDO_UNIT,750.0,3,OWNER_OCCUPIED,25-3577-810
U-XK87EAO3TM78,CA-VA-00000278,38B,CONDO_UNIT,1618.0,2,OWNER_OCCUPIED,44-6067-120
U-WERSRP9GLJVC,CA-VA-00000278,31B,CONDO_UNIT,2076.0,4,RENTED,36-5651-774
U-JZW0H3BFWQA2,CA-VA-00000278,23H,CONDO_UNIT,2439.0,3,OWNER_OCCUPIED,18-2412-538
U-L37ZY75YYUL0,CA-NC-00000279,100,TOWNHOME,1644.0,3,OWNER_OCCUPIED,85-4996-471
U-SISBDGVQOLPW,CA-NC-00000279,101,SINGLE_FAMILY,2116.0,2,OWNER_OCCUPIED,14-7987-484
U-RMD0HGPSWAMY,CA-NC-00000279,102,TOWNHOME,829.0,2,OWNER_OCCUPIED,96-3915-660
U-W9ERMCIU1PHP,CA-NC-00000279,103,SINGLE_FAMILY,796.0,2,OWNER_OCCUPIED,76-2590-624
U-2FCIQCT4HIFA,CA-NC-00000279,104,SINGLE_FAMILY,,2,OWNER_OCCUPIED,33-8067-473
U-LTQ7CRO4ZZLX,CA-NC-00000279,105,TOWNHOME,1472.0,3,VACANT,33-6847-690
U-BISIUJ29FYNL,CA-NC-00000279,106,SINGLE_FAMILY,1737.0,3,OWNER_OCCUPIED,58-2267-743
U-B7YMOWSJGYJH,CA-NC-00000279,107,TOWNHOME,1692.0,3,RENTED,
U-KHRST8855GTT,CA-NC-00000279,108,TOWNHOME,756.0,2,RENTED,44-4730-625
U-ZNZXR0MUNYA1,CA-NC-00000279,109,SINGLE_FAMILY,2354.0,3,VACANT,78-4230-464
U-5ZYUKKT8KAIC,CA-NC-00000279,110,TOWNHOME,1525.0,2,RENTED,81-5888-409
U-7KGQR8UHJYMZ,CA-NC-00000279,111,TOWNHOME,3180.0,2,VACANT,44-9122-766
U-K9PT2LGS6RT2,CA-NC-00000279,112,SINGLE_FAMILY,678.0,4,OWNER_OCCUPIED,56-7796-691
U-2BKR7XNOHTZN,CA-NC-00000279,113,TOWNHOME,1953.0,4,OWNER_OCCUPIED,34-2470-942
U-2FKZR228ZPD9,CA-NC-00000279,114,SINGLE_FAMILY,2256.0,2,RENTED,21-4084-853
U-3J0S82QMFPAB,CA-NC-00000279,115,SINGLE_FAMILY,1087.0,2,OWNER_OCCUPIED,
U-FZUTMLSKCTXP,CA-NC-00000279,116,TOWNHOME,767.0,2,OWNER_OCCUPIED,58-3066-500
U-V3IQA1OOMO30,CA-NC-00000279,117,TOWNHOME,2349.0,4,OWNER_OCCUPIED,97-5138-676
U-7IMT8RUHFCWS,CA-NC-00000279,118,SINGLE_FAMILY,2818.0,2,OWNER_OCCUPIED,16-3176-247
U-A1GBTLW0YWB8,CA-NC-00000279,119,SINGLE_FAMILY,1841.0,2,OWNER_OCCUPIED,95-6019-411
U-ZZIEIBHJSMC6,CA-NC-00000279,120,TOWNHOME,2314.0,3,VACANT,81-5574-394
U-L2J0J1UWHU77,CA-NC-00000279,121,TOWNHOME,,4,OWNER_OCCUPIED,13-6536-144
U-H9RO485RN80R,CA-NC-00000279,122,SINGLE_FAMILY,2865.0,3,OWNER_OCCUPIED,39-2241-704
U-2IEHK9SYHRTU,CA-NC-00000279,123,SINGLE_FAMILY,689.0,3,OWNER_OCCUPIED,89-6396-718
U-VSZ32H3PK7N3,CA-NC-00000279,124,TOWNHOME,2303.0,2,RENTED,75-3997-568
U-ULM44Y1KV649,CA-NC-00000279,125,TOWNHOME,2046.0,1,OWNER_OCCUPIED,39-5749-286
U-XBX3A9RM4BMH,CA-NC-00000279,126,SINGLE_FAMILY,2751.0,2,RENTED,45-9381-201
U-FKIBJW329JPM,CA-NC-00000279,127,TOWNHOME,1381.0,4,OWNER_OCCUPIED,65-9395-318
U-PSL64LG20UHS,CA-NC-00000279,128,SINGLE_FAMILY,2126.0,3,RENTED,76-8182-635
U-HJZ0P8NCXTQ1,CA-NC-00000279,129,TOWNHOME,2851.0,2,OWNER_OCCUPIED,14-9826-531
U-NS7NKC9SCGF1,CA-NC-00000279,130,SINGLE_FAMILY,2935.0,2,OWNER_OCCUPIED,74-7323-445
U-9FRSGH1T5730,CA-NC-00000279,131,TOWNHOME,675.0,3,RENTED,83-6190-137
U-N9HINLRWZPDN,CA-NC-00000279,132,SINGLE_FAMILY,1697.0,2,OWNER_OCCUPIED,65-4801-533
U-4VOS701OZQU3,CA-NC-00000279,133,SINGLE_FAMILY,1158.0,4,RENTED,27-7049-884
U-GRIUXJ2CATSO,CA-NC-00000279,134,SINGLE_FAMILY,1240.0,3,RENTED,89-2467-549
U-45YMLP9JRMF9,CA-NC-00000279,135,SINGLE_FAMILY,,4,OWNER_OCCUPIED,10-2305-665
U-NSQNOZSC2743,CA-NC-00000279,136,SINGLE_FAMILY,2416.0,3,OWNER_OCCUPIED,24-3226-488
U-Q94KV0QPVFI0,CA-NC-00000279,137,SINGLE_FAMILY,905.0,3,OWNER_OCCUPIED,82-5209-826
U-Z67B0E1IFW0J,CA-NC-00000279,138,SINGLE_FAMILY,3178.0,2,VACANT,23-5581-608
U-VGCJNTFIB6JL,CA-NC-00000279,139,SINGLE_FAMILY,2786.0,2,OWNER_OCCUPIED,63-7782-754
U-UCNNDMWJX4VN,CA-NC-00000279,140,SINGLE_FAMILY,,3,OWNER_OCCUPIED,59-7693-480
U-UEF555X1TY9X,CA-NC-00000279,141,SINGLE_FAMILY,2737.0,2,RENTED,80-9220-578
U-X4LB7XVQILDV,CA-NC-00000279,142,TOWNHOME,2352.0,2,OWNER_OCCUPIED,59-8561-404
U-HWIB60EGNRFR,CA-NC-00000279,143,TOWNHOME,758.0,4,OWNER_OCCUPIED,61-1648-816
U-7T0BKFMI9UL4,CA-NC-00000279,144,SINGLE_FAMILY,1398.0,1,OWNER_OCCUPIED,39-8206-877
U-GW3XN2W5KJBZ,CA-NC-00000279,145,SINGLE_FAMILY,2463.0,1,OWNER_OCCUPIED,16-2739-818
U-QTLOTHPIX675,CA-TX-00000280,18C,CONDO_UNIT,,2,OWNER_OCCUPIED,96-4427-239
U-YJVHB688C7K1,CA-TX-00000280,12B,CONDO_UNIT,,3,RENTED,14-7572-287
U-YDPJSPFSPNC5,CA-TX-00000280,4D,CONDO_UNIT,1288.0,4,OWNER_OCCUPIED,
U-NFXQPR2T5CQM,CA-TX-00000280,33A,CONDO_UNIT,912.0,3,OWNER_OCCUPIED,63-3970-435
U-BJVVLBODUBCV,CA-TX-00000280,30C,CONDO_UNIT,692.0,3,OWNER_OCCUPIED,70-1036-870
U-IXHYE5X2JP4O,CA-TX-00000280,12A,CONDO_UNIT,1158.0,1,OWNER_OCCUPIED,51-8687-209
U-B3A27V0SR0OF,CA-TX-00000280,26D,CONDO_UNIT,1751.0,3,OWNER_OCCUPIED,73-4425-946
U-1UEOMOCTPCQC,CA-TX-00000280,29F,CONDO_UNIT,1448.0,4,OWNER_OCCUPIED,35-3039-618
U-VZTOKK4B86K2,CA-TX-00000280,16F,CONDO_UNIT,,3,OWNER_OCCUPIED,66-4140-566
U-0FH9T4NAGCKJ,CA-TX-00000280,34A,CONDO_UNIT,670.0,5,OWNER_OCCUPIED,19-7902-146
U-51DLBDJ0C7VF,CA-TX-00000280,23A,CONDO_UNIT,3016.0,3,RENTED,76-2871-752
U-0S9IB6R87WI6,CA-TX-00000280,27D,CONDO_UNIT,,4,OWNER_OCCUPIED,88-2976-811
U-Y520S5J5V9NN,CA-TX-00000280,13H,CONDO_UNIT,973.0,3,OWNER_OCCUPIED,76-2812-743
U-HKXO6ZSD2GQZ,CA-TX-00000280,4H,CONDO_UNIT,2336.0,3,OWNER_OCCUPIED,31-8347-966
U-CYUK0C6I9GUE,CA-TX-00000280,18H,CONDO_UNIT,1954.0,2,RENTED,66-3440-765
U-1HBKOBM1K01R,CA-TX-00000280,34C,CONDO_UNIT,2992.0,3,OWNER_OCCUPIED,39-2842-842
U-HLB1YK0PY5IC,CA-TX-00000280,24A,CONDO_UNIT,884.0,2,OWNER_OCCUPIED,75-7257-998
U-1HRYB54R1VNC,CA-TX-00000280,30H,CONDO_UNIT,3065.0,1,OWNER_OCCUPIED,96-6344-843
U-G3ZRXW0JY7JN,CA-TX-00000280,26D,CONDO_UNIT,2611.0,1,OWNER_OCCUPIED,63-7525-776
U-U6VHJ8Q3C23D,CA-TX-00000280,11C,CONDO_UNIT,2399.0,2,OWNER_OCCUPIED,21-1508-714
U-RGT0SLNHF8H8,CA-TX-00000280,14H,CONDO_UNIT,1329.0,2,RENTED,68-5142-502
U-KXG7HT1WR78Q,CA-TX-00000280,27D,CONDO_UNIT,1691.0,3,RENTED,42-3184-845
U-Z9XPW9YH90JU,CA-TX-00000280,18E,CONDO_UNIT,1098.0,3,OWNER_OCCUPIED,14-2727-790
U-NYV2DN587GYS,CA-TX-00000280,36E,CONDO_UNIT,2782.0,3,OWNER_OCCUPIED,88-5239-919
U-4D15Z9717NTU,CA-TX-00000280,34C,CONDO_UNIT,2191.0,4,RENTED,82-1703-147
U-J9V5YQ24B2V5,CA-TX-00000280,40E,CONDO_UNIT,1168.0,3,OWNER_OCCUPIED,41-1979-448
U-17NA6SXYOPX1,CA-TX-00000280,5G,CONDO_UNIT,1798.0,2,OWNER_OCCUPIED,73-7747-866
U-HTNDY8TM4J3P,CA-TX-00000280,28F,CONDO_UNIT,921.0,1,OWNER_OCCUPIED,50-9620-867
U-E2P19KMNMLNY,CA-TX-00000280,34H,CONDO_UNIT,876.0,5,OWNER_OCCUPIED,50-1541-709
U-CJFO4BTMWCJ9,CA-TX-00000280,7H,CONDO_UNIT,2498.0,1,OWNER_OCCUPIED,99-1332-628
U-MUZP3CRVOSO0,CA-TX-00000280,21H,CONDO_UNIT,2129.0,2,OWNER_OCCUPIED,39-1929-875
U-4LKNKAGFTYIA,CA-TX-00000280,27E,CONDO_UNIT,,2,RENTED,17-6235-495
U-PPRFUUXDK12S,CA-TX-00000280,30H,CONDO_UNIT,744.0,3,OWNER_OCCUPIED,97-1270-238
U-KZJ4IBDZSA0P,CA-TX-00000280,17H,CONDO_UNIT,2555.0,2,RENTED,24-8286-368
U-QLWAEO6PKOLW,CA-OH-00000281,14E,CONDO_UNIT,2256.0,4,OWNER_OCCUPIED,87-9091-944
U-G2XXGJHZGMIS,CA-OH-00000281,6G,CONDO_UNIT,1997.0,3,OWNER_OCCUPIED,42-6674-197
U-XW05V9U8890D,CA-OH-00000281,32B,CONDO_UNIT,944.0,1,OWNER_OCCUPIED,41-9341-320
U-KYKLHGVPZZ81,CA-OH-00000281,6C,CONDO_UNIT,979.0,1,RENTED,69-5605-435
U-59QGMYK310IJ,CA-OH-00000281,29F,CONDO_UNIT,924.0,3,VACANT,54-7223-126
U-5CEAUNRWAI41,CA-OH-00000281,31A,CONDO_UNIT,1314.0,2,OWNER_OCCUPIED,21-8055-198
U-CZ056JA4J5QU,CA-OH-00000281,18B,CONDO_UNIT,,4,OWNER_OCCUPIED,56-5627-532
U-SLSY32QG03FI,CA-OH-00000281,22C,CONDO_UNIT,,2,OWNER_OCCUPIED,79-4881-102
U-Z056Y5HPDSRK,CA-OH-00000281,39D,CONDO_UNIT,1626.0,1,OWNER_OCCUPIED,27-1506-852
U-I78BZAA2JQHI,CA-OH-00000281,5D,CONDO_UNIT,1279.0,3,OWNER_OCCUPIED,33-6438-662
U-OCHJX1AAHX7V,CA-OH-00000281,5F,CONDO_UNIT,,4,OWNER_OCCUPIED,72-3132-302
U-12KGK2UMEIQI,CA-OH-00000281,5B,CONDO_UNIT,1476.0,3,OWNER_OCCUPIED,31-8145-167
U-BPCW0A9ELZLH,CA-OH-00000281,16D,CONDO_UNIT,2306.0,3,OWNER_OCCUPIED,15-9128-960
U-A5MRYUTLT734,CA-OH-00000281,30G,CONDO_UNIT,2308.0,5,OWNER_OCCUPIED,74-8306-287
U-89B39STKUY0D,CA-OH-00000281,30E,CONDO_UNIT,871.0,2,RENTED,87-8408-380
U-DMRX8J3GCP5L,CA-OH-00000281,33E,CONDO_UNIT,954.0,5,VACANT,47-4809-437
U-GPYWJGTH7X82,CA-OH-00000281,17C,CONDO_UNIT,1256.0,3,VACANT,40-2109-530
U-87V24HD9G0KA,CA-OH-00000281,36G,CONDO_UNIT,,2,OWNER_OCCUPIED,70-8437-166
U-ZJNEWD3Y3ECE,CA-OH-00000281,9C,CONDO_UNIT,1962.0,4,OWNER_OCCUPIED,21-1317-670
U-YT13UDSJ8BA0,CA-OH-00000281,40F,CONDO_UNIT,1606.0,3,OWNER_OCCUPIED,89-5472-375
U-MJJEJ1WA0Z9O,CA-OH-00000281,40C,CONDO_UNIT,1841.0,4,OWNER_OCCUPIED,93-8017-442
U-7CDXJYSAU5OT,CA-OH-00000281,20D,CONDO_UNIT,1157.0,2,RENTED,71-5221-225
U-NEEHW2I1XD7B,CA-OH-00000281,27F,CONDO_UNIT,2285.0,1,VACANT,
U-TKMOV1P1SHU0,CA-OH-00000281,19F,CONDO_UNIT,1654.0,2,OWNER_OCCUPIED,73-4523-563
U-HV2LPTS6R63Y,CA-OH-00000281,19A,CONDO_UNIT,2454.0,3,OWNER_OCCUPIED,63-3932-356
U-7OJAP522V0GW,CA-OH-00000281,23E,CONDO_UNIT,681.0,3,VACANT,53-5345-101
U-XFOJKNANVR9Z,CA-OH-00000281,18A,CONDO_UNIT,1017.0,4,OWNER_OCCUPIED,60-6306-881
U-PF5U2WA6I6TW,CA-OH-00000281,21B,CONDO_UNIT,2104.0,2,OWNER_OCCUPIED,70-4529-825
U-CC420ZFCHRZJ,CA-OH-00000281,22C,CONDO_UNIT,3021.0,2,OWNER_OCCUPIED,89-2659-452
U-YFD6FOECRYCS,CA-OH-00000281,18A,CONDO_UNIT,2724.0,4,RENTED,41-3201-403
U-UYVRHPT1XSY8,CA-OH-00000281,16D,CONDO_UNIT,892.0,3,OWNER_OCCUPIED,92-4617-851
U-MVUL79R0IBNA,CA-OH-00000281,38F,CONDO_UNIT,1789.0,3,OWNER_OCCUPIED,65-1631-699
U-SI8FNBUC6XRE,CA-OH-00000281,8A,CONDO_UNIT,2339.0,3,OWNER_OCCUPIED,97-2139-864
U-54RSH567M41Q,CA-OH-00000281,30A,CONDO_UNIT,3187.0,2,RENTED,61-2185-404
U-CZ8SBBZ9S9PL,CA-OH-00000281,36G,CONDO_UNIT,2228.0,2,RENTED,43-8482-900
U-3PUWGCTCYCCJ,CA-OH-00000281,1A,CONDO_UNIT,1120.0,4,RENTED,45-7581-711
U-9NAZ2ZJ7YUXJ,CA-OH-00000281,18F,CONDO_UNIT,3050.0,3,VACANT,75-3455-455
U-AALZH5E06OE3,CA-OH-00000281,19D,CONDO_UNIT,1774.0,2,OWNER_OCCUPIED,71-8824-387
U-9O18UN2JNQ1S,CA-OH-00000281,24F,CONDO_UNIT,1821.0,3,OWNER_OCCUPIED,36-9007-819
U-OGL27EMOXCPZ,CA-OH-00000281,12C,CONDO_UNIT,1460.0,2,OWNER_OCCUPIED,41-1040-385
U-MOHUAVMQ230A,CA-OH-00000281,40H,CONDO_UNIT,1492.0,3,RENTED,75-7364-260
U-EQN0M856OWPW,CA-OH-00000281,10F,CONDO_UNIT,2702.0,2,RENTED,53-8065-672
U-S7ENWDVQD1J6,CA-OH-00000281,5C,CONDO_UNIT,3076.0,3,OWNER_OCCUPIED,92-9037-289
U-KEUR9TM44NJP,CA-OH-00000281,8F,CONDO_UNIT,670.0,2,OWNER_OCCUPIED,86-8530-911
U-OCZAY17AUPW9,CA-OH-00000281,9C,CONDO_UNIT,3163.0,3,VACANT,30-6687-752
U-MBZ5EJHXSG3X,CA-OH-00000281,4A,CONDO_UNIT,1897.0,4,OWNER_OCCUPIED,58-9597-951
U-JR18N7NL2443,CA-OH-00000281,7D,CONDO_UNIT,1954.0,3,OWNER_OCCUPIED,13-2836-686
U-QLR7H5HO27EO,CA-OH-00000281,28C,CONDO_UNIT,3164.0,1,OWNER_OCCUPIED,10-7174-468
U-1ZUQF9IH6MGZ,CA-CO-00000282,2H,CONDO_UNIT,2418.0,2,OWNER_OCCUPIED,68-5177-139
U-21U27WBC9F1B,CA-CO-00000282,9G,CONDO_UNIT,3007.0,1,RENTED,62-7999-640
U-GT9ATCQT617U,CA-CO-00000282,14G,CONDO_UNIT,922.0,2,RENTED,92-7048-307
U-359HR9L19GMY,CA-CO-00000282,32B,CONDO_UNIT,1349.0,3,OWNER_OCCUPIED,61-4471-560
U-VE58ZAK3DMWJ,CA-CO-00000282,39B,CONDO_UNIT,1266.0,4,OWNER_OCCUPIED,65-4477-572
U-85JE4EIC2L4G,CA-CO-00000282,2F,CONDO_UNIT,979.0,3,OWNER_OCCUPIED,84-6699-162
U-CNCCD60Q8W32,CA-CO-00000282,1A,CONDO_UNIT,2014.0,2,RENTED,41-8808-474
U-NJBF0LTOWKMU,CA-CO-00000282,9E,CONDO_UNIT,826.0,4,RENTED,64-7267-543
U-7LVXSL7O7F89,CA-CO-00000282,8D,CONDO_UNIT,1958.0,3,OWNER_OCCUPIED,75-1522-351
U-TAZK4SOO6A0R,CA-CO-00000282,4G,CONDO_UNIT,2870.0,3,OWNER_OCCUPIED,56-2422-988
U-D1BSVS0S6TWT,CA-CO-00000282,12A,CONDO_UNIT,1816.0,1,RENTED,34-7349-794
U-WAD2JK37VDPO,CA-CO-00000282,37D,CONDO_UNIT,2510.0,2,OWNER_OCCUPIED,87-7039-565
U-SBRIP0UU0PTO,CA-CO-00000282,1A,CONDO_UNIT,1179.0,4,OWNER_OCCUPIED,97-4271-267
U-3H8RZ3DJK87Z,CA-CO-00000282,26B,CONDO_UNIT,1985.0,3,OWNER_OCCUPIED,94-4251-730
U-9SHEIYO07CKW,CA-CO-00000282,20F,CONDO_UNIT,,1,RENTED,53-1071-299
U-C689CK5XU94Y,CA-CO-00000282,11E,CONDO_UNIT,1822.0,4,OWNER_OCCUPIED,12-1896-349
U-FFF4N2Z7BRD2,CA-CO-00000282,27C,CONDO_UNIT,1568.0,1,RENTED,39-4659-130
U-EK2T47VIBC08,CA-CO-00000282,10B,CONDO_UNIT,1724.0,2,OWNER_OCCUPIED,38-2884-456
U-WG7XC3JKYEL3,CA-CO-00000282,9D,CONDO_UNIT,2017.0,1,RENTED,53-3501-480
U-RTJVWA6BCHNQ,CA-CO-00000282,7D,CONDO_UNIT,2410.0,5,RENTED,19-9496-607
U-AB5NALXOV96B,CA-CO-00000282,29E,CONDO_UNIT,1310.0,2,VACANT,65-3535-568
U-I5NECCOOW2FR,CA-CO-00000282,15H,CONDO_UNIT,2482.0,5,OWNER_OCCUPIED,19-3630-184
U-7RU5566JSOII,CA-CO-00000282,37D,CONDO_UNIT,3182.0,3,OWNER_OCCUPIED,73-6981-614
U-4RBQ6EY7L8T3,CA-CO-00000282,34D,CONDO_UNIT,1321.0,4,OWNER_OCCUPIED,78-6970-797
U-VTYRODYPV7UM,CA-CO-00000282,40A,CONDO_UNIT,1246.0,1,OWNER_OCCUPIED,31-3760-214
U-GGPUHC4530X6,CA-CO-00000282,40E,CONDO_UNIT,2478.0,2,RENTED,29-7612-173
U-MVMASGXV9UMG,CA-CO-00000282,23A,CONDO_UNIT,2815.0,3,OWNER_OCCUPIED,69-7697-204
U-SF65LB5RRY6W,CA-CO-00000282,14H,CONDO_UNIT,1871.0,3,RENTED,59-4640-841
U-BW2JJ4NHWQ4P,CA-CO-00000282,25A,CONDO_UNIT,,2,OWNER_OCCUPIED,54-6171-366
U-DK53738WRI2Z,CA-CO-00000282,33D,CONDO_UNIT,1583.0,3,RENTED,34-7545-595
U-DMI0T60V3LV5,CA-CO-00000282,39G,CONDO_UNIT,2825.0,2,OWNER_OCCUPIED,45-8671-213
U-IVHTYL9XX0RN,CA-CO-00000282,20F,CONDO_UNIT,2363.0,2,RENTED,52-8354-935
U-KO9YJ9T2UE3Y,CA-CO-00000282,2H,CONDO_UNIT,2709.0,3,RENTED,79-8776-786
U-4Y8MPW5EYJGJ,CA-CO-00000282,33D,CONDO_UNIT,1099.0,3,RENTED,62-3999-187
U-KBSKVY5U4JES,CA-CO-00000282,4E,CONDO_UNIT,2117.0,3,OWNER_OCCUPIED,35-8297-642
U-2ONAWAR7GC2E,CA-CO-00000282,10A,CONDO_UNIT,,3,OWNER_OCCUPIED,82-1720-872
U-3CY659I41M3H,CA-CO-00000282,29F,CONDO_UNIT,1008.0,4,RENTED,97-6722-548
U-YHS63P6IZWAB,CA-CO-00000282,10D,CONDO_UNIT,1629.0,3,OWNER_OCCUPIED,71-5796-177
U-3MMPOTM822CW,CA-CO-00000282,17G,CONDO_UNIT,760.0,3,OWNER_OCCUPIED,97-2875-938
U-5PYMTY669Q7D,CA-CO-00000282,18B,CONDO_UNIT,1128.0,3,VACANT,90-5064-558
U-SJSP8HCPPF62,CA-CO-00000282,39A,CONDO_UNIT,,3,RENTED,74-4290-156
U-XNYER3Q4B82O,CA-CO-00000282,5C,CONDO_UNIT,1675.0,3,RENTED,98-4836-843
U-GNJIYIKMAB3Q,CA-CO-00000282,3G,CONDO_UNIT,1897.0,2,RENTED,97-4643-330
U-ASFG121BCNPX,CA-CO-00000282,5F,CONDO_UNIT,1596.0,3,OWNER_OCCUPIED,15-6565-415
U-XKU5970JYX58,CA-CO-00000282,33G,CONDO_UNIT,,3,RENTED,63-6017-356
U-0N4C1OHSG73Z,CA-CO-00000282,36D,CONDO_UNIT,1863.0,3,OWNER_OCCUPIED,16-2113-512
U-FTCVUKSK4WA5,CA-CO-00000282,13A,CONDO_UNIT,2622.0,2,VACANT,42-9847-846
U-7PVBG4SIJCMQ,CA-CO-00000282,8H,CONDO_UNIT,1048.0,4,VACANT,85-3206-366
U-HBHUP30FNXGL,CA-CO-00000282,10F,CONDO_UNIT,2206.0,2,OWNER_OCCUPIED,84-7742-349
U-A8U0LF91IBYS,CA-CO-00000282,4G,CONDO_UNIT,2983.0,4,RENTED,88-9973-951
U-CAKRSWNN8TQ8,CA-CO-00000282,15B,CONDO_UNIT,,2,OWNER_OCCUPIED,29-6087-562
U-922SLQ37O0FY,CA-CO-00000282,34E,CONDO_UNIT,2777.0,3,RENTED,47-8333-764
U-ZB0O0G4UDNR3,CA-CO-00000282,15A,CONDO_UNIT,1250.0,3,OWNER_OCCUPIED,92-6792-427
U-706T2R3HT0LQ,CA-CO-00000282,34B,CONDO_UNIT,2452.0,2,VACANT,67-2967-179
U-Y98JE29RQBBD,CA-CO-00000282,32A,CONDO_UNIT,2997.0,3,OWNER_OCCUPIED,84-9912-218
U-AMWUJ6ASL8SZ,CA-CO-00000282,27F,CONDO_UNIT,1757.0,2,RENTED,12-7208-209
U-7Y67XM486PJT,CA-CO-00000282,9G,CONDO_UNIT,1266.0,3,OWNER_OCCUPIED,14-3864-961
U-G5TXO1LMNZUN,CA-CO-00000282,14B,CONDO_UNIT,2977.0,1,OWNER_OCCUPIED,75-5042-239
U-6MQUBZ4PZUCY,CA-CO-00000282,26A,CONDO_UNIT,1219.0,1,OWNER_OCCUPIED,53-1530-766
U-KN29ZQCCQQZ9,CA-CO-00000282,4D,CONDO_UNIT,2487.0,2,RENTED,42-2336-488
U-SDEX9U0PWPMF,CA-CO-00000283,100,TOWNHOME,2264.0,3,OWNER_OCCUPIED,54-7815-921
U-70GC4FTFJIX7,CA-CO-00000283,101,TOWNHOME,2887.0,4,RENTED,92-4019-319
U-ZF66N3IRHF2K,CA-CO-00000283,102,TOWNHOME,1393.0,2,RENTED,90-5270-716
U-EUXPMZ3CFX90,CA-CO-00000283,103,SINGLE_FAMILY,1050.0,1,OWNER_OCCUPIED,33-6363-274
U-DA6HW69VF7UU,CA-CO-00000283,104,TOWNHOME,,2,OWNER_OCCUPIED,98-3584-961
U-RWVTQY78TMVP,CA-CO-00000283,105,TOWNHOME,2565.0,2,OWNER_OCCUPIED,48-3224-418
U-87H5G0L4F79G,CA-CO-00000283,106,TOWNHOME,2041.0,4,OWNER_OCCUPIED,81-9850-494
U-R1DWEZUYMEVF,CA-CO-00000283,107,TOWNHOME,2772.0,3,OWNER_OCCUPIED,21-1227-368
U-6SXSN698FTQL,CA-CO-00000283,108,TOWNHOME,1044.0,2,OWNER_OCCUPIED,34-7191-405
U-38FRX98GGY6S,CA-CO-00000283,109,TOWNHOME,1335.0,3,OWNER_OCCUPIED,
U-CGHZWS9KM0JD,CA-CO-00000283,110,TOWNHOME,,2,OWNER_OCCUPIED,69-4718-382
U-Q5NYUJ1065G5,CA-CO-00000283,111,SINGLE_FAMILY,1752.0,2,OWNER_OCCUPIED,15-3925-652
U-1AM9RQBCYJ85,CA-CO-00000283,112,TOWNHOME,2520.0,2,RENTED,77-6630-844
U-DZBFAYXF9W2E,CA-CO-00000283,113,SINGLE_FAMILY,712.0,4,OWNER_OCCUPIED,19-1877-955
U-XC7535F9ISR3,CA-CO-00000283,114,TOWNHOME,704.0,2,OWNER_OCCUPIED,53-1571-659
U-QLNSS3CXG85V,CA-CO-00000283,115,TOWNHOME,2562.0,3,OWNER_OCCUPIED,80-5634-827
U-LN8K5PX4G0TE,CA-CO-00000283,116,SINGLE_FAMILY,1785.0,3,OWNER_OCCUPIED,98-7171-248
U-K1EVH8SCI9H1,CA-CO-00000283,117,SINGLE_FAMILY,1581.0,2,VACANT,25-1489-961
U-YH3OGDB7W61N,CA-CO-00000283,118,SINGLE_FAMILY,805.0,2,OWNER_OCCUPIED,17-9380-755
U-QEBMMJSPKQWH,CA-CO-00000283,119,TOWNHOME,1206.0,2,RENTED,55-2130-354
U-J4CEQGT5BGAY,CA-CO-00000283,120,SINGLE_FAMILY,3193.0,3,VACANT,79-5751-891
U-73U6C55POP0X,CA-CO-00000283,121,TOWNHOME,2459.0,3,RENTED,53-1681-834
U-HATHA8EYN0XK,CA-CO-00000283,122,TOWNHOME,917.0,2,RENTED,59-9112-539
U-9PK2MHCO81HF,CA-CO-00000283,123,TOWNHOME,2900.0,3,RENTED,63-2827-728
U-TXREVLPY6RYB,CA-CO-00000283,124,TOWNHOME,864.0,2,RENTED,42-2259-358
U-W4UVMLEVX9QC,CA-CO-00000283,125,SINGLE_FAMILY,2823.0,5,OWNER_OCCUPIED,41-7410-911
U-YCNA94Y2AM6Z,CA-CO-00000283,126,SINGLE_FAMILY,2100.0,2,RENTED,67-3045-670
U-0C41PMAHKNMC,CA-CO-00000283,127,TOWNHOME,3105.0,1,RENTED,45-2871-412
U-V1WC17IR9KH2,CA-CO-00000283,128,TOWNHOME,,4,OWNER_OCCUPIED,61-4874-146
U-9EI8BGI0UPJJ,CA-CO-00000283,129,SINGLE_FAMILY,2117.0,1,RENTED,56-1147-448
U-4PK7ASWN3764,CA-CO-00000283,130,TOWNHOME,2963.0,2,OWNER_OCCUPIED,77-7182-128
U-0NIFSQ858YKH,CA-CO-00000283,131,TOWNHOME,1120.0,3,OWNER_OCCUPIED,32-6110-176
U-XIGZR4JCQABG,CA-CO-00000283,132,TOWNHOME,2703.0,4,RENTED,67-5049-626
U-SPCGXQCZ9D4P,CA-CO-00000283,133,SINGLE_FAMILY,1079.0,2,OWNER_OCCUPIED,45-4178-378
U-GC62VLZ2QZ3M,CA-CO-00000283,134,SINGLE_FAMILY,1723.0,3,RENTED,25-1841-285
U-34RYLD43VVR1,CA-CO-00000283,135,TOWNHOME,870.0,4,OWNER_OCCUPIED,99-1602-893
U-CI0VWVSLJDTD,CA-CO-00000283,136,SINGLE_FAMILY,1831.0,3,OWNER_OCCUPIED,30-3692-428
U-9J9MOVR195V1,CA-CO-00000283,137,TOWNHOME,2779.0,3,OWNER_OCCUPIED,29-1925-599
U-1LSTEIL3CJLG,CA-CO-00000283,138,TOWNHOME,1526.0,3,OWNER_OCCUPIED,58-6254-458
U-7L08XMQR6OI3,CA-CO-00000283,139,TOWNHOME,2834.0,4,OWNER_OCCUPIED,22-7124-589
U-UE5GI5B3Q3R8,CA-CO-00000283,140,TOWNHOME,1387.0,1,OWNER_OCCUPIED,50-6249-681
U-OCTB9RG3BFYC,CA-CO-00000283,141,SINGLE_FAMILY,2754.0,3,VACANT,51-8975-311
U-80GQM7H17NT3,CA-CO-00000283,142,SINGLE_FAMILY,1181.0,4,OWNER_OCCUPIED,32-7190-272
U-HZZ9UFNG0BUP,CA-CO-00000283,143,TOWNHOME,2509.0,5,RENTED,28-2115-694
U-0EIUO2G16CAT,CA-CO-00000283,144,SINGLE_FAMILY,3189.0,3,OWNER_OCCUPIED,97-4764-299
U-PEWMEQYO15ZE,CA-CO-00000283,145,TOWNHOME,3033.0,3,OWNER_OCCUPIED,40-6772-850
U-2XN9FDGBC1V3,CA-CO-00000283,146,TOWNHOME,2823.0,2,OWNER_OCCUPIED,72-1437-236
U-16URSMTX3JOJ,CA-CO-00000283,147,SINGLE_FAMILY,793.0,3,VACANT,18-8357-637
U-812L04U6RPXQ,CA-CO-00000283,148,TOWNHOME,2598.0,4,OWNER_OCCUPIED,21-1273-102
U-MX35SDMQUFL9,CA-CO-00000283,149,SINGLE_FAMILY,2848.0,3,OWNER_OCCUPIED,81-3825-319
U-AT3VEBOBWQGQ,CA-CO-00000283,150,SINGLE_FAMILY,650.0,2,OWNER_OCCUPIED,45-3285-714
U-BBPGAQGKFFE6,CA-CO-00000283,151,SINGLE_FAMILY,2999.0,2,OWNER_OCCUPIED,94-4792-588
U-YFO5JTB2EBIB,CA-CO-00000283,152,SINGLE_FAMILY,3047.0,3,VACANT,15-4662-845
U-Y3WM591JQ5IM,CA-CO-00000283,153,SINGLE_FAMILY,2683.0,3,OWNER_OCCUPIED,52-7068-293
U-971K8AUAXX8I,CA-CO-00000283,154,TOWNHOME,1771.0,2,RENTED,79-9238-220
U-1T3YI3L7XIIT,CA-CO-00000283,155,TOWNHOME,837.0,3,OWNER_OCCUPIED,65-4242-596
U-L8HMNJPD4ZJ2,CA-CO-00000283,156,TOWNHOME,1192.0,2,OWNER_OCCUPIED,24-8875-720
U-KBO8S9LNTIEL,CA-CO-00000283,157,SINGLE_FAMILY,1839.0,5,OWNER_OCCUPIED,16-9653-618
U-Y52YWMPNK4HM,CA-CO-00000283,158,SINGLE_FAMILY,823.0,2,OWNER_OCCUPIED,21-1356-234
U-9V6B3QAKENWU,CA-CO-00000283,159,TOWNHOME,1640.0,4,OWNER_OCCUPIED,
U-1V4W0SBNBCSL,CA-CA-00000284,100,TOWNHOME,2176.0,2,OWNER_OCCUPIED,65-9320-716
U-YYBBQ8Z1PGJZ,CA-CA-00000284,101,TOWNHOME,3079.0,5,OWNER_OCCUPIED,38-6353-265
U-KOHC70SW0O6C,CA-CA-00000284,102,TOWNHOME,,4,RENTED,98-1520-600
U-U8JS58JBLWDX,CA-CA-00000284,103,TOWNHOME,1355.0,2,OWNER_OCCUPIED,31-3475-434
U-RWBAQIQI6BLX,CA-CA-00000284,104,TOWNHOME,1821.0,1,OWNER_OCCUPIED,67-8009-146
U-Y8K1PD2UCAM0,CA-CA-00000284,105,TOWNHOME,2492.0,4,VACANT,63-6168-973
U-IOFI5EMM2L4L,CA-CA-00000284,106,TOWNHOME,2182.0,2,OWNER_OCCUPIED,30-7884-995
U-EZS7VGN6BNGX,CA-CA-00000284,107,TOWNHOME,2375.0,2,OWNER_OCCUPIED,65-8327-466
U-KSMFFIBYVAG1,CA-CA-00000284,108,TOWNHOME,1466.0,3,OWNER_OCCUPIED,30-8772-566
U-Z8U376LR85JW,CA-CA-00000284,109,TOWNHOME,1558.0,3,OWNER_OCCUPIED,91-3156-305
U-A1VRX2CM5HS1,CA-CA-00000284,110,TOWNHOME,,4,RENTED,20-6426-720
U-4M4ES9P6TXQ5,CA-CA-00000284,111,TOWNHOME,,4,OWNER_OCCUPIED,11-5555-433
U-I5AJUCFNSJLC,CA-CA-00000284,112,TOWNHOME,1261.0,2,RENTED,26-8921-219
U-O22QGJE9ETSI,CA-CA-00000284,113,TOWNHOME,2601.0,3,RENTED,16-9827-954
U-CHTRXJPXOHM9,CA-CA-00000284,114,TOWNHOME,1091.0,1,OWNER_OCCUPIED,28-9443-742
U-4Y7J98TIGXRF,CA-CA-00000284,115,TOWNHOME,2485.0,5,OWNER_OCCUPIED,58-2063-632
U-3OYS5FOU0LEG,CA-CA-00000284,116,TOWNHOME,1691.0,4,OWNER_OCCUPIED,47-8526-141
U-MT1SH2LPPL88,CA-CA-00000284,117,TOWNHOME,1030.0,3,OWNER_OCCUPIED,85-3683-503
U-4NFE9NP4ND7O,CA-NY-00000285,100,TOWNHOME,916.0,1,OWNER_OCCUPIED,63-4440-673
U-D335GYBHVZ28,CA-NY-00000285,101,SINGLE_FAMILY,811.0,3,OWNER_OCCUPIED,78-1274-933
U-H36ZS4CTUR12,CA-NY-00000285,102,SINGLE_FAMILY,3051.0,2,OWNER_OCCUPIED,82-6232-969
U-JOQL2X441IU7,CA-NY-00000285,103,TOWNHOME,1311.0,3,OWNER_OCCUPIED,18-1544-597
U-BFOEHFL9OISN,CA-NY-00000285,104,SINGLE_FAMILY,2972.0,3,OWNER_OCCUPIED,85-9640-432
U-8WHZXEZ9J0MM,CA-NY-00000285,105,SINGLE_FAMILY,,3,OWNER_OCCUPIED,
U-0S5UM2Z9A2SO,CA-NY-00000285,106,TOWNHOME,1988.0,2,OWNER_OCCUPIED,34-7245-836
U-AGEZX7PZK1ZJ,CA-NY-00000285,107,SINGLE_FAMILY,1779.0,2,RENTED,49-8277-116
U-9LHFWYS9MEED,CA-NY-00000285,108,SINGLE_FAMILY,761.0,3,RENTED,74-2301-144
U-N7GG45ZPEA06,CA-NY-00000285,109,TOWNHOME,2315.0,3,OWNER_OCCUPIED,74-4142-690
U-8H958SHE7I4F,CA-NY-00000285,110,TOWNHOME,,5,RENTED,37-3906-489
U-E16NNKLWCGC1,CA-NY-00000285,111,SINGLE_FAMILY,1167.0,3,OWNER_OCCUPIED,40-6954-443
U-KVG48CE8D2FL,CA-NY-00000285,112,TOWNHOME,1658.0,5,OWNER_OCCUPIED,55-7791-617
U-8TJVLR937ZJ7,CA-NY-00000285,113,SINGLE_FAMILY,2706.0,1,OWNER_OCCUPIED,12-3120-227
U-N0COS57B60RH,CA-NY-00000285,114,SINGLE_FAMILY,1437.0,2,RENTED,19-5898-788
U-M640VUI432QO,CA-NY-00000285,115,TOWNHOME,,2,OWNER_OCCUPIED,22-2144-871
U-80VG6JKDYD3G,CA-NY-00000285,116,TOWNHOME,2477.0,1,OWNER_OCCUPIED,55-8874-813
U-IINYPCIN5XI9,CA-NY-00000285,117,SINGLE_FAMILY,1081.0,3,OWNER_OCCUPIED,28-9616-771
U-VSUCAXL7II5K,CA-NY-00000285,118,TOWNHOME,2712.0,2,OWNER_OCCUPIED,20-9461-538
U-419ZCHHFR9IU,CA-NY-00000285,119,TOWNHOME,2850.0,3,OWNER_OCCUPIED,98-3390-471
U-Q2CLHBOQC8G2,CA-NY-00000285,120,SINGLE_FAMILY,729.0,5,RENTED,12-6570-262
U-DEPHNXD657VU,CA-NY-00000285,121,SINGLE_FAMILY,1777.0,1,RENTED,21-2738-973
U-ZQ89CN7R0CMI,CA-NY-00000285,122,SINGLE_FAMILY,3002.0,3,OWNER_OCCUPIED,12-6800-983
U-J8A687BDG8SG,CA-NY-00000285,123,TOWNHOME,2800.0,3,RENTED,47-5983-330
U-V0P1AMORGENU,CA-NY-00000285,124,TOWNHOME,1713.0,4,OWNER_OCCUPIED,19-8222-997
U-0GL3700UUGSI,CA-NY-00000285,125,TOWNHOME,2772.0,4,RENTED,88-3444-210
U-EPTJYHEHU7SX,CA-NY-00000285,126,SINGLE_FAMILY,1421.0,3,RENTED,78-5158-863
U-0W0V91O9AG0H,CA-NY-00000285,127,TOWNHOME,1841.0,4,OWNER_OCCUPIED,71-5783-533
U-0OLL7A9RGCYZ,CA-NY-00000285,128,TOWNHOME,1648.0,2,RENTED,60-4539-345
U-LO9W3TYZ0Q4D,CA-NY-00000285,129,TOWNHOME,1024.0,4,RENTED,52-2816-890
U-RHJ8D2WJ4N7A,CA-NY-00000285,130,TOWNHOME,1811.0,3,OWNER_OCCUPIED,38-1692-237
U-U43U0AY7NLK2,CA-NY-00000285,131,TOWNHOME,3192.0,3,OWNER_OCCUPIED,85-6980-465
U-1PVT30N2YHUD,CA-NY-00000285,132,TOWNHOME,2259.0,3,RENTED,33-6802-118
U-JHQA4TZ9RMSZ,CA-NY-00000285,133,TOWNHOME,3025.0,2,RENTED,65-7225-713
U-PIYJJWXBIVRP,CA-NY-00000285,134,SINGLE_FAMILY,1705.0,5,OWNER_OCCUPIED,47-6353-143
U-MPGUF6NFZF3A,CA-NY-00000285,135,SINGLE_FAMILY,2865.0,3,OWNER_OCCUPIED,22-9566-592
U-CKTAPBG8VM32,CA-NY-00000285,136,SINGLE_FAMILY,2347.0,3,OWNER_OCCUPIED,13-5082-565
U-MAVA2NLLW029,CA-NY-00000285,137,SINGLE_FAMILY,2410.0,1,OWNER_OCCUPIED,51-7436-666
U-J0N6Q79552MV,CA-NY-00000285,138,TOWNHOME,1224.0,2,OWNER_OCCUPIED,
U-AFXKUC64EGM6,CA-NY-00000285,139,TOWNHOME,2832.0,3,OWNER_OCCUPIED,68-2632-475
U-XD8AQTS809XR,CA-NY-00000285,140,TOWNHOME,2867.0,3,OWNER_OCCUPIED,87-7490-782
U-KGQUJNYSXALT,CA-NY-00000285,141,TOWNHOME,2774.0,3,OWNER_OCCUPIED,89-2781-152
U-D2UT4ZWWBH5N,CA-NY-00000285,142,TOWNHOME,1890.0,1,OWNER_OCCUPIED,
U-XOJSDAJSJ52K,CA-NY-00000285,143,TOWNHOME,1248.0,3,RENTED,17-6306-673
U-3F412O4LZIRF,CA-NY-00000285,144,TOWNHOME,2947.0,3,OWNER_OCCUPIED,60-3553-175
U-PCS38KF28C5I,CA-NY-00000285,145,TOWNHOME,1085.0,3,RENTED,57-3522-699
U-XVCL24E7FP9R,CA-NY-00000285,146,TOWNHOME,2031.0,1,OWNER_OCCUPIED,97-9753-210
U-LTKKKGED756S,CA-NY-00000285,147,TOWNHOME,1835.0,3,OWNER_OCCUPIED,31-9849-185
U-CTIRG2CY3GYU,CA-NY-00000285,148,SINGLE_FAMILY,1737.0,2,RENTED,14-3918-498
U-RPCLV13IATPE,CA-NY-00000285,149,SINGLE_FAMILY,2482.0,4,OWNER_OCCUPIED,80-9637-583
U-HREFCGQHR5VG,CA-NY-00000285,150,SINGLE_FAMILY,2918.0,3,OWNER_OCCUPIED,81-6660-489
U-SAJ9BZMCPVF0,CA-NY-00000285,151,TOWNHOME,2603.0,2,OWNER_OCCUPIED,54-4699-186
U-RPHQYQHS2Y64,CA-NY-00000285,152,TOWNHOME,2376.0,4,OWNER_OCCUPIED,68-1869-293
U-5KK5JXWUYPXX,CA-NY-00000285,153,SINGLE_FAMILY,928.0,1,OWNER_OCCUPIED,84-4176-605
U-2TJ9SK9WQQ8K,CA-NY-00000285,154,SINGLE_FAMILY,1248.0,2,RENTED,62-4694-178
U-JNG254Z29T3C,CA-NY-00000285,155,SINGLE_FAMILY,1172.0,5,OWNER_OCCUPIED,53-8572-357
U-KIQLDHW22USS,CA-NY-00000285,156,SINGLE_FAMILY,2348.0,2,OWNER_OCCUPIED,85-9030-675
U-3R40ADFPAN0O,CA-NY-00000285,157,SINGLE_FAMILY,1449.0,2,RENTED,59-5645-511
U-HYV754H8XAJH,CA-NY-00000285,158,TOWNHOME,2924.0,3,VACANT,71-1180-326
U-85N0GPJKFA5C,CA-NY-00000285,159,TOWNHOME,1656.0,3,OWNER_OCCUPIED,23-1414-708
U-MQ8P1NY0Y11A,CA-TX-00000286,100,TOWNHOME,1881.0,4,RENTED,70-1851-263
U-FULGV2PX0DDX,CA-TX-00000286,101,SINGLE_FAMILY,2915.0,2,OWNER_OCCUPIED,41-7025-210
U-3640NS4UKFYH,CA-TX-00000286,102,SINGLE_FAMILY,766.0,2,OWNER_OCCUPIED,23-1568-959
U-AQ7ICFTIO2JB,CA-TX-00000286,103,SINGLE_FAMILY,908.0,1,RENTED,77-3261-953
U-TWLMRAU2VU0V,CA-TX-00000286,104,TOWNHOME,1329.0,2,RENTED,63-5671-233
U-W75SK1EGNQJR,CA-TX-00000286,105,SINGLE_FAMILY,1114.0,4,OWNER_OCCUPIED,22-4318-735
U-TK6QJPTSONAY,CA-TX-00000286,106,SINGLE_FAMILY,2120.0,3,OWNER_OCCUPIED,86-4871-908
U-RKA62ZP50YH5,CA-TX-00000286,107,TOWNHOME,2021.0,2,OWNER_OCCUPIED,43-5506-178
U-LRCAHZ7ZN0RS,CA-TX-00000286,108,SINGLE_FAMILY,,3,OWNER_OCCUPIED,74-5421-618
U-QW6EFP4E1O5V,CA-TX-00000286,109,SINGLE_FAMILY,3055.0,2,OWNER_OCCUPIED,57-7174-276
U-JSG6ZOP7N6YG,CA-TX-00000286,110,TOWNHOME,,5,RENTED,41-8129-754
U-4AYSQ85D4B9A,CA-IL-00000287,100,SINGLE_FAMILY,1061.0,3,RENTED,33-6971-448
U-EQN9J92JXVZ0,CA-IL-00000287,101,SINGLE_FAMILY,1517.0,3,OWNER_OCCUPIED,94-3586-574
U-D6VAM2PUKI0X,CA-IL-00000287,102,TOWNHOME,2628.0,2,RENTED,92-1812-969
U-SV3AZVS2L77W,CA-IL-00000287,103,SINGLE_FAMILY,1453.0,3,RENTED,10-2825-506
U-OWWTWQ8G5AW1,CA-IL-00000287,104,SINGLE_FAMILY,1329.0,3,OWNER_OCCUPIED,57-7466-463
U-OO39Y2S4134A,CA-IL-00000287,105,TOWNHOME,1963.0,2,OWNER_OCCUPIED,94-6071-139
U-B5O3D549XDR5,CA-IL-00000287,106,SINGLE_FAMILY,874.0,3,RENTED,39-9835-287
U-G8C7MKCHA9GA,CA-IL-00000287,107,TOWNHOME,2087.0,4,RENTED,14-7974-637
U-84S1Q1CXHG5R,CA-IL-00000287,108,TOWNHOME,1992.0,3,RENTED,60-5011-524
U-XIPI1YZQUL0F,CA-IL-00000287,109,TOWNHOME,1999.0,3,OWNER_OCCUPIED,97-6643-612
U-HKI1AFOLFHMM,CA-IL-00000287,110,TOWNHOME,2346.0,3,OWNER_OCCUPIED,37-2361-595
U-87DA0BSCOPVE,CA-IL-00000287,111,TOWNHOME,1620.0,2,RENTED,58-7601-760
U-I9ALIU3J5WIB,CA-IL-00000287,112,SINGLE_FAMILY,770.0,2,RENTED,52-6761-191
U-W4N5E3P1YETT,CA-IL-00000287,113,TOWNHOME,3097.0,4,OWNER_OCCUPIED,67-3162-317
U-ISN7NAM6YAER,CA-IL-00000287,114,SINGLE_FAMILY,1025.0,3,RENTED,22-5640-574
U-UHS7VP805K7F,CA-IL-00000287,115,SINGLE_FAMILY,948.0,3,RENTED,18-5115-516
U-L78PGZOFQ3U0,CA-IL-00000287,116,TOWNHOME,2139.0,2,RENTED,88-9320-270
U-94P229NIVUZG,CA-IL-00000287,117,TOWNHOME,2887.0,2,RENTED,39-5387-917
U-I2LM072O6RNK,CA-IL-00000287,118,TOWNHOME,1120.0,2,RENTED,91-7756-817
U-5EQYCMQJTJCX,CA-IL-00000287,119,TOWNHOME,1208.0,5,VACANT,94-9241-554
U-WK164ZZ8L9G4,CA-IL-00000287,120,SINGLE_FAMILY,2020.0,2,RENTED,37-4295-574
U-IXTJKQAVZFQS,CA-IL-00000287,121,TOWNHOME,695.0,3,RENTED,73-3455-768
U-IGZ5VHIZ8JJT,CA-IL-00000287,122,SINGLE_FAMILY,2820.0,2,OWNER_OCCUPIED,66-5558-956
U-SRG1G0OXFHF5,CA-IL-00000287,123,SINGLE_FAMILY,991.0,3,RENTED,
U-WGV72Q6EGROU,CA-IL-00000287,124,SINGLE_FAMILY,,4,RENTED,36-7604-183
U-FIU3GQQ2EOSN,CA-IL-00000287,125,TOWNHOME,2586.0,2,OWNER_OCCUPIED,64-1141-513
U-IKELYF1LZ14S,CA-IL-00000287,126,TOWNHOME,1334.0,2,OWNER_OCCUPIED,69-9887-971
U-7HNFK55XYYTE,CA-IL-00000287,127,SINGLE_FAMILY,3061.0,3,OWNER_OCCUPIED,15-1139-561
U-FCUU3A1Q0Z9O,CA-IL-00000287,128,TOWNHOME,1912.0,3,RENTED,79-1611-231
U-YVG1ERLWP5FL,CA-IL-00000287,129,SINGLE_FAMILY,3089.0,3,OWNER_OCCUPIED,45-1985-921
U-2C7K0MIBCLC8,CA-IL-00000287,130,SINGLE_FAMILY,1812.0,2,RENTED,11-8085-380
U-NMBVB2BQ5MJP,CA-IL-00000287,131,SINGLE_FAMILY,2125.0,3,VACANT,40-3884-859
U-RACMQO9DH6VU,CA-IL-00000287,132,SINGLE_FAMILY,,5,OWNER_OCCUPIED,97-8598-170
U-Q4K28QMX4MRL,CA-IL-00000287,133,SINGLE_FAMILY,3046.0,3,OWNER_OCCUPIED,87-5294-912
U-SLC4ON8XXH08,CA-IL-00000287,134,TOWNHOME,2965.0,3,OWNER_OCCUPIED,19-1279-456
U-QOSJU4XCW40M,CA-IL-00000287,135,SINGLE_FAMILY,1776.0,1,OWNER_OCCUPIED,80-6057-801
U-Q67YPEECQCF7,CA-IL-00000287,136,SINGLE_FAMILY,2697.0,3,OWNER_OCCUPIED,83-4886-825
U-C8UVB73PBU9F,CA-IL-00000287,137,SINGLE_FAMILY,1078.0,3,RENTED,61-8838-497
U-DE2P37IOVA9K,CA-IL-00000287,138,TOWNHOME,916.0,2,OWNER_OCCUPIED,17-3153-622
U-TBQYG7C8WM22,CA-IL-00000287,139,TOWNHOME,726.0,3,RENTED,25-4753-623
U-87ZJRAUH3GBE,CA-IL-00000288,100,SINGLE_FAMILY,1131.0,4,OWNER_OCCUPIED,32-4386-832
U-3DBOF4DN66AZ,CA-IL-00000288,101,TOWNHOME,1585.0,2,OWNER_OCCUPIED,53-4678-770
U-ZJSCOA34125K,CA-IL-00000288,102,SINGLE_FAMILY,2658.0,4,RENTED,60-6142-879
U-C49Z9FWNA2O7,CA-IL-00000288,103,SINGLE_FAMILY,,2,OWNER_OCCUPIED,76-5828-690
U-F8AE3DHDBZWU,CA-IL-00000288,104,TOWNHOME,3044.0,5,OWNER_OCCUPIED,64-9033-137
U-LO83C91NJZXK,CA-IL-00000288,105,SINGLE_FAMILY,896.0,4,OWNER_OCCUPIED,21-3219-719
U-9XQGVD4H1SPA,CA-IL-00000288,106,TOWNHOME,2699.0,1,RENTED,62-3292-432
U-37N5FC4UXZDC,CA-IL-00000288,107,TOWNHOME,1387.0,2,RENTED,44-8289-955
U-3Z976868E3E7,CA-IL-00000288,108,TOWNHOME,2019.0,2,OWNER_OCCUPIED,36-3446-591
U-QE21U8BA6R7V,CA-IL-00000288,109,TOWNHOME,1877.0,2,OWNER_OCCUPIED,41-2347-162
U-PMBGTH7YHKL8,CA-IL-00000288,110,TOWNHOME,992.0,3,OWNER_OCCUPIED,61-9922-896
U-RK733EBACBLM,CA-IL-00000288,111,SINGLE_FAMILY,,4,VACANT,35-7477-775
U-NEEU68ML4R0V,CA-IL-00000288,112,SINGLE_FAMILY,2569.0,2,RENTED,31-5934-972
U-LE0LCAMHPS0T,CA-IL-00000288,113,SINGLE_FAMILY,1933.0,3,OWNER_OCCUPIED,78-2281-534
U-HFFUJPYYQMXU,CA-IL-00000288,114,TOWNHOME,812.0,2,OWNER_OCCUPIED,54-9706-177
U-QEWX3UQY0RFI,CA-IL-00000288,115,TOWNHOME,2138.0,2,OWNER_OCCUPIED,73-4613-589
U-5EC0BNPAEE18,CA-IL-00000288,116,TOWNHOME,2414.0,2,OWNER_OCCUPIED,93-9425-571
U-Q6MR1PAMCCHH,CA-IL-00000288,117,SINGLE_FAMILY,1887.0,3,OWNER_OCCUPIED,25-2971-615
U-R57IQOE0FRTS,CA-IL-00000288,118,SINGLE_FAMILY,1133.0,5,OWNER_OCCUPIED,72-1871-762
U-G5PAS653PXJS,CA-IL-00000288,119,TOWNHOME,959.0,4,OWNER_OCCUPIED,84-5464-418
U-X50HJO84LE6Y,CA-IL-00000288,120,TOWNHOME,831.0,4,OWNER_OCCUPIED,19-7589-127
U-E8DS4X8CQE26,CA-IL-00000288,121,SINGLE_FAMILY,2244.0,3,OWNER_OCCUPIED,68-7764-574
U-6EGWU69F1U64,CA-IL-00000288,122,TOWNHOME,2900.0,3,RENTED,45-6064-737
U-BTJPAQ7EBUKO,CA-IL-00000288,123,TOWNHOME,2332.0,3,OWNER_OCCUPIED,
U-07VNO0XEFTP2,CA-IL-00000288,124,TOWNHOME,909.0,3,OWNER_OCCUPIED,56-5257-614
U-7K65LY7Z58UF,CA-IL-00000288,125,TOWNHOME,2380.0,3,RENTED,30-2685-523
U-3R2TU1U1548A,CA-IL-00000288,126,SINGLE_FAMILY,2021.0,2,OWNER_OCCUPIED,45-1400-532
U-XJMCN5TIZ1D1,CA-IL-00000288,127,SINGLE_FAMILY,2296.0,3,OWNER_OCCUPIED,47-4421-706
U-TCF83EXDQ0FR,CA-IL-00000288,128,SINGLE_FAMILY,2530.0,3,RENTED,90-9678-413
U-YV6M0FYKXUHV,CA-IL-00000288,129,SINGLE_FAMILY,912.0,2,OWNER_OCCUPIED,52-6249-382
U-3QN36XCLQE7A,CA-IL-00000288,130,TOWNHOME,691.0,3,OWNER_OCCUPIED,14-2359-233
U-RYW5LUXBW036,CA-IL-00000288,131,TOWNHOME,1778.0,3,RENTED,27-2836-485
U-5Z6C3BXP5TN7,CA-IL-00000288,132,SINGLE_FAMILY,1263.0,4,RENTED,96-9954-721
U-YHAUDKSDMCO9,CA-IL-00000288,133,TOWNHOME,,3,VACANT,39-1561-285
U-CTMYLLY9K1WK,CA-IL-00000288,134,TOWNHOME,877.0,2,RENTED,42-9027-342
U-XDZ3Y3SER5FG,CA-IL-00000288,135,TOWNHOME,890.0,2,RENTED,11-6215-934
U-R57TXZ9RV9GZ,CA-IL-00000288,136,TOWNHOME,1513.0,3,OWNER_OCCUPIED,78-5431-274
U-9FCSWNLCZ3FE,CA-IL-00000288,137,TOWNHOME,2676.0,4,OWNER_OCCUPIED,50-1803-885
U-VNSUAL9TN98G,CA-IL-00000288,138,SINGLE_FAMILY,863.0,3,OWNER_OCCUPIED,88-9626-842
U-DVJCGBL30Y4T,CA-IL-00000288,139,SINGLE_FAMILY,963.0,2,OWNER_OCCUPIED,26-4690-791
U-WCPFHCIQF2A9,CA-IL-00000288,140,TOWNHOME,1959.0,3,OWNER_OCCUPIED,93-6221-339
U-Z9V7C1CHX1FO,CA-IL-00000288,141,SINGLE_FAMILY,1925.0,2,OWNER_OCCUPIED,41-4275-605
U-ZZ9CHU7X0TUK,CA-IL-00000288,142,TOWNHOME,1810.0,5,OWNER_OCCUPIED,63-2665-604
U-3KM36VU6RWE2,CA-IL-00000288,143,TOWNHOME,,3,RENTED,31-9312-699
U-R44N431H9DMW,CA-IL-00000288,144,TOWNHOME,2166.0,2,OWNER_OCCUPIED,93-9560-813
U-6NU1JN0AW23D,CA-IL-00000288,145,SINGLE_FAMILY,2032.0,2,OWNER_OCCUPIED,93-7519-243
U-FB671P9K4IFV,CA-IL-00000288,146,SINGLE_FAMILY,2044.0,2,OWNER_OCCUPIED,48-8162-131
U-G30VV7U3ZX0I,CA-IL-00000288,147,TOWNHOME,955.0,4,OWNER_OCCUPIED,97-2795-792
U-IQUAOSEJVWEY,CA-IL-00000288,148,SINGLE_FAMILY,3109.0,3,OWNER_OCCUPIED,15-4133-281
U-RG4X0J7ZGTH8,CA-IL-00000288,149,TOWNHOME,1714.0,2,OWNER_OCCUPIED,66-5953-336
U-UF94HNRKDGLY,CA-IL-00000288,150,TOWNHOME,3011.0,3,RENTED,87-5184-562
U-KRONFU7WXVD2,CA-IL-00000288,151,TOWNHOME,2019.0,1,RENTED,37-4274-508
U-YWTFTRAXI878,CA-IL-00000288,152,TOWNHOME,2917.0,3,OWNER_OCCUPIED,71-6271-229
U-F6P82SEU6H8Z,CA-IL-00000288,153,SINGLE_FAMILY,2161.0,3,OWNER_OCCUPIED,19-2016-649
U-I5UNE0WYV5E4,CA-IL-00000288,154,SINGLE_FAMILY,2938.0,3,RENTED,58-4956-734
U-YKRZCJ7R3S56,CA-IL-00000288,155,TOWNHOME,2136.0,2,OWNER_OCCUPIED,68-2005-729
U-I3JFKIT691DV,CA-IL-00000288,156,TOWNHOME,2348.0,3,OWNER_OCCUPIED,72-4211-749
U-L3R0X88AIETO,CA-IL-00000288,157,SINGLE_FAMILY,727.0,3,OWNER_OCCUPIED,81-2402-657
U-GQYB4T4DS39P,CA-IL-00000288,158,SINGLE_FAMILY,2441.0,2,OWNER_OCCUPIED,36-6988-541
U-L8YL0FAUBJBT,CA-IL-00000288,159,SINGLE_FAMILY,,1,OWNER_OCCUPIED,51-2543-703
U-0FZ2Q7YD8BV8,CA-VA-00000289,100,TOWNHOME,1990.0,3,OWNER_OCCUPIED,
U-PHSZ09N8KZ9W,CA-VA-00000289,101,TOWNHOME,1396.0,4,OWNER_OCCUPIED,54-3720-315
U-Y9SDZM1FNR56,CA-VA-00000289,102,SINGLE_FAMILY,1300.0,2,OWNER_OCCUPIED,42-4698-787
U-G0SW6ZT07I99,CA-VA-00000289,103,TOWNHOME,1572.0,3,RENTED,23-5230-541
U-CUFTNA5KJG06,CA-VA-00000289,104,TOWNHOME,2783.0,5,OWNER_OCCUPIED,31-3906-319
U-Z35PKS2LXZQH,CA-VA-00000289,105,TOWNHOME,3047.0,2,OWNER_OCCUPIED,75-3203-961
U-3RF5YG54WGR1,CA-VA-00000289,106,TOWNHOME,1205.0,2,OWNER_OCCUPIED,60-4467-926
U-TBSZW9DIY5NZ,CA-VA-00000289,107,SINGLE_FAMILY,1854.0,4,OWNER_OCCUPIED,38-3106-728
U-R7GHZS6FZEZ8,CA-VA-00000289,108,TOWNHOME,2995.0,3,OWNER_OCCUPIED,65-4105-900
U-NHT25B0090B3,CA-VA-00000289,109,TOWNHOME,1744.0,3,OWNER_OCCUPIED,68-5042-992
U-0C9121VIV6Z8,CA-VA-00000289,110,SINGLE_FAMILY,3116.0,3,VACANT,70-6922-147
U-BKYC27IXW5Z6,CA-VA-00000289,111,SINGLE_FAMILY,1429.0,1,OWNER_OCCUPIED,14-7280-848
U-8W4FDGMZQ3OJ,CA-VA-00000289,112,TOWNHOME,3184.0,3,OWNER_OCCUPIED,90-8590-614
U-W51TF97SP0YI,CA-VA-00000289,113,TOWNHOME,1744.0,3,OWNER_OCCUPIED,43-5531-931
U-ZL6GHQCEBE70,CA-VA-00000289,114,TOWNHOME,1036.0,3,OWNER_OCCUPIED,79-7111-855
U-X0LTXYSWFJMY,CA-VA-00000289,115,SINGLE_FAMILY,2796.0,2,VACANT,95-2203-283
U-7U3QNIICPLOG,CA-VA-00000289,116,TOWNHOME,1756.0,4,OWNER_OCCUPIED,26-2002-207
U-8BYSIQQI56PV,CA-VA-00000289,117,TOWNHOME,706.0,5,OWNER_OCCUPIED,13-4778-705
U-14F4TY23T3RU,CA-VA-00000289,118,SINGLE_FAMILY,3094.0,2,OWNER_OCCUPIED,63-3444-135
U-XIE79EC43KC7,CA-VA-00000289,119,TOWNHOME,2608.0,2,RENTED,11-2854-788
U-VV373YOVSTUN,CA-VA-00000289,120,TOWNHOME,2395.0,2,OWNER_OCCUPIED,75-7562-805
U-EYG1VHV7Y4WX,CA-VA-00000289,121,SINGLE_FAMILY,2064.0,2,OWNER_OCCUPIED,94-1414-559
U-NQCKEMS3QREK,CA-VA-00000289,122,SINGLE_FAMILY,723.0,1,OWNER_OCCUPIED,88-7525-873
U-MAGYGS6KMWES,CA-VA-00000289,123,TOWNHOME,2912.0,3,OWNER_OCCUPIED,
U-2IB2ER29BZIG,CA-VA-00000289,124,TOWNHOME,920.0,2,RENTED,42-7516-967
U-YV1UAOQXCIP9,CA-VA-00000289,125,TOWNHOME,,2,OWNER_OCCUPIED,13-7767-365
U-N1SK6EBPQ8R4,CA-VA-00000289,126,TOWNHOME,1783.0,4,RENTED,14-2293-584
U-VQ07WI9OUMDD,CA-VA-00000289,127,SINGLE_FAMILY,,3,OWNER_OCCUPIED,91-1766-784
U-PMRSH3U2IUJ6,CA-VA-00000289,128,TOWNHOME,1089.0,5,RENTED,53-5110-515
U-KJPYLFRO47F3,CA-VA-00000289,129,SINGLE_FAMILY,,5,OWNER_OCCUPIED,40-6546-269
U-0QGXAC3MJJBA,CA-VA-00000289,130,TOWNHOME,2750.0,3,RENTED,88-9905-232
U-A3DADDUNTYZK,CA-VA-00000289,131,SINGLE_FAMILY,1302.0,3,OWNER_OCCUPIED,34-6478-477
U-4EKHD5ZKM01S,CA-VA-00000289,132,SINGLE_FAMILY,2944.0,4,OWNER_OCCUPIED,99-7085-755
U-E5HUX6TXG8LH,CA-VA-00000289,133,TOWNHOME,1038.0,3,RENTED,51-4941-362
U-69WR7IYI9E3N,CA-VA-00000289,134,TOWNHOME,1151.0,4,OWNER_OCCUPIED,74-3295-270
U-DK7D6T4EMCZT,CA-VA-00000289,135,SINGLE_FAMILY,3161.0,4,OWNER_OCCUPIED,73-7515-957
U-TAUPVW45T2GI,CA-VA-00000289,136,SINGLE_FAMILY,2264.0,2,OWNER_OCCUPIED,90-5664-444
U-4G5ZE07PSF8N,CA-VA-00000289,137,TOWNHOME,806.0,5,OWNER_OCCUPIED,83-8666-696
U-6UXDSOO5PJGA,CA-VA-00000289,138,SINGLE_FAMILY,2074.0,2,OWNER_OCCUPIED,48-2144-350
U-1B1998R4I2AC,CA-VA-00000289,139,SINGLE_FAMILY,2916.0,3,OWNER_OCCUPIED,31-4235-891
U-RTRP3HNGV8N7,CA-VA-00000289,140,TOWNHOME,2163.0,2,OWNER_OCCUPIED,45-9815-189
U-OPPRG2AYY08V,CA-VA-00000289,141,TOWNHOME,1325.0,3,OWNER_OCCUPIED,81-2046-365
U-VR0R07KTGJXL,CA-VA-00000289,142,TOWNHOME,1700.0,2,OWNER_OCCUPIED,11-3026-667
U-QRHF36OMRNLZ,CA-VA-00000289,143,SINGLE_FAMILY,1610.0,2,OWNER_OCCUPIED,23-5979-839
U-O0UE7ZGE2VOG,CA-VA-00000289,144,TOWNHOME,2716.0,4,RENTED,24-9533-934
U-WZO4V9ZXC3DT,CA-VA-00000289,145,SINGLE_FAMILY,2744.0,1,RENTED,96-2657-822
U-WU8Y0I2IXZHH,CA-VA-00000289,146,SINGLE_FAMILY,2086.0,3,OWNER_OCCUPIED,72-7354-795
U-XYY2GMMFB72K,CA-VA-00000289,147,SINGLE_FAMILY,1550.0,4,OWNER_OCCUPIED,46-1902-594
U-Q857MFUJR8Z6,CA-VA-00000289,148,TOWNHOME,,3,VACANT,92-1984-400
U-MY2KN3IKSD6S,CA-VA-00000289,149,SINGLE_FAMILY,664.0,5,OWNER_OCCUPIED,86-5076-835
U-ZBZOA42OA8DH,CA-VA-00000289,150,SINGLE_FAMILY,1930.0,2,OWNER_OCCUPIED,27-8394-820
U-ZYNULNN153I4,CA-VA-00000289,151,TOWNHOME,2638.0,4,RENTED,58-5795-838
U-H380NDNK7C74,CA-VA-00000289,152,TOWNHOME,2437.0,2,RENTED,76-1874-840
U-IZFSVBQIQK46,CA-VA-00000289,153,SINGLE_FAMILY,,2,OWNER_OCCUPIED,79-2521-477
U-7827U9596TLU,CA-FL-00000290,3C,CONDO_UNIT,,3,OWNER_OCCUPIED,48-3571-558
U-UWKUDWI8RN1G,CA-FL-00000290,23D,CONDO_UNIT,664.0,3,RENTED,81-9288-630
U-LOX0R9IGOV8S,CA-FL-00000290,13H,CONDO_UNIT,1735.0,2,VACANT,89-2675-751
U-ETSF97OKPG9G,CA-FL-00000290,39G,CONDO_UNIT,1273.0,3,OWNER_OCCUPIED,78-5096-132
U-9B2X6BMZA8NP,CA-FL-00000290,37D,CONDO_UNIT,763.0,2,OWNER_OCCUPIED,92-9963-267
U-PQPPKC97OUDC,CA-FL-00000290,7B,CONDO_UNIT,2305.0,2,RENTED,52-5828-976
U-3YEKBITO16YX,CA-FL-00000290,11H,CONDO_UNIT,2095.0,3,OWNER_OCCUPIED,51-2408-621
U-P0KKX83DUQJ9,CA-FL-00000290,8E,CONDO_UNIT,,2,RENTED,63-9148-606
U-L9JNSNSCS1QI,CA-FL-00000290,21G,CONDO_UNIT,896.0,3,OWNER_OCCUPIED,68-7857-417
U-S5QU3NLY5QDK,CA-FL-00000290,26H,CONDO_UNIT,738.0,2,VACANT,21-6618-131
U-OUHZ130XHIM0,CA-FL-00000290,33A,CONDO_UNIT,2081.0,3,RENTED,24-4881-662
U-WCPZJ17WIH4K,CA-FL-00000290,25C,CONDO_UNIT,798.0,3,RENTED,42-5551-278
U-MDH9DFHFVAHZ,CA-FL-00000290,20B,CONDO_UNIT,,4,OWNER_OCCUPIED,24-2037-744
U-PGU4ORVD09NM,CA-FL-00000290,16E,CONDO_UNIT,2970.0,3,OWNER_OCCUPIED,17-1924-957
U-JBQN5RVLU8LE,CA-FL-00000290,40G,CONDO_UNIT,2605.0,2,RENTED,61-8876-992
U-EJSIZ1JEV83D,CA-FL-00000290,3F,CONDO_UNIT,2867.0,2,OWNER_OCCUPIED,69-4934-998
U-S4G4QX20JMD2,CA-FL-00000290,35A,CONDO_UNIT,2023.0,3,RENTED,46-2639-792
U-9BXBH1O6V8VC,CA-FL-00000290,21E,CONDO_UNIT,1743.0,4,RENTED,25-2457-900
U-4TM7VMSNJ6MN,CA-FL-00000290,38E,CONDO_UNIT,2364.0,4,RENTED,24-2392-241
U-0GZUYBY9OXF0,CA-FL-00000290,39E,CONDO_UNIT,1570.0,4,OWNER_OCCUPIED,12-5650-432
U-PMD3AW0KQG5Z,CA-FL-00000290,36B,CONDO_UNIT,2142.0,3,RENTED,51-3017-197
U-VUI6U6XBIL0Q,CA-FL-00000290,37E,CONDO_UNIT,2095.0,3,VACANT,54-9931-335
U-6V46Z576OO3W,CA-FL-00000290,9B,CONDO_UNIT,2275.0,2,OWNER_OCCUPIED,54-5901-602
U-EQ1CSQ3EBL1C,CA-FL-00000290,32C,CONDO_UNIT,,2,OWNER_OCCUPIED,92-4358-236
U-VXBPQPOMOYSV,CA-FL-00000290,26G,CONDO_UNIT,923.0,2,RENTED,16-1274-852
U-O45FRJUWMVM7,CA-FL-00000290,10D,CONDO_UNIT,1343.0,2,RENTED,87-2752-564
U-VWWND7JT6L7N,CA-FL-00000290,7B,CONDO_UNIT,2330.0,3,OWNER_OCCUPIED,31-3010-287
U-VHUNTSNG3JP8,CA-FL-00000290,8B,CONDO_UNIT,3005.0,2,RENTED,82-7281-324
U-Q17M0M3GI80G,CA-VA-00000291,26H,CONDO_UNIT,2553.0,1,OWNER_OCCUPIED,77-9528-235
U-JTWMNQVALT3C,CA-VA-00000291,24F,CONDO_UNIT,2428.0,2,OWNER_OCCUPIED,12-2525-693
U-VFSCI42ARVNK,CA-VA-00000291,3H,CONDO_UNIT,1703.0,2,OWNER_OCCUPIED,78-1767-206
U-LZFS66RYX84K,CA-VA-00000291,26E,CONDO_UNIT,,3,OWNER_OCCUPIED,63-5558-701
U-U3WJN72BQ5PO,CA-VA-00000291,2G,CONDO_UNIT,1217.0,2,RENTED,28-8852-799
U-CRN8QYV74O51,CA-VA-00000291,15A,CONDO_UNIT,1285.0,2,OWNER_OCCUPIED,44-2428-888
U-QQY1L04HCQTP,CA-VA-00000291,29C,CONDO_UNIT,1674.0,2,RENTED,43-4483-153
U-63SM2MDE4F9W,CA-VA-00000291,13B,CONDO_UNIT,1226.0,2,RENTED,68-8208-645
U-8ZZU5URI4Z4R,CA-VA-00000291,35H,CONDO_UNIT,1799.0,3,OWNER_OCCUPIED,70-1596-282
U-V1TINO1P5MZG,CA-VA-00000291,11H,CONDO_UNIT,1311.0,2,RENTED,
U-TDUOM4LMEGH2,CA-VA-00000291,40G,CONDO_UNIT,1746.0,5,OWNER_OCCUPIED,34-3111-984
U-ZSVWINUFFKUV,CA-VA-00000291,34E,CONDO_UNIT,1480.0,3,OWNER_OCCUPIED,19-3337-578
U-NTA1X1YH1WYU,CA-VA-00000291,38E,CONDO_UNIT,1024.0,3,VACANT,88-5361-940
U-NCH2NZNKQZUD,CA-VA-00000291,11D,CONDO_UNIT,897.0,3,OWNER_OCCUPIED,24-6355-455
U-IR81STAJ8VYQ,CA-VA-00000291,6B,CONDO_UNIT,2096.0,1,OWNER_OCCUPIED,43-1238-386
U-DTSRWH19N5AR,CA-VA-00000291,38B,CONDO_UNIT,3087.0,3,RENTED,97-1007-526
U-HXF3ONWQPXT2,CA-VA-00000291,11E,CONDO_UNIT,3181.0,1,OWNER_OCCUPIED,56-1665-503
U-U88FXMYMNWJL,CA-VA-00000291,14G,CONDO_UNIT,807.0,2,OWNER_OCCUPIED,87-7014-621
U-GOBJ3KJ2X7FX,CA-VA-00000291,37H,CONDO_UNIT,795.0,2,OWNER_OCCUPIED,85-7458-611
U-22K60B7PDWWV,CA-VA-00000291,26F,CONDO_UNIT,3009.0,4,RENTED,50-3922-494
U-O43EV9WJBGTE,CA-VA-00000291,37B,CONDO_UNIT,964.0,3,OWNER_OCCUPIED,99-8741-965
U-NGKGUTNZZH7Q,CA-VA-00000291,34C,CONDO_UNIT,2872.0,1,OWNER_OCCUPIED,22-9653-237
U-JST5I6EQMH1K,CA-VA-00000291,9C,CONDO_UNIT,1388.0,4,OWNER_OCCUPIED,61-5285-814
U-QVQ0UU3ZM748,CA-VA-00000291,39H,CONDO_UNIT,1017.0,2,OWNER_OCCUPIED,67-6505-514
U-VR8VAGWTX10B,CA-VA-00000291,30D,CONDO_UNIT,1022.0,2,RENTED,51-2018-462
U-QJYZ7FTDYDL3,CA-VA-00000291,1C,CONDO_UNIT,924.0,3,OWNER_OCCUPIED,56-5404-866
U-FDJVR7YDSWOF,CA-VA-00000291,3D,CONDO_UNIT,3028.0,2,OWNER_OCCUPIED,21-4178-604
U-V6QMW360CWP3,CA-VA-00000291,16H,CONDO_UNIT,1335.0,4,OWNER_OCCUPIED,41-5959-203
U-RGVGH9OBI48B,CA-VA-00000291,34H,CONDO_UNIT,2486.0,2,RENTED,58-3885-296
U-O90GR2MROZL9,CA-VA-00000291,8F,CONDO_UNIT,3198.0,3,OWNER_OCCUPIED,
U-JZATK9YQS07D,CA-VA-00000291,16E,CONDO_UNIT,1092.0,3,RENTED,
U-1OD787VN88EQ,CA-VA-00000291,16H,CONDO_UNIT,1395.0,4,OWNER_OCCUPIED,46-1842-790
U-3BX4870ROS6P,CA-VA-00000291,8E,CONDO_UNIT,654.0,4,OWNER_OCCUPIED,88-3149-392
U-L1RKMMRPKX4L,CA-VA-00000291,37C,CONDO_UNIT,3095.0,2,RENTED,89-5037-861
U-98FRUB3IZFIA,CA-VA-00000291,1E,CONDO_UNIT,3014.0,2,OWNER_OCCUPIED,49-7088-449
U-6Y0WH9WRT4HP,CA-VA-00000291,3H,CONDO_UNIT,661.0,2,OWNER_OCCUPIED,90-8432-507
U-L28IR78PWAGW,CA-VA-00000291,11D,CONDO_UNIT,1122.0,2,RENTED,53-2055-708
U-N8EM0LMPR5G5,CA-VA-00000291,16H,CONDO_UNIT,2863.0,2,RENTED,16-1224-623
U-QZLKOE9XXVS6,CA-FL-00000292,100,SINGLE_FAMILY,3101.0,2,RENTED,51-3010-379
U-3CUZ0Y8WI5N6,CA-FL-00000292,101,TOWNHOME,2156.0,3,RENTED,54-8905-886
U-U5G14OIX0D39,CA-FL-00000292,102,SINGLE_FAMILY,2409.0,5,OWNER_OCCUPIED,26-6065-681
U-4KR16W8T7ANT,CA-FL-00000292,103,SINGLE_FAMILY,1347.0,4,RENTED,52-2196-244
U-JTT9BZAJJX7V,CA-FL-00000292,104,TOWNHOME,,3,RENTED,46-4282-595
U-MI1HVSQV9WAQ,CA-FL-00000292,105,TOWNHOME,1569.0,5,RENTED,41-7891-584
U-2C85LZG5BDSO,CA-FL-00000292,106,SINGLE_FAMILY,2006.0,2,RENTED,92-7896-927
U-3OS4ZSP2PNYN,CA-FL-00000292,107,TOWNHOME,3007.0,5,OWNER_OCCUPIED,28-2403-103
U-X1W2IQKIDXJE,CA-FL-00000292,108,SINGLE_FAMILY,1635.0,1,OWNER_OCCUPIED,35-4893-135
U-23YE5T0AUMEC,CA-FL-00000292,109,SINGLE_FAMILY,2211.0,2,RENTED,40-4234-567
U-86YSDOCMO6WN,CA-FL-00000292,110,SINGLE_FAMILY,3180.0,2,RENTED,48-7926-388
U-5FW4O2NJVDDW,CA-FL-00000292,111,SINGLE_FAMILY,2560.0,3,RENTED,13-6169-696
U-76PT9ODY2Y3C,CA-FL-00000292,112,TOWNHOME,2284.0,2,RENTED,66-2034-428
U-KVOGRHGMQOWR,CA-FL-00000292,113,TOWNHOME,3004.0,2,RENTED,20-9988-621
U-YFRNYYM6HLS3,CA-FL-00000292,114,SINGLE_FAMILY,1401.0,2,OWNER_OCCUPIED,54-2168-897
U-4WMC3H6IYN8P,CA-FL-00000292,115,SINGLE_FAMILY,,3,RENTED,32-7451-397
U-QMGJS5NMVZH3,CA-FL-00000292,116,TOWNHOME,2851.0,2,RENTED,21-3556-948
U-8CW02I0XNMWZ,CA-FL-00000292,117,TOWNHOME,3113.0,2,OWNER_OCCUPIED,
U-VWPXZNFP35R3,CA-FL-00000292,118,TOWNHOME,650.0,4,OWNER_OCCUPIED,13-5697-692
U-RCVHM8H99CYF,CA-FL-00000292,119,SINGLE_FAMILY,1882.0,1,OWNER_OCCUPIED,70-3697-905
U-FMSZ2X0JDYKY,CA-FL-00000292,120,TOWNHOME,1795.0,3,OWNER_OCCUPIED,88-3034-581
U-PCCOAN3PQ7AF,CA-FL-00000292,121,SINGLE_FAMILY,1556.0,1,OWNER_OCCUPIED,64-1687-452
U-VMY76XP7W5J0,CA-FL-00000292,122,TOWNHOME,2858.0,1,OWNER_OCCUPIED,42-9055-684
U-0HXX5KWIY71W,CA-FL-00000292,123,TOWNHOME,988.0,3,VACANT,78-1989-250
U-GH4PAUTZSP5W,CA-FL-00000292,124,TOWNHOME,1483.0,2,RENTED,
U-7YFTCLPGSV21,CA-FL-00000292,125,TOWNHOME,1773.0,2,OWNER_OCCUPIED,88-9037-558
U-8KTVDRJQWUZH,CA-FL-00000292,126,TOWNHOME,2333.0,3,OWNER_OCCUPIED,44-8779-150
U-L7O4G4METHJH,CA-FL-00000292,127,SINGLE_FAMILY,3039.0,3,VACANT,63-5302-590
U-CKEG7AF3HJA1,CA-FL-00000292,128,TOWNHOME,846.0,2,OWNER_OCCUPIED,98-5161-776
U-XOZTDO6C9M51,CA-FL-00000292,129,TOWNHOME,1647.0,3,RENTED,53-3100-751
U-K0GBEHLF29FE,CA-FL-00000292,130,TOWNHOME,3182.0,2,RENTED,29-6574-508
U-2E8LR4JDTUVB,CA-FL-00000293,6F,CONDO_UNIT,1203.0,1,OWNER_OCCUPIED,81-7785-125
U-9LAH59WT8BYS,CA-FL-00000293,35B,CONDO_UNIT,1808.0,3,OWNER_OCCUPIED,77-1844-849
U-3NNLMBFHM44X,CA-FL-00000293,5A,CONDO_UNIT,1005.0,3,OWNER_OCCUPIED,76-1656-733
U-RBOMGDBBWKZO,CA-FL-00000293,12E,CONDO_UNIT,1228.0,4,RENTED,73-3428-602
U-D12NTXNARH5E,CA-FL-00000293,35E,CONDO_UNIT,3035.0,2,OWNER_OCCUPIED,21-6556-394
U-63XTAKKOZ1FP,CA-FL-00000293,37G,CONDO_UNIT,2095.0,3,OWNER_OCCUPIED,45-2588-411
U-O20LC1S772DO,CA-FL-00000293,29G,CONDO_UNIT,1428.0,3,VACANT,68-5892-745
U-CJXSUFAEXXVL,CA-FL-00000293,24F,CONDO_UNIT,1806.0,3,RENTED,65-9772-318
U-CPIW4Q2H3KI2,CA-FL-00000293,29F,CONDO_UNIT,1310.0,2,OWNER_OCCUPIED,89-5188-315
U-E4M6JHDW2MTN,CA-FL-00000293,37C,CONDO_UNIT,2043.0,3,RENTED,57-9680-433
U-ST3Y3J1ZAK46,CA-FL-00000293,29D,CONDO_UNIT,1110.0,2,OWNER_OCCUPIED,98-4656-936
U-BIIR82U7O7XR,CA-FL-00000293,5C,CONDO_UNIT,2266.0,2,OWNER_OCCUPIED,13-2631-371
U-ZKPEINR33V4S,CA-FL-00000293,24G,CONDO_UNIT,1683.0,2,OWNER_OCCUPIED,47-6670-657
U-0FCY2NGA8DFU,CA-FL-00000293,8C,CONDO_UNIT,2259.0,2,OWNER_OCCUPIED,95-8196-493
U-78LEBU66I3OE,CA-FL-00000293,18C,CONDO_UNIT,676.0,3,OWNER_OCCUPIED,27-7608-468
U-ZPS23DL9DI02,CA-FL-00000293,30G,CONDO_UNIT,2520.0,1,OWNER_OCCUPIED,25-4239-908
U-WYK63AAUEV4Z,CA-FL-00000293,15D,CONDO_UNIT,1913.0,3,OWNER_OCCUPIED,55-1407-410
U-HPLVXFPVFXHZ,CA-FL-00000293,20H,CONDO_UNIT,3094.0,3,RENTED,46-5464-841
U-ZS98479KAWR2,CA-FL-00000293,19H,CONDO_UNIT,1388.0,4,OWNER_OCCUPIED,81-5225-499
U-ALGW4UMJUTTN,CA-FL-00000293,2H,CONDO_UNIT,1730.0,4,VACANT,61-9734-243
U-KGQCHA0ZOZEK,CA-FL-00000293,25G,CONDO_UNIT,856.0,2,OWNER_OCCUPIED,57-2810-548
U-MYAVO33MD63X,CA-FL-00000293,7H,CONDO_UNIT,2455.0,4,OWNER_OCCUPIED,81-1396-622
U-RIERA13BC46Z,CA-FL-00000293,34A,CONDO_UNIT,1898.0,3,OWNER_OCCUPIED,73-9992-312
U-J2QT9BZYE0A3,CA-FL-00000293,27E,CONDO_UNIT,1826.0,2,OWNER_OCCUPIED,38-2823-293
U-L8ABYHT6VFGT,CA-FL-00000293,21F,CONDO_UNIT,1966.0,2,OWNER_OCCUPIED,15-3814-876
U-67A4XP9KO2TR,CA-FL-00000293,33G,CONDO_UNIT,2606.0,2,OWNER_OCCUPIED,59-4806-481
U-FF31UA7LRX26,CA-FL-00000293,17A,CONDO_UNIT,2910.0,4,OWNER_OCCUPIED,97-9405-873
U-YIOVGLGXM8V9,CA-FL-00000293,32B,CONDO_UNIT,3107.0,2,OWNER_OCCUPIED,66-8799-347
U-8BBJB6KGJXC7,CA-FL-00000293,29E,CONDO_UNIT,2390.0,5,OWNER_OCCUPIED,71-9865-197
U-QAJFYZ84UUN1,CA-AZ-00000294,31H,CONDO_UNIT,1579.0,3,OWNER_OCCUPIED,19-4396-867
U-9ZC1NRFDJGCY,CA-AZ-00000294,16D,CONDO_UNIT,2162.0,1,RENTED,
U-CUCNEG83KRPQ,CA-AZ-00000294,25C,CONDO_UNIT,,4,OWNER_OCCUPIED,83-4573-458
U-D951XOTIE0FH,CA-AZ-00000294,29D,CONDO_UNIT,1095.0,4,OWNER_OCCUPIED,50-6601-437
U-AY24QAKWCEO5,CA-AZ-00000294,16G,CONDO_UNIT,1005.0,2,OWNER_OCCUPIED,82-7957-970
U-GHLFD7CGL6U5,CA-AZ-00000294,39C,CONDO_UNIT,2988.0,3,OWNER_OCCUPIED,48-7283-142
U-MQ55Y4GNW480,CA-AZ-00000294,21C,CONDO_UNIT,2413.0,3,OWNER_OCCUPIED,46-3713-267
U-559R9OAMFJ0R,CA-AZ-00000294,11H,CONDO_UNIT,2175.0,3,OWNER_OCCUPIED,49-9988-989
U-N4SVCJZV8RJ3,CA-AZ-00000294,36B,CONDO_UNIT,799.0,3,OWNER_OCCUPIED,62-7115-999
U-4LC0W21PNTXR,CA-AZ-00000294,15D,CONDO_UNIT,1971.0,2,RENTED,53-8588-335
U-T6835D7RFSWW,CA-AZ-00000294,29C,CONDO_UNIT,1866.0,2,RENTED,22-6013-904
U-0P77TX2ZAQW8,CA-AZ-00000294,18B,CONDO_UNIT,,3,OWNER_OCCUPIED,99-5559-815
U-6FZW7XMUMC45,CA-AZ-00000294,18H,CONDO_UNIT,2811.0,2,RENTED,86-6595-257
U-E0934C4P6SXO,CA-AZ-00000294,9G,CONDO_UNIT,2504.0,5,OWNER_OCCUPIED,44-1406-890
U-CI7YN8I8R3B3,CA-AZ-00000294,40H,CONDO_UNIT,1443.0,4,OWNER_OCCUPIED,84-2998-636
U-OJSS0UWV23IP,CA-AZ-00000294,4C,CONDO_UNIT,1590.0,3,VACANT,97-3337-118
U-QAM4NDD6RDAW,CA-AZ-00000294,26H,CONDO_UNIT,1348.0,1,OWNER_OCCUPIED,70-9022-270
U-OY3ZXM874LDS,CA-AZ-00000294,21B,CONDO_UNIT,1446.0,4,RENTED,12-7363-350
U-WUX3DQ3EGG3J,CA-AZ-00000294,23B,CONDO_UNIT,816.0,3,RENTED,28-5958-685
U-WI9KXG8T64VV,CA-AZ-00000294,37E,CONDO_UNIT,2400.0,2,VACANT,25-8564-110
U-7W236P5TI88H,CA-AZ-00000294,21A,CONDO_UNIT,,4,OWNER_OCCUPIED,47-9160-461
U-X8Z7LPCB1YJR,CA-AZ-00000294,18C,CONDO_UNIT,2499.0,2,OWNER_OCCUPIED,22-4121-275
U-ZU29CCS9IFG0,CA-AZ-00000294,31G,CONDO_UNIT,1997.0,4,OWNER_OCCUPIED,80-1399-515
U-0U0WX3WBZDW0,CA-AZ-00000294,11B,CONDO_UNIT,2979.0,2,OWNER_OCCUPIED,65-7182-996
U-SQ33D62WOAZT,CA-AZ-00000294,18H,CONDO_UNIT,1611.0,5,OWNER_OCCUPIED,68-6989-938
U-GRBRJXNM3TIX,CA-AZ-00000294,21B,CONDO_UNIT,3081.0,1,OWNER_OCCUPIED,74-1054-855
U-3IEJ9YQVCZNY,CA-AZ-00000294,31G,CONDO_UNIT,2250.0,3,RENTED,87-7555-689
U-YOHSMFOD5BND,CA-AZ-00000294,4B,CONDO_UNIT,,3,OWNER_OCCUPIED,18-4449-457
U-IZ3RV7PG0QOP,CA-AZ-00000294,10A,CONDO_UNIT,1797.0,2,OWNER_OCCUPIED,50-6187-657
U-KYU5O9TBGET5,CA-AZ-00000294,20H,CONDO_UNIT,716.0,2,OWNER_OCCUPIED,60-6490-616
U-U3IJR3L3B727,CA-AZ-00000294,28A,CONDO_UNIT,1927.0,5,OWNER_OCCUPIED,
U-6FWGIPTZU96X,CA-AZ-00000294,11H,CONDO_UNIT,2763.0,2,OWNER_OCCUPIED,84-6806-696
U-18GUZJS8ZT03,CA-AZ-00000294,39H,CONDO_UNIT,1738.0,3,VACANT,20-7957-134
U-Z89H7C6JF2IX,CA-AZ-00000294,37C,CONDO_UNIT,1618.0,2,OWNER_OCCUPIED,52-7004-795
U-PRFEYJK5L4SN,CA-AZ-00000294,33G,CONDO_UNIT,1321.0,2,VACANT,75-2521-346
U-LD7CFMFFCAR0,CA-AZ-00000294,5H,CONDO_UNIT,1921.0,2,RENTED,52-8364-268
U-HK16CZRM7IAV,CA-AZ-00000294,34A,CONDO_UNIT,2823.0,2,OWNER_OCCUPIED,44-3933-506
U-WYOBWPVRMO3N,CA-AZ-00000294,36H,CONDO_UNIT,,1,OWNER_OCCUPIED,13-9868-385
U-RO2FQTZGF06C,CA-AZ-00000294,34F,CONDO_UNIT,1965.0,4,OWNER_OCCUPIED,30-2277-418
U-KOFAHC8TMHGD,CA-AZ-00000294,17G,CONDO_UNIT,801.0,2,OWNER_OCCUPIED,39-6203-914
U-25NKV6ASSME8,CA-AZ-00000294,29C,CONDO_UNIT,2959.0,2,RENTED,
U-NUL6S2NSIUT5,CA-AZ-00000294,12E,CONDO_UNIT,1381.0,3,OWNER_OCCUPIED,14-4201-523
U-1JTLQSP2THAI,CA-AZ-00000294,40F,CONDO_UNIT,,2,OWNER_OCCUPIED,70-6265-724
U-J5FXR1GS92P5,CA-AZ-00000294,18A,CONDO_UNIT,2810.0,2,RENTED,80-2118-924
U-M6PX6CZH5F98,CA-AZ-00000294,24E,CONDO_UNIT,2344.0,3,OWNER_OCCUPIED,16-3252-499
U-JN64N0YANN2V,CA-AZ-00000294,31D,CONDO_UNIT,2119.0,3,RENTED,63-9315-707
U-WF1E0GUNX2CA,CA-AZ-00000294,33E,CONDO_UNIT,3033.0,2,OWNER_OCCUPIED,
U-FT9MXR1JKD4O,CA-AZ-00000294,40H,CONDO_UNIT,867.0,2,OWNER_OCCUPIED,15-5659-382
U-YF0MGMEKHBCZ,CA-AZ-00000294,40C,CONDO_UNIT,3154.0,2,OWNER_OCCUPIED,54-6983-303
U-ZN6G1CCVGF4H,CA-AZ-00000294,3H,CONDO_UNIT,1049.0,3,OWNER_OCCUPIED,24-2350-571
U-CYUMTNLZ83KI,CA-AZ-00000294,29D,CONDO_UNIT,2279.0,2,RENTED,42-2658-806
U-VJ8YL6F7OX8M,CA-AZ-00000294,3B,CONDO_UNIT,2383.0,3,RENTED,57-9660-965
U-2KXYRAVH0ZQP,CA-AZ-00000294,20D,CONDO_UNIT,,2,OWNER_OCCUPIED,46-8592-740
U-W8K1O0FXTZ2H,CA-AZ-00000294,5G,CONDO_UNIT,1128.0,3,OWNER_OCCUPIED,49-7495-502
U-024VWKTSU5YQ,CA-AZ-00000294,3G,CONDO_UNIT,,1,OWNER_OCCUPIED,37-6438-383
U-RXNYAUGYDVJ7,CA-AZ-00000294,6E,CONDO_UNIT,1939.0,1,OWNER_OCCUPIED,93-8498-228
U-5KNPDJ0D57X1,CA-AZ-00000294,3D,CONDO_UNIT,1989.0,2,RENTED,23-9226-402
U-H37YMLQ9PD5R,CA-AZ-00000294,4E,CONDO_UNIT,1086.0,2,OWNER_OCCUPIED,57-7211-534
U-9WS4K40BXVYO,CA-AZ-00000294,15H,CONDO_UNIT,2593.0,2,OWNER_OCCUPIED,58-8746-886
U-YEZ8ELUAUKYC,CA-AZ-00000294,13H,CONDO_UNIT,2183.0,3,OWNER_OCCUPIED,20-2315-707
U-LK2NFUP45HQJ,CA-FL-00000295,34B,CONDO_UNIT,826.0,2,OWNER_OCCUPIED,83-3759-983
U-IY4I3IB57ZF7,CA-FL-00000295,6G,CONDO_UNIT,2413.0,2,RENTED,31-6494-673
U-4WLXVM6DR5GJ,CA-FL-00000295,36C,CONDO_UNIT,1245.0,2,RENTED,87-3255-994
U-WP2Q45MQ9K1G,CA-FL-00000295,1F,CONDO_UNIT,2085.0,3,OWNER_OCCUPIED,44-2090-694
U-N0XJT985PAXZ,CA-FL-00000295,39H,CONDO_UNIT,1117.0,2,VACANT,25-6268-162
U-RXCU9P0SPG7Q,CA-FL-00000295,25A,CONDO_UNIT,2801.0,4,OWNER_OCCUPIED,19-5585-936
U-GOTZUPDYIKJM,CA-FL-00000295,29H,CONDO_UNIT,1460.0,1,OWNER_OCCUPIED,62-5551-449
U-S5X9MRL1UJBE,CA-FL-00000295,27A,CONDO_UNIT,1944.0,2,OWNER_OCCUPIED,72-2734-220
U-N6P2UZDJK7D3,CA-FL-00000295,1G,CONDO_UNIT,2747.0,2,OWNER_OCCUPIED,29-1609-117
U-XKNDB3TSET4W,CA-FL-00000295,16E,CONDO_UNIT,2285.0,3,OWNER_OCCUPIED,74-8804-988
U-BV68MV4NC89D,CA-FL-00000295,23D,CONDO_UNIT,3101.0,3,OWNER_OCCUPIED,93-9820-182
U-E1OK86YK6B00,CA-FL-00000295,32B,CONDO_UNIT,1412.0,3,OWNER_OCCUPIED,26-7037-331
U-78J9STDKPIWM,CA-FL-00000295,28C,CONDO_UNIT,927.0,3,OWNER_OCCUPIED,94-1785-944
U-NQE584LFROFL,CA-FL-00000295,10F,CONDO_UNIT,2124.0,3,RENTED,26-9170-728
U-GWYJFEYLF0CS,CA-FL-00000295,40F,CONDO_UNIT,2545.0,1,OWNER_OCCUPIED,48-6708-782
U-V9UKVAZ0J8FH,CA-FL-00000295,36D,CONDO_UNIT,2112.0,2,OWNER_OCCUPIED,52-5609-401
U-6YGV60C2D19C,CA-FL-00000295,30E,CONDO_UNIT,,3,OWNER_OCCUPIED,10-2507-120
U-3VPOWWS4UBLL,CA-FL-00000295,40E,CONDO_UNIT,2931.0,5,OWNER_OCCUPIED,79-6912-709
U-RWVRYJ0IRFXW,CA-FL-00000295,5F,CONDO_UNIT,3031.0,3,OWNER_OCCUPIED,32-3441-808
U-5QDM67MB78ND,CA-FL-00000295,37C,CONDO_UNIT,659.0,1,RENTED,61-9372-167
U-E43GOPUGTIXP,CA-FL-00000295,12F,CONDO_UNIT,2538.0,2,OWNER_OCCUPIED,51-7536-586
U-S28EMJ8D5WOP,CA-FL-00000295,33B,CONDO_UNIT,1036.0,1,OWNER_OCCUPIED,84-8519-564
U-PE4WB479UG0F,CA-FL-00000295,9A,CONDO_UNIT,2399.0,3,RENTED,44-5128-284
U-NL4GY0U8L7WF,CA-FL-00000295,2F,CONDO_UNIT,2147.0,1,OWNER_OCCUPIED,75-8458-814
U-X5GFCMSCR8W4,CA-FL-00000295,38A,CONDO_UNIT,2190.0,4,OWNER_OCCUPIED,42-5016-532
U-3P2P9RFLLJCJ,CA-FL-00000295,31A,CONDO_UNIT,2104.0,4,OWNER_OCCUPIED,68-8350-127
U-8U8855CX96O0,CA-FL-00000295,6C,CONDO_UNIT,2283.0,2,OWNER_OCCUPIED,14-7343-475
U-JU6EJ50RUROY,CA-FL-00000295,5E,CONDO_UNIT,2138.0,4,RENTED,26-8619-250
U-C4WH55K0F25X,CA-FL-00000295,35E,CONDO_UNIT,2806.0,4,VACANT,15-5508-248
U-F6N9AG59BZ2L,CA-FL-00000295,7B,CONDO_UNIT,3076.0,4,OWNER_OCCUPIED,49-5591-851
U-TAQNG3WIZ98T,CA-FL-00000295,18B,CONDO_UNIT,3150.0,2,OWNER_OCCUPIED,37-6649-401
U-URGCC28HFA78,CA-FL-00000295,12E,CONDO_UNIT,1065.0,3,OWNER_OCCUPIED,48-4572-666
U-Y9EL7W16AYF0,CA-FL-00000295,19A,CONDO_UNIT,911.0,2,OWNER_OCCUPIED,62-2916-936
U-Z4CABEKSCG11,CA-FL-00000295,25F,CONDO_UNIT,1230.0,1,RENTED,14-3188-276
U-KT7RSJ9EQD5E,CA-FL-00000295,36E,CONDO_UNIT,1354.0,2,RENTED,78-1428-414
U-7B1MZ5XQZHP5,CA-FL-00000295,17B,CONDO_UNIT,758.0,1,OWNER_OCCUPIED,39-9599-822
U-KODGN5TMU5OB,CA-FL-00000295,33C,CONDO_UNIT,1260.0,1,OWNER_OCCUPIED,83-9937-835
U-W9SOHFUP8RU5,CA-FL-00000295,29G,CONDO_UNIT,,3,OWNER_OCCUPIED,62-5682-121
U-Y0SHEB9AGN8W,CA-FL-00000295,40B,CONDO_UNIT,1434.0,4,RENTED,14-3685-511
U-LATJMF6P10GE,CA-FL-00000295,20C,CONDO_UNIT,2021.0,2,RENTED,36-3192-809
U-U3O29N1TE8L6,CA-FL-00000295,12C,CONDO_UNIT,2071.0,3,OWNER_OCCUPIED,46-6048-657
U-3TXL3BITXFAF,CA-FL-00000295,3D,CONDO_UNIT,1834.0,1,OWNER_OCCUPIED,96-6819-382
U-DRYTKV6Z6FER,CA-FL-00000295,6D,CONDO_UNIT,712.0,2,OWNER_OCCUPIED,75-4840-652
U-RAOVZW25PNT3,CA-FL-00000295,11C,CONDO_UNIT,1095.0,1,VACANT,73-2867-328
U-06RV8ZULYPVA,CA-FL-00000295,22C,CONDO_UNIT,1246.0,2,OWNER_OCCUPIED,93-7275-692
U-TUXDVZRB4WCP,CA-FL-00000295,25B,CONDO_UNIT,3022.0,2,VACANT,79-1521-932
U-J8BNFOB66J4L,CA-FL-00000295,18F,CONDO_UNIT,709.0,4,OWNER_OCCUPIED,69-7302-101
U-J2M358T9KFVX,CA-FL-00000295,39D,CONDO_UNIT,842.0,3,OWNER_OCCUPIED,33-4925-941
U-TW3L297INJRQ,CA-FL-00000295,11F,CONDO_UNIT,2698.0,4,RENTED,33-3988-229
U-ZZ20FVX524E7,CA-FL-00000295,39H,CONDO_UNIT,2512.0,5,OWNER_OCCUPIED,41-7478-835
U-ENE81P4H4Z2G,CA-FL-00000295,16G,CONDO_UNIT,1601.0,2,OWNER_OCCUPIED,18-6539-341
U-6HHKM9E50PRW,CA-FL-00000295,36E,CONDO_UNIT,1426.0,3,OWNER_OCCUPIED,87-5335-399
U-H8LC2M8JC3B8,CA-FL-00000295,1F,CONDO_UNIT,2112.0,3,OWNER_OCCUPIED,13-5171-482
U-BO32QL9PK180,CA-FL-00000295,27C,CONDO_UNIT,1370.0,3,OWNER_OCCUPIED,86-3706-208
U-80AAHCIDXHV8,CA-FL-00000295,22D,CONDO_UNIT,956.0,2,OWNER_OCCUPIED,15-6034-174
U-FIX7JWTPTM6L,CA-FL-00000295,9H,CONDO_UNIT,2684.0,3,RENTED,52-7108-277
U-UXZLO9BFRDN5,CA-FL-00000295,9C,CONDO_UNIT,1083.0,3,OWNER_OCCUPIED,54-2122-994
U-7CCJ73KR2BGZ,CA-FL-00000296,15C,CONDO_UNIT,1442.0,3,OWNER_OCCUPIED,36-2162-878
U-Q5FG2PHYJ2OX,CA-FL-00000296,35H,CONDO_UNIT,2906.0,3,OWNER_OCCUPIED,89-9630-501
U-IGZBD2THY2MY,CA-FL-00000296,23H,CONDO_UNIT,1864.0,2,OWNER_OCCUPIED,98-4902-922
U-YNWTLGP7CIDV,CA-FL-00000296,33C,CONDO_UNIT,2801.0,2,OWNER_OCCUPIED,63-6656-236
U-R63LSBSUZKCX,CA-FL-00000296,36F,CONDO_UNIT,680.0,3,OWNER_OCCUPIED,55-1231-674
U-BN6F9OCPJIDJ,CA-FL-00000296,26E,CONDO_UNIT,2503.0,2,RENTED,80-5319-492
U-Y6S0P577QRDK,CA-FL-00000296,22A,CONDO_UNIT,2839.0,1,OWNER_OCCUPIED,53-6743-502
U-3Q927KUURZG3,CA-FL-00000296,28G,CONDO_UNIT,2620.0,4,RENTED,20-7589-250
U-EKJNJVBJX4ZI,CA-FL-00000296,20B,CONDO_UNIT,1844.0,2,OWNER_OCCUPIED,55-1190-748
U-CJ8V5PT1OY3G,CA-FL-00000296,3F,CONDO_UNIT,1920.0,3,OWNER_OCCUPIED,44-4649-748
U-1XNP0KV7BFXX,CA-FL-00000296,34B,CONDO_UNIT,1381.0,4,RENTED,33-4485-840
U-UL6SQ83MQQ0V,CA-FL-00000296,14H,CONDO_UNIT,3058.0,3,RENTED,30-9864-158
U-RA2SXTJSLEEO,CA-FL-00000296,30E,CONDO_UNIT,1773.0,2,OWNER_OCCUPIED,50-3104-573
U-KE3OPPVQW2LO,CA-FL-00000296,21B,CONDO_UNIT,1679.0,4,OWNER_OCCUPIED,40-4451-477
U-Q2K0XYO2FR03,CA-FL-00000296,25C,CONDO_UNIT,2857.0,4,OWNER_OCCUPIED,99-1438-133
U-AF3P96RSK6JF,CA-FL-00000296,34G,CONDO_UNIT,,3,OWNER_OCCUPIED,55-2462-754
U-7689S22RI7HR,CA-FL-00000296,39G,CONDO_UNIT,1043.0,3,RENTED,99-5135-127
U-XWV8KT4UP416,CA-FL-00000296,23A,CONDO_UNIT,,3,OWNER_OCCUPIED,87-6389-796
U-BR1S1KX7Y8VH,CA-FL-00000296,26C,CONDO_UNIT,2586.0,3,OWNER_OCCUPIED,81-6743-561
U-MCBI704UDBXW,CA-FL-00000296,9G,CONDO_UNIT,1897.0,1,OWNER_OCCUPIED,51-5121-316
U-UP0K7G0OSNXD,CA-FL-00000296,16C,CONDO_UNIT,1120.0,2,OWNER_OCCUPIED,65-2456-173
U-21AOQORLMET9,CA-FL-00000296,21F,CONDO_UNIT,1529.0,3,OWNER_OCCUPIED,12-7338-745
U-7W0SGGXAYA0O,CA-FL-00000296,16B,CONDO_UNIT,2415.0,1,OWNER_OCCUPIED,41-8971-856
U-QGQ9GTBYXMRW,CA-FL-00000296,40C,CONDO_UNIT,3127.0,2,RENTED,96-1855-133
U-18AZU7HGNQRZ,CA-FL-00000296,9E,CONDO_UNIT,2204.0,2,RENTED,53-8448-497
U-M02NDMSUYJQO,CA-FL-00000296,28D,CONDO_UNIT,1809.0,1,OWNER_OCCUPIED,59-8052-463
U-Q2RTIWXB5XBG,CA-FL-00000296,16D,CONDO_UNIT,1280.0,2,RENTED,91-2936-891
U-VUIT3FKKTSTQ,CA-FL-00000297,100,TOWNHOME,1388.0,3,OWNER_OCCUPIED,17-2377-362
U-0ZUDYKQCZEQU,CA-FL-00000297,101,TOWNHOME,1992.0,3,RENTED,43-6703-614
U-W8RSTZRD911Y,CA-FL-00000297,102,TOWNHOME,1967.0,1,RENTED,68-1629-353
U-X8SC8MYUMS2E,CA-FL-00000297,103,TOWNHOME,3133.0,5,RENTED,49-7562-165
U-V8WGIBNSJ0RF,CA-FL-00000297,104,TOWNHOME,1072.0,4,OWNER_OCCUPIED,77-4190-366
U-VNPPEHAX5OUM,CA-FL-00000297,105,TOWNHOME,2387.0,3,RENTED,15-2653-673
U-KDRQ3Q6DIAE3,CA-FL-00000297,106,TOWNHOME,1888.0,3,OWNER_OCCUPIED,94-9395-751
U-T6WV2MYO2XY2,CA-FL-00000297,107,TOWNHOME,1848.0,2,OWNER_OCCUPIED,61-4823-537
U-NSQ5456LZDGU,CA-FL-00000297,108,TOWNHOME,1185.0,2,OWNER_OCCUPIED,33-2205-194
U-PKVUHEJUHR6C,CA-FL-00000297,109,TOWNHOME,1819.0,3,VACANT,76-6782-541
U-XTA4YAI5IBSD,CA-FL-00000297,110,TOWNHOME,1608.0,5,OWNER_OCCUPIED,16-6770-366
U-BDZ917PWC1FO,CA-FL-00000297,111,TOWNHOME,1945.0,4,OWNER_OCCUPIED,58-3268-344
U-3BS3X5OLFWF0,CA-FL-00000297,112,TOWNHOME,2380.0,1,RENTED,10-4721-616
U-BH887690T875,CA-FL-00000297,113,TOWNHOME,2388.0,3,RENTED,37-7568-335
U-LKZVA4M5W9KK,CA-FL-00000297,114,TOWNHOME,1856.0,1,OWNER_OCCUPIED,73-9438-549
U-0WWCSB02YF1K,CA-FL-00000297,115,TOWNHOME,3078.0,3,OWNER_OCCUPIED,51-5628-246
U-67BJ6BGHO7IE,CA-FL-00000297,116,TOWNHOME,2284.0,1,OWNER_OCCUPIED,80-6846-557
U-7DMD8YDUFB91,CA-FL-00000297,117,TOWNHOME,,3,OWNER_OCCUPIED,32-3567-768
U-L9ZIHI1E3P6G,CA-FL-00000297,118,TOWNHOME,2651.0,4,OWNER_OCCUPIED,66-5045-641
U-Z41LTLXVH6DN,CA-FL-00000297,119,TOWNHOME,2052.0,3,OWNER_OCCUPIED,68-5438-679
U-2Y7CE37CRZGX,CA-FL-00000297,120,TOWNHOME,2757.0,2,OWNER_OCCUPIED,59-3911-663
U-YH14BXO21WAC,CA-FL-00000297,121,TOWNHOME,674.0,2,OWNER_OCCUPIED,16-8703-802
U-Z9MRP3VJ2XCV,CA-FL-00000297,122,TOWNHOME,810.0,1,OWNER_OCCUPIED,
U-R1XB3JNOHIIY,CA-FL-00000297,123,TOWNHOME,2927.0,2,OWNER_OCCUPIED,83-6500-479
U-3A20CE2O91SP,CA-FL-00000297,124,TOWNHOME,2066.0,3,OWNER_OCCUPIED,27-4868-973
U-6WMA510STBZ9,CA-FL-00000297,125,TOWNHOME,963.0,3,RENTED,90-7946-761
U-AQ2CAN385PO9,CA-FL-00000297,126,TOWNHOME,2269.0,1,RENTED,57-3059-792
U-IXM1F07SEXRY,CA-FL-00000297,127,TOWNHOME,2845.0,2,OWNER_OCCUPIED,99-2935-977
U-ZK3JJ2K8Y40R,CA-FL-00000297,128,TOWNHOME,2118.0,1,OWNER_OCCUPIED,35-9501-753
U-PDQZOIYH1JOJ,CA-FL-00000297,129,TOWNHOME,2624.0,3,OWNER_OCCUPIED,25-4286-989
U-MVUC7RW6QPHJ,CA-FL-00000297,130,TOWNHOME,,2,RENTED,16-6674-823
U-1GV9DW0E5IAW,CA-FL-00000297,131,TOWNHOME,2902.0,2,OWNER_OCCUPIED,28-8216-909
U-BEZGM4LRESTM,CA-FL-00000297,132,TOWNHOME,3085.0,3,OWNER_OCCUPIED,15-8058-409
U-M65LKZGXGL3U,CA-FL-00000297,133,TOWNHOME,1370.0,4,RENTED,39-8775-382
U-3FCV6LX1BYB2,CA-FL-00000297,134,TOWNHOME,1632.0,3,RENTED,19-6540-960
U-654V071C5O1D,CA-FL-00000297,135,TOWNHOME,1273.0,3,RENTED,29-3129-964
U-5VX39KZ2ZZ42,CA-FL-00000297,136,TOWNHOME,2001.0,2,OWNER_OCCUPIED,58-8893-491
U-KZ8V1CQMFJQ8,CA-FL-00000297,137,TOWNHOME,1617.0,3,OWNER_OCCUPIED,99-4717-843
U-B8TJTK7W4BSU,CA-FL-00000297,138,TOWNHOME,1321.0,2,OWNER_OCCUPIED,79-7008-257
U-AE17CDLJMT13,CA-FL-00000297,139,TOWNHOME,1684.0,1,VACANT,32-4574-727
U-9Q1ORBI6GD7P,CA-FL-00000297,140,TOWNHOME,2521.0,2,OWNER_OCCUPIED,40-9883-760
U-WI5KJCQG4NTN,CA-FL-00000297,141,TOWNHOME,2100.0,3,OWNER_OCCUPIED,45-3027-558
U-Z2L1SZ9C3Q31,CA-FL-00000297,142,TOWNHOME,1076.0,3,OWNER_OCCUPIED,21-8771-919
U-B461ZS2TOYBU,CA-FL-00000297,143,TOWNHOME,1148.0,3,OWNER_OCCUPIED,16-3964-169
U-GKUFIRVF38F2,CA-FL-00000297,144,TOWNHOME,1441.0,1,RENTED,41-1782-686
U-JCUERN65RSKS,CA-FL-00000297,145,TOWNHOME,3023.0,3,RENTED,61-7404-785
U-CF9LPTD64OV8,CA-FL-00000297,146,TOWNHOME,1715.0,2,RENTED,21-6528-157
U-GR4NFIWZ7D1M,CA-FL-00000297,147,TOWNHOME,1409.0,3,OWNER_OCCUPIED,56-6257-855
U-7C7WAAU0RV88,CA-FL-00000297,148,TOWNHOME,2013.0,3,OWNER_OCCUPIED,10-5306-962
U-XHS721ODSOX2,CA-FL-00000297,149,TOWNHOME,,3,RENTED,29-3019-453
U-P2ZYZFRM8SSK,CA-FL-00000297,150,TOWNHOME,1820.0,2,OWNER_OCCUPIED,43-8461-857
U-CC2SGLBMDKRG,CA-FL-00000297,151,TOWNHOME,847.0,5,OWNER_OCCUPIED,54-1386-107
U-FT2LJ17Z77M2,CA-FL-00000297,152,TOWNHOME,1220.0,2,RENTED,96-6052-190
U-38L856CV7736,CA-FL-00000297,153,TOWNHOME,2211.0,2,OWNER_OCCUPIED,56-7953-849
U-XDQ3QFJHF465,CA-FL-00000297,154,TOWNHOME,1703.0,2,RENTED,28-5444-459
U-FX55IOR9HP02,CA-FL-00000297,155,TOWNHOME,3162.0,1,OWNER_OCCUPIED,67-1406-641
U-ZNEUIRJKVXVX,CA-FL-00000297,156,TOWNHOME,815.0,2,OWNER_OCCUPIED,56-9410-322
U-LZK5I00XSF6D,CA-FL-00000297,157,TOWNHOME,1520.0,2,OWNER_OCCUPIED,68-9230-945
U-HWIRN7G7JIA6,CA-FL-00000297,158,TOWNHOME,2618.0,4,OWNER_OCCUPIED,16-4547-342
U-BH86VVHC0SJ7,CA-FL-00000297,159,TOWNHOME,2042.0,2,OWNER_OCCUPIED,45-8425-906
U-PL7LGCERKGV3,CA-TX-00000298,100,TOWNHOME,,2,RENTED,11-6832-708
U-ZNCQ1OFP2S3S,CA-TX-00000298,101,TOWNHOME,1274.0,4,OWNER_OCCUPIED,49-9863-338
U-CC8O69JSKB0Z,CA-TX-00000298,102,TOWNHOME,,3,OWNER_OCCUPIED,28-7192-303
U-W69C31B0HS1D,CA-TX-00000298,103,TOWNHOME,1135.0,3,RENTED,72-4156-768
U-1P6TAFUXQR6D,CA-TX-00000298,104,TOWNHOME,1563.0,3,OWNER_OCCUPIED,63-7258-353
U-T5QN5YHMO592,CA-TX-00000298,105,TOWNHOME,1068.0,1,OWNER_OCCUPIED,46-6960-823
U-WSQT6QP2NQDM,CA-TX-00000298,106,TOWNHOME,1933.0,4,OWNER_OCCUPIED,34-7452-263
U-7G1MKRTZTIIB,CA-TX-00000298,107,TOWNHOME,2860.0,5,OWNER_OCCUPIED,20-8878-759
U-X7MRMQX8T5J6,CA-TX-00000298,108,TOWNHOME,,3,OWNER_OCCUPIED,88-1236-939
U-AQVXAHFKT599,CA-TX-00000298,109,TOWNHOME,2312.0,2,OWNER_OCCUPIED,49-8590-558
U-9LEOU3UUVCWS,CA-TX-00000298,110,TOWNHOME,2438.0,2,RENTED,82-2844-735
U-24CBPSAHSMVE,CA-TX-00000298,111,TOWNHOME,2899.0,2,OWNER_OCCUPIED,54-6749-536
U-4MOBZ6UOSS2Y,CA-TX-00000298,112,TOWNHOME,2616.0,3,RENTED,39-4029-338
U-N03PJGPKE950,CA-TX-00000298,113,TOWNHOME,1222.0,1,OWNER_OCCUPIED,34-3748-512
U-M5UXLKV97ICP,CA-TX-00000298,114,TOWNHOME,2411.0,4,RENTED,15-3711-297
U-JSAJYK8IB4TV,CA-TX-00000298,115,TOWNHOME,2715.0,3,OWNER_OCCUPIED,85-1949-547
U-FA14BOV9D94X,CA-TX-00000298,116,TOWNHOME,2698.0,2,RENTED,46-5121-388
U-SJAOUCXA1YQM,CA-TX-00000298,117,TOWNHOME,,3,OWNER_OCCUPIED,41-4092-460
U-AQV34IVXVTAI,CA-TX-00000298,118,TOWNHOME,2927.0,3,OWNER_OCCUPIED,72-2657-821
U-MXMQICJDLJ10,CA-TX-00000298,119,TOWNHOME,1117.0,4,OWNER_OCCUPIED,66-6814-388
U-8Q8P60RW0ZYP,CA-TX-00000298,120,TOWNHOME,1266.0,3,OWNER_OCCUPIED,52-2330-909
U-X59XS9CDRDMN,CA-TX-00000298,121,TOWNHOME,696.0,2,RENTED,37-8514-545
U-Q0MAYQ5VX828,CA-TX-00000298,122,TOWNHOME,1330.0,4,OWNER_OCCUPIED,42-6117-360
U-02P4NSQQ259H,CA-TX-00000298,123,TOWNHOME,,2,RENTED,26-4632-218
U-YIHM5AAIJBT7,CA-TX-00000298,124,TOWNHOME,1358.0,3,RENTED,61-1651-191
U-YPD4I7GFKCOV,CA-TX-00000298,125,TOWNHOME,2620.0,3,VACANT,59-1735-177
U-Z5LIDD0JRRGQ,CA-TX-00000298,126,TOWNHOME,1343.0,3,OWNER_OCCUPIED,78-5793-555
U-50GPHP05KRNW,CA-TX-00000298,127,TOWNHOME,3164.0,4,OWNER_OCCUPIED,19-9252-456
U-SX4X7MZT3TPQ,CA-TX-00000298,128,TOWNHOME,2620.0,2,OWNER_OCCUPIED,27-8491-595
U-L1Q2ZM443X98,CA-TX-00000298,129,TOWNHOME,2931.0,1,RENTED,
U-DW0NWQVXDXC3,CA-TX-00000298,130,TOWNHOME,1954.0,3,VACANT,25-6328-667
U-MH9SE3L7ENNC,CA-TX-00000298,131,TOWNHOME,2887.0,3,VACANT,75-6553-531
U-572F7S1CS90I,CA-TX-00000298,132,TOWNHOME,2757.0,4,OWNER_OCCUPIED,80-4122-593
U-XJ5IS16IQN77,CA-TX-00000298,133,TOWNHOME,2630.0,3,OWNER_OCCUPIED,83-3894-663
U-MWJH1SM5308D,CA-TX-00000298,134,TOWNHOME,1020.0,3,OWNER_OCCUPIED,86-9101-133
U-MLJNIXU9U3KZ,CA-TX-00000298,135,TOWNHOME,2824.0,1,OWNER_OCCUPIED,94-7900-882
U-TRKYWZCDETLQ,CA-TX-00000298,136,TOWNHOME,2439.0,3,VACANT,84-2277-350
U-I8XUGJRC98VS,CA-TX-00000298,137,TOWNHOME,,5,RENTED,43-7646-625
U-KJ9X3UGMYK9L,CA-TX-00000298,138,TOWNHOME,725.0,3,RENTED,78-3342-536
U-ZJLX6UD9UI5O,CA-TX-00000298,139,TOWNHOME,2443.0,1,OWNER_OCCUPIED,82-7620-429
U-1GS8FR6QHN1E,CA-TX-00000298,140,TOWNHOME,1933.0,2,OWNER_OCCUPIED,37-6234-934
U-RJFKAHQDL9D1,CA-TX-00000298,141,TOWNHOME,3115.0,2,OWNER_OCCUPIED,87-1550-451
U-1DNT7WX25LXD,CA-TX-00000298,142,TOWNHOME,1677.0,3,OWNER_OCCUPIED,
U-Q97TX1ZAJ241,CA-TX-00000298,143,TOWNHOME,1912.0,2,OWNER_OCCUPIED,92-9134-990
U-UROIGWRV4N1J,CA-TX-00000298,144,TOWNHOME,,4,RENTED,99-3944-644
U-HJVSIJCDI6NA,CA-TX-00000298,145,TOWNHOME,2949.0,3,OWNER_OCCUPIED,70-4376-496
U-75TDN0QQXUFY,CA-TX-00000298,146,TOWNHOME,,5,OWNER_OCCUPIED,90-9104-790
U-ZSXBZBBIBJVU,CA-TX-00000298,147,TOWNHOME,1918.0,2,VACANT,11-3143-888
U-N2FUGOJZEZWI,CA-TX-00000298,148,TOWNHOME,2563.0,2,RENTED,40-1493-202
U-PVZ55FZWTFLX,CA-TX-00000298,149,TOWNHOME,2392.0,1,OWNER_OCCUPIED,48-2096-567
U-AX798CPLSUT0,CA-TX-00000298,150,TOWNHOME,1734.0,2,OWNER_OCCUPIED,90-9952-469
U-JY7OK0H1EHCP,CA-TX-00000298,151,TOWNHOME,1562.0,4,VACANT,98-9585-326
U-HSTL323H1Z4T,CA-TX-00000298,152,TOWNHOME,1179.0,1,RENTED,55-8956-102
U-LXAHPMYC5ZHM,CA-TX-00000298,153,TOWNHOME,1560.0,2,RENTED,
U-C01KGLXG8KK6,CA-TX-00000298,154,TOWNHOME,2213.0,3,RENTED,98-1512-308
U-PIA5IXSTAHVY,CA-TX-00000299,25E,CONDO_UNIT,1925.0,3,OWNER_OCCUPIED,40-9554-557
U-GJKBP1L47QDY,CA-TX-00000299,24F,CONDO_UNIT,2153.0,4,OWNER_OCCUPIED,94-2046-701
U-XKAB3AXN8GEI,CA-TX-00000299,14H,CONDO_UNIT,,3,OWNER_OCCUPIED,34-1193-729
U-40MK7N6V5V4Z,CA-TX-00000299,9A,CONDO_UNIT,2883.0,3,OWNER_OCCUPIED,33-2797-933
U-EQ866M66YOAC,CA-TX-00000299,9F,CONDO_UNIT,1564.0,3,RENTED,78-8871-894
U-BFPMVUML5AHF,CA-TX-00000299,17H,CONDO_UNIT,1935.0,4,OWNER_OCCUPIED,43-7295-440
U-ANR30C8E3OF8,CA-TX-00000299,10F,CONDO_UNIT,2365.0,1,RENTED,55-7249-142
U-1G1TXC82AVA2,CA-TX-00000299,12D,CONDO_UNIT,1675.0,3,OWNER_OCCUPIED,76-6323-563
U-VB8XTQ35W9D6,CA-TX-00000299,23H,CONDO_UNIT,3088.0,2,OWNER_OCCUPIED,30-6561-589
U-JRKQWLBS3JB0,CA-TX-00000299,18E,CONDO_UNIT,1437.0,2,RENTED,38-1195-865
U-FWNF6NZBZR6B,CA-TX-00000299,10B,CONDO_UNIT,2404.0,1,OWNER_OCCUPIED,98-2978-871
U-YY6U33KRG1NO,CA-TX-00000299,12A,CONDO_UNIT,2527.0,3,OWNER_OCCUPIED,93-3235-829
U-MHQ7XJCKAW4K,CA-TX-00000299,28D,CONDO_UNIT,2990.0,2,OWNER_OCCUPIED,63-2268-478
U-G0Y9MOYIFMMP,CA-TX-00000299,19F,CONDO_UNIT,2221.0,3,OWNER_OCCUPIED,17-2852-256
U-2R3MJVPI68G5,CA-TX-00000299,26F,CONDO_UNIT,1886.0,2,OWNER_OCCUPIED,59-7196-415
U-VPVVI9970D27,CA-TX-00000299,3G,CONDO_UNIT,1247.0,4,OWNER_OCCUPIED,52-7279-291
U-H8BS04W0G20T,CA-TX-00000299,18A,CONDO_UNIT,3093.0,2,OWNER_OCCUPIED,39-6947-799
U-2Q0WQGGA7DIH,CA-TX-00000299,28C,CONDO_UNIT,2543.0,2,RENTED,79-3104-264
U-PB2AVE848PZV,CA-TX-00000299,28E,CONDO_UNIT,2470.0,2,OWNER_OCCUPIED,15-6548-498
U-70IX2DVRF0FA,CA-TX-00000299,32G,CONDO_UNIT,1876.0,2,VACANT,85-2787-870
U-K4Q6KXIT2F3I,CA-TX-00000299,28A,CONDO_UNIT,2274.0,2,RENTED,98-5391-849
U-9K0XS0PMDN9G,CA-TX-00000299,11H,CONDO_UNIT,787.0,2,RENTED,48-7254-335
U-BYPUVNGSUWS2,CA-TX-00000299,36B,CONDO_UNIT,1296.0,3,OWNER_OCCUPIED,21-5937-709
U-L4VA81FSWE1V,CA-TX-00000299,21G,CONDO_UNIT,1903.0,3,OWNER_OCCUPIED,75-1098-610
U-W0DWWWPH3O5H,CA-TX-00000299,3G,CONDO_UNIT,1115.0,3,OWNER_OCCUPIED,85-4818-338
U-4W8LFTDC1UKS,CA-TX-00000299,21D,CONDO_UNIT,2798.0,5,OWNER_OCCUPIED,46-1689-528
U-5YPURLNGMDRD,CA-TX-00000299,22F,CONDO_UNIT,,3,OWNER_OCCUPIED,94-8277-550
U-TCWTR8U44UJL,CA-TX-00000299,13B,CONDO_UNIT,2465.0,3,OWNER_OCCUPIED,31-7363-552
U-YNPXFEKQS7AS,CA-TX-00000299,21A,CONDO_UNIT,1288.0,3,OWNER_OCCUPIED,10-9499-378
U-V4QLFNM0V0Z1,CA-TX-00000299,12C,CONDO_UNIT,1530.0,2,OWNER_OCCUPIED,73-4747-852
U-7NVKNA8ODY7G,CA-TX-00000299,3H,CONDO_UNIT,840.0,5,RENTED,
U-7P95DJDWTMVF,CA-TX-00000299,14A,CONDO_UNIT,2319.0,4,OWNER_OCCUPIED,58-6542-329
U-BJL31UQDGY04,CA-TX-00000299,17F,CONDO_UNIT,707.0,3,OWNER_OCCUPIED,80-7480-746
U-TIVMH3THSR3C,CA-TX-00000299,27D,CONDO_UNIT,2126.0,3,OWNER_OCCUPIED,87-5798-689
U-7C5G2261VUSL,CA-TX-00000299,20G,CONDO_UNIT,2523.0,2,RENTED,45-2020-139
U-1R0U3UIG5V35,CA-TX-00000299,26H,CONDO_UNIT,3063.0,2,OWNER_OCCUPIED,55-6248-397
U-3FG5ZBLMK7NY,CA-TX-00000299,23F,CONDO_UNIT,2214.0,3,OWNER_OCCUPIED,82-6176-366
U-1TS0I2DAPKRI,CA-TX-00000299,38B,CONDO_UNIT,,1,RENTED,46-6589-233
U-VF01YMRR2XTI,CA-TX-00000299,11F,CONDO_UNIT,1560.0,3,OWNER_OCCUPIED,53-1560-125
U-PHOGFLU1EPH2,CA-TX-00000299,17C,CONDO_UNIT,2840.0,3,OWNER_OCCUPIED,18-4082-743
U-EQAYCR38Z7SO,CA-TX-00000299,1D,CONDO_UNIT,1470.0,2,OWNER_OCCUPIED,52-7047-928
U-EVIBWOWCT4MB,CA-TX-00000299,36H,CONDO_UNIT,2180.0,4,OWNER_OCCUPIED,35-9083-271
U-WQ15KNMYVWQ6,CA-TX-00000299,17G,CONDO_UNIT,2306.0,2,RENTED,81-1606-252
U-15SZ1APM69K9,CA-TX-00000299,1B,CONDO_UNIT,1798.0,2,OWNER_OCCUPIED,37-7069-648
U-KG8PXP4ZX0I7,CA-TX-00000299,38D,CONDO_UNIT,1191.0,4,OWNER_OCCUPIED,13-3951-162
U-JP1RL6B13H6H,CA-TX-00000299,10C,CONDO_UNIT,993.0,3,VACANT,27-9937-317
U-7EMGC1NI5OJH,CA-TX-00000299,4H,CONDO_UNIT,2499.0,4,RENTED,19-5749-874
U-I9UKASAIG31V,CA-TX-00000299,12B,CONDO_UNIT,2667.0,1,RENTED,11-4742-235
U-VRK30IJ9CPE0,CA-TX-00000299,15B,CONDO_UNIT,2070.0,3,RENTED,12-5883-758
U-AM1E51LEWCLL,CA-TX-00000299,20H,CONDO_UNIT,2478.0,3,OWNER_OCCUPIED,15-8668-429
U-E7ZBHITBRBRF,CA-TX-00000299,13E,CONDO_UNIT,1010.0,4,OWNER_OCCUPIED,47-1654-962
U-WIA1LEP3NVEC,CA-TX-00000299,14D,CONDO_UNIT,,4,OWNER_OCCUPIED,53-2024-143
U-6P3U1XVL3VLL,CA-TX-00000299,18C,CONDO_UNIT,1746.0,3,OWNER_OCCUPIED,40-5784-489
U-GST4C6BBQ1P4,CA-TX-00000299,36G,CONDO_UNIT,1150.0,5,RENTED,81-9024-485
U-BRREAX6O6RLN,CA-TX-00000299,34A,CONDO_UNIT,1561.0,2,OWNER_OCCUPIED,21-9176-267
U-FSBIZE8PQGGW,CA-TX-00000299,5A,CONDO_UNIT,,3,VACANT,83-6696-307
U-8151RAPKTQ52,CA-TX-00000299,8G,CONDO_UNIT,2647.0,3,OWNER_OCCUPIED,20-2601-101
U-9P7IDZ4ECEX6,CA-TX-00000299,27C,CONDO_UNIT,813.0,2,OWNER_OCCUPIED,38-6123-641
U-XCHLABYVWV5P,CA-TX-00000299,32H,CONDO_UNIT,2220.0,2,VACANT,89-5610-198
U-093ZWTPPC5B3,CA-TX-00000299,11B,CONDO_UNIT,1630.0,3,OWNER_OCCUPIED,91-6915-981
U-NGDE0K0V6CJF,CA-IL-00000300,100,TOWNHOME,2891.0,3,OWNER_OCCUPIED,97-2394-145
U-JEOEIJPTBG8K,CA-IL-00000300,101,TOWNHOME,1324.0,3,RENTED,54-9224-878
U-SWT9TI9VQHSI,CA-IL-00000300,102,SINGLE_FAMILY,2754.0,1,OWNER_OCCUPIED,52-7980-301
U-RTXJHQ1NKNBX,CA-IL-00000300,103,TOWNHOME,1275.0,2,OWNER_OCCUPIED,41-6330-263
U-H1AXZ3ECNO2M,CA-IL-00000300,104,TOWNHOME,2434.0,2,RENTED,30-2216-972
U-HXXB9K9J5ZDG,CA-IL-00000300,105,SINGLE_FAMILY,1808.0,3,OWNER_OCCUPIED,40-8476-530
U-9LZEKT60M9MP,CA-IL-00000300,106,TOWNHOME,,1,OWNER_OCCUPIED,59-1479-274
U-3YOZWVEPNEMV,CA-IL-00000300,107,TOWNHOME,1945.0,3,OWNER_OCCUPIED,79-7963-881
U-LA1QCEVN20LJ,CA-IL-00000300,108,TOWNHOME,1226.0,2,RENTED,97-1517-482
U-NI5TCTKEA09R,CA-IL-00000300,109,TOWNHOME,2765.0,3,OWNER_OCCUPIED,87-8020-146
U-Y4CHJHW6598T,CA-IL-00000300,110,SINGLE_FAMILY,1647.0,4,RENTED,61-8161-205
U-SIHD6IP3VWGZ,CA-IL-00000300,111,SINGLE_FAMILY,1843.0,4,RENTED,
U-06OMX7UA0LUC,CA-IL-00000300,112,SINGLE_FAMILY,785.0,4,VACANT,92-1858-696
U-XPIR3UE97QE8,CA-IL-00000300,113,SINGLE_FAMILY,1203.0,3,OWNER_OCCUPIED,87-6244-488
U-ET3QMLR2CN89,CA-IL-00000300,114,TOWNHOME,1230.0,3,OWNER_OCCUPIED,79-1728-705
U-IZUYSLXTNBZ8,CA-IL-00000300,115,SINGLE_FAMILY,2615.0,4,RENTED,88-7143-409
U-VAKXVJE5Y6KN,CA-IL-00000300,116,TOWNHOME,2573.0,2,OWNER_OCCUPIED,74-4301-384
U-4LIA49B7AXCH,CA-IL-00000300,117,SINGLE_FAMILY,2445.0,3,OWNER_OCCUPIED,93-5733-368
U-JF10S4Z65EM5,CA-IL-00000300,118,SINGLE_FAMILY,1965.0,3,RENTED,57-3365-886
U-WL4ZO61JLNA4,CA-IL-00000300,119,SINGLE_FAMILY,,3,RENTED,78-2385-201
U-YKQI507T1KWV,CA-IL-00000300,120,SINGLE_FAMILY,1688.0,2,RENTED,
U-ECIUQSS5KVMK,CA-IL-00000300,121,SINGLE_FAMILY,2510.0,3,OWNER_OCCUPIED,78-6271-232
U-VSKKG3E1KMER,CA-IL-00000300,122,TOWNHOME,2307.0,3,OWNER_OCCUPIED,32-9896-131
U-HMOYT087IHGS,CA-IL-00000300,123,TOWNHOME,2859.0,1,VACANT,81-9697-491
U-JY2YW2GI6GM8,CA-IL-00000300,124,TOWNHOME,1814.0,2,OWNER_OCCUPIED,49-5408-538
U-DXMXVTZJR7CK,CA-IL-00000300,125,SINGLE_FAMILY,2443.0,4,RENTED,57-4580-953
U-2OKSF2T8K6KB,CA-IL-00000300,126,SINGLE_FAMILY,2080.0,4,RENTED,90-4843-347
U-X8IG4OVD3432,CA-IL-00000300,127,SINGLE_FAMILY,3173.0,4,OWNER_OCCUPIED,76-7132-610
U-T9TPLUT89SUM,CA-IL-00000300,128,SINGLE_FAMILY,2265.0,4,OWNER_OCCUPIED,49-2660-172
U-1U12NN342TK3,CA-IL-00000300,129,SINGLE_FAMILY,2133.0,4,OWNER_OCCUPIED,10-3674-196
U-9ITZXG6DO6FY,CA-IL-00000300,130,TOWNHOME,2802.0,3,OWNER_OCCUPIED,
U-6HJRLAVLF1QB,CA-IL-00000300,131,TOWNHOME,932.0,5,OWNER_OCCUPIED,39-1732-163
U-3UDVARKN83N5,CA-IL-00000300,132,TOWNHOME,817.0,1,OWNER_OCCUPIED,71-2380-681
U-YLPSIR5S88JO,CA-IL-00000300,133,TOWNHOME,796.0,3,OWNER_OCCUPIED,25-6494-178
U-FCTYUKSR3EBF,CA-IL-00000300,134,SINGLE_FAMILY,1949.0,2,VACANT,92-5205-970
U-4CC6FD0MK15X,CA-IL-00000300,135,TOWNHOME,1513.0,3,OWNER_OCCUPIED,37-3802-731
U-P46NMVOIUDJ0,CA-IL-00000300,136,TOWNHOME,1405.0,3,OWNER_OCCUPIED,10-9797-582
U-WRJ9I9LESNPE,CA-IL-00000300,137,SINGLE_FAMILY,2134.0,3,RENTED,
U-8JUJBEOQFFF1,CA-IL-00000300,138,SINGLE_FAMILY,1469.0,3,OWNER_OCCUPIED,28-3616-747
U-ONATKQIMEATA,CA-IL-00000300,139,TOWNHOME,1925.0,4,OWNER_OCCUPIED,43-4459-988
U-F6JQA4Y7I92F,CA-IL-00000300,140,TOWNHOME,2583.0,3,OWNER_OCCUPIED,36-7554-789
U-A01WSBU7F45S,CA-IL-00000300,141,TOWNHOME,2535.0,3,RENTED,37-2879-117
U-AW7VBGCQVH7R,CA-IL-00000300,142,TOWNHOME,1183.0,3,RENTED,60-3611-180
U-GDZH28LPAHXQ,CA-IL-00000300,143,TOWNHOME,1032.0,3,OWNER_OCCUPIED,39-9433-601
U-KQOMNCT8S1MH,CA-IL-00000300,144,TOWNHOME,,3,RENTED,12-7814-751
U-W7CIFJA97GHE,CA-IL-00000300,145,TOWNHOME,1942.0,3,OWNER_OCCUPIED,97-5415-967
U-RPZTE8P5RRHH,CA-IL-00000300,146,SINGLE_FAMILY,1107.0,3,RENTED,36-9377-259
U-E9UKGGV1ARA3,CA-IL-00000300,147,SINGLE_FAMILY,983.0,2,OWNER_OCCUPIED,38-6242-972
U-GPP1DM4N2G80,CA-IL-00000300,148,TOWNHOME,1182.0,3,OWNER_OCCUPIED,48-7108-885
U-F3HAU8GSZFZF,CA-IL-00000300,149,TOWNHOME,933.0,1,OWNER_OCCUPIED,34-3074-689
U-ZXQ2W11CY0LW,CA-IL-00000300,150,TOWNHOME,858.0,2,OWNER_OCCUPIED,72-4697-701
U-81VMLC46MVVS,CA-IL-00000300,151,SINGLE_FAMILY,1117.0,2,RENTED,97-6807-757
U-QOULUS43WLSY,CA-IL-00000300,152,TOWNHOME,2710.0,2,OWNER_OCCUPIED,79-6297-254
U-69T96Y2S5E8L,CA-IL-00000300,153,SINGLE_FAMILY,2561.0,5,RENTED,20-3657-992
U-ZG9737Y7MFTG,CA-IL-00000300,154,TOWNHOME,990.0,1,OWNER_OCCUPIED,37-1003-445
U-GM1H53HI2IKN,CA-IL-00000300,155,SINGLE_FAMILY,1068.0,2,OWNER_OCCUPIED,16-5127-183
U-7FFFQWV4XTRI,CA-IL-00000300,156,SINGLE_FAMILY,759.0,2,RENTED,39-8103-902
U-03QPXAISUI9C,CA-IL-00000300,157,SINGLE_FAMILY,2804.0,2,OWNER_OCCUPIED,37-2739-922
U-2LRGBAP2ALKF,CA-IL-00000300,158,SINGLE_FAMILY,2869.0,2,OWNER_OCCUPIED,94-5587-297
U-FZJE9QUW0AYM,CA-IL-00000300,159,SINGLE_FAMILY,1323.0,3,OWNER_OCCUPIED,91-3355-509
