violation_id,caid,unit_id,issue_date,violation_category,cure_deadline,fine_amount,status,resolution_date
VL-CSCPITRDK6AO,CA-NV-00000001,U-TRFZWKXXJVE3,2024-01-13,PARKING,2024-02-12,50.0,ESCALATED,
VL-PC93BE2M0LA4,CA-NV-00000001,U-39MOFT6YRIAD,2024-06-04,PET,2024-07-04,65.67,CURED,2024-07-26
VL-Z4I4WAITJYFO,CA-NV-00000001,U-QZFHOMTZZF8A,2025-04-18,NOISE,2025-05-18,47.67,ESCALATED,
VL-ZBFAFCIU4WIS,CA-NV-00000001,U-3SFLSE45BG34,2024-11-13,ARCHITECTURAL,2024-12-13,301.98,OPEN,
VL-2UESM0J6LOVO,CA-NV-00000001,U-4J66CNOLJQ52,2024-03-07,ARCHITECTURAL,2024-04-06,60.16,DISMISSED,2024-03-22
VL-8MTJX36EE2VN,CA-NV-00000001,U-IHSA7HEZ74LA,2025-02-01,PET,2025-03-03,300.48,CURED,2025-03-15
VL-RNUXD3F3ABZ4,CA-NV-00000001,U-3Y0MAHYM2ZBP,2025-03-12,ARCHITECTURAL,2025-04-11,144.1,HEARING_SCHEDULED,
VL-WTLX8OTG9LK3,CA-NV-00000001,U-39MOFT6YRIAD,2024-08-09,PET,2024-09-08,257.05,OPEN,
VL-433CHORNHR4Y,CA-NV-00000001,U-AMW2TND6R30O,2025-03-09,PET,2025-04-08,192.03,ESCALATED,
VL-GCZQEUCOLF8H,CA-TX-00000002,U-L48C1CQG433E,2025-04-08,ARCHITECTURAL,2025-05-08,29.77,CURED,2025-05-24
VL-XLC09SNUMW06,CA-TX-00000002,U-TLQ5V4FTQ3TQ,2024-02-28,TRASH,2024-03-29,36.21,DISMISSED,2024-03-23
VL-NZQJE0UIZYS6,CA-TX-00000002,U-S9DWD7OI0PES,2025-03-20,ARCHITECTURAL,2025-04-19,100.84,CURED,2025-05-01
VL-4AQZP25QSS9T,CA-TX-00000002,U-L48C1CQG433E,2025-01-12,ARCHITECTURAL,2025-02-11,81.31,CURED,2025-02-26
VL-A55JFF20T8U6,CA-TX-00000002,U-I8QOAGSUSMES,2024-07-13,PARKING,2024-08-12,55.86,DISMISSED,2024-07-24
VL-42LF9Y19V4WA,CA-TX-00000002,U-32CWT04CHSDI,2024-09-05,PET,2024-10-05,109.26,FINED,
VL-PNRDB7R27GO6,CA-TX-00000002,U-EC8RA484NL65,2024-08-07,TRASH,2024-09-06,64.83,CURED,2024-08-24
VL-CFUDQ5LVWZZ3,CA-TX-00000002,U-6RVDH8UZB7KR,2025-04-24,PET,2025-05-24,127.29,OPEN,
VL-XUZGHYY78W03,CA-TX-00000002,U-LULZFY981UDP,2024-08-01,LANDSCAPING,2024-08-31,285.47,HEARING_SCHEDULED,
VL-F17IEIVW6PAY,CA-TX-00000002,U-32CWT04CHSDI,2024-02-15,ARCHITECTURAL,2024-03-16,262.25,CURED,2024-03-24
VL-NYX90GNHMHU0,CA-TX-00000003,U-W6TAQ6ULM9KG,2024-05-23,LANDSCAPING,2024-06-22,74.73,CURED,2024-06-11
VL-S007YXTFK24O,CA-TX-00000003,U-N1X2GDGKXCQ9,2024-12-28,PARKING,2025-01-27,41.84,ESCALATED,
VL-2UH57W3L64AX,CA-TX-00000003,U-QPVA5KW3HGBM,2024-06-30,ARCHITECTURAL,2024-07-30,67.12,ESCALATED,
VL-ND1UP32S4TOL,CA-TX-00000003,U-OPHGFT4MPK5E,2024-02-28,PET,2024-03-29,34.72,FINED,
VL-0ONZB5ACBCE0,CA-TX-00000003,U-9J3GC9HOXDTP,2024-06-27,ARCHITECTURAL,2024-07-27,95.1,FINED,
VL-9RFDI3X06DBK,CA-TX-00000003,U-W6TAQ6ULM9KG,2024-10-22,PARKING,2024-11-21,109.8,CURED,2024-11-03
VL-16D914TC5CKB,CA-TX-00000003,U-JZR25MDF7FR9,2025-01-14,NOISE,2025-02-13,91.7,DISMISSED,2025-02-23
VL-4TBSXOFS00UQ,CA-TX-00000003,U-Y62ZEEQNSN2S,2025-02-16,PET,2025-03-18,50.42,CURED,2025-03-24
VL-MSKDO2BOVNG7,CA-TX-00000003,U-9J3GC9HOXDTP,2024-04-26,PARKING,2024-05-26,117.2,ESCALATED,
VL-F7J5FRFXM3H8,CA-TX-00000004,U-JI1OAHNOX8FK,2025-01-21,NOISE,2025-02-20,318.01,CURED,2025-03-08
VL-0LRONAQ6EWXY,CA-TX-00000004,U-KGMIH6MV4XEK,2025-01-09,NOISE,2025-02-08,232.78,DISMISSED,2025-02-05
VL-IL8YPQ0JPNBR,CA-TX-00000004,U-7K5W1JL6L91F,2025-01-09,ARCHITECTURAL,2025-02-08,161.92,CURED,2025-02-21
VL-6YZVQK5TKMRB,CA-TX-00000004,U-92V4DUSGEHN0,2024-04-23,NOISE,2024-05-23,58.46,CURED,2024-05-18
VL-TXOBXGWN5E2I,CA-TX-00000004,U-0QRAQIK3OMD4,2024-02-15,LANDSCAPING,2024-03-16,68.43,DISMISSED,2024-04-07
VL-446F4UMZU2P6,CA-TX-00000004,U-92V4DUSGEHN0,2024-08-28,NOISE,2024-09-27,52.16,OPEN,
VL-6N23H7JJ3J1Q,CA-TX-00000004,U-JY32HOG585I8,2024-02-02,OTHER,2024-03-03,226.16,DISMISSED,2024-03-24
VL-GPYGDPH5OFM3,CA-TX-00000004,U-OOQ42NBFA37D,2024-02-05,OTHER,2024-03-06,99.55,CURED,2024-03-06
VL-AK9M66DWQ6AF,CA-TX-00000004,U-OJSYT5WSGRX3,2025-06-13,TRASH,2025-07-13,92.31,CURED,2025-07-21
VL-5VT2NX1SYM31,CA-TX-00000004,U-IE3LVO0IPFG8,2024-12-18,ARCHITECTURAL,2025-01-17,223.33,CURED,2025-01-27
VL-4BSSK7M0CKMH,CA-TX-00000004,U-SUOC1Y5AYYOV,2024-09-30,PARKING,2024-10-30,75.19,CURED,2024-10-31
VL-WUOKJWTU2OSV,CA-TX-00000004,U-CBRLQMN44EEW,2024-07-26,PET,2024-08-25,95.72,OPEN,
VL-0GPJNH7W8HTE,CA-TX-00000004,U-B38WXGC7JJY9,2024-05-09,ARCHITECTURAL,2024-06-08,57.08,FINED,
VL-W1GNK4223UCS,CA-TX-00000004,U-IE3LVO0IPFG8,2024-11-13,LANDSCAPING,2024-12-13,138.15,CURED,2024-12-29
VL-BKK0ISCOSC8D,CA-TX-00000004,U-SUOC1Y5AYYOV,2024-12-21,NOISE,2025-01-20,142.43,ESCALATED,
VL-0T0T88C0OG9H,CA-TX-00000004,U-6V1MZB3I4FIE,2025-05-14,LANDSCAPING,2025-06-13,55.52,FINED,
VL-IT8K7RFTKI2A,CA-CA-00000005,U-D4P7PP4BF5L0,2024-11-12,NOISE,2024-12-12,57.54,CURED,2024-12-10
VL-3PERO7CDQ96M,CA-CA-00000005,U-XXDYPVBNHI6H,2024-10-11,LANDSCAPING,2024-11-10,72.07,DISMISSED,2024-11-17
VL-3U544WU7X577,CA-CA-00000005,U-23GGODLUGHT7,2025-03-28,TRASH,2025-04-27,39.19,CURED,2025-05-04
VL-T7V7KBKRT0ZB,CA-CA-00000005,U-QC3XNCHKV9DT,2025-04-12,PET,2025-05-12,57.99,CURED,2025-05-30
VL-I9XHG2PDJIJ3,CA-CA-00000005,U-D1KSIBSMQPNR,2024-01-21,PARKING,2024-02-20,107.2,CURED,2024-03-05
VL-7N3V32DIQKT0,CA-CA-00000005,U-D4P7PP4BF5L0,2024-12-28,ARCHITECTURAL,2025-01-27,19.34,DISMISSED,2025-01-22
VL-MBXPOCNS6C1N,CA-CA-00000005,U-K32OOUXQS1FO,2024-07-18,TRASH,2024-08-17,143.65,CURED,2024-08-26
VL-SVRBVBKG2FPY,CA-CA-00000005,U-I2CLP81L51FL,2024-08-04,PET,2024-09-03,53.79,CURED,2024-09-01
VL-SYM0FMCSAR7F,CA-CA-00000005,U-XXDYPVBNHI6H,2024-05-14,LANDSCAPING,2024-06-13,212.44,DISMISSED,2024-05-25
VL-D32N2L4AHSU0,CA-WA-00000006,U-IB86KTFRL69V,2024-03-24,NOISE,2024-04-23,97.56,FINED,
VL-AFA4QIJQ4SQ3,CA-WA-00000006,U-86GVGT2EEHFU,2025-01-12,ARCHITECTURAL,2025-02-11,43.19,DISMISSED,2025-01-31
VL-F4QZEM3QGQ3C,CA-WA-00000006,U-HJR6EET0DY57,2025-01-28,ARCHITECTURAL,2025-02-27,88.38,CURED,2025-03-03
VL-T4P4MK9H56KF,CA-WA-00000006,U-ZEBU2Y0OY58F,2024-01-06,PET,2024-02-05,43.47,DISMISSED,2024-01-31
VL-V3UYZHQ5ITHZ,CA-WA-00000006,U-5KZ3NWXROG98,2024-08-29,PET,2024-09-28,65.1,CURED,2024-09-21
VL-PHNAYCQFCDE3,CA-VA-00000007,U-8D0MZHRUPFLF,2024-03-16,PET,2024-04-15,52.82,CURED,2024-04-18
VL-36XH90HQ5PHV,CA-VA-00000007,U-GP52F1JOHKK7,2024-06-15,PARKING,2024-07-15,56.2,DISMISSED,2024-08-08
VL-3DJQQOYFYFYB,CA-VA-00000007,U-GP52F1JOHKK7,2025-05-05,ARCHITECTURAL,2025-06-04,109.97,CURED,2025-05-20
VL-T0V4UOV8L2ZI,CA-VA-00000007,U-8D0MZHRUPFLF,2024-07-11,PET,2024-08-10,35.09,HEARING_SCHEDULED,
VL-21C9L9NQJHK1,CA-VA-00000007,U-Y4H1TE48M2Q6,2025-01-14,ARCHITECTURAL,2025-02-13,184.75,ESCALATED,
VL-AGMGPMZWJ9M3,CA-VA-00000007,U-PYO2M2XIPRTT,2025-03-25,PARKING,2025-04-24,142.92,DISMISSED,2025-05-07
VL-N9BEXP3OCKEG,CA-VA-00000007,U-3OKLMC1RBK9R,2024-06-03,LANDSCAPING,2024-07-03,88.03,DISMISSED,2024-07-21
VL-3AP9ZH7EY4BS,CA-VA-00000007,U-GP52F1JOHKK7,2024-06-27,NOISE,2024-07-27,41.58,HEARING_SCHEDULED,
VL-L5E4DDJ64OUU,CA-VA-00000007,U-32UEW9G6SPD2,2024-01-21,PARKING,2024-02-20,147.8,CURED,2024-02-22
VL-QHH73ANWVDD8,CA-NY-00000008,U-8L12QFAF5KCI,2025-02-07,PARKING,2025-03-09,129.62,CURED,2025-03-11
VL-EKG6YO3JUPV4,CA-NY-00000008,U-VNXNPSV8DKMU,2024-01-29,LANDSCAPING,2024-02-28,130.03,CURED,2024-02-29
VL-B6N46BV7AK59,CA-NY-00000008,U-LUEQ4D7D7GDL,2025-06-23,LANDSCAPING,2025-07-23,201.43,ESCALATED,
VL-YVUV8Q8CP1FN,CA-NY-00000008,U-3URMWUECPNCC,2024-05-05,PET,2024-06-04,151.89,CURED,2024-06-21
VL-R4WM00BCG0EK,CA-NY-00000008,U-UNQR8O1KJWV2,2024-06-06,LANDSCAPING,2024-07-06,48.85,CURED,2024-07-28
VL-RXFWSBP0M3NA,CA-NY-00000008,U-6V7S7O4YC3S0,2025-06-18,NOISE,2025-07-18,129.14,FINED,
VL-IVXRHW3GAYQA,CA-NY-00000008,U-3URMWUECPNCC,2024-04-07,TRASH,2024-05-07,39.93,DISMISSED,2024-05-11
VL-4IK94NUNJZ1V,CA-NY-00000008,U-5YRWVTKH861P,2024-02-08,LANDSCAPING,2024-03-09,71.11,DISMISSED,2024-02-27
VL-ZHRY5A3XQ5OT,CA-NY-00000008,U-MQYZ6Y3Z1DE1,2024-08-30,PET,2024-09-29,60.39,FINED,
VL-7UE9BE57AQ22,CA-CA-00000009,U-U1A7BOXFQJ3H,2024-08-15,NOISE,2024-09-14,123.57,ESCALATED,
VL-WZ92W5FB8MSW,CA-CA-00000009,U-0NBW8SJ84TC2,2024-11-12,TRASH,2024-12-12,97.15,CURED,2024-12-22
VL-ZHNKQ486J86V,CA-CA-00000009,U-IZHW0VQPVTRU,2024-06-23,NOISE,2024-07-23,63.57,DISMISSED,2024-07-08
VL-335U0ZWHVKJN,CA-CA-00000009,U-YD5MY3GDILK1,2024-12-26,ARCHITECTURAL,2025-01-25,88.95,CURED,2025-01-13
VL-9WSD45F3YIT1,CA-CA-00000009,U-LQJJBFSA5UZL,2024-02-24,ARCHITECTURAL,2024-03-25,128.04,CURED,2024-03-14
VL-D38U0FS4EON4,CA-AZ-00000010,U-DA9ALL2UNCGW,2024-03-18,NOISE,2024-04-17,243.86,CURED,2024-05-12
VL-IO3VQYWZ4Q93,CA-AZ-00000010,U-2DA5B4L6HFH4,2024-10-08,LANDSCAPING,2024-11-07,34.79,CURED,2024-10-23
VL-F7ZT6120XLRS,CA-AZ-00000010,U-XLSUTOTHLQH7,2025-04-09,PARKING,2025-05-09,131.11,CURED,2025-04-21
VL-GA2BUZ2SUKCH,CA-AZ-00000010,U-NGAY37VG688U,2024-01-03,ARCHITECTURAL,2024-02-02,80.42,CURED,2024-02-17
VL-F4H49X7MNAH6,CA-AZ-00000010,U-CYL3Z2UD79ZT,2024-04-23,PET,2024-05-23,110.12,HEARING_SCHEDULED,
VL-VZAX16CJAZCW,CA-AZ-00000010,U-WCE77GZDPYHZ,2024-04-28,ARCHITECTURAL,2024-05-28,74.28,CURED,2024-06-22
VL-4QCTTHJYEBQN,CA-AZ-00000010,U-XLSUTOTHLQH7,2024-02-12,TRASH,2024-03-13,199.08,DISMISSED,2024-04-02
VL-6MAPEFQDNVHU,CA-AZ-00000010,U-LL6DOWX1H4RM,2025-05-11,ARCHITECTURAL,2025-06-10,126.64,FINED,
VL-UMOLNNT4IPZY,CA-AZ-00000010,U-AE1IGCUIDC00,2024-12-31,ARCHITECTURAL,2025-01-30,64.46,CURED,2025-02-25
VL-0VDKPAKMDZJX,CA-TX-00000011,U-HU03Y53MBWU5,2024-03-05,LANDSCAPING,2024-04-04,25.21,CURED,2024-04-25
VL-7HXPDQK516KG,CA-TX-00000011,U-4F1R9CFWOW73,2024-12-13,LANDSCAPING,2025-01-12,128.08,DISMISSED,2025-02-04
VL-HSVMF8K4QRC6,CA-TX-00000011,U-UJT70Y2RL4N7,2025-05-07,PET,2025-06-06,67.13,DISMISSED,2025-07-05
VL-LUCNO4UPNGB5,CA-TX-00000011,U-JNN41JH6OXQQ,2025-01-28,PET,2025-02-27,138.75,FINED,
VL-HWK2RB7QJKN5,CA-TX-00000011,U-HU03Y53MBWU5,2025-06-08,LANDSCAPING,2025-07-08,10.59,OPEN,
VL-XUYMK1BS6FWE,CA-FL-00000012,U-91MMO1DS3HGW,2025-04-25,OTHER,2025-05-25,55.29,FINED,
VL-2J4MP67765WB,CA-FL-00000012,U-OOUKIW8X17CO,2025-01-07,LANDSCAPING,2025-02-06,53.91,CURED,2025-01-24
VL-RR4ULA4YNC7J,CA-FL-00000012,U-8HUP3FTJ6AC4,2024-02-17,NOISE,2024-03-18,41.11,DISMISSED,2024-04-12
VL-X59FLNQY8SQ2,CA-FL-00000012,U-8HUP3FTJ6AC4,2024-06-30,LANDSCAPING,2024-07-30,60.18,HEARING_SCHEDULED,
VL-VP4F7YP26QQO,CA-FL-00000012,U-8HUP3FTJ6AC4,2024-12-18,NOISE,2025-01-17,639.41,CURED,2025-01-09
VL-D3YTJG3NVZKZ,CA-FL-00000012,U-9AGE9NY3MUB6,2025-01-28,ARCHITECTURAL,2025-02-27,65.62,HEARING_SCHEDULED,
VL-9YK638LL26OV,CA-FL-00000012,U-BQNXPVMSR75R,2024-05-09,PET,2024-06-08,14.37,FINED,
VL-AVHNCHCH816O,CA-FL-00000012,U-VEDQFC1YUZPE,2025-04-12,LANDSCAPING,2025-05-12,82.01,DISMISSED,2025-05-26
VL-QITZJI4CY6RT,CA-AZ-00000013,U-NEO2S9NBLGU0,2024-12-14,ARCHITECTURAL,2025-01-13,61.88,DISMISSED,2025-01-13
VL-2OCSGP4IK32J,CA-AZ-00000013,U-NYC7H81JMBPT,2025-03-02,ARCHITECTURAL,2025-04-01,42.17,DISMISSED,2025-03-26
VL-JUJW2ZCBL58I,CA-AZ-00000013,U-15S58XWBNWJ6,2025-05-21,ARCHITECTURAL,2025-06-20,66.31,DISMISSED,2025-07-19
VL-ZVYIC53NK79N,CA-AZ-00000013,U-XHBQAM97XO48,2025-05-01,PARKING,2025-05-31,101.91,ESCALATED,
VL-73JA4X137ED4,CA-AZ-00000013,U-1OEEA20RWRNB,2024-07-28,LANDSCAPING,2024-08-27,45.08,DISMISSED,2024-08-28
VL-TEB4PKLGZCRP,CA-AZ-00000013,U-FIPZN0THL2C5,2025-05-27,PET,2025-06-26,49.5,CURED,2025-06-14
VL-CAQHN91FN6JF,CA-AZ-00000013,U-TDSDJT3BR4F2,2025-04-16,LANDSCAPING,2025-05-16,127.86,CURED,2025-05-08
VL-H07AJKIJFQHG,CA-AZ-00000013,U-0SHDKKG1R1CQ,2024-01-26,PET,2024-02-25,175.21,ESCALATED,
VL-NIFHP5JVXNTA,CA-AZ-00000013,U-1UN2KTVV0Y9Q,2025-01-06,TRASH,2025-02-05,50.87,DISMISSED,2025-01-27
VL-I767NAVAUUK1,CA-AZ-00000013,U-WEDNYA3S9UCK,2024-04-27,LANDSCAPING,2024-05-27,190.34,CURED,2024-06-19
VL-K9CMRWUK93HB,CA-AZ-00000013,U-Q0E03YIOY5U0,2025-04-14,ARCHITECTURAL,2025-05-14,93.55,HEARING_SCHEDULED,
VL-0Y1QW9J51REW,CA-AZ-00000013,U-9UYG3IBG3HKC,2025-02-08,PARKING,2025-03-10,193.04,CURED,2025-02-25
VL-42O7N4KRZ4PN,CA-AZ-00000013,U-LOXYPHWHM54X,2025-01-22,NOISE,2025-02-21,133.9,CURED,2025-03-22
VL-335F4LHIBMCG,CA-AZ-00000013,U-TDSDJT3BR4F2,2024-01-30,ARCHITECTURAL,2024-02-29,82.95,DISMISSED,2024-02-20
VL-9JD6SK5BSU5X,CA-FL-00000014,U-3IEST9OMUQ0R,2024-02-26,TRASH,2024-03-27,41.06,DISMISSED,2024-03-26
VL-4ZBBVPMPCLKJ,CA-NY-00000015,U-7U61O85VO1TK,2025-04-10,PARKING,2025-05-10,98.03,CURED,2025-05-15
VL-EX8IB9RASU5L,CA-NY-00000015,U-WC05SORHTMT1,2025-04-13,NOISE,2025-05-13,117.0,DISMISSED,2025-05-04
VL-EPIGYA8H1278,CA-IL-00000016,U-UKONDHKBRJIG,2025-03-21,NOISE,2025-04-20,223.95,ESCALATED,
VL-T6N0XIQG16SD,CA-IL-00000016,U-V12BVXEJAXVT,2024-02-07,ARCHITECTURAL,2024-03-08,60.71,CURED,2024-03-05
VL-EQCJ3RTJHS3J,CA-IL-00000016,U-WBEM0TPI70HK,2024-12-21,PARKING,2025-01-20,28.36,DISMISSED,2025-02-13
VL-WJ4K8GICB47B,CA-IL-00000016,U-3JBRRD44NDVD,2024-07-10,PET,2024-08-09,138.01,CURED,2024-08-04
VL-BRHZGX5MSZSE,CA-IL-00000016,U-6F0O7Y4XBBMZ,2025-01-02,NOISE,2025-02-01,165.85,CURED,2025-02-02
VL-4H7VSKRAP73Y,CA-IL-00000016,U-I9C2BVS3K337,2025-02-12,PARKING,2025-03-14,181.16,ESCALATED,
VL-2HBWFWYLL2M7,CA-IL-00000016,U-8RHOEHAPM4YQ,2025-05-04,ARCHITECTURAL,2025-06-03,152.91,HEARING_SCHEDULED,
VL-L6PXMPI1XSX1,CA-IL-00000016,U-S34876KE1Q5M,2024-09-10,OTHER,2024-10-10,77.33,DISMISSED,2024-09-30
VL-2FGPCMUB11X8,CA-CA-00000017,U-KT10R709Q6OH,2024-05-16,PARKING,2024-06-15,67.77,OPEN,
VL-OVRVO0LS3PVM,CA-CA-00000017,U-V92BEEVG429I,2024-05-07,LANDSCAPING,2024-06-06,119.86,ESCALATED,
VL-VVNEHWNE4XW8,CA-CA-00000017,U-JYMJBT35YRWQ,2024-11-25,TRASH,2024-12-25,21.43,CURED,2024-12-13
VL-MH2YXMV746AN,CA-CO-00000018,U-OQ14MAFMAR9L,2025-06-09,PARKING,2025-07-09,77.79,DISMISSED,2025-07-04
VL-1QI1IZ3YGEF2,CA-CO-00000018,U-WGTM16YMBNBO,2025-04-01,PET,2025-05-01,124.44,HEARING_SCHEDULED,
VL-AIVSXFVAZZEB,CA-CO-00000018,U-S2ULK3FUQVU5,2024-06-23,OTHER,2024-07-23,179.91,OPEN,
VL-K58K5JED1JO4,CA-CO-00000018,U-YGWOW7L7J7Y9,2024-05-31,ARCHITECTURAL,2024-06-30,113.94,DISMISSED,2024-06-27
VL-GD9HMF9U4ALB,CA-CO-00000018,U-NFU2HERSNUN4,2024-07-16,PARKING,2024-08-15,99.04,CURED,2024-08-18
VL-HVUS54IX1TS8,CA-CO-00000018,U-URANDDEPTLT0,2024-04-12,PET,2024-05-12,48.91,CURED,2024-05-10
VL-Y181L3HHVLN8,CA-CO-00000018,U-AKC37WMFPTA7,2024-08-22,LANDSCAPING,2024-09-21,57.01,HEARING_SCHEDULED,
VL-CBHDG3NL1DXS,CA-CO-00000018,U-8LBDSG1FBTWT,2024-11-16,OTHER,2024-12-16,62.18,HEARING_SCHEDULED,
VL-TLZZEIZ5MGI3,CA-IL-00000019,U-RIHZ8EEKC8U0,2024-03-18,LANDSCAPING,2024-04-17,102.31,CURED,2024-04-06
VL-8PA1I2PO3WY3,CA-IL-00000019,U-PH6P9JLAILHH,2024-07-29,PET,2024-08-28,115.06,FINED,
VL-5WB152UXM78A,CA-IL-00000019,U-UMUNLBNQANDT,2025-01-31,PET,2025-03-02,139.76,DISMISSED,2025-03-16
VL-0HH5WQ2YGL9J,CA-VA-00000020,U-QV4TL70ZO6RD,2024-12-16,LANDSCAPING,2025-01-15,87.94,OPEN,
VL-4YXQZ5M87UT8,CA-VA-00000020,U-D3EXU7FKC781,2025-04-07,LANDSCAPING,2025-05-07,91.01,CURED,2025-05-03
VL-5E9C3NXMDKGQ,CA-TX-00000021,U-E83MTEBDUD8T,2025-06-22,PARKING,2025-07-22,131.41,CURED,2025-08-04
VL-XEKYH0V8V1G5,CA-TX-00000021,U-4P4JWR3XUXNB,2024-05-28,OTHER,2024-06-27,264.89,CURED,2024-06-07
VL-HJ171E1QD2GB,CA-TX-00000021,U-7N2ELMV5E71G,2024-11-03,ARCHITECTURAL,2024-12-03,39.52,CURED,2024-11-15
VL-MEYKI1X4Y3HW,CA-TX-00000021,U-X43IRGM5DKOY,2024-12-22,TRASH,2025-01-21,93.6,ESCALATED,
VL-JO1N9VKOW399,CA-TX-00000021,U-X99DBK4EPBO0,2024-04-20,TRASH,2024-05-20,263.18,CURED,2024-06-03
VL-L7A2PLTY9D9N,CA-TX-00000021,U-TMPT1UV94C8M,2025-01-22,NOISE,2025-02-21,221.08,CURED,2025-03-05
VL-VD210B7QTJX7,CA-TX-00000021,U-JL2FX35LG49F,2025-02-06,NOISE,2025-03-08,55.5,CURED,2025-03-27
VL-Y54HB2PALI7T,CA-TX-00000021,U-YLEYO3HLI32B,2024-11-17,PARKING,2024-12-17,79.24,CURED,2025-01-02
VL-5ZLZPPLS4ARM,CA-TX-00000021,U-SDWYQTUV27UU,2024-03-25,PARKING,2024-04-24,16.32,DISMISSED,2024-04-23
VL-22WHCHN1POHX,CA-TX-00000022,U-3BUPGRKBZWB1,2024-04-06,TRASH,2024-05-06,115.61,DISMISSED,2024-05-14
VL-OHLJB5QT4OAX,CA-TX-00000022,U-I46N05FL0463,2025-04-30,NOISE,2025-05-30,99.97,CURED,2025-05-18
VL-AP3RTPTG6Q96,CA-TX-00000022,U-35JRJ9R3VP8L,2024-01-01,TRASH,2024-01-31,52.12,CURED,2024-02-24
VL-33AC6H189O1P,CA-TX-00000022,U-1TB0515F9MZ9,2024-06-04,LANDSCAPING,2024-07-04,78.31,CURED,2024-06-17
VL-ZPNSFO5H88YD,CA-TX-00000022,U-HOG8EV2NYNMQ,2024-11-30,ARCHITECTURAL,2024-12-30,44.93,DISMISSED,2025-01-01
VL-9341H1U4OBP2,CA-TX-00000022,U-CVGFGM1TM27O,2024-08-15,ARCHITECTURAL,2024-09-14,110.45,CURED,2024-09-17
VL-HPTAQKFQTP8F,CA-NC-00000023,U-YKE3ZCXU11TO,2024-06-21,PET,2024-07-21,64.7,DISMISSED,2024-07-06
VL-34BDW5W0ZHRN,CA-NC-00000023,U-ZPSCTPN7Y853,2024-03-07,LANDSCAPING,2024-04-06,115.75,DISMISSED,2024-04-18
VL-CJ7K8BM04OEP,CA-NC-00000023,U-75YQL1V2W9Y4,2025-01-03,ARCHITECTURAL,2025-02-02,107.94,CURED,2025-01-16
VL-EX7CYT17JQD7,CA-NC-00000023,U-MGJVC2SMTC0D,2024-07-27,PET,2024-08-26,192.07,CURED,2024-08-20
VL-M27JWQ271A0Y,CA-NC-00000023,U-4ASMZX4NKIO5,2024-09-02,ARCHITECTURAL,2024-10-02,116.21,OPEN,
VL-5YG9ID92GKIQ,CA-NC-00000023,U-GXLOARRXC9MI,2024-01-17,LANDSCAPING,2024-02-16,27.24,CURED,2024-02-04
VL-GPGKKGIG3576,CA-NC-00000023,U-UKQHPZCA8VI5,2024-06-04,ARCHITECTURAL,2024-07-04,53.5,HEARING_SCHEDULED,
VL-2HZGKBBD9ZZ9,CA-FL-00000024,U-H8EA329HF1PW,2024-12-29,LANDSCAPING,2025-01-28,79.83,CURED,2025-01-10
VL-2WNW9STPJPHP,CA-FL-00000024,U-E09JNEFTZ53C,2025-06-20,PET,2025-07-20,117.0,DISMISSED,2025-07-09
VL-34VZ8HGOUAY0,CA-FL-00000024,U-6EQXXCX9KNBZ,2024-11-10,PET,2024-12-10,176.89,CURED,2024-12-16
VL-L4ICFB20F5GT,CA-FL-00000024,U-8OKR7PHNI2ML,2024-02-06,PET,2024-03-07,160.65,HEARING_SCHEDULED,
VL-JWM1JWF4ZYLE,CA-FL-00000024,U-04Z4VCVZPVWL,2024-12-02,NOISE,2025-01-01,87.07,CURED,2024-12-30
VL-Y8GH0I3HN8YS,CA-FL-00000024,U-O1LPPJ1N5T84,2025-03-04,LANDSCAPING,2025-04-03,75.16,DISMISSED,2025-04-27
VL-KFW5XWEVFZOS,CA-FL-00000024,U-O8NQ189Y42DJ,2024-06-09,NOISE,2024-07-09,29.07,ESCALATED,
VL-0TV6D5HMSIT0,CA-FL-00000025,U-EWYB40T3D7XT,2024-12-18,NOISE,2025-01-17,332.56,DISMISSED,2025-01-26
VL-5TNLMC9DYZ3A,CA-FL-00000025,U-WTC908T6RWAR,2024-01-24,NOISE,2024-02-23,102.81,CURED,2024-03-07
VL-KMJKVZN7ICS4,CA-FL-00000025,U-L9TDCC58XZ17,2025-02-28,NOISE,2025-03-30,188.3,FINED,
VL-3N1V459OJTDS,CA-FL-00000025,U-GWJX3BID6V1L,2024-10-30,NOISE,2024-11-29,108.65,CURED,2024-11-22
VL-BLEGCNCXS5IV,CA-FL-00000025,U-OR3A1I10PKAP,2024-12-28,OTHER,2025-01-27,64.22,OPEN,
VL-0UM5P9VIBX3U,CA-FL-00000025,U-U2M6NWMUFGYN,2024-01-23,ARCHITECTURAL,2024-02-22,76.66,CURED,2024-02-21
VL-3KFRVRNDH4ON,CA-FL-00000025,U-L9TDCC58XZ17,2024-12-28,PARKING,2025-01-27,297.62,FINED,
VL-VGDVKUVMVMBE,CA-FL-00000025,U-M11R99ALX8UY,2025-03-13,TRASH,2025-04-12,18.73,CURED,2025-04-07
VL-RGNWRWK765EA,CA-CA-00000026,U-IK6FPG5WDFR8,2024-08-12,TRASH,2024-09-11,115.18,DISMISSED,2024-09-25
VL-XXS4XCDQ9LH8,CA-CA-00000026,U-14OT4FPUH7ZN,2025-04-28,OTHER,2025-05-28,233.68,DISMISSED,2025-05-14
VL-0Q4AWUQ4XFAT,CA-CA-00000026,U-YDCCPVB96DO9,2025-02-16,ARCHITECTURAL,2025-03-18,161.79,HEARING_SCHEDULED,
VL-I208N8UGVCG5,CA-CA-00000026,U-JPKPF3UZ3AOE,2025-01-14,PARKING,2025-02-13,132.77,OPEN,
VL-J18KU3U5NGOK,CA-CA-00000026,U-K97EI9NX85J2,2025-04-26,PARKING,2025-05-26,81.12,DISMISSED,2025-06-02
VL-1Q1JYENQ3ASH,CA-CA-00000026,U-4AKW6ZLKW5E1,2024-02-07,NOISE,2024-03-08,140.46,CURED,2024-03-09
VL-EU60ZMJ1WSA8,CA-CA-00000026,U-U547OTB85VIF,2024-08-19,LANDSCAPING,2024-09-18,80.41,DISMISSED,2024-10-09
VL-WM5VN7UHUHUT,CA-CA-00000026,U-YV6NH44O9318,2024-02-22,NOISE,2024-03-23,118.36,CURED,2024-03-21
VL-PLN7AGHYHKAU,CA-CA-00000026,U-KSK2VPAJSPJ0,2025-06-18,ARCHITECTURAL,2025-07-18,27.62,CURED,2025-08-08
VL-IJ5UGPDWXE2K,CA-CA-00000026,U-763OULLLMRNU,2024-05-02,NOISE,2024-06-01,82.5,FINED,
VL-4CWDG82INOVT,CA-CA-00000026,U-UWMW3M4DY99O,2024-05-19,PARKING,2024-06-18,144.39,DISMISSED,2024-06-22
VL-7Z7SEO5J3NPF,CA-CA-00000026,U-K6S2PN0NPIQJ,2024-05-18,PARKING,2024-06-17,671.79,DISMISSED,2024-06-23
VL-BINWLF3NZILM,CA-PA-00000027,U-PDSO9SPDU3NM,2025-05-27,OTHER,2025-06-26,38.31,ESCALATED,
VL-VTAT5YAEMYB4,CA-PA-00000027,U-5L9HGMTVPPFN,2024-10-27,ARCHITECTURAL,2024-11-26,87.02,CURED,2024-12-02
VL-AVDNBC58ZHQ7,CA-PA-00000027,U-AHWY423PACE2,2024-05-04,PARKING,2024-06-03,46.69,DISMISSED,2024-06-30
VL-7R7TLIDR1INX,CA-FL-00000028,U-74TBS9IZKM5V,2024-11-09,PET,2024-12-09,70.14,DISMISSED,2025-01-02
VL-IWTL7U955LWT,CA-FL-00000028,U-PWI25Y4XVRYD,2024-01-05,LANDSCAPING,2024-02-04,46.72,DISMISSED,2024-02-08
VL-K1AW13WJLYBB,CA-FL-00000028,U-KH8VXPSA97L6,2024-08-21,PET,2024-09-20,50.58,CURED,2024-10-05
VL-KI2S98TF5R94,CA-FL-00000028,U-PY63MYSRTTYM,2024-10-11,ARCHITECTURAL,2024-11-10,158.79,DISMISSED,2024-11-11
VL-RYCASKQPGV9U,CA-FL-00000028,U-A22JYQMWT0IP,2024-02-14,LANDSCAPING,2024-03-15,110.25,HEARING_SCHEDULED,
VL-88VGIKQEXLUC,CA-FL-00000028,U-SV8JRD8SPW0S,2024-02-06,NOISE,2024-03-07,125.33,OPEN,
VL-N3FVWSW9M5F4,CA-FL-00000028,U-UBPM9DBEZA9A,2024-11-23,PARKING,2024-12-23,33.13,DISMISSED,2025-01-08
VL-N3Q5QBTK70I7,CA-FL-00000028,U-YI4NZLOZ7E0P,2025-05-18,ARCHITECTURAL,2025-06-17,44.08,CURED,2025-07-07
VL-U05B2JWXHYD4,CA-FL-00000028,U-TPFORPOKLF43,2024-10-06,LANDSCAPING,2024-11-05,232.42,CURED,2024-10-29
VL-ODSRRDOEIRSZ,CA-FL-00000028,U-646NZ3HA6CBB,2024-12-20,PARKING,2025-01-19,143.32,CURED,2025-02-03
VL-Z0FLZNXFHD2S,CA-FL-00000028,U-PWI25Y4XVRYD,2024-03-09,ARCHITECTURAL,2024-04-08,545.02,OPEN,
VL-8Y9ZCRPO4OKR,CA-FL-00000028,U-SV8JRD8SPW0S,2025-06-03,PARKING,2025-07-03,258.7,HEARING_SCHEDULED,
VL-VNL642F1JZDL,CA-FL-00000028,U-4I3O6GIL6DTX,2024-03-12,PET,2024-04-11,452.61,CURED,2024-04-19
VL-7PVPKR7INYXB,CA-FL-00000028,U-2UXXK509Y5BA,2024-06-01,ARCHITECTURAL,2024-07-01,21.86,ESCALATED,
VL-8X3QXKFIB6UY,CA-FL-00000028,U-7V6TVQUILTEM,2025-02-06,ARCHITECTURAL,2025-03-08,264.9,CURED,2025-03-30
VL-9H006L52G0KY,CA-MA-00000029,U-C03V1NPCYVU0,2024-06-10,LANDSCAPING,2024-07-10,153.64,FINED,
VL-RHNSEUDAR0VX,CA-MA-00000029,U-AC1PUVD3XAK7,2025-01-04,ARCHITECTURAL,2025-02-03,111.26,DISMISSED,2025-01-21
VL-LDRD7LMSRSGP,CA-MA-00000029,U-LQH1CV2XB402,2024-05-11,TRASH,2024-06-10,205.84,CURED,2024-05-31
VL-73TSUX7NEMYR,CA-MA-00000029,U-68O3BTG7GA24,2024-05-11,ARCHITECTURAL,2024-06-10,118.28,ESCALATED,
VL-KYM9XITTE2Z3,CA-NC-00000030,U-RR4ZGMS66KE6,2024-12-28,PARKING,2025-01-27,343.27,HEARING_SCHEDULED,
VL-8A9X0L0LLGBB,CA-NC-00000030,U-4MH0N5O9R7LJ,2025-04-28,ARCHITECTURAL,2025-05-28,79.77,CURED,2025-06-08
VL-JG9PPG22MAZJ,CA-NC-00000030,U-D3Y82FJXLFN7,2024-08-07,ARCHITECTURAL,2024-09-06,192.98,CURED,2024-10-05
VL-I389JS8PKH6E,CA-NC-00000030,U-1VROBW1PY825,2024-08-19,TRASH,2024-09-18,55.86,HEARING_SCHEDULED,
VL-AAMNF6LLH143,CA-NC-00000030,U-AFCB3D6IDLSW,2024-09-04,NOISE,2024-10-04,63.66,OPEN,
VL-RD4FCRJLMY6D,CA-NC-00000030,U-1VROBW1PY825,2024-10-26,ARCHITECTURAL,2024-11-25,189.12,DISMISSED,2024-12-21
VL-1NK009J8TXJ9,CA-NC-00000030,U-LE6NPHVOXJ0A,2024-04-07,ARCHITECTURAL,2024-05-07,25.82,OPEN,
VL-X02X6OUBGC16,CA-NC-00000030,U-XOAU51OW0O2N,2025-05-26,LANDSCAPING,2025-06-25,32.36,CURED,2025-07-05
VL-YHUDAKAL4GNH,CA-NC-00000030,U-JYF8JSHL96EP,2024-12-31,NOISE,2025-01-30,46.75,DISMISSED,2025-01-18
VL-GX9W0X7FLTVQ,CA-FL-00000031,U-B8CKQC4LFSI0,2024-09-23,PARKING,2024-10-23,45.95,CURED,2024-11-07
VL-ZP16V0TAO70I,CA-FL-00000031,U-6J8LU25WSEVI,2024-12-17,TRASH,2025-01-16,15.4,HEARING_SCHEDULED,
VL-STNAYXW1EDJA,CA-FL-00000031,U-LNOUE6ULEAHG,2024-11-02,PARKING,2024-12-02,132.32,CURED,2024-12-25
VL-Z3OQAXBLRDIO,CA-FL-00000031,U-POY22CM5AGP6,2024-11-13,PET,2024-12-13,86.94,DISMISSED,2025-01-12
VL-CS4WALHF7UME,CA-MA-00000032,U-ZTS55C2IBJVS,2024-01-05,NOISE,2024-02-04,253.8,CURED,2024-02-21
VL-ESN43Z2UT4DR,CA-MA-00000032,U-YAHAN6CADOUA,2025-06-12,NOISE,2025-07-12,168.89,DISMISSED,2025-07-04
VL-N4XU09D3UVS9,CA-MA-00000032,U-JQ6X5LD8QU30,2025-05-11,LANDSCAPING,2025-06-10,49.06,OPEN,
VL-UZYBTSH7UB0B,CA-MA-00000032,U-HE17O7PNUD53,2024-11-14,PARKING,2024-12-14,37.08,DISMISSED,2024-12-17
VL-TXM3CNCBCKS6,CA-MA-00000032,U-XS03DSW1S6MO,2024-12-20,ARCHITECTURAL,2025-01-19,108.85,CURED,2025-01-19
VL-0UFVKY8DF0TN,CA-MA-00000032,U-ASJP0ESUSWIY,2025-01-25,PET,2025-02-24,81.36,OPEN,
VL-TFRIP2ET08DH,CA-MA-00000032,U-1TFRSA8ZFAWT,2025-02-27,PET,2025-03-29,58.31,CURED,2025-04-07
VL-52V87INTYOT2,CA-MA-00000032,U-KUOYSVKEA3X8,2024-11-05,PARKING,2024-12-05,189.19,OPEN,
VL-8PG3KMZQZYVI,CA-MA-00000032,U-R07H0UMS48IW,2025-02-28,TRASH,2025-03-30,137.39,HEARING_SCHEDULED,
VL-3TFMXI1W8DAH,CA-MA-00000032,U-XS03DSW1S6MO,2024-01-10,PARKING,2024-02-09,108.43,DISMISSED,2024-01-31
VL-LYC60NLCTQSP,CA-MA-00000032,U-YBATOLODLONK,2024-03-18,ARCHITECTURAL,2024-04-17,380.88,HEARING_SCHEDULED,
VL-Z0NQ5KWEXT98,CA-MA-00000032,U-5YSHGPZ91KMG,2025-03-16,TRASH,2025-04-15,90.89,HEARING_SCHEDULED,
VL-D4ISCDN3XG50,CA-MA-00000032,U-N8PLA2Q7LKBV,2024-12-27,PARKING,2025-01-26,123.32,CURED,2025-02-25
VL-FPHV1BDADGPW,CA-MA-00000032,U-YRVFONTYADJC,2024-06-22,LANDSCAPING,2024-07-22,289.84,CURED,2024-07-31
VL-FOGWR9VJ7NBZ,CA-MA-00000032,U-XN52T7B7UYA0,2024-08-20,PARKING,2024-09-19,317.17,CURED,2024-10-17
VL-B6OZ04PHU1OB,CA-MA-00000032,U-QDNVQJ4U4FGG,2024-08-12,PET,2024-09-11,382.75,DISMISSED,2024-08-30
VL-AVRQIC4HYB3E,CA-CO-00000033,U-1CXDCWGK6RZL,2024-09-01,OTHER,2024-10-01,65.1,CURED,2024-10-23
VL-3PWZYXW4BTSY,CA-CO-00000033,U-1CXDCWGK6RZL,2024-09-25,LANDSCAPING,2024-10-25,60.12,CURED,2024-10-30
VL-GN0B3LAPCPV7,CA-CO-00000033,U-1CXDCWGK6RZL,2025-04-24,ARCHITECTURAL,2025-05-24,40.18,CURED,2025-06-13
VL-LPJGMJY3W0KD,CA-CO-00000033,U-090FS6QIJ88A,2024-08-04,TRASH,2024-09-03,33.36,CURED,2024-10-02
VL-WKZ766K6BELJ,CA-CO-00000033,U-72VE4IRF7BCU,2025-04-06,ARCHITECTURAL,2025-05-06,87.56,FINED,
VL-F163TWGZBEPO,CA-CO-00000033,U-7V1GSFYTK5LB,2025-03-07,PARKING,2025-04-06,107.18,ESCALATED,
VL-RVSF23U41BP8,CA-CO-00000033,U-ZYO7CMTOZZI6,2024-12-28,NOISE,2025-01-27,123.92,FINED,
VL-ZZP7TQIBI82J,CA-FL-00000034,U-XQ80I4527KKZ,2024-10-07,TRASH,2024-11-06,62.07,ESCALATED,
VL-OQSR2PSMFSDP,CA-FL-00000034,U-NDNBHNDVO02M,2025-05-08,PARKING,2025-06-07,99.53,DISMISSED,2025-07-02
VL-BVGFRX0RYLAU,CA-FL-00000034,U-R6JBPIHHB1MT,2025-06-15,ARCHITECTURAL,2025-07-15,95.24,CURED,2025-07-07
VL-DHDX4VG2XDO0,CA-WA-00000035,U-10IDSFFQ0NEZ,2024-01-24,TRASH,2024-02-23,185.83,CURED,2024-02-25
VL-W71RF592DKGM,CA-WA-00000035,U-418GRZRKY8RA,2024-05-04,PET,2024-06-03,185.81,CURED,2024-06-21
VL-89AKFSMN5HL1,CA-WA-00000035,U-BIMI0G8F9PRN,2024-03-22,TRASH,2024-04-21,221.86,ESCALATED,
VL-SCBE9LUT6LCM,CA-WA-00000035,U-OCGN4MFW66L1,2024-11-15,PARKING,2024-12-15,227.99,CURED,2024-12-29
VL-4N12T6W4FRQN,CA-WA-00000035,U-Z3G0KSJH9PO2,2025-05-10,TRASH,2025-06-09,113.22,CURED,2025-06-02
VL-V8F71PFZNHTB,CA-WA-00000035,U-HZS8F093FL0E,2025-01-27,TRASH,2025-02-26,264.8,CURED,2025-03-15
VL-SA9NKET5QYQH,CA-WA-00000035,U-MTOCTS4RO893,2024-10-29,ARCHITECTURAL,2024-11-28,171.62,OPEN,
VL-C6S59RSB80JL,CA-WA-00000035,U-9RT7NWUQIQ9V,2024-12-08,NOISE,2025-01-07,35.17,CURED,2025-02-01
VL-C681GJ56VXWQ,CA-WA-00000035,U-Q1V53HD78RSW,2025-05-19,PARKING,2025-06-18,73.06,CURED,2025-06-04
VL-LFTRMX9C7VYZ,CA-NY-00000036,U-O5XJ5I2MT71R,2024-06-22,NOISE,2024-07-22,118.98,OPEN,
VL-Q2UBXO6P0RCC,CA-NY-00000036,U-53JR8S1YKTJ8,2024-02-09,PET,2024-03-10,329.1,CURED,2024-03-05
VL-7E0869DVUUCZ,CA-NY-00000036,U-C7SYR7S9R37V,2025-05-18,PET,2025-06-17,150.66,CURED,2025-05-30
VL-1BYTKNBEXBXP,CA-AZ-00000037,U-MZ1H4SCC1EFP,2025-03-16,PARKING,2025-04-15,42.15,OPEN,
VL-W5QGGNH3K3RX,CA-AZ-00000037,U-7NNUO5Q5LF7G,2024-12-03,PARKING,2025-01-02,209.52,CURED,2024-12-14
VL-8MTQ2OFIW5WE,CA-AZ-00000037,U-ZKTVEZLBUXKZ,2024-09-06,ARCHITECTURAL,2024-10-06,92.77,ESCALATED,
VL-GJDE81TAGGCX,CA-AZ-00000037,U-9I4BIVPIDOOO,2024-12-26,LANDSCAPING,2025-01-25,300.05,DISMISSED,2025-02-16
VL-HRUST2U22RI8,CA-AZ-00000037,U-9V7LP1LEXDNR,2025-06-18,ARCHITECTURAL,2025-07-18,72.48,CURED,2025-08-13
VL-SFKSMIP6NY6Y,CA-AZ-00000037,U-7NNUO5Q5LF7G,2025-04-05,LANDSCAPING,2025-05-05,25.47,FINED,
VL-KFETX9OYK4GS,CA-AZ-00000037,U-5JKULC5L36UG,2025-02-17,NOISE,2025-03-19,85.23,FINED,
VL-TLR4X0NNDUMS,CA-AZ-00000037,U-YXFUVSKK1HSN,2025-04-23,LANDSCAPING,2025-05-23,269.19,HEARING_SCHEDULED,
VL-5Y0SHZ0QAMYD,CA-GA-00000038,U-MDOXM7Z7AOLD,2024-01-03,NOISE,2024-02-02,392.71,CURED,2024-02-16
VL-P1QDX0RLDQGU,CA-FL-00000039,U-A4E7YCS1KEDJ,2025-03-01,OTHER,2025-03-31,29.83,ESCALATED,
VL-64ZQ8EPNH1BB,CA-FL-00000039,U-QEAEQ2IFQBKK,2024-11-12,ARCHITECTURAL,2024-12-12,118.85,HEARING_SCHEDULED,
VL-PXOJ5LKJE00C,CA-FL-00000039,U-A4E7YCS1KEDJ,2025-06-02,PARKING,2025-07-02,220.14,FINED,
VL-N4Y5OIH1DQDO,CA-FL-00000039,U-1BB2YAJ1WR89,2025-04-30,TRASH,2025-05-30,98.93,CURED,2025-05-16
VL-5ZLP28P81X9K,CA-FL-00000040,U-WYEGPMTE1EL8,2024-06-17,NOISE,2024-07-17,123.89,CURED,2024-08-08
VL-TCZLVDYPLAXW,CA-FL-00000040,U-KBPNTSEKP8YN,2024-01-25,PARKING,2024-02-24,35.5,DISMISSED,2024-02-07
VL-Z3ZLG09Y26D4,CA-FL-00000040,U-L94PEF10LJRN,2025-06-10,ARCHITECTURAL,2025-07-10,77.61,CURED,2025-07-23
VL-1DOA82H1NB5X,CA-FL-00000040,U-FY9ZWQF78OSL,2024-02-04,NOISE,2024-03-05,57.98,CURED,2024-03-08
VL-XZGL1RS29PMC,CA-FL-00000040,U-ZH139Q0EP8V1,2024-06-25,PET,2024-07-25,58.36,CURED,2024-07-16
VL-VKPM8HN9RF91,CA-FL-00000040,U-QQWHH3TT255K,2025-06-04,PARKING,2025-07-04,272.71,DISMISSED,2025-06-28
VL-8ITSPL147RJU,CA-FL-00000040,U-5RL8HUC036I6,2025-04-22,LANDSCAPING,2025-05-22,177.75,CURED,2025-05-29
VL-6B1LQS7KRAD5,CA-FL-00000040,U-S4768TQW8DO3,2024-10-15,PARKING,2024-11-14,86.58,CURED,2024-11-28
VL-SUN88D7TGLKI,CA-CA-00000041,U-NM8H174TJH56,2024-01-27,NOISE,2024-02-26,27.65,ESCALATED,
VL-P4KTZSU2XPKM,CA-CA-00000041,U-H0FUOJJFAF8E,2024-10-21,TRASH,2024-11-20,58.21,ESCALATED,
VL-M2OI2I3D3DJJ,CA-CA-00000041,U-I8Z573VF80JG,2025-03-24,PET,2025-04-23,57.77,HEARING_SCHEDULED,
VL-NGB0OX1C0C9I,CA-CA-00000041,U-IVBCNKF54SRN,2024-10-30,NOISE,2024-11-29,190.77,CURED,2024-12-25
VL-JHPASA1697BT,CA-CA-00000041,U-CGL3TKQVXCRL,2025-03-09,NOISE,2025-04-08,30.04,CURED,2025-04-16
VL-WKDH0R7NC76Y,CA-CA-00000041,U-GJNCFOOVCFZ6,2024-02-15,LANDSCAPING,2024-03-16,97.13,HEARING_SCHEDULED,
VL-NDGE46BFPC1W,CA-CA-00000041,U-WMRYAZJ6WUOP,2024-11-19,ARCHITECTURAL,2024-12-19,93.91,CURED,2024-12-18
VL-R34TS3FQSSCH,CA-CA-00000041,U-EUOYS78YP5SS,2024-06-21,PARKING,2024-07-21,28.83,CURED,2024-08-13
VL-6G0P8KZRP37W,CA-CA-00000041,U-T95OST10Z87W,2024-05-01,PARKING,2024-05-31,56.89,CURED,2024-05-21
VL-YKHLQZO1Z5W3,CA-CA-00000041,U-K5GYIMQ5GLHC,2025-01-19,ARCHITECTURAL,2025-02-18,113.61,CURED,2025-02-23
VL-2O8WZRCUWHR0,CA-CA-00000041,U-2CS2CMQ2AJLT,2024-03-12,PET,2024-04-11,161.09,CURED,2024-05-03
VL-X05WWJFYVJUT,CA-CA-00000041,U-JOBRU2QLC65Q,2024-07-25,TRASH,2024-08-24,47.39,DISMISSED,2024-09-12
VL-QYVUQOWFN4Y4,CA-CA-00000041,U-LCGCSEFELX6S,2025-01-02,ARCHITECTURAL,2025-02-01,19.63,DISMISSED,2025-02-13
VL-6POXBTDABS0J,CA-CA-00000041,U-OAJB6RU3T28S,2024-03-22,ARCHITECTURAL,2024-04-21,121.48,CURED,2024-05-08
VL-3UW2YW60ID5X,CA-CA-00000041,U-Q7XX1OYA8PFK,2024-08-18,PET,2024-09-17,167.62,DISMISSED,2024-09-24
VL-QKB3U6FB7IBI,CA-CA-00000041,U-T95OST10Z87W,2024-02-24,LANDSCAPING,2024-03-25,42.13,ESCALATED,
VL-WG80UIHQCDNQ,CA-CA-00000041,U-4GNYA55HJCIY,2024-04-24,PARKING,2024-05-24,121.62,CURED,2024-05-28
VL-RXPONU4ZXSOL,CA-CA-00000041,U-3WTK41NS6CWE,2024-04-18,TRASH,2024-05-18,53.58,CURED,2024-05-10
VL-XNHU8OKJ234O,CA-CA-00000041,U-PUUKBI7IJXM5,2024-12-24,PET,2025-01-23,161.71,DISMISSED,2025-01-26
VL-RK3WV47LYR4H,CA-CA-00000041,U-H0FUOJJFAF8E,2025-02-02,TRASH,2025-03-04,37.4,CURED,2025-03-09
VL-FURCW2244ZMA,CA-CA-00000041,U-0U09XOX3MSLZ,2025-04-02,TRASH,2025-05-02,226.21,FINED,
VL-0KF049RVK1VF,CA-CA-00000041,U-J4BIOHK0VEYD,2025-05-09,NOISE,2025-06-08,48.58,HEARING_SCHEDULED,
VL-0AU6SSPC5QXB,CA-CA-00000041,U-I71YWD8WL2IK,2024-08-16,PARKING,2024-09-15,106.44,ESCALATED,
VL-XY4Z8M46FQ6U,CA-CA-00000041,U-EGA4TIAD1CGA,2024-01-16,OTHER,2024-02-15,57.17,CURED,2024-02-13
VL-7JL0JE93L61F,CA-CA-00000041,U-4GNYA55HJCIY,2025-02-11,ARCHITECTURAL,2025-03-13,64.33,CURED,2025-03-02
VL-2QFI6YJX67MJ,CA-CA-00000041,U-GPHH6W5NX3M4,2025-04-13,ARCHITECTURAL,2025-05-13,311.51,CURED,2025-05-02
VL-3DMOEBK4LWME,CA-CA-00000041,U-OAJB6RU3T28S,2024-08-19,TRASH,2024-09-18,62.76,CURED,2024-09-18
VL-VXWD3G4FT9BX,CA-CA-00000041,U-3WTK41NS6CWE,2025-03-03,LANDSCAPING,2025-04-02,699.34,CURED,2025-04-13
VL-T994LU66L3OP,CA-CA-00000041,U-QW6YQEF864BW,2025-05-29,NOISE,2025-06-28,197.8,CURED,2025-06-18
VL-P7YWVJF0HK3G,CA-NY-00000042,U-0H5QQJVWUPTV,2025-05-21,LANDSCAPING,2025-06-20,60.08,FINED,
VL-OIGBIG6SH523,CA-NY-00000042,U-B6FFRLKWLQ3T,2024-12-28,LANDSCAPING,2025-01-27,36.23,DISMISSED,2025-02-15
VL-3Y67TB36L9ID,CA-NY-00000042,U-0H5QQJVWUPTV,2024-09-15,OTHER,2024-10-15,105.83,CURED,2024-11-07
VL-85M2P1LHJ0PA,CA-NY-00000042,U-XZU368UUJ2G4,2024-11-29,ARCHITECTURAL,2024-12-29,108.49,CURED,2025-01-18
VL-W7AJPJFK93YW,CA-NY-00000042,U-B6FFRLKWLQ3T,2024-10-19,PET,2024-11-18,130.54,CURED,2024-11-25
VL-RO4A1QW5J3NU,CA-NY-00000042,U-F0NSGT6LKWKN,2024-02-26,ARCHITECTURAL,2024-03-27,296.16,CURED,2024-04-09
VL-CAI9SJ8Y0H32,CA-NY-00000042,U-LCBTL97P7DFL,2024-08-21,LANDSCAPING,2024-09-20,103.41,DISMISSED,2024-09-24
VL-Q9H2CGMU1PTL,CA-NY-00000042,U-OOZWRSXF8LSM,2025-03-06,PARKING,2025-04-05,156.07,CURED,2025-03-27
VL-UMROWNIJ6MFE,CA-NC-00000043,U-YHTD6OO7G5B0,2025-03-04,TRASH,2025-04-03,56.37,DISMISSED,2025-04-21
VL-6Q86JI84XFWJ,CA-NC-00000043,U-GIZ3PXPQUBPX,2024-12-24,PET,2025-01-23,45.68,DISMISSED,2025-01-15
VL-WBO6WYKCL5A3,CA-NC-00000043,U-H4G2J53MXYWR,2024-11-24,TRASH,2024-12-24,37.52,CURED,2024-12-13
VL-H37PZKCYYRCI,CA-NC-00000043,U-HMH74UZ5LQ0N,2024-03-14,ARCHITECTURAL,2024-04-13,207.68,DISMISSED,2024-04-16
VL-7WU12D8JGLZF,CA-NC-00000043,U-9OZO13JF46DE,2025-02-02,TRASH,2025-03-04,158.94,DISMISSED,2025-03-18
VL-LEP0EZFVGFAC,CA-NC-00000043,U-OCJZ5QDE2Y3Z,2024-02-07,PET,2024-03-08,93.42,DISMISSED,2024-02-24
VL-7566JTKJO5MJ,CA-NC-00000043,U-WV1MM9432B62,2024-08-15,OTHER,2024-09-14,468.39,CURED,2024-10-12
VL-P3OGCINV49C8,CA-NC-00000043,U-0N6QU9Y08RCC,2025-05-17,PET,2025-06-16,114.83,DISMISSED,2025-07-07
VL-28QBOOZBWP6T,CA-NC-00000043,U-9JRMBK39S9BH,2024-10-10,PET,2024-11-09,80.45,HEARING_SCHEDULED,
VL-SFRG7NO29L7C,CA-NC-00000043,U-0N6QU9Y08RCC,2024-03-04,ARCHITECTURAL,2024-04-03,41.52,CURED,2024-05-03
VL-C9L0YS4GJR8G,CA-NC-00000043,U-VYLCGAUAI0JP,2024-03-16,NOISE,2024-04-15,65.05,DISMISSED,2024-04-16
VL-BH4LU9EHZOHD,CA-FL-00000044,U-TZV4TY9YKRZ1,2024-03-23,TRASH,2024-04-22,38.39,CURED,2024-05-21
VL-YGOUAWEPQZ2U,CA-FL-00000044,U-HKTWI9B8EKLW,2024-06-01,PET,2024-07-01,259.39,CURED,2024-07-21
VL-HAVH1GA29N45,CA-FL-00000044,U-AJXMB5LTBXVE,2024-11-17,LANDSCAPING,2024-12-17,58.06,DISMISSED,2024-12-26
VL-MAEQVI3KZ3XY,CA-FL-00000044,U-SHM215YJX5W3,2025-01-08,PARKING,2025-02-07,59.86,DISMISSED,2025-02-22
VL-Y4EWWCHWN9W6,CA-FL-00000044,U-SHM215YJX5W3,2025-06-23,OTHER,2025-07-23,153.38,OPEN,
VL-QDDO9NAPQIWN,CA-FL-00000044,U-6I17ETMYSBTL,2025-05-15,NOISE,2025-06-14,101.48,DISMISSED,2025-06-26
VL-AXEGTLFQLOHD,CA-FL-00000044,U-OFSMNAWY0PEQ,2024-11-12,ARCHITECTURAL,2024-12-12,29.8,CURED,2024-11-25
VL-IJTE08ZIKK25,CA-FL-00000044,U-S58BQZACGBVQ,2024-01-13,LANDSCAPING,2024-02-12,105.38,FINED,
VL-FACJJDFTM7HR,CA-FL-00000044,U-NTWXWQQIH11D,2024-06-14,LANDSCAPING,2024-07-14,49.76,CURED,2024-07-19
VL-IU86D52HWS3K,CA-FL-00000044,U-JJO9NIFMPEOS,2025-06-06,PARKING,2025-07-06,442.11,OPEN,
VL-XDFTFJY7PBO1,CA-FL-00000044,U-KE2DCQ81UENS,2024-04-26,ARCHITECTURAL,2024-05-26,31.95,CURED,2024-06-24
VL-77RRB6Y7X3NA,CA-FL-00000044,U-V8TJ96T12PW4,2024-11-23,PET,2024-12-23,208.5,ESCALATED,
VL-WP8WGSEDZ1WH,CA-FL-00000044,U-SRN6M6XK7OX4,2025-02-27,NOISE,2025-03-29,58.41,HEARING_SCHEDULED,
VL-YQJM316VOTDD,CA-FL-00000044,U-SRN6M6XK7OX4,2025-03-21,ARCHITECTURAL,2025-04-20,61.72,FINED,
VL-5LG8BITFUTGH,CA-FL-00000044,U-NCS5834BK6DH,2024-10-16,ARCHITECTURAL,2024-11-15,231.31,ESCALATED,
VL-TQ469M48JXSR,CA-FL-00000044,U-WLX04XSBY2OU,2024-01-06,ARCHITECTURAL,2024-02-05,88.45,HEARING_SCHEDULED,
VL-HFV0LLZVHD3G,CA-FL-00000044,U-NF751VUTPQCM,2024-09-28,TRASH,2024-10-28,119.23,DISMISSED,2024-10-09
VL-6LBM4IWQYX7W,CA-CA-00000045,U-XEP46AGYGGFM,2025-02-15,NOISE,2025-03-17,28.26,CURED,2025-02-26
VL-HHEG4WTHYHOX,CA-CA-00000045,U-H0QBVRPAGTGI,2025-06-05,ARCHITECTURAL,2025-07-05,50.13,CURED,2025-07-04
VL-HIWUOU8S5UF7,CA-CA-00000046,U-PWDMJ3Z7W7N0,2024-06-15,ARCHITECTURAL,2024-07-15,48.42,CURED,2024-06-26
VL-YOB7DU4KD8QT,CA-CA-00000046,U-84C3Z2LJAURC,2024-01-18,TRASH,2024-02-17,27.58,CURED,2024-02-16
VL-08IM8PQV99VI,CA-CA-00000046,U-AE9DR5DBDXBD,2024-12-27,OTHER,2025-01-26,224.79,HEARING_SCHEDULED,
VL-4CA3ETZI5CCK,CA-CA-00000046,U-1FYE7LFT25H8,2024-10-10,LANDSCAPING,2024-11-09,75.51,DISMISSED,2024-11-03
VL-KXPWPGIZL0FY,CA-CA-00000046,U-CP9K02PSOI37,2025-04-16,PARKING,2025-05-16,23.85,HEARING_SCHEDULED,
VL-Z8M2FMELNKGF,CA-CA-00000046,U-XKP5IDY8T4BR,2024-12-21,ARCHITECTURAL,2025-01-20,247.21,CURED,2025-01-15
VL-ZMQB572Q34BB,CA-CA-00000046,U-UL27BM7FCJ0O,2024-05-24,ARCHITECTURAL,2024-06-23,115.54,DISMISSED,2024-06-26
VL-L1P85GCR64H6,CA-CA-00000046,U-DYW8WR4IJI93,2025-03-06,ARCHITECTURAL,2025-04-05,227.05,CURED,2025-04-25
VL-AB1G46ZL9VMH,CA-CA-00000046,U-F4RPL1I81J2A,2024-12-16,PET,2025-01-15,72.74,CURED,2024-12-31
VL-GYRDDKCM4Q7U,CA-CA-00000046,U-ZT22THW9P0IE,2025-01-03,OTHER,2025-02-02,81.87,CURED,2025-02-08
VL-EPN5Y1MEKHK7,CA-CA-00000046,U-GI3NPPABLB5Y,2024-08-11,LANDSCAPING,2024-09-10,106.65,DISMISSED,2024-09-04
VL-0ON30H6AAAY3,CA-CA-00000046,U-PWDMJ3Z7W7N0,2024-12-19,PARKING,2025-01-18,115.67,CURED,2025-01-18
VL-F0GF6VKOW4ZI,CA-CA-00000046,U-HWE8E30GNBA9,2024-02-28,LANDSCAPING,2024-03-29,40.0,HEARING_SCHEDULED,
VL-JHRJOJ2WHVXA,CA-CO-00000047,U-1SYF8Z1R505S,2024-06-21,OTHER,2024-07-21,44.24,DISMISSED,2024-07-04
VL-7D41XBD1D2ZX,CA-CO-00000047,U-1SYF8Z1R505S,2024-03-25,NOISE,2024-04-24,59.79,DISMISSED,2024-04-06
VL-K7GWJRYY2JLF,CA-CO-00000047,U-D2IPE7YKRZ3F,2024-10-09,ARCHITECTURAL,2024-11-08,97.28,DISMISSED,2024-10-26
VL-DJ0N675AKO1O,CA-CO-00000047,U-NX0H6VY9RX42,2025-03-08,LANDSCAPING,2025-04-07,187.92,CURED,2025-05-02
VL-Z6TLI66RZ1CQ,CA-CO-00000047,U-9DV28O470JP8,2024-12-13,TRASH,2025-01-12,137.01,DISMISSED,2024-12-29
VL-KLR8XSSDIO76,CA-CO-00000047,U-3P4G2WDAZYW6,2024-08-22,ARCHITECTURAL,2024-09-21,197.89,HEARING_SCHEDULED,
VL-6T4LKZFGYTYV,CA-CO-00000047,U-TM0ZXO41OIMJ,2024-08-10,TRASH,2024-09-09,69.66,CURED,2024-08-21
VL-KWW1VEOVB8XI,CA-CO-00000047,U-QQ0EWZFOLSUC,2025-06-13,ARCHITECTURAL,2025-07-13,210.38,HEARING_SCHEDULED,
VL-EDPLHL82V7EI,CA-CA-00000048,U-W8ZW7NHPGJX1,2024-10-18,NOISE,2024-11-17,32.44,CURED,2024-11-18
VL-2OBZKWYOS8X9,CA-CA-00000048,U-Z7RY21G6YRGC,2024-08-01,NOISE,2024-08-31,116.6,HEARING_SCHEDULED,
VL-EF1WH6JU3DM3,CA-CA-00000048,U-E9WY5WDA03DA,2024-08-14,PARKING,2024-09-13,372.22,HEARING_SCHEDULED,
VL-I3EAMTBC32X5,CA-CA-00000048,U-4JS6NLM4GL51,2024-01-14,PET,2024-02-13,106.16,CURED,2024-02-28
VL-V9HORN1IAF2N,CA-CA-00000048,U-4C3IYX95OJW9,2024-01-03,PARKING,2024-02-02,57.2,HEARING_SCHEDULED,
VL-5JNEQMZFBHZM,CA-CA-00000048,U-GX49JMZ43D3Z,2025-03-30,PET,2025-04-29,320.59,CURED,2025-04-10
VL-ZFEOXVAUP412,CA-CA-00000048,U-YW1V49TDYF12,2025-01-22,ARCHITECTURAL,2025-02-21,210.53,HEARING_SCHEDULED,
VL-X92XNJ7B6VJQ,CA-CA-00000048,U-T0AZQG91Z4PE,2024-12-21,TRASH,2025-01-20,157.33,HEARING_SCHEDULED,
VL-W1YGQSIAWUFT,CA-CA-00000048,U-CDCOWDXCJ19S,2024-09-24,LANDSCAPING,2024-10-24,86.41,DISMISSED,2024-10-30
VL-399018JBIP0A,CA-CA-00000048,U-OG996JLULYM7,2024-02-17,ARCHITECTURAL,2024-03-18,77.91,DISMISSED,2024-03-01
VL-HHESX0VR3UEY,CA-CA-00000048,U-E9WY5WDA03DA,2025-02-15,ARCHITECTURAL,2025-03-17,40.0,DISMISSED,2025-03-24
VL-6KE0QVZCGMSF,CA-CA-00000048,U-3WG5M296NJWU,2024-04-13,NOISE,2024-05-13,74.05,OPEN,
VL-Z9LNGM0JKX6I,CA-CA-00000048,U-FRX245GBXZQI,2025-06-22,ARCHITECTURAL,2025-07-22,33.67,DISMISSED,2025-08-15
VL-8TSEDUAEV8FJ,CA-CA-00000048,U-FRX245GBXZQI,2025-02-14,ARCHITECTURAL,2025-03-16,109.8,DISMISSED,2025-03-10
VL-MSYRXVROD8DD,CA-CA-00000048,U-4C3IYX95OJW9,2024-01-21,ARCHITECTURAL,2024-02-20,74.11,HEARING_SCHEDULED,
VL-YNM8ZSWMFS0S,CA-CA-00000048,U-CDCOWDXCJ19S,2024-09-15,LANDSCAPING,2024-10-15,76.36,OPEN,
VL-S9093MV370J6,CA-CA-00000048,U-WKECBAOTS98I,2024-03-30,PET,2024-04-29,87.41,CURED,2024-05-29
VL-F53HRI7HSKMU,CA-CA-00000048,U-K1I19VLYS86Y,2024-02-03,TRASH,2024-03-04,48.74,CURED,2024-03-13
VL-237HSIEGFVPY,CA-CA-00000048,U-4JS6NLM4GL51,2024-06-09,NOISE,2024-07-09,110.47,OPEN,
VL-CAJ0UXS42UYX,CA-CA-00000048,U-QQGD5KXJ2EZN,2024-07-23,LANDSCAPING,2024-08-22,74.66,FINED,
VL-P877BXL1INJD,CA-CA-00000048,U-FRX245GBXZQI,2024-04-29,TRASH,2024-05-29,95.52,DISMISSED,2024-06-13
VL-TDG5WXN2DQP9,CA-CA-00000048,U-Z6R222H1D2OW,2024-11-02,ARCHITECTURAL,2024-12-02,41.25,HEARING_SCHEDULED,
VL-JT6BF86QIWSG,CA-CA-00000048,U-96NIX9TWU52I,2024-07-23,ARCHITECTURAL,2024-08-22,214.31,CURED,2024-08-25
VL-GZRNO5QUR4MH,CA-CA-00000048,U-RTQ0BXWOET37,2024-04-27,ARCHITECTURAL,2024-05-27,206.99,HEARING_SCHEDULED,
VL-WM8HU2Z0XSUE,CA-CA-00000048,U-36UD0CTY1CER,2024-10-12,TRASH,2024-11-11,84.13,DISMISSED,2024-11-16
VL-EG273VTCMT4W,CA-CA-00000048,U-4XVOFXJX0GOP,2024-05-09,OTHER,2024-06-08,166.17,CURED,2024-06-04
VL-FN4C3XDYBB7Y,CA-CA-00000048,U-61PO9O2M470N,2024-09-16,ARCHITECTURAL,2024-10-16,150.88,CURED,2024-10-30
VL-S4A38H02ZPHL,CA-CA-00000048,U-QUD130IYMN8X,2024-10-22,PARKING,2024-11-21,354.41,OPEN,
VL-6XWMIYGEFM7O,CA-CA-00000048,U-OXC0VVKLQ0XJ,2025-03-16,LANDSCAPING,2025-04-15,65.49,FINED,
VL-K29MRNY9253F,CA-NC-00000049,U-14TZP0D99VRS,2024-02-26,LANDSCAPING,2024-03-27,62.38,ESCALATED,
VL-8Q5M1E544TTC,CA-NC-00000049,U-RHVV5AA2KOYR,2024-11-18,PARKING,2024-12-18,36.43,HEARING_SCHEDULED,
VL-2CVXMUIWOHNL,CA-NC-00000049,U-APHAYIBUSA0W,2024-09-20,ARCHITECTURAL,2024-10-20,275.89,CURED,2024-11-08
VL-TQGW6PVZIXRM,CA-NC-00000049,U-GCMYZ20FED9Q,2025-02-26,PARKING,2025-03-28,69.03,OPEN,
VL-ABV1COYVFAW5,CA-NC-00000049,U-GIWEL4RV2YN9,2024-02-16,NOISE,2024-03-17,251.91,CURED,2024-04-01
VL-YF2JAUO7JVGR,CA-NC-00000049,U-3CD0ZNUAJPBP,2024-04-28,LANDSCAPING,2024-05-28,130.3,DISMISSED,2024-06-09
VL-PYN7S114LLIO,CA-NC-00000049,U-3G17N40D4N1S,2025-05-26,PARKING,2025-06-25,88.88,OPEN,
VL-N2DBJPRWY1LJ,CA-NC-00000049,U-RDQV9K6L7J4V,2025-06-17,NOISE,2025-07-17,50.9,CURED,2025-08-02
VL-6L22HEFSN6FJ,CA-NC-00000049,U-T4LMAG75TO3E,2025-02-04,ARCHITECTURAL,2025-03-06,71.18,DISMISSED,2025-04-04
VL-RJQ6B52MPHMZ,CA-FL-00000050,U-GKSDYM2Y21IB,2024-09-06,OTHER,2024-10-06,99.26,CURED,2024-10-24
VL-431CCSDZYPZS,CA-FL-00000050,U-GKSDYM2Y21IB,2024-03-07,TRASH,2024-04-06,806.92,CURED,2024-04-22
VL-FI8JK00NMCKD,CA-CA-00000051,U-O5MLHZ14EUAB,2024-12-31,LANDSCAPING,2025-01-30,46.91,ESCALATED,
VL-6K0UYFQVBCGB,CA-CA-00000051,U-Q01JWY0TN1QA,2025-06-24,OTHER,2025-07-24,86.09,CURED,2025-08-21
VL-HVR5EUUHV6SX,CA-CA-00000051,U-794AUWW4H3RK,2024-12-22,ARCHITECTURAL,2025-01-21,99.2,CURED,2025-01-11
VL-7G56U0OUT9FM,CA-CA-00000051,U-1COO004OOIIU,2025-05-08,PARKING,2025-06-07,148.54,CURED,2025-06-30
VL-74HL8FSKQYD2,CA-CA-00000051,U-MSFFRHD7MDY8,2025-02-27,PARKING,2025-03-29,126.5,HEARING_SCHEDULED,
VL-TH4KA8WWWCY2,CA-CA-00000051,U-EA17TSPP0LK5,2024-10-22,NOISE,2024-11-21,49.12,DISMISSED,2024-11-11
VL-O8ISBOQ4FVD1,CA-CA-00000051,U-5VYK7CF2J4L3,2024-08-06,TRASH,2024-09-05,104.69,ESCALATED,
VL-ZB6HS0SPO327,CA-CA-00000051,U-EA17TSPP0LK5,2024-04-14,PARKING,2024-05-14,59.95,CURED,2024-05-17
VL-TGUAL3F1R0RK,CA-CA-00000051,U-HPL2ILJL8VJ6,2025-02-25,LANDSCAPING,2025-03-27,408.71,CURED,2025-04-07
VL-KK61EGE211UR,CA-CA-00000051,U-EINHPQSHZXN8,2024-04-20,ARCHITECTURAL,2024-05-20,49.97,DISMISSED,2024-06-12
VL-R2FND68YTK5X,CA-CA-00000051,U-5X53LRZMO3DX,2024-03-26,ARCHITECTURAL,2024-04-25,49.61,HEARING_SCHEDULED,
VL-3LLF82EPUDNX,CA-CA-00000051,U-T939A6SPZD1S,2024-11-23,NOISE,2024-12-23,90.36,ESCALATED,
VL-ORNOWQMAN62R,CA-CA-00000051,U-MSFFRHD7MDY8,2025-04-26,PET,2025-05-26,144.21,CURED,2025-05-09
VL-KCZKNHAZQ11Q,CA-CA-00000051,U-HBN2F4IOFE9N,2024-02-20,TRASH,2024-03-21,52.99,CURED,2024-03-24
VL-4HWMULPJNRQZ,CA-CA-00000051,U-OLSY7RW78IRK,2025-04-06,LANDSCAPING,2025-05-06,142.03,DISMISSED,2025-04-28
VL-6NER63G5UG69,CA-AZ-00000052,U-RF04F69AC9T6,2024-03-25,LANDSCAPING,2024-04-24,105.55,CURED,2024-05-12
VL-IF1UW4MVWCNP,CA-AZ-00000052,U-IKHKOG95N8IN,2025-01-08,PARKING,2025-02-07,240.79,OPEN,
VL-8CQ5TDJ7DF3V,CA-AZ-00000052,U-D3HTY61JZEKL,2024-11-04,LANDSCAPING,2024-12-04,141.09,CURED,2024-11-30
VL-6Z6Y4VJ2POSS,CA-AZ-00000052,U-2SYYJ47CC88R,2024-08-21,NOISE,2024-09-20,159.4,DISMISSED,2024-09-14
VL-GP2GOIADF5YZ,CA-AZ-00000052,U-1L6KE3HRBHQW,2025-05-22,LANDSCAPING,2025-06-21,36.24,CURED,2025-07-17
VL-GQB216I05ZUT,CA-AZ-00000052,U-MQ0MLOLNTA81,2024-04-23,PARKING,2024-05-23,28.56,CURED,2024-05-26
VL-DRY9T3COE4ZK,CA-AZ-00000052,U-UHT4LG5HU63R,2025-02-03,NOISE,2025-03-05,170.77,DISMISSED,2025-03-17
VL-B1447G5CHPP2,CA-AZ-00000052,U-AW0EWAYAJ5ND,2024-12-26,PARKING,2025-01-25,163.32,FINED,
VL-PX8SDWY1EYGN,CA-AZ-00000052,U-NNW139MXFGBL,2025-06-19,TRASH,2025-07-19,129.36,HEARING_SCHEDULED,
VL-FC990ELYEYVI,CA-CA-00000053,U-Q3XJJI7LAMJE,2025-01-03,ARCHITECTURAL,2025-02-02,214.82,HEARING_SCHEDULED,
VL-3D4X2PWJ364T,CA-CA-00000053,U-YBHOWMYVSB98,2024-03-26,PARKING,2024-04-25,227.4,OPEN,
VL-N3KOMA8OE13R,CA-CA-00000053,U-MEZRRCFPLBXL,2025-03-13,PARKING,2025-04-12,76.36,CURED,2025-04-16
VL-2NI9F8HKPBF8,CA-CA-00000053,U-YBHOWMYVSB98,2024-05-13,NOISE,2024-06-12,86.7,CURED,2024-06-12
VL-ZZBCPLJGRPDC,CA-AZ-00000054,U-902A0NW60JSC,2025-03-11,ARCHITECTURAL,2025-04-10,168.73,CURED,2025-04-08
VL-BTWU5ZWYACM8,CA-AZ-00000054,U-21E5J7O6RHD5,2024-07-07,PARKING,2024-08-06,362.35,DISMISSED,2024-08-24
VL-1Z7QH96GJNEA,CA-AZ-00000054,U-OQGFA32J5UFV,2024-10-11,OTHER,2024-11-10,39.97,CURED,2024-11-06
VL-Q0IBIU1WHJJG,CA-AZ-00000054,U-X7ACCDZZC5A8,2024-05-18,LANDSCAPING,2024-06-17,198.53,CURED,2024-06-11
VL-QEA85WQJVKYO,CA-AZ-00000054,U-QPKWQZZGUS8P,2024-06-22,PET,2024-07-22,87.1,DISMISSED,2024-07-09
VL-JE8N5NFEPM9J,CA-AZ-00000054,U-3A2V818IQWLO,2025-04-16,ARCHITECTURAL,2025-05-16,122.94,DISMISSED,2025-04-28
VL-GW398ZJWL4PW,CA-AZ-00000054,U-M5QXAEXF32XP,2024-08-28,PARKING,2024-09-27,25.39,CURED,2024-10-06
VL-O4PAABQBKAYD,CA-AZ-00000054,U-FPQEQQR7D6E5,2025-02-11,PARKING,2025-03-13,42.04,FINED,
VL-07L4ZVY5HR54,CA-AZ-00000054,U-9UHGV9M58TGT,2024-07-27,TRASH,2024-08-26,132.95,FINED,
VL-HN9WEFWPCGW8,CA-NY-00000055,U-N2V0TIW5L5KV,2025-01-23,NOISE,2025-02-22,98.06,FINED,
VL-E5FXWCF7HRTI,CA-NY-00000055,U-5DKQBO8PNBIF,2025-03-18,LANDSCAPING,2025-04-17,70.04,DISMISSED,2025-04-24
VL-84V8S0F0JKAL,CA-NY-00000055,U-C8HAJ0IRSC96,2024-01-20,PARKING,2024-02-19,163.69,HEARING_SCHEDULED,
VL-R64WZCCC8MF4,CA-NY-00000055,U-DKQAJ5JFV4FH,2025-05-09,PARKING,2025-06-08,70.8,FINED,
VL-BHKBRECFH1C4,CA-NY-00000055,U-YCFVP1XNKVB2,2025-02-25,NOISE,2025-03-27,57.08,CURED,2025-03-17
VL-LBGQMHQ6N9A8,CA-NY-00000055,U-AYWQ9P94JTGH,2025-05-26,NOISE,2025-06-25,124.22,CURED,2025-07-02
VL-1DXI9IFRZF4I,CA-NY-00000055,U-5DKQBO8PNBIF,2024-08-28,ARCHITECTURAL,2024-09-27,54.71,ESCALATED,
VL-H9OZR0PLSVMN,CA-NY-00000055,U-1F42Q5IMLX6V,2024-03-24,ARCHITECTURAL,2024-04-23,160.77,CURED,2024-04-19
VL-BXT4EC5HH7W9,CA-NY-00000055,U-LAFSJWCCWWJA,2025-01-15,LANDSCAPING,2025-02-14,246.38,CURED,2025-02-23
VL-1H8QSHDGO8MF,CA-NY-00000055,U-SSG7FWPS64HM,2024-03-07,LANDSCAPING,2024-04-06,166.74,CURED,2024-05-05
VL-XSZ9FDRS20HJ,CA-NY-00000055,U-5GTNOBC2F8DN,2024-01-03,NOISE,2024-02-02,372.79,OPEN,
VL-43KHX161CMQH,CA-NY-00000055,U-YU8TN8FQMJ22,2024-09-14,ARCHITECTURAL,2024-10-14,43.65,FINED,
VL-VK6NHW0JTIAL,CA-NY-00000055,U-ZLM5VUQ41994,2024-05-11,NOISE,2024-06-10,62.72,CURED,2024-07-02
VL-GP04MT9YL8Y0,CA-NY-00000055,U-U0RKTOC19YQ5,2024-03-01,TRASH,2024-03-31,87.15,CURED,2024-04-11
VL-A0QMW8QA7RYS,CA-NY-00000055,U-OTUX6J1YGSKQ,2025-06-10,TRASH,2025-07-10,173.95,CURED,2025-07-06
VL-NPACSK0KU96Z,CA-NY-00000055,U-1F42Q5IMLX6V,2024-12-19,ARCHITECTURAL,2025-01-18,196.25,DISMISSED,2025-01-07
VL-I94W86WX8O1Q,CA-NV-00000056,U-BUNOQ4GNW8Z4,2025-06-23,ARCHITECTURAL,2025-07-23,59.4,FINED,
VL-XZBVZXPQ1YGK,CA-NV-00000056,U-N55V6J9RUFIV,2024-09-20,PARKING,2024-10-20,96.6,CURED,2024-11-03
VL-RHJN12TIUUQC,CA-NV-00000056,U-MZTNE0V4HU27,2024-09-11,ARCHITECTURAL,2024-10-11,136.09,CURED,2024-10-23
VL-FF7D5YN41LMD,CA-NV-00000056,U-5TNA623BR3D7,2024-08-18,NOISE,2024-09-17,45.91,CURED,2024-10-12
VL-3JPXEES9RIND,CA-NV-00000056,U-NWD7E0L4OL5K,2024-10-10,PARKING,2024-11-09,37.59,CURED,2024-12-09
VL-YZYI8ZMS5PYN,CA-NV-00000056,U-YNHFKUGMMULT,2025-06-22,NOISE,2025-07-22,56.85,CURED,2025-08-03
VL-UYL9MUCX3ZTA,CA-NV-00000056,U-G2MYAXKEAKVO,2024-02-02,OTHER,2024-03-03,316.13,FINED,
VL-9FMDKX5Q4AQ2,CA-NV-00000056,U-VFCMQ0OB1N6Q,2025-05-16,LANDSCAPING,2025-06-15,152.14,DISMISSED,2025-07-01
VL-PI1Q2OVWHTRP,CA-NV-00000056,U-IJWPY51FS1OI,2025-02-10,TRASH,2025-03-12,86.97,HEARING_SCHEDULED,
VL-IJU4D68GT7W0,CA-FL-00000057,U-R7E563025SDI,2024-11-22,PARKING,2024-12-22,179.8,DISMISSED,2025-01-14
VL-BTJMN2IWB46N,CA-FL-00000057,U-2UR3FCR5V730,2024-09-14,LANDSCAPING,2024-10-14,112.29,DISMISSED,2024-11-12
VL-SV5VIJ7MZDNA,CA-FL-00000057,U-T5EOA48QNPAS,2024-01-30,PET,2024-02-29,42.95,ESCALATED,
VL-JQJ05SRB0GJC,CA-FL-00000057,U-SN5QC35AZNP7,2024-10-10,OTHER,2024-11-09,162.54,DISMISSED,2024-11-26
VL-O3ZRGGRY12YS,CA-FL-00000057,U-80YPG2MIRXC5,2024-03-03,PARKING,2024-04-02,63.68,CURED,2024-04-18
VL-ZG6Q0CYXIO8B,CA-FL-00000057,U-2UR3FCR5V730,2025-01-15,PARKING,2025-02-14,206.5,CURED,2025-03-15
VL-ITG87IT2GXTG,CA-CA-00000058,U-7LJQ54BG5C21,2024-06-11,PARKING,2024-07-11,84.94,CURED,2024-08-07
VL-1GEW8D5XUS21,CA-CA-00000058,U-CV84XVDN0A59,2024-03-26,TRASH,2024-04-25,379.01,CURED,2024-05-22
VL-L67LPX85HOBS,CA-CA-00000058,U-WVX12I21IHHQ,2025-01-16,NOISE,2025-02-15,134.92,CURED,2025-02-04
VL-CPEFK1UMA1QC,CA-CA-00000058,U-HBTLVVBA0YPN,2024-01-18,ARCHITECTURAL,2024-02-17,25.75,DISMISSED,2024-02-21
VL-A0IXLKUR3Y4H,CA-CA-00000058,U-GDCOQ93TOPZZ,2024-12-06,TRASH,2025-01-05,139.89,CURED,2024-12-31
VL-F7DQ7GKLJCTE,CA-OH-00000059,U-6153X7S445Y4,2024-10-10,TRASH,2024-11-09,114.97,CURED,2024-11-20
VL-UNPZ9CFA8S62,CA-OH-00000059,U-JKNQWK2UHU4A,2024-01-30,PET,2024-02-29,131.63,DISMISSED,2024-03-03
VL-NZHPVZUE8OF7,CA-OH-00000059,U-5GBOTXXGSH4V,2024-04-08,PARKING,2024-05-08,225.18,FINED,
VL-47HSOAPOR7S6,CA-OH-00000059,U-H0CECI1ZSMH1,2024-07-22,TRASH,2024-08-21,283.81,OPEN,
VL-CK0XCWA5T2CG,CA-OH-00000059,U-7RQCIU4XOA8C,2025-06-23,ARCHITECTURAL,2025-07-23,220.27,CURED,2025-07-25
VL-TCSFVS7PQD0H,CA-OH-00000059,U-ENXXKMLMK4XL,2025-05-20,ARCHITECTURAL,2025-06-19,108.9,DISMISSED,2025-06-25
VL-HBTHNR2WWS9F,CA-OH-00000059,U-DOP6HD7LG1EF,2024-09-12,ARCHITECTURAL,2024-10-12,252.95,CURED,2024-11-08
VL-2WAHULKFW2NR,CA-OH-00000059,U-F2HP4C3FX6LB,2025-04-10,PARKING,2025-05-10,205.54,DISMISSED,2025-05-15
VL-K5JTD0EIALJ1,CA-OH-00000059,U-04STIS5NTT4Z,2024-11-22,ARCHITECTURAL,2024-12-22,88.62,CURED,2025-01-07
VL-14H8T9WR2IWU,CA-OH-00000059,U-LM5TSDPLS9EK,2025-02-13,PARKING,2025-03-15,291.61,CURED,2025-03-04
VL-N455HSUFEXNY,CA-OH-00000059,U-F2HP4C3FX6LB,2024-05-31,ARCHITECTURAL,2024-06-30,58.63,ESCALATED,
VL-P0SL3IB934B0,CA-OH-00000059,U-E80KMCMXZYRJ,2024-09-10,PET,2024-10-10,21.53,CURED,2024-09-28
VL-AXLNDW441V15,CA-OH-00000059,U-TA84DQ6XNVEL,2024-04-09,PARKING,2024-05-09,103.37,CURED,2024-05-31
VL-Y24XOHLU8I01,CA-OH-00000059,U-JKNQWK2UHU4A,2025-02-14,PARKING,2025-03-16,23.09,HEARING_SCHEDULED,
VL-G009H7DMHRXT,CA-OH-00000059,U-3VU58FS9X1E2,2024-09-02,ARCHITECTURAL,2024-10-02,270.24,CURED,2024-10-11
VL-ESAA0ELSGFQ2,CA-NY-00000060,U-1TIA2MCZTQO9,2024-03-08,NOISE,2024-04-07,34.52,DISMISSED,2024-04-07
VL-I1QJ1DI0CYJA,CA-NY-00000060,U-45K5G336WDER,2024-03-02,LANDSCAPING,2024-04-01,29.74,ESCALATED,
VL-CPNHF9VY8RFE,CA-NY-00000060,U-7LDHTIN9Y4TL,2024-03-14,LANDSCAPING,2024-04-13,221.64,CURED,2024-05-05
VL-19RRUZMAHISU,CA-NY-00000060,U-2R27YD6FONM4,2025-04-16,NOISE,2025-05-16,100.18,CURED,2025-05-30
VL-Q44X3A9D0N8M,CA-NY-00000060,U-93F4KZL67VR9,2025-01-25,LANDSCAPING,2025-02-24,154.76,DISMISSED,2025-03-26
VL-OBWCMMN52II6,CA-NY-00000060,U-0WUOWJ09IOGL,2024-05-07,PET,2024-06-06,52.25,CURED,2024-07-03
VL-A89QIZCS6P7M,CA-NY-00000060,U-93F4KZL67VR9,2024-01-14,NOISE,2024-02-13,149.0,FINED,
VL-X3HLUOSRGID4,CA-NY-00000060,U-RK71VXC8ACT4,2025-06-23,NOISE,2025-07-23,48.83,ESCALATED,
VL-215BDQKSJQBJ,CA-NY-00000060,U-Y4WUNOFYR5LD,2024-09-23,ARCHITECTURAL,2024-10-23,80.75,CURED,2024-11-07
VL-LKRBL196HZ0H,CA-NC-00000061,U-PBGGBAXRBI1D,2025-04-11,ARCHITECTURAL,2025-05-11,59.25,DISMISSED,2025-05-07
VL-FLDME81NQ8I7,CA-NC-00000061,U-FZHFEFPQ50O0,2024-06-06,ARCHITECTURAL,2024-07-06,91.42,CURED,2024-06-27
VL-T5Z4M8R75PHP,CA-NC-00000061,U-66JVJ8H9KJSV,2024-02-07,PARKING,2024-03-08,97.64,OPEN,
VL-ZDUQNCVDRWVI,CA-NC-00000061,U-GDAYGRU244U2,2024-07-07,PET,2024-08-06,123.27,HEARING_SCHEDULED,
VL-E7A1COKC55AN,CA-NC-00000061,U-FZHFEFPQ50O0,2024-11-04,NOISE,2024-12-04,35.25,CURED,2024-12-11
VL-J79I3IPWJ2C0,CA-VA-00000062,U-EWZ20D745IBB,2025-05-07,NOISE,2025-06-06,37.12,CURED,2025-07-06
VL-17HZK35B46EF,CA-VA-00000062,U-HDSGC06L8ZG6,2025-03-11,ARCHITECTURAL,2025-04-10,48.63,CURED,2025-04-18
VL-H2N14SQ55DSF,CA-VA-00000062,U-G86DQ8G2K14I,2024-04-10,LANDSCAPING,2024-05-10,139.74,DISMISSED,2024-06-04
VL-7UTCMVFXZJ6J,CA-VA-00000062,U-AW2059ZYGCQW,2024-09-20,PET,2024-10-20,20.47,CURED,2024-11-19
VL-5CKI079HXPAE,CA-VA-00000062,U-2GJT5A1O3ZMR,2024-02-28,PARKING,2024-03-29,58.01,CURED,2024-03-23
VL-34DJG2RHVE46,CA-VA-00000062,U-PI6W380292YQ,2024-01-16,ARCHITECTURAL,2024-02-15,46.86,OPEN,
VL-QF3WEFUNE0YE,CA-VA-00000062,U-PI6W380292YQ,2025-03-04,LANDSCAPING,2025-04-03,74.16,CURED,2025-03-26
VL-3YJQNI3NLA6F,CA-VA-00000062,U-ZHGS50NZJUI7,2024-06-18,PET,2024-07-18,56.75,DISMISSED,2024-08-06
VL-QJW6M8NNUCMK,CA-VA-00000062,U-MM5W7HA7G9E8,2024-07-20,OTHER,2024-08-19,145.37,ESCALATED,
VL-DG9YDUY6VKI6,CA-VA-00000062,U-GWQWVJNBCHUJ,2024-07-30,NOISE,2024-08-29,74.95,CURED,2024-08-23
VL-8RJWG5USDLR0,CA-VA-00000063,U-FKEC1OCHSXC1,2025-03-07,PARKING,2025-04-06,120.05,CURED,2025-04-14
VL-PESJG4IRV1EK,CA-VA-00000063,U-CJX3JERZ5967,2025-05-20,TRASH,2025-06-19,35.63,FINED,
VL-ARMEYOIRK0AV,CA-VA-00000063,U-SARVQXNJGYFJ,2025-01-16,NOISE,2025-02-15,286.86,FINED,
VL-ZVGY2B1MS2Q5,CA-VA-00000063,U-SPEN8ZJ6D553,2024-01-18,NOISE,2024-02-17,101.58,DISMISSED,2024-02-14
VL-XT7QJP8QLRDP,CA-VA-00000063,U-2Z2A3WG1I77G,2024-05-19,PARKING,2024-06-18,204.05,CURED,2024-06-03
VL-D1W5F3Y8CBW9,CA-GA-00000064,U-YB6GCSWIYF9J,2025-05-25,OTHER,2025-06-24,102.41,FINED,
VL-4OEOTUDB5WYW,CA-GA-00000064,U-G9GCFOL6ZTNR,2024-06-23,ARCHITECTURAL,2024-07-23,461.07,ESCALATED,
VL-4JNQJESOJ3YS,CA-GA-00000064,U-YNHP95GN3E9V,2024-12-07,NOISE,2025-01-06,145.99,CURED,2025-01-12
VL-ICEWIRHHE7C3,CA-GA-00000064,U-GP215KRGT5SB,2025-03-18,TRASH,2025-04-17,202.85,CURED,2025-05-11
VL-9ULKYTSC9K07,CA-GA-00000064,U-12PQQXSJAG78,2025-04-06,NOISE,2025-05-06,109.23,OPEN,
VL-VMK49YRYJDC8,CA-VA-00000065,U-LQMHHIOCWUE0,2024-06-16,PARKING,2024-07-16,69.31,OPEN,
VL-ILQHAERFPUTM,CA-VA-00000065,U-G5GON5CDW9PA,2024-09-25,NOISE,2024-10-25,119.7,CURED,2024-11-22
VL-YD1IYBFQT6EW,CA-VA-00000065,U-LZ8H8CE80XK9,2024-03-01,LANDSCAPING,2024-03-31,43.89,DISMISSED,2024-03-15
VL-JBKUCBFDQHEO,CA-VA-00000065,U-Q7KOTKUNURLQ,2024-02-14,ARCHITECTURAL,2024-03-15,69.13,ESCALATED,
VL-H9MJNFL2165E,CA-VA-00000065,U-AB120TSGTNO1,2024-04-02,LANDSCAPING,2024-05-02,39.61,ESCALATED,
VL-HUB0ST9BQ52B,CA-VA-00000065,U-Y58ETB3KW49H,2025-06-14,ARCHITECTURAL,2025-07-14,63.64,CURED,2025-07-19
VL-ZXTQQ84QOZEW,CA-VA-00000065,U-LZ8H8CE80XK9,2024-04-26,ARCHITECTURAL,2024-05-26,85.72,ESCALATED,
VL-VDWDRL70R29T,CA-VA-00000065,U-SBOCU86TKKR2,2024-12-09,PET,2025-01-08,106.12,HEARING_SCHEDULED,
VL-JS93UNPW4Q0S,CA-VA-00000065,U-QVO1PBTVR9SL,2024-03-15,ARCHITECTURAL,2024-04-14,23.42,CURED,2024-04-19
VL-48545BWIRH67,CA-NY-00000066,U-2LDKFTSCZ7Z5,2024-03-21,PARKING,2024-04-20,405.63,CURED,2024-04-24
VL-2KIXH0RB0TQ9,CA-NY-00000066,U-LRJATL77ZVC8,2024-10-04,NOISE,2024-11-03,109.85,DISMISSED,2024-11-09
VL-ZNG20EA6YFYS,CA-NY-00000066,U-NMKTPSO1W63P,2024-09-23,PET,2024-10-23,68.12,CURED,2024-11-01
VL-Y0UU7OG2TW0W,CA-NY-00000066,U-KZP3QCSVXFOR,2025-01-04,LANDSCAPING,2025-02-03,64.95,FINED,
VL-HO2S3NKTQXFV,CA-NY-00000066,U-O4H1IEDOBC5V,2024-09-07,TRASH,2024-10-07,60.85,DISMISSED,2024-10-16
VL-1CDQXQ8I1X3O,CA-NY-00000066,U-AV5OSWRYRC00,2024-12-15,OTHER,2025-01-14,128.55,DISMISSED,2025-01-04
VL-1ONOE2PNXFP4,CA-NY-00000066,U-56ZVBQ5EO9NX,2024-11-05,TRASH,2024-12-05,347.31,CURED,2024-12-01
VL-TJUDJ62S5I0A,CA-NY-00000066,U-L4AGLC32RBS4,2025-01-15,LANDSCAPING,2025-02-14,101.78,CURED,2025-03-13
VL-UQJ4T3P084KS,CA-NY-00000066,U-3H5X4ZTCEX9I,2025-03-14,ARCHITECTURAL,2025-04-13,139.46,DISMISSED,2025-03-29
VL-U90LXVY3UUNJ,CA-NV-00000067,U-4C32080X1AUB,2024-07-08,TRASH,2024-08-07,196.36,CURED,2024-09-05
VL-LT0ZJ0E9SK6C,CA-NV-00000067,U-YM3DI2ZG884B,2024-02-27,TRASH,2024-03-28,31.09,CURED,2024-04-04
VL-H1SXCITCW9QE,CA-NV-00000067,U-YM3DI2ZG884B,2025-01-08,TRASH,2025-02-07,83.33,CURED,2025-02-04
VL-YNCTKUN5N2CO,CA-NV-00000067,U-7G5GVJPKKKJK,2025-06-18,PARKING,2025-07-18,144.35,CURED,2025-07-27
VL-Q4LOMNPL4KJK,CA-NV-00000067,U-6BJNZSO5MGFE,2025-06-04,OTHER,2025-07-04,200.24,ESCALATED,
VL-PU8B72Z0SWIO,CA-NV-00000067,U-XXDZT8779YTG,2025-06-08,ARCHITECTURAL,2025-07-08,25.47,CURED,2025-07-03
VL-GWJUV12ZDJ7D,CA-FL-00000068,U-25DX2JAS0S3A,2025-03-12,NOISE,2025-04-11,98.98,HEARING_SCHEDULED,
VL-X0SGCX4N7L7G,CA-FL-00000068,U-R0DRXDNOPIBB,2024-10-30,OTHER,2024-11-29,240.79,CURED,2024-11-24
VL-HST5VKCXIGR6,CA-FL-00000068,U-ZA3MI7SUFAH4,2024-12-03,LANDSCAPING,2025-01-02,36.89,DISMISSED,2024-12-13
VL-SB3RVP29EHWP,CA-FL-00000068,U-Y3FKXN0396W3,2024-09-11,NOISE,2024-10-11,72.37,CURED,2024-10-11
VL-897RGVYVIN0H,CA-FL-00000068,U-T77YONPXKHHD,2024-05-01,ARCHITECTURAL,2024-05-31,53.74,CURED,2024-05-29
VL-P1S9ONMUXKLY,CA-FL-00000068,U-TKEESSGR09R1,2024-10-27,LANDSCAPING,2024-11-26,94.87,CURED,2024-11-29
VL-R5N2IMXDKFOK,CA-FL-00000068,U-O5NLQGZBMWG9,2024-04-23,NOISE,2024-05-23,42.18,DISMISSED,2024-05-22
VL-COQMGLMPDHAC,CA-FL-00000068,U-NWZABJKEYKUG,2025-06-20,NOISE,2025-07-20,143.5,CURED,2025-08-02
VL-Q6TMLHVG4Q9Y,CA-FL-00000068,U-W5ADAPV3GD0Q,2024-05-07,ARCHITECTURAL,2024-06-06,113.04,ESCALATED,
VL-33XT4P1CIOD7,CA-PA-00000069,U-BKDHYNHY86J5,2024-12-20,PARKING,2025-01-19,28.02,CURED,2025-01-29
VL-LF5CVB8TSNAL,CA-PA-00000069,U-MLSIP064NF6Y,2024-05-20,ARCHITECTURAL,2024-06-19,56.49,CURED,2024-06-22
VL-NNVCV1WSDTT4,CA-PA-00000069,U-WRXPUGWVJJ2X,2024-04-16,NOISE,2024-05-16,357.06,CURED,2024-05-22
VL-9189FLLXTC4W,CA-PA-00000069,U-T408OSLA789J,2024-02-09,PARKING,2024-03-10,159.13,FINED,
VL-8CMIRKX1V49Y,CA-PA-00000069,U-MV8J1A4K0ZAZ,2024-09-04,PET,2024-10-04,114.63,HEARING_SCHEDULED,
VL-DU0GX52CPZ33,CA-PA-00000069,U-2GVN3OOCMP4R,2024-03-08,OTHER,2024-04-07,382.23,CURED,2024-05-07
VL-GF8KLN7AU6FK,CA-PA-00000069,U-HV09AMPTOFUO,2025-03-09,LANDSCAPING,2025-04-08,176.39,OPEN,
VL-RRF83XQX7IXB,CA-PA-00000069,U-WRXPUGWVJJ2X,2025-06-05,NOISE,2025-07-05,53.32,HEARING_SCHEDULED,
VL-9GQY7U4LZU7H,CA-PA-00000069,U-HTYFMTO5J3ZE,2024-09-01,LANDSCAPING,2024-10-01,532.79,CURED,2024-09-27
VL-6Z14YZ8B39BZ,CA-PA-00000069,U-1M4VWRBNVTM3,2025-06-11,OTHER,2025-07-11,350.66,DISMISSED,2025-07-03
VL-HCTG9NY03T74,CA-PA-00000069,U-QKC5M77DNASV,2024-06-04,PARKING,2024-07-04,53.17,CURED,2024-07-09
VL-TFNBKHIJ26JH,CA-PA-00000069,U-0LA5T7WYV3ON,2025-05-10,LANDSCAPING,2025-06-09,214.01,DISMISSED,2025-07-03
VL-SKFV1O4A42RK,CA-PA-00000069,U-D0OLQFDT95B1,2024-12-10,LANDSCAPING,2025-01-09,88.92,CURED,2025-01-25
VL-3KB1W3J9QH8Z,CA-PA-00000069,U-J5GGT8J3AO8D,2024-02-04,ARCHITECTURAL,2024-03-05,47.64,CURED,2024-03-06
VL-STULUDOQP5H9,CA-PA-00000069,U-Y7E4C5PBU6P3,2025-02-02,ARCHITECTURAL,2025-03-04,151.35,CURED,2025-03-25
VL-UGFYQF9078VD,CA-CA-00000070,U-KL4Z29DLBT2L,2024-05-24,PARKING,2024-06-23,140.68,ESCALATED,
VL-RVWXBS6NYYIH,CA-CA-00000070,U-DT4NBE1VJARJ,2024-01-26,ARCHITECTURAL,2024-02-25,66.08,CURED,2024-03-15
VL-QFDIJ3EZ99YS,CA-CA-00000070,U-Q1HXGCFX3ND7,2025-01-25,PARKING,2025-02-24,55.94,DISMISSED,2025-03-07
VL-MJ889HBWGRTE,CA-CA-00000070,U-W0F3CSBUH0SV,2025-01-25,PARKING,2025-02-24,50.0,CURED,2025-02-13
VL-LBWZWGCCQVY7,CA-CA-00000070,U-M1XEOMKPY54A,2024-12-08,LANDSCAPING,2025-01-07,37.19,OPEN,
VL-LBG7D1GQAU65,CA-CA-00000070,U-SXJ2J4I9YMQD,2024-12-26,NOISE,2025-01-25,148.55,CURED,2025-01-27
VL-EBKXA6HMC0Z5,CA-CA-00000070,U-Q1HXGCFX3ND7,2024-07-13,PARKING,2024-08-12,25.04,CURED,2024-09-09
VL-6OJIIFZ28SM5,CA-FL-00000071,U-MZJZBKVSCHV1,2024-11-06,PET,2024-12-06,45.49,CURED,2024-12-08
VL-5PS8TFI4QKFK,CA-FL-00000071,U-D63YECM60DGD,2024-11-15,LANDSCAPING,2024-12-15,79.9,CURED,2024-12-19
VL-LIB0G3SRM1PD,CA-FL-00000071,U-KGIBEZ23D4B1,2025-06-15,TRASH,2025-07-15,87.91,CURED,2025-08-12
VL-2ZYC1QWNEVEO,CA-FL-00000071,U-TPGR68FQO0MP,2025-02-12,PET,2025-03-14,53.06,DISMISSED,2025-04-10
VL-JB3D4A0SMRWO,CA-FL-00000071,U-1G6LLECXPNGW,2024-03-17,LANDSCAPING,2024-04-16,97.79,CURED,2024-04-19
VL-AEO9O9S7EPDK,CA-FL-00000071,U-P8NKAZDP5GFI,2024-05-21,ARCHITECTURAL,2024-06-20,182.02,DISMISSED,2024-06-09
VL-SP3HAN50XSOX,CA-FL-00000071,U-16OAHNMOQDP3,2025-03-07,LANDSCAPING,2025-04-06,90.17,CURED,2025-03-30
VL-HUQ3L68Q63QH,CA-FL-00000071,U-J9UI8NNPVG91,2024-04-26,PET,2024-05-26,57.81,FINED,
VL-7LYEKPCZU3LV,CA-FL-00000071,U-A0CMYZZJOKJL,2024-02-14,NOISE,2024-03-15,60.63,CURED,2024-03-01
VL-E1ZM9WZDVQF4,CA-CA-00000072,U-GJE81DQE8UPI,2024-02-27,ARCHITECTURAL,2024-03-28,56.41,CURED,2024-03-23
VL-K3T0BYPEK1VW,CA-CA-00000072,U-S6RAVAFIVAQ9,2025-01-19,LANDSCAPING,2025-02-18,100.19,FINED,
VL-HEH4DPZ7CZHN,CA-CA-00000072,U-957K4VB2QKH2,2025-06-22,TRASH,2025-07-22,218.52,DISMISSED,2025-07-26
VL-LSBOV4ZSUZXT,CA-CA-00000072,U-BNKJZS92LOBM,2025-05-06,TRASH,2025-06-05,63.91,DISMISSED,2025-06-27
VL-AS6WVA8UJ40G,CA-CA-00000072,U-JH1Y3ME3CB2J,2024-10-19,PARKING,2024-11-18,52.27,ESCALATED,
VL-Q6WII08FJ5O7,CA-CA-00000072,U-EFS17CSO2HBR,2024-08-06,ARCHITECTURAL,2024-09-05,364.16,DISMISSED,2024-09-29
VL-VEXZBXETNEC3,CA-CA-00000072,U-YI60Q75TFLWE,2025-01-04,OTHER,2025-02-03,192.56,CURED,2025-02-08
VL-4TV3TGLGFI0D,CA-CA-00000072,U-ABA6ZCUKPLPM,2024-03-01,PARKING,2024-03-31,14.14,HEARING_SCHEDULED,
VL-D7D5EO9RQKSD,CA-CA-00000072,U-580K5WWCGIG0,2024-06-09,PARKING,2024-07-09,195.31,CURED,2024-08-01
VL-U5MMZUTBIM52,CA-CA-00000072,U-VKC4GSY7VH1Y,2024-06-11,PARKING,2024-07-11,46.13,CURED,2024-07-07
VL-T4Y6X4SBBW0C,CA-CA-00000072,U-G97P4BR2FXV8,2024-12-02,ARCHITECTURAL,2025-01-01,169.67,DISMISSED,2025-01-08
VL-QVENF75UNWJN,CA-CA-00000072,U-DEU7W097SCJ6,2024-07-27,OTHER,2024-08-26,93.11,CURED,2024-09-08
VL-C3QG2MER7QIX,CA-CA-00000072,U-IM2QZZJZ4XEM,2024-07-20,TRASH,2024-08-19,500.25,DISMISSED,2024-09-11
VL-YKPRY9MC42US,CA-CA-00000072,U-TF1WZ4LDHTB7,2024-12-03,PET,2025-01-02,185.73,DISMISSED,2025-01-22
VL-A4D708E2ETLL,CA-CA-00000072,U-1YZ70RDYTQG1,2024-11-21,OTHER,2024-12-21,182.5,CURED,2024-12-13
VL-0MK94Y9Z7SQA,CA-CA-00000072,U-X6TUKXNK47SL,2024-07-05,PARKING,2024-08-04,111.25,CURED,2024-07-16
VL-JZ17YVHT6QDQ,CA-CA-00000072,U-JSRIFVOESCAE,2025-05-14,PARKING,2025-06-13,99.61,FINED,
VL-JSYRBI8LKVUY,CA-CA-00000072,U-RYP7ZZ3F8CG2,2024-12-30,PARKING,2025-01-29,169.35,CURED,2025-01-12
VL-0MHSYVQ8RTWF,CA-CA-00000072,U-GA6RPKI9TO9H,2025-03-26,PARKING,2025-04-25,75.63,DISMISSED,2025-05-05
VL-3GE2DH3KX7IC,CA-CA-00000072,U-HRL06AJS6FT3,2024-11-14,NOISE,2024-12-14,74.86,CURED,2024-12-10
VL-U7XI5UEFIMI6,CA-CA-00000072,U-BNKJZS92LOBM,2024-12-07,OTHER,2025-01-06,79.71,CURED,2024-12-26
VL-7D1PIWGK1YTM,CA-CA-00000072,U-G97P4BR2FXV8,2024-08-20,PARKING,2024-09-19,82.61,CURED,2024-09-23
VL-8A7ZWVKWBNB0,CA-CA-00000072,U-TI909N78P0TW,2024-05-29,LANDSCAPING,2024-06-28,231.25,DISMISSED,2024-07-04
VL-UU33NPYPIAMD,CA-CA-00000072,U-VOX6SO2D0CFI,2024-11-09,LANDSCAPING,2024-12-09,138.7,DISMISSED,2024-12-13
VL-9NRUTGP12YWZ,CA-CA-00000072,U-1YZ70RDYTQG1,2024-08-22,PARKING,2024-09-21,176.23,CURED,2024-10-05
VL-XJ4PP0SXEFMY,CA-CA-00000072,U-91QJHDDXCY5U,2024-07-07,PARKING,2024-08-06,164.9,CURED,2024-07-24
VL-EA2AM2FC2AIH,CA-CA-00000072,U-T4CW8TAQ54NE,2024-11-13,NOISE,2024-12-13,53.92,ESCALATED,
VL-CE0VLTQP7Y7H,CA-CA-00000072,U-KP8IXASGYBJ0,2025-06-19,PARKING,2025-07-19,319.84,CURED,2025-07-18
VL-DH9EKMN87591,CA-CA-00000072,U-9N6CXEFOJHOF,2024-07-02,ARCHITECTURAL,2024-08-01,139.07,DISMISSED,2024-08-21
VL-KWFRLFFLKIMS,CA-FL-00000073,U-0FN17YGFQNR6,2025-06-19,PARKING,2025-07-19,35.85,CURED,2025-07-22
VL-P24ZFCONWFB1,CA-FL-00000073,U-8OO99ZXPARW8,2025-03-10,ARCHITECTURAL,2025-04-09,50.72,CURED,2025-04-06
VL-JE546YL71TUP,CA-FL-00000073,U-G18PN8LCRCM4,2025-03-12,PARKING,2025-04-11,134.0,DISMISSED,2025-05-07
VL-A9GB3EL821T2,CA-FL-00000073,U-3KRA7XZUY84O,2025-06-13,NOISE,2025-07-13,70.85,CURED,2025-07-15
VL-76YEVO0U9C82,CA-FL-00000073,U-W22Z0SD0Z7K6,2025-01-19,LANDSCAPING,2025-02-18,159.76,DISMISSED,2025-03-16
VL-DGWTWYW19EXM,CA-FL-00000073,U-9QEBP9DUTNUJ,2024-10-24,PARKING,2024-11-23,28.47,ESCALATED,
VL-AL2XN71082A7,CA-FL-00000074,U-XRWJK9QZ6O1R,2024-11-25,OTHER,2024-12-25,92.3,DISMISSED,2025-01-21
VL-I7KYNGHA7FXH,CA-FL-00000074,U-HA6F70RTCVYE,2025-03-07,NOISE,2025-04-06,142.07,CURED,2025-05-06
VL-BT3H5J00RWZV,CA-FL-00000074,U-75YJF6J2TQWO,2024-03-07,LANDSCAPING,2024-04-06,64.34,DISMISSED,2024-04-29
VL-FHP7QJIZ8MVU,CA-FL-00000074,U-5THPGCYZO648,2024-04-04,ARCHITECTURAL,2024-05-04,50.88,CURED,2024-05-23
VL-R9KRACHWRVWF,CA-FL-00000074,U-R0UPP3FLC0ZO,2024-03-03,LANDSCAPING,2024-04-02,189.99,DISMISSED,2024-05-02
VL-6TFHTL8DAQM3,CA-FL-00000074,U-QYCVF7JMYIRM,2024-10-03,NOISE,2024-11-02,78.72,DISMISSED,2024-12-02
VL-4SJME5UMKZ8E,CA-FL-00000074,U-ZBBGB2Q40WED,2025-06-19,LANDSCAPING,2025-07-19,221.66,DISMISSED,2025-07-25
VL-4VD5ZG0LMVZX,CA-FL-00000074,U-FS3WAP6XXP5I,2025-03-01,PARKING,2025-03-31,139.41,DISMISSED,2025-03-19
VL-CKNPYN04KRED,CA-FL-00000074,U-01ZLZWDGBHDC,2024-06-08,ARCHITECTURAL,2024-07-08,73.94,CURED,2024-07-02
VL-0Z0C45T15YT7,CA-CA-00000075,U-05WDNLD6ARW4,2024-10-30,TRASH,2024-11-29,105.79,CURED,2024-12-18
VL-SOY2PSTCI0MS,CA-CA-00000075,U-JDO7P4HI8MC0,2024-04-17,TRASH,2024-05-17,118.89,CURED,2024-04-28
VL-UK6QHRCZXTUN,CA-AZ-00000076,U-D7186PMD2Q4D,2025-04-20,LANDSCAPING,2025-05-20,82.28,DISMISSED,2025-05-20
VL-95AFT47RBY7P,CA-AZ-00000076,U-N6SERYSVICSM,2024-06-10,TRASH,2024-07-10,22.65,DISMISSED,2024-08-06
VL-ZZ7IV2MCTYC7,CA-AZ-00000076,U-X8VG6FL0RKGX,2024-12-30,LANDSCAPING,2025-01-29,109.53,CURED,2025-02-15
VL-4RBGQ7HQMS1U,CA-AZ-00000076,U-1DOMSXJZHO89,2024-08-21,PARKING,2024-09-20,96.54,CURED,2024-09-13
VL-LSUZL5QPKX01,CA-AZ-00000076,U-JEDV3L2AF0YV,2024-01-11,PARKING,2024-02-10,44.32,DISMISSED,2024-02-01
VL-WHXX3T89VPNO,CA-AZ-00000076,U-4VUN59M1RE3L,2025-01-03,ARCHITECTURAL,2025-02-02,73.58,OPEN,
VL-UYBO1DIXCH8B,CA-AZ-00000076,U-VQ2Q6YHABG09,2025-05-22,ARCHITECTURAL,2025-06-21,388.24,CURED,2025-07-03
VL-RRRMVD6UDKAV,CA-AZ-00000076,U-JWM5THV1D12C,2024-08-26,PARKING,2024-09-25,73.41,DISMISSED,2024-10-25
VL-B29B3BQ4FNGZ,CA-AZ-00000076,U-BO9EOSNP8DCW,2025-06-13,NOISE,2025-07-13,34.75,CURED,2025-07-22
VL-USUOEPQSK5OY,CA-AZ-00000076,U-QL586TE6CZRK,2025-05-02,ARCHITECTURAL,2025-06-01,166.91,HEARING_SCHEDULED,
VL-AHJ0XH4LEB5E,CA-AZ-00000076,U-ACFV6MPM3LW8,2024-08-11,NOISE,2024-09-10,17.73,CURED,2024-10-07
VL-1DIUERF5Q7WJ,CA-AZ-00000076,U-TVZ7MJJL1ZC4,2025-04-01,ARCHITECTURAL,2025-05-01,103.52,HEARING_SCHEDULED,
VL-EPHRWX7USPLA,CA-AZ-00000076,U-5QR4FFO678E9,2025-02-22,PARKING,2025-03-24,34.58,CURED,2025-04-20
VL-91RE6YCKZA5X,CA-AZ-00000076,U-JEDV3L2AF0YV,2025-04-12,TRASH,2025-05-12,219.48,CURED,2025-05-15
VL-Q3W3AMYTELAT,CA-AZ-00000076,U-HWQ1UIAJQBIA,2025-02-14,NOISE,2025-03-16,52.03,HEARING_SCHEDULED,
VL-7GXPJ68LN5LK,CA-AZ-00000076,U-9AFEE3SPX0TP,2024-04-02,PARKING,2024-05-02,115.56,DISMISSED,2024-05-12
VL-V0CYB6IBBSZI,CA-CA-00000077,U-OS8IM3OLN5W7,2024-05-06,NOISE,2024-06-05,66.74,CURED,2024-06-26
VL-ZSCQUZ481F4V,CA-CA-00000077,U-OS8IM3OLN5W7,2025-02-13,PARKING,2025-03-15,105.75,ESCALATED,
VL-CBO1TYUOHJL3,CA-CA-00000077,U-EMTK811SKAE3,2024-03-11,LANDSCAPING,2024-04-10,34.2,CURED,2024-04-06
VL-7E3GV54ZDICV,CA-CA-00000077,U-JAIZQPSRVHVC,2025-02-01,TRASH,2025-03-03,40.79,DISMISSED,2025-02-16
VL-KKECY59D4PPC,CA-CA-00000077,U-C2R4KED1I969,2024-04-23,NOISE,2024-05-23,87.44,CURED,2024-06-15
VL-5FQA8EONB6ZM,CA-CA-00000077,U-ZPQV6UU2BWQN,2024-09-22,ARCHITECTURAL,2024-10-22,31.64,HEARING_SCHEDULED,
VL-I8IQ1GAEHSIW,CA-CA-00000077,U-ICKYDVITEQIK,2025-02-18,PET,2025-03-20,52.97,ESCALATED,
VL-3ZP1PWP4NVZR,CA-CA-00000078,U-8EV4EQVRZC2G,2025-01-22,TRASH,2025-02-21,164.76,DISMISSED,2025-02-03
VL-6GMV9H4WNRX2,CA-CA-00000078,U-4NI1054C40IR,2024-05-31,PARKING,2024-06-30,170.8,CURED,2024-07-23
VL-INW7QXUO3E5J,CA-CA-00000078,U-FCSOR34CUHZC,2024-07-16,LANDSCAPING,2024-08-15,64.23,CURED,2024-08-15
VL-T13GFYO8R5E5,CA-CA-00000078,U-34WID6ZLSNV0,2024-04-18,TRASH,2024-05-18,83.1,CURED,2024-05-22
VL-HLITG1AOPC1H,CA-CA-00000078,U-7QC8C2K8XLWN,2024-09-17,TRASH,2024-10-17,212.79,DISMISSED,2024-11-11
VL-THA0XO2PAQY4,CA-CA-00000078,U-82AFUXAMOI74,2025-02-04,TRASH,2025-03-06,58.79,CURED,2025-03-19
VL-GFFANDS5GFF1,CA-CA-00000078,U-4NI1054C40IR,2024-09-25,LANDSCAPING,2024-10-25,127.61,CURED,2024-10-14
VL-NUZP9ITMNCPL,CA-CA-00000078,U-C5K07XPB5M10,2025-04-04,ARCHITECTURAL,2025-05-04,137.7,OPEN,
VL-41VTDHNBLOPA,CA-CA-00000078,U-FCSOR34CUHZC,2024-10-25,LANDSCAPING,2024-11-24,238.45,CURED,2024-12-07
VL-55S5JG3EXLB7,CA-FL-00000079,U-FWXEJ5MHWWQX,2024-03-28,ARCHITECTURAL,2024-04-27,102.06,CURED,2024-05-18
VL-T0O7I6ZQ8EXZ,CA-FL-00000079,U-HR92NU5VT8LN,2025-02-01,PET,2025-03-03,90.62,DISMISSED,2025-02-23
VL-LJ4G7486E0Q0,CA-FL-00000079,U-AGIWZ9U2OP4U,2024-06-29,LANDSCAPING,2024-07-29,191.04,CURED,2024-08-28
VL-V4M9V8QY5ZNE,CA-FL-00000079,U-BV8NI1GEXV6R,2025-05-14,LANDSCAPING,2025-06-13,141.06,DISMISSED,2025-06-12
VL-KNAH6GK1NY60,CA-FL-00000079,U-O201U6K5YQ8O,2024-06-20,PARKING,2024-07-20,69.48,CURED,2024-08-11
VL-WJT3UYF1XOTY,CA-FL-00000079,U-KUVDI0IRVO9M,2024-09-06,ARCHITECTURAL,2024-10-06,27.05,CURED,2024-10-08
VL-BHBQSGVRVDLD,CA-FL-00000079,U-XO76ZZ5NUOTR,2024-12-05,NOISE,2025-01-04,54.99,ESCALATED,
VL-75ZWGDQV647E,CA-FL-00000079,U-KKSM55ECAR0C,2025-03-04,LANDSCAPING,2025-04-03,197.99,FINED,
VL-GSDBHQ60K6FU,CA-FL-00000079,U-44QXU34R3RKH,2025-04-09,ARCHITECTURAL,2025-05-09,172.19,CURED,2025-05-25
VL-IPM5WX0S4LCS,CA-FL-00000079,U-XQ3CDNYY15PD,2024-12-23,NOISE,2025-01-22,121.48,ESCALATED,
VL-KRY4I8DTAOIR,CA-FL-00000079,U-C9BLND4YYY1O,2024-08-21,NOISE,2024-09-20,97.45,HEARING_SCHEDULED,
VL-VWNRP2UOYIFQ,CA-FL-00000079,U-K7I8Y3MHTWHN,2024-04-21,NOISE,2024-05-21,50.46,HEARING_SCHEDULED,
VL-NEWJF149KC0X,CA-TX-00000080,U-4XPCZ07AHCZK,2024-01-18,PET,2024-02-17,159.43,CURED,2024-03-16
VL-G91IHMWVB97N,CA-TX-00000080,U-U5MPJKC9STET,2025-03-19,PARKING,2025-04-18,27.52,CURED,2025-04-27
VL-MNMDUIYTKV6Y,CA-PA-00000081,U-EZ2E8QKU7ZEU,2024-05-10,NOISE,2024-06-09,156.74,HEARING_SCHEDULED,
VL-DSST91085DE4,CA-PA-00000081,U-E05LVPF7J5OL,2025-01-07,PARKING,2025-02-06,112.15,CURED,2025-03-02
VL-OO2NQC8EP7YK,CA-PA-00000081,U-CE5903KLTD3Y,2024-06-07,PARKING,2024-07-07,250.13,DISMISSED,2024-06-24
VL-8LK7KI27FT4G,CA-PA-00000081,U-ZRX9QRSNEY0E,2024-03-01,PET,2024-03-31,90.73,CURED,2024-04-30
VL-D0WPGFS3F5QF,CA-PA-00000081,U-9IHNB2ZF1YHC,2024-04-12,PARKING,2024-05-12,29.15,DISMISSED,2024-04-25
VL-V9PIWQRZNETH,CA-PA-00000081,U-E05LVPF7J5OL,2024-09-27,LANDSCAPING,2024-10-27,50.16,OPEN,
VL-QC5A791XF479,CA-NY-00000082,U-1FE2RS42GPBN,2024-05-14,PARKING,2024-06-13,61.06,CURED,2024-06-26
VL-LHVNSMCWCPD3,CA-NY-00000082,U-FA5RQ8K98Y27,2024-06-29,TRASH,2024-07-29,550.99,OPEN,
VL-1K3DCR72J1SE,CA-NY-00000082,U-2ZMIGFIE5D6K,2024-09-13,ARCHITECTURAL,2024-10-13,53.5,CURED,2024-10-22
VL-SYGHG1W7J61W,CA-NY-00000082,U-UEYREHKX6FYK,2024-09-11,LANDSCAPING,2024-10-11,200.52,DISMISSED,2024-09-24
VL-GY5033EPTLXE,CA-NY-00000082,U-UEYREHKX6FYK,2024-06-23,ARCHITECTURAL,2024-07-23,86.7,DISMISSED,2024-08-18
VL-S0M91L78P2OO,CA-NY-00000082,U-EGCJZJ7SJOM2,2024-08-31,ARCHITECTURAL,2024-09-30,65.41,FINED,
VL-X1713X5TKQ7P,CA-NY-00000082,U-3WO2Q66BZAD1,2025-01-09,OTHER,2025-02-08,175.21,CURED,2025-02-14
VL-FG35G539GPIX,CA-NY-00000082,U-IHPYXKE2ZYEK,2024-06-06,ARCHITECTURAL,2024-07-06,59.74,DISMISSED,2024-07-24
VL-HMJS4BFMKK5N,CA-NY-00000082,U-TLLEACNLMG9R,2025-02-20,NOISE,2025-03-22,277.23,FINED,
VL-IWOM2S7VVQXO,CA-CA-00000083,U-SHO8R3PXC4QD,2025-02-02,LANDSCAPING,2025-03-04,42.19,HEARING_SCHEDULED,
VL-DEUZ9F6B3AV1,CA-CA-00000083,U-Y4VBZUJ1IAHB,2025-05-19,PARKING,2025-06-18,210.09,ESCALATED,
VL-RKTIA4096CNK,CA-CA-00000083,U-YQ2ZWA6Y1NAX,2024-07-12,TRASH,2024-08-11,48.56,CURED,2024-08-15
VL-9Z5TUL4ZL1TB,CA-CA-00000083,U-Y4VBZUJ1IAHB,2025-06-02,NOISE,2025-07-02,113.82,CURED,2025-07-21
VL-AFSGVHDTQ5RU,CA-CA-00000083,U-GUQGTUMP1LMC,2024-12-07,PET,2025-01-06,69.03,CURED,2024-12-17
VL-0FY2QJZR6JN0,CA-CA-00000083,U-CGXHUDRZFP9S,2024-05-30,PARKING,2024-06-29,213.95,DISMISSED,2024-07-10
VL-BYMNN16741JS,CA-CA-00000083,U-SHC98250AZ7L,2025-02-11,ARCHITECTURAL,2025-03-13,82.7,CURED,2025-03-31
VL-Q8FF173PFDG6,CA-CA-00000083,U-T3ZTMBON24M3,2024-11-21,NOISE,2024-12-21,71.11,CURED,2024-12-10
VL-6D7KJ32MSSFJ,CA-CA-00000083,U-EHC8I7B15TRZ,2025-06-23,ARCHITECTURAL,2025-07-23,98.14,HEARING_SCHEDULED,
VL-XSWA7S6YAR55,CA-AZ-00000084,U-BRIXYWZ6DTVL,2024-05-19,TRASH,2024-06-18,152.39,DISMISSED,2024-06-07
VL-TGB1QMGFL9GI,CA-AZ-00000084,U-8I9K5B3AK33M,2024-09-27,ARCHITECTURAL,2024-10-27,163.74,CURED,2024-11-10
VL-9XETUIH5770F,CA-AZ-00000084,U-XKJTAVLVXS3X,2024-08-11,PARKING,2024-09-10,68.84,FINED,
VL-27S0GRDCQUZY,CA-AZ-00000084,U-BRIXYWZ6DTVL,2024-10-29,PARKING,2024-11-28,72.0,DISMISSED,2024-12-22
VL-5G2FPESQMSO4,CA-AZ-00000084,U-P1BY6VKXNMT3,2024-12-02,PARKING,2025-01-01,33.11,CURED,2024-12-16
VL-IKGY6KJMMRVH,CA-WA-00000085,U-XTLX06Y9DT3I,2025-02-17,ARCHITECTURAL,2025-03-19,46.88,DISMISSED,2025-04-03
VL-VFBCYJSH8ELW,CA-WA-00000085,U-62AIAN1B9DYQ,2024-05-07,TRASH,2024-06-06,21.59,HEARING_SCHEDULED,
VL-EKGI5X2FY6GF,CA-WA-00000085,U-JOTWU2MYD15I,2024-04-01,ARCHITECTURAL,2024-05-01,134.82,ESCALATED,
VL-VA3H7TOIQD5R,CA-WA-00000085,U-62AIAN1B9DYQ,2024-08-15,ARCHITECTURAL,2024-09-14,101.47,HEARING_SCHEDULED,
VL-26T7Y3BKFDFF,CA-WA-00000085,U-THVYXM2R1MYG,2025-02-12,PARKING,2025-03-14,85.68,ESCALATED,
VL-T7U4BWH1WW3V,CA-WA-00000085,U-ZIJ7Q7GS3TAA,2025-05-06,ARCHITECTURAL,2025-06-05,44.81,HEARING_SCHEDULED,
VL-8YIUM7O9PZIF,CA-FL-00000086,U-UCA57FS87Q0V,2024-08-23,ARCHITECTURAL,2024-09-22,56.42,FINED,
VL-1P0KXTC4DD7Q,CA-FL-00000086,U-3RY6MXT7E818,2024-10-14,PARKING,2024-11-13,282.01,OPEN,
VL-SW86596ODPNP,CA-FL-00000086,U-N7UGD6B16IK4,2024-12-30,PARKING,2025-01-29,42.73,CURED,2025-02-05
VL-OBN52VIIWU3B,CA-FL-00000086,U-L1JRLCBNWM6Y,2024-10-27,PARKING,2024-11-26,55.17,CURED,2024-12-05
VL-DD40BL3VNPQ5,CA-FL-00000086,U-H09WWL1J1KXC,2024-01-25,LANDSCAPING,2024-02-24,104.02,CURED,2024-03-03
VL-LXR3BME7OXGJ,CA-WA-00000087,U-CJ2MTUODY30R,2025-01-18,TRASH,2025-02-17,419.86,DISMISSED,2025-03-13
VL-SNL3YZTN6Z04,CA-WA-00000087,U-0QCPSTHERGBY,2024-11-05,PARKING,2024-12-05,170.05,DISMISSED,2024-12-10
VL-NDA354XTYXVM,CA-WA-00000087,U-2D3K661H7WPV,2025-03-08,LANDSCAPING,2025-04-07,209.76,FINED,
VL-0JMI1B5EVLV3,CA-WA-00000087,U-EMRA9GJKF6OZ,2025-04-08,PARKING,2025-05-08,101.15,CURED,2025-06-07
VL-545D3U23KWP8,CA-WA-00000087,U-E10HA16XAWEL,2024-12-27,LANDSCAPING,2025-01-26,44.94,FINED,
VL-FR6F7HL7F01I,CA-WA-00000087,U-2VGPMU5179RF,2024-09-11,NOISE,2024-10-11,5.31,CURED,2024-10-18
VL-OSWP5VHXRX4C,CA-WA-00000087,U-23LURZ41EGJY,2024-03-06,ARCHITECTURAL,2024-04-05,109.17,FINED,
VL-QJPODBK6QOPW,CA-WA-00000087,U-VHSRT6JC1F52,2024-08-09,ARCHITECTURAL,2024-09-08,376.73,DISMISSED,2024-09-11
VL-LGR7WL8F6DXU,CA-WA-00000087,U-UTM4GVVSDZAH,2024-11-24,ARCHITECTURAL,2024-12-24,67.34,DISMISSED,2024-12-18
VL-NUSJ8OVP2UR8,CA-WA-00000087,U-2ZCHS31GVVY0,2025-05-24,LANDSCAPING,2025-06-23,35.47,HEARING_SCHEDULED,
VL-HWSS0KXL3L5M,CA-WA-00000087,U-6SZSP271HESS,2024-03-20,TRASH,2024-04-19,42.11,FINED,
VL-H7799OAGN5XK,CA-WA-00000087,U-SCMQCNEQCEPT,2024-09-02,NOISE,2024-10-02,33.74,CURED,2024-09-17
VL-BDB3JQ744C2D,CA-WA-00000087,U-KXZAPWW8H5IO,2025-03-22,NOISE,2025-04-21,86.19,FINED,
VL-7VX52KYVMGPJ,CA-WA-00000087,U-WGD7IWW7X7CO,2025-03-18,LANDSCAPING,2025-04-17,95.33,CURED,2025-04-20
VL-JA38G8I3WBFZ,CA-WA-00000087,U-TKR79U2C3WUZ,2025-05-11,TRASH,2025-06-10,133.49,CURED,2025-05-30
VL-KHGONVBZ1EP8,CA-WA-00000087,U-84J3YRLR0AC3,2024-06-10,ARCHITECTURAL,2024-07-10,48.56,OPEN,
VL-8KK1TZLEIZNJ,CA-VA-00000088,U-KGBMJE9HH5GY,2025-06-03,LANDSCAPING,2025-07-03,36.33,DISMISSED,2025-07-26
VL-ARLK0QF0G5UW,CA-VA-00000088,U-RWTEEOX393ZI,2024-04-18,LANDSCAPING,2024-05-18,72.31,OPEN,
VL-MHI267W3M8LZ,CA-VA-00000088,U-4W77A79F39H1,2025-01-04,NOISE,2025-02-03,80.02,OPEN,
VL-6YZCESFIPA35,CA-VA-00000088,U-5S0IPLWRTHFH,2024-12-08,PARKING,2025-01-07,54.61,HEARING_SCHEDULED,
VL-LLCQRE25CQU8,CA-VA-00000088,U-VWIDV8Y8MD0M,2025-03-16,ARCHITECTURAL,2025-04-15,66.59,CURED,2025-04-08
VL-MPAXB3KNJRUP,CA-VA-00000088,U-7UG5QIGF62MD,2024-03-06,ARCHITECTURAL,2024-04-05,101.56,HEARING_SCHEDULED,
VL-7IQP547D2UJN,CA-VA-00000088,U-MZA667PPXQXB,2024-06-20,OTHER,2024-07-20,296.15,HEARING_SCHEDULED,
VL-EG4GEAORKKZ8,CA-VA-00000088,U-KGBMJE9HH5GY,2024-07-13,PARKING,2024-08-12,164.41,DISMISSED,2024-09-11
VL-6CF1S6TNXHDC,CA-VA-00000088,U-7T8T6RIEZGI6,2025-01-14,PET,2025-02-13,100.62,DISMISSED,2025-02-22
VL-MY32ZOHEXGKN,CA-OH-00000089,U-UXXRGAFZNTV6,2024-11-22,PARKING,2024-12-22,67.83,FINED,
VL-5KINXAPDOHKY,CA-OH-00000089,U-8EGQVKN64CL4,2024-07-21,LANDSCAPING,2024-08-20,39.41,HEARING_SCHEDULED,
VL-FISZIVCKAZUL,CA-OH-00000089,U-XHRAURHD91W3,2024-03-23,LANDSCAPING,2024-04-22,216.43,CURED,2024-05-18
VL-3EIJR43HUVTK,CA-OH-00000089,U-PVRZ3RMME7D3,2024-07-14,NOISE,2024-08-13,173.55,DISMISSED,2024-08-30
VL-1ZBPNCGJBGG8,CA-OH-00000089,U-YH75EZM5C2W7,2025-02-25,LANDSCAPING,2025-03-27,66.89,CURED,2025-04-23
VL-HS3BX0MSXP0C,CA-OH-00000089,U-HMPA5M21JYGH,2024-03-22,TRASH,2024-04-21,81.7,DISMISSED,2024-04-29
VL-6P4TNPQTN1SF,CA-OH-00000089,U-IIHEFOG5WJ60,2024-08-07,PARKING,2024-09-06,349.84,CURED,2024-09-04
VL-KCOEYMWXCIRR,CA-OH-00000089,U-RRJW2JY564CL,2024-09-04,PET,2024-10-04,100.65,DISMISSED,2024-10-20
VL-MJ4YUYB04AAJ,CA-TX-00000090,U-I3PY2YLAMVGH,2024-04-03,PET,2024-05-03,55.3,OPEN,
VL-STVGJCGD1C62,CA-TX-00000090,U-G2R6HY94YSF4,2024-10-21,PARKING,2024-11-20,22.7,DISMISSED,2024-12-06
VL-YG1X8QBG48NA,CA-TX-00000090,U-55ZORXMOM5ZX,2025-01-16,NOISE,2025-02-15,55.16,CURED,2025-03-07
VL-QFRRVM55AVGZ,CA-TX-00000090,U-CMH35WTCM2TB,2024-01-07,NOISE,2024-02-06,54.59,DISMISSED,2024-02-14
VL-KZD2PZ57D5S1,CA-TX-00000090,U-MNWG0N8C71X0,2024-04-08,OTHER,2024-05-08,186.26,DISMISSED,2024-04-20
VL-4O3ILDLQG04T,CA-TX-00000090,U-P4E051BSAIED,2025-06-04,ARCHITECTURAL,2025-07-04,51.17,CURED,2025-07-06
VL-7VWAM9SQ0DMU,CA-TX-00000090,U-JYW9M5REOOCO,2024-04-07,OTHER,2024-05-07,62.44,CURED,2024-05-24
VL-UOC5FEK7YIJX,CA-TX-00000090,U-ZO1UFS2UTKR4,2024-04-20,NOISE,2024-05-20,102.41,DISMISSED,2024-05-14
VL-ZE72QWW7LMNY,CA-TX-00000090,U-4XD3JQ2N4QC5,2025-05-13,PARKING,2025-06-12,102.01,CURED,2025-07-10
VL-1MVWDS2X3U88,CA-TX-00000090,U-C5ZG83RX5LFZ,2025-04-14,PET,2025-05-14,69.73,CURED,2025-05-06
VL-6ERYAM3AYB0Y,CA-TX-00000090,U-G602DFFYFWT0,2025-03-12,ARCHITECTURAL,2025-04-11,53.8,DISMISSED,2025-04-12
VL-A7L3YHJO3HLT,CA-TX-00000090,U-TPMW9MGQP8XT,2025-04-04,OTHER,2025-05-04,230.91,ESCALATED,
VL-JKID20GP4A7E,CA-TX-00000090,U-55ZORXMOM5ZX,2024-04-15,NOISE,2024-05-15,92.16,CURED,2024-04-30
VL-2C8P8RWFBS7W,CA-TX-00000090,U-3IBDYCIBB0TV,2024-10-22,NOISE,2024-11-21,63.75,CURED,2024-11-21
VL-64MD33HXPV5Q,CA-TX-00000090,U-25GXQTKN8FI1,2024-07-16,NOISE,2024-08-15,41.25,HEARING_SCHEDULED,
VL-9WGPCH7HEMDE,CA-TX-00000090,U-8LXTJMTH81AV,2024-07-28,PARKING,2024-08-27,50.45,OPEN,
VL-PNNRY70RIBJM,CA-NC-00000091,U-XDYURMF5RCTH,2024-09-05,TRASH,2024-10-05,516.13,DISMISSED,2024-09-19
VL-QR8RQEA3LX78,CA-NC-00000091,U-2QRUTUH3PQPQ,2025-03-28,NOISE,2025-04-27,196.62,CURED,2025-05-25
VL-7MJL0T7MYI24,CA-NC-00000091,U-W7TRVDR9XKB0,2025-06-12,ARCHITECTURAL,2025-07-12,45.19,DISMISSED,2025-07-14
VL-IMNMDNSAIRMO,CA-NC-00000091,U-NNGO4JH7847M,2024-09-12,PARKING,2024-10-12,76.6,DISMISSED,2024-10-10
VL-2XC49UGNVS5R,CA-NC-00000091,U-YTW7EGA0AZYH,2025-04-25,NOISE,2025-05-25,183.12,CURED,2025-06-23
VL-9JPVSP3L0H9J,CA-NC-00000091,U-WLFB6EDRMBN3,2024-05-04,TRASH,2024-06-03,39.19,CURED,2024-05-24
VL-3H956RXP3WU8,CA-NC-00000091,U-6GXUWTC6OK3V,2025-03-08,PET,2025-04-07,127.74,ESCALATED,
VL-VGWXQY7RLIJY,CA-NC-00000092,U-HM54SNEPZA6Z,2025-04-17,PARKING,2025-05-17,109.23,CURED,2025-05-04
VL-HJ88TX34RTOO,CA-NC-00000092,U-0XCMXG0FWZ7F,2024-02-28,PARKING,2024-03-29,218.2,DISMISSED,2024-03-25
VL-08FZNBH9HDM0,CA-NC-00000092,U-BLZ6YAMLRTRK,2025-05-02,PET,2025-06-01,156.77,ESCALATED,
VL-CKHLF51O3CWN,CA-NC-00000092,U-WL8VVQDM6MI4,2024-02-21,PARKING,2024-03-22,61.77,CURED,2024-03-09
VL-GUUQXYZLDWI5,CA-NC-00000092,U-HCVQVX4MR98Y,2025-01-04,TRASH,2025-02-03,183.17,DISMISSED,2025-01-31
VL-9886EZ5I1YN8,CA-NC-00000092,U-DQ6FBWCFX6K9,2024-10-03,PET,2024-11-02,43.75,FINED,
VL-FTEO3KDJGYBR,CA-NC-00000092,U-4ML4FIVJ3XOD,2024-05-07,ARCHITECTURAL,2024-06-06,147.97,CURED,2024-06-22
VL-03JEJNE8T4RY,CA-NC-00000092,U-DQ6FBWCFX6K9,2024-08-19,PARKING,2024-09-18,15.75,CURED,2024-09-02
VL-UR1MX7NDEIT3,CA-NC-00000092,U-OV7ZRS6PBCKR,2024-01-14,TRASH,2024-02-13,82.25,CURED,2024-03-11
VL-DUDHVZQ2A116,CA-FL-00000093,U-1YDO80N51EKJ,2025-04-18,TRASH,2025-05-18,63.43,CURED,2025-05-12
VL-8HM5GMFHLH25,CA-FL-00000093,U-W8CPSLMVPUJQ,2024-08-27,PARKING,2024-09-26,208.02,CURED,2024-09-15
VL-F3Y117QT7ELB,CA-FL-00000093,U-YGA6XB51S28P,2024-03-05,PARKING,2024-04-04,102.47,CURED,2024-05-02
VL-IM2A1J4E52IN,CA-FL-00000093,U-DCOH5WYZMO4C,2024-03-08,OTHER,2024-04-07,58.75,CURED,2024-04-27
VL-JWX2J09968IA,CA-TX-00000094,U-9QLNUV5LNGC6,2025-02-15,ARCHITECTURAL,2025-03-17,56.77,DISMISSED,2025-04-01
VL-389GUEVCUNVR,CA-TX-00000094,U-2PUV0T0A50LT,2025-01-26,NOISE,2025-02-25,36.9,CURED,2025-03-09
VL-JIYU6XRU44PA,CA-TX-00000094,U-Q6GHO36AP0H9,2024-10-05,NOISE,2024-11-04,203.67,OPEN,
VL-6N7TIOQRGL88,CA-TX-00000094,U-2PUV0T0A50LT,2024-06-24,LANDSCAPING,2024-07-24,32.55,CURED,2024-07-28
VL-GBJ2H72LEZJA,CA-TX-00000094,U-VB9DR3LNDIHL,2025-03-20,ARCHITECTURAL,2025-04-19,61.02,CURED,2025-04-25
VL-A0TM3YYPADO6,CA-TX-00000094,U-G9ZOVZT3AJ36,2025-03-14,ARCHITECTURAL,2025-04-13,174.86,DISMISSED,2025-05-04
VL-UXNKZMYUDGGY,CA-TX-00000094,U-9QLNUV5LNGC6,2025-01-10,PARKING,2025-02-09,275.47,FINED,
VL-DYKF2ZQHVUV3,CA-TX-00000094,U-C750W308CR74,2024-12-20,NOISE,2025-01-19,85.5,HEARING_SCHEDULED,
VL-OB78M1D5S7NC,CA-TX-00000094,U-9QLNUV5LNGC6,2024-01-17,TRASH,2024-02-16,30.08,CURED,2024-03-06
VL-VKSJV67WEK6J,CA-NY-00000095,U-A3RNVE3KHRAB,2024-11-07,LANDSCAPING,2024-12-07,134.2,ESCALATED,
VL-IIIHPFN7N5E9,CA-NY-00000095,U-AHG1QTQBQQXT,2025-04-21,NOISE,2025-05-21,295.73,CURED,2025-05-30
VL-0W707GRQLMFB,CA-NY-00000095,U-JA666OHK3RAZ,2024-10-21,TRASH,2024-11-20,152.24,CURED,2024-12-18
VL-2ZDFJ8OXOJGP,CA-NY-00000095,U-CNMIKEXPF1PI,2024-02-26,PARKING,2024-03-27,56.96,DISMISSED,2024-03-31
VL-O0MRTI8E4TMG,CA-NY-00000095,U-7XO5LUM4D5CX,2024-04-05,PARKING,2024-05-05,250.78,FINED,
VL-M96EKTT7S1WG,CA-NY-00000095,U-PAC7W438771V,2024-04-30,ARCHITECTURAL,2024-05-30,90.42,CURED,2024-06-13
VL-I3H2SIOP96Z4,CA-NY-00000095,U-L5YWCGDS12Y0,2025-05-23,LANDSCAPING,2025-06-22,100.39,CURED,2025-07-14
VL-EVLVN008V3E2,CA-NY-00000095,U-RL8SEL7FYR75,2024-04-28,PET,2024-05-28,35.96,DISMISSED,2024-05-14
VL-1LMS95BADRET,CA-NV-00000096,U-WKOM2825RS7K,2024-09-10,NOISE,2024-10-10,49.2,CURED,2024-09-28
VL-BCSWHQHO5REZ,CA-NV-00000096,U-BYX0D9V14CTR,2024-04-03,LANDSCAPING,2024-05-03,54.58,CURED,2024-05-11
VL-UC2XWORGY9HN,CA-CA-00000097,U-1BJHVEKMZE9U,2024-10-16,OTHER,2024-11-15,39.2,CURED,2024-12-05
VL-UPJE5EZ9BT8E,CA-CA-00000097,U-0WGGWGDMIKBQ,2025-06-21,OTHER,2025-07-21,78.86,CURED,2025-07-20
VL-P31CTGK41KYA,CA-CA-00000097,U-ZLC8FQ6PP9H1,2024-02-18,ARCHITECTURAL,2024-03-19,251.29,CURED,2024-04-17
VL-VUK9CMP4VHH6,CA-CA-00000097,U-N18K6DD68IL7,2024-01-23,PET,2024-02-22,67.53,CURED,2024-02-27
VL-EJEI75PSJNDF,CA-CA-00000097,U-1BAZETTZBJJZ,2025-01-18,ARCHITECTURAL,2025-02-17,111.19,CURED,2025-03-07
VL-E01IZDV073VI,CA-CA-00000097,U-Z8QZ4CL8ZTUR,2024-08-06,TRASH,2024-09-05,89.34,OPEN,
VL-VTW3GP597DZ7,CA-CA-00000097,U-AO5UAOU3RLN6,2025-01-06,PET,2025-02-05,199.16,CURED,2025-03-02
VL-0L8BGG7I133I,CA-CA-00000097,U-KCJ4W5PV95UC,2024-03-23,PARKING,2024-04-22,117.19,CURED,2024-04-22
VL-C9I6IYP2JNIA,CA-CA-00000097,U-0WGGWGDMIKBQ,2024-11-18,PET,2024-12-18,157.94,OPEN,
VL-DTPJNHBLLWE0,CA-CA-00000097,U-N7IBDZY1Y5S5,2025-02-01,PET,2025-03-03,144.45,CURED,2025-03-24
VL-0ZJD50X2TZY8,CA-CA-00000097,U-ECIIYQG3A7I2,2024-01-15,PARKING,2024-02-14,56.1,CURED,2024-02-01
VL-J9UHLMBJ7YUV,CA-CA-00000097,U-NS3GL9QSDXLD,2025-01-08,NOISE,2025-02-07,74.44,ESCALATED,
VL-MVWMRC8XG5NS,CA-CA-00000097,U-WEC9QE3XOIAB,2024-03-16,PARKING,2024-04-15,65.18,CURED,2024-04-08
VL-68DXGUVEH5P9,CA-CA-00000097,U-8S7G6EPZ2NNC,2024-04-20,PET,2024-05-20,145.89,FINED,
VL-ALYX5CEOGQMN,CA-CA-00000097,U-7YFK8RR2GSO8,2025-05-19,PARKING,2025-06-18,66.19,DISMISSED,2025-06-24
VL-SYYR09MA8KYQ,CA-CA-00000097,U-2QL5U07W1N50,2024-12-25,NOISE,2025-01-24,123.74,CURED,2025-01-24
VL-DQN29CW4K5ON,CA-CA-00000097,U-1BJHVEKMZE9U,2025-02-24,ARCHITECTURAL,2025-03-26,56.16,ESCALATED,
VL-NN9JKZLTXC3F,CA-CA-00000097,U-1BAZETTZBJJZ,2025-05-20,TRASH,2025-06-19,254.5,DISMISSED,2025-07-05
VL-MR4OS0SPVY59,CA-CA-00000097,U-613WMFXTI0BU,2024-05-10,PARKING,2024-06-09,306.48,CURED,2024-06-02
VL-SLE06CYJ1QNY,CA-CA-00000097,U-2QL5U07W1N50,2024-05-08,OTHER,2024-06-07,38.21,CURED,2024-06-09
VL-JK32KQKYWX8R,CA-CA-00000097,U-7QAB2246Q1M7,2025-04-22,OTHER,2025-05-22,51.18,CURED,2025-05-09
VL-2FT338X4RDXX,CA-CA-00000097,U-7QAB2246Q1M7,2025-04-18,PARKING,2025-05-18,63.43,CURED,2025-06-15
VL-KO9CR7H8E16V,CA-CA-00000097,U-L2Y4U3ZHX384,2024-02-12,OTHER,2024-03-13,187.35,CURED,2024-03-31
VL-8OBG0R5BBKI1,CA-CA-00000097,U-7VH8C7L75Z0V,2024-12-25,ARCHITECTURAL,2025-01-24,171.22,CURED,2025-01-30
VL-M59GRRORPM7B,CA-CA-00000097,U-N7IBDZY1Y5S5,2024-11-28,LANDSCAPING,2024-12-28,165.58,DISMISSED,2025-01-12
VL-4PWLG50RLEJN,CA-CA-00000097,U-YPW2KZDJKSPT,2025-04-05,PARKING,2025-05-05,366.63,ESCALATED,
VL-WQDH89PSW0W1,CA-WA-00000098,U-84O5LYBEHG1M,2024-02-01,NOISE,2024-03-02,218.34,CURED,2024-02-15
VL-ZZ8HPEDSTYG8,CA-WA-00000098,U-CF06YOQHQ9Y8,2024-02-23,NOISE,2024-03-24,212.97,DISMISSED,2024-03-21
VL-TRXTPJ9C0V91,CA-WA-00000098,U-OM4LWAWR18ZA,2024-05-16,LANDSCAPING,2024-06-15,28.09,DISMISSED,2024-07-12
VL-QPSHF095QVA9,CA-WA-00000098,U-INWPFF2XZDT9,2025-06-13,PARKING,2025-07-13,63.03,HEARING_SCHEDULED,
VL-V89B0LE0OZJO,CA-WA-00000098,U-5BZF0ZRFOGLT,2024-01-04,NOISE,2024-02-03,20.36,OPEN,
VL-2U154JTR5W3M,CA-WA-00000098,U-9DVTN4MC5MWC,2024-10-21,PARKING,2024-11-20,289.79,CURED,2024-12-06
VL-PHFYOQ43203W,CA-WA-00000098,U-HQYLSV0Z3OLL,2024-12-18,NOISE,2025-01-17,50.85,DISMISSED,2025-01-26
VL-YUGK6DXR8UXD,CA-WA-00000098,U-ZZRB68JFJXES,2025-04-28,PARKING,2025-05-28,38.41,CURED,2025-05-19
VL-7A8GZF5Z0I5T,CA-WA-00000098,U-WPA4RLUCDRUF,2025-05-31,ARCHITECTURAL,2025-06-30,123.58,CURED,2025-06-28
VL-21ZTXMJUZ67Q,CA-WA-00000098,U-CF06YOQHQ9Y8,2025-02-16,TRASH,2025-03-18,74.3,CURED,2025-04-03
VL-R5J6I13B1Z6Y,CA-WA-00000098,U-65I5FGPH5GCT,2024-12-31,NOISE,2025-01-30,114.57,DISMISSED,2025-02-25
VL-9M2O0303XFX5,CA-WA-00000098,U-A29LZU3VQVT3,2024-12-13,PARKING,2025-01-12,43.61,CURED,2025-01-27
VL-2PELQ6Q4X2X6,CA-WA-00000098,U-ZZRB68JFJXES,2024-04-19,PARKING,2024-05-19,98.11,CURED,2024-05-23
VL-DRDGQFHHHIKM,CA-WA-00000098,U-OM4LWAWR18ZA,2024-05-31,ARCHITECTURAL,2024-06-30,130.29,ESCALATED,
VL-GUJMR392B8HR,CA-WA-00000098,U-WDEQMBKOB1T3,2024-01-06,NOISE,2024-02-05,59.03,DISMISSED,2024-02-18
VL-9UEV3KVZ7XAL,CA-WA-00000098,U-Y81HR62WLYMC,2025-04-09,NOISE,2025-05-09,177.3,CURED,2025-05-26
VL-9B4SYF3ZH9E1,CA-WA-00000098,U-29SM9X5ANQCS,2024-08-13,PARKING,2024-09-12,526.11,OPEN,
VL-Q0I4TV3AU6J0,CA-WA-00000098,U-PI0YVBQFQZA2,2024-06-15,ARCHITECTURAL,2024-07-15,61.15,CURED,2024-08-13
VL-710T46EIUYMI,CA-WA-00000098,U-6TU1HW8I4367,2024-04-22,LANDSCAPING,2024-05-22,426.89,DISMISSED,2024-05-18
VL-TTKQOZNF1E5Q,CA-WA-00000098,U-8JVVHFZKV5AA,2025-06-05,TRASH,2025-07-05,73.05,DISMISSED,2025-07-15
VL-N647MGZYTFRU,CA-WA-00000098,U-Y81HR62WLYMC,2024-05-13,PARKING,2024-06-12,116.67,FINED,
VL-QGT590BQQVCQ,CA-WA-00000098,U-7HH0SI33CL2H,2025-05-07,LANDSCAPING,2025-06-06,123.23,ESCALATED,
VL-89UXE8JX3COK,CA-WA-00000098,U-CF06YOQHQ9Y8,2025-01-03,PARKING,2025-02-02,119.87,DISMISSED,2025-02-21
VL-ZE8SEN26CBNC,CA-WA-00000098,U-WL9I9A2S1TLB,2024-08-01,LANDSCAPING,2024-08-31,83.13,ESCALATED,
VL-PG80JEILN3ZC,CA-WA-00000098,U-0HTJH7ZOC3GY,2024-02-08,PARKING,2024-03-09,133.14,CURED,2024-03-10
VL-WGEL3VT5LVRY,CA-FL-00000099,U-S8C0L5DSCAJJ,2025-01-20,PARKING,2025-02-19,81.43,CURED,2025-03-07
VL-F5Z2QAQTGKTI,CA-FL-00000099,U-IXZTDNRMQISP,2024-07-11,PARKING,2024-08-10,41.17,CURED,2024-08-29
VL-ZQN9OSRF9MCQ,CA-FL-00000099,U-3LFTUVVSBK58,2024-05-08,ARCHITECTURAL,2024-06-07,177.93,HEARING_SCHEDULED,
VL-UINK4FBK3N0Q,CA-FL-00000099,U-FTYGR30VICV8,2024-12-10,LANDSCAPING,2025-01-09,127.63,DISMISSED,2025-01-08
VL-ZGXB0CQ0MIY8,CA-FL-00000099,U-3LFTUVVSBK58,2024-08-04,PARKING,2024-09-03,131.67,ESCALATED,
VL-WXHY75Z7NT4O,CA-FL-00000099,U-RG2FN8QJA41O,2024-04-01,OTHER,2024-05-01,113.47,DISMISSED,2024-05-30
VL-X6ZMBS2SMV1F,CA-FL-00000099,U-N7OWS5JZLKQO,2024-07-23,ARCHITECTURAL,2024-08-22,39.65,ESCALATED,
VL-ONUVRP3VGUOO,CA-FL-00000099,U-90S77FDZL5L3,2025-02-28,TRASH,2025-03-30,67.91,CURED,2025-03-18
VL-AHIY4Q1F0QQ2,CA-FL-00000099,U-IBE4LMU6H20F,2024-05-09,PARKING,2024-06-08,40.54,FINED,
VL-L9SXDMQ7MDLM,CA-FL-00000099,U-RKQK54MW66SO,2024-08-27,TRASH,2024-09-26,59.11,DISMISSED,2024-09-26
VL-U8VFRILWOF5F,CA-FL-00000099,U-IXZTDNRMQISP,2024-02-29,PARKING,2024-03-30,139.39,DISMISSED,2024-04-25
VL-ZRGXOFQKHB9C,CA-FL-00000100,U-6XBE9QZJWMJM,2025-04-24,ARCHITECTURAL,2025-05-24,162.04,DISMISSED,2025-05-31
VL-8P3PR0X7GVS4,CA-FL-00000100,U-5EMYOHZJH8GD,2024-11-12,PET,2024-12-12,71.42,OPEN,
VL-0ZV78SVL2U04,CA-FL-00000100,U-JG57BD1WISMJ,2025-05-10,PARKING,2025-06-09,73.76,CURED,2025-06-26
VL-T01706XPEX14,CA-FL-00000100,U-LBNNFQMV8TEY,2025-03-28,NOISE,2025-04-27,58.06,HEARING_SCHEDULED,
VL-T9GFN68NHFOI,CA-FL-00000100,U-6XBE9QZJWMJM,2024-11-23,PET,2024-12-23,97.85,CURED,2025-01-20
VL-LCLHGQMTRYJ3,CA-FL-00000100,U-N6ZG8KPXMXSQ,2024-01-18,ARCHITECTURAL,2024-02-17,91.22,HEARING_SCHEDULED,
VL-AA7SLRYYQDGP,CA-FL-00000100,U-LNHMYUN6ANK7,2024-10-07,PARKING,2024-11-06,91.25,CURED,2024-11-25
VL-9WGCJIAECFL9,CA-FL-00000100,U-WXSONGDI8SPO,2025-04-05,PET,2025-05-05,53.77,CURED,2025-05-12
VL-81EYED07T6FH,CA-FL-00000100,U-F4TXGO1DKCQ4,2024-03-23,NOISE,2024-04-22,278.9,DISMISSED,2024-05-20
VL-E3JJXSL8R4VZ,CA-TX-00000101,U-6GDGY87QTHQU,2024-12-05,PET,2025-01-04,421.67,DISMISSED,2025-01-08
VL-8U386FQCNJRU,CA-TX-00000101,U-TNU3SWNHGNHI,2024-10-15,LANDSCAPING,2024-11-14,72.37,CURED,2024-12-06
VL-4U3R8JF74V1N,CA-TX-00000102,U-QSK3YKKDE1J1,2025-02-18,PET,2025-03-20,315.46,CURED,2025-04-04
VL-DGSG8OV6QHXL,CA-TX-00000102,U-NW6I51WGL621,2025-03-07,OTHER,2025-04-06,101.49,OPEN,
VL-AXNT601C49G4,CA-TX-00000102,U-20G15MFL86IJ,2025-05-29,ARCHITECTURAL,2025-06-28,168.55,CURED,2025-06-25
VL-Q8XV0BEPZM4Z,CA-TX-00000102,U-KL4BLQJ6276Y,2025-04-12,ARCHITECTURAL,2025-05-12,107.39,DISMISSED,2025-04-28
VL-CMMP1V6FNC63,CA-TX-00000102,U-O1PWEYF5G52S,2025-06-18,ARCHITECTURAL,2025-07-18,173.02,ESCALATED,
VL-PBDH6RCQY0I8,CA-TX-00000102,U-YSJJEFSRDKDE,2025-03-04,ARCHITECTURAL,2025-04-03,54.2,DISMISSED,2025-04-02
VL-2635BLL2T1N4,CA-TX-00000102,U-O1PWEYF5G52S,2024-03-16,LANDSCAPING,2024-04-15,22.9,DISMISSED,2024-03-26
VL-Y0087ZQ02NKL,CA-TX-00000102,U-9EQ5QFTSGQOL,2025-06-01,PET,2025-07-01,53.79,DISMISSED,2025-07-02
VL-AG1ACGQY8AMW,CA-TX-00000103,U-UI85QS6Y9H2X,2025-02-16,PARKING,2025-03-18,158.94,DISMISSED,2025-03-14
VL-UFAPZ064LLBB,CA-TX-00000103,U-0SQ7R50PV9U3,2025-05-04,NOISE,2025-06-03,44.56,OPEN,
VL-N9C2WD4HZ3JL,CA-TX-00000103,U-UI85QS6Y9H2X,2024-05-01,NOISE,2024-05-31,59.23,CURED,2024-06-09
VL-JJADRF2TTECX,CA-TX-00000103,U-N3FLZ1SY8Y4L,2024-12-15,PARKING,2025-01-14,130.74,DISMISSED,2025-01-16
VL-J1J8RQ0QIOTE,CA-TX-00000103,U-F8WALK1CFQMN,2024-05-12,NOISE,2024-06-11,266.2,CURED,2024-06-17
VL-7NKF8FPI6RD2,CA-CO-00000104,U-RRSZ1BD7BZY6,2025-06-19,PARKING,2025-07-19,61.61,OPEN,
VL-LXR2XWY5EWKM,CA-CO-00000104,U-NBM0H2HWSJ5S,2024-08-14,ARCHITECTURAL,2024-09-13,87.81,DISMISSED,2024-10-11
VL-V23Z34FX90VN,CA-CO-00000104,U-1YHBQZKCKW1Q,2025-03-05,ARCHITECTURAL,2025-04-04,59.06,CURED,2025-04-03
VL-JZ60SDAAUKBS,CA-CO-00000104,U-MFW5Q5KCD75X,2024-08-01,NOISE,2024-08-31,98.02,FINED,
VL-GHT6E4KMIRER,CA-NV-00000105,U-CLJ25ISCFL15,2024-08-27,ARCHITECTURAL,2024-09-26,38.39,DISMISSED,2024-10-07
VL-ZOQJI03OQFM9,CA-NV-00000105,U-CDDKSWZ7UMEN,2024-12-16,ARCHITECTURAL,2025-01-15,538.31,DISMISSED,2025-01-27
VL-VM44UAG0U8K0,CA-NV-00000105,U-5DP4SE5T42PE,2024-07-02,ARCHITECTURAL,2024-08-01,109.19,DISMISSED,2024-08-01
VL-OVQQ3V89PGPT,CA-NV-00000105,U-DMI08WOJP2L7,2025-03-22,ARCHITECTURAL,2025-04-21,46.11,DISMISSED,2025-04-01
VL-A7JLS4IJLWGL,CA-NV-00000105,U-T9VG4ONEOMA9,2024-10-18,LANDSCAPING,2024-11-17,409.06,CURED,2024-11-21
VL-P9JNGXAS5T39,CA-NV-00000105,U-M1L8OOXVDRH7,2024-02-24,TRASH,2024-03-25,53.38,DISMISSED,2024-03-15
VL-8UNLL89SM752,CA-NY-00000106,U-AQ8FLFKY4ZE4,2025-01-10,PARKING,2025-02-09,59.97,DISMISSED,2025-03-05
VL-FODNFLT174VD,CA-NY-00000106,U-MRI7Z5A37GVT,2024-04-04,NOISE,2024-05-04,88.31,CURED,2024-04-16
VL-SWLYRSYJR9B4,CA-NY-00000106,U-61T9HXCJHWDF,2024-05-02,PARKING,2024-06-01,70.72,CURED,2024-05-21
VL-S0CS51SIPJSH,CA-NY-00000106,U-Z6NXSF0ZGJ4B,2024-04-09,PARKING,2024-05-09,130.95,HEARING_SCHEDULED,
VL-NCFYIF1LELZ0,CA-NY-00000106,U-AQ8FLFKY4ZE4,2025-02-05,PARKING,2025-03-07,58.12,CURED,2025-02-23
VL-Z67FZEMHRH0H,CA-NY-00000106,U-O0TTHXZ3VKUM,2024-04-17,LANDSCAPING,2024-05-17,224.38,CURED,2024-05-19
VL-9DH9C6DM1HEX,CA-NY-00000106,U-4BI8U0J0S4W9,2024-12-15,PARKING,2025-01-14,95.98,DISMISSED,2025-02-13
VL-2KN28MRR205G,CA-NY-00000106,U-WQK16WM6DZTN,2024-04-14,ARCHITECTURAL,2024-05-14,77.9,CURED,2024-05-24
VL-HE3RXVGI4KBM,CA-NY-00000106,U-GXW3U45L8B9G,2025-04-01,LANDSCAPING,2025-05-01,120.51,ESCALATED,
VL-EPY2N7LT2XRP,CA-CA-00000107,U-J9F1SJ0WAM3C,2025-04-20,PARKING,2025-05-20,51.09,CURED,2025-06-06
VL-T17WXI8S1GGI,CA-CA-00000107,U-07OQKBNGV01E,2025-04-15,ARCHITECTURAL,2025-05-15,62.98,ESCALATED,
VL-KF96CP07CV6Q,CA-CA-00000107,U-C4T9HWMPFGMH,2025-05-17,PARKING,2025-06-16,87.39,CURED,2025-06-08
VL-EX4Z7ZE9FACW,CA-CA-00000107,U-CODHQU32O245,2025-02-23,ARCHITECTURAL,2025-03-25,33.76,ESCALATED,
VL-8H3LTMQCJZ69,CA-CA-00000107,U-BOKKBNUBSWLC,2025-03-25,OTHER,2025-04-24,61.17,CURED,2025-05-09
VL-2YT197W271F1,CA-CA-00000107,U-BCGW5QZDO025,2024-09-15,LANDSCAPING,2024-10-15,64.45,CURED,2024-10-03
VL-R1G9WZL4Z1V6,CA-CA-00000107,U-BE1UTOLERTNA,2024-08-07,PARKING,2024-09-06,76.16,ESCALATED,
VL-M2OHW3G1A6YT,CA-CA-00000107,U-WCT216GYYN1O,2024-11-17,PARKING,2024-12-17,92.03,DISMISSED,2024-12-15
VL-KEO37W3ZB5PG,CA-CA-00000107,U-HB3VQ6EYSIQK,2024-01-21,ARCHITECTURAL,2024-02-20,32.02,CURED,2024-02-11
VL-N4RQAS8BBAPK,CA-FL-00000108,U-PBJLADG1XM9O,2024-08-06,LANDSCAPING,2024-09-05,55.1,CURED,2024-08-29
VL-B9HMNNXJCGC0,CA-FL-00000108,U-4QKDFGWQD885,2025-06-21,NOISE,2025-07-21,53.18,DISMISSED,2025-07-26
VL-FQJIHDKB8O5H,CA-FL-00000108,U-8WS5137AIQZZ,2024-07-26,LANDSCAPING,2024-08-25,95.43,CURED,2024-08-24
VL-LBGPEVK58QC1,CA-FL-00000108,U-0JK5PULW8O9V,2024-10-06,PET,2024-11-05,67.51,DISMISSED,2024-10-31
VL-ZE7XQP9TM54H,CA-FL-00000108,U-IF416C6H00SK,2025-02-11,ARCHITECTURAL,2025-03-13,60.74,HEARING_SCHEDULED,
VL-ZHU2OTIMCX97,CA-FL-00000108,U-55OXT7SRNGDP,2025-05-22,ARCHITECTURAL,2025-06-21,241.7,CURED,2025-06-28
VL-V688TJLV6OSX,CA-FL-00000108,U-J4D8J5CXCPL9,2024-09-26,TRASH,2024-10-26,82.26,CURED,2024-11-22
VL-L8RLDE6UNNLW,CA-FL-00000108,U-CIM8P2SUIEK3,2024-06-14,ARCHITECTURAL,2024-07-14,30.1,CURED,2024-07-29
VL-LVAOYAS0G35R,CA-AZ-00000109,U-0KZB1KB3GAEJ,2024-01-03,PARKING,2024-02-02,137.8,DISMISSED,2024-02-27
VL-3HGZ76X0TZ4O,CA-AZ-00000109,U-QDRGDJFGPSG7,2024-02-12,PARKING,2024-03-13,135.49,DISMISSED,2024-03-29
VL-P111AA6I5Y7L,CA-AZ-00000109,U-FIKUB7QE8S40,2024-11-09,NOISE,2024-12-09,53.02,DISMISSED,2024-11-30
VL-W249KJOAWBUD,CA-AZ-00000109,U-7GN0AJQQPEC6,2024-04-25,ARCHITECTURAL,2024-05-25,74.07,CURED,2024-06-20
VL-Y2K33KI7WCVN,CA-AZ-00000109,U-99V1TK0WXJP1,2025-04-28,NOISE,2025-05-28,85.88,CURED,2025-06-21
VL-DGRVOCMBDC57,CA-AZ-00000109,U-U3H5BEPNPLFA,2025-06-05,LANDSCAPING,2025-07-05,104.66,CURED,2025-08-04
VL-DKCGL85NH1LS,CA-AZ-00000109,U-QDRGDJFGPSG7,2025-04-08,PARKING,2025-05-08,37.93,CURED,2025-04-30
VL-P0FJXBL3IDHF,CA-AZ-00000109,U-IE4JA8JZNL7K,2024-12-15,NOISE,2025-01-14,144.28,CURED,2025-01-14
VL-YV57RIPQ7OH8,CA-AZ-00000109,U-62IAO9P3DNGD,2024-02-24,NOISE,2024-03-25,86.46,DISMISSED,2024-04-21
VL-G1M7ITVRFDB6,CA-AZ-00000109,U-OKMV0QRSZC08,2024-01-30,ARCHITECTURAL,2024-02-29,180.87,DISMISSED,2024-03-08
VL-Y82F4RBC2T1E,CA-AZ-00000109,U-EA3RZZZFLE6Z,2024-04-19,OTHER,2024-05-19,136.87,OPEN,
VL-2YXBBJB7HG0D,CA-AZ-00000109,U-KSSC8VK9K04K,2025-01-23,ARCHITECTURAL,2025-02-22,180.51,CURED,2025-02-13
VL-28SE7O05FR5Q,CA-AZ-00000109,U-USRA3JBPQZCK,2024-07-11,PET,2024-08-10,207.3,ESCALATED,
VL-LEGTRV4H3LWW,CA-AZ-00000109,U-EA3RZZZFLE6Z,2024-04-08,TRASH,2024-05-08,23.23,CURED,2024-05-17
VL-2ZFQU6O78K2X,CA-NC-00000110,U-SIYO6EF5B0OP,2024-09-28,PARKING,2024-10-28,262.38,HEARING_SCHEDULED,
VL-R1KF3TIKHYDZ,CA-NC-00000110,U-FS57ZPDRD8AV,2024-05-28,NOISE,2024-06-27,146.19,CURED,2024-07-14
VL-39YUWKR8DI95,CA-NC-00000110,U-XP8QN9V4Z8CK,2024-06-15,PARKING,2024-07-15,50.98,CURED,2024-07-05
VL-KXRWWV50DKZI,CA-NC-00000110,U-AQDES4KJUN96,2025-06-09,PARKING,2025-07-09,343.37,CURED,2025-08-01
VL-L3ZCR17I4YF5,CA-NC-00000110,U-THQWBOSYY3G5,2025-05-13,LANDSCAPING,2025-06-12,47.52,FINED,
VL-6OMHGQL4IE1M,CA-NC-00000110,U-OBDNMOAG6X5N,2024-06-30,ARCHITECTURAL,2024-07-30,71.52,CURED,2024-07-14
VL-GJWSZEH4AXMG,CA-NV-00000111,U-EXMIBHRTGY7N,2024-03-17,LANDSCAPING,2024-04-16,75.92,HEARING_SCHEDULED,
VL-25AFG8TQN3T9,CA-NC-00000112,U-RO3I3GFRSVJS,2024-11-08,ARCHITECTURAL,2024-12-08,149.47,ESCALATED,
VL-GSJ647U9NKHQ,CA-NC-00000112,U-M75NQK92SFX3,2024-12-09,PARKING,2025-01-08,137.66,CURED,2025-01-14
VL-L6VVQTW4936C,CA-NC-00000112,U-D7IYI8XDU8QP,2024-03-05,ARCHITECTURAL,2024-04-04,137.96,CURED,2024-04-30
VL-J030EJE7L6L2,CA-NC-00000112,U-BG4VBPIX2LN1,2024-11-07,ARCHITECTURAL,2024-12-07,57.14,HEARING_SCHEDULED,
VL-TOXRTHX3MLNS,CA-NC-00000112,U-ZIS7GV8D2ZWE,2024-04-04,NOISE,2024-05-04,175.67,DISMISSED,2024-04-23
VL-SJET5ETCVBQ1,CA-NC-00000112,U-8LI1333XMOJ4,2024-01-10,PARKING,2024-02-09,57.52,OPEN,
VL-FZL19SAZRA9W,CA-NC-00000112,U-BK1Y1O1T5WNY,2024-11-04,ARCHITECTURAL,2024-12-04,95.5,FINED,
VL-590F2CAKZHX5,CA-NC-00000112,U-H71ZSKXNX9F9,2025-02-09,ARCHITECTURAL,2025-03-11,58.63,DISMISSED,2025-03-02
VL-QI12SADQOS0W,CA-NC-00000112,U-R4OR2WWKZF5B,2024-03-21,LANDSCAPING,2024-04-20,92.63,CURED,2024-04-26
VL-GBOSFN6L3DL9,CA-NC-00000112,U-VXKA220ZMMY7,2025-01-18,PET,2025-02-17,121.34,CURED,2025-03-08
VL-484GOL2IQ6NW,CA-NC-00000112,U-GGU9FJ0QY1DD,2024-09-14,ARCHITECTURAL,2024-10-14,70.52,FINED,
VL-CQBB130IJEVQ,CA-NC-00000112,U-BG4HYKKF1D0D,2025-06-03,LANDSCAPING,2025-07-03,333.01,CURED,2025-06-23
VL-YQO8K45NRV1F,CA-NC-00000112,U-7FWFUYZ8T2Y7,2024-04-10,NOISE,2024-05-10,189.68,DISMISSED,2024-05-24
VL-QXL2F72R0VN0,CA-NC-00000112,U-BG4VBPIX2LN1,2024-06-08,LANDSCAPING,2024-07-08,75.22,CURED,2024-08-03
VL-H681EQC6KRDB,CA-NC-00000112,U-QFPOY593NGM8,2024-11-17,ARCHITECTURAL,2024-12-17,63.7,CURED,2025-01-11
VL-KSCNYX1DMQRN,CA-NC-00000112,U-VXKA220ZMMY7,2024-06-24,ARCHITECTURAL,2024-07-24,180.43,CURED,2024-08-04
VL-NFDDXZGSIT3T,CA-NC-00000112,U-STFHP0ZRYYB4,2025-05-31,PET,2025-06-30,332.2,DISMISSED,2025-06-14
VL-MV1ZQUSNMLHS,CA-NC-00000112,U-RO3I3GFRSVJS,2024-12-08,LANDSCAPING,2025-01-07,114.22,CURED,2024-12-22
VL-7JW89ST9CG5L,CA-NC-00000112,U-A38B7U3OXDXL,2024-02-01,ARCHITECTURAL,2024-03-02,121.72,CURED,2024-03-08
VL-YJIONXRRLR3A,CA-NC-00000112,U-RVGH2GJEUHO6,2024-03-02,PET,2024-04-01,101.55,CURED,2024-04-17
VL-MY3AIHPF35Q6,CA-FL-00000113,U-KY3L0QNGNJ46,2024-01-22,PET,2024-02-21,120.36,DISMISSED,2024-02-01
VL-VRKFLB4WR9ZF,CA-FL-00000113,U-688JGREC3KIO,2024-01-21,OTHER,2024-02-20,97.26,DISMISSED,2024-02-21
VL-7IATOIDBBZNX,CA-FL-00000113,U-BINWOEEXEJKN,2025-05-22,OTHER,2025-06-21,120.03,CURED,2025-07-16
VL-6D54DXYLE5PV,CA-FL-00000113,U-40FW1HO6O6SQ,2024-01-25,ARCHITECTURAL,2024-02-24,149.22,CURED,2024-03-09
VL-E2FAGBVH7HX4,CA-FL-00000113,U-6HL0FG8YDT2K,2024-07-05,LANDSCAPING,2024-08-04,86.95,CURED,2024-08-24
VL-ILQL8KGFOCI9,CA-FL-00000113,U-LMCNFGPKKQ2D,2024-03-20,ARCHITECTURAL,2024-04-19,186.78,DISMISSED,2024-05-19
VL-KVJIQA0V8JAU,CA-FL-00000113,U-HHNOUYKYPU1E,2024-08-17,PET,2024-09-16,163.67,CURED,2024-10-03
VL-G1SKEDYE3HM1,CA-FL-00000113,U-XWCLGUZHZAV9,2024-01-11,ARCHITECTURAL,2024-02-10,41.51,HEARING_SCHEDULED,
VL-STM39HQYX11X,CA-FL-00000113,U-TC1A2F1JEUZ5,2025-01-19,ARCHITECTURAL,2025-02-18,148.04,CURED,2025-02-25
VL-AY37U34AYUC0,CA-FL-00000113,U-OCZ0K4TWVK66,2025-06-07,PARKING,2025-07-07,87.84,CURED,2025-07-24
VL-O6B6AJK3XLGF,CA-FL-00000113,U-2I79XEG2YIDP,2024-04-26,LANDSCAPING,2024-05-26,51.5,HEARING_SCHEDULED,
VL-ZMMJEO1N01SU,CA-FL-00000113,U-56TAT05IQ2CO,2025-06-04,ARCHITECTURAL,2025-07-04,14.12,DISMISSED,2025-07-07
VL-5JBB4928TEV3,CA-TX-00000114,U-8GOP41MX7AJB,2024-10-04,TRASH,2024-11-03,227.72,CURED,2024-10-14
VL-NDRBRS8ACHOO,CA-TX-00000114,U-FYPXHJ4PHU4V,2024-01-30,LANDSCAPING,2024-02-29,42.8,DISMISSED,2024-02-25
VL-FK16TDBS8TL0,CA-TX-00000114,U-OQSCKP74V6X2,2025-04-16,LANDSCAPING,2025-05-16,40.71,CURED,2025-05-28
VL-7THQ0IE4OXV6,CA-TX-00000114,U-J0ZECC241SGI,2025-01-11,PARKING,2025-02-10,69.85,HEARING_SCHEDULED,
VL-KHQZSW8AEY1H,CA-TX-00000114,U-GZBY7CHGP00F,2025-01-16,PARKING,2025-02-15,107.16,HEARING_SCHEDULED,
VL-K9QCM05EYE03,CA-TX-00000114,U-Q3K16EMTKPLF,2025-01-31,ARCHITECTURAL,2025-03-02,22.85,CURED,2025-02-23
VL-4012OKCSWYZJ,CA-TX-00000114,U-DGI89MTA65VJ,2025-04-15,TRASH,2025-05-15,127.8,FINED,
VL-ID5W9SKOX7OE,CA-TX-00000114,U-HCR9453J43ZE,2024-12-09,PET,2025-01-08,124.91,CURED,2025-01-01
VL-R1BE82FNPBDE,CA-TX-00000114,U-9QXUQ9YYR1Q7,2024-10-18,NOISE,2024-11-17,71.84,CURED,2024-10-31
VL-PJX23ZLMGG2O,CA-TX-00000114,U-E1B6S17LQ0FL,2025-02-08,LANDSCAPING,2025-03-10,276.44,DISMISSED,2025-03-27
VL-0W62Q0Z9054C,CA-TX-00000114,U-J0ZECC241SGI,2025-05-29,PARKING,2025-06-28,239.44,CURED,2025-07-15
VL-E0I8ELKILC1M,CA-TX-00000114,U-Y0HBHC6EIQ0I,2024-12-27,PET,2025-01-26,67.11,CURED,2025-01-12
VL-89CSOEJ3OVBD,CA-TX-00000114,U-EH81UNHLD9BR,2025-04-16,PARKING,2025-05-16,254.08,CURED,2025-05-03
VL-N6Q4VYDGCBKN,CA-TX-00000114,U-GJBSLPDZV28F,2025-01-19,PET,2025-02-18,93.61,CURED,2025-03-19
VL-1X9PD715CY9F,CA-TX-00000114,U-DGI89MTA65VJ,2025-01-19,PET,2025-02-18,141.91,CURED,2025-03-16
VL-BA0U5QUP2EB4,CA-TX-00000114,U-OOML43XLXSAL,2025-02-28,TRASH,2025-03-30,125.7,CURED,2025-03-28
VL-HXAVLINCBZ3J,CA-WA-00000115,U-J4J48HWXV4A4,2025-03-06,PARKING,2025-04-05,11.62,DISMISSED,2025-04-25
VL-011SMAWZR39U,CA-WA-00000115,U-OTY8TNFVAMBM,2024-01-15,LANDSCAPING,2024-02-14,62.89,DISMISSED,2024-02-07
VL-M1TJ97G66Y7E,CA-WA-00000115,U-HNESB06XLP2Z,2025-04-30,PARKING,2025-05-30,51.7,CURED,2025-06-18
VL-VIYDFJQO50Z5,CA-WA-00000115,U-8QTTEEFROEVI,2024-02-01,LANDSCAPING,2024-03-02,187.53,ESCALATED,
VL-3816FFKC77A4,CA-WA-00000115,U-VOMJ5R9FZBFH,2024-09-09,OTHER,2024-10-09,70.1,DISMISSED,2024-09-27
VL-POYCC84WXH2B,CA-WA-00000115,U-CG19XK4DW6UD,2024-10-03,PARKING,2024-11-02,50.56,DISMISSED,2024-11-23
VL-0KSKR4W88ZGQ,CA-WA-00000115,U-3WX2QXQ9KYLD,2024-02-15,LANDSCAPING,2024-03-16,44.31,CURED,2024-04-05
VL-47N0XZ4W9A3U,CA-WA-00000115,U-IIX52I1XR5GU,2025-03-23,PET,2025-04-22,80.68,FINED,
VL-YMLHTUPKVR5T,CA-WA-00000115,U-Y26HRR6CLVEZ,2025-05-28,PARKING,2025-06-27,56.88,HEARING_SCHEDULED,
VL-13BZS38P2I28,CA-WA-00000115,U-JFAPOUSDZAHQ,2024-03-18,LANDSCAPING,2024-04-17,81.19,ESCALATED,
VL-KRPHFC3F2ZLL,CA-NC-00000116,U-D34Q7549UM6S,2024-08-21,PET,2024-09-20,76.34,CURED,2024-09-08
VL-HVB246KPW6N7,CA-NC-00000116,U-SWHMMR7LV1HH,2024-03-15,NOISE,2024-04-14,262.84,CURED,2024-04-19
VL-81YEOG19YXOP,CA-NC-00000116,U-NC6CEDHAFS40,2024-08-25,ARCHITECTURAL,2024-09-24,124.11,DISMISSED,2024-09-08
VL-HIY7SKIGIEBV,CA-NC-00000116,U-H5I4DBI9GOK7,2024-01-14,TRASH,2024-02-13,64.72,FINED,
VL-MA2ZZRW5QDIP,CA-NC-00000116,U-WJEDA5T0UF22,2024-10-27,PET,2024-11-26,110.6,OPEN,
VL-IC1ENOCONMPT,CA-NC-00000116,U-EC2UZV0GK67Y,2024-10-31,LANDSCAPING,2024-11-30,85.8,FINED,
VL-3OXK09UT118T,CA-NC-00000116,U-JEBDPL68IUCS,2025-02-10,ARCHITECTURAL,2025-03-12,214.28,CURED,2025-02-28
VL-MZTLJ6F0FIZK,CA-NC-00000116,U-YEOKPJTWWWQI,2025-01-21,PET,2025-02-20,59.67,DISMISSED,2025-02-09
VL-UJXX3WDLCV0M,CA-NC-00000116,U-62Z10I4LYCEK,2025-03-25,LANDSCAPING,2025-04-24,122.67,DISMISSED,2025-05-15
VL-PD78A2K728SP,CA-NC-00000116,U-QMLAWS9JJ21I,2025-02-01,PARKING,2025-03-03,106.11,FINED,
VL-RXIECTE15JRS,CA-NC-00000116,U-QC62Y7JN3SVD,2025-03-12,PET,2025-04-11,272.22,CURED,2025-04-23
VL-BBT7XJIAVIJG,CA-NC-00000116,U-WL7OZ4X88HO5,2025-01-03,PARKING,2025-02-02,51.52,FINED,
VL-0T1S9HDPLQP0,CA-NC-00000116,U-SSRELWBRXQ32,2025-03-04,NOISE,2025-04-03,32.19,CURED,2025-04-21
VL-WDVENNR16BFW,CA-NC-00000116,U-T4U2YPH3VCW0,2025-05-14,PET,2025-06-13,108.0,CURED,2025-07-03
VL-31GW5O5I5AJJ,CA-CO-00000117,U-88QUFET28RTL,2024-09-09,TRASH,2024-10-09,70.27,OPEN,
VL-83Q2ERXRCA78,CA-CO-00000117,U-QD3UWEWVXLMG,2024-08-03,LANDSCAPING,2024-09-02,63.66,DISMISSED,2024-08-25
VL-AB1LQ9X8CY5X,CA-CO-00000117,U-3NGLKB1ZNYZI,2024-08-23,TRASH,2024-09-22,50.38,CURED,2024-09-02
VL-F1C72JIBHAW1,CA-CO-00000117,U-FDLF56RD3U8Q,2024-08-04,PET,2024-09-03,184.93,OPEN,
VL-JR0ZRA712G5H,CA-CO-00000117,U-6RT5G69SL1HA,2024-05-20,TRASH,2024-06-19,59.85,CURED,2024-07-06
VL-UEJ24J0HD7DV,CA-CO-00000117,U-F45DPMSSYWM2,2024-04-20,ARCHITECTURAL,2024-05-20,57.01,DISMISSED,2024-05-04
VL-RZAZ5EIU0VUO,CA-CO-00000117,U-05674D3VHMKZ,2025-06-10,NOISE,2025-07-10,72.76,CURED,2025-08-07
VL-SCGBLGT9C227,CA-CO-00000117,U-3NGLKB1ZNYZI,2024-06-08,LANDSCAPING,2024-07-08,106.84,CURED,2024-07-03
VL-RVOAFYNNQQX7,CA-CO-00000117,U-ECO2A4TGZGOP,2024-11-11,PET,2024-12-11,76.28,FINED,
VL-U1W6XDJQ5PV6,CA-CO-00000117,U-GWOCAX7VIC26,2024-02-18,LANDSCAPING,2024-03-19,93.03,CURED,2024-03-05
VL-UUWFTI2Q0GD9,CA-CO-00000117,U-X8TF164G1U85,2024-03-26,PARKING,2024-04-25,108.66,DISMISSED,2024-05-01
VL-14IFDU9RYKDJ,CA-GA-00000118,U-S71EUULO17CK,2024-06-18,ARCHITECTURAL,2024-07-18,25.36,CURED,2024-07-13
VL-30B0H9GR21P2,CA-GA-00000118,U-LFLFPF0Q2GZE,2024-04-05,OTHER,2024-05-05,121.15,CURED,2024-04-23
VL-JAABQPOWQ2OD,CA-GA-00000118,U-JTR29TEI54K9,2025-02-26,OTHER,2025-03-28,112.13,DISMISSED,2025-04-07
VL-MTGF70ORTH2U,CA-TX-00000119,U-1TTJWYXGCJFQ,2025-05-24,NOISE,2025-06-23,112.71,CURED,2025-06-03
VL-YQ6WA7IP9ICC,CA-TX-00000119,U-3HOPZFD35RXZ,2024-11-20,NOISE,2024-12-20,136.46,DISMISSED,2025-01-15
VL-PLDJPON0SJLJ,CA-TX-00000119,U-EADFYWJF74I7,2024-03-09,TRASH,2024-04-08,95.49,HEARING_SCHEDULED,
VL-E46JLH7YQCAL,CA-TX-00000119,U-ZMFF5NJUMH0K,2025-06-07,PET,2025-07-07,351.26,DISMISSED,2025-07-18
VL-JSN8VMOEAQYX,CA-TX-00000119,U-RZHFX9JSFVX7,2024-01-05,LANDSCAPING,2024-02-04,86.58,CURED,2024-02-16
VL-PAPRG0ZJVRPY,CA-TX-00000119,U-BZD2LW8D6QOD,2024-10-05,NOISE,2024-11-04,53.03,DISMISSED,2024-11-08
VL-XQBJWKD6HWEI,CA-TX-00000119,U-K7ECFR6DBFGI,2024-04-10,ARCHITECTURAL,2024-05-10,80.9,DISMISSED,2024-05-25
VL-DLWIRCY3AZI4,CA-TX-00000119,U-F7NHWIC9LOBI,2024-06-04,ARCHITECTURAL,2024-07-04,107.37,HEARING_SCHEDULED,
VL-KHZ6F1F1J8OX,CA-TX-00000119,U-K222ZJTGPC3A,2024-04-09,PET,2024-05-09,165.01,DISMISSED,2024-05-20
VL-75EAFL2L6AHR,CA-TX-00000119,U-RZHFX9JSFVX7,2024-07-06,LANDSCAPING,2024-08-05,41.43,CURED,2024-08-15
VL-1TMDOLA4161R,CA-TX-00000119,U-N0EZC3HB9YTA,2024-06-24,NOISE,2024-07-24,35.85,DISMISSED,2024-07-21
VL-W4SSTYL8ZISA,CA-TX-00000119,U-S3NGPWBWHC9I,2025-02-17,TRASH,2025-03-19,130.18,ESCALATED,
VL-Q0ZG9PLVIV5L,CA-TX-00000119,U-I3J5NQTGOQP4,2025-03-21,TRASH,2025-04-20,180.04,CURED,2025-04-12
VL-Y0HOCVN6A026,CA-TX-00000119,U-WW0CQAK666N5,2024-04-29,OTHER,2024-05-29,128.8,ESCALATED,
VL-RBRATBYT2WWH,CA-TX-00000119,U-80MCN39PQG7X,2025-03-21,PARKING,2025-04-20,199.56,CURED,2025-05-09
VL-VPCLK7B70DHG,CA-TX-00000119,U-72WZUQUG8DIH,2024-01-05,OTHER,2024-02-04,111.08,CURED,2024-02-28
VL-KWZHQ8Z1PFPI,CA-TX-00000119,U-DD4QJMGFPIAJ,2025-06-02,NOISE,2025-07-02,73.68,CURED,2025-06-13
VL-7NPZUBQLWF9O,CA-TX-00000119,U-BZD2LW8D6QOD,2025-03-11,PET,2025-04-10,64.72,CURED,2025-04-18
VL-E41TIYMT2QGI,CA-TX-00000119,U-4CLKR0VGKPIQ,2024-11-24,LANDSCAPING,2024-12-24,71.37,FINED,
VL-38L5J6LWBFTY,CA-TX-00000119,U-K5DE2HE58GX7,2025-03-17,PET,2025-04-16,77.43,CURED,2025-04-08
VL-18NL6CH67N6Z,CA-TX-00000119,U-94TYOCZR0V46,2025-06-22,ARCHITECTURAL,2025-07-22,244.75,FINED,
VL-EX3TF01W0I9M,CA-TX-00000119,U-ZDJT4FDUADIP,2025-06-09,ARCHITECTURAL,2025-07-09,22.42,ESCALATED,
VL-4LEYGMMMXDO2,CA-TX-00000119,U-0Q9NP3WVM5YB,2024-09-14,PET,2024-10-14,211.33,DISMISSED,2024-10-13
VL-ZW5HE4JQY9Y7,CA-TX-00000119,U-RWP0VFB5TJDU,2024-06-21,PARKING,2024-07-21,175.86,ESCALATED,
VL-92NDZJWD5IYF,CA-TX-00000119,U-UI4PRNJCZOEF,2025-01-07,LANDSCAPING,2025-02-06,28.37,CURED,2025-02-07
VL-I0QU0DN6FGZF,CA-TX-00000119,U-QWZY6HFJN4M3,2024-10-14,PARKING,2024-11-13,131.67,DISMISSED,2024-12-04
VL-K8AINUO4W767,CA-TX-00000119,U-K5DE2HE58GX7,2025-06-22,PARKING,2025-07-22,169.25,CURED,2025-08-01
VL-YJ2NSQ7F1RHN,CA-TX-00000119,U-VPI2RD6CVIUD,2025-02-19,ARCHITECTURAL,2025-03-21,196.24,DISMISSED,2025-03-26
VL-YCUSJZE586VT,CA-TX-00000119,U-9FQNFR7UC5WO,2024-06-16,PET,2024-07-16,396.28,CURED,2024-07-15
VL-5FWDV09BUSIM,CA-CA-00000120,U-UP65USZHFFBR,2025-02-09,LANDSCAPING,2025-03-11,175.65,OPEN,
VL-RWE20HCWY08C,CA-CA-00000120,U-OA8GCBQL2SJQ,2024-10-30,LANDSCAPING,2024-11-29,47.1,DISMISSED,2024-12-09
VL-RNK4PYVGAZDH,CA-CA-00000120,U-R5DT2V6K2TAA,2024-10-28,LANDSCAPING,2024-11-27,115.35,OPEN,
VL-INEO4JGN7UB5,CA-CA-00000120,U-Q6NW99KRWT7X,2024-08-17,LANDSCAPING,2024-09-16,279.33,CURED,2024-10-13
VL-PGITED2Z73LI,CA-CA-00000120,U-T7FAXRQKSEYN,2024-11-29,ARCHITECTURAL,2024-12-29,318.63,CURED,2024-12-23
VL-C5WUMYDKH26H,CA-CA-00000120,U-SPMG9WO84U2J,2025-06-09,ARCHITECTURAL,2025-07-09,47.94,ESCALATED,
VL-2NOLVQ796ON6,CA-CA-00000120,U-Q5S6Q9GAX602,2024-04-16,ARCHITECTURAL,2024-05-16,85.65,ESCALATED,
VL-F5MOCNSUO78L,CA-CA-00000120,U-8S0I7KXS8FPT,2024-04-10,LANDSCAPING,2024-05-10,72.36,ESCALATED,
VL-0MEIK6JSRVRR,CA-CA-00000120,U-FUNESROWRMUS,2024-04-25,PARKING,2024-05-25,65.61,CURED,2024-05-12
VL-BU1PJ1ZYNGKO,CA-NC-00000121,U-KIYDFJYI2YIR,2024-03-31,ARCHITECTURAL,2024-04-30,77.57,DISMISSED,2024-05-27
VL-DFOV3R0THVBM,CA-NC-00000121,U-RDGOQXNQKMQM,2025-03-02,OTHER,2025-04-01,85.82,CURED,2025-04-03
VL-JF0C6T57RBIQ,CA-NC-00000121,U-68G5ZX769BUD,2024-06-05,ARCHITECTURAL,2024-07-05,177.08,ESCALATED,
VL-HG476WKBMIB5,CA-NC-00000121,U-COWHW41NPJJS,2024-06-10,LANDSCAPING,2024-07-10,41.83,DISMISSED,2024-08-08
VL-J5G05Y03L75D,CA-NC-00000121,U-Y357STKLGR83,2025-03-04,PET,2025-04-03,97.51,DISMISSED,2025-04-12
VL-XFPWLAU79SGC,CA-NC-00000121,U-0RX4H5XGY2K8,2024-12-06,TRASH,2025-01-05,19.92,CURED,2025-02-03
VL-PH54NA969AFS,CA-NC-00000121,U-1HVBOOV8MI19,2024-10-21,PARKING,2024-11-20,247.1,HEARING_SCHEDULED,
VL-72EJTZV4RFZL,CA-NC-00000121,U-BQ68LSJJELD3,2025-05-20,OTHER,2025-06-19,31.88,CURED,2025-06-09
VL-JMCYDUMWQLT6,CA-NC-00000121,U-NTIXO9UBKWW5,2024-10-28,OTHER,2024-11-27,74.86,HEARING_SCHEDULED,
VL-6OY7MWRVAY66,CA-IL-00000122,U-BGZDVC87JKKS,2024-09-24,PET,2024-10-24,122.75,CURED,2024-10-18
VL-GCR9ZYLL7F5R,CA-IL-00000122,U-GKF3DSJD6N16,2024-04-30,ARCHITECTURAL,2024-05-30,61.27,CURED,2024-06-04
VL-EJSGVJQJ1POJ,CA-IL-00000122,U-17ODQAX3XGTK,2025-01-24,NOISE,2025-02-23,108.41,CURED,2025-02-20
VL-5JKIAKU5P2F9,CA-IL-00000122,U-721ZQQI9OJJJ,2024-12-04,PARKING,2025-01-03,106.17,CURED,2024-12-18
VL-OG2RU1U472XN,CA-IL-00000122,U-TO7N4JWUGNMJ,2024-08-25,OTHER,2024-09-24,52.94,CURED,2024-09-06
VL-J7K4ASK7NK3A,CA-IL-00000122,U-JER2YOIT5CB5,2025-01-05,ARCHITECTURAL,2025-02-04,74.95,DISMISSED,2025-02-08
VL-I6UGH53BLRH4,CA-NY-00000123,U-L54RF6U4SDUE,2024-12-12,PARKING,2025-01-11,93.52,CURED,2024-12-22
VL-D3QEMGHI97ZO,CA-NY-00000123,U-R05KUUWLFQCI,2024-11-28,LANDSCAPING,2024-12-28,85.55,DISMISSED,2025-01-05
VL-24ODFR9T571G,CA-NY-00000123,U-4DZO3FRCBOXL,2024-09-13,LANDSCAPING,2024-10-13,127.07,DISMISSED,2024-10-05
VL-9JQ6ANG6KPTB,CA-NY-00000123,U-O88VC6GDDX6D,2025-05-15,ARCHITECTURAL,2025-06-14,69.83,DISMISSED,2025-07-13
VL-8K7GUMW1UQV7,CA-NY-00000123,U-RUFDAJA7BJ46,2024-05-05,PARKING,2024-06-04,121.86,DISMISSED,2024-06-29
VL-A8Q2U5ROG70M,CA-NY-00000123,U-5RULQDYPZCYR,2025-02-22,PARKING,2025-03-24,63.36,CURED,2025-04-11
VL-Q2IUDWZE3HXC,CA-NY-00000123,U-R3KV83ETJLBV,2024-10-23,TRASH,2024-11-22,125.26,CURED,2024-12-03
VL-J33BN63IMVEY,CA-NY-00000123,U-ICED383PPTQF,2024-12-27,TRASH,2025-01-26,84.72,CURED,2025-01-12
VL-TGHDXAFUJKJ9,CA-NY-00000123,U-8KA2KEW1LVO5,2024-02-17,LANDSCAPING,2024-03-18,69.28,ESCALATED,
VL-JA9ASTEKUTBL,CA-VA-00000124,U-ZFX49LC8DIVC,2024-10-02,PET,2024-11-01,237.8,DISMISSED,2024-11-29
VL-OX3ORT0OVTIX,CA-VA-00000124,U-2WEIIMEO5UA5,2024-10-15,LANDSCAPING,2024-11-14,151.83,CURED,2024-10-28
VL-DMNAAZBFLLMP,CA-TX-00000125,U-B9453YCLSSEG,2024-04-05,TRASH,2024-05-05,91.63,CURED,2024-05-20
VL-WBAWPFOYBTSY,CA-TX-00000125,U-AA3KJJ2WWW3F,2024-07-23,TRASH,2024-08-22,198.24,DISMISSED,2024-08-18
VL-RRM0BF3C7JF5,CA-TX-00000125,U-M8O9R2ILD5VR,2024-12-31,PARKING,2025-01-30,137.62,ESCALATED,
VL-GBH2FPTL0V82,CA-TX-00000125,U-PT9M7A5KJBAJ,2024-05-08,ARCHITECTURAL,2024-06-07,205.32,DISMISSED,2024-05-18
VL-UBW8M0AYXZEO,CA-TX-00000125,U-WCTC1SRNK3MX,2025-02-13,PARKING,2025-03-15,88.28,ESCALATED,
VL-9WNSH99YQUSH,CA-TX-00000125,U-8CH48RPBB4GR,2025-05-05,ARCHITECTURAL,2025-06-04,114.49,CURED,2025-06-14
VL-K8IZBI86JN16,CA-TX-00000125,U-34XMOKOZNXJ1,2024-04-29,LANDSCAPING,2024-05-29,77.54,ESCALATED,
VL-3WUDMBT63GCQ,CA-TX-00000125,U-EQMBEUE9JQAD,2025-03-04,OTHER,2025-04-03,121.82,ESCALATED,
VL-NGYI3PNVNTZ7,CA-TX-00000125,U-D0KHVX324KH3,2024-09-26,ARCHITECTURAL,2024-10-26,175.48,CURED,2024-10-16
VL-R9K7FR1OXUHM,CA-IL-00000126,U-GI5877O7ZPZR,2025-02-02,PARKING,2025-03-04,69.84,CURED,2025-02-21
VL-WGBUDC0MHTR9,CA-IL-00000126,U-N0ESSDLA8DMI,2024-03-24,PARKING,2024-04-23,43.91,DISMISSED,2024-04-11
VL-215A9HL7DSZU,CA-IL-00000126,U-0HX81QLD56PX,2025-01-19,NOISE,2025-02-18,285.43,CURED,2025-03-14
VL-8UG08YIJ4KP3,CA-IL-00000126,U-S5UNG5A59P2U,2024-08-12,NOISE,2024-09-11,86.71,FINED,
VL-MF0SZ5E6KUE9,CA-IL-00000126,U-M9Q0IC5GL9B0,2024-12-03,ARCHITECTURAL,2025-01-02,57.03,CURED,2025-01-12
VL-I86UN5RQEYKV,CA-IL-00000126,U-TAQ6GLPGUT1P,2024-08-15,OTHER,2024-09-14,58.87,ESCALATED,
VL-0VPVLX8XCB27,CA-IL-00000126,U-MKH33P9AYXCW,2024-12-29,TRASH,2025-01-28,177.64,CURED,2025-02-16
VL-2OVNB9FN7WF2,CA-IL-00000126,U-O1U8SH4NO2FG,2024-11-27,TRASH,2024-12-27,55.61,HEARING_SCHEDULED,
VL-L88156DYI4OJ,CA-IL-00000126,U-N0ESSDLA8DMI,2025-01-31,TRASH,2025-03-02,39.74,CURED,2025-03-29
VL-HO90IPRY8J46,CA-IL-00000126,U-TAQ6GLPGUT1P,2024-07-20,TRASH,2024-08-19,458.21,DISMISSED,2024-09-09
VL-5O9R6KQSAIWI,CA-IL-00000126,U-WBAG6ZHSXI57,2024-03-03,LANDSCAPING,2024-04-02,114.08,DISMISSED,2024-04-26
VL-75EI9QFP4X8L,CA-IL-00000126,U-GVEL3F0HBSKM,2024-04-26,LANDSCAPING,2024-05-26,60.92,CURED,2024-06-12
VL-BVW9Y8CVRC05,CA-IL-00000126,U-2B62GWYTX86J,2024-12-20,LANDSCAPING,2025-01-19,356.51,ESCALATED,
VL-VU0PGSXN0CKD,CA-IL-00000126,U-C46MW5VWZKL8,2024-09-15,ARCHITECTURAL,2024-10-15,102.51,CURED,2024-10-29
VL-CAFC97DQ6GVX,CA-IL-00000126,U-DSUNTTHRHBTB,2024-01-26,PARKING,2024-02-25,68.68,DISMISSED,2024-03-02
VL-OO92APYNN1NO,CA-IL-00000126,U-8CJ1NT8X9M3L,2024-05-03,ARCHITECTURAL,2024-06-02,450.51,CURED,2024-06-11
VL-89DK2P0BPMU2,CA-IL-00000126,U-K86VDAG0IYVA,2024-03-24,TRASH,2024-04-23,52.51,CURED,2024-04-07
VL-AFCC6B7XTF4I,CA-IL-00000126,U-MKH33P9AYXCW,2025-03-03,LANDSCAPING,2025-04-02,67.06,CURED,2025-04-09
VL-099MWSZBP8UW,CA-IL-00000126,U-M9Q0IC5GL9B0,2024-08-28,PARKING,2024-09-27,53.63,CURED,2024-10-04
VL-AH4VPTBNYAP4,CA-IL-00000126,U-ZO7NPLGIHJFM,2024-08-15,PARKING,2024-09-14,78.38,CURED,2024-09-07
VL-JUU51COBYXQL,CA-IL-00000126,U-ES995WVB52IO,2024-12-29,TRASH,2025-01-28,153.47,ESCALATED,
VL-3A4SMF1JBFW2,CA-IL-00000126,U-WBAG6ZHSXI57,2025-06-13,PARKING,2025-07-13,188.88,OPEN,
VL-YWAJTJJIFYO1,CA-IL-00000126,U-BNVJ25V6O0KX,2025-05-30,TRASH,2025-06-29,33.7,CURED,2025-06-09
VL-SB0LZHNBMXZ9,CA-IL-00000126,U-YQOUK51STOLH,2024-05-04,LANDSCAPING,2024-06-03,68.92,FINED,
VL-8G7K2ZUZ0C92,CA-IL-00000126,U-CUN39S5I43K2,2025-01-30,PET,2025-03-01,89.29,DISMISSED,2025-02-10
VL-H4NYHNRSCA2A,CA-IL-00000126,U-BM3AM59MUQKS,2025-05-02,ARCHITECTURAL,2025-06-01,45.15,CURED,2025-06-22
VL-MFSWK15UAXM2,CA-IL-00000126,U-03FRBW0995AB,2024-02-08,TRASH,2024-03-09,73.73,DISMISSED,2024-03-22
VL-9CY0FKIOYG80,CA-IL-00000126,U-BM3AM59MUQKS,2024-03-29,TRASH,2024-04-28,41.75,DISMISSED,2024-04-19
VL-60LM23X1QQPA,CA-IL-00000126,U-57KE95FLHTA4,2024-06-02,LANDSCAPING,2024-07-02,134.24,CURED,2024-07-08
VL-LZALWMFDW69N,CA-FL-00000127,U-VN0DNGSXC3CQ,2024-08-19,PARKING,2024-09-18,65.62,CURED,2024-09-14
VL-GUTWDVTMBVIQ,CA-FL-00000127,U-2AXVHIUN28UW,2025-06-21,OTHER,2025-07-21,43.06,FINED,
VL-9452BZU75XDK,CA-FL-00000127,U-Q9P7Y6SOVS2S,2025-02-26,PET,2025-03-28,227.6,DISMISSED,2025-03-17
VL-GA8LLL8UJDOT,CA-IL-00000128,U-M5CD4DTACGTA,2025-03-24,OTHER,2025-04-23,43.03,DISMISSED,2025-05-04
VL-URJMEG9WENH2,CA-IL-00000128,U-VG86NXBAO5Y9,2025-04-24,LANDSCAPING,2025-05-24,376.38,CURED,2025-05-18
VL-LRVHAVM4GMDM,CA-IL-00000128,U-6GVGE1DLBCQA,2025-03-19,ARCHITECTURAL,2025-04-18,103.94,DISMISSED,2025-04-11
VL-KPV6U6WSO3SA,CA-IL-00000128,U-94WM3BK6CWV2,2024-01-28,NOISE,2024-02-27,92.73,DISMISSED,2024-02-13
VL-A0YLI62BCXLN,CA-IL-00000128,U-OTO721C197JQ,2024-10-25,ARCHITECTURAL,2024-11-24,80.79,DISMISSED,2024-12-18
VL-L2B75X7PR8W1,CA-IL-00000128,U-NI7QY4N529E3,2024-10-24,TRASH,2024-11-23,116.0,CURED,2024-12-21
VL-2L84I05F7IL8,CA-IL-00000128,U-9H5PLPR3F6ME,2024-03-08,PARKING,2024-04-07,24.55,OPEN,
VL-NR6Z91IIBPBT,CA-IL-00000128,U-N078C74TULAO,2024-07-18,PARKING,2024-08-17,133.45,HEARING_SCHEDULED,
VL-IS44BSHKYNEX,CA-NV-00000129,U-V7T7U792MSQJ,2024-06-18,NOISE,2024-07-18,145.53,CURED,2024-07-29
VL-6ZXAZE2YC567,CA-NV-00000129,U-547TN5QQ4M5J,2025-03-21,ARCHITECTURAL,2025-04-20,94.4,CURED,2025-04-22
VL-PUJU0G4FIDI0,CA-NV-00000129,U-JMJECG9JEZ9H,2024-04-09,OTHER,2024-05-09,220.1,CURED,2024-04-20
VL-RM2Z9THZXNW1,CA-NV-00000129,U-2DG3DM525FA8,2025-01-31,ARCHITECTURAL,2025-03-02,49.71,DISMISSED,2025-03-03
VL-JZYKT36CQX5O,CA-NV-00000129,U-KFXD09WUAU2Z,2025-06-02,LANDSCAPING,2025-07-02,48.2,FINED,
VL-89YJPH1A8W86,CA-NV-00000129,U-EQ05BWLB70KA,2024-02-13,PARKING,2024-03-14,100.65,CURED,2024-03-04
VL-V84JR6V405UH,CA-NV-00000129,U-ULBGTUJS8O3P,2025-02-26,OTHER,2025-03-28,174.43,HEARING_SCHEDULED,
VL-D0FEVVYDGSGR,CA-NV-00000130,U-00VNAOK94F1O,2025-02-03,ARCHITECTURAL,2025-03-05,144.33,DISMISSED,2025-02-19
VL-CD7IH1KR4L80,CA-NV-00000130,U-7EO5LMZVTHUW,2024-04-26,LANDSCAPING,2024-05-26,63.96,FINED,
VL-WSQX5D744MX6,CA-NV-00000130,U-G736DIMUD48O,2025-04-20,PET,2025-05-20,127.66,FINED,
VL-900ME92IPHEJ,CA-NV-00000130,U-Y26CGQESDNC1,2024-11-30,OTHER,2024-12-30,119.19,CURED,2024-12-17
VL-1GB0J5PV3J39,CA-NV-00000130,U-00VNAOK94F1O,2024-10-13,LANDSCAPING,2024-11-12,159.87,DISMISSED,2024-11-03
VL-L23CCLQP2F7S,CA-FL-00000131,U-3BZ0CBRDCDTL,2025-04-25,TRASH,2025-05-25,61.58,CURED,2025-05-21
VL-FBWPUNBNJ33I,CA-FL-00000131,U-HQT03DSN049L,2025-05-13,PARKING,2025-06-12,210.72,CURED,2025-06-26
VL-EC0IL1HLAHRJ,CA-FL-00000131,U-XZL364VJAOT4,2024-11-07,PET,2024-12-07,408.45,CURED,2024-12-09
VL-3RNGF1YZ9S5M,CA-FL-00000131,U-XZL364VJAOT4,2025-02-23,ARCHITECTURAL,2025-03-25,42.17,CURED,2025-03-14
VL-WDBD6R3KQCLT,CA-VA-00000132,U-XWKBMSZZGNG6,2025-04-10,LANDSCAPING,2025-05-10,96.82,CURED,2025-04-21
VL-C5QLVPGSU9KR,CA-VA-00000132,U-0S55FFR38WSU,2025-06-07,LANDSCAPING,2025-07-07,32.03,CURED,2025-08-03
VL-DQD3VC9KG83J,CA-VA-00000132,U-I3KVOVPFE2AT,2025-05-25,NOISE,2025-06-24,74.1,CURED,2025-06-23
VL-3XZ6N676RIKX,CA-VA-00000132,U-KPTFO6868X49,2024-02-27,TRASH,2024-03-28,112.66,FINED,
VL-0JRTW3Z0JJUC,CA-VA-00000132,U-L9S0ZBCSANSR,2024-02-05,NOISE,2024-03-06,65.1,DISMISSED,2024-03-08
VL-7WHBDI7VCLDK,CA-VA-00000132,U-QNASKS1WM1K7,2024-12-02,ARCHITECTURAL,2025-01-01,55.32,CURED,2025-01-26
VL-AEGIFDLNPPBA,CA-VA-00000132,U-HTJMY4YWLZVM,2025-01-14,LANDSCAPING,2025-02-13,70.68,HEARING_SCHEDULED,
VL-K72K9JE8BOL8,CA-IL-00000133,U-QMHDMG0DTTK7,2024-02-13,PET,2024-03-14,50.6,CURED,2024-03-27
VL-4J2LFHGIYHPL,CA-IL-00000133,U-BF4QPDKJLW2Z,2024-03-02,LANDSCAPING,2024-04-01,129.67,CURED,2024-04-22
VL-D53A7PFX6I43,CA-IL-00000133,U-4AZP8QYSKFG2,2024-09-24,ARCHITECTURAL,2024-10-24,64.72,DISMISSED,2024-10-09
VL-XWPVFN9AMNI8,CA-GA-00000134,U-XOS9GN02LYOF,2025-04-02,PARKING,2025-05-02,323.31,CURED,2025-05-12
VL-UBA0ZVTJYC4B,CA-GA-00000134,U-BN4SDGKTPW4U,2024-12-31,TRASH,2025-01-30,317.42,ESCALATED,
VL-H58Z42CDUB34,CA-GA-00000134,U-NX4MG9CPFI0K,2024-07-11,PARKING,2024-08-10,152.72,DISMISSED,2024-07-27
VL-1H8ZK9WEF6LI,CA-GA-00000134,U-55IUQSUDUQ60,2024-05-21,ARCHITECTURAL,2024-06-20,124.19,DISMISSED,2024-07-20
VL-EE1QLV6CFRY3,CA-GA-00000134,U-WYV5JVFVP2YK,2024-12-28,TRASH,2025-01-27,37.93,CURED,2025-02-09
VL-V2MR3EM3KXBS,CA-GA-00000134,U-KSENZNA2RXDG,2024-12-04,ARCHITECTURAL,2025-01-03,164.71,DISMISSED,2025-01-19
VL-380HS2GTU6ZN,CA-GA-00000134,U-D9LVHW4E6352,2024-03-31,LANDSCAPING,2024-04-30,93.44,CURED,2024-05-03
VL-8CIN6NWKF5GU,CA-GA-00000134,U-0KTE4LD2ZAUI,2024-03-15,PET,2024-04-14,41.94,FINED,
VL-BX1R9SNT1OTG,CA-GA-00000134,U-EKUJIIDEA18D,2024-05-05,TRASH,2024-06-04,113.58,DISMISSED,2024-06-11
VL-KI80CNCGABT8,CA-GA-00000134,U-7H4UNF8P7HL1,2024-05-30,PARKING,2024-06-29,69.03,CURED,2024-06-19
VL-OG7PFOY1HJHE,CA-GA-00000134,U-86BNJYN2FFDM,2024-07-02,LANDSCAPING,2024-08-01,375.91,DISMISSED,2024-07-17
VL-BO2MBM0WF6VM,CA-GA-00000134,U-Z8EWV6SKW7P4,2025-01-09,LANDSCAPING,2025-02-08,95.85,CURED,2025-02-26
VL-64O2LD64J1M9,CA-GA-00000134,U-KJH51IL0CH4N,2024-05-23,LANDSCAPING,2024-06-22,79.56,CURED,2024-06-16
VL-OPBY56VPN08V,CA-GA-00000134,U-VAAWT07Y0QNB,2024-03-31,ARCHITECTURAL,2024-04-30,124.85,CURED,2024-04-23
VL-ZAU81158WKI8,CA-GA-00000134,U-9GWW582Z95S8,2025-03-28,PET,2025-04-27,59.97,CURED,2025-05-01
VL-YFCBIN52FOZV,CA-GA-00000134,U-Z8EWV6SKW7P4,2024-05-01,PET,2024-05-31,66.65,CURED,2024-05-31
VL-H5M06QDFJWJZ,CA-IL-00000135,U-6A9VG27DCDT7,2024-01-01,LANDSCAPING,2024-01-31,58.58,CURED,2024-01-26
VL-4UURQXLLT6Q6,CA-IL-00000135,U-W18JKUYN4PM3,2024-01-19,PARKING,2024-02-18,52.1,CURED,2024-02-19
VL-E8LMYFYU1WJV,CA-IL-00000135,U-4JIUNWBQR6ES,2024-06-06,PARKING,2024-07-06,49.25,DISMISSED,2024-06-18
VL-R76J0QPSX82Z,CA-IL-00000135,U-4JIUNWBQR6ES,2025-05-24,TRASH,2025-06-23,136.01,DISMISSED,2025-06-11
VL-AMI8LXCOTQKZ,CA-IL-00000135,U-VRECCKSB0OJU,2024-09-08,NOISE,2024-10-08,43.56,FINED,
VL-O75TEY9DOSBY,CA-IL-00000135,U-W98GSBW6M2U1,2024-01-28,NOISE,2024-02-27,39.41,DISMISSED,2024-03-22
VL-ANI8RES7HI0E,CA-IL-00000135,U-W98GSBW6M2U1,2024-11-26,PARKING,2024-12-26,68.38,CURED,2024-12-17
VL-EQKBE7O5RDCU,CA-IL-00000135,U-W98GSBW6M2U1,2025-03-24,OTHER,2025-04-23,86.19,CURED,2025-05-08
VL-5GHJXWAQMQWK,CA-IL-00000135,U-HUHX53APU3WZ,2024-08-08,ARCHITECTURAL,2024-09-07,49.22,DISMISSED,2024-09-06
VL-QGQQBQUBV8Q4,CA-IL-00000135,U-O4YKDVWUWS08,2025-03-28,LANDSCAPING,2025-04-27,132.08,HEARING_SCHEDULED,
VL-RSKQO9GHLVGB,CA-IL-00000135,U-SNRDOPZPOPA9,2025-04-06,ARCHITECTURAL,2025-05-06,125.98,CURED,2025-06-05
VL-ZPC07J4WK7D1,CA-FL-00000136,U-AHILNT68SLI2,2024-06-26,TRASH,2024-07-26,158.91,CURED,2024-07-21
VL-BBTBB2SP0FXG,CA-FL-00000136,U-95NEQ2CNI1RK,2025-06-13,PET,2025-07-13,39.15,CURED,2025-07-11
VL-EZJUS6C82IE7,CA-FL-00000136,U-RGRAERYTED6C,2024-01-17,TRASH,2024-02-16,264.02,DISMISSED,2024-03-06
VL-6IXD0LL70N91,CA-FL-00000136,U-43TGJ4D6DR2F,2025-04-15,ARCHITECTURAL,2025-05-15,139.1,CURED,2025-06-10
VL-3JNRKQWH0V3L,CA-FL-00000136,U-AHILNT68SLI2,2025-05-14,LANDSCAPING,2025-06-13,108.28,CURED,2025-06-21
VL-FWHXJLDUHOWV,CA-FL-00000136,U-EVHKJMY94ZGG,2025-04-20,PET,2025-05-20,571.54,CURED,2025-06-10
VL-W5KPDUT2NZ4I,CA-FL-00000136,U-JZONCMZV3T9A,2024-01-25,PARKING,2024-02-24,103.53,OPEN,
VL-NHDOCGOLHDE5,CA-FL-00000136,U-9LX00YJ3LJE3,2025-03-18,PARKING,2025-04-17,22.99,CURED,2025-04-05
VL-2SHEE0FYJDCT,CA-FL-00000136,U-C1K61IBLFA51,2025-03-10,PARKING,2025-04-09,170.94,DISMISSED,2025-03-20
VL-OW8FFCB6GBZB,CA-CA-00000137,U-SV037NKGPH4P,2025-01-28,PARKING,2025-02-27,66.14,FINED,
VL-SC921838ET58,CA-CA-00000137,U-T5A5UQ45AY5L,2024-02-03,ARCHITECTURAL,2024-03-04,170.18,FINED,
VL-ZLDDP23PYQYD,CA-CA-00000137,U-LYGU77F1IUTA,2024-03-28,PARKING,2024-04-27,73.87,OPEN,
VL-BSEO2KQL5ICT,CA-CA-00000137,U-NUQAVV3US3M4,2024-04-17,NOISE,2024-05-17,29.33,HEARING_SCHEDULED,
VL-FI8H7BFJATS5,CA-CA-00000137,U-YY7TL28KG2II,2025-01-01,PARKING,2025-01-31,126.79,OPEN,
VL-SD6Q2Y54PMMO,CA-CA-00000137,U-TRBM47F3HTKA,2024-06-27,LANDSCAPING,2024-07-27,108.66,DISMISSED,2024-07-19
VL-C7DB3147V4T5,CA-CA-00000137,U-KKZUIT7OTCFW,2024-05-21,LANDSCAPING,2024-06-20,104.53,FINED,
VL-QUC8W1XXVX13,CA-CA-00000137,U-JOS6DXDXF3L7,2024-07-28,PARKING,2024-08-27,82.05,DISMISSED,2024-09-12
VL-QNWLNG2XK3NV,CA-CA-00000137,U-TRBM47F3HTKA,2025-03-03,LANDSCAPING,2025-04-02,194.63,DISMISSED,2025-05-02
VL-CCE3HGXV0PCB,CA-CA-00000137,U-LL3DRD35WV8D,2025-02-25,PARKING,2025-03-27,95.02,ESCALATED,
VL-TPGPQDJQ04AK,CA-CA-00000137,U-3GB9EN3VSTQA,2025-02-10,TRASH,2025-03-12,34.02,CURED,2025-03-16
VL-9PC4FBN6ZPV7,CA-CA-00000137,U-NUQAVV3US3M4,2024-11-23,PARKING,2024-12-23,54.3,CURED,2024-12-25
VL-5JXHOU4C5FK1,CA-FL-00000138,U-3PSPK3NEO8TV,2025-04-17,PARKING,2025-05-17,37.83,HEARING_SCHEDULED,
VL-WJJ5UUEE2I2A,CA-FL-00000138,U-7WMVNFJM9SRS,2024-06-25,TRASH,2024-07-25,124.1,DISMISSED,2024-07-13
VL-YFQ6RAHVNX4C,CA-FL-00000138,U-93STI6ZRVHBI,2025-03-14,PET,2025-04-13,22.15,CURED,2025-04-11
VL-1T1Q5O9HK132,CA-FL-00000138,U-IM7L6VX4H9LX,2024-06-23,PARKING,2024-07-23,178.66,DISMISSED,2024-07-18
VL-TMLD7247CX7Z,CA-FL-00000138,U-FN9K088K6XJO,2024-01-03,PARKING,2024-02-02,150.82,CURED,2024-03-02
VL-0XPJNW3IXRK9,CA-OH-00000139,U-EOFEMMFZO4VC,2025-05-17,PARKING,2025-06-16,278.7,ESCALATED,
VL-KXAXICK1BTKM,CA-OH-00000139,U-GBQFQSBEQSOL,2025-06-14,ARCHITECTURAL,2025-07-14,199.18,CURED,2025-07-26
VL-KR1YEFDLSXZG,CA-OH-00000139,U-XEDJZBK4WX96,2025-04-25,PARKING,2025-05-25,38.43,DISMISSED,2025-06-02
VL-YCFIM2S975LK,CA-OH-00000139,U-DPW3KSLSRUMF,2025-06-22,TRASH,2025-07-22,110.39,CURED,2025-07-28
VL-K19UH2YXK6UI,CA-OH-00000139,U-9BJXHTRMDZ0W,2024-06-16,NOISE,2024-07-16,56.76,CURED,2024-07-14
VL-FUIYE8D16UTK,CA-OH-00000139,U-U46US957QWX3,2024-04-24,OTHER,2024-05-24,7.3,CURED,2024-06-23
VL-MT0I5RTOPZBZ,CA-OH-00000139,U-RRE3HF95WRD7,2024-07-08,NOISE,2024-08-07,144.28,DISMISSED,2024-08-03
VL-86TC0WLUI5VX,CA-OH-00000139,U-2SJHM0ZJGIC4,2024-02-08,ARCHITECTURAL,2024-03-09,111.39,CURED,2024-03-31
VL-FCUTUE1Y5O8L,CA-OH-00000139,U-REQ441B0G6Z1,2025-06-07,NOISE,2025-07-07,29.48,CURED,2025-07-16
VL-YSZDY8E3FG83,CA-MA-00000140,U-D92EJEGX8RER,2024-11-23,PARKING,2024-12-23,112.76,FINED,
VL-Y89EES74CFV7,CA-MA-00000140,U-D92EJEGX8RER,2025-04-18,PET,2025-05-18,134.77,FINED,
VL-XMG70J3SOUO4,CA-WA-00000141,U-UHHFGUCWU0FJ,2024-12-15,ARCHITECTURAL,2025-01-14,77.91,CURED,2025-02-01
VL-U3CSZQ6W7GY8,CA-WA-00000141,U-0A07SNJFAC8Y,2024-07-29,NOISE,2024-08-28,73.63,CURED,2024-08-15
VL-P562BOXOX1PS,CA-WA-00000141,U-J62PTUML6T44,2025-06-06,PARKING,2025-07-06,52.38,FINED,
VL-J46FQPQHH3ZQ,CA-WA-00000141,U-GLI6EK5PXOBZ,2024-02-05,ARCHITECTURAL,2024-03-06,45.9,CURED,2024-03-23
VL-RA7BIS9OG6ZE,CA-WA-00000141,U-702HHNNQ81UY,2025-03-04,ARCHITECTURAL,2025-04-03,57.33,CURED,2025-05-02
VL-C6PU1LDYIDDC,CA-WA-00000141,U-IS9OCXJ6ABNY,2024-01-13,LANDSCAPING,2024-02-12,133.54,ESCALATED,
VL-QJIXQVRN1NQK,CA-WA-00000141,U-MCOVOQJES3IK,2025-03-06,NOISE,2025-04-05,34.54,DISMISSED,2025-04-01
VL-XI7N0SBKGDY3,CA-WA-00000141,U-IS9OCXJ6ABNY,2024-04-10,PARKING,2024-05-10,231.45,CURED,2024-06-08
VL-D1DRFI6D2F23,CA-IL-00000142,U-H4WS188KUNO2,2024-03-16,ARCHITECTURAL,2024-04-15,138.49,DISMISSED,2024-05-02
VL-HT8YXKMXSA2N,CA-IL-00000142,U-3DAIAM14IL5A,2025-02-22,LANDSCAPING,2025-03-24,81.27,OPEN,
VL-CLQZB8MJCPEE,CA-IL-00000142,U-O2AYDVSWU0NG,2025-05-06,ARCHITECTURAL,2025-06-05,292.64,DISMISSED,2025-07-03
VL-651FFW0IOT76,CA-IL-00000142,U-PMVQR3VS75IA,2025-02-16,ARCHITECTURAL,2025-03-18,106.56,CURED,2025-03-07
VL-CABOO46KTF85,CA-IL-00000142,U-GC6C695XU6PP,2025-03-24,PARKING,2025-04-23,113.85,OPEN,
VL-RU2YQLYXF0YU,CA-IL-00000142,U-ZTGTDXEQGIRU,2025-02-16,PARKING,2025-03-18,68.99,DISMISSED,2025-04-01
VL-0DS3NWV61R5F,CA-IL-00000142,U-72ZQ1NVI3MTY,2025-06-12,LANDSCAPING,2025-07-12,54.87,CURED,2025-07-03
VL-3KGYR6CI4EXC,CA-IL-00000142,U-GC6C695XU6PP,2024-02-10,TRASH,2024-03-11,337.11,CURED,2024-04-08
VL-0PU70HVOG2V7,CA-IL-00000142,U-24RDABZWYH0A,2025-04-23,NOISE,2025-05-23,200.15,HEARING_SCHEDULED,
VL-YRBWPNDELQGK,CA-TX-00000143,U-76UINMP0TU5G,2024-09-03,TRASH,2024-10-03,145.43,CURED,2024-10-24
VL-YB7CZ48NWSXJ,CA-TX-00000143,U-116QQ2KDH1TN,2024-11-22,LANDSCAPING,2024-12-22,162.76,FINED,
VL-3TBUH4RQ7U4V,CA-FL-00000144,U-ID884VUOEX80,2024-06-22,LANDSCAPING,2024-07-22,159.28,CURED,2024-08-20
VL-27M8L0Z0PYV6,CA-FL-00000144,U-1BAACOU0OZ2G,2024-05-12,LANDSCAPING,2024-06-11,363.75,CURED,2024-05-30
VL-DL654GS3449W,CA-FL-00000144,U-9Q69T3FS1MR5,2024-04-12,PET,2024-05-12,71.3,CURED,2024-05-13
VL-C1CY7V0AOPTJ,CA-FL-00000144,U-LREMOQW24UCV,2024-04-19,TRASH,2024-05-19,99.15,DISMISSED,2024-06-02
VL-0HJOHAF3A4GS,CA-FL-00000144,U-MT43UCQEHBU4,2024-06-19,LANDSCAPING,2024-07-19,192.96,DISMISSED,2024-07-20
VL-PJR7HPE3BFNH,CA-FL-00000144,U-RTKMRV7HEXOD,2024-07-26,OTHER,2024-08-25,131.8,OPEN,
VL-HAE6PS0QYRBN,CA-FL-00000144,U-FHPUVXO39GKZ,2024-07-15,PARKING,2024-08-14,162.44,HEARING_SCHEDULED,
VL-JGFGJ03GA8TW,CA-FL-00000144,U-RTKMRV7HEXOD,2025-03-21,LANDSCAPING,2025-04-20,107.17,ESCALATED,
VL-WS3IME18UG1O,CA-CA-00000145,U-B6O54KZQXKER,2024-02-12,NOISE,2024-03-13,82.57,CURED,2024-03-24
VL-NSXEMUL0UCDJ,CA-CA-00000145,U-GTPCF4BKBVDZ,2024-04-30,LANDSCAPING,2024-05-30,28.61,DISMISSED,2024-05-27
VL-C11BHNPW9PRQ,CA-CA-00000145,U-RTQHHE0QH1XJ,2024-02-24,ARCHITECTURAL,2024-03-25,104.58,HEARING_SCHEDULED,
VL-F9O8NVUUIMFX,CA-CA-00000145,U-XIVCKXJFK0YF,2024-03-11,TRASH,2024-04-10,26.43,HEARING_SCHEDULED,
VL-2W1V10PD5ORV,CA-CA-00000145,U-G12IDBERJCTO,2025-06-07,PET,2025-07-07,84.93,DISMISSED,2025-06-29
VL-L9R5SZFW1M5O,CA-CA-00000145,U-DRB00VT4CHU2,2024-11-06,NOISE,2024-12-06,99.12,FINED,
VL-8TK2MLL0Q3QN,CA-CA-00000145,U-QE594E2FKLX6,2024-06-15,TRASH,2024-07-15,140.97,HEARING_SCHEDULED,
VL-ZY4TYHNZELXN,CA-CA-00000145,U-B6O54KZQXKER,2024-05-07,ARCHITECTURAL,2024-06-06,79.53,DISMISSED,2024-06-01
VL-350G06TQE8S5,CA-CA-00000145,U-WO7V4Z4CRJT2,2024-04-26,PARKING,2024-05-26,216.49,CURED,2024-06-23
VL-FJ18SH76TC1Q,CA-CA-00000145,U-870MPAIYLJMF,2024-10-14,ARCHITECTURAL,2024-11-13,380.11,CURED,2024-10-29
VL-6Q7PTO94ODQU,CA-CA-00000145,U-DRB00VT4CHU2,2024-11-15,PARKING,2024-12-15,333.22,DISMISSED,2024-12-10
VL-EP8YZNJDEK95,CA-CA-00000145,U-KQWDTJUSQSDT,2025-05-13,NOISE,2025-06-12,85.31,CURED,2025-06-28
VL-XJ6QAOMW5IHG,CA-CA-00000145,U-JYELS8FPHWNO,2024-05-19,NOISE,2024-06-18,82.8,DISMISSED,2024-07-13
VL-XMI5SOOB8LL1,CA-CA-00000145,U-1K1UM1G9A8Q7,2024-11-08,TRASH,2024-12-08,228.33,ESCALATED,
VL-G9JAUOOTUCYG,CA-TX-00000146,U-I0CEEBGGO850,2025-05-30,LANDSCAPING,2025-06-29,99.99,HEARING_SCHEDULED,
VL-YM6HKE4N8H8K,CA-TX-00000146,U-STFO4JA2OICR,2025-01-11,OTHER,2025-02-10,116.69,DISMISSED,2025-02-05
VL-VNA1OO84YBPX,CA-TX-00000146,U-AZ99C73QWDTC,2024-07-17,ARCHITECTURAL,2024-08-16,64.21,FINED,
VL-CLJ4GCOL6VFB,CA-TX-00000146,U-3TNNP3SLMUUB,2024-03-05,OTHER,2024-04-04,311.26,CURED,2024-05-01
VL-G0EKCWQ8XDPD,CA-TX-00000146,U-BLRET0GFA158,2024-04-17,ARCHITECTURAL,2024-05-17,70.67,DISMISSED,2024-05-16
VL-NCVIWDCSSUH7,CA-TX-00000146,U-FYM8M4ODO9JT,2025-05-30,PET,2025-06-29,51.83,ESCALATED,
VL-IXF6TXIS6R3L,CA-TX-00000146,U-3TNNP3SLMUUB,2024-02-11,ARCHITECTURAL,2024-03-12,117.05,CURED,2024-03-26
VL-05XYYUVYL09M,CA-TX-00000146,U-LJHM2ZTM83H3,2024-03-28,PARKING,2024-04-27,47.59,CURED,2024-05-14
VL-B79THIE2CKTX,CA-TX-00000146,U-8WFQAF00PCBN,2025-01-07,ARCHITECTURAL,2025-02-06,189.85,FINED,
VL-KLXOJSUY07D9,CA-TX-00000147,U-YKWHPU3V3YLI,2024-04-29,NOISE,2024-05-29,115.98,DISMISSED,2024-06-03
VL-SGE57A4QMX1Y,CA-TX-00000147,U-R5G309EQH8W0,2024-05-30,PARKING,2024-06-29,103.83,DISMISSED,2024-06-09
VL-P4HYSWF1E4IN,CA-TX-00000147,U-716UCOXZ3YZM,2024-12-24,TRASH,2025-01-23,58.63,CURED,2025-02-01
VL-76KUOH3DLCV3,CA-TX-00000147,U-0HVQOBJAWJVC,2024-07-31,LANDSCAPING,2024-08-30,142.98,CURED,2024-09-12
VL-XA2BER7M8CMU,CA-AZ-00000148,U-OCTMPUF0H8LZ,2025-02-06,LANDSCAPING,2025-03-08,48.41,HEARING_SCHEDULED,
VL-WNIK50V0PK3Z,CA-AZ-00000148,U-JU1NDGWBBEPS,2024-01-05,LANDSCAPING,2024-02-04,65.25,ESCALATED,
VL-FS4OSTIW6036,CA-IL-00000149,U-324CISWPFTS9,2025-05-22,PARKING,2025-06-21,40.32,CURED,2025-07-17
VL-WWC29JG50VVT,CA-IL-00000149,U-PUQ0SL62PI14,2024-06-10,ARCHITECTURAL,2024-07-10,208.27,CURED,2024-07-09
VL-X1YPFIOXK04W,CA-IL-00000149,U-EEOA3SW4W45W,2025-01-08,PARKING,2025-02-07,61.44,CURED,2025-02-28
VL-AM1E4Q8O9G5E,CA-IL-00000149,U-OL93QBIMB21I,2024-09-13,PARKING,2024-10-13,40.09,CURED,2024-10-11
VL-M80QPJJP0XA9,CA-IL-00000149,U-ESL0ATGJHXN0,2025-05-05,TRASH,2025-06-04,62.28,DISMISSED,2025-06-06
VL-4GFP65WQPGZD,CA-IL-00000149,U-EEOA3SW4W45W,2024-01-15,TRASH,2024-02-14,121.48,CURED,2024-02-22
VL-5Q76JABPFK1L,CA-IL-00000149,U-P0OCXNO5R5F0,2025-03-24,PARKING,2025-04-23,284.43,HEARING_SCHEDULED,
VL-L4DEXULHSNYT,CA-IL-00000149,U-VFEQZF4C5T2W,2024-04-06,PET,2024-05-06,55.85,DISMISSED,2024-04-29
VL-DXJZ9IRPF5RV,CA-IL-00000149,U-C7QIRDQ6U5QW,2024-05-04,PARKING,2024-06-03,106.83,DISMISSED,2024-06-07
VL-8SOFFS16AFH6,CA-IL-00000149,U-8HD5ZPXPJMZB,2024-12-27,PARKING,2025-01-26,63.87,CURED,2025-02-25
VL-X45224Q5U00J,CA-IL-00000149,U-8MFVXWORP1CX,2024-01-27,PARKING,2024-02-26,107.37,CURED,2024-02-07
VL-NFXCM2U6Q3E5,CA-IL-00000149,U-ULA3R7RIXJRR,2025-04-23,NOISE,2025-05-23,177.97,CURED,2025-05-14
VL-LL87VH2I5BJU,CA-IL-00000149,U-B0JR9N7YSMV2,2024-06-19,PARKING,2024-07-19,101.49,DISMISSED,2024-08-17
VL-YG8QEPUKSWFX,CA-IL-00000149,U-ZFE2B81NMP9A,2024-11-17,LANDSCAPING,2024-12-17,32.79,CURED,2024-12-28
VL-BZ2ZNS8XASXD,CA-IL-00000149,U-SQE239VPPD2M,2024-03-14,PET,2024-04-13,321.45,CURED,2024-04-14
VL-AGWFCZ29DM5N,CA-IL-00000149,U-8WEE3JV7U98X,2025-05-16,PARKING,2025-06-15,205.01,CURED,2025-06-04
VL-205THC93H601,CA-GA-00000150,U-S6UN8LNQQD3U,2024-12-06,PARKING,2025-01-05,95.03,CURED,2025-01-10
VL-9ZQP0OUVL8VM,CA-GA-00000150,U-JE6WSXWVEIKA,2024-12-18,OTHER,2025-01-17,76.8,DISMISSED,2025-02-10
VL-BUXZN3HIHHUB,CA-GA-00000150,U-O2JQXDP21TSV,2024-03-22,LANDSCAPING,2024-04-21,17.35,ESCALATED,
VL-4QI3ANRFU3QG,CA-GA-00000150,U-JE6WSXWVEIKA,2025-01-31,LANDSCAPING,2025-03-02,82.05,ESCALATED,
VL-3RDSEK23QF9C,CA-GA-00000150,U-UYZCYIYT267L,2024-12-30,ARCHITECTURAL,2025-01-29,122.41,ESCALATED,
VL-1LSPAL0PRB84,CA-GA-00000150,U-XANE7KXFVGVN,2025-04-09,LANDSCAPING,2025-05-09,207.38,CURED,2025-05-20
VL-HDXGUHW5E5SZ,CA-GA-00000150,U-JCJCXE4O5MXT,2024-07-16,NOISE,2024-08-15,141.48,DISMISSED,2024-08-06
VL-8FO6GUPOIT6P,CA-GA-00000150,U-VSBAMFEFO1RS,2024-09-04,ARCHITECTURAL,2024-10-04,312.28,CURED,2024-10-08
VL-8QUQ6LKBYEHS,CA-CA-00000151,U-X099EX984PA8,2024-06-07,LANDSCAPING,2024-07-07,64.41,CURED,2024-06-20
VL-067JQOV5YRGF,CA-CA-00000151,U-GSH3L1EKF1PQ,2025-04-04,PARKING,2025-05-04,187.34,CURED,2025-04-27
VL-WYQ9Q3KHQPKW,CA-CA-00000151,U-57XNRWAOX1IX,2024-04-02,OTHER,2024-05-02,64.34,CURED,2024-06-01
VL-POI2QWO665ID,CA-CA-00000151,U-S2NEMK1WUA12,2024-06-28,TRASH,2024-07-28,25.32,FINED,
VL-HYTTMXPUZVNN,CA-CA-00000151,U-F67VPG0N5VEH,2025-06-11,ARCHITECTURAL,2025-07-11,158.05,CURED,2025-07-22
VL-4C2890IXPS2T,CA-CA-00000151,U-WWBDNH0CMJO3,2024-04-12,TRASH,2024-05-12,78.11,HEARING_SCHEDULED,
VL-Y0NTV2QICNGD,CA-CA-00000151,U-JW3A2YLSXDV2,2024-11-13,PARKING,2024-12-13,73.23,CURED,2025-01-05
VL-AECZ9JF2BUX4,CA-CA-00000151,U-57XNRWAOX1IX,2024-10-22,ARCHITECTURAL,2024-11-21,141.01,CURED,2024-12-13
VL-HPSZVJAZINGY,CA-FL-00000152,U-31JNPV4KCQLA,2024-06-10,PARKING,2024-07-10,79.77,DISMISSED,2024-07-29
VL-A44BZI33IIMV,CA-FL-00000152,U-NX21V1P5948A,2024-01-21,PARKING,2024-02-20,159.03,DISMISSED,2024-02-27
VL-2EK4NYMTAEP3,CA-FL-00000152,U-20YT1M50LTM8,2024-11-07,PARKING,2024-12-07,102.02,CURED,2024-12-26
VL-PQ0XX6MSSARR,CA-FL-00000152,U-N7TIQHJUPT8O,2024-04-30,OTHER,2024-05-30,89.46,OPEN,
VL-FDFOTMZ3RR80,CA-FL-00000152,U-LXSSFNL8KYVE,2024-06-14,ARCHITECTURAL,2024-07-14,53.05,ESCALATED,
VL-LWI0NSTKSZWV,CA-FL-00000152,U-T7G450OUCK2T,2024-02-06,ARCHITECTURAL,2024-03-07,37.77,CURED,2024-03-13
VL-8FEW7XLDA0W7,CA-FL-00000152,U-6Y8E3NXIJ8GG,2024-05-25,ARCHITECTURAL,2024-06-24,79.03,CURED,2024-07-21
VL-AENOHFX10CGR,CA-FL-00000152,U-EXT1PRTJX8NU,2025-04-02,NOISE,2025-05-02,147.78,ESCALATED,
VL-WAUQNOYDACV5,CA-FL-00000152,U-Z9BM25WAZ0GV,2025-06-07,NOISE,2025-07-07,118.56,OPEN,
VL-O12SVE8UK82F,CA-TX-00000153,U-SPNK234D02B9,2024-11-02,PARKING,2024-12-02,170.68,OPEN,
VL-HDO4ZKC9BBNT,CA-TX-00000153,U-65NXSG6AO4KI,2024-09-08,ARCHITECTURAL,2024-10-08,203.78,FINED,
VL-0DX2KJ6E0CW2,CA-TX-00000153,U-BVLS7UNB9LBU,2024-10-05,LANDSCAPING,2024-11-04,85.42,CURED,2024-10-31
VL-X1BS8GGG863P,CA-TX-00000153,U-SDDQRFKQMLP7,2025-02-28,NOISE,2025-03-30,78.5,CURED,2025-04-03
VL-NVB6BNDDQK7W,CA-TX-00000154,U-NNZ0Q3JBG7EQ,2024-02-20,PARKING,2024-03-21,96.16,CURED,2024-04-06
VL-V7YQMJ06OK6C,CA-TX-00000154,U-K3XIK6NRATSH,2024-08-29,LANDSCAPING,2024-09-28,160.7,CURED,2024-10-22
VL-O9GVCJLWIIP2,CA-TX-00000154,U-2WHV6GGMQOGG,2024-03-04,OTHER,2024-04-03,429.76,CURED,2024-03-16
VL-172TPHE1QD2C,CA-TX-00000154,U-4SMOOO70TEBL,2024-06-08,PARKING,2024-07-08,35.13,FINED,
VL-DL81CQBDG8GN,CA-TX-00000154,U-BHLOTYQU6KWY,2025-06-18,ARCHITECTURAL,2025-07-18,51.29,DISMISSED,2025-07-10
VL-N9CEQH7Y63ND,CA-TX-00000154,U-H86T7MT8FR0R,2024-03-15,ARCHITECTURAL,2024-04-14,118.93,FINED,
VL-IQP6H8NG4OIN,CA-TX-00000154,U-O6WJH4SO8263,2024-10-01,NOISE,2024-10-31,226.03,CURED,2024-11-19
VL-A4C8OE375L7L,CA-TX-00000154,U-FHSWOYR7OJSW,2025-05-25,LANDSCAPING,2025-06-24,39.15,CURED,2025-07-01
VL-DMHI5EIRWT2Y,CA-NV-00000155,U-0W1BVXFU81MS,2025-03-27,NOISE,2025-04-26,48.33,HEARING_SCHEDULED,
VL-L9ED3HITJOMA,CA-NV-00000155,U-8QTOY2DIUBXJ,2025-04-12,ARCHITECTURAL,2025-05-12,67.37,CURED,2025-05-29
VL-ES4548EQHCZY,CA-NV-00000155,U-E6FM1Q7ACXAH,2025-01-03,OTHER,2025-02-02,241.77,DISMISSED,2025-02-12
VL-DNJE090HUCI8,CA-NV-00000155,U-0W1BVXFU81MS,2024-05-07,PARKING,2024-06-06,211.67,DISMISSED,2024-06-27
VL-DAWVRM0OSINR,CA-NV-00000155,U-8QTOY2DIUBXJ,2025-05-09,PET,2025-06-08,86.18,DISMISSED,2025-06-29
VL-04V1YBXGOLBU,CA-NV-00000155,U-YUTAUH6YXVVU,2024-08-19,ARCHITECTURAL,2024-09-18,39.98,CURED,2024-09-02
VL-3STGWUESO4OG,CA-NV-00000155,U-CDZP8QENCPPX,2024-10-28,LANDSCAPING,2024-11-27,126.86,DISMISSED,2024-12-22
VL-17XE7PH12FK1,CA-NV-00000155,U-8QTOY2DIUBXJ,2025-02-06,PARKING,2025-03-08,134.91,CURED,2025-02-20
VL-JTGSANS2OEIU,CA-NV-00000155,U-L32REZONQAH5,2024-12-20,OTHER,2025-01-19,70.82,CURED,2025-01-16
VL-AVDOOG1I6AHC,CA-NV-00000155,U-4MJ3J46O9VN1,2024-05-23,ARCHITECTURAL,2024-06-22,278.43,CURED,2024-06-06
VL-GWJR7TPD1UKO,CA-NV-00000155,U-4MJ3J46O9VN1,2024-11-28,PET,2024-12-28,94.02,CURED,2024-12-15
VL-NSTK7SHZ4V5K,CA-NV-00000155,U-51JPP46462JW,2024-11-16,PET,2024-12-16,135.26,FINED,
VL-0JWVIR987TTY,CA-NV-00000155,U-70G5W5FIEEDT,2025-04-24,TRASH,2025-05-24,195.39,DISMISSED,2025-06-21
VL-MF39ZPZAJ0QG,CA-NV-00000155,U-0W1BVXFU81MS,2024-08-26,NOISE,2024-09-25,29.33,DISMISSED,2024-09-12
VL-OP3PI4WLAIJ6,CA-NV-00000156,U-Y4TO4HU2L4YY,2024-01-06,PARKING,2024-02-05,340.4,OPEN,
VL-MWFSORYY4FIU,CA-NV-00000156,U-AFT5EWIXVTP6,2024-05-09,ARCHITECTURAL,2024-06-08,113.85,CURED,2024-07-06
VL-RJXRRWUEFSKU,CA-NV-00000156,U-VTJPLZQ9RA08,2024-02-03,PET,2024-03-04,40.97,DISMISSED,2024-03-20
VL-V09KO2M2Y8J2,CA-NV-00000156,U-OFOZ4OQ0OEBQ,2024-10-16,NOISE,2024-11-15,110.43,DISMISSED,2024-10-26
VL-OWPOLD0OGPD4,CA-NV-00000156,U-9T1G8RMIU26Z,2025-02-10,PARKING,2025-03-12,93.89,CURED,2025-03-21
VL-01YPP5AESR6L,CA-NV-00000156,U-8EXUUIW5GC0I,2024-02-07,NOISE,2024-03-08,44.6,ESCALATED,
VL-PAEVHBE7AZ5U,CA-NV-00000156,U-NTSYN2Q775P4,2025-05-18,PET,2025-06-17,70.19,CURED,2025-06-29
VL-ETMD1SDBRI44,CA-IL-00000157,U-YSRM2VCARW05,2024-05-27,TRASH,2024-06-26,26.36,FINED,
VL-B3FH7R2DI33O,CA-IL-00000157,U-49X2PH5C7AQT,2024-10-27,NOISE,2024-11-26,51.61,DISMISSED,2024-11-29
VL-QXHC2UM3LDOT,CA-IL-00000157,U-2HWFZPLN1QVH,2024-09-09,ARCHITECTURAL,2024-10-09,54.11,CURED,2024-10-21
VL-LO95SA2X2DLI,CA-IL-00000157,U-GR17P2O4IAR3,2024-07-26,ARCHITECTURAL,2024-08-25,200.94,DISMISSED,2024-08-30
VL-PC9ZA753O4SV,CA-IL-00000157,U-N3U4S16KZKSB,2024-08-28,TRASH,2024-09-27,112.62,CURED,2024-09-17
VL-0TK0BRLT860H,CA-IL-00000157,U-LGDNWDX10WXX,2025-02-20,PARKING,2025-03-22,371.83,CURED,2025-03-13
VL-2RUWNZVGEOFQ,CA-IL-00000157,U-04Y0J4I3DOYC,2024-06-27,ARCHITECTURAL,2024-07-27,48.15,CURED,2024-08-10
VL-LH8FU9TG5IEL,CA-IL-00000157,U-SWD5WC8AZ58O,2024-10-24,PARKING,2024-11-23,579.71,DISMISSED,2024-11-03
VL-QP4EKG9NRO37,CA-IL-00000157,U-10SAQTVUYPZE,2024-04-16,ARCHITECTURAL,2024-05-16,229.91,DISMISSED,2024-04-27
VL-06040WE2K9TP,CA-IL-00000157,U-GR17P2O4IAR3,2024-10-15,LANDSCAPING,2024-11-14,307.93,DISMISSED,2024-12-13
VL-EFFBC17OY3IW,CA-IL-00000157,U-V2O4P5R2HV5X,2024-07-19,PARKING,2024-08-18,163.12,CURED,2024-08-26
VL-SQFFX1DW1CEU,CA-IL-00000157,U-10SAQTVUYPZE,2024-11-12,PARKING,2024-12-12,40.77,HEARING_SCHEDULED,
VL-5QU2CGAQPE1R,CA-IL-00000157,U-WN0IU9XBZV5T,2025-05-02,PET,2025-06-01,269.2,OPEN,
VL-4BC4IFQKHU0O,CA-IL-00000157,U-BFLQ6D32SD23,2024-07-11,NOISE,2024-08-10,226.73,CURED,2024-07-26
VL-EINQLPN940ZV,CA-IL-00000157,U-2HWFZPLN1QVH,2024-04-12,LANDSCAPING,2024-05-12,73.18,CURED,2024-05-14
VL-08LLJLA7UU83,CA-IL-00000157,U-W36W91KDHB3P,2024-01-29,ARCHITECTURAL,2024-02-28,36.92,ESCALATED,
VL-YD52Y5PL6WEN,CA-IL-00000157,U-5WD2Y2GSEE9V,2025-02-28,ARCHITECTURAL,2025-03-30,167.33,CURED,2025-03-20
VL-B95E9FLJVEM1,CA-IL-00000157,U-04Y0J4I3DOYC,2024-05-09,ARCHITECTURAL,2024-06-08,84.32,CURED,2024-06-13
VL-M0RMBJWSCVZ1,CA-IL-00000157,U-449PRW15G0CQ,2024-03-07,ARCHITECTURAL,2024-04-06,159.72,HEARING_SCHEDULED,
VL-EJ35JSQS9H0E,CA-IL-00000157,U-MBF35B5MG5OZ,2025-05-06,ARCHITECTURAL,2025-06-05,133.38,CURED,2025-06-28
VL-R42FSPPGL9WD,CA-IL-00000157,U-PGL9WGAZYR89,2024-12-27,NOISE,2025-01-26,44.17,OPEN,
VL-152VQELL4BPE,CA-IL-00000157,U-2HWFZPLN1QVH,2024-06-18,OTHER,2024-07-18,93.58,DISMISSED,2024-07-23
VL-N8D36I5NU1KV,CA-IL-00000157,U-5JCP0AG8DCRA,2024-11-15,NOISE,2024-12-15,26.39,CURED,2024-12-26
VL-2PVNQCDP3MAK,CA-IL-00000157,U-G5CJ1TUXCSL7,2024-07-08,OTHER,2024-08-07,67.75,FINED,
VL-A9KJ6E7B01PY,CA-IL-00000157,U-VCIN35UKCOVR,2024-11-08,PARKING,2024-12-08,39.06,CURED,2024-12-07
VL-1TM85BGWZAHG,CA-IL-00000157,U-T2DJYGOQADDD,2024-01-22,PARKING,2024-02-21,63.75,CURED,2024-02-19
VL-TLYR9EWWCNI8,CA-IL-00000157,U-MBF35B5MG5OZ,2024-03-10,NOISE,2024-04-09,37.09,DISMISSED,2024-04-26
VL-ACNXE43J1FCV,CA-IL-00000157,U-P5B8257AGYHC,2025-01-05,NOISE,2025-02-04,85.31,CURED,2025-02-28
VL-CRD0QM15LKWH,CA-IL-00000157,U-ZBIW981Q0GQ0,2025-05-24,PARKING,2025-06-23,95.97,CURED,2025-06-14
VL-50ZS1C15GNN7,CA-TX-00000158,U-6K60818YVN01,2024-02-27,NOISE,2024-03-28,116.36,OPEN,
VL-NE59Y594JV23,CA-TX-00000158,U-9HDYO8ZQU4EQ,2024-09-28,ARCHITECTURAL,2024-10-28,37.22,CURED,2024-10-14
VL-XJB5TT3E8PWE,CA-TX-00000158,U-CND865T73S6U,2025-05-24,PET,2025-06-23,73.41,CURED,2025-06-21
VL-HXXURJKNRQD0,CA-TX-00000158,U-9J0MWEMPSQHD,2025-03-02,OTHER,2025-04-01,42.17,CURED,2025-03-17
VL-PRX3HE6QRS6A,CA-TX-00000158,U-H6OU9SBGB35W,2024-09-13,PARKING,2024-10-13,27.45,ESCALATED,
VL-O9IEBWD0DTT1,CA-TX-00000158,U-QQ2R1C7S46NP,2024-06-28,ARCHITECTURAL,2024-07-28,98.95,DISMISSED,2024-08-24
VL-LWWTG741YK55,CA-TX-00000158,U-9J0MWEMPSQHD,2024-06-07,ARCHITECTURAL,2024-07-07,69.16,ESCALATED,
VL-UZ0DQJ2H62BP,CA-TX-00000158,U-IEIJ1ZW98US0,2025-02-12,PARKING,2025-03-14,142.83,HEARING_SCHEDULED,
VL-GCM67XW08PNJ,CA-TX-00000158,U-CI4ILKOZ6U8A,2025-05-05,LANDSCAPING,2025-06-04,153.16,DISMISSED,2025-06-21
VL-BGCCMGPX37YM,CA-AZ-00000159,U-PBNIEZVEVEY2,2024-03-31,LANDSCAPING,2024-04-30,155.4,DISMISSED,2024-05-28
VL-KUAEIM1DCY3R,CA-AZ-00000159,U-14W35F2ER1YG,2024-01-10,PET,2024-02-09,248.97,CURED,2024-02-23
VL-RWGSJ4F7B36M,CA-AZ-00000159,U-GOUDDIXRQRKG,2024-02-26,ARCHITECTURAL,2024-03-27,59.85,DISMISSED,2024-03-14
VL-5FN1FB8WB75J,CA-FL-00000160,U-6OTMFZIOC5L7,2024-05-10,PARKING,2024-06-09,51.09,DISMISSED,2024-06-27
VL-P9FFH1LQFDQI,CA-FL-00000160,U-XZN0M18XBRIR,2024-09-18,ARCHITECTURAL,2024-10-18,72.14,CURED,2024-10-13
VL-G937A39CNC81,CA-FL-00000160,U-8GQTIQVRX3S3,2024-02-15,PARKING,2024-03-16,295.86,CURED,2024-04-04
VL-JYE8ORCHC5YW,CA-FL-00000160,U-ARWCL0136LEO,2024-01-23,NOISE,2024-02-22,39.75,CURED,2024-02-29
VL-L8MR1GFDMGSL,CA-FL-00000160,U-8GQTIQVRX3S3,2025-03-27,PET,2025-04-26,141.69,DISMISSED,2025-04-14
VL-FHPU1LBW9B32,CA-FL-00000160,U-LNKCVIQWV225,2024-07-12,PET,2024-08-11,38.46,HEARING_SCHEDULED,
VL-15S28APLG4TI,CA-FL-00000160,U-7VWB0ZOL6VMV,2024-06-21,PARKING,2024-07-21,75.41,DISMISSED,2024-07-09
VL-SC2D8XKB6PJV,CA-FL-00000160,U-4JZJ4KN2LWQV,2024-09-15,PARKING,2024-10-15,70.65,DISMISSED,2024-10-29
VL-AQCFK7F33LEM,CA-FL-00000160,U-SPKJAMD7PGSR,2024-04-16,TRASH,2024-05-16,126.92,CURED,2024-05-04
VL-FOYI48BXMEBF,CA-FL-00000160,U-QG5YLQ4LCV4M,2025-01-14,TRASH,2025-02-13,95.07,CURED,2025-02-16
VL-1MJXWI3UOZJL,CA-FL-00000160,U-LNDAG2EMWEGU,2024-10-21,ARCHITECTURAL,2024-11-20,176.17,CURED,2024-11-16
VL-0DNHEVOS9A50,CA-FL-00000160,U-Y3Z0DAGEJILA,2024-05-28,PET,2024-06-27,100.22,CURED,2024-06-12
VL-6QHLPH67R57V,CA-FL-00000160,U-M0LQSREPY7QT,2025-06-23,TRASH,2025-07-23,250.34,CURED,2025-08-01
VL-XX7SIY7QRH5Q,CA-FL-00000160,U-ARWCL0136LEO,2024-02-07,ARCHITECTURAL,2024-03-08,108.9,CURED,2024-04-01
VL-CZ8ZYTQR7LCN,CA-FL-00000160,U-K2H61R1RRMDE,2024-10-20,PARKING,2024-11-19,308.44,CURED,2024-12-18
VL-IDBYQLXMY9FP,CA-FL-00000160,U-X4VDU0O0CXFL,2024-04-02,PARKING,2024-05-02,43.56,CURED,2024-05-27
VL-IHZMRBNPVNBX,CA-GA-00000161,U-YDN7MC3ODAVD,2024-10-29,PET,2024-11-28,129.64,ESCALATED,
VL-7N4J39GHP5VB,CA-GA-00000161,U-3KIQ6MWRHWMZ,2024-07-24,TRASH,2024-08-23,135.27,CURED,2024-09-08
VL-OPV4UPWG8HDE,CA-GA-00000161,U-H2C2UJHLJG9T,2024-01-11,PARKING,2024-02-10,66.83,ESCALATED,
VL-N0YJ5TVRXZVP,CA-GA-00000161,U-YDN7MC3ODAVD,2025-04-18,PARKING,2025-05-18,51.8,HEARING_SCHEDULED,
VL-KCMT7NR40YOM,CA-GA-00000161,U-UQWHXBFEP7G3,2024-11-20,PET,2024-12-20,131.94,DISMISSED,2024-12-14
VL-10QNY6Y0OCT3,CA-GA-00000161,U-UGNDH4RY8NV0,2024-03-19,PARKING,2024-04-18,77.73,OPEN,
VL-HS12FSZ1JPYV,CA-GA-00000161,U-YDN7MC3ODAVD,2024-05-24,PARKING,2024-06-23,71.3,CURED,2024-06-24
VL-E4OFSQ1MJXNL,CA-GA-00000161,U-YDN7MC3ODAVD,2025-05-30,ARCHITECTURAL,2025-06-29,151.37,DISMISSED,2025-06-26
VL-6CJ395SL405U,CA-GA-00000161,U-OS04J0TVWMIC,2024-08-20,LANDSCAPING,2024-09-19,16.84,CURED,2024-09-15
VL-1UJN3UCQBIFH,CA-GA-00000161,U-YEY6F4K8BR00,2024-03-13,ARCHITECTURAL,2024-04-12,160.15,OPEN,
VL-KA8SUTRRVUGN,CA-PA-00000162,U-WN3A15E5CGX4,2024-03-18,OTHER,2024-04-17,120.19,CURED,2024-05-12
VL-J5SVOXRPXTC5,CA-PA-00000162,U-V39PIG43YH0Y,2024-12-08,NOISE,2025-01-07,78.23,DISMISSED,2025-02-04
VL-4A7U4B7DWCPR,CA-PA-00000162,U-C340DNOA9AGR,2024-08-28,LANDSCAPING,2024-09-27,17.65,CURED,2024-10-27
VL-MWYLVSD4YEDU,CA-PA-00000162,U-Z6MEPU0BUVRD,2025-04-01,PARKING,2025-05-01,233.85,CURED,2025-05-24
VL-9A6K1MQMULUC,CA-PA-00000162,U-O6GQ1RN103CV,2024-01-29,OTHER,2024-02-28,131.56,CURED,2024-02-12
VL-AG68UVHO5DIF,CA-PA-00000162,U-C340DNOA9AGR,2024-08-15,PARKING,2024-09-14,265.13,CURED,2024-08-31
VL-66VJQ51B7C4F,CA-PA-00000162,U-D9FVDEM0L935,2024-10-13,ARCHITECTURAL,2024-11-12,55.44,CURED,2024-12-12
VL-M5WYUOP1ZZGE,CA-PA-00000162,U-RMJL125MFO66,2024-07-12,PET,2024-08-11,86.82,CURED,2024-08-27
VL-PU0T93G0WDOK,CA-PA-00000162,U-A2IVF3UNTC2Z,2024-05-08,ARCHITECTURAL,2024-06-07,69.53,DISMISSED,2024-05-22
VL-2496A9VU5Q72,CA-PA-00000162,U-CCH5SIVVIFKM,2024-09-03,PARKING,2024-10-03,175.37,CURED,2024-09-28
VL-XPHTNG1WPA8M,CA-PA-00000162,U-RMJL125MFO66,2025-01-20,ARCHITECTURAL,2025-02-19,259.22,DISMISSED,2025-02-17
VL-V7RORMQ6XRHX,CA-PA-00000162,U-OGH1FJFYI2PT,2025-03-20,LANDSCAPING,2025-04-19,100.01,OPEN,
VL-5X4RB4EZBTZW,CA-PA-00000162,U-ZKVL8GRERSJN,2025-06-17,ARCHITECTURAL,2025-07-17,116.63,CURED,2025-07-02
VL-A7JIIZDQ09HI,CA-PA-00000162,U-ZXO2M319UHEK,2024-03-01,NOISE,2024-03-31,135.31,ESCALATED,
VL-QL8G6CNL97XO,CA-PA-00000162,U-UO53VI9KCC6K,2024-09-07,PARKING,2024-10-07,110.74,HEARING_SCHEDULED,
VL-FRBUWWQ60X1K,CA-PA-00000162,U-0K0NYJE3YIEA,2024-02-26,OTHER,2024-03-27,159.91,CURED,2024-04-22
VL-4OAOYNRTI4CZ,CA-FL-00000163,U-A7TPG460YLI3,2024-08-01,ARCHITECTURAL,2024-08-31,62.8,CURED,2024-08-15
VL-8F74R5XX3U1Y,CA-FL-00000163,U-OIKA963IEZTW,2024-12-18,PARKING,2025-01-17,64.19,FINED,
VL-L4VYGVAKK33D,CA-FL-00000163,U-AT5FK9DFLV8C,2025-05-27,LANDSCAPING,2025-06-26,117.16,HEARING_SCHEDULED,
VL-GYGNP65R8JHO,CA-FL-00000163,U-T55YOUZDD7AL,2025-06-22,PARKING,2025-07-22,41.75,OPEN,
VL-IWJ7CMRA0OJ5,CA-FL-00000163,U-G52NB6KLXWGQ,2024-01-25,LANDSCAPING,2024-02-24,153.05,ESCALATED,
VL-E3ZLYEWUMCQI,CA-FL-00000163,U-YES1446TEC3F,2024-03-17,ARCHITECTURAL,2024-04-16,255.22,CURED,2024-04-20
VL-GG0AXIXYUP3W,CA-FL-00000163,U-5SZJNKTP4KSJ,2024-08-11,TRASH,2024-09-10,26.92,CURED,2024-10-03
VL-LBJ31J0PSOY4,CA-FL-00000163,U-ID4DADVRVIKN,2025-03-06,LANDSCAPING,2025-04-05,66.33,OPEN,
VL-Y4PM7YM604J9,CA-FL-00000163,U-T55YOUZDD7AL,2024-01-25,TRASH,2024-02-24,37.73,CURED,2024-03-15
VL-YLZAFV883NPK,CA-FL-00000163,U-6IITK9WAIHE9,2024-05-21,PARKING,2024-06-20,77.57,DISMISSED,2024-06-15
VL-I58X3FKNC2G5,CA-FL-00000163,U-3VP35VP9Y78Y,2024-12-30,NOISE,2025-01-29,34.21,DISMISSED,2025-02-08
VL-5FFQDHI0JPN2,CA-FL-00000163,U-I2ZC6CQ4IOYD,2024-09-03,LANDSCAPING,2024-10-03,121.63,CURED,2024-09-27
VL-TQAK94L3VZ03,CA-FL-00000163,U-YES1446TEC3F,2024-06-26,ARCHITECTURAL,2024-07-26,133.01,CURED,2024-08-10
VL-OV2SR35JG7SV,CA-FL-00000163,U-3RUIS4DL1ZJ6,2024-02-13,PARKING,2024-03-14,98.67,CURED,2024-03-18
VL-29VHGA44AR30,CA-FL-00000163,U-3RUIS4DL1ZJ6,2025-04-29,ARCHITECTURAL,2025-05-29,41.09,CURED,2025-06-08
VL-RSJPTBUSRCZL,CA-FL-00000163,U-723GAXFZ4ENY,2025-01-29,ARCHITECTURAL,2025-02-28,77.83,ESCALATED,
VL-DU7D5D9NT12I,CA-NV-00000164,U-ERA0RX47LSZT,2024-09-11,PARKING,2024-10-11,49.19,DISMISSED,2024-10-26
VL-YBPS3IGX6EEH,CA-NV-00000164,U-IC761405RTKF,2024-02-06,PET,2024-03-07,321.92,DISMISSED,2024-03-13
VL-1M16Q2XS2D97,CA-NV-00000164,U-ZVQSOHLYBBSH,2024-02-04,PARKING,2024-03-05,75.96,CURED,2024-03-30
VL-ZIE1A9PTT3F6,CA-NV-00000164,U-0YDO77ZD597W,2024-09-28,PET,2024-10-28,198.45,DISMISSED,2024-10-24
VL-KBYDKUCNF6BR,CA-NV-00000164,U-5UUMOVBHRGTL,2024-03-21,NOISE,2024-04-20,113.24,CURED,2024-05-08
VL-H5ANT1SULGUX,CA-NV-00000164,U-UKV9CHSXKDOO,2024-10-18,NOISE,2024-11-17,199.24,OPEN,
VL-0A7LIAUC9F69,CA-TX-00000165,U-ZMVOI5PGFSD7,2025-04-22,ARCHITECTURAL,2025-05-22,89.36,CURED,2025-06-12
VL-26T47WW8RGSH,CA-TX-00000165,U-9X07AMT6UAN2,2024-07-02,LANDSCAPING,2024-08-01,98.86,ESCALATED,
VL-QI6WPY64TOO9,CA-TX-00000165,U-CIDSF3Q1GN3X,2024-03-14,LANDSCAPING,2024-04-13,106.77,DISMISSED,2024-04-01
VL-R4FG07XEYYVL,CA-TX-00000165,U-AVSL4N1Y9S60,2024-11-04,PARKING,2024-12-04,64.35,CURED,2024-12-06
VL-APHIFSAJ2C53,CA-TX-00000165,U-4EWK0SZMIT3C,2024-10-31,ARCHITECTURAL,2024-11-30,44.45,CURED,2024-12-24
VL-1U0ZOCW22TCI,CA-TX-00000165,U-BUYE8QR746TC,2025-04-23,LANDSCAPING,2025-05-23,28.34,CURED,2025-06-03
VL-R2RQ3YOJ8DOE,CA-TX-00000165,U-HALI7TI3C1R9,2025-05-30,ARCHITECTURAL,2025-06-29,81.4,OPEN,
VL-C5Y1EIJP8QN7,CA-TX-00000165,U-QHHGKGENP1UX,2024-01-07,ARCHITECTURAL,2024-02-06,292.25,DISMISSED,2024-02-11
VL-L7I10Y0SHP5D,CA-TX-00000165,U-1EP39J98202R,2024-05-14,ARCHITECTURAL,2024-06-13,56.77,CURED,2024-05-25
VL-FO18JA8TWAY6,CA-CO-00000166,U-QHADV2WVX48T,2025-02-17,PARKING,2025-03-19,224.93,DISMISSED,2025-03-10
VL-8HJ67EVVMKMP,CA-CO-00000166,U-QHADV2WVX48T,2025-04-25,NOISE,2025-05-25,62.58,ESCALATED,
VL-2SGD0HVCPEVV,CA-CO-00000166,U-S3J7SUJ6YS3S,2024-10-17,PARKING,2024-11-16,59.39,FINED,
VL-GBO2WEYKH304,CA-CO-00000166,U-8NI1VW6XXXRE,2025-06-03,PARKING,2025-07-03,34.12,DISMISSED,2025-07-29
VL-FIEL1XWQZTFF,CA-CO-00000166,U-39PSCJ9UHZPF,2024-11-19,PET,2024-12-19,77.52,CURED,2024-12-03
VL-7C47U74SRD2M,CA-CO-00000166,U-QHADV2WVX48T,2024-11-04,PET,2024-12-04,58.44,CURED,2024-12-01
VL-M7EAQ7EPQ9Q9,CA-CO-00000166,U-DQXWK5WVL1LC,2025-04-02,PET,2025-05-02,28.04,DISMISSED,2025-05-30
VL-OTO98RA379LY,CA-CO-00000166,U-PFJE5KCKAUUO,2024-11-14,PARKING,2024-12-14,92.76,HEARING_SCHEDULED,
VL-CJ95FS26RWPM,CA-CO-00000166,U-DQXWK5WVL1LC,2024-09-29,PET,2024-10-29,236.34,DISMISSED,2024-10-10
VL-8LMYL0GA4X50,CA-CO-00000166,U-EKE0MC4DJKCP,2025-06-20,NOISE,2025-07-20,82.06,OPEN,
VL-Y92JOXBEZ9QP,CA-CO-00000166,U-NBFD5DX4EE5S,2024-07-23,LANDSCAPING,2024-08-22,150.92,FINED,
VL-LDTL2E87HS8K,CA-CO-00000166,U-DGK2JU6NWE56,2025-06-15,LANDSCAPING,2025-07-15,101.78,ESCALATED,
VL-BHSOXXK53RZ9,CA-CO-00000166,U-GB324UMJRT8O,2025-06-19,NOISE,2025-07-19,26.03,FINED,
VL-74K64PISQXGY,CA-CO-00000166,U-W7GVCUXQONWE,2024-10-29,LANDSCAPING,2024-11-28,204.73,FINED,
VL-CCB6DTYFMFOZ,CA-CO-00000166,U-TKW7TJXFJB5O,2024-03-14,NOISE,2024-04-13,146.45,CURED,2024-04-30
VL-GL9BWQTAE7HY,CA-FL-00000167,U-TP8ADVYO348U,2025-03-01,TRASH,2025-03-31,94.72,CURED,2025-04-06
VL-NROQ5C7CI8BQ,CA-FL-00000167,U-FNSFB4ODIZXL,2024-10-18,PARKING,2024-11-17,215.93,HEARING_SCHEDULED,
VL-7LQAJJX5GX5Y,CA-FL-00000167,U-ZZMTBYZ0ZOPO,2024-08-26,ARCHITECTURAL,2024-09-25,83.63,CURED,2024-09-05
VL-Z3PF3H5PPZFW,CA-FL-00000167,U-ZZMTBYZ0ZOPO,2024-08-08,LANDSCAPING,2024-09-07,68.91,CURED,2024-09-29
VL-TTSATSAQQWXR,CA-FL-00000167,U-E8CD9PYD8Q3E,2025-05-01,NOISE,2025-05-31,135.4,DISMISSED,2025-05-23
VL-V60F96BIG4VV,CA-FL-00000167,U-S9SIPGNN04Q6,2024-01-06,ARCHITECTURAL,2024-02-05,356.59,OPEN,
VL-XDL3JC50I7T1,CA-FL-00000167,U-XCSQX8X0NZNJ,2024-07-19,PARKING,2024-08-18,76.33,CURED,2024-08-18
VL-0FKND2907ODC,CA-FL-00000167,U-UQJ4BQ2YL7FF,2025-06-12,PET,2025-07-12,123.23,DISMISSED,2025-06-22
VL-8QQV1EFWZRHH,CA-FL-00000167,U-5W75QFGS2UPI,2024-12-06,TRASH,2025-01-05,41.02,DISMISSED,2025-01-12
VL-T3OHHW5SCEF6,CA-FL-00000167,U-TP8ADVYO348U,2024-06-25,TRASH,2024-07-25,118.17,HEARING_SCHEDULED,
VL-4DJV5H7VIEZ3,CA-FL-00000167,U-SN55SAXF94XL,2024-08-19,OTHER,2024-09-18,103.33,ESCALATED,
VL-IAQ075LHNNN9,CA-FL-00000167,U-2TI0SQ6549SN,2024-01-20,PARKING,2024-02-19,147.43,DISMISSED,2024-02-06
VL-5GQM8NSETO4T,CA-FL-00000167,U-L9154F3OIZEV,2024-05-06,ARCHITECTURAL,2024-06-05,184.02,DISMISSED,2024-06-21
VL-KEL9TYIXN75J,CA-FL-00000167,U-CKT6LUOQ1ALY,2025-04-17,ARCHITECTURAL,2025-05-17,71.97,ESCALATED,
VL-9URTDKB9R1WZ,CA-FL-00000167,U-VH71V529FDE7,2024-01-05,NOISE,2024-02-04,62.07,DISMISSED,2024-02-11
VL-V85VJABT9ZHY,CA-FL-00000167,U-E8CD9PYD8Q3E,2025-06-01,PARKING,2025-07-01,32.01,DISMISSED,2025-06-18
VL-55QRKN27YB5Y,CA-FL-00000167,U-8KKYRDNKRLCV,2024-08-22,NOISE,2024-09-21,117.42,DISMISSED,2024-09-30
VL-98T6VFI1TJQM,CA-FL-00000167,U-GFGVT11L1EGI,2024-10-07,ARCHITECTURAL,2024-11-06,71.73,OPEN,
VL-OWVTSVPX3XSZ,CA-FL-00000167,U-8YCK6T1B7B1R,2024-11-27,PARKING,2024-12-27,105.63,CURED,2024-12-09
VL-TF6636IJYPA0,CA-FL-00000167,U-BFHVC014M7KD,2024-02-09,NOISE,2024-03-10,20.46,ESCALATED,
VL-OCCPKDQ5S4QG,CA-FL-00000167,U-ZZMTBYZ0ZOPO,2024-11-15,TRASH,2024-12-15,40.7,CURED,2024-12-14
VL-NE4X9WU4DK16,CA-FL-00000167,U-1W8U3T0MRC82,2024-03-25,NOISE,2024-04-24,21.48,OPEN,
VL-0H59CF9U25DV,CA-FL-00000167,U-8YCK6T1B7B1R,2024-05-19,TRASH,2024-06-18,325.38,ESCALATED,
VL-GMDRRWPVI6SU,CA-FL-00000167,U-DUD3YND7KZPR,2024-04-21,NOISE,2024-05-21,57.0,ESCALATED,
VL-QEYEVQM3P8ZV,CA-FL-00000167,U-BDM3SHVAOW3N,2024-12-25,OTHER,2025-01-24,18.59,ESCALATED,
VL-PUIX22WZLUP6,CA-FL-00000167,U-UQJ4BQ2YL7FF,2024-11-16,LANDSCAPING,2024-12-16,274.8,DISMISSED,2025-01-09
VL-4XD5DZU1O4PX,CA-FL-00000167,U-ISELN2TQKHV9,2024-08-02,ARCHITECTURAL,2024-09-01,130.02,OPEN,
VL-DVDXJZ1AWTL3,CA-FL-00000167,U-C0WX4EIOT3NR,2025-01-07,PET,2025-02-06,172.67,HEARING_SCHEDULED,
VL-8X70ALFXYLVQ,CA-FL-00000167,U-1W8U3T0MRC82,2024-07-26,ARCHITECTURAL,2024-08-25,180.24,CURED,2024-09-08
VL-NU53OQXN6DLW,CA-IL-00000168,U-5JJGXWVAA9HF,2024-07-06,PET,2024-08-05,52.04,ESCALATED,
VL-MFJTR7X85EVR,CA-IL-00000168,U-F1342OV32MHH,2024-06-27,LANDSCAPING,2024-07-27,214.13,CURED,2024-08-20
VL-NIFYI4V4SUGB,CA-IL-00000168,U-PDV9R0Y7TTBN,2024-01-01,LANDSCAPING,2024-01-31,174.49,CURED,2024-02-18
VL-92AC9YBD4N9X,CA-IL-00000168,U-PZXW66OR3BYX,2024-11-14,LANDSCAPING,2024-12-14,44.89,FINED,
VL-NOJXL58GP3MW,CA-IL-00000168,U-7R9793F2IMPH,2024-12-14,PARKING,2025-01-13,106.42,CURED,2025-01-10
VL-84K5AAA42T8I,CA-IL-00000168,U-0UILDEHA39E6,2024-12-05,ARCHITECTURAL,2025-01-04,125.45,ESCALATED,
VL-8NWRDWKBQG04,CA-IL-00000168,U-SYH71W8RUN7P,2025-03-27,PARKING,2025-04-26,80.96,FINED,
VL-0V0LI0M9M2KF,CA-IL-00000168,U-HQ277J84ZVHT,2024-02-03,NOISE,2024-03-04,29.51,DISMISSED,2024-03-27
VL-XHOOQBXGVWVY,CA-IL-00000168,U-72SVF2Z90S17,2025-03-26,ARCHITECTURAL,2025-04-25,124.96,DISMISSED,2025-05-06
VL-96ADLYO51OY8,CA-IL-00000168,U-HQ277J84ZVHT,2025-02-16,PARKING,2025-03-18,124.89,DISMISSED,2025-04-10
VL-U5ALLLARJF98,CA-IL-00000168,U-QHAXOYZM6ES3,2025-01-31,PET,2025-03-02,134.71,DISMISSED,2025-03-26
VL-LCC9LYLTD29A,CA-IL-00000168,U-9ILR6P3CF42L,2025-04-25,LANDSCAPING,2025-05-25,252.61,OPEN,
VL-TIDZDDLCDU2Z,CA-IL-00000168,U-PDV9R0Y7TTBN,2024-04-02,TRASH,2024-05-02,204.03,CURED,2024-05-13
VL-C9YVWSLCXLK0,CA-IL-00000168,U-ENFRON02GILA,2024-03-14,PARKING,2024-04-13,50.08,HEARING_SCHEDULED,
VL-GV1JPWTQE2A7,CA-IL-00000168,U-0937DEPV3WG7,2024-02-05,PET,2024-03-06,73.32,CURED,2024-02-18
VL-3Z3D4TXKN276,CA-IL-00000168,U-EL3NU46RDJZP,2024-07-17,ARCHITECTURAL,2024-08-16,137.77,CURED,2024-07-29
VL-RC5AAJFQH2RN,CA-MA-00000169,U-ASAODOH1SJKB,2024-03-18,ARCHITECTURAL,2024-04-17,33.06,DISMISSED,2024-05-05
VL-A5QKXJ9HENOZ,CA-MA-00000169,U-SKRZPZHLYSTY,2024-07-21,PET,2024-08-20,41.7,CURED,2024-08-30
VL-FQSGHYD2HA12,CA-MA-00000169,U-Y4UJUGRXP6N7,2024-01-01,ARCHITECTURAL,2024-01-31,455.49,DISMISSED,2024-01-16
VL-H2I21U8LNF7T,CA-MA-00000169,U-GCCTFW3KTFB0,2024-06-22,PARKING,2024-07-22,55.37,DISMISSED,2024-08-18
VL-815Y3068R1X1,CA-MA-00000169,U-3FVU92W7AC9I,2024-11-25,NOISE,2024-12-25,91.93,CURED,2025-01-10
VL-PT4O5GP0JEFK,CA-AZ-00000170,U-9K7CWZQC0IMV,2024-02-11,LANDSCAPING,2024-03-12,75.15,DISMISSED,2024-03-09
VL-DF4MYJG2972C,CA-AZ-00000170,U-X4LGXLZZCKC3,2024-01-28,PARKING,2024-02-27,169.5,OPEN,
VL-DW2JG7CCDGRK,CA-AZ-00000170,U-TE1QMHHOPYB5,2024-06-01,NOISE,2024-07-01,293.53,OPEN,
VL-58D9DT6DARND,CA-AZ-00000170,U-VJND98A1YWGD,2024-07-17,ARCHITECTURAL,2024-08-16,51.46,FINED,
VL-1L3BU9VZA065,CA-IL-00000171,U-1EG0T2WIRM8I,2024-02-09,ARCHITECTURAL,2024-03-10,122.07,CURED,2024-03-07
VL-8D99WBZD66WF,CA-IL-00000171,U-7TAUZ3L5OJ6E,2024-05-10,ARCHITECTURAL,2024-06-09,57.21,DISMISSED,2024-06-18
VL-MBV9HOGIN5TK,CA-IL-00000171,U-Q70I656NYA4S,2024-03-03,OTHER,2024-04-02,207.76,OPEN,
VL-PN8YHOV5MFHP,CA-MA-00000172,U-KE4XIW3AW0WD,2024-03-21,PARKING,2024-04-20,82.57,CURED,2024-04-15
VL-0PKWYJ8WF520,CA-MA-00000172,U-3P14PRJZ466E,2024-06-20,LANDSCAPING,2024-07-20,174.0,CURED,2024-08-07
VL-ERJ0E7CN5FZE,CA-MA-00000172,U-V4QSNS3L57PL,2024-01-05,TRASH,2024-02-04,70.43,CURED,2024-02-16
VL-7JZ35A5KL0YV,CA-MA-00000172,U-NYVPX3ICBWAE,2025-03-18,PARKING,2025-04-17,427.53,DISMISSED,2025-04-06
VL-M5RD2S83SI3A,CA-MA-00000172,U-L6CRGDQAP7VV,2024-04-27,PET,2024-05-27,149.77,FINED,
VL-6CE6JWKC8Z5I,CA-MA-00000172,U-L32XRLQICT30,2025-04-06,LANDSCAPING,2025-05-06,27.96,ESCALATED,
VL-DV35JTMZ500T,CA-MA-00000172,U-L32XRLQICT30,2025-05-28,ARCHITECTURAL,2025-06-27,187.84,ESCALATED,
VL-BIN9XMBTO7DW,CA-MA-00000172,U-GAH68QS3QR1D,2024-11-17,NOISE,2024-12-17,60.9,CURED,2024-12-12
VL-M6C6AMVRQ4W4,CA-MA-00000172,U-OY92VIGCN0JB,2024-06-15,LANDSCAPING,2024-07-15,40.02,OPEN,
VL-6DTRGOCJASM7,CA-MA-00000172,U-BCXFVL4XT50H,2024-06-18,NOISE,2024-07-18,320.07,FINED,
VL-VSSF5ZF00OPI,CA-MA-00000172,U-Y94Q4E2OPANZ,2024-04-22,ARCHITECTURAL,2024-05-22,236.96,DISMISSED,2024-06-12
VL-INIEUZYLBKB1,CA-MA-00000172,U-VHG55OZDR7H0,2024-05-16,ARCHITECTURAL,2024-06-15,154.48,ESCALATED,
VL-ZRDNZ4QECS74,CA-PA-00000173,U-NDXMKEPDWKOF,2024-01-18,ARCHITECTURAL,2024-02-17,134.13,DISMISSED,2024-01-29
VL-3P500NDUQPNV,CA-PA-00000173,U-RCM5B65VHZQW,2024-10-11,NOISE,2024-11-10,187.41,CURED,2024-12-06
VL-EXXIH26CDTZ5,CA-PA-00000173,U-T3U443142QNN,2025-01-28,PARKING,2025-02-27,66.25,CURED,2025-02-12
VL-HJPJGXFF6H7L,CA-PA-00000173,U-CYDO9MJJQRT3,2024-09-12,NOISE,2024-10-12,22.18,ESCALATED,
VL-CCQJK4ZR8WNC,CA-PA-00000173,U-N8PVTZ17BSV1,2025-02-24,LANDSCAPING,2025-03-26,192.39,CURED,2025-04-10
VL-AEIJZ6E4QHBR,CA-PA-00000173,U-DO278QX72TKM,2024-09-14,NOISE,2024-10-14,39.18,CURED,2024-10-15
VL-1ZCHNDZRBQY3,CA-PA-00000173,U-51B2NP04BVSM,2024-01-09,ARCHITECTURAL,2024-02-08,116.31,DISMISSED,2024-02-25
VL-GNXWNJPJ3YKR,CA-PA-00000173,U-ZFYBIEVZEX99,2024-02-12,PARKING,2024-03-13,32.22,CURED,2024-03-22
VL-TKOGVZSQ56RV,CA-PA-00000173,U-50MMPS03BD9P,2024-01-03,NOISE,2024-02-02,179.19,CURED,2024-01-20
VL-Y1O7QFPRNHY0,CA-PA-00000173,U-MH4QI9P051M6,2024-03-03,PARKING,2024-04-02,44.66,CURED,2024-03-23
VL-66WF96ID2OLS,CA-PA-00000173,U-YIBUM7WY1UFP,2024-07-06,OTHER,2024-08-05,92.63,DISMISSED,2024-07-16
VL-9Q9N992Q2L0L,CA-PA-00000173,U-XLBLPQKVB3UF,2024-03-27,ARCHITECTURAL,2024-04-26,194.4,CURED,2024-05-09
VL-NLYKWL7HP2UW,CA-PA-00000173,U-JP0HP9ICASWU,2024-08-23,LANDSCAPING,2024-09-22,172.89,CURED,2024-09-27
VL-ZWIMO5FF5WXY,CA-PA-00000173,U-MH4QI9P051M6,2025-05-11,PARKING,2025-06-10,279.07,DISMISSED,2025-06-14
VL-NCY6OML8WHIW,CA-PA-00000173,U-RCM5B65VHZQW,2024-01-14,NOISE,2024-02-13,218.34,CURED,2024-02-03
VL-EEQ17IXH3NLS,CA-PA-00000173,U-N8PVTZ17BSV1,2024-10-14,PARKING,2024-11-13,201.33,CURED,2024-11-04
VL-5N4O75AKW8V1,CA-PA-00000173,U-4ZZBQ1BNQG34,2025-04-25,ARCHITECTURAL,2025-05-25,96.79,ESCALATED,
VL-4W73GZ65KZ2F,CA-PA-00000173,U-J840LC6P4TX1,2025-05-24,PARKING,2025-06-23,382.48,FINED,
VL-EBJW0RKTDZI7,CA-PA-00000173,U-50MMPS03BD9P,2024-06-17,ARCHITECTURAL,2024-07-17,40.23,CURED,2024-08-09
VL-GVIZ41QBBHQW,CA-PA-00000173,U-PZK4JC4W3MA6,2024-12-05,ARCHITECTURAL,2025-01-04,90.23,FINED,
VL-WVFTXABQO4ND,CA-TX-00000174,U-SE0UDJY9NSHF,2024-03-10,PET,2024-04-09,269.94,ESCALATED,
VL-0P99UKJHIX2U,CA-TX-00000174,U-6JU3V6RJ2TUA,2024-10-13,NOISE,2024-11-12,125.89,CURED,2024-10-26
VL-ZHWCJLKSRQ4I,CA-TX-00000174,U-K8GMG6CMNBVW,2024-12-21,NOISE,2025-01-20,323.29,CURED,2025-02-06
VL-VF690T9R870T,CA-TX-00000174,U-VDS7F0HF52CS,2025-04-16,NOISE,2025-05-16,130.4,CURED,2025-05-21
VL-URMK8UBP0G5E,CA-TX-00000174,U-HGD6JDQ7799Q,2024-05-31,LANDSCAPING,2024-06-30,36.23,CURED,2024-06-27
VL-YDRI9YI3LKMN,CA-TX-00000174,U-VDK3BZ5MU2AH,2024-11-02,ARCHITECTURAL,2024-12-02,135.53,ESCALATED,
VL-7J6H5U180PF7,CA-TX-00000174,U-B10P0K1AWH96,2025-01-20,ARCHITECTURAL,2025-02-19,359.42,FINED,
VL-TK1Q8I5TG78B,CA-TX-00000174,U-006IWP0EO1EQ,2025-03-05,ARCHITECTURAL,2025-04-04,57.09,DISMISSED,2025-03-23
VL-IYC9JYDUWZ1J,CA-TX-00000174,U-ZN921L6A07JT,2025-06-02,LANDSCAPING,2025-07-02,80.87,ESCALATED,
VL-LHFBY8KS3MQA,CA-IL-00000175,U-LMCAKHDEN2ES,2024-06-15,LANDSCAPING,2024-07-15,91.11,CURED,2024-08-13
VL-7RCMP3P1NL56,CA-IL-00000175,U-KG9IAD3ECIW4,2025-05-22,PARKING,2025-06-21,139.9,CURED,2025-07-13
VL-XT9JFB4H7NH1,CA-IL-00000175,U-OKLQJFNPUX79,2025-06-09,PARKING,2025-07-09,117.65,DISMISSED,2025-07-13
VL-J6DQPCE4QYHS,CA-IL-00000175,U-5F9484QIJGKM,2024-08-07,PET,2024-09-06,50.23,OPEN,
VL-PXQG8LUTZAXD,CA-IL-00000175,U-G4KOOVBZ6ODI,2025-02-03,NOISE,2025-03-05,41.96,CURED,2025-03-27
VL-KEBFJOTKMV77,CA-IL-00000175,U-QLIUDS6U9EIN,2024-11-22,LANDSCAPING,2024-12-22,47.45,CURED,2025-01-05
VL-T9IJAO3EKVP8,CA-IL-00000175,U-RSUIE1L5M3T5,2025-03-23,LANDSCAPING,2025-04-22,50.69,HEARING_SCHEDULED,
VL-CPPAU066CNEA,CA-IL-00000175,U-RKUORDGBSXMY,2024-08-23,OTHER,2024-09-22,193.83,CURED,2024-10-04
VL-DC97LK71HUYE,CA-CA-00000176,U-P80C2IRDVXVC,2025-06-11,ARCHITECTURAL,2025-07-11,241.66,DISMISSED,2025-07-18
VL-G9LOD9IJ6YU0,CA-CA-00000176,U-0EANN8N0GXMJ,2025-03-02,NOISE,2025-04-01,101.11,DISMISSED,2025-04-27
VL-8WNRJHWPLHM2,CA-CA-00000176,U-6FXU8OW9BWUA,2024-09-22,TRASH,2024-10-22,170.4,CURED,2024-10-30
VL-ZQQJGGOF5FIF,CA-CA-00000176,U-LCJPB75OP9N6,2024-11-03,PET,2024-12-03,160.82,CURED,2024-12-02
VL-5NJ8P9F7Q6F2,CA-CA-00000176,U-3Q9FN4J3O8PI,2025-06-13,LANDSCAPING,2025-07-13,75.85,DISMISSED,2025-07-01
VL-PV4PQTV034A0,CA-CA-00000176,U-0BT1GVOHH0XM,2024-04-09,PET,2024-05-09,375.14,CURED,2024-05-17
VL-VBIH4VZRBBMH,CA-CA-00000176,U-RKCLK0N43PPC,2024-12-14,LANDSCAPING,2025-01-13,77.51,DISMISSED,2024-12-28
VL-S415DQ12X2HJ,CA-CA-00000176,U-MV15OGBNIEFU,2024-03-06,NOISE,2024-04-05,208.61,DISMISSED,2024-03-25
VL-AL6VUAMQAZFW,CA-CA-00000176,U-W99D2N5FZMLT,2025-03-29,NOISE,2025-04-28,137.05,CURED,2025-05-09
VL-Y293ZMK3KPHK,CA-NV-00000177,U-1798TMXHCLJH,2025-05-07,LANDSCAPING,2025-06-06,106.24,DISMISSED,2025-06-02
VL-UDH6LHU2ECR1,CA-NV-00000177,U-9BR6GS2A5KZ7,2024-12-31,NOISE,2025-01-30,127.28,FINED,
VL-LAUDZ3MFKXJR,CA-NV-00000177,U-FM0XP0YFW84Z,2025-04-27,PET,2025-05-27,181.35,DISMISSED,2025-06-22
VL-1FK7JVZ4OMIF,CA-NV-00000177,U-HEEM5ZAKAHTP,2024-06-15,NOISE,2024-07-15,42.33,CURED,2024-07-15
VL-P83XPJ5TIZ9O,CA-NV-00000177,U-PQ5KAULWVNEY,2025-06-11,PET,2025-07-11,50.3,CURED,2025-07-09
VL-NA8D025OXF3A,CA-NV-00000177,U-JGM55O552SSO,2024-01-04,PARKING,2024-02-03,114.82,DISMISSED,2024-01-29
VL-01C7YIKXQZE5,CA-NV-00000177,U-RI9D9ZSDVFQ0,2024-12-02,LANDSCAPING,2025-01-01,39.17,CURED,2025-01-22
VL-2NG97KXKJ3NO,CA-CO-00000178,U-G7RK62XPF61C,2024-04-27,LANDSCAPING,2024-05-27,175.11,OPEN,
VL-L2W2PU211ZSX,CA-CO-00000178,U-DV7RJF2PDLE7,2025-02-02,ARCHITECTURAL,2025-03-04,45.32,OPEN,
VL-V84O86I9JBDK,CA-CO-00000178,U-3ED5BK154A09,2024-04-08,PET,2024-05-08,134.23,ESCALATED,
VL-6IYVL3MXRSR3,CA-CO-00000178,U-DV7RJF2PDLE7,2024-09-19,NOISE,2024-10-19,122.21,CURED,2024-10-19
VL-NCMI2DPZX7HK,CA-CO-00000178,U-9F6CTY5GZ7Q7,2024-02-03,PET,2024-03-04,127.43,DISMISSED,2024-02-26
VL-53DUKC3GT50V,CA-CO-00000178,U-Q4UD86D04J8D,2025-05-08,TRASH,2025-06-07,90.79,HEARING_SCHEDULED,
VL-2E4SAVZ012MV,CA-CO-00000178,U-X0UVTBNKJMF9,2024-06-22,NOISE,2024-07-22,943.23,CURED,2024-08-16
VL-LLYW8F496VSQ,CA-CO-00000178,U-SEWSBCYTJIO0,2025-04-26,PARKING,2025-05-26,52.92,CURED,2025-06-14
VL-6J2I2UFD9YJJ,CA-CO-00000178,U-6I3J26PRLI1V,2024-07-13,PARKING,2024-08-12,164.19,CURED,2024-08-29
VL-DX968PVSSW6T,CA-CO-00000178,U-OOXN0U06U0DY,2024-03-14,PARKING,2024-04-13,147.18,CURED,2024-03-30
VL-FUMHLIR4ONIP,CA-CO-00000178,U-49M0VNH05O7N,2024-02-16,NOISE,2024-03-17,155.21,CURED,2024-03-06
VL-R23CILC3A5NP,CA-CO-00000178,U-073BOTTUGLMN,2024-10-09,PARKING,2024-11-08,121.51,DISMISSED,2024-11-16
VL-VOKHJWYCO1MJ,CA-CO-00000178,U-OFQSTEVLA4TV,2025-01-28,LANDSCAPING,2025-02-27,41.21,CURED,2025-02-07
VL-DM7HHAV88P8T,CA-CO-00000178,U-073BOTTUGLMN,2024-05-05,ARCHITECTURAL,2024-06-04,52.25,DISMISSED,2024-06-09
VL-GJ0ZD8DWME9K,CA-CO-00000178,U-AE6OIWBRUBHP,2024-09-09,ARCHITECTURAL,2024-10-09,268.07,HEARING_SCHEDULED,
VL-NKB5HITXOG5B,CA-CO-00000178,U-FQV7CW04WUZO,2024-09-21,OTHER,2024-10-21,140.89,DISMISSED,2024-11-06
VL-Q71JSWQLYED7,CA-CO-00000178,U-G7RK62XPF61C,2025-04-25,LANDSCAPING,2025-05-25,150.24,CURED,2025-06-09
VL-5SJTMNUBUB6F,CA-CO-00000178,U-P7CCL9KQQB16,2025-01-20,PET,2025-02-19,165.68,CURED,2025-03-05
VL-5QZHHCXR98WS,CA-CO-00000178,U-3ED5BK154A09,2024-05-06,PARKING,2024-06-05,118.84,DISMISSED,2024-05-18
VL-XGU55EAXHDFX,CA-CO-00000178,U-S20KMB242J4D,2024-05-13,ARCHITECTURAL,2024-06-12,14.29,DISMISSED,2024-06-03
VL-ONZ7E09P61LI,CA-CO-00000178,U-DAKRHL2NG9HB,2025-05-02,ARCHITECTURAL,2025-06-01,100.28,CURED,2025-06-10
VL-RUPK5HGOL5AP,CA-CO-00000178,U-4MUMOJEMH7X3,2025-01-06,ARCHITECTURAL,2025-02-05,63.42,OPEN,
VL-VTZE22KZYNFZ,CA-CO-00000178,U-6I3J26PRLI1V,2024-09-30,PARKING,2024-10-30,50.45,HEARING_SCHEDULED,
VL-G3ZL9PM29GDG,CA-CO-00000178,U-49M0VNH05O7N,2024-09-30,TRASH,2024-10-30,49.12,ESCALATED,
VL-V9TT6MPSITO0,CA-CO-00000178,U-ORL9XU1GGQUS,2024-01-28,LANDSCAPING,2024-02-27,217.57,DISMISSED,2024-03-14
VL-LQOIFO8LEDT9,CA-CO-00000178,U-AE6OIWBRUBHP,2025-01-08,ARCHITECTURAL,2025-02-07,116.58,DISMISSED,2025-01-26
VL-29L3R2W6ZX1H,CA-CO-00000178,U-5CHZYIJMU5ON,2024-08-14,TRASH,2024-09-13,75.55,DISMISSED,2024-09-03
VL-BO117C1M1FKX,CA-CO-00000178,U-L6IJWZC0R5QM,2025-04-18,PARKING,2025-05-18,86.59,DISMISSED,2025-06-09
VL-D8502BDTAN6H,CA-CO-00000178,U-5KABKQ3WF5Z0,2024-03-17,ARCHITECTURAL,2024-04-16,41.07,CURED,2024-05-04
VL-SN35B07UOBOK,CA-NY-00000179,U-X182WBP7N8IL,2024-08-16,ARCHITECTURAL,2024-09-15,100.22,HEARING_SCHEDULED,
VL-PW531Y5LDW38,CA-NY-00000179,U-1J0RYY4GI5IA,2024-02-15,PARKING,2024-03-16,189.67,HEARING_SCHEDULED,
VL-D1AUNJWHL4RK,CA-NY-00000179,U-6RJT5MCY28N3,2025-06-10,LANDSCAPING,2025-07-10,89.18,HEARING_SCHEDULED,
VL-8NOY0OWF7J8V,CA-NY-00000179,U-XYSMT71SZYVK,2024-05-20,OTHER,2024-06-19,49.88,CURED,2024-06-07
VL-ER8F2G9VGDZO,CA-NY-00000179,U-39T61GGYNDAR,2024-06-25,LANDSCAPING,2024-07-25,90.88,CURED,2024-08-09
VL-HJUA6HS523BT,CA-CA-00000180,U-9MPDFI0F2CGA,2025-01-27,ARCHITECTURAL,2025-02-26,91.04,CURED,2025-02-28
VL-02N6B6FF781E,CA-CA-00000180,U-N3LEYHI6NKZX,2024-11-16,ARCHITECTURAL,2024-12-16,57.69,ESCALATED,
VL-XGXY71XWOF3J,CA-CA-00000180,U-UR5OVBFBWGRY,2025-02-10,LANDSCAPING,2025-03-12,173.33,CURED,2025-03-21
VL-R8PJ65NF1CGV,CA-CA-00000180,U-4LM7CU51DWZZ,2024-10-23,OTHER,2024-11-22,97.0,FINED,
VL-NLYWGF234UKO,CA-CA-00000180,U-OWALQEALAL2S,2025-04-15,PARKING,2025-05-15,79.53,DISMISSED,2025-04-28
VL-P792O77N9ONW,CA-CA-00000180,U-HLU2X3V1D0UU,2024-12-12,PARKING,2025-01-11,1256.67,ESCALATED,
VL-4WK8ATGICKRV,CA-CA-00000180,U-GQEMYS363V2B,2025-04-12,PET,2025-05-12,47.19,CURED,2025-06-02
VL-ION6PREJD8LA,CA-CA-00000180,U-1G355CDJ9M14,2024-05-29,TRASH,2024-06-28,45.0,CURED,2024-07-09
VL-BAKHTH5WADG6,CA-CA-00000180,U-WX570XZE5T0J,2024-02-07,PARKING,2024-03-08,53.51,HEARING_SCHEDULED,
VL-IADMR20M0D7W,CA-GA-00000181,U-ZUGX2STYO2US,2024-04-09,ARCHITECTURAL,2024-05-09,47.91,FINED,
VL-PSIGQZHBSQTY,CA-GA-00000181,U-HWAHYA3OP2R4,2024-12-04,PARKING,2025-01-03,127.0,FINED,
VL-L3Q1Z6HHGO2G,CA-GA-00000181,U-L1PGI8PRN0PD,2025-03-11,OTHER,2025-04-10,73.71,OPEN,
VL-HBAOJ91RE73C,CA-GA-00000181,U-HYW6KVC6ME1M,2025-06-23,NOISE,2025-07-23,209.1,DISMISSED,2025-08-16
VL-2NSIPTE5JWWV,CA-GA-00000181,U-5ADYZ8FZ8G24,2025-05-20,PARKING,2025-06-19,66.97,ESCALATED,
VL-O2737XKOOBIL,CA-GA-00000181,U-HGM1K675G01O,2025-03-24,ARCHITECTURAL,2025-04-23,86.51,CURED,2025-05-05
VL-MEVZX6GGNW2N,CA-GA-00000181,U-WGWNRIUYVP32,2024-09-30,LANDSCAPING,2024-10-30,127.23,CURED,2024-11-28
VL-4W9P2MV77PD3,CA-GA-00000181,U-ZCOL1WAODXOA,2025-02-15,PARKING,2025-03-17,107.19,DISMISSED,2025-03-27
VL-81KXX96DATG4,CA-GA-00000181,U-O4HGI3CT4Z20,2024-08-20,NOISE,2024-09-19,158.64,CURED,2024-09-10
VL-KQ0KCLR9HL9H,CA-MA-00000182,U-MNVP7HW3XS4K,2024-05-28,NOISE,2024-06-27,78.76,HEARING_SCHEDULED,
VL-XRITRVH2VL6G,CA-MA-00000182,U-FJ80WN5BPL0O,2024-07-14,ARCHITECTURAL,2024-08-13,65.42,FINED,
VL-M32TLL42ELGN,CA-MA-00000182,U-HSMWOHW8VEY5,2024-10-02,PARKING,2024-11-01,113.04,CURED,2024-11-24
VL-YUGJW8W7M3LK,CA-VA-00000183,U-2MZVWJGPCH5A,2024-07-15,LANDSCAPING,2024-08-14,150.67,DISMISSED,2024-09-12
VL-NKJKQK1OF4S8,CA-VA-00000183,U-KGSAIQOS1R7D,2024-06-26,ARCHITECTURAL,2024-07-26,453.59,CURED,2024-07-18
VL-EGVDREC5B68C,CA-VA-00000183,U-T5LHJPB2T0UG,2024-05-21,NOISE,2024-06-20,155.79,CURED,2024-06-01
VL-VRX6MCV8EG0J,CA-TX-00000184,U-PCUQ8G8QHT9N,2024-12-10,PARKING,2025-01-09,40.57,CURED,2025-02-08
VL-131DAWW05X0F,CA-TX-00000184,U-CLEH92ISCYQA,2025-02-16,LANDSCAPING,2025-03-18,197.16,DISMISSED,2025-04-06
VL-VO1ZGVX0TJ32,CA-TX-00000184,U-FG6O5IN4ZYFE,2025-05-18,PARKING,2025-06-17,58.48,FINED,
VL-WEUL8906J7VG,CA-TX-00000184,U-MZBG1R9R7HFD,2024-03-24,ARCHITECTURAL,2024-04-23,218.29,HEARING_SCHEDULED,
VL-9WABEZU2A2V9,CA-TX-00000184,U-G179X3NMZDEM,2025-04-21,LANDSCAPING,2025-05-21,61.13,CURED,2025-05-04
VL-5BNZQKH54V45,CA-TX-00000184,U-SDMSPHHA1ZII,2024-04-09,LANDSCAPING,2024-05-09,248.4,CURED,2024-05-08
VL-8XDRMY0MS75J,CA-TX-00000184,U-GR0DVQ5RALMW,2024-09-04,OTHER,2024-10-04,127.89,CURED,2024-09-25
VL-NCDCGO8HJDXT,CA-TX-00000184,U-MZBG1R9R7HFD,2024-03-15,PET,2024-04-14,127.51,DISMISSED,2024-04-23
VL-C97JHYD4FB00,CA-TX-00000184,U-3ZE5S14MN7F4,2024-03-16,OTHER,2024-04-15,104.88,FINED,
VL-XQY7CQMFI9C1,CA-CA-00000185,U-86QD5AGILH3T,2024-11-03,TRASH,2024-12-03,9.22,DISMISSED,2024-11-25
VL-DT0V7VHATRZS,CA-CA-00000185,U-KF9RDFDLAOBX,2024-03-15,LANDSCAPING,2024-04-14,132.38,DISMISSED,2024-04-04
VL-6AHJO9KPZFJN,CA-CA-00000185,U-PY03BP85NJU1,2025-02-17,TRASH,2025-03-19,119.18,CURED,2025-03-04
VL-XTB5MRKJOZS1,CA-CA-00000185,U-HIZGGP2YRFC1,2024-06-21,NOISE,2024-07-21,71.15,FINED,
VL-GVWBQQ5CMBRK,CA-CA-00000185,U-LBQ45AD1YED0,2025-06-09,ARCHITECTURAL,2025-07-09,392.99,CURED,2025-06-20
VL-ESONK4K1EFA5,CA-CA-00000185,U-0BVD76E2Y0EU,2024-01-17,PET,2024-02-16,243.16,CURED,2024-03-13
VL-QECDV6FJIBRD,CA-CA-00000185,U-M52INGIGD63G,2025-02-26,LANDSCAPING,2025-03-28,373.41,DISMISSED,2025-04-20
VL-90GYZVINTKEK,CA-CA-00000185,U-OXTP2NFFMQFE,2024-10-23,NOISE,2024-11-22,51.86,CURED,2024-11-13
VL-BS2ZOQBYKYVS,CA-CA-00000185,U-B04V6U4VUNGT,2024-05-27,PARKING,2024-06-26,100.43,CURED,2024-07-23
VL-6CKPOTC2U9ZP,CA-CA-00000185,U-H8AGZLFP4UB6,2025-01-17,ARCHITECTURAL,2025-02-16,83.51,CURED,2025-03-10
VL-DLUE3RIWO616,CA-CA-00000186,U-C5XZXZ4OB7AK,2025-03-25,ARCHITECTURAL,2025-04-24,51.72,ESCALATED,
VL-ULH6ZZC0ALEA,CA-CA-00000186,U-BNVFOLP62IO1,2025-01-20,LANDSCAPING,2025-02-19,41.02,ESCALATED,
VL-A7WWZ7LNXO3I,CA-CA-00000186,U-EJGBIS8S2QML,2025-01-16,PARKING,2025-02-15,36.52,CURED,2025-02-05
VL-UHDCOEUBOU0R,CA-CA-00000186,U-UW8LZ1D23872,2025-02-15,LANDSCAPING,2025-03-17,71.77,DISMISSED,2025-03-17
VL-2FZ8CZJX8QDY,CA-CA-00000186,U-TS0DCF1EH1FP,2025-01-19,PET,2025-02-18,68.25,CURED,2025-03-12
VL-IL04C0EWV1BH,CA-CA-00000186,U-WK5P6OP1EUF4,2025-04-03,ARCHITECTURAL,2025-05-03,126.52,DISMISSED,2025-04-17
VL-D2KD8DLEQPJT,CA-CA-00000186,U-ZONBE7NR569E,2024-05-14,LANDSCAPING,2024-06-13,55.11,OPEN,
VL-QPY38EE5VO6N,CA-CA-00000186,U-UW8LZ1D23872,2025-01-18,OTHER,2025-02-17,80.0,ESCALATED,
VL-WH3EEV9J3RHX,CA-CA-00000186,U-2H5Z9WAHJNZU,2024-12-13,ARCHITECTURAL,2025-01-12,217.01,CURED,2025-01-17
VL-1QQUVFA2O8X7,CA-CA-00000187,U-TFBN2OTMNQ8K,2024-05-05,OTHER,2024-06-04,63.52,DISMISSED,2024-06-11
VL-E9XDYAYT8P8Y,CA-CA-00000187,U-1AD511NCFEVK,2024-04-20,LANDSCAPING,2024-05-20,359.02,OPEN,
VL-9A60DLTTBILJ,CA-CA-00000187,U-6WYTWDVHA64B,2025-05-31,LANDSCAPING,2025-06-30,227.09,CURED,2025-06-20
VL-B1V4TJPYLUWY,CA-CA-00000187,U-CH9UZE3SYDUK,2025-04-15,LANDSCAPING,2025-05-15,109.57,HEARING_SCHEDULED,
VL-N7VC0MD46U38,CA-CA-00000187,U-YZM61L8Z58B7,2024-10-05,OTHER,2024-11-04,156.88,CURED,2024-11-14
VL-F0C56RMX7M99,CA-CA-00000187,U-2ZZM58OQKXXK,2025-01-02,OTHER,2025-02-01,66.13,ESCALATED,
VL-1812L2XY05OA,CA-CA-00000187,U-91ZUMI7R3Y54,2025-02-11,LANDSCAPING,2025-03-13,96.74,DISMISSED,2025-03-29
VL-T2QL73SUFY2X,CA-CA-00000187,U-CH9UZE3SYDUK,2025-04-10,LANDSCAPING,2025-05-10,126.59,OPEN,
VL-X2IEVYHCV0DN,CA-CA-00000187,U-Z6ZDKCZHLM2L,2024-04-25,LANDSCAPING,2024-05-25,75.74,OPEN,
VL-KXEMSRMA0N5L,CA-CA-00000187,U-ECNHNHNVGKHO,2024-05-07,NOISE,2024-06-06,117.17,DISMISSED,2024-06-23
VL-NKA86GLAU1DD,CA-CA-00000187,U-7VDC2R5D24ZZ,2024-06-04,ARCHITECTURAL,2024-07-04,200.21,FINED,
VL-AU0FGMDM65RV,CA-CA-00000187,U-QL08T3R7OG7R,2024-10-28,LANDSCAPING,2024-11-27,227.74,OPEN,
VL-SP4CANJZXGIU,CA-CA-00000187,U-KHZPGV4KSTU2,2024-08-19,PET,2024-09-18,164.9,CURED,2024-10-11
VL-WUPK0B605QHJ,CA-CA-00000187,U-IB47UPWEXZ02,2024-08-09,ARCHITECTURAL,2024-09-08,33.8,DISMISSED,2024-09-05
VL-JWBE5CUAK8S5,CA-CA-00000187,U-5FL8E3MCTVSP,2024-10-15,ARCHITECTURAL,2024-11-14,175.43,ESCALATED,
VL-BR35H1EP2ZJ4,CA-CA-00000187,U-EY6A19YEFMMI,2024-09-15,ARCHITECTURAL,2024-10-15,318.85,DISMISSED,2024-11-01
VL-M4497CRHRJ78,CA-CA-00000188,U-GZ4TYXPV5GXW,2024-02-29,ARCHITECTURAL,2024-03-30,77.46,CURED,2024-04-16
VL-1DKWEK8X54Z9,CA-CA-00000188,U-CFY6TV6MZAUP,2024-01-19,LANDSCAPING,2024-02-18,113.08,ESCALATED,
VL-OUOGWDKSCZ15,CA-CA-00000188,U-EB8WZWW06VJI,2024-05-21,PET,2024-06-20,118.78,HEARING_SCHEDULED,
VL-4LWC5E7HXVQ2,CA-CA-00000188,U-AVZCTA946W82,2025-01-05,LANDSCAPING,2025-02-04,87.46,CURED,2025-02-26
VL-JHX94IQYG6K5,CA-CA-00000188,U-2OIYJ5ZFM4NJ,2025-02-09,LANDSCAPING,2025-03-11,116.27,DISMISSED,2025-04-03
VL-B0RJAKQQS1KJ,CA-CA-00000188,U-KEUNIZL7K7SX,2024-08-06,TRASH,2024-09-05,119.55,CURED,2024-09-16
VL-G7NP5ZVMTX2E,CA-CA-00000188,U-7PI96XE75KWV,2025-06-14,OTHER,2025-07-14,53.74,OPEN,
VL-NKV688P84IKG,CA-CA-00000188,U-1V03SDZ3559T,2025-02-11,PET,2025-03-13,134.17,CURED,2025-04-07
VL-M9AELAB4DAAA,CA-CA-00000188,U-2OIYJ5ZFM4NJ,2025-01-23,ARCHITECTURAL,2025-02-22,232.95,CURED,2025-03-20
VL-5CERD9TML0QH,CA-CA-00000188,U-LSURJ58A4IQZ,2025-05-18,TRASH,2025-06-17,58.84,CURED,2025-06-12
VL-2UNYNRDRWO4E,CA-CA-00000188,U-KEUNIZL7K7SX,2024-12-17,PARKING,2025-01-16,181.21,CURED,2025-02-05
VL-F7DH97LC3C69,CA-TX-00000189,U-DEKG0Z5XN53V,2024-10-21,PARKING,2024-11-20,88.2,HEARING_SCHEDULED,
VL-OK1SJWRDP6KW,CA-TX-00000189,U-CI48QGPT21CK,2025-01-23,PET,2025-02-22,221.85,CURED,2025-02-12
VL-RZC66O0O0HT9,CA-TX-00000189,U-I7WAKXLT2I0H,2025-03-20,NOISE,2025-04-19,52.53,HEARING_SCHEDULED,
VL-JVPJJTDNHM2T,CA-TX-00000189,U-QYYL9OMNL646,2025-03-11,PET,2025-04-10,56.82,CURED,2025-04-21
VL-UQDZ3MG5Q4UP,CA-TX-00000189,U-POAKYPHFV2MM,2024-06-22,ARCHITECTURAL,2024-07-22,53.21,DISMISSED,2024-07-02
VL-LO8PHTEA2TZR,CA-TX-00000189,U-QYYL9OMNL646,2025-01-19,PARKING,2025-02-18,45.9,HEARING_SCHEDULED,
VL-MU83I11QI23F,CA-FL-00000190,U-1V1ZSVCQE1C6,2024-11-28,PET,2024-12-28,211.08,CURED,2024-12-23
VL-OQRSFGZ649NY,CA-FL-00000190,U-QB1G8F0DWABA,2024-11-20,LANDSCAPING,2024-12-20,226.66,DISMISSED,2025-01-12
VL-2YT7CFX7DTMK,CA-WA-00000191,U-4O64SSB7883B,2024-10-25,ARCHITECTURAL,2024-11-24,440.16,HEARING_SCHEDULED,
VL-MPDGOOOBLJCU,CA-WA-00000191,U-XWJKGTWSNPP9,2025-03-26,PARKING,2025-04-25,351.77,OPEN,
VL-SO0IL30591H8,CA-WA-00000191,U-4O64SSB7883B,2024-01-30,NOISE,2024-02-29,201.39,OPEN,
VL-JK4QCJNUK8L1,CA-WA-00000191,U-8G99DDIJHXA3,2024-06-19,TRASH,2024-07-19,37.33,FINED,
VL-ON1WHGQUML3R,CA-WA-00000191,U-YTFSOIA2387F,2024-10-30,TRASH,2024-11-29,26.39,DISMISSED,2024-11-17
VL-EAVCEHULJGU0,CA-CA-00000192,U-HF3VBARV7UC7,2025-06-15,TRASH,2025-07-15,317.89,DISMISSED,2025-07-16
VL-TYNT193M0F75,CA-CA-00000192,U-HF3VBARV7UC7,2024-12-07,PARKING,2025-01-06,123.52,CURED,2024-12-17
VL-PZS89UVA8C34,CA-CA-00000192,U-HF3VBARV7UC7,2024-12-20,NOISE,2025-01-19,25.34,CURED,2025-01-07
VL-TRQJ1SZ8BVAZ,CA-CA-00000192,U-2O8WZ84F358D,2024-09-03,PET,2024-10-03,87.85,DISMISSED,2024-10-04
VL-BGBK2FKI8JWT,CA-CA-00000192,U-SBPY3KOISQ7A,2024-12-16,LANDSCAPING,2025-01-15,237.66,DISMISSED,2025-01-20
VL-ERIGXT6DPAKJ,CA-CA-00000192,U-SBPY3KOISQ7A,2024-05-15,NOISE,2024-06-14,73.12,CURED,2024-06-06
VL-Y8ZB5PKU3SQ2,CA-CA-00000192,U-9P1KTDPMQZVK,2025-05-20,LANDSCAPING,2025-06-19,222.31,OPEN,
VL-TAP4WSHJPJSR,CA-CA-00000192,U-ZTBYQ168TGHY,2024-07-28,NOISE,2024-08-27,130.59,CURED,2024-08-18
VL-7LKWL63P9NZK,CA-CA-00000192,U-NGVKZ8MWIOLV,2024-07-10,NOISE,2024-08-09,117.99,CURED,2024-08-19
VL-JUHCRHZ8SJ14,CA-CA-00000192,U-FJ5PALBD67GF,2024-03-12,PET,2024-04-11,179.12,CURED,2024-03-30
VL-SD3WZ4JQ80JX,CA-CA-00000192,U-2T3X6AS8K7DY,2025-06-13,NOISE,2025-07-13,113.73,DISMISSED,2025-07-19
VL-04QVE71E7VAR,CA-CA-00000192,U-71VW2A76873Y,2024-03-20,PARKING,2024-04-19,31.13,CURED,2024-05-17
VL-6920IN5OUCJ5,CA-CA-00000192,U-LSGMWRVPR7FJ,2024-11-29,PARKING,2024-12-29,65.98,DISMISSED,2025-01-12
VL-3V74T2JGZF50,CA-CA-00000192,U-0K6LMSP86BPJ,2025-03-20,LANDSCAPING,2025-04-19,68.37,ESCALATED,
VL-PY3GT1OC9SWQ,CA-CA-00000192,U-44UZLKDJAYK5,2025-01-22,LANDSCAPING,2025-02-21,145.66,CURED,2025-02-28
VL-01ABMRBNBG2C,CA-CA-00000192,U-909IU1JQ1UWX,2025-05-29,ARCHITECTURAL,2025-06-28,80.78,DISMISSED,2025-07-08
VL-JENZ9ITLMA0C,CA-CA-00000192,U-X8OSUTUG4K85,2024-09-09,OTHER,2024-10-09,14.36,CURED,2024-09-27
VL-WXJY0TSPR33Q,CA-CA-00000192,U-BPBYW08NNKAX,2024-12-10,PARKING,2025-01-09,135.65,DISMISSED,2024-12-27
VL-A4IDZLEO27U2,CA-CA-00000192,U-6ZF9JAUXH3A5,2024-11-13,TRASH,2024-12-13,98.96,HEARING_SCHEDULED,
VL-4LD5FS1IKAHT,CA-CA-00000192,U-909IU1JQ1UWX,2024-04-14,TRASH,2024-05-14,127.72,DISMISSED,2024-06-11
VL-7J26FI3XE4OX,CA-CA-00000192,U-A4AR4UOBCP75,2024-01-09,LANDSCAPING,2024-02-08,92.32,FINED,
VL-RIB3G09AO090,CA-CA-00000192,U-1KTR2QZISNEF,2025-01-29,LANDSCAPING,2025-02-28,83.12,CURED,2025-02-09
VL-TY2SNMKZ0GI6,CA-CA-00000192,U-SDVU01E5YGD6,2025-03-26,PARKING,2025-04-25,46.82,CURED,2025-04-20
VL-E96176IDWQ12,CA-CA-00000192,U-DZZMCOK4RTSH,2024-01-07,PARKING,2024-02-06,225.82,CURED,2024-02-03
VL-8AY3ICZIJSYU,CA-CA-00000192,U-933LHB44LR45,2024-06-11,PARKING,2024-07-11,132.9,CURED,2024-07-15
VL-EXPSO7CXOOOK,CA-CA-00000192,U-K7F8EGB451J5,2024-05-27,LANDSCAPING,2024-06-26,66.81,OPEN,
VL-8KDX3U58ZYBT,CA-CA-00000192,U-HF3VBARV7UC7,2024-02-05,ARCHITECTURAL,2024-03-06,141.69,CURED,2024-03-08
VL-PN6NKVVGKWA5,CA-CA-00000192,U-FJ5PALBD67GF,2025-02-14,OTHER,2025-03-16,79.78,CURED,2025-03-30
VL-CYJ99PFKMWJ7,CA-CA-00000192,U-DZZMCOK4RTSH,2025-06-15,ARCHITECTURAL,2025-07-15,262.76,DISMISSED,2025-08-09
VL-GUB47DMDPH6O,CA-CA-00000193,U-YXW42Z6BGZMH,2024-07-24,PET,2024-08-23,82.98,CURED,2024-09-09
VL-6Y5GKS3HRO3N,CA-CA-00000193,U-4Q8J0LEFITX0,2025-05-20,TRASH,2025-06-19,111.87,OPEN,
VL-NVL4HWMR7EJ4,CA-CA-00000193,U-6AIM3PSR0MAM,2025-02-13,ARCHITECTURAL,2025-03-15,216.74,CURED,2025-03-12
VL-Z7VHD5JVIQ7K,CA-CA-00000193,U-AMD7YICY6OS5,2024-11-30,TRASH,2024-12-30,157.96,CURED,2025-01-29
VL-53VTNQW1CBE3,CA-CA-00000193,U-35AHK2YSKQ1P,2024-04-21,PARKING,2024-05-21,79.37,CURED,2024-06-17
VL-ZJXDR9T3CIFK,CA-CA-00000193,U-RV3YCLAKY4DI,2024-01-10,PARKING,2024-02-09,55.02,ESCALATED,
VL-H34C0R0EDRUD,CA-CA-00000193,U-0UVG7KEMBP1Q,2024-09-26,LANDSCAPING,2024-10-26,68.17,DISMISSED,2024-10-21
VL-4WCUYSSC4QN7,CA-CA-00000193,U-7UMWPHORCGLU,2024-04-27,NOISE,2024-05-27,95.25,CURED,2024-06-24
VL-4IE5IF4KTKJL,CA-CA-00000193,U-G29AY89VAFRM,2025-01-02,TRASH,2025-02-01,209.6,CURED,2025-01-21
VL-UZNHBAWB6IRE,CA-CA-00000193,U-H88HOR7E19IS,2024-12-05,LANDSCAPING,2025-01-04,51.98,DISMISSED,2024-12-15
VL-GZS179FSJQ4K,CA-CA-00000193,U-T8PMETLYYWK2,2025-04-27,PARKING,2025-05-27,25.58,ESCALATED,
VL-DJYPNB5F586U,CA-CA-00000193,U-1NWKGPGVSSBI,2024-07-04,LANDSCAPING,2024-08-03,72.92,DISMISSED,2024-07-25
VL-H2J1IN4Z95XY,CA-CA-00000193,U-35AHK2YSKQ1P,2024-01-01,LANDSCAPING,2024-01-31,57.82,CURED,2024-02-23
VL-HYU0KKC9OM0G,CA-IL-00000194,U-O118RB3ZYQ5N,2024-05-23,ARCHITECTURAL,2024-06-22,101.14,CURED,2024-06-13
VL-GVPO876JL6DU,CA-IL-00000194,U-Q46S2MKZPMIN,2024-12-21,PET,2025-01-20,90.61,CURED,2025-01-06
VL-33S11D8A8JYH,CA-AZ-00000195,U-7L3AEML39COA,2025-06-19,ARCHITECTURAL,2025-07-19,173.76,CURED,2025-07-06
VL-UY67J1X28HGD,CA-AZ-00000195,U-A74QSPI0GUMI,2024-12-28,ARCHITECTURAL,2025-01-27,162.44,CURED,2025-01-26
VL-V5RVVBX6KEEE,CA-AZ-00000195,U-KERFGVG8FGS9,2024-04-13,NOISE,2024-05-13,78.54,CURED,2024-05-23
VL-JJIJNOIAO1X3,CA-AZ-00000195,U-VVBN3YXZQO68,2025-01-12,PARKING,2025-02-11,32.79,CURED,2025-01-26
VL-NY3AIEM3NAVB,CA-AZ-00000195,U-LK3NIA2N5U5N,2024-01-26,PARKING,2024-02-25,40.3,HEARING_SCHEDULED,
VL-1TBKK5O5LBU7,CA-AZ-00000195,U-7L3AEML39COA,2024-03-26,LANDSCAPING,2024-04-25,275.66,ESCALATED,
VL-1KA3IF7S4VWU,CA-AZ-00000195,U-8EK47UNMMYVJ,2025-06-19,ARCHITECTURAL,2025-07-19,78.83,CURED,2025-08-17
VL-4V7HCQQ4Q7RF,CA-AZ-00000195,U-8OED4QWCFQ0M,2024-09-21,PARKING,2024-10-21,99.97,CURED,2024-10-15
VL-U9UAV7V3EF4Z,CA-AZ-00000195,U-KERFGVG8FGS9,2025-04-07,LANDSCAPING,2025-05-07,429.33,DISMISSED,2025-04-17
VL-VF4H6HB555T2,CA-AZ-00000195,U-LK3NIA2N5U5N,2024-07-01,NOISE,2024-07-31,174.43,CURED,2024-08-21
VL-SMWSEG5UVN5H,CA-AZ-00000195,U-BL647YIM138A,2024-07-13,NOISE,2024-08-12,138.97,DISMISSED,2024-07-24
VL-NL7Y8CUNHDN6,CA-AZ-00000195,U-0XHF8O7KFHPO,2024-11-19,TRASH,2024-12-19,90.41,CURED,2024-11-30
VL-5Y7UUNJIQVLV,CA-AZ-00000195,U-AJTFLCVWTVYX,2024-07-19,ARCHITECTURAL,2024-08-18,98.29,CURED,2024-09-03
VL-3QXCY2DIAT62,CA-NC-00000196,U-KVR0I3RC5VRF,2025-04-19,PET,2025-05-19,54.86,CURED,2025-05-18
VL-2SXYCKJEM1V6,CA-NC-00000196,U-ZTRZ4BWDABNQ,2024-10-07,NOISE,2024-11-06,147.4,ESCALATED,
VL-K3CGKIZ3A1ZK,CA-NC-00000196,U-FHDV5KHPRH19,2024-12-21,OTHER,2025-01-20,287.17,DISMISSED,2025-01-07
VL-6UTFHOXV0LDU,CA-NC-00000196,U-YRHYE9KUA312,2024-12-21,PARKING,2025-01-20,71.75,OPEN,
VL-TB3FL7D012V4,CA-NC-00000196,U-4PXCBPTKKHQC,2024-08-13,NOISE,2024-09-12,174.63,CURED,2024-10-01
VL-IFOWJ3ABVXRI,CA-NC-00000196,U-0CAKBJJOHB3Z,2024-03-26,OTHER,2024-04-25,70.13,DISMISSED,2024-05-13
VL-MMUZ8PZK5NA2,CA-NC-00000196,U-1Q3Z2DJEP77N,2024-11-28,ARCHITECTURAL,2024-12-28,190.51,CURED,2024-12-18
VL-6QJGV41R29Q9,CA-NC-00000196,U-3H05P69DC2PP,2024-11-14,PET,2024-12-14,84.34,DISMISSED,2025-01-07
VL-ZMUMXZBS481G,CA-NC-00000196,U-MBF4W9W7LIRJ,2024-01-11,NOISE,2024-02-10,83.19,CURED,2024-03-06
VL-VI7PE1HSQWJ1,CA-TX-00000197,U-NIQI14RVYMDK,2024-10-10,LANDSCAPING,2024-11-09,68.5,CURED,2024-10-31
VL-PAPD8I96V674,CA-TX-00000197,U-9XKZ1SRT6UDA,2024-09-26,OTHER,2024-10-26,243.95,HEARING_SCHEDULED,
VL-0XPUG4853S76,CA-TX-00000197,U-INX84462BX7V,2024-09-07,LANDSCAPING,2024-10-07,24.48,CURED,2024-09-29
VL-5XS6FJL2UG6D,CA-TX-00000197,U-GLV5SUX8ESN1,2024-11-30,PARKING,2024-12-30,188.32,OPEN,
VL-WA86V3MA8L14,CA-TX-00000197,U-90MYNDL6HG9F,2025-03-19,PET,2025-04-18,112.23,CURED,2025-04-25
VL-15RQ9Y88WNK8,CA-TX-00000197,U-EV0P45KP9HIX,2025-06-21,ARCHITECTURAL,2025-07-21,116.48,DISMISSED,2025-07-12
VL-RMW511X0QBX7,CA-NY-00000198,U-MTJI8CI38NH5,2024-12-27,NOISE,2025-01-26,121.02,DISMISSED,2025-02-17
VL-R5ZCPG30I2EU,CA-NY-00000198,U-4VTZWTKGVDVI,2024-02-25,ARCHITECTURAL,2024-03-26,89.25,FINED,
VL-GDLF7R3SO3LV,CA-NY-00000198,U-RSL3G2YUHHUB,2025-01-05,ARCHITECTURAL,2025-02-04,94.72,HEARING_SCHEDULED,
VL-G6XEFBE6ZDN6,CA-NY-00000198,U-RSL3G2YUHHUB,2024-07-07,PET,2024-08-06,141.31,CURED,2024-07-20
VL-J6DZB0FKOW2U,CA-NY-00000198,U-YFK9OJ7I0EJX,2025-03-14,ARCHITECTURAL,2025-04-13,192.51,DISMISSED,2025-04-11
VL-Q6KVYODVR4IL,CA-NY-00000198,U-AF2OHEV5WFTG,2024-08-18,ARCHITECTURAL,2024-09-17,282.37,CURED,2024-10-05
VL-SPBRRVK8FN13,CA-NY-00000198,U-2MVJHHAEX3BI,2025-06-04,TRASH,2025-07-04,379.15,ESCALATED,
VL-93II7H699KHI,CA-NY-00000198,U-5X49YSM5CQ2B,2025-04-24,LANDSCAPING,2025-05-24,87.19,ESCALATED,
VL-HGCBINEFNUIN,CA-NY-00000198,U-SKZYHBHA9AIQ,2024-11-10,NOISE,2024-12-10,72.53,DISMISSED,2024-12-31
VL-Q6A43EW92I46,CA-NY-00000198,U-RSL3G2YUHHUB,2025-04-29,ARCHITECTURAL,2025-05-29,63.96,CURED,2025-06-19
VL-Y8FHTH70SDYH,CA-NY-00000198,U-1G9EUWACE9E8,2025-06-09,ARCHITECTURAL,2025-07-09,92.86,DISMISSED,2025-08-02
VL-ZT5GYGZKRVKF,CA-NY-00000198,U-AF2OHEV5WFTG,2024-10-05,TRASH,2024-11-04,26.0,DISMISSED,2024-11-24
VL-KVEL8HF9D0LV,CA-NY-00000198,U-V7L04PM298FP,2024-06-16,PARKING,2024-07-16,508.17,CURED,2024-08-10
VL-A71HH3XW951N,CA-NY-00000198,U-46Q2FKO7DIRG,2024-11-15,PET,2024-12-15,158.04,CURED,2025-01-11
VL-Z7TXUVFOVL2S,CA-NY-00000198,U-KTI0JMRZB9X4,2024-10-17,ARCHITECTURAL,2024-11-16,73.42,OPEN,
VL-PX8F7INIXKGN,CA-NY-00000198,U-LMSP517XAYSQ,2024-05-18,TRASH,2024-06-17,94.97,CURED,2024-06-29
VL-BATUP393TI26,CA-NY-00000198,U-5X49YSM5CQ2B,2024-12-13,PARKING,2025-01-12,78.99,CURED,2024-12-24
VL-9CNNRCWH6O8H,CA-NY-00000198,U-KQZL07RA880A,2024-12-13,TRASH,2025-01-12,112.35,CURED,2025-02-01
VL-C249KZ9TFIIN,CA-NY-00000198,U-AF2OHEV5WFTG,2025-01-14,LANDSCAPING,2025-02-13,105.8,CURED,2025-01-28
VL-3PSWJ7FPCPWC,CA-NY-00000198,U-46Q2FKO7DIRG,2024-10-29,LANDSCAPING,2024-11-28,194.92,CURED,2024-12-26
VL-BGS21ZZT6HZB,CA-NY-00000198,U-U6LIZH2MR1LO,2024-08-10,ARCHITECTURAL,2024-09-09,77.44,CURED,2024-08-28
VL-Q602ODA52SEQ,CA-NY-00000198,U-RYFI5066KQBT,2024-09-20,ARCHITECTURAL,2024-10-20,32.38,CURED,2024-09-30
VL-U2TCG2DHE8JV,CA-NY-00000198,U-ZOESTZ25ASRQ,2024-12-26,ARCHITECTURAL,2025-01-25,168.8,HEARING_SCHEDULED,
VL-YYEXSDJ4A3QY,CA-FL-00000199,U-Y2D4Z75A9ZMZ,2024-05-24,NOISE,2024-06-23,94.29,DISMISSED,2024-06-15
VL-I6MWRWE864ZM,CA-FL-00000199,U-ZML0SQ59DY1D,2024-08-23,PARKING,2024-09-22,195.61,CURED,2024-10-12
VL-98IHLVYXDV4D,CA-FL-00000199,U-THXKKKUOW6EA,2024-02-28,LANDSCAPING,2024-03-29,165.52,HEARING_SCHEDULED,
VL-39PWXCWV3SRO,CA-FL-00000199,U-NFN10QRS2WRK,2024-01-05,ARCHITECTURAL,2024-02-04,134.39,ESCALATED,
VL-M3TAFQJOOVMK,CA-FL-00000199,U-A0U2LSRQUZKW,2025-04-24,PET,2025-05-24,177.1,FINED,
VL-2UCYHULDF6XM,CA-FL-00000199,U-75IKBEUG930B,2025-02-01,TRASH,2025-03-03,27.15,DISMISSED,2025-03-26
VL-U9XO15WOQWN6,CA-FL-00000199,U-DQO9Y9BFIWFE,2025-05-21,OTHER,2025-06-20,72.67,CURED,2025-06-04
VL-KVKXQEN19A1A,CA-CA-00000200,U-7C42AFC860T4,2025-03-28,NOISE,2025-04-27,108.12,ESCALATED,
VL-QZPGHUXZ99XU,CA-CA-00000200,U-K9NDOCZRDF4K,2024-05-26,OTHER,2024-06-25,380.49,CURED,2024-07-20
VL-X2LZHHM9U2V6,CA-CA-00000200,U-8HGM97RJFINZ,2024-05-28,PET,2024-06-27,38.92,FINED,
VL-YA7N1SE7Z22E,CA-GA-00000201,U-1PG6KZN2XUI4,2024-11-09,TRASH,2024-12-09,72.21,CURED,2024-12-19
VL-V6I1TRFM3B1Q,CA-GA-00000201,U-B3AN0UPPIILD,2025-04-16,ARCHITECTURAL,2025-05-16,138.16,CURED,2025-05-15
VL-83HNE2AQ8F9B,CA-GA-00000201,U-1PG6KZN2XUI4,2025-01-07,PARKING,2025-02-06,190.15,DISMISSED,2025-01-19
VL-HCL24EEC3AC9,CA-GA-00000201,U-R41F9WCSKHW4,2024-02-18,LANDSCAPING,2024-03-19,95.4,DISMISSED,2024-03-27
VL-SRW2Z5NLR84M,CA-GA-00000201,U-I3V1DKTX7H0D,2024-10-23,ARCHITECTURAL,2024-11-22,93.29,DISMISSED,2024-11-16
VL-QVEQLG31YKS9,CA-GA-00000201,U-I4V3BAUPXVDD,2024-01-01,ARCHITECTURAL,2024-01-31,268.14,CURED,2024-02-15
VL-GNJ1K4FSZ8YJ,CA-GA-00000201,U-I4V3BAUPXVDD,2025-05-24,PET,2025-06-23,86.18,CURED,2025-06-14
VL-YQPF6OR47X48,CA-GA-00000201,U-QFVCKPO2GSJX,2024-07-10,LANDSCAPING,2024-08-09,37.62,DISMISSED,2024-09-06
VL-402D51FBOWC6,CA-GA-00000201,U-0C6LLQEBKN8Q,2024-03-06,TRASH,2024-04-05,112.52,DISMISSED,2024-03-22
VL-DI3YBH3JF867,CA-GA-00000201,U-ZSIB09ES4RV1,2024-06-17,LANDSCAPING,2024-07-17,25.74,CURED,2024-06-30
VL-Y2UJOV6F2TZT,CA-GA-00000201,U-ZSIB09ES4RV1,2024-06-25,ARCHITECTURAL,2024-07-25,57.22,HEARING_SCHEDULED,
VL-18CKI5JXQRM0,CA-GA-00000201,U-5B1R0SNW94VL,2024-07-07,ARCHITECTURAL,2024-08-06,50.64,CURED,2024-08-12
VL-D8Q37N6QUFKY,CA-GA-00000201,U-PXH9TJJXCI2A,2024-03-29,ARCHITECTURAL,2024-04-28,61.87,FINED,
VL-V4W7PRU94OFW,CA-GA-00000201,U-REQP3VHUKTO7,2025-04-18,TRASH,2025-05-18,63.27,CURED,2025-06-08
VL-P0PPULIT7GTG,CA-GA-00000201,U-I3V1DKTX7H0D,2025-02-14,ARCHITECTURAL,2025-03-16,112.9,CURED,2025-03-12
VL-3VPPRGH12Q60,CA-CA-00000202,U-4SKV1HG6LTVS,2024-02-24,PET,2024-03-25,52.2,CURED,2024-03-15
VL-0DO2NLYFQXXX,CA-CA-00000202,U-CR82DPSUBFNI,2024-04-12,TRASH,2024-05-12,109.88,OPEN,
VL-5LR1DJ7N4ZT4,CA-CA-00000202,U-W9R4S1OM9LS9,2024-07-03,TRASH,2024-08-02,76.93,FINED,
VL-CWXUNDSQUIHS,CA-CA-00000202,U-OVK4R7VC17VN,2025-03-18,ARCHITECTURAL,2025-04-17,155.28,DISMISSED,2025-04-26
VL-8FBYT7EMV6YR,CA-CA-00000202,U-8DNJVPMVORDS,2024-06-30,NOISE,2024-07-30,33.43,CURED,2024-08-04
VL-I4CLFXXAJJAP,CA-CA-00000202,U-HR7V22IA727A,2025-05-26,NOISE,2025-06-25,134.58,CURED,2025-06-20
VL-6VYUN9K7JIST,CA-CA-00000202,U-KVSU4M2W3BJD,2025-03-31,ARCHITECTURAL,2025-04-30,104.87,DISMISSED,2025-04-26
VL-IMQW4BOROMTN,CA-CA-00000202,U-P43LQI3Q8GGI,2024-07-09,NOISE,2024-08-08,106.54,CURED,2024-08-10
VL-LYKR5DZXR6ZI,CA-CA-00000202,U-7N32GEF7VCNP,2024-01-31,PARKING,2024-03-01,455.9,DISMISSED,2024-02-12
VL-9Y5JZYAK1O3T,CA-OH-00000203,U-OR4HNJLIDR6B,2024-05-28,PARKING,2024-06-27,81.63,DISMISSED,2024-07-15
VL-LSF4II6SA1NE,CA-OH-00000203,U-11KVRV28HAAG,2024-07-19,LANDSCAPING,2024-08-18,118.39,CURED,2024-08-02
VL-7O1PNSZ28C49,CA-OH-00000203,U-XTXT5IYBAAWH,2024-11-28,PET,2024-12-28,95.81,CURED,2025-01-16
VL-N5H488OT0D0E,CA-OH-00000203,U-IHKQG8H18OBV,2024-09-07,PET,2024-10-07,113.93,ESCALATED,
VL-82N0BQ7SMAAX,CA-OH-00000203,U-AWYG5A7X1HWQ,2024-01-28,PET,2024-02-27,495.96,OPEN,
VL-4K4PY0VEN3AG,CA-OH-00000203,U-Y22GCV8CMOYI,2024-03-20,ARCHITECTURAL,2024-04-19,188.49,OPEN,
VL-ARIPAVSIOZBS,CA-OH-00000203,U-F49P8C1Z0WB5,2024-12-21,NOISE,2025-01-20,40.36,CURED,2024-12-31
VL-3WG8839W1U0N,CA-OH-00000203,U-XKD5WVVSUYJY,2024-06-11,PARKING,2024-07-11,133.15,FINED,
VL-I0C8F3MGLP15,CA-OH-00000203,U-YHMDHRTCYM63,2024-10-02,ARCHITECTURAL,2024-11-01,54.28,CURED,2024-11-04
VL-ZA3S0QVE76RQ,CA-OH-00000203,U-IN46HBTM6BV3,2024-10-14,NOISE,2024-11-13,102.27,CURED,2024-11-09
VL-CEFDWEYWP6ZO,CA-OH-00000203,U-OR4HNJLIDR6B,2025-01-16,OTHER,2025-02-15,171.33,DISMISSED,2025-02-12
VL-QHECJIT0PEMO,CA-OH-00000203,U-IHKQG8H18OBV,2025-05-04,PARKING,2025-06-03,217.07,DISMISSED,2025-06-26
VL-RZPMZON3BR8C,CA-OH-00000203,U-SVSG9H14X2C1,2025-02-24,NOISE,2025-03-26,43.5,CURED,2025-03-25
VL-05YDYRJNB9DE,CA-OH-00000203,U-XTXT5IYBAAWH,2024-01-18,ARCHITECTURAL,2024-02-17,134.67,CURED,2024-02-28
VL-W3HA5SWZ5W27,CA-OH-00000203,U-SVSG9H14X2C1,2024-05-09,NOISE,2024-06-08,66.92,CURED,2024-06-23
VL-WSHD6ZRZVE94,CA-OH-00000203,U-RKR5K7LAJ180,2024-01-21,PARKING,2024-02-20,47.19,CURED,2024-02-22
VL-C7T22FHJ0B8O,CA-OH-00000203,U-DKF73O8LFA0O,2025-06-12,ARCHITECTURAL,2025-07-12,26.89,CURED,2025-07-31
VL-CGESLL95OQ37,CA-OH-00000203,U-YINSSBA1ABP2,2024-02-26,NOISE,2024-03-27,78.52,DISMISSED,2024-03-31
VL-5873FCHCRGW6,CA-OH-00000203,U-YY6CES3IWFM2,2024-03-07,PARKING,2024-04-06,161.57,DISMISSED,2024-04-06
VL-0KSEVMDP1YZI,CA-OH-00000203,U-W0RVHMB614YU,2025-02-01,PARKING,2025-03-03,47.67,OPEN,
VL-YHJKPWY95RZ2,CA-OH-00000203,U-02KW9JIC09IT,2025-05-25,ARCHITECTURAL,2025-06-24,35.03,DISMISSED,2025-06-29
VL-ANJMRPX79TBI,CA-OH-00000203,U-JME2HQ80ONTJ,2025-01-08,ARCHITECTURAL,2025-02-07,34.96,FINED,
VL-BCQNEEBYHBI3,CA-OH-00000203,U-RKR5K7LAJ180,2024-03-07,LANDSCAPING,2024-04-06,277.44,DISMISSED,2024-04-21
VL-H51AI3HJS9VR,CA-OH-00000203,U-KTC4X05PA5GH,2024-01-22,PARKING,2024-02-21,296.76,CURED,2024-03-01
VL-3Z3CWO2Y9M0Z,CA-OH-00000203,U-OR4HNJLIDR6B,2024-01-20,PARKING,2024-02-19,434.83,CURED,2024-02-08
VL-7VAEKLECXB9Z,CA-OH-00000203,U-AWYG5A7X1HWQ,2024-09-07,OTHER,2024-10-07,192.85,CURED,2024-10-16
VL-QCL8KSZYQ0TD,CA-OH-00000203,U-RKR5K7LAJ180,2024-01-28,TRASH,2024-02-27,261.38,CURED,2024-03-17
VL-3OWQTC3SP1Q1,CA-OH-00000203,U-UKYU7KUHC8F4,2024-05-31,TRASH,2024-06-30,25.15,CURED,2024-07-13
VL-PEGU2P7JC6QY,CA-OH-00000203,U-XTXT5IYBAAWH,2024-08-19,NOISE,2024-09-18,143.3,DISMISSED,2024-10-07
VL-YTTQ98SQXNJA,CA-FL-00000204,U-APRTRI707PG0,2024-01-15,LANDSCAPING,2024-02-14,42.57,CURED,2024-02-04
VL-ZXJQFJ0CRPD2,CA-FL-00000204,U-NSGV3Q3N9WQP,2025-03-02,ARCHITECTURAL,2025-04-01,136.92,CURED,2025-03-14
VL-XOYAUH5YVL02,CA-FL-00000204,U-1PX87WVO4FDA,2024-08-13,PARKING,2024-09-12,85.45,DISMISSED,2024-09-10
VL-41ZX1HGZHWBM,CA-FL-00000204,U-1W2N2IMAWQ49,2024-11-13,LANDSCAPING,2024-12-13,126.02,CURED,2025-01-10
VL-IBAOI7BFTF2Z,CA-FL-00000204,U-Q61MYRM4M5U7,2024-01-25,NOISE,2024-02-24,192.6,DISMISSED,2024-03-22
VL-97KK9B2O0UEO,CA-FL-00000204,U-3ZQGD98Y9WU1,2024-11-08,OTHER,2024-12-08,351.22,CURED,2025-01-05
VL-XGB4MQC603KZ,CA-FL-00000204,U-G6YPTZ9PFFUM,2025-04-05,ARCHITECTURAL,2025-05-05,46.23,CURED,2025-06-02
VL-5G55E8OAZ3S6,CA-FL-00000204,U-WQJVYPJCGQFF,2024-05-25,TRASH,2024-06-24,87.38,ESCALATED,
VL-CCRYPYE3GYYA,CA-FL-00000204,U-PNZWRVK0IYBN,2025-06-18,NOISE,2025-07-18,87.66,ESCALATED,
VL-5WUH0SDFJQR0,CA-VA-00000205,U-T632U1SXT05S,2024-10-08,PARKING,2024-11-07,44.76,CURED,2024-11-03
VL-A2872900EMNJ,CA-VA-00000205,U-ONBQT069N1C0,2024-03-23,ARCHITECTURAL,2024-04-22,113.85,CURED,2024-05-05
VL-DADINC8ZUEYI,CA-TX-00000206,U-1R1T0YH9GOZ2,2025-04-06,PARKING,2025-05-06,90.52,CURED,2025-05-21
VL-SFT1GRXNZXJO,CA-TX-00000206,U-0GS6OER53SCA,2024-07-27,ARCHITECTURAL,2024-08-26,117.07,CURED,2024-09-08
VL-JHCM342O84YD,CA-TX-00000206,U-GV4YH38EON7S,2024-02-18,PARKING,2024-03-19,103.61,HEARING_SCHEDULED,
VL-53X3FV6JO1RU,CA-FL-00000207,U-QWIIFPMOJIW5,2024-02-18,NOISE,2024-03-19,71.5,DISMISSED,2024-03-02
VL-F38JS5PRH35X,CA-FL-00000207,U-0JRISWVNAUTZ,2024-01-13,PARKING,2024-02-12,76.0,DISMISSED,2024-02-26
VL-RQCB1QL58F9M,CA-FL-00000207,U-UM34777W6FMG,2024-07-02,ARCHITECTURAL,2024-08-01,59.79,FINED,
VL-IQAVW7RDVZXK,CA-FL-00000207,U-3NWTZNRMA5DT,2024-03-08,OTHER,2024-04-07,103.11,DISMISSED,2024-04-26
VL-68MG74L5CIWX,CA-FL-00000207,U-EWXO1599G083,2024-02-21,NOISE,2024-03-22,69.45,ESCALATED,
VL-PPGX8NP4WM7X,CA-FL-00000207,U-QWIIFPMOJIW5,2024-03-28,NOISE,2024-04-27,49.29,CURED,2024-05-14
VL-SAIOYZMMNSOJ,CA-FL-00000207,U-8G54TTH8OPRH,2024-01-10,OTHER,2024-02-09,132.91,DISMISSED,2024-03-01
VL-1YW34U3HKLNZ,CA-FL-00000207,U-XKUKUZA68GTN,2024-04-14,ARCHITECTURAL,2024-05-14,36.91,CURED,2024-05-12
VL-OQAUB9X0B3L6,CA-FL-00000207,U-T82S6CF081AH,2024-10-15,TRASH,2024-11-14,118.99,DISMISSED,2024-12-03
VL-WQHQEC8IRIA6,CA-CA-00000208,U-F6Q4GHAK26FW,2025-02-19,LANDSCAPING,2025-03-21,228.45,DISMISSED,2025-04-07
VL-069NEA6LLZHI,CA-CA-00000208,U-M7AY4G1NTY7U,2024-06-17,PARKING,2024-07-17,136.16,CURED,2024-07-15
VL-6RALCYPZ6Q0F,CA-CA-00000208,U-U791Q4OI6UP7,2024-08-12,LANDSCAPING,2024-09-11,83.13,HEARING_SCHEDULED,
VL-HBS4PE2Q7KAD,CA-CA-00000208,U-Z8KLG04BDZJI,2024-07-14,NOISE,2024-08-13,111.58,CURED,2024-07-31
VL-YH9CC1I7YGZE,CA-CA-00000208,U-I8M85BNGR6JD,2025-03-30,PET,2025-04-29,61.78,CURED,2025-05-06
VL-8HELNM3S5HWP,CA-CA-00000208,U-XBJPYD45P9IO,2024-01-31,ARCHITECTURAL,2024-03-01,85.14,CURED,2024-03-03
VL-JXSQ32P8JHK9,CA-CA-00000208,U-LI2XDPQFI96R,2025-01-28,PARKING,2025-02-27,101.67,CURED,2025-03-22
VL-2HBFIP8D48LS,CA-CA-00000208,U-X3WUHWBM399M,2024-07-28,LANDSCAPING,2024-08-27,37.04,CURED,2024-09-21
VL-Z8WUJWY9QB03,CA-CA-00000208,U-CAKKJ2BS4HIK,2025-01-14,ARCHITECTURAL,2025-02-13,97.7,HEARING_SCHEDULED,
VL-L32AM5E6XQI6,CA-CA-00000208,U-2I6OC3D0JBMJ,2024-01-08,TRASH,2024-02-07,63.55,DISMISSED,2024-02-23
VL-6VHN6XT8ULZV,CA-CA-00000208,U-YD9WYZLQC47P,2024-10-25,NOISE,2024-11-24,94.82,OPEN,
VL-UBI2236EFK3U,CA-CA-00000208,U-XV8K9EBTK7LH,2024-01-27,PET,2024-02-26,128.94,HEARING_SCHEDULED,
VL-X25G2M85AOXY,CA-CA-00000208,U-DLMEWI6JFFD1,2024-10-11,LANDSCAPING,2024-11-10,227.23,OPEN,
VL-BAHXFLUOB6MR,CA-CA-00000208,U-I8M85BNGR6JD,2024-12-07,NOISE,2025-01-06,40.35,DISMISSED,2024-12-23
VL-EARPUD9KZ0FG,CA-CA-00000208,U-FMLZ6XDD5I35,2025-05-08,ARCHITECTURAL,2025-06-07,259.03,CURED,2025-06-08
VL-ZSSHLADUBLEA,CA-CA-00000208,U-WTIL2HU0ABBI,2024-05-10,ARCHITECTURAL,2024-06-09,34.46,DISMISSED,2024-05-24
VL-44PEDSIAGKFX,CA-CA-00000208,U-GRFRM8AIH996,2024-09-27,TRASH,2024-10-27,84.3,HEARING_SCHEDULED,
VL-02D3G7N2XF71,CA-CA-00000208,U-EYP9LFPQ6QZU,2025-05-09,ARCHITECTURAL,2025-06-08,317.49,CURED,2025-06-04
VL-76WJ5G5B4E79,CA-CA-00000208,U-NWVXM87I8Q9A,2024-05-09,ARCHITECTURAL,2024-06-08,75.75,HEARING_SCHEDULED,
VL-1H2HTIQ0D1A8,CA-CA-00000208,U-CAKKJ2BS4HIK,2024-01-19,TRASH,2024-02-18,156.02,DISMISSED,2024-02-12
VL-0NM1LP02WNDA,CA-CA-00000208,U-9KO06OOF3EHB,2024-06-14,LANDSCAPING,2024-07-14,78.32,CURED,2024-06-24
VL-MP7AV2UX6R6L,CA-CA-00000208,U-KFYO5LQTWZNH,2024-02-26,NOISE,2024-03-27,36.83,FINED,
VL-1HDQ70MYNTGJ,CA-CA-00000208,U-9R1222G3XFZ2,2024-07-24,NOISE,2024-08-23,79.73,CURED,2024-08-10
VL-KCJ84JU1KXIM,CA-CA-00000208,U-F9CPLXEJ6B4W,2024-08-20,ARCHITECTURAL,2024-09-19,352.35,DISMISSED,2024-09-08
VL-SJ1W4GLATA6V,CA-CA-00000208,U-IBCN8GNYUSQX,2024-10-13,TRASH,2024-11-12,46.54,DISMISSED,2024-11-14
VL-SZ263PNY1AUO,CA-CA-00000208,U-M10NB939WZ5S,2024-09-01,PET,2024-10-01,47.04,DISMISSED,2024-10-21
VL-AB6HBIB1FBSM,CA-CA-00000208,U-HFLKF6WDLOOJ,2024-07-15,LANDSCAPING,2024-08-14,38.65,FINED,
VL-4ZFJT6EEAVGY,CA-CA-00000208,U-XV8K9EBTK7LH,2024-11-16,ARCHITECTURAL,2024-12-16,200.48,DISMISSED,2024-12-28
VL-XJ1QFOB4QR34,CA-CA-00000208,U-YD9WYZLQC47P,2024-06-25,NOISE,2024-07-25,104.59,OPEN,
VL-ERBUQ7L8WK16,CA-CA-00000209,U-SS13MAB3GEAJ,2024-12-01,PARKING,2024-12-31,83.39,DISMISSED,2025-01-29
VL-QECIKDF32BRC,CA-CA-00000209,U-CII0PIONMQED,2024-01-03,PET,2024-02-02,44.26,DISMISSED,2024-02-02
VL-J7NCSRRBMKTQ,CA-CA-00000209,U-FTVK1KOWQ8OH,2024-05-07,PET,2024-06-06,65.59,CURED,2024-06-17
VL-TVZX4M3M7B3K,CA-CA-00000209,U-D3ZH5BHTG1MG,2024-06-14,PARKING,2024-07-14,36.25,ESCALATED,
VL-FQZFD2CTDQCY,CA-CA-00000209,U-BDJLY8OUZOL6,2024-10-20,PET,2024-11-19,51.06,FINED,
VL-RMRSOO1FZQLP,CA-CA-00000209,U-BNKNY11UV5YJ,2025-01-11,LANDSCAPING,2025-02-10,149.08,CURED,2025-02-14
VL-G347UJKQQQU4,CA-CA-00000209,U-AB98Z8BO6DWK,2024-11-09,LANDSCAPING,2024-12-09,96.82,CURED,2024-12-21
VL-1AVIDTHGMH6Z,CA-CA-00000209,U-28WKF2ZOKJJ1,2024-07-19,TRASH,2024-08-18,76.33,CURED,2024-08-05
VL-KA7QY3UR34IG,CA-CA-00000209,U-OYZJILAJTOGP,2024-03-05,LANDSCAPING,2024-04-04,73.38,CURED,2024-03-27
VL-BXOC948DYDT1,CA-CA-00000209,U-FTVK1KOWQ8OH,2024-02-04,LANDSCAPING,2024-03-05,324.6,FINED,
VL-V57IS9SCE24C,CA-CA-00000209,U-MUXO3YXLQZ66,2024-02-17,OTHER,2024-03-18,74.13,DISMISSED,2024-03-31
VL-FY73TU1Y726D,CA-CA-00000209,U-OEA88EJFF1F8,2024-02-11,NOISE,2024-03-12,116.95,CURED,2024-04-03
VL-YM41O8PJ7YBS,CA-CA-00000209,U-SSDT4XKEXGV5,2024-03-29,ARCHITECTURAL,2024-04-28,250.76,ESCALATED,
VL-ZRAQVTVO1FGD,CA-CA-00000209,U-SSDT4XKEXGV5,2024-07-01,ARCHITECTURAL,2024-07-31,138.46,CURED,2024-08-29
VL-V3ES49TY06SN,CA-CA-00000209,U-RGM0POFQ4SM1,2024-08-27,TRASH,2024-09-26,194.33,DISMISSED,2024-09-23
VL-HYUB57Y6QQH6,CA-CA-00000209,U-QZWGTZO4J0U4,2025-03-29,PARKING,2025-04-28,162.99,CURED,2025-05-02
VL-5UV28I7E0AHP,CA-NC-00000210,U-QR9B662BXRQY,2024-01-15,ARCHITECTURAL,2024-02-14,91.09,ESCALATED,
VL-RMSS44CV7E0T,CA-NC-00000210,U-7XENFATK10SR,2025-04-01,ARCHITECTURAL,2025-05-01,42.86,CURED,2025-04-13
VL-9BEMDM71ISG4,CA-NC-00000210,U-IRPNCWK5DUY8,2024-09-21,PARKING,2024-10-21,107.28,CURED,2024-10-30
VL-CYMM7AH6OCCF,CA-NC-00000210,U-YBO7CFJ9YLLB,2024-07-20,PARKING,2024-08-19,76.64,DISMISSED,2024-08-16
VL-651HIWBZJZ8D,CA-NC-00000210,U-5KFAOJDZZR5I,2024-01-25,ARCHITECTURAL,2024-02-24,156.67,CURED,2024-03-06
VL-OOEBC3WTTUBG,CA-NC-00000210,U-78T0Q41DPYPS,2024-04-07,TRASH,2024-05-07,195.43,DISMISSED,2024-05-01
VL-PH2NM6QTVM2N,CA-NC-00000210,U-QOIJC836XU4P,2024-11-16,LANDSCAPING,2024-12-16,86.84,CURED,2024-12-10
VL-5VNEBL9PVGLE,CA-NC-00000210,U-3JTX3GMWJVSP,2024-01-15,ARCHITECTURAL,2024-02-14,117.98,CURED,2024-03-15
VL-1W8LPDEVM06O,CA-NC-00000210,U-Z02T11R52QKF,2024-01-10,LANDSCAPING,2024-02-09,89.42,CURED,2024-02-23
VL-0PHVM0Y199J2,CA-CA-00000211,U-KS2ZZV871QZJ,2024-08-18,OTHER,2024-09-17,172.68,CURED,2024-10-11
VL-UBUAPZ0BDDHC,CA-CA-00000211,U-IFIUB8Z55IF3,2025-04-17,LANDSCAPING,2025-05-17,115.76,DISMISSED,2025-06-16
VL-3RE7BF7V6JM1,CA-CA-00000211,U-W821X2B9XQOF,2024-07-18,ARCHITECTURAL,2024-08-17,117.5,OPEN,
VL-H8QMLV5WURSO,CA-CA-00000211,U-PFO9KH6MH033,2024-06-18,ARCHITECTURAL,2024-07-18,136.12,DISMISSED,2024-08-05
VL-NNAVDFD8BYQ6,CA-CA-00000211,U-DON4R92J5R74,2024-04-03,PARKING,2024-05-03,183.32,CURED,2024-05-18
VL-RQNURIBA35CL,CA-CA-00000211,U-ZEEUPISYJIY6,2024-12-01,ARCHITECTURAL,2024-12-31,75.67,CURED,2025-01-10
VL-4YXDH2F70W45,CA-CA-00000211,U-PFO9KH6MH033,2025-01-04,ARCHITECTURAL,2025-02-03,153.17,CURED,2025-02-10
VL-PP2R4B4OZTC0,CA-CA-00000211,U-R99H6BEDMWZG,2025-05-08,PET,2025-06-07,71.29,DISMISSED,2025-06-23
VL-KJF9ED52G99E,CA-CA-00000211,U-31ZP2GRNKNSZ,2024-07-25,ARCHITECTURAL,2024-08-24,117.94,CURED,2024-09-07
VL-5UTDJYQSXTNF,CA-CA-00000212,U-PVT3AJ2WK84E,2025-03-13,PARKING,2025-04-12,88.43,CURED,2025-04-18
VL-J0U51ZDBLCC1,CA-CA-00000212,U-GFZ0F7C335OP,2024-04-10,ARCHITECTURAL,2024-05-10,112.54,CURED,2024-05-03
VL-SGR2DCJPJ5C3,CA-CA-00000212,U-ZCOIP693PO0F,2025-03-08,NOISE,2025-04-07,191.47,ESCALATED,
VL-EQ85T4SOHDJV,CA-CA-00000212,U-5B61IKTXOUQI,2025-05-08,OTHER,2025-06-07,154.91,CURED,2025-07-07
VL-SN9NP4W9IREE,CA-CA-00000212,U-VN86TJK22H8E,2024-01-05,LANDSCAPING,2024-02-04,138.38,CURED,2024-02-02
VL-FNT1TLV48WDS,CA-CA-00000212,U-8NJ5ZQK3D0M8,2024-12-23,ARCHITECTURAL,2025-01-22,15.8,HEARING_SCHEDULED,
VL-4TU406870SC4,CA-CA-00000212,U-9B29LS9B6WJY,2024-07-30,PET,2024-08-29,341.42,CURED,2024-09-01
VL-FJRA90KOTT0B,CA-CA-00000212,U-F96WQV8G14DP,2024-01-29,LANDSCAPING,2024-02-28,64.36,OPEN,
VL-CX15YPXKD10C,CA-CA-00000212,U-8UO2KEHHCL6C,2024-03-05,TRASH,2024-04-04,127.36,CURED,2024-04-27
VL-HA2CIJHIAWL1,CA-TX-00000213,U-F7UO10K2VZMZ,2024-07-17,PARKING,2024-08-16,52.98,HEARING_SCHEDULED,
VL-E043VP9Z6YBQ,CA-TX-00000213,U-TGCDJNIW9A15,2024-11-06,ARCHITECTURAL,2024-12-06,35.16,OPEN,
VL-SX0WM9EUKR8M,CA-TX-00000213,U-YDYPVYE6S6GJ,2024-09-30,LANDSCAPING,2024-10-30,176.28,CURED,2024-11-25
VL-VD0QOWLJTYIL,CA-TX-00000213,U-YDYPVYE6S6GJ,2024-08-13,PARKING,2024-09-12,57.61,DISMISSED,2024-08-25
VL-MN4999A951C8,CA-TX-00000213,U-ZOP3I9A7Q5Z6,2024-02-29,ARCHITECTURAL,2024-03-30,288.72,CURED,2024-04-17
VL-OZWA1X38DD4D,CA-TX-00000213,U-22I0IZ8ZNMB7,2024-01-07,LANDSCAPING,2024-02-06,37.73,CURED,2024-01-30
VL-XPZK5J2W7TNB,CA-TX-00000213,U-ZOP3I9A7Q5Z6,2025-03-17,OTHER,2025-04-16,100.88,FINED,
VL-UTXK4SDMPNK7,CA-TX-00000213,U-DSFF6RA5BS8Z,2024-05-25,PET,2024-06-24,59.64,CURED,2024-06-13
VL-AXXN88NGYOWR,CA-TX-00000213,U-GTIBLSHABBBX,2025-06-03,PET,2025-07-03,133.0,CURED,2025-07-26
VL-RXPBSL3JS9HD,CA-TX-00000213,U-PRI9RBZ624CS,2025-04-25,PET,2025-05-25,96.18,CURED,2025-06-22
VL-YZZDNGM3Z75U,CA-TX-00000213,U-PNXAS4XPD0PI,2025-03-12,NOISE,2025-04-11,263.01,CURED,2025-03-22
VL-3M75ERNV0QDG,CA-TX-00000213,U-DSFF6RA5BS8Z,2024-12-31,ARCHITECTURAL,2025-01-30,128.14,CURED,2025-02-08
VL-GWS6YC57ZFWV,CA-TX-00000213,U-XBV2CFLTRM1T,2024-02-08,PARKING,2024-03-09,41.82,ESCALATED,
VL-EYRUSM4ZQLCR,CA-TX-00000213,U-ZOP3I9A7Q5Z6,2025-05-21,TRASH,2025-06-20,219.26,CURED,2025-07-13
VL-2UK9VDF0BAI3,CA-TX-00000213,U-RQ9NW8GE8IM8,2024-12-26,NOISE,2025-01-25,107.89,CURED,2025-01-29
VL-JFFH6OEYEXNL,CA-TX-00000213,U-XBV2CFLTRM1T,2025-03-29,ARCHITECTURAL,2025-04-28,39.5,HEARING_SCHEDULED,
VL-AAM4EPKUEFVY,CA-WA-00000214,U-TUK9KP6K3DRI,2025-01-11,ARCHITECTURAL,2025-02-10,53.72,OPEN,
VL-2W711NV6YQYV,CA-WA-00000214,U-O3PCSH9LDDAP,2024-12-13,LANDSCAPING,2025-01-12,222.16,DISMISSED,2025-01-01
VL-Q6XL4WJTHRTU,CA-WA-00000214,U-YQNITLM54U5H,2024-10-19,ARCHITECTURAL,2024-11-18,188.77,CURED,2024-12-16
VL-45US7I5XCT0G,CA-WA-00000214,U-6HGQRBJAONE4,2024-09-24,PARKING,2024-10-24,197.01,CURED,2024-10-23
VL-I4NM6XW539YI,CA-WA-00000214,U-269VTUGC9YKN,2024-12-29,ARCHITECTURAL,2025-01-28,139.78,HEARING_SCHEDULED,
VL-K8R0VCX53R1F,CA-WA-00000214,U-IX8SORHKJV2T,2024-05-19,ARCHITECTURAL,2024-06-18,163.56,DISMISSED,2024-06-28
VL-04RLD00FO5N6,CA-WA-00000214,U-IXHUYCS2BFX5,2024-08-27,LANDSCAPING,2024-09-26,109.24,CURED,2024-10-09
VL-IAW6ZDGW3AI9,CA-WA-00000214,U-XDMTDO9I21LN,2025-05-15,PARKING,2025-06-14,82.89,ESCALATED,
VL-N31ULR2XKRQP,CA-WA-00000214,U-4TXK0GCI0Q8N,2024-08-17,NOISE,2024-09-16,155.94,CURED,2024-09-12
VL-9RROC28904SO,CA-VA-00000215,U-O4QI1M3QTNG1,2025-04-04,TRASH,2025-05-04,190.59,CURED,2025-04-24
VL-CJXS4FTL6ZS6,CA-VA-00000215,U-TBVBC20YXF54,2024-03-21,LANDSCAPING,2024-04-20,86.36,CURED,2024-04-09
VL-Q1CBCLIZDGLX,CA-VA-00000215,U-Y39GWJWOSPD2,2025-02-12,ARCHITECTURAL,2025-03-14,40.58,CURED,2025-04-08
VL-CURZXMAUV3WY,CA-VA-00000215,U-ITK02GP2Z6UE,2024-04-19,PARKING,2024-05-19,81.35,CURED,2024-05-14
VL-QJO4J2NP4MDX,CA-VA-00000215,U-AXSLV9K8OSH7,2024-04-29,PET,2024-05-29,327.81,DISMISSED,2024-05-10
VL-EGT0NM9NUK5X,CA-TX-00000216,U-YHJCGX27FH7C,2024-03-14,PARKING,2024-04-13,135.03,CURED,2024-04-14
VL-SEJ99Y7BCHT8,CA-TX-00000216,U-A5BTVL1F40JH,2024-04-11,NOISE,2024-05-11,70.78,DISMISSED,2024-05-02
VL-O1KJ3PLI4PT3,CA-TX-00000216,U-JD6TCBY9FSHW,2024-07-01,ARCHITECTURAL,2024-07-31,86.58,DISMISSED,2024-07-17
VL-PQQKP5O4U9TK,CA-TX-00000216,U-K53BIBVH4FUT,2024-02-13,OTHER,2024-03-14,266.47,CURED,2024-02-27
VL-PLO38PH9ZDZQ,CA-TX-00000216,U-R4X0MUGTMTEY,2024-02-23,ARCHITECTURAL,2024-03-24,173.42,CURED,2024-04-13
VL-1ASEHYO1OTFW,CA-TX-00000216,U-I5BBODM2Y9IS,2024-03-23,PARKING,2024-04-22,126.46,DISMISSED,2024-04-22
VL-KA1GZ0I31QD2,CA-TX-00000216,U-EY7LEYBQEYLD,2025-04-29,LANDSCAPING,2025-05-29,142.69,CURED,2025-06-02
VL-VQ9LMBB7SCVC,CA-TX-00000216,U-I5BBODM2Y9IS,2024-04-06,PET,2024-05-06,206.25,CURED,2024-05-31
VL-53RHEARHXN18,CA-TX-00000216,U-1HUO8PVZHSZ6,2025-05-28,ARCHITECTURAL,2025-06-27,71.11,CURED,2025-07-04
VL-J4G75TKLJOQ6,CA-GA-00000217,U-TIGF3FK1BO9L,2024-04-09,LANDSCAPING,2024-05-09,58.69,DISMISSED,2024-04-27
VL-LPV9BYT4M3K1,CA-GA-00000217,U-VVF61ZUQZPXV,2024-05-07,LANDSCAPING,2024-06-06,79.48,CURED,2024-06-12
VL-ZAS8LZKD4YGW,CA-GA-00000217,U-6OTKM28D4KCT,2025-06-08,PARKING,2025-07-08,80.1,CURED,2025-07-17
VL-BYJSYKEFIZ00,CA-GA-00000217,U-6GIDY4Z3CDO4,2024-03-02,LANDSCAPING,2024-04-01,45.13,CURED,2024-04-26
VL-NQBXPKN0VYCG,CA-GA-00000217,U-QJYK2NZ3Q3IH,2024-10-18,PET,2024-11-17,45.6,FINED,
VL-H8GOZ389SI25,CA-GA-00000217,U-PEUNFZFUEMMB,2024-06-01,NOISE,2024-07-01,265.9,ESCALATED,
VL-O880C7D4UTMS,CA-GA-00000217,U-TVKNQ1IOETY7,2025-01-19,PET,2025-02-18,30.94,DISMISSED,2025-02-28
VL-B7Q9OITRLIK5,CA-CA-00000218,U-AUMIAI1KXE11,2025-03-31,ARCHITECTURAL,2025-04-30,100.4,DISMISSED,2025-05-29
VL-X2SG1Q6W5HKD,CA-CA-00000218,U-2UU8BADTVYEF,2024-11-14,NOISE,2024-12-14,220.8,CURED,2025-01-05
VL-M5Q41XW6EIWO,CA-CA-00000218,U-698U62N8YDVR,2024-09-22,PARKING,2024-10-22,99.6,CURED,2024-10-16
VL-E5NES7MNN68O,CA-CA-00000218,U-H402HYKFOQYE,2024-09-09,PARKING,2024-10-09,170.64,DISMISSED,2024-11-05
VL-K8FAU1UVHSX1,CA-CA-00000218,U-I11XR430A43Q,2024-11-04,PARKING,2024-12-04,156.46,CURED,2025-01-03
VL-2XZN4SNUP9RO,CA-CA-00000218,U-EW47YOJVN84F,2024-07-12,TRASH,2024-08-11,27.26,DISMISSED,2024-08-25
VL-YV0MHZIFLPZE,CA-CA-00000218,U-G3C5MZQY8QME,2024-05-16,NOISE,2024-06-15,45.31,CURED,2024-07-11
VL-ROLBO8DYIJZA,CA-CA-00000218,U-HYF4EG7MKAUJ,2024-06-19,LANDSCAPING,2024-07-19,500.39,DISMISSED,2024-07-09
VL-K8ULHFR5WWWJ,CA-CA-00000218,U-C9D1WO1ZPNAQ,2024-02-16,OTHER,2024-03-17,141.75,DISMISSED,2024-02-27
VL-91SPINOL7NF2,CA-CA-00000218,U-N79MD47CTZLK,2024-10-29,LANDSCAPING,2024-11-28,74.77,CURED,2024-12-11
VL-ROTHF39PHV5W,CA-CA-00000218,U-FOFTD9CL5NRC,2025-05-27,LANDSCAPING,2025-06-26,58.87,DISMISSED,2025-07-10
VL-EPF5R5S8CFUY,CA-CA-00000218,U-1TMF62F14Q8D,2024-11-13,TRASH,2024-12-13,86.28,DISMISSED,2024-11-25
VL-K10UFTX775CJ,CA-CA-00000218,U-698U62N8YDVR,2025-03-22,PARKING,2025-04-21,295.18,CURED,2025-05-19
VL-DZFNCG7AW1CJ,CA-CA-00000218,U-C9D1WO1ZPNAQ,2025-05-08,OTHER,2025-06-07,61.34,DISMISSED,2025-06-17
VL-56CAEXH4SEHR,CA-CA-00000218,U-H402HYKFOQYE,2024-09-02,LANDSCAPING,2024-10-02,56.4,FINED,
VL-1CB0XU2WO58Z,CA-CA-00000218,U-BXUEYXJXFEZ2,2024-02-17,TRASH,2024-03-18,176.33,DISMISSED,2024-03-18
VL-VIJNRJ742WXR,CA-CA-00000218,U-S5QXYO6S6V1U,2025-06-04,PET,2025-07-04,97.81,DISMISSED,2025-06-17
VL-R3Q7FLDTO0U1,CA-FL-00000219,U-7EVV955S7L3U,2024-11-24,PET,2024-12-24,93.32,DISMISSED,2024-12-25
VL-J69QRXFVX569,CA-FL-00000219,U-RN7O02KRC1JC,2024-06-13,PARKING,2024-07-13,213.02,CURED,2024-06-28
VL-OU62SSZCZ3JE,CA-FL-00000219,U-7E0ICBL70542,2025-03-18,NOISE,2025-04-17,121.84,CURED,2025-04-19
VL-VHU7F1AYA1UG,CA-FL-00000219,U-OKCAJVRB0SI3,2024-12-10,PARKING,2025-01-09,77.94,DISMISSED,2024-12-31
VL-EGAQ78LCMBI3,CA-FL-00000219,U-ITN9Q6C4WMX2,2024-01-30,ARCHITECTURAL,2024-02-29,60.72,CURED,2024-03-23
VL-BHRCCQH6HPZE,CA-FL-00000219,U-62RV9SAS511D,2024-03-21,NOISE,2024-04-20,138.1,CURED,2024-03-31
VL-QM6MP4MPTWVC,CA-FL-00000219,U-TNKQLR01KPTR,2024-07-11,PARKING,2024-08-10,166.01,ESCALATED,
VL-X6A6CKXXKJ8H,CA-FL-00000219,U-EYG9ZP0LO8JD,2024-11-05,PARKING,2024-12-05,306.08,HEARING_SCHEDULED,
VL-5X85077VDM3F,CA-FL-00000219,U-Q3P4BAOYBHHT,2025-01-01,NOISE,2025-01-31,36.79,CURED,2025-01-30
VL-L9EUC2R6IBX6,CA-FL-00000219,U-XGH53J0I6MQA,2024-10-14,LANDSCAPING,2024-11-13,220.7,CURED,2024-11-16
VL-V0SL237KOLRL,CA-FL-00000219,U-NLILG22PCAJ6,2024-01-14,TRASH,2024-02-13,65.83,DISMISSED,2024-01-31
VL-L26VC4QJCQXC,CA-FL-00000219,U-EBDT055FLLM0,2024-02-29,LANDSCAPING,2024-03-30,112.53,CURED,2024-04-25
VL-3OJQF2WP6KZO,CA-FL-00000219,U-X0AAC0UT86EY,2024-01-08,PARKING,2024-02-07,158.29,DISMISSED,2024-01-26
VL-ZMXHV58MXZL0,CA-FL-00000219,U-7EVV955S7L3U,2025-02-26,NOISE,2025-03-28,161.98,CURED,2025-03-13
VL-8BTBWH5T55BD,CA-FL-00000219,U-22S8MI1SN1SL,2024-11-25,PET,2024-12-25,45.56,OPEN,
VL-05F6MLVT8FKZ,CA-FL-00000220,U-DM5E7OLZTODG,2024-11-10,NOISE,2024-12-10,35.21,CURED,2025-01-09
VL-5EDOEMJ2JWQ5,CA-FL-00000220,U-OJ3G4RAT37MH,2024-02-13,ARCHITECTURAL,2024-03-14,42.5,DISMISSED,2024-03-01
VL-0IPK3R0EOM4C,CA-FL-00000220,U-C0BJ4853P22X,2024-09-26,TRASH,2024-10-26,110.63,CURED,2024-10-18
VL-GDL7HHMEN8J5,CA-FL-00000220,U-KJLFAVBU0DQ1,2024-12-30,LANDSCAPING,2025-01-29,182.94,CURED,2025-02-17
VL-AMRPRIZG1AN3,CA-FL-00000220,U-9J0ONEAKT1F3,2025-06-06,LANDSCAPING,2025-07-06,221.16,ESCALATED,
VL-QJ4L1CF5SU61,CA-FL-00000220,U-DM5E7OLZTODG,2024-04-06,PET,2024-05-06,29.15,OPEN,
VL-99IJXIBPFZFX,CA-FL-00000220,U-D1G3DKU6J8N9,2024-08-28,LANDSCAPING,2024-09-27,63.35,ESCALATED,
VL-6VMNW666YZSI,CA-NV-00000221,U-DAVJS5SGF71F,2024-11-17,TRASH,2024-12-17,60.9,CURED,2025-01-06
VL-9GSHL0FT7CYU,CA-NV-00000221,U-K1UITONS7VY0,2024-12-21,LANDSCAPING,2025-01-20,153.43,CURED,2025-01-04
VL-KZQFWQOF8FVE,CA-NV-00000221,U-K5JR5R39ZU5N,2024-03-28,LANDSCAPING,2024-04-27,112.08,CURED,2024-05-14
VL-2S81NNTFQWO9,CA-NV-00000221,U-QVD0VS0DWAKH,2024-11-15,PET,2024-12-15,62.49,OPEN,
VL-KNAASDV06D49,CA-NV-00000221,U-AXMG6G4NS00B,2024-01-31,TRASH,2024-03-01,84.67,OPEN,
VL-425Q7J6B9BJL,CA-NV-00000221,U-4JNP0MDC4MRS,2024-11-08,NOISE,2024-12-08,59.37,DISMISSED,2024-12-08
VL-ECICPYZM5B00,CA-NV-00000221,U-AXMG6G4NS00B,2024-12-15,LANDSCAPING,2025-01-14,158.25,CURED,2025-01-20
VL-T4IJHKNLKIA3,CA-NV-00000221,U-XYRX7H299KEU,2024-06-28,LANDSCAPING,2024-07-28,96.31,HEARING_SCHEDULED,
VL-1VSSLUPFNVLD,CA-NV-00000221,U-FTAB0J1O6G48,2024-01-15,NOISE,2024-02-14,77.02,FINED,
VL-RHSUF8S3XN5V,CA-VA-00000222,U-AG4QEC8O270C,2024-03-21,NOISE,2024-04-20,73.46,CURED,2024-04-18
VL-ZZVX888ZU5T7,CA-VA-00000222,U-GI26T7P7D52K,2025-03-05,OTHER,2025-04-04,142.4,CURED,2025-04-26
VL-T70W66OHGD6U,CA-VA-00000222,U-CUAWDZVQBDK7,2024-02-09,ARCHITECTURAL,2024-03-10,48.31,CURED,2024-03-29
VL-GCWAF8BOM0EK,CA-AZ-00000223,U-GMTK4HIOL5N0,2024-11-02,LANDSCAPING,2024-12-02,43.03,CURED,2024-11-30
VL-OGG9W6H4KBAN,CA-AZ-00000223,U-7AGZEOUJGSTF,2024-04-24,PET,2024-05-24,129.91,CURED,2024-05-25
VL-Y19OIADQZF4Y,CA-AZ-00000223,U-PJEI7QVXPC3P,2025-04-30,PARKING,2025-05-30,49.57,DISMISSED,2025-05-30
VL-C256XTT2C7G6,CA-AZ-00000223,U-ZAB1W0ZHXGLA,2024-04-11,ARCHITECTURAL,2024-05-11,113.98,DISMISSED,2024-06-06
VL-GW3GJQ26UD2E,CA-AZ-00000223,U-KM0SNFDCXQRZ,2024-11-09,ARCHITECTURAL,2024-12-09,100.11,DISMISSED,2024-11-29
VL-GH65E4V3E4QA,CA-AZ-00000223,U-GMTK4HIOL5N0,2024-09-28,LANDSCAPING,2024-10-28,68.54,CURED,2024-10-13
VL-PRRA57SHUJ0C,CA-AZ-00000223,U-1I1UVJM8WGLN,2024-02-12,LANDSCAPING,2024-03-13,97.37,CURED,2024-03-04
VL-DPHY8CA8OP10,CA-AZ-00000223,U-3K2U1HBITK4A,2024-08-01,OTHER,2024-08-31,75.52,CURED,2024-08-22
VL-FGUXW2FDNUF7,CA-AZ-00000223,U-8RWBZNS5DICA,2025-04-01,ARCHITECTURAL,2025-05-01,106.42,FINED,
VL-8ZODQ2O8VJWW,CA-GA-00000224,U-PWO9GAYQYRW3,2025-04-21,ARCHITECTURAL,2025-05-21,226.23,OPEN,
VL-YT6TM97U3AVE,CA-GA-00000224,U-5BWTYBTA9PWA,2024-10-21,OTHER,2024-11-20,82.62,OPEN,
VL-UY4531R30RDA,CA-GA-00000224,U-YXLZ84JAT0I9,2025-05-08,PARKING,2025-06-07,229.58,HEARING_SCHEDULED,
VL-JSHGX0LH7IRN,CA-GA-00000224,U-YXLZ84JAT0I9,2024-11-29,NOISE,2024-12-29,33.67,CURED,2025-01-07
VL-3G8WOA2N89IZ,CA-GA-00000224,U-N8R8A5QELNGS,2024-06-14,NOISE,2024-07-14,131.41,DISMISSED,2024-08-08
VL-UPWRKGNSZVUE,CA-GA-00000224,U-PWO9GAYQYRW3,2024-02-28,TRASH,2024-03-29,243.17,DISMISSED,2024-04-28
VL-RRO21WCD76E2,CA-GA-00000225,U-58LZ2M3P6YKC,2025-01-06,ARCHITECTURAL,2025-02-05,87.89,CURED,2025-01-29
VL-W7IROKP95ATE,CA-GA-00000225,U-28ACLQ3VMVGM,2024-04-07,NOISE,2024-05-07,49.8,CURED,2024-04-26
VL-0HHOCNNA7MFD,CA-GA-00000225,U-MM4G1LJZ1X76,2025-03-14,ARCHITECTURAL,2025-04-13,213.01,CURED,2025-04-20
VL-OCZZVH9RXE99,CA-GA-00000225,U-FVIVCJPI0HQ0,2025-05-07,TRASH,2025-06-06,382.45,CURED,2025-05-20
VL-BAE0Y7DHGZHS,CA-GA-00000225,U-X7K9BB4LL9DW,2025-04-15,ARCHITECTURAL,2025-05-15,89.57,HEARING_SCHEDULED,
VL-XUUX9VMVGL0Y,CA-GA-00000225,U-DN75LLLJJ12R,2024-07-10,PET,2024-08-09,63.02,CURED,2024-09-07
VL-LTQVEG6DO4MN,CA-GA-00000225,U-YMRWCCNFSK6M,2024-05-29,LANDSCAPING,2024-06-28,270.04,CURED,2024-06-12
VL-KEJ1NW6E75AZ,CA-GA-00000225,U-W2BMJTRCA2NP,2024-07-25,LANDSCAPING,2024-08-24,217.52,CURED,2024-09-08
VL-V99OW46XVM2N,CA-CO-00000226,U-SCH4IIB30OX7,2024-06-08,NOISE,2024-07-08,27.62,CURED,2024-07-17
VL-30NB0IX10X06,CA-CO-00000226,U-VBNL5DEY3031,2024-07-30,PET,2024-08-29,64.24,DISMISSED,2024-09-25
VL-4NDLCRIVB8O2,CA-CO-00000226,U-GT9PODV14TS7,2024-09-01,LANDSCAPING,2024-10-01,157.74,CURED,2024-10-21
VL-KSUGW13T1U0F,CA-CO-00000226,U-YOU4AP4ZZMPC,2025-05-25,LANDSCAPING,2025-06-24,216.2,CURED,2025-06-19
VL-VBO2HBTLIJJZ,CA-CO-00000226,U-6GND8T4VW1RG,2024-11-27,PET,2024-12-27,232.35,HEARING_SCHEDULED,
VL-Z6YHLJVPP650,CA-CO-00000226,U-XUH9QHQALQHS,2025-03-04,LANDSCAPING,2025-04-03,401.46,CURED,2025-03-18
VL-N564BI1S536S,CA-CO-00000226,U-K5W3OFT1JBIW,2024-09-18,OTHER,2024-10-18,62.46,DISMISSED,2024-10-30
VL-GQZHGCU1ZIGI,CA-CO-00000226,U-240OJG2RAVO4,2024-01-11,OTHER,2024-02-10,248.42,CURED,2024-02-12
VL-TZYNBGK0R55D,CA-CO-00000226,U-O483X4XRFO8P,2024-11-27,NOISE,2024-12-27,70.13,ESCALATED,
VL-9U3NE59HP1UE,CA-CO-00000226,U-DQ3TUQI5LJ4U,2024-07-29,NOISE,2024-08-28,98.14,CURED,2024-09-15
VL-IRGR31A3DPYV,CA-CO-00000226,U-BXY19GWMGOZ7,2024-08-26,ARCHITECTURAL,2024-09-25,100.46,DISMISSED,2024-10-23
VL-99KDSF8QODMJ,CA-CO-00000226,U-GT9PODV14TS7,2025-02-04,ARCHITECTURAL,2025-03-06,88.06,CURED,2025-03-06
VL-EYHKPRHOGNQI,CA-CO-00000226,U-QEC6BMW0LMRS,2025-04-25,PARKING,2025-05-25,218.39,CURED,2025-06-16
VL-NKRHKOMESMF4,CA-CO-00000226,U-45YZD4TOHR9K,2025-02-16,ARCHITECTURAL,2025-03-18,126.83,FINED,
VL-VG4PUOI4F2XW,CA-CO-00000226,U-A39IQCZ9GGHI,2024-10-21,ARCHITECTURAL,2024-11-20,60.11,OPEN,
VL-TZV3WYCIHWL7,CA-CO-00000226,U-UN048YZ3WDTW,2024-06-30,PET,2024-07-30,445.43,CURED,2024-07-13
VL-DLSGN0UUPUZJ,CA-CO-00000226,U-PU0E11WRZ50X,2025-03-27,PARKING,2025-04-26,65.4,OPEN,
VL-280OTOD6N9TJ,CA-CO-00000226,U-PRTJNDOJXET7,2025-02-13,LANDSCAPING,2025-03-15,110.14,ESCALATED,
VL-BENA0P48S3E1,CA-CO-00000226,U-OOEGMA047OIK,2024-09-05,NOISE,2024-10-05,1182.32,CURED,2024-10-18
VL-HKVA71FULD49,CA-CO-00000226,U-VIUL6RDGD1AM,2024-08-25,NOISE,2024-09-24,226.59,CURED,2024-10-01
VL-2A5IBHBYJ5N9,CA-CO-00000226,U-7T824XBAB3FW,2024-07-22,NOISE,2024-08-21,40.04,CURED,2024-08-03
VL-HGCZ6HU10PMA,CA-CO-00000226,U-UN048YZ3WDTW,2024-02-17,PARKING,2024-03-18,49.49,CURED,2024-03-30
VL-NJHYFUXZXDED,CA-CO-00000226,U-RYSCRKEX84JJ,2024-06-21,ARCHITECTURAL,2024-07-21,215.64,CURED,2024-08-20
VL-FDFBZP7V8P4Y,CA-CO-00000226,U-5NXHCMFXEEP7,2024-10-14,LANDSCAPING,2024-11-13,21.7,CURED,2024-11-19
VL-3F8LLIP225OU,CA-CO-00000226,U-ALH19VF1O9MY,2024-01-01,ARCHITECTURAL,2024-01-31,108.45,CURED,2024-02-08
VL-LUA6GEYAI9RM,CA-CO-00000226,U-RYSCRKEX84JJ,2024-12-08,PET,2025-01-07,164.75,FINED,
VL-8QEJW1TWV11J,CA-CO-00000226,U-YCGVSPHKR2BF,2024-06-10,LANDSCAPING,2024-07-10,37.04,CURED,2024-07-28
VL-LCLI6LUI63WG,CA-CO-00000226,U-Y3N020H9LIUG,2024-12-25,PARKING,2025-01-24,34.64,FINED,
VL-MO2IYD0LYIYY,CA-CO-00000226,U-G2D5PQ2UN88W,2025-05-17,LANDSCAPING,2025-06-16,67.32,CURED,2025-06-19
VL-HFOJXACINGIB,CA-CO-00000227,U-Y5ZDLZW64WZO,2025-03-21,PET,2025-04-20,166.05,CURED,2025-04-06
VL-1NCPS1L7RHXF,CA-CO-00000227,U-H5KZZ40S1REY,2024-06-15,OTHER,2024-07-15,89.28,HEARING_SCHEDULED,
VL-ALBOF31JV9KR,CA-CO-00000227,U-7MT9546ET3PY,2025-02-03,TRASH,2025-03-05,39.03,CURED,2025-03-18
VL-QN3MZFR09YO8,CA-CO-00000227,U-1GAQZ8C94UNO,2024-12-24,NOISE,2025-01-23,101.42,CURED,2025-02-03
VL-DM5S26RTNOWI,CA-CO-00000227,U-SNC24TIRLBX5,2024-01-21,NOISE,2024-02-20,218.96,DISMISSED,2024-03-20
VL-ZB7WS1P151YV,CA-CO-00000227,U-W4V8FLQR44QB,2024-06-28,LANDSCAPING,2024-07-28,239.6,ESCALATED,
VL-Z9OIBVTQC5WC,CA-CO-00000227,U-6WV6S4WNQXFM,2024-04-24,NOISE,2024-05-24,61.43,HEARING_SCHEDULED,
VL-2GF3LRTSSEYE,CA-CO-00000227,U-YK4EV31F96JJ,2024-05-02,ARCHITECTURAL,2024-06-01,48.94,DISMISSED,2024-06-12
VL-JDDLY3DUQ813,CA-CO-00000227,U-2D9BZULAQHZQ,2024-07-12,PET,2024-08-11,352.32,FINED,
VL-0LFNT82GCUZT,CA-CO-00000227,U-KPHHWWHBFILG,2025-04-27,ARCHITECTURAL,2025-05-27,140.59,CURED,2025-06-14
VL-GWALIHDY5L41,CA-CO-00000227,U-KPHHWWHBFILG,2024-05-29,PET,2024-06-28,82.4,DISMISSED,2024-06-13
VL-CD8X5003DUBE,CA-CO-00000227,U-SK9M3P205YPK,2024-04-04,TRASH,2024-05-04,81.42,CURED,2024-05-16
VL-OIYRO6391N94,CA-GA-00000228,U-IQDHCNEFLA4J,2025-01-31,PARKING,2025-03-02,76.9,CURED,2025-03-30
VL-WPQBWBXXZTT6,CA-GA-00000228,U-YO7D0BKUC9MW,2024-06-19,PARKING,2024-07-19,116.25,HEARING_SCHEDULED,
VL-YZGKD7S69YET,CA-GA-00000228,U-58L03QLH2PVX,2024-09-16,TRASH,2024-10-16,146.44,OPEN,
VL-YIKZ0O2DB4GB,CA-GA-00000228,U-PJWMDYEBIRIN,2025-01-06,NOISE,2025-02-05,73.2,CURED,2025-01-18
VL-TCWUB6LIUPZI,CA-GA-00000228,U-YO7D0BKUC9MW,2024-11-17,ARCHITECTURAL,2024-12-17,59.81,CURED,2024-12-27
VL-4FHS20J5DIZR,CA-TX-00000229,U-EOTM1O7HLFHS,2024-01-25,NOISE,2024-02-24,85.15,CURED,2024-03-13
VL-Z5G1SB6OIP45,CA-TX-00000229,U-8DD5VF9Y9PKO,2025-01-09,NOISE,2025-02-08,107.73,CURED,2025-02-07
VL-65YLQNJ9EDDR,CA-TX-00000229,U-NVRKONIU7OK0,2025-03-02,LANDSCAPING,2025-04-01,86.61,CURED,2025-04-21
VL-GE47JH29FIFX,CA-TX-00000229,U-8DD5VF9Y9PKO,2025-01-22,NOISE,2025-02-21,90.48,ESCALATED,
VL-XVULN04BCGRO,CA-CA-00000230,U-EOIFHBQF6UF3,2024-03-11,ARCHITECTURAL,2024-04-10,20.69,OPEN,
VL-WUQTGA8DSG06,CA-CA-00000230,U-Z1DDTAMHITPH,2025-03-06,PARKING,2025-04-05,95.95,CURED,2025-03-30
VL-N51D9Z51G9WF,CA-CA-00000230,U-Q99G2ANUBJAU,2024-10-31,PET,2024-11-30,89.21,CURED,2024-12-08
VL-DDOTZPUVVPQ3,CA-CA-00000230,U-JA7DKOQILVZU,2025-03-06,PARKING,2025-04-05,312.89,DISMISSED,2025-04-26
VL-KYXA715C2NXD,CA-CA-00000230,U-2LEDFDYKQQ8R,2025-05-28,LANDSCAPING,2025-06-27,134.28,OPEN,
VL-NEM02KCNOYAL,CA-CA-00000230,U-WH4EJQ3248FY,2025-04-16,PARKING,2025-05-16,160.35,DISMISSED,2025-05-18
VL-Q3MF5AZACOUU,CA-CA-00000230,U-570ON5YGBDSU,2024-10-26,ARCHITECTURAL,2024-11-25,62.38,CURED,2024-11-28
VL-9MJUL3E24P7G,CA-CA-00000230,U-Q99G2ANUBJAU,2024-02-15,PET,2024-03-16,127.84,CURED,2024-03-15
VL-V2CCXJ5Z2W1U,CA-CA-00000230,U-96X1FF62NFUH,2024-05-20,PARKING,2024-06-19,116.99,CURED,2024-07-17
VL-EVGPNRNJNL8T,CA-CA-00000230,U-5LY381IMONCB,2024-03-23,LANDSCAPING,2024-04-22,64.71,OPEN,
VL-BXSXMH3ZEDBR,CA-CA-00000230,U-FGD36HZAQ24X,2025-04-25,PARKING,2025-05-25,53.77,CURED,2025-05-16
VL-7YRJG9PPEWEZ,CA-CA-00000230,U-TDT20B7T9CRW,2024-04-28,PARKING,2024-05-28,165.63,CURED,2024-06-06
VL-RLWO9I3ZVO74,CA-CA-00000230,U-E1SHORA0YHCU,2024-01-09,ARCHITECTURAL,2024-02-08,45.91,CURED,2024-01-19
VL-O6Y42J6DCDD2,CA-CA-00000230,U-R6NDN1WDXDY5,2024-12-18,PARKING,2025-01-17,310.87,CURED,2025-01-04
VL-FQWCD6AYP3QI,CA-CA-00000230,U-2BS3LLKBHF73,2025-01-29,ARCHITECTURAL,2025-02-28,135.38,OPEN,
VL-Q68NZQ899LYF,CA-CA-00000230,U-OHIN6PB648YN,2024-10-03,OTHER,2024-11-02,272.65,OPEN,
VL-MSCRUL08BHQT,CA-FL-00000231,U-Q31BULJGWBZE,2024-05-17,ARCHITECTURAL,2024-06-16,67.29,ESCALATED,
VL-7M3DY1EPKD7R,CA-FL-00000231,U-SUE4DG1APC0C,2024-07-04,TRASH,2024-08-03,227.09,ESCALATED,
VL-QKF25NLBXP9D,CA-FL-00000231,U-EHJJ3IZE4IWM,2024-05-13,ARCHITECTURAL,2024-06-12,124.11,CURED,2024-06-12
VL-284BRXZ3GTHX,CA-FL-00000231,U-EHJJ3IZE4IWM,2024-10-16,ARCHITECTURAL,2024-11-15,330.28,DISMISSED,2024-12-02
VL-3DCTFP53YAMN,CA-TX-00000232,U-BGFCNCM9R0O7,2024-06-03,ARCHITECTURAL,2024-07-03,120.33,OPEN,
VL-ASC19PWP9Q8J,CA-TX-00000232,U-G95O3CZF8E9Z,2025-04-04,ARCHITECTURAL,2025-05-04,186.77,CURED,2025-04-23
VL-GLF8UD2CMEHG,CA-TX-00000232,U-KDWKJJX9TRT4,2024-12-03,PARKING,2025-01-02,91.0,CURED,2025-01-01
VL-1TKGTRA1IWUR,CA-TX-00000232,U-ZEABMZ6EGQNG,2025-06-17,PET,2025-07-17,31.82,HEARING_SCHEDULED,
VL-8QA2T1WEZ68Y,CA-TX-00000232,U-EK411TLSRWWQ,2025-04-08,PET,2025-05-08,73.24,FINED,
VL-9QKO2JEYN16Y,CA-TX-00000232,U-LM4NUKC660FJ,2024-03-24,PARKING,2024-04-23,50.71,HEARING_SCHEDULED,
VL-RCY5G75WYCJ4,CA-TX-00000232,U-1MXY0IM6WE5V,2024-07-10,TRASH,2024-08-09,66.3,CURED,2024-07-23
VL-5CRH8L7O8WAX,CA-TX-00000232,U-W6L75O2O6MSY,2024-06-06,NOISE,2024-07-06,179.84,DISMISSED,2024-06-21
VL-9MWSEVC10COK,CA-TX-00000232,U-7GR0NQH8WUJ1,2024-04-27,PARKING,2024-05-27,179.68,CURED,2024-06-04
VL-TKT8J7JAOKZK,CA-TX-00000232,U-EK411TLSRWWQ,2025-03-09,LANDSCAPING,2025-04-08,81.74,DISMISSED,2025-04-07
VL-3VK291P22VXL,CA-TX-00000232,U-G95O3CZF8E9Z,2024-11-13,LANDSCAPING,2024-12-13,48.02,DISMISSED,2024-11-24
VL-PCIWPPGF8B78,CA-TX-00000232,U-KDWKJJX9TRT4,2025-01-04,LANDSCAPING,2025-02-03,165.27,DISMISSED,2025-01-14
VL-FVCBBPWLPONZ,CA-TX-00000232,U-PD9UE1R5VDAN,2024-08-08,LANDSCAPING,2024-09-07,133.19,FINED,
VL-0VFXUE2MDJUD,CA-TX-00000232,U-UF3HFD2C2PDY,2024-07-22,PARKING,2024-08-21,273.79,CURED,2024-08-08
VL-VL8CHKTRYR0K,CA-TX-00000233,U-YVFDBZ3ZAA5B,2024-03-28,LANDSCAPING,2024-04-27,169.27,ESCALATED,
VL-0MC8MR149F1Q,CA-TX-00000233,U-CCJMNBWGKISX,2025-06-22,ARCHITECTURAL,2025-07-22,131.74,CURED,2025-07-20
VL-N61V9EF294DF,CA-TX-00000233,U-3HPVP789X0ES,2024-05-31,TRASH,2024-06-30,48.49,HEARING_SCHEDULED,
VL-3W1QWFYK928H,CA-TX-00000233,U-W9D5A5VBWKWI,2025-05-13,LANDSCAPING,2025-06-12,71.34,FINED,
VL-T5HZICLSLTND,CA-TX-00000233,U-80S84J5RUZ38,2024-11-24,PET,2024-12-24,133.88,DISMISSED,2025-01-20
VL-8B2UVDS1UNB5,CA-TX-00000233,U-ANJ8F6AACD0Q,2024-06-23,PET,2024-07-23,112.88,ESCALATED,
VL-BH7YTDME4SI1,CA-TX-00000233,U-YVFDBZ3ZAA5B,2024-09-26,PARKING,2024-10-26,79.48,OPEN,
VL-DUF0AZVO2LNV,CA-AZ-00000234,U-TP0XOGI5UV5V,2024-12-01,ARCHITECTURAL,2024-12-31,66.71,ESCALATED,
VL-2B9JGRMWZKLE,CA-AZ-00000234,U-JHDXTB0R2NKS,2024-04-07,LANDSCAPING,2024-05-07,180.76,CURED,2024-06-04
VL-NL9FJHWX8ZWQ,CA-AZ-00000234,U-0RUN615OKOMX,2024-10-21,NOISE,2024-11-20,49.42,ESCALATED,
VL-W71BFN61OAUU,CA-AZ-00000234,U-AQNYSLGDNKZQ,2024-08-23,ARCHITECTURAL,2024-09-22,84.0,DISMISSED,2024-10-16
VL-Z1VQLTI5FPZD,CA-AZ-00000235,U-KKRW99MUB9QB,2024-08-04,ARCHITECTURAL,2024-09-03,27.05,CURED,2024-09-15
VL-1H7HBBAS1NN6,CA-AZ-00000235,U-M4B2XGSE1BAB,2024-04-23,PARKING,2024-05-23,281.43,OPEN,
VL-UB8F66ZYCFNF,CA-AZ-00000235,U-166ONMVP4XGF,2024-03-12,PET,2024-04-11,86.45,OPEN,
VL-0PHNUO4P2D0Z,CA-AZ-00000235,U-UKC8RO2SR2RR,2025-04-10,ARCHITECTURAL,2025-05-10,113.78,OPEN,
VL-62NWOVVBWDHS,CA-AZ-00000235,U-Z9T0UY9UXIL5,2025-02-06,LANDSCAPING,2025-03-08,86.54,HEARING_SCHEDULED,
VL-TTZSF248D1NN,CA-AZ-00000235,U-5X5IQ8KNJK5S,2025-06-03,ARCHITECTURAL,2025-07-03,110.03,CURED,2025-06-18
VL-ZLIXSXPXZAJQ,CA-AZ-00000235,U-ZN874CSNJ0YU,2024-02-23,PET,2024-03-24,193.85,CURED,2024-04-01
VL-GUN5UI1MB140,CA-AZ-00000235,U-0TTPM4R4X7J6,2025-06-22,PARKING,2025-07-22,258.65,CURED,2025-07-17
VL-7L1QZ8FJ97OI,CA-AZ-00000235,U-Z9T0UY9UXIL5,2025-02-08,LANDSCAPING,2025-03-10,22.56,CURED,2025-02-20
VL-FCVAY4DYJSSK,CA-CA-00000236,U-09C5XPRWVOJ8,2024-09-13,LANDSCAPING,2024-10-13,86.8,CURED,2024-09-24
VL-MZQDDNNJWEZI,CA-CA-00000236,U-Z6VOVBPW085F,2025-02-17,NOISE,2025-03-19,43.58,CURED,2025-04-15
VL-C6UYUPCQX6M7,CA-CA-00000236,U-UBSRD6KB0GZW,2024-09-22,NOISE,2024-10-22,88.65,DISMISSED,2024-11-06
VL-1MGDKU0GP10W,CA-CA-00000236,U-UXWANC17IQWY,2025-02-16,PARKING,2025-03-18,41.07,DISMISSED,2025-03-22
VL-0DW4U0W8SAKP,CA-CA-00000236,U-2PJA7EPCPCDI,2024-07-10,PARKING,2024-08-09,85.43,CURED,2024-08-12
VL-0MFJOR38XG9H,CA-CA-00000236,U-09C5XPRWVOJ8,2025-01-28,TRASH,2025-02-27,305.45,DISMISSED,2025-03-27
VL-MHPWH4VTZM0P,CA-CA-00000236,U-7QNIM41AEXD6,2025-03-30,PET,2025-04-29,41.42,CURED,2025-05-25
VL-GX0EXW8KXAWI,CA-CA-00000236,U-NBYXOKQULKOC,2024-06-01,PET,2024-07-01,83.11,CURED,2024-07-03
VL-64YW2LQTIF9Y,CA-CA-00000236,U-RIIKMRKENQO9,2024-09-25,TRASH,2024-10-25,70.72,CURED,2024-11-09
VL-E6VBW0FB0URD,CA-CA-00000236,U-6OFXUPQR3F69,2024-01-27,LANDSCAPING,2024-02-26,355.67,ESCALATED,
VL-KOOMW6ITXTZ6,CA-CA-00000236,U-YC2P3K0Y40KJ,2024-12-04,NOISE,2025-01-03,98.13,HEARING_SCHEDULED,
VL-5DU9UUSB3FLB,CA-CA-00000236,U-EM4NG2RQXC0W,2024-08-26,PARKING,2024-09-25,109.26,OPEN,
VL-FKF063Z3RBTP,CA-CA-00000236,U-7YRHZWGLEQFU,2024-09-01,PET,2024-10-01,167.99,DISMISSED,2024-10-20
VL-EZCKQVPKV3W0,CA-CA-00000236,U-K0L4X8P339JU,2025-02-12,ARCHITECTURAL,2025-03-14,62.02,DISMISSED,2025-04-08
VL-6G88PTT8KKTQ,CA-CA-00000236,U-Z6VOVBPW085F,2024-06-08,LANDSCAPING,2024-07-08,324.46,CURED,2024-06-30
VL-WW9SFITOWDQK,CA-CA-00000236,U-JJ1B3704SS7J,2024-03-29,OTHER,2024-04-28,311.8,FINED,
VL-DNFJHZC0GZUO,CA-CA-00000236,U-E5RYDQ6NB5TP,2024-06-17,PET,2024-07-17,192.86,OPEN,
VL-G2NDS6X1TAKN,CA-CA-00000236,U-LPYENK0HTJ2G,2024-11-04,OTHER,2024-12-04,72.82,CURED,2024-11-23
VL-ZI1D1LX8X3XS,CA-CA-00000236,U-Z05Z7NJU5WHF,2024-05-24,LANDSCAPING,2024-06-23,57.67,CURED,2024-07-02
VL-J3PL21QMEJM1,CA-CA-00000236,U-J4LSZ7UMQZKI,2025-06-20,OTHER,2025-07-20,56.76,HEARING_SCHEDULED,
VL-DU35M35Q0FNG,CA-CA-00000236,U-TZ873582YEK6,2024-10-09,ARCHITECTURAL,2024-11-08,114.32,CURED,2024-12-04
VL-HJ3GIZ66LOVV,CA-CA-00000236,U-LXV1Z6YB062H,2024-01-04,OTHER,2024-02-03,611.22,DISMISSED,2024-02-29
VL-ZR1JLBAZILX7,CA-CA-00000236,U-2PJA7EPCPCDI,2024-07-06,OTHER,2024-08-05,109.89,CURED,2024-07-31
VL-4SH5K034JLUH,CA-CA-00000236,U-JJG177O3B935,2025-04-16,LANDSCAPING,2025-05-16,170.56,FINED,
VL-D8D1DL5WEA5T,CA-CA-00000236,U-W26GLPPEAFHP,2024-04-12,PET,2024-05-12,100.09,FINED,
VL-SBSS8RY5XRBZ,CA-CA-00000236,U-6OFXUPQR3F69,2024-11-21,PARKING,2024-12-21,584.14,DISMISSED,2025-01-18
VL-Z7PN9G7PQ4H1,CA-CA-00000236,U-7YRHZWGLEQFU,2024-10-21,ARCHITECTURAL,2024-11-20,116.57,HEARING_SCHEDULED,
VL-JQOJRMN99KE9,CA-CA-00000236,U-E5RYDQ6NB5TP,2025-03-09,ARCHITECTURAL,2025-04-08,53.81,HEARING_SCHEDULED,
VL-BGMRMD1J7V5M,CA-CA-00000236,U-DAF13WTPUGCB,2025-06-13,NOISE,2025-07-13,28.29,CURED,2025-08-08
VL-2GYCZIABT2WX,CA-CA-00000237,U-2WZWOD8WUD3W,2024-11-20,PARKING,2024-12-20,323.6,HEARING_SCHEDULED,
VL-VSIEYZFH3JFN,CA-TX-00000238,U-07WFIBGFS6RI,2024-07-21,PARKING,2024-08-20,146.39,FINED,
VL-H0B1EJLYGH40,CA-TX-00000238,U-8W29KYOPHO16,2024-12-06,ARCHITECTURAL,2025-01-05,409.63,DISMISSED,2024-12-29
VL-332U9O24SJOL,CA-TX-00000238,U-KFAC1KYWW05E,2024-09-08,LANDSCAPING,2024-10-08,231.95,CURED,2024-10-19
VL-PSZ04O7UYI1G,CA-TX-00000238,U-WEKXHU0HLM2B,2024-11-16,ARCHITECTURAL,2024-12-16,66.01,CURED,2024-12-29
VL-EKD0BH0B1SV7,CA-TX-00000238,U-SCLE6BM6JICH,2025-04-06,LANDSCAPING,2025-05-06,127.97,OPEN,
VL-DE7IZF0NWX45,CA-TX-00000238,U-SMUWRKVQHHLK,2025-06-14,ARCHITECTURAL,2025-07-14,120.44,DISMISSED,2025-07-02
VL-AQXJGLQY2WCI,CA-TX-00000238,U-IWYVMXT9DIB8,2024-07-12,NOISE,2024-08-11,66.07,CURED,2024-08-04
VL-6Y0UYST9G83M,CA-TX-00000238,U-X7L832LF6KKC,2024-06-20,PARKING,2024-07-20,131.52,CURED,2024-07-14
VL-L28ICC98XHMI,CA-CA-00000239,U-86YCMCDF6C3X,2024-06-05,PARKING,2024-07-05,54.25,OPEN,
VL-YVD09GNCJNJV,CA-CA-00000239,U-E6SBF5NNK5PE,2025-02-28,NOISE,2025-03-30,93.16,CURED,2025-03-11
VL-YBQTM92A8ZS7,CA-CA-00000239,U-9JOEHWRHCTN5,2024-11-21,PARKING,2024-12-21,97.96,CURED,2024-12-19
VL-9430YZWQD0PH,CA-CA-00000239,U-AG28SLB0O30H,2024-04-05,NOISE,2024-05-05,247.09,CURED,2024-04-28
VL-DH854SG5X7AJ,CA-CA-00000239,U-3OZBWYDBZM3X,2024-01-18,NOISE,2024-02-17,159.23,OPEN,
VL-I12ZJ85SUQUX,CA-CA-00000239,U-31G2VPMLQJBR,2025-04-04,TRASH,2025-05-04,87.52,OPEN,
VL-BVHR91F2THIR,CA-CA-00000239,U-DBU542AGQ770,2024-04-20,LANDSCAPING,2024-05-20,89.18,CURED,2024-05-21
VL-QEFKPNBNAA40,CA-CA-00000240,U-VAQJG9G77RIC,2024-10-22,OTHER,2024-11-21,109.56,DISMISSED,2024-11-20
VL-D5C1XY3ICI0G,CA-CA-00000240,U-MPB9OZEK0VWJ,2024-01-19,TRASH,2024-02-18,84.47,CURED,2024-02-25
VL-KQBG2Z6JJI4S,CA-CA-00000240,U-VAQJG9G77RIC,2024-07-17,PARKING,2024-08-16,110.05,CURED,2024-07-27
VL-X1HE7PSKSLGJ,CA-CA-00000240,U-189Y36BM4KI4,2024-08-23,OTHER,2024-09-22,104.03,DISMISSED,2024-09-26
VL-STQM09P0N4XS,CA-CA-00000240,U-VJ7CDXJ99TDO,2024-11-29,PET,2024-12-29,100.03,CURED,2025-01-08
VL-W8U3BNGBF8M4,CA-CA-00000240,U-YRR41S6Q054S,2024-08-07,ARCHITECTURAL,2024-09-06,57.15,OPEN,
VL-NUKLU9HYZ5TQ,CA-CA-00000240,U-44FXTGER3EXT,2024-04-09,NOISE,2024-05-09,239.53,CURED,2024-04-30
VL-S0BQFFS5UVYZ,CA-CA-00000240,U-2453VDMNY071,2025-03-06,PARKING,2025-04-05,37.61,DISMISSED,2025-05-04
VL-AJODD01QKPSA,CA-CA-00000240,U-0D0XG6M2FUY7,2025-05-21,LANDSCAPING,2025-06-20,75.35,OPEN,
VL-AQH8HAW7TS2B,CA-CO-00000241,U-OHULVOY7VXAX,2024-09-12,NOISE,2024-10-12,686.39,CURED,2024-09-24
VL-UQW643S2Y6WP,CA-CO-00000241,U-KV9NJSJ6G3P2,2025-05-13,ARCHITECTURAL,2025-06-12,98.34,HEARING_SCHEDULED,
VL-4N4P70EOFGXS,CA-CO-00000241,U-QJDEVKVDPHFY,2024-04-26,ARCHITECTURAL,2024-05-26,161.73,DISMISSED,2024-05-25
VL-3IM8SEA83DIY,CA-CO-00000241,U-EKZFBMWW80PP,2025-03-10,TRASH,2025-04-09,136.71,HEARING_SCHEDULED,
VL-F8C28KKPTZF3,CA-IL-00000242,U-QEFAREZC1W9K,2024-02-02,OTHER,2024-03-03,117.29,OPEN,
VL-HH62Y34N1D8H,CA-IL-00000242,U-626M79WC4MR0,2024-01-11,ARCHITECTURAL,2024-02-10,205.79,CURED,2024-02-24
VL-VQXRRVYRAR16,CA-IL-00000242,U-P1L3VEUXEUI3,2025-06-16,PARKING,2025-07-16,81.48,HEARING_SCHEDULED,
VL-EX7T87H5GSDO,CA-IL-00000242,U-W0ZREEGFMCRB,2025-01-17,PARKING,2025-02-16,49.77,HEARING_SCHEDULED,
VL-PQGLF5J2C6ZN,CA-IL-00000242,U-R5GO5ZA97M7I,2024-03-26,PET,2024-04-25,81.32,CURED,2024-05-25
VL-FWBCBKJQOUMH,CA-IL-00000242,U-OAU6OI10MYAC,2024-09-11,PARKING,2024-10-11,65.43,DISMISSED,2024-10-20
VL-26ZAO0QLZOH3,CA-IL-00000242,U-626M79WC4MR0,2024-10-09,TRASH,2024-11-08,115.42,CURED,2024-11-24
VL-LXHMD9XIFKAZ,CA-IL-00000242,U-OAU6OI10MYAC,2024-08-25,ARCHITECTURAL,2024-09-24,34.28,DISMISSED,2024-09-23
VL-EFPYXNWAKFPR,CA-IL-00000242,U-PTD01N1191VG,2024-01-10,LANDSCAPING,2024-02-09,143.5,DISMISSED,2024-02-18
VL-COS1WSJCHHP5,CA-IL-00000242,U-MQQLS1WRAQBE,2024-06-18,OTHER,2024-07-18,75.76,ESCALATED,
VL-OY89XXCCDML0,CA-IL-00000242,U-R4V5GINQCAQO,2024-04-27,PET,2024-05-27,122.0,CURED,2024-05-22
VL-W6UZHV2YRE6I,CA-IL-00000242,U-NOYRWIA70JR7,2025-06-16,PARKING,2025-07-16,37.93,CURED,2025-07-03
VL-0R6F9QIJ5QL5,CA-IL-00000242,U-P1L3VEUXEUI3,2024-05-20,LANDSCAPING,2024-06-19,41.62,DISMISSED,2024-06-13
VL-WU3DJLLDGVQ3,CA-IL-00000242,U-ZY3W8EBJYVOZ,2025-01-06,NOISE,2025-02-05,122.66,CURED,2025-01-22
VL-FZFWGAM7RIVN,CA-IL-00000242,U-W0ZREEGFMCRB,2024-10-31,PARKING,2024-11-30,106.5,CURED,2024-12-30
VL-BQ3HB7OATQ54,CA-IL-00000242,U-KMDLEPN04RMJ,2025-03-18,LANDSCAPING,2025-04-17,67.31,CURED,2025-04-22
VL-E8ZOW40321CV,CA-IL-00000242,U-YDVRZAGFBG3W,2025-03-29,PARKING,2025-04-28,38.07,CURED,2025-05-24
VL-4AOTW6RLRME4,CA-IL-00000242,U-YDVRZAGFBG3W,2024-01-21,NOISE,2024-02-20,33.97,CURED,2024-02-25
VL-XGP1QRKQV9FO,CA-IL-00000242,U-NC4ZR3SGLCM9,2025-05-12,PET,2025-06-11,80.3,DISMISSED,2025-06-10
VL-GJY50PW7M0FV,CA-FL-00000243,U-8FTH62ISOJOH,2025-02-24,ARCHITECTURAL,2025-03-26,123.33,CURED,2025-03-20
VL-DQ78T7OHWGIY,CA-FL-00000243,U-YIEIH177MNMV,2024-09-28,PARKING,2024-10-28,217.67,OPEN,
VL-114YIUGCROOC,CA-FL-00000243,U-RI6JJKHD7CVB,2024-04-10,PET,2024-05-10,61.39,CURED,2024-05-13
VL-PWZPKQZXGRIJ,CA-FL-00000243,U-5F9AY2UCOY92,2025-04-21,PARKING,2025-05-21,31.11,CURED,2025-05-11
VL-QXTQHGD1OTVW,CA-FL-00000243,U-3JYPM79NTF72,2024-06-24,PET,2024-07-24,148.4,DISMISSED,2024-08-23
VL-BVDDRZ6F8MSF,CA-FL-00000243,U-VBS0R9U065G8,2024-09-27,ARCHITECTURAL,2024-10-27,233.47,CURED,2024-10-30
VL-LR98BWVCLP6K,CA-FL-00000243,U-F4HPXHCNG9W7,2024-04-20,ARCHITECTURAL,2024-05-20,136.27,CURED,2024-05-29
VL-SPPR42UA0047,CA-FL-00000243,U-94FKJABFG1DR,2025-02-18,NOISE,2025-03-20,209.45,CURED,2025-03-19
VL-BKNRZE3A0PVU,CA-FL-00000243,U-C4EACZ2DRQW6,2025-05-30,TRASH,2025-06-29,138.09,DISMISSED,2025-07-05
VL-YNV6Q6G0UEOC,CA-FL-00000243,U-89RKLVZPVR27,2024-05-21,ARCHITECTURAL,2024-06-20,107.15,CURED,2024-06-03
VL-B48SL5LTNNQT,CA-FL-00000243,U-G6ERMQ0Z0M2G,2024-10-26,PET,2024-11-25,71.51,HEARING_SCHEDULED,
VL-XW0ENBA8DIRD,CA-FL-00000243,U-G6ERMQ0Z0M2G,2025-03-09,PARKING,2025-04-08,80.64,OPEN,
VL-1OIFHN9W3P36,CA-FL-00000243,U-M6JCYGNE6QEK,2024-10-20,ARCHITECTURAL,2024-11-19,81.74,HEARING_SCHEDULED,
VL-NJ6X5SBEUN1C,CA-FL-00000243,U-2NLQI0REKML2,2025-06-22,LANDSCAPING,2025-07-22,129.75,CURED,2025-07-31
VL-BFT7OA7C8TE0,CA-FL-00000243,U-7DRQFD2PCASH,2024-04-27,ARCHITECTURAL,2024-05-27,43.72,CURED,2024-05-15
VL-AJLP5XGV5FKN,CA-FL-00000243,U-94FKJABFG1DR,2024-02-15,LANDSCAPING,2024-03-16,18.33,FINED,
VL-Y317U4GBXQRY,CA-IL-00000244,U-4E1UHNGY58FJ,2024-01-21,PET,2024-02-20,21.54,CURED,2024-02-04
VL-QPKP4PYTJ4G1,CA-IL-00000244,U-O9G6X57DA1L1,2025-03-04,LANDSCAPING,2025-04-03,206.42,CURED,2025-03-26
VL-YBUW4R9C8W17,CA-IL-00000244,U-LFDT0Q19M5BL,2024-04-24,OTHER,2024-05-24,355.16,DISMISSED,2024-05-04
VL-SLS5T5AQMW02,CA-IL-00000244,U-8ILCPMV8DEZ8,2024-07-07,ARCHITECTURAL,2024-08-06,140.94,FINED,
VL-OC1ZHPVO0OHH,CA-IL-00000244,U-U0KYMPTSQP2I,2024-03-26,LANDSCAPING,2024-04-25,49.96,DISMISSED,2024-05-06
VL-LTR1CIIAEI2W,CA-IL-00000244,U-V4A70D6QC196,2025-03-06,PET,2025-04-05,119.37,FINED,
VL-NZ2A2N3AD9X9,CA-IL-00000244,U-DHSYWVQ5TNEF,2024-02-10,TRASH,2024-03-11,35.06,DISMISSED,2024-02-20
VL-B84S703MSQC4,CA-IL-00000244,U-LFDT0Q19M5BL,2024-03-14,LANDSCAPING,2024-04-13,212.63,CURED,2024-04-08
VL-IZ5TM3D5XLQB,CA-IL-00000244,U-TAZER6X89KNT,2024-11-03,ARCHITECTURAL,2024-12-03,51.48,HEARING_SCHEDULED,
VL-6DG31WUENK3S,CA-CA-00000245,U-L0946LXWS62J,2024-05-19,ARCHITECTURAL,2024-06-18,19.99,CURED,2024-06-04
VL-D5YWAMA244HZ,CA-CA-00000245,U-B26IXSYYZRCJ,2024-09-02,ARCHITECTURAL,2024-10-02,123.25,CURED,2024-09-21
VL-Q3GZH9HG8WZC,CA-CA-00000245,U-3MVCYPJ6VW9N,2024-11-25,PET,2024-12-25,272.84,CURED,2025-01-20
VL-TW3O9C0KTS7X,CA-CA-00000246,U-CAVS1SFP7MK4,2024-10-05,PET,2024-11-04,51.41,DISMISSED,2024-11-10
VL-6LVTKL4O08XL,CA-CA-00000246,U-F0UXMYYE3XIY,2024-08-07,LANDSCAPING,2024-09-06,120.77,HEARING_SCHEDULED,
VL-4KI6W9UGIEWT,CA-CA-00000246,U-OT1J7LTLH00P,2024-03-12,OTHER,2024-04-11,29.53,CURED,2024-04-06
VL-KTQREQ2WGISX,CA-CA-00000246,U-GY883ZMA6BSY,2025-04-01,ARCHITECTURAL,2025-05-01,35.47,DISMISSED,2025-04-26
VL-NPK49JURQDMZ,CA-CA-00000246,U-F6P4YKDTLYQ8,2024-06-14,LANDSCAPING,2024-07-14,18.51,OPEN,
VL-2LZJYH4ZI661,CA-CA-00000246,U-AY29YN72TLBV,2024-11-29,LANDSCAPING,2024-12-29,179.06,ESCALATED,
VL-VE7ZHQ6J9YVR,CA-CA-00000246,U-9YD6Q6Q5RNCH,2024-04-16,TRASH,2024-05-16,151.07,CURED,2024-05-22
VL-H3SIA1JGNH0N,CA-CA-00000246,U-V77EO10VG1UK,2025-01-08,PARKING,2025-02-07,80.93,DISMISSED,2025-03-04
VL-L9NLTDBBU0DP,CA-CA-00000246,U-P1BIF8SMBFZP,2024-10-11,TRASH,2024-11-10,83.81,CURED,2024-11-26
VL-DM6SK8VPNIMD,CA-CA-00000247,U-V2VDQ48DVLYR,2024-08-13,NOISE,2024-09-12,41.33,CURED,2024-09-14
VL-9FZ50EIUA71X,CA-CA-00000247,U-R4REZPA5CVOJ,2024-08-10,LANDSCAPING,2024-09-09,93.7,DISMISSED,2024-09-27
VL-9H159ZOE38AY,CA-CA-00000247,U-LEIH7LO6D9L5,2025-03-09,ARCHITECTURAL,2025-04-08,62.04,HEARING_SCHEDULED,
VL-4RWPFEY3LEJ5,CA-CA-00000247,U-XC6RCE3KBIRO,2024-12-31,NOISE,2025-01-30,102.93,ESCALATED,
VL-TW6TD21T6K5A,CA-CA-00000247,U-KDUATCRHUGDQ,2025-05-03,PET,2025-06-02,179.36,DISMISSED,2025-06-12
VL-AXGPAGM1SFJ2,CA-WA-00000248,U-K6JWKDIRQX8I,2024-04-01,LANDSCAPING,2024-05-01,146.58,DISMISSED,2024-05-12
VL-6OD63PPP2T4O,CA-WA-00000248,U-MG7CJ8P80URA,2024-11-28,ARCHITECTURAL,2024-12-28,192.34,FINED,
VL-B1CPBKSPKN3U,CA-WA-00000248,U-Z5I00UUB55PS,2024-12-31,TRASH,2025-01-30,43.87,DISMISSED,2025-01-20
VL-RLUP1E17VC1C,CA-WA-00000248,U-Q8749XE1VXDA,2024-06-09,PET,2024-07-09,126.16,DISMISSED,2024-07-30
VL-37QG4RCHQGZA,CA-FL-00000249,U-LN6ICOPKMHL5,2025-06-16,LANDSCAPING,2025-07-16,23.64,CURED,2025-07-08
VL-7T2YRJBGLW4O,CA-FL-00000249,U-H4LNBFL3SI0V,2024-07-14,PARKING,2024-08-13,116.36,FINED,
VL-O86OHUUBT6Z2,CA-FL-00000249,U-WHBVJSFMW9FE,2025-06-04,NOISE,2025-07-04,210.49,CURED,2025-07-02
VL-GY9PYA3MQGY0,CA-FL-00000249,U-TYI5OCI9N8UG,2024-06-19,NOISE,2024-07-19,146.73,FINED,
VL-1KB7SG0CU9CX,CA-FL-00000249,U-R84AFFO71T6W,2024-04-04,NOISE,2024-05-04,97.97,CURED,2024-05-06
VL-GMX3AFAT1BGY,CA-FL-00000249,U-88EVM629NO0E,2024-11-29,PET,2024-12-29,94.7,CURED,2025-01-16
VL-3X6PQXJZMOGE,CA-FL-00000249,U-GUBWL370AZJB,2025-01-26,ARCHITECTURAL,2025-02-25,90.87,HEARING_SCHEDULED,
VL-OLO332BO7NE4,CA-FL-00000249,U-X50DCD2M4VZH,2024-11-14,NOISE,2024-12-14,117.65,ESCALATED,
VL-0FN3WJNWCKSI,CA-FL-00000249,U-JKD0W2030BXH,2024-08-01,TRASH,2024-08-31,101.13,CURED,2024-09-25
VL-XMKZNCA0OUCV,CA-TX-00000250,U-4ESXNATKRH7D,2024-05-27,TRASH,2024-06-26,76.64,ESCALATED,
VL-PJH8OT1Q9SE2,CA-TX-00000250,U-S567GG6QWM3W,2024-04-10,PARKING,2024-05-10,250.95,CURED,2024-05-21
VL-1RZUWQBC5REX,CA-TX-00000250,U-UX5C0RX73AJ1,2025-02-27,ARCHITECTURAL,2025-03-29,373.05,FINED,
VL-VF39NM0VTO3U,CA-TX-00000250,U-1Z0G8F6ZMLQO,2024-02-06,PARKING,2024-03-07,101.52,FINED,
VL-VTWNK9OOAGJW,CA-TX-00000250,U-XYB9F2KOLTHG,2024-09-23,OTHER,2024-10-23,79.49,CURED,2024-11-17
VL-87768DZGIOBH,CA-TX-00000250,U-48VJC27B5FD8,2024-09-30,PET,2024-10-30,533.78,CURED,2024-10-27
VL-H9P7QPAW8RQO,CA-TX-00000250,U-7YFVVYZZVV2H,2024-01-21,TRASH,2024-02-20,78.34,CURED,2024-02-24
VL-DVBQEZHRJ4E2,CA-TX-00000250,U-27Y8PVUW0FGE,2024-07-06,PET,2024-08-05,97.39,CURED,2024-08-29
VL-JVHMC1VCV6JG,CA-TX-00000250,U-RHBQZOK0BTCN,2025-02-08,PARKING,2025-03-10,355.35,DISMISSED,2025-03-20
VL-G2UGC83NWZAV,CA-TX-00000250,U-M7BPGMD13DKF,2025-02-18,NOISE,2025-03-20,182.06,CURED,2025-03-05
VL-Z95PSXVMPK2W,CA-TX-00000250,U-RGX6HVM4BNF5,2024-02-12,NOISE,2024-03-13,161.38,OPEN,
VL-DZ7OYEO1LJZ4,CA-TX-00000250,U-1B8Y7O2IM44A,2025-03-25,PARKING,2025-04-24,58.53,DISMISSED,2025-04-21
VL-RYCN170GX9M9,CA-TX-00000250,U-U1JLB3WVKDNK,2025-03-04,LANDSCAPING,2025-04-03,145.19,DISMISSED,2025-04-08
VL-3TOD9TP5WUJE,CA-TX-00000250,U-0VAAX73U3NEI,2024-04-12,ARCHITECTURAL,2024-05-12,270.89,HEARING_SCHEDULED,
VL-1LCPSMTZPJGQ,CA-TX-00000250,U-RGX6HVM4BNF5,2024-04-14,PET,2024-05-14,143.26,DISMISSED,2024-05-11
VL-LATNSR59EOTG,CA-FL-00000251,U-XEMTWKUEAPWR,2024-10-14,OTHER,2024-11-13,550.2,CURED,2024-10-24
VL-TPEG4G28TFHV,CA-FL-00000251,U-K09NWNWI6JY4,2025-02-10,PARKING,2025-03-12,72.27,OPEN,
VL-PDY7C03ODO9H,CA-TX-00000252,U-73K8RT6U1CCX,2024-03-17,PARKING,2024-04-16,287.71,CURED,2024-05-11
VL-VAVOXTZ2YO57,CA-TX-00000252,U-CNVFRL4T8QFM,2024-09-21,OTHER,2024-10-21,113.36,FINED,
VL-DNPTEXJHFFT4,CA-TX-00000252,U-AMIEOKQIMPDC,2024-03-23,PET,2024-04-22,97.4,ESCALATED,
VL-WQ66G82M0HHD,CA-TX-00000252,U-NNDK5VXRYPR1,2024-04-19,LANDSCAPING,2024-05-19,64.85,CURED,2024-05-01
VL-WB6QL7AP7525,CA-TX-00000252,U-E4WWOPZQVARJ,2024-09-27,PET,2024-10-27,315.28,CURED,2024-11-08
VL-YGOQINIX52QB,CA-TX-00000252,U-XQ8AIC1PFS6B,2024-07-25,PARKING,2024-08-24,524.35,FINED,
VL-Z4F9AY9XFC9K,CA-TX-00000252,U-VNYBOKMY5TUJ,2024-10-17,TRASH,2024-11-16,61.38,ESCALATED,
VL-PCJGURQ8M5FM,CA-TX-00000252,U-DG59ITNRMGN7,2024-12-01,ARCHITECTURAL,2024-12-31,108.4,DISMISSED,2024-12-30
VL-DIHT8NOH8FRL,CA-TX-00000252,U-BU32KG7EFPTS,2025-04-15,NOISE,2025-05-15,202.9,CURED,2025-05-13
VL-55UGBMC3M8TV,CA-TX-00000252,U-JE6H6B2HF5QQ,2024-03-20,ARCHITECTURAL,2024-04-19,94.63,CURED,2024-05-08
VL-W1Y5IDG2NYI5,CA-TX-00000252,U-KRAY9Z63JCVG,2024-07-26,NOISE,2024-08-25,176.21,CURED,2024-09-20
VL-DRGGYKIEX7PP,CA-TX-00000252,U-QUJWOYGH5LRU,2025-04-28,PET,2025-05-28,55.19,CURED,2025-05-29
VL-K9QXZYDBHVOY,CA-TX-00000252,U-41ZFZYKZQY4I,2025-02-27,NOISE,2025-03-29,48.35,CURED,2025-03-31
VL-OJC4F5FFKRY2,CA-TX-00000252,U-41ZFZYKZQY4I,2024-11-30,NOISE,2024-12-30,130.04,CURED,2025-01-11
VL-FL9WN4RKDWOL,CA-TX-00000252,U-EA6T6PPYXR8P,2025-01-18,NOISE,2025-02-17,70.28,CURED,2025-01-31
VL-7C48XDDXEFWI,CA-TX-00000252,U-O53WDM3BLM5K,2025-02-06,PARKING,2025-03-08,133.74,CURED,2025-04-05
VL-FW5T3UV50AJY,CA-TX-00000252,U-5W2CRB4K2C4A,2024-11-16,NOISE,2024-12-16,69.58,CURED,2024-12-28
VL-6A0OQAGKB1V1,CA-TX-00000252,U-SVXC0FOOIHZ2,2025-02-26,ARCHITECTURAL,2025-03-28,45.81,CURED,2025-03-19
VL-OW1TMX5UUJX1,CA-TX-00000252,U-3N53ZBG3W7IM,2024-05-01,NOISE,2024-05-31,163.58,CURED,2024-06-07
VL-5D4FQFGM50PV,CA-TX-00000252,U-EA6T6PPYXR8P,2024-09-12,PET,2024-10-12,134.36,OPEN,
VL-KN3IYFJIBPC4,CA-TX-00000252,U-O53WDM3BLM5K,2024-02-14,PET,2024-03-15,107.37,HEARING_SCHEDULED,
VL-6YHB91Q8QCUD,CA-TX-00000252,U-QE061Q7E4XXJ,2025-06-18,PARKING,2025-07-18,14.22,DISMISSED,2025-07-08
VL-2XWRKR3YGH91,CA-TX-00000252,U-M612ZQOJWY53,2024-02-01,LANDSCAPING,2024-03-02,255.25,CURED,2024-02-24
VL-X080E7AL4HOT,CA-TX-00000252,U-E4WWOPZQVARJ,2025-05-04,PARKING,2025-06-03,14.76,CURED,2025-06-14
VL-DEFT5AJB4U04,CA-TX-00000252,U-GXQM5NEGMT9Y,2024-11-22,OTHER,2024-12-22,70.39,CURED,2025-01-14
VL-8U82HDRYP10H,CA-TX-00000252,U-I4E3J7EVQ563,2024-02-12,OTHER,2024-03-13,199.72,DISMISSED,2024-03-22
VL-Z9XR4XS6WD7Y,CA-TX-00000252,U-03V9SQQ8WII5,2025-01-30,NOISE,2025-03-01,87.92,CURED,2025-02-26
VL-H3PEMS87PMHD,CA-TX-00000252,U-GMPCPI5SDMAN,2024-08-22,OTHER,2024-09-21,86.81,CURED,2024-09-16
VL-D7QFVANJFIC2,CA-TX-00000252,U-CNVFRL4T8QFM,2024-07-10,PET,2024-08-09,67.16,CURED,2024-09-04
VL-8AGNSIIWUIG3,CA-FL-00000253,U-KJE15CAI839H,2025-05-06,LANDSCAPING,2025-06-05,34.82,OPEN,
VL-8YC9UFJAG43E,CA-FL-00000253,U-R09NJIVZ2GVC,2024-02-05,NOISE,2024-03-06,129.39,CURED,2024-02-23
VL-G6ZTC3G43BUP,CA-FL-00000253,U-WWV596LQ7Y99,2024-07-08,ARCHITECTURAL,2024-08-07,74.03,CURED,2024-09-02
VL-USCRAYOOY4X1,CA-FL-00000253,U-QCSK96X7VQZY,2024-11-16,PARKING,2024-12-16,129.85,OPEN,
VL-V2LKDBYDJQDC,CA-FL-00000253,U-A7QMW0DL7VLE,2024-08-28,OTHER,2024-09-27,140.45,CURED,2024-09-12
VL-7JB8W8SCMG86,CA-FL-00000253,U-IRK4KP2C377L,2025-06-20,LANDSCAPING,2025-07-20,22.96,OPEN,
VL-TQG8S7MZSCH2,CA-FL-00000253,U-QIQOXIA6GXNH,2025-03-08,PARKING,2025-04-07,129.32,CURED,2025-03-28
VL-2ZE3WAA1FFYT,CA-FL-00000253,U-I1MZERYCKB3Z,2025-02-27,PET,2025-03-29,354.46,DISMISSED,2025-04-05
VL-3WRO7IR7M73Z,CA-FL-00000253,U-KJE15CAI839H,2024-04-19,LANDSCAPING,2024-05-19,225.33,DISMISSED,2024-05-03
VL-BY7L7P0PZYVR,CA-FL-00000253,U-WY27L6Q6AL1A,2024-06-23,PARKING,2024-07-23,80.57,CURED,2024-07-19
VL-S71UF5GQCI3C,CA-FL-00000253,U-ZH4OY32RYIN7,2024-10-02,NOISE,2024-11-01,62.54,ESCALATED,
VL-7CL6BCZQHJU5,CA-FL-00000253,U-UE06907FBCBZ,2024-01-02,ARCHITECTURAL,2024-02-01,69.79,ESCALATED,
VL-AU6H6ZC9BTMZ,CA-FL-00000253,U-UE06907FBCBZ,2024-11-28,ARCHITECTURAL,2024-12-28,42.4,DISMISSED,2024-12-29
VL-3F5I13XHETVC,CA-FL-00000253,U-RRYKQD06HCKF,2025-02-05,TRASH,2025-03-07,108.47,DISMISSED,2025-03-17
VL-NTYVXIZPY2BC,CA-FL-00000253,U-DHCW36W05GII,2025-01-06,PARKING,2025-02-05,236.12,DISMISSED,2025-02-06
VL-IGANQ5SFRIA4,CA-FL-00000253,U-B11LENF4EPMJ,2024-10-30,LANDSCAPING,2024-11-29,121.91,FINED,
VL-EJ107FABA6KT,CA-FL-00000253,U-QIQOXIA6GXNH,2025-01-23,PARKING,2025-02-22,262.81,DISMISSED,2025-03-19
VL-WMXYHJKMG320,CA-FL-00000253,U-B11LENF4EPMJ,2024-02-28,PARKING,2024-03-29,106.3,CURED,2024-04-28
VL-FCW8RC03QPHT,CA-FL-00000253,U-RYQ3PXC23ZFI,2024-11-14,NOISE,2024-12-14,97.96,CURED,2025-01-05
VL-X2K3C7FPITGI,CA-FL-00000253,U-GVMJFR49LYUK,2024-04-25,OTHER,2024-05-25,20.23,CURED,2024-06-17
VL-ORMNF2EMVBZX,CA-FL-00000253,U-W5GNKPMGZ3XM,2024-01-13,ARCHITECTURAL,2024-02-12,71.14,OPEN,
VL-XI7BUR06RGK3,CA-FL-00000253,U-FK87ZOP27EXG,2024-07-26,LANDSCAPING,2024-08-25,108.78,CURED,2024-09-15
VL-R5DIG7I6CKAU,CA-FL-00000253,U-PS1Z0JKTJSWM,2024-12-27,PET,2025-01-26,57.53,DISMISSED,2025-02-19
VL-WFG1BYWO9AH5,CA-FL-00000253,U-BRHPW8KIHP76,2024-12-06,OTHER,2025-01-05,30.59,CURED,2025-02-01
VL-EKZ6R1YLIJLL,CA-FL-00000253,U-NRK7QJ1XGUU1,2025-05-30,ARCHITECTURAL,2025-06-29,83.57,CURED,2025-06-21
VL-HN8KMYUYQC02,CA-FL-00000253,U-CJQA2KIXCWLJ,2024-01-17,OTHER,2024-02-16,38.36,DISMISSED,2024-02-05
VL-KNXU5QU3G4MO,CA-FL-00000253,U-9N03YWK9L0S3,2024-10-27,TRASH,2024-11-26,58.46,OPEN,
VL-IO3WDF3Q9IRK,CA-FL-00000253,U-WWV596LQ7Y99,2024-09-16,PARKING,2024-10-16,76.35,CURED,2024-11-11
VL-SWZQLMYLDTE2,CA-FL-00000253,U-WY27L6Q6AL1A,2024-11-28,ARCHITECTURAL,2024-12-28,158.63,CURED,2025-01-13
VL-16YTZG3EDVTJ,CA-AZ-00000254,U-IG0ZV1RBPKZD,2025-02-14,PARKING,2025-03-16,76.11,CURED,2025-04-03
VL-OY2J0TFMTFUN,CA-AZ-00000254,U-HB24DDR3BS62,2024-09-02,ARCHITECTURAL,2024-10-02,58.32,ESCALATED,
VL-EI1GCDNRAV0J,CA-AZ-00000254,U-HB24DDR3BS62,2025-05-23,ARCHITECTURAL,2025-06-22,90.27,CURED,2025-06-28
VL-HG5DIVI6H1UG,CA-AZ-00000254,U-G32F2AF1U4PN,2025-06-13,LANDSCAPING,2025-07-13,69.44,CURED,2025-07-05
VL-MWQTM9F289BP,CA-AZ-00000254,U-N88JJT4OS073,2025-06-09,TRASH,2025-07-09,64.33,CURED,2025-07-22
VL-Z3ZFYPMIP55S,CA-AZ-00000254,U-QXMTL0O6PZ6L,2025-04-06,TRASH,2025-05-06,67.67,CURED,2025-05-11
VL-2YBUD84BSO74,CA-AZ-00000254,U-TKCE5EO405AI,2024-03-18,ARCHITECTURAL,2024-04-17,67.1,CURED,2024-05-08
VL-HXAKU4Z60U46,CA-AZ-00000254,U-HOK2ZVOZEIHV,2024-05-15,ARCHITECTURAL,2024-06-14,160.14,CURED,2024-05-29
VL-FYWAY0MZMZQ0,CA-AZ-00000254,U-8H2Z77HTXNQH,2024-10-18,PARKING,2024-11-17,130.02,OPEN,
VL-OWQBXWURYSOJ,CA-CA-00000255,U-345AS5E1KKXV,2024-04-08,ARCHITECTURAL,2024-05-08,68.2,CURED,2024-05-18
VL-EZZK9YW07RCW,CA-CA-00000255,U-AHI0718QS8A3,2024-12-31,OTHER,2025-01-30,63.94,CURED,2025-02-08
VL-QTKH92GYZ73X,CA-CA-00000255,U-60U52W1V6RY6,2025-06-15,NOISE,2025-07-15,39.06,OPEN,
VL-RVXM3DXQBZ5K,CA-CA-00000255,U-Z98R6BQIMYB5,2024-02-07,ARCHITECTURAL,2024-03-08,145.44,DISMISSED,2024-03-08
VL-91ZHJ0LE18SJ,CA-FL-00000256,U-KHYE1L617Z2F,2024-04-22,PARKING,2024-05-22,55.52,CURED,2024-05-20
VL-40TQWKE0B3WR,CA-FL-00000256,U-H9NM1QHX2D5P,2024-12-30,NOISE,2025-01-29,86.76,DISMISSED,2025-02-18
VL-3DS58905I3EB,CA-FL-00000256,U-3NZT0BXG9ZRX,2024-07-30,NOISE,2024-08-29,173.34,DISMISSED,2024-09-18
VL-686UPLP18C41,CA-FL-00000256,U-H9NM1QHX2D5P,2025-04-15,LANDSCAPING,2025-05-15,190.92,ESCALATED,
VL-S611900R6QF9,CA-FL-00000256,U-3NZT0BXG9ZRX,2024-01-24,PARKING,2024-02-23,69.06,DISMISSED,2024-02-11
VL-AG9X69W7810O,CA-FL-00000256,U-MA51P4SCAO5L,2024-04-19,ARCHITECTURAL,2024-05-19,254.05,DISMISSED,2024-05-22
VL-RY4DQ0JCYPI7,CA-FL-00000256,U-6T1L9AY2D618,2024-01-11,LANDSCAPING,2024-02-10,217.39,CURED,2024-02-09
VL-QGNK3SKIMD3K,CA-FL-00000256,U-AAT0EJ8EHD29,2025-02-13,PARKING,2025-03-15,216.76,CURED,2025-04-13
VL-BEFRMUWVYHC6,CA-VA-00000257,U-H002YNGHZQZK,2024-02-27,NOISE,2024-03-28,123.15,DISMISSED,2024-04-02
VL-MO10Q6ZS82LK,CA-VA-00000257,U-GJHNW7M80XLH,2024-03-19,OTHER,2024-04-18,120.78,CURED,2024-04-17
VL-5K3CH04T5TA9,CA-VA-00000257,U-R16IPP592X57,2024-08-28,ARCHITECTURAL,2024-09-27,151.83,CURED,2024-09-19
VL-EPD1NSB2T40D,CA-VA-00000257,U-PYLUPQL3DH5D,2024-09-14,OTHER,2024-10-14,84.65,ESCALATED,
VL-OM0HX9264OA4,CA-VA-00000257,U-JX9YSRK4VWR7,2025-01-10,NOISE,2025-02-09,162.14,HEARING_SCHEDULED,
VL-7I6YQWB3UY8R,CA-VA-00000257,U-AI9B8M875EQO,2025-03-07,LANDSCAPING,2025-04-06,20.94,DISMISSED,2025-04-23
VL-HM8DQT5D7CVF,CA-VA-00000257,U-1HJ2AHT1A52C,2024-01-13,LANDSCAPING,2024-02-12,444.84,CURED,2024-03-11
VL-ED2MRLDTY23P,CA-VA-00000257,U-H002YNGHZQZK,2024-03-18,ARCHITECTURAL,2024-04-17,53.07,CURED,2024-04-19
VL-Q4WPZZF2O38K,CA-VA-00000257,U-TGONYDBDX6X0,2025-06-10,PARKING,2025-07-10,266.7,CURED,2025-07-12
VL-ZZR6ZHL45RL0,CA-NY-00000258,U-GAUST0GJK2XW,2025-05-15,PARKING,2025-06-14,94.48,DISMISSED,2025-07-12
VL-0CZ8M1SCD2OF,CA-NY-00000258,U-RKVDTIGFYJKB,2024-11-14,LANDSCAPING,2024-12-14,49.34,DISMISSED,2024-11-28
VL-7PR9QKQ3YLYX,CA-NY-00000258,U-9FMQ1R927KN2,2025-04-16,ARCHITECTURAL,2025-05-16,97.12,FINED,
VL-2ASAQROG1ION,CA-NY-00000258,U-6OCCH9KBG771,2024-03-07,LANDSCAPING,2024-04-06,84.79,ESCALATED,
VL-Z071L9Y8PKAX,CA-TX-00000259,U-1HPJR4IM3M2Z,2024-10-06,ARCHITECTURAL,2024-11-05,94.66,CURED,2024-10-28
VL-I5IRBFR7UJTN,CA-TX-00000259,U-T25K09NHNK4D,2024-01-10,OTHER,2024-02-09,73.4,CURED,2024-02-17
VL-2OT77CM7T1DV,CA-TX-00000259,U-E2235OHLCF8M,2024-02-08,LANDSCAPING,2024-03-09,186.36,DISMISSED,2024-03-01
VL-F703QVG4Z3I8,CA-TX-00000259,U-H65AZHI95RK3,2024-12-03,LANDSCAPING,2025-01-02,121.54,CURED,2025-01-22
VL-CRUYYVPM0V3V,CA-TX-00000259,U-JX7V9TVNE70T,2024-07-05,PARKING,2024-08-04,345.74,CURED,2024-07-21
VL-YFHHIJWBPPIJ,CA-TX-00000259,U-FCYJ8HQYVXOS,2024-04-30,PET,2024-05-30,65.91,CURED,2024-05-11
VL-5PCD6VBGMI1C,CA-TX-00000259,U-J1FJP8E3SW91,2025-06-05,ARCHITECTURAL,2025-07-05,62.02,CURED,2025-06-19
VL-9DR8GRKOJA9C,CA-TX-00000259,U-Q7IP3F84C2SL,2024-03-03,NOISE,2024-04-02,106.22,OPEN,
VL-I4DSNNY0Z5Z9,CA-TX-00000259,U-SQCKMO24EDM0,2024-08-22,PARKING,2024-09-21,130.57,OPEN,
VL-JGBK8FEXRPY8,CA-OH-00000260,U-HPGIE7WVCO8K,2024-12-26,ARCHITECTURAL,2025-01-25,60.04,DISMISSED,2025-01-18
VL-GKPB086AUB9F,CA-OH-00000260,U-T8NOMTTU2B1S,2024-01-12,LANDSCAPING,2024-02-11,47.08,DISMISSED,2024-02-11
VL-FLUEZDZH25Q4,CA-OH-00000260,U-0EQTTMJ2YPE2,2025-03-12,TRASH,2025-04-11,77.04,CURED,2025-03-22
VL-FS5G1VBNNQKJ,CA-OH-00000260,U-C96WW575BBF3,2024-12-06,TRASH,2025-01-05,122.65,CURED,2024-12-30
VL-ZIZCQJRP7XG5,CA-OH-00000260,U-O1XVTCM9J9ZT,2024-06-16,NOISE,2024-07-16,159.03,DISMISSED,2024-08-13
VL-XCJKWKPIAWNN,CA-OH-00000260,U-B9FHYNAK7LSN,2025-03-02,PARKING,2025-04-01,129.52,DISMISSED,2025-03-13
VL-0LWTLK824QLK,CA-OH-00000260,U-T8NOMTTU2B1S,2024-05-16,ARCHITECTURAL,2024-06-15,34.52,CURED,2024-06-20
VL-HTHVZTTVM0X1,CA-OH-00000260,U-TYGSV9SBBCCN,2024-12-08,ARCHITECTURAL,2025-01-07,172.42,CURED,2025-01-15
VL-B2RYSPI8EVKV,CA-OH-00000260,U-4OM26NJZIQT5,2024-02-18,ARCHITECTURAL,2024-03-19,126.93,DISMISSED,2024-04-15
VL-6RMDB384SYMY,CA-IL-00000261,U-HMFEBAJFTS2G,2024-12-30,PARKING,2025-01-29,40.12,HEARING_SCHEDULED,
VL-AP4EF11NXHFZ,CA-IL-00000261,U-E08T8W74TKR4,2024-09-07,PARKING,2024-10-07,38.58,FINED,
VL-9ULBDGKFHIBC,CA-IL-00000261,U-TT2PT7D9YD41,2024-07-11,NOISE,2024-08-10,48.48,DISMISSED,2024-08-15
VL-JFU38ECJLDM7,CA-IL-00000261,U-99AWBV0YIPYK,2024-07-13,NOISE,2024-08-12,126.59,DISMISSED,2024-08-28
VL-RGOM18OT8Y42,CA-IL-00000261,U-HBVOPT4CV0RY,2024-02-20,PARKING,2024-03-21,40.48,CURED,2024-03-06
VL-J0ZHF8YJA7AC,CA-IL-00000261,U-TT2PT7D9YD41,2024-07-17,PARKING,2024-08-16,98.69,HEARING_SCHEDULED,
VL-TNNG3QMBC46P,CA-VA-00000262,U-MQV7AI6UZ6BZ,2024-05-03,PARKING,2024-06-02,141.76,OPEN,
VL-Y5K3GWTKPUCA,CA-VA-00000262,U-7N8BFI7VUQ31,2024-02-20,ARCHITECTURAL,2024-03-21,92.67,CURED,2024-04-12
VL-LFAQ8ONYKVJ6,CA-VA-00000262,U-8SOZW5S2LOX6,2024-12-28,PARKING,2025-01-27,56.89,ESCALATED,
VL-R0BUQRN18TVB,CA-VA-00000262,U-VQR64NC5E9R9,2025-03-22,TRASH,2025-04-21,118.66,DISMISSED,2025-05-02
VL-YLOAL24CVBY6,CA-VA-00000262,U-0WY4G1S1RBZE,2025-03-02,LANDSCAPING,2025-04-01,157.83,CURED,2025-04-08
VL-GC5YSRG5AL7U,CA-VA-00000262,U-9HAKSY0PCXHO,2025-05-16,ARCHITECTURAL,2025-06-15,44.96,CURED,2025-06-27
VL-C7FMPO209786,CA-NC-00000263,U-DAZAQ6DNJARP,2024-12-23,NOISE,2025-01-22,59.3,CURED,2025-01-18
VL-B2OCHZZVEV9Z,CA-CA-00000264,U-OZPAI5FXQZ60,2024-06-01,ARCHITECTURAL,2024-07-01,64.04,CURED,2024-06-17
VL-80OPWFWJV5G4,CA-CA-00000264,U-FTVI6A8L8F97,2025-05-05,NOISE,2025-06-04,66.72,DISMISSED,2025-06-14
VL-11DNYIZHCM7L,CA-CA-00000264,U-IEDGGKRTLTNU,2025-03-12,ARCHITECTURAL,2025-04-11,148.35,DISMISSED,2025-03-25
VL-EI7S3ZBTB6G8,CA-CA-00000264,U-IX3U6F0SAC52,2024-12-16,TRASH,2025-01-15,48.48,FINED,
VL-EQDU45QXVXEE,CA-CA-00000264,U-88QIRPRQNH49,2024-03-29,LANDSCAPING,2024-04-28,34.74,DISMISSED,2024-05-08
VL-T9HWBAY6D15Y,CA-CA-00000264,U-4Y7Z0180UEW5,2025-01-21,OTHER,2025-02-20,94.15,HEARING_SCHEDULED,
VL-5JG06VXQFU1B,CA-CA-00000264,U-4R8VVNTYSZK6,2025-01-11,PET,2025-02-10,74.29,CURED,2025-02-25
VL-JZFX6LHYSN32,CA-CA-00000264,U-88QIRPRQNH49,2025-03-10,PARKING,2025-04-09,127.54,FINED,
VL-88ROPB91TBBL,CA-CA-00000264,U-5DCP8898WJJE,2024-04-10,ARCHITECTURAL,2024-05-10,261.24,CURED,2024-05-20
VL-YKKTXVF23GFI,CA-CA-00000264,U-5PXII0BQI56R,2024-10-31,LANDSCAPING,2024-11-30,156.54,CURED,2024-11-11
VL-GT0G2CU7TD9V,CA-FL-00000265,U-YJLQNVI1SFVM,2024-06-16,OTHER,2024-07-16,173.01,OPEN,
VL-A5IXIFWP3606,CA-FL-00000265,U-SC8OZVD4DQ08,2024-12-24,PARKING,2025-01-23,716.84,FINED,
VL-MJEM5C6YE6AJ,CA-FL-00000265,U-D3TQ4UKBMMB7,2024-05-10,PARKING,2024-06-09,165.08,CURED,2024-06-16
VL-24R4QWOHE9A1,CA-FL-00000265,U-CPGZV47KSQVQ,2024-08-26,PARKING,2024-09-25,323.39,DISMISSED,2024-10-21
VL-9RI00BIRFQ87,CA-FL-00000265,U-CPGZV47KSQVQ,2024-11-06,ARCHITECTURAL,2024-12-06,77.04,DISMISSED,2024-12-16
VL-03FLPS5LOJO3,CA-FL-00000265,U-0V00U29IU7W4,2024-08-17,ARCHITECTURAL,2024-09-16,113.3,CURED,2024-10-04
VL-QE6M6G96ASRV,CA-FL-00000265,U-R7H3NZGET3Z1,2024-06-24,LANDSCAPING,2024-07-24,80.88,CURED,2024-08-07
VL-4VPKIIHABMWC,CA-FL-00000265,U-EG9T3ZID55OT,2025-01-23,ARCHITECTURAL,2025-02-22,48.17,DISMISSED,2025-02-06
VL-S1SJ7C2GZTRY,CA-FL-00000265,U-XDF2ZN8R9UKN,2025-03-05,PET,2025-04-04,153.85,HEARING_SCHEDULED,
VL-1B2YLGVAKBH0,CA-FL-00000265,U-KAFZAJHHWEZD,2024-10-23,PET,2024-11-22,448.12,CURED,2024-12-05
VL-6D4L1O9STQEI,CA-FL-00000265,U-020FTQ3279NT,2024-09-24,ARCHITECTURAL,2024-10-24,73.07,DISMISSED,2024-10-17
VL-XRA1UH2NP0NW,CA-FL-00000265,U-0V00U29IU7W4,2024-02-17,NOISE,2024-03-18,23.78,CURED,2024-02-28
VL-F7YU6QKBJ9WY,CA-FL-00000265,U-PBISD6HNEDNX,2024-12-10,NOISE,2025-01-09,157.49,OPEN,
VL-THPF118MZTNV,CA-FL-00000265,U-DLRKTGU86DBC,2024-08-13,PARKING,2024-09-12,88.78,ESCALATED,
VL-L7BCKR457Y5Z,CA-FL-00000265,U-XDF2ZN8R9UKN,2024-09-19,LANDSCAPING,2024-10-19,116.24,DISMISSED,2024-10-31
VL-PP7721K2OJ2U,CA-FL-00000265,U-EG9T3ZID55OT,2024-03-26,ARCHITECTURAL,2024-04-25,117.66,CURED,2024-04-09
VL-VCVUC2B1ISD5,CA-FL-00000265,U-XDF2ZN8R9UKN,2024-09-14,LANDSCAPING,2024-10-14,139.04,CURED,2024-09-28
VL-9LK45MOX1RTO,CA-WA-00000266,U-85PEJUAE0KA3,2025-01-11,NOISE,2025-02-10,28.8,CURED,2025-02-12
VL-526C6Z7HC2GD,CA-WA-00000266,U-NQ1OXMH7LVQJ,2025-04-15,NOISE,2025-05-15,170.2,CURED,2025-05-29
VL-6VDXTPFH9NAV,CA-NV-00000267,U-723WPIR1CBDP,2024-03-20,PARKING,2024-04-19,132.6,CURED,2024-05-12
VL-UZU7QLV12N7J,CA-NV-00000267,U-OSSICD9Q7OZM,2025-01-12,ARCHITECTURAL,2025-02-11,73.9,CURED,2025-02-01
VL-ZJ4XXJLSSQV2,CA-NV-00000267,U-H0MB6MO4ME7E,2024-10-22,PARKING,2024-11-21,103.32,OPEN,
VL-H9A0MB1FR8G4,CA-NV-00000267,U-72133FOPNZWU,2024-12-13,LANDSCAPING,2025-01-12,107.39,FINED,
VL-KXJZ5XNU2DH6,CA-NV-00000267,U-E2SZK0IR68QX,2024-07-04,ARCHITECTURAL,2024-08-03,51.75,CURED,2024-08-05
VL-WJCAG28I79SM,CA-NV-00000267,U-9HFL1M2EYGJL,2024-01-08,ARCHITECTURAL,2024-02-07,216.16,CURED,2024-02-13
VL-S1KLU3SFXW14,CA-NV-00000267,U-W6IYNAVCLVSU,2024-01-09,LANDSCAPING,2024-02-08,400.9,DISMISSED,2024-01-22
VL-5OLMZRWYG25J,CA-NV-00000267,U-TSC6KSIGTJAC,2024-06-09,PARKING,2024-07-09,558.21,DISMISSED,2024-07-27
VL-3NCQK5OGX3Q3,CA-NV-00000267,U-RPXSRRXZXQLM,2025-06-02,NOISE,2025-07-02,119.63,ESCALATED,
VL-896J719HUY8E,CA-NV-00000267,U-XQ9QSE2QOD2A,2024-06-19,LANDSCAPING,2024-07-19,123.66,HEARING_SCHEDULED,
VL-TOD1UTK1KQH1,CA-NV-00000267,U-WL2READWB5P2,2024-03-24,OTHER,2024-04-23,127.76,CURED,2024-05-06
VL-1BLSLKSKXZMD,CA-NV-00000267,U-B79IJ52I9K47,2024-02-16,NOISE,2024-03-17,29.54,HEARING_SCHEDULED,
VL-BU1R47AU9UPY,CA-NV-00000267,U-QOV0A9O1H4LU,2024-01-04,PET,2024-02-03,79.91,CURED,2024-02-13
VL-ZIG5ZUC9QKK3,CA-NV-00000267,U-L22I2Z1X641R,2025-01-27,TRASH,2025-02-26,77.5,CURED,2025-03-13
VL-T5G3H8BUUZZ7,CA-NV-00000267,U-OSSICD9Q7OZM,2024-12-07,ARCHITECTURAL,2025-01-06,240.16,DISMISSED,2025-02-02
VL-BLQMKWB6G66F,CA-NV-00000267,U-ZGWXS0FJXADF,2024-04-13,ARCHITECTURAL,2024-05-13,47.88,CURED,2024-04-27
VL-V841ECI8V33X,CA-CA-00000268,U-4IB6CZ6GCZBU,2024-12-16,PET,2025-01-15,27.81,FINED,
VL-H4T7VTRSM1MZ,CA-CA-00000268,U-2IE2QNA2SMSY,2025-02-20,ARCHITECTURAL,2025-03-22,32.23,CURED,2025-04-07
VL-ZNSC6U6IWEFH,CA-CA-00000268,U-JEESXAXRNFPP,2024-10-16,TRASH,2024-11-15,151.68,FINED,
VL-SDGIQKRZFHWJ,CA-CA-00000268,U-6UIJ1NH7FF05,2024-08-03,NOISE,2024-09-02,255.09,FINED,
VL-KZ2WEMBLZRJD,CA-CA-00000268,U-VB38UJNOXX3B,2025-01-05,PARKING,2025-02-04,77.79,CURED,2025-01-26
VL-NTWPS34JN5N5,CA-CA-00000268,U-PY4N531G558K,2024-05-22,ARCHITECTURAL,2024-06-21,39.46,DISMISSED,2024-06-24
VL-MDZAVSCQRZEC,CA-CA-00000268,U-WD93F2YFVLMU,2024-05-30,NOISE,2024-06-29,208.51,CURED,2024-07-25
VL-7UESLZID0TKY,CA-TX-00000269,U-1B21ALXKAP4E,2024-05-27,OTHER,2024-06-26,121.05,CURED,2024-07-15
VL-57Z5N71YU4W6,CA-TX-00000269,U-G9Z2B8I06328,2024-11-07,OTHER,2024-12-07,133.47,CURED,2024-12-20
VL-3LFRLJUCL51P,CA-TX-00000269,U-8TCB5M2GX5NZ,2025-02-11,LANDSCAPING,2025-03-13,116.54,FINED,
VL-WGB69ZIT0H3S,CA-TX-00000269,U-8TCB5M2GX5NZ,2024-02-10,PARKING,2024-03-11,56.62,CURED,2024-03-03
VL-4QDIIZNBSJ8W,CA-TX-00000269,U-UB3EKY5TJSA1,2025-02-27,LANDSCAPING,2025-03-29,52.75,CURED,2025-04-12
VL-3YNGP6LQZXH7,CA-GA-00000270,U-VEJZRPIR8DO8,2024-05-16,TRASH,2024-06-15,119.01,DISMISSED,2024-06-23
VL-9XQ2202OHAPC,CA-GA-00000270,U-CA1A8E0BO7FV,2024-01-13,PARKING,2024-02-12,91.91,CURED,2024-02-04
VL-WJY2Z1QG85KL,CA-GA-00000270,U-LA67PC7U9K2E,2025-04-28,PARKING,2025-05-28,58.52,DISMISSED,2025-06-23
VL-XMYP51PJP9QA,CA-GA-00000270,U-MLLHRP8FYPEL,2025-04-05,NOISE,2025-05-05,62.28,CURED,2025-05-10
VL-0YMS05VF40S4,CA-GA-00000270,U-P7WFLLQ5VQ9G,2025-02-20,ARCHITECTURAL,2025-03-22,91.73,DISMISSED,2025-04-19
VL-16MT1TSU0J4W,CA-GA-00000270,U-KX1CXBXPAWQP,2025-01-20,TRASH,2025-02-19,80.89,CURED,2025-03-06
VL-KFUO6S34BXKC,CA-GA-00000270,U-MLLHRP8FYPEL,2024-12-02,LANDSCAPING,2025-01-01,166.48,CURED,2024-12-23
VL-EWE6LTMH7L1C,CA-GA-00000270,U-YK0T2XTW7XDV,2025-04-08,TRASH,2025-05-08,90.71,CURED,2025-05-09
VL-1LF1P0TCJG5F,CA-GA-00000270,U-88X1T0YI584O,2024-10-03,LANDSCAPING,2024-11-02,81.01,CURED,2024-11-23
VL-8MF9WM1D37FR,CA-GA-00000270,U-J2AHDHOD2H3G,2024-09-19,LANDSCAPING,2024-10-19,43.48,HEARING_SCHEDULED,
VL-91DXFQDXWL6F,CA-GA-00000270,U-R0B8M2IHC2KX,2024-07-28,PARKING,2024-08-27,97.6,DISMISSED,2024-09-11
VL-5XD4F9T9NQVP,CA-GA-00000270,U-E92S7LK5I4GB,2024-06-01,OTHER,2024-07-01,53.01,DISMISSED,2024-06-24
VL-V4F6Q438W8BP,CA-CO-00000271,U-BH7M4IUB9QWC,2024-03-30,ARCHITECTURAL,2024-04-29,130.49,OPEN,
VL-GCIYZIXU9J1R,CA-CO-00000271,U-DXM10YSNWYM5,2024-05-15,TRASH,2024-06-14,150.11,ESCALATED,
VL-Z9F36GOS3KE8,CA-CO-00000271,U-VZEYB6DGZBKN,2024-08-22,LANDSCAPING,2024-09-21,18.06,FINED,
VL-5C9A1Q09T21T,CA-CO-00000271,U-BQNTL0FW1F8K,2024-08-11,NOISE,2024-09-10,88.53,DISMISSED,2024-09-03
VL-6OKQWP9U2I23,CA-CO-00000271,U-OTPRM5Z8L4DG,2024-08-11,OTHER,2024-09-10,365.93,CURED,2024-10-07
VL-9K3IGBGBBFKY,CA-CO-00000271,U-ODOJKMWQIK3C,2025-03-21,TRASH,2025-04-20,231.03,CURED,2025-05-15
VL-IW6L5CJM8SPQ,CA-CO-00000271,U-WUAYIL7N4WPF,2024-12-12,PARKING,2025-01-11,175.51,FINED,
VL-7OPXOKMBU7CQ,CA-CO-00000271,U-OLE53XOAXEMB,2024-01-30,PET,2024-02-29,78.26,ESCALATED,
VL-CF134LL44PS1,CA-CO-00000271,U-78EMPFHK0VEP,2024-05-16,OTHER,2024-06-15,105.34,CURED,2024-06-18
VL-Q6682NQOHTRK,CA-FL-00000272,U-DS6ATWYRFGBA,2025-01-16,PARKING,2025-02-15,124.66,ESCALATED,
VL-ME8583FQ9R4Y,CA-FL-00000272,U-VJ2JZL4LE2U0,2024-08-06,PARKING,2024-09-05,36.39,DISMISSED,2024-09-30
VL-MPV45ILYJF36,CA-FL-00000272,U-0O2DH6JT38KE,2025-03-27,TRASH,2025-04-26,71.84,CURED,2025-05-16
VL-AHVIA3U68SUD,CA-FL-00000272,U-NJ7M42NX2YH3,2024-11-14,PARKING,2024-12-14,148.46,CURED,2024-12-24
VL-LHII1CMHSQ64,CA-FL-00000272,U-WDPWSEF6Y4N7,2024-09-27,PARKING,2024-10-27,46.71,CURED,2024-10-14
VL-N5DPDMFEBLIS,CA-FL-00000272,U-O54TI37X47YI,2024-07-19,TRASH,2024-08-18,302.74,CURED,2024-09-02
VL-JPWYJ2E4WEZK,CA-FL-00000272,U-CMPG3WMQ8B9U,2024-07-26,OTHER,2024-08-25,44.79,DISMISSED,2024-09-06
VL-VW32FET9OW30,CA-AZ-00000273,U-BSKKJ4L496F3,2024-12-08,PET,2025-01-07,197.13,CURED,2025-01-27
VL-TYKHZ91HCIMG,CA-AZ-00000273,U-D2A1TCSLCV4S,2025-02-20,PET,2025-03-22,45.05,HEARING_SCHEDULED,
VL-7ABOIRBAHICA,CA-AZ-00000273,U-A2QI54HTW9VB,2024-06-24,LANDSCAPING,2024-07-24,43.65,DISMISSED,2024-07-07
VL-RRB7SZ7WJ9DZ,CA-AZ-00000273,U-UJ46YJNG5E4L,2024-10-01,PARKING,2024-10-31,100.56,OPEN,
VL-7PR5R6O567MJ,CA-AZ-00000273,U-8FE3YD9Y274B,2024-12-06,TRASH,2025-01-05,79.65,CURED,2025-02-01
VL-J6SQ5YNPWJ77,CA-AZ-00000273,U-D2A1TCSLCV4S,2024-10-14,PARKING,2024-11-13,152.64,DISMISSED,2024-12-10
VL-QN4JMXSUJD1W,CA-AZ-00000273,U-NLSUYEP91XQ6,2024-06-13,NOISE,2024-07-13,32.59,CURED,2024-08-01
VL-BH75AX6YQ38U,CA-AZ-00000273,U-0QTHREGXAKFM,2024-11-26,TRASH,2024-12-26,254.6,CURED,2025-01-11
VL-9VAZ9LDA7S83,CA-AZ-00000273,U-5WVOQSD9PAXN,2024-07-22,PARKING,2024-08-21,31.29,CURED,2024-09-10
VL-75XDT13GJCAR,CA-AZ-00000273,U-DOWEH8PWCUS3,2024-10-26,LANDSCAPING,2024-11-25,118.61,DISMISSED,2024-11-24
VL-VHA5RTZ3V5DR,CA-AZ-00000273,U-2J5O7KZJEXGX,2024-08-20,ARCHITECTURAL,2024-09-19,95.22,DISMISSED,2024-10-08
VL-4S9G5WTAXHCM,CA-AZ-00000273,U-2BPB9ROXO9OY,2024-03-26,PARKING,2024-04-25,124.83,DISMISSED,2024-05-09
VL-HUV1C6XYTO30,CA-AZ-00000273,U-0QTHREGXAKFM,2024-10-25,NOISE,2024-11-24,109.71,FINED,
VL-2PVIUKNP8IJU,CA-AZ-00000273,U-2BPB9ROXO9OY,2024-09-28,NOISE,2024-10-28,260.81,FINED,
VL-IW65M29XC9SI,CA-AZ-00000273,U-0F6ZBJ5GLQU0,2024-11-24,OTHER,2024-12-24,83.01,CURED,2025-01-05
VL-KUTKJNNXXPKH,CA-AZ-00000273,U-D2A1TCSLCV4S,2024-10-14,NOISE,2024-11-13,85.76,CURED,2024-11-21
VL-DI1PJG3GM5LH,CA-NV-00000274,U-VNMDTZH9T5G5,2025-05-07,PARKING,2025-06-06,96.16,CURED,2025-06-29
VL-ISCJZZ7DSIPZ,CA-NV-00000274,U-KNH0M2NQ541B,2024-06-08,OTHER,2024-07-08,155.78,CURED,2024-07-01
VL-GXBIG7I2WOZV,CA-NV-00000274,U-Q31N5ENGFRRI,2024-08-27,PET,2024-09-26,140.83,CURED,2024-10-08
VL-6A894MWZB7OV,CA-NV-00000274,U-AB412385QV6J,2025-05-08,PARKING,2025-06-07,130.11,DISMISSED,2025-06-18
VL-Q6S4LOZ08QO7,CA-NV-00000274,U-AB412385QV6J,2024-08-05,PET,2024-09-04,37.47,CURED,2024-08-25
VL-7GZSQYW6WCL2,CA-NV-00000274,U-1JXLK4V6F11H,2025-06-22,PARKING,2025-07-22,173.5,DISMISSED,2025-07-20
VL-IBFOZIFD6P4M,CA-NV-00000274,U-AB412385QV6J,2025-05-03,LANDSCAPING,2025-06-02,67.49,OPEN,
VL-F011TW7O63D5,CA-NV-00000274,U-ZELI4QB9BXEG,2025-06-01,PARKING,2025-07-01,153.96,CURED,2025-07-20
VL-NYP0USBLJXXE,CA-NV-00000274,U-EYCMAZ7YH1EF,2024-01-28,OTHER,2024-02-27,80.79,DISMISSED,2024-03-20
VL-82IZHNBHP93K,CA-NV-00000274,U-MHOR2S39S25R,2024-09-06,PARKING,2024-10-06,92.56,CURED,2024-10-15
VL-63NMK21P22UY,CA-NV-00000274,U-ZELI4QB9BXEG,2024-05-28,PET,2024-06-27,180.2,OPEN,
VL-K7URTEFB1L6M,CA-NV-00000274,U-COSSOPCUK6I6,2024-10-22,LANDSCAPING,2024-11-21,117.12,CURED,2024-11-20
VL-7TSCWJP9AXQ8,CA-NV-00000274,U-LCE3Z23V3ROM,2024-09-17,PET,2024-10-17,82.71,CURED,2024-10-08
VL-KBCG6L9NP8UV,CA-NV-00000274,U-Z3D9XYUB2AXM,2024-04-09,ARCHITECTURAL,2024-05-09,40.18,CURED,2024-05-09
VL-P54IYSI2AKWO,CA-NV-00000274,U-YBDYZO00W1TJ,2025-05-03,ARCHITECTURAL,2025-06-02,116.3,CURED,2025-06-12
VL-09C2VDHA4YSY,CA-NV-00000274,U-25MCU16GWU21,2025-05-29,OTHER,2025-06-28,1321.93,DISMISSED,2025-06-12
VL-BRM5HSD9NKZ7,CA-NV-00000274,U-3VRV2RH1W9U3,2024-12-24,ARCHITECTURAL,2025-01-23,122.86,DISMISSED,2025-02-10
VL-T5KL74NFMD13,CA-NV-00000274,U-Q31N5ENGFRRI,2024-09-23,NOISE,2024-10-23,149.07,DISMISSED,2024-11-18
VL-XMTJFS04BGWV,CA-NV-00000274,U-25MCU16GWU21,2024-04-15,PET,2024-05-15,57.47,CURED,2024-05-15
VL-WPSPGZJ75LG6,CA-NV-00000274,U-RF8SAW5O52CQ,2024-09-15,ARCHITECTURAL,2024-10-15,145.47,HEARING_SCHEDULED,
VL-OMMSMXZF0VUD,CA-NV-00000274,U-3ZXOPLXRZVZ1,2024-12-29,LANDSCAPING,2025-01-28,89.44,CURED,2025-02-13
VL-5ZE6JP9A2BOV,CA-GA-00000275,U-9JCHJ7N2VZB0,2024-06-30,NOISE,2024-07-30,54.2,HEARING_SCHEDULED,
VL-QXQROLGOUPNX,CA-GA-00000275,U-4U9HHQC6WMO6,2025-04-18,OTHER,2025-05-18,32.34,DISMISSED,2025-05-02
VL-P7MBIGIEIZQL,CA-GA-00000275,U-FXQXLJ7UYWV9,2024-12-04,LANDSCAPING,2025-01-03,78.46,DISMISSED,2024-12-14
VL-5ZDHMYAYIUFB,CA-AZ-00000276,U-PGJ5S5OCX3PJ,2024-10-06,PARKING,2024-11-05,152.85,FINED,
VL-YQN3KZ3NUK2L,CA-AZ-00000276,U-6F6LZS78251R,2025-03-27,TRASH,2025-04-26,13.51,ESCALATED,
VL-8BCGUGNAG000,CA-AZ-00000276,U-O49FPUXHAOYY,2024-08-27,ARCHITECTURAL,2024-09-26,63.36,CURED,2024-09-19
VL-2C3ZV0G0F9WM,CA-AZ-00000276,U-QYI82GWS5I54,2024-12-12,LANDSCAPING,2025-01-11,186.69,CURED,2024-12-30
VL-K24KPSF2LVRV,CA-AZ-00000276,U-O49FPUXHAOYY,2024-09-11,PARKING,2024-10-11,75.89,CURED,2024-10-16
VL-HA46N9V0FEXB,CA-AZ-00000276,U-RNBWI8BQHDIE,2025-04-18,PET,2025-05-18,19.32,CURED,2025-06-11
VL-N2P99OKB7PND,CA-AZ-00000276,U-EBJGONVA7F80,2024-01-25,LANDSCAPING,2024-02-24,209.27,DISMISSED,2024-03-21
VL-NWE8D4U6SSEW,CA-AZ-00000276,U-4E6U846BNN7F,2024-04-27,PET,2024-05-27,71.54,ESCALATED,
VL-O8RMQT7YAAYJ,CA-AZ-00000276,U-A277NSK878WQ,2024-08-08,NOISE,2024-09-07,598.01,ESCALATED,
VL-FG09Y9MCMNIZ,CA-CA-00000277,U-U1PSTWHGHVO3,2024-04-29,LANDSCAPING,2024-05-29,117.29,DISMISSED,2024-06-04
VL-XORW51KIC4G5,CA-CA-00000277,U-KICWB21H3HZO,2024-11-12,ARCHITECTURAL,2024-12-12,709.44,ESCALATED,
VL-DDAEX7T05X28,CA-CA-00000277,U-TPTWYAS6KDL5,2024-04-01,PARKING,2024-05-01,99.86,CURED,2024-04-14
VL-2AKIQSOR1RFO,CA-CA-00000277,U-VY9I01DFUWWN,2024-07-28,NOISE,2024-08-27,437.33,CURED,2024-09-24
VL-N94QOP6FTIJZ,CA-CA-00000277,U-I3ANBU0WZNE4,2025-02-14,PARKING,2025-03-16,112.1,CURED,2025-03-02
VL-V9P341S5XOQK,CA-CA-00000277,U-R4X02IBIELVE,2024-12-11,NOISE,2025-01-10,50.53,CURED,2025-01-22
VL-GGCZPTRE16TU,CA-CA-00000277,U-OL0ESRRI8U9R,2024-12-26,LANDSCAPING,2025-01-25,148.06,CURED,2025-01-25
VL-OS18G8FUHN4Z,CA-CA-00000277,U-83URVYSEX5XE,2024-03-29,PARKING,2024-04-28,141.33,HEARING_SCHEDULED,
VL-OKM2LIBCJ0ZM,CA-VA-00000278,U-C1DBNPSGJMO1,2025-01-31,PET,2025-03-02,209.95,HEARING_SCHEDULED,
VL-OXPM7KY1VV5C,CA-VA-00000278,U-9U8QRQAXLBDR,2024-04-24,LANDSCAPING,2024-05-24,174.13,CURED,2024-05-05
VL-ZWQ5QE6Q0PKD,CA-VA-00000278,U-4ELNIBOY1S03,2024-11-13,LANDSCAPING,2024-12-13,59.5,CURED,2024-12-02
VL-4WIONIB5IXAO,CA-VA-00000278,U-C1DBNPSGJMO1,2025-06-12,NOISE,2025-07-12,165.81,CURED,2025-07-09
VL-ADGIKTN59QOR,CA-NC-00000279,U-H9RO485RN80R,2024-09-18,TRASH,2024-10-18,73.58,CURED,2024-11-13
VL-QUU45364KD0G,CA-NC-00000279,U-Z67B0E1IFW0J,2025-06-13,LANDSCAPING,2025-07-13,52.53,DISMISSED,2025-07-24
VL-H3TM231Z09NC,CA-NC-00000279,U-VSZ32H3PK7N3,2024-03-27,TRASH,2024-04-26,384.18,FINED,
VL-Y5VPJ34MB70Y,CA-NC-00000279,U-Q94KV0QPVFI0,2025-04-26,TRASH,2025-05-26,93.98,CURED,2025-06-03
VL-6R25F0PT9LEI,CA-NC-00000279,U-ULM44Y1KV649,2024-03-23,TRASH,2024-04-22,19.85,CURED,2024-04-27
VL-MADFCDSAGWXF,CA-NC-00000279,U-7T0BKFMI9UL4,2024-08-27,PARKING,2024-09-26,146.3,CURED,2024-09-12
VL-XI9UCFSYXW2E,CA-NC-00000279,U-5ZYUKKT8KAIC,2024-08-03,TRASH,2024-09-02,74.32,FINED,
VL-6DQXBSDZKRXG,CA-TX-00000280,U-HLB1YK0PY5IC,2024-09-01,LANDSCAPING,2024-10-01,101.69,CURED,2024-10-12
VL-N6SI186X2N7E,CA-TX-00000280,U-NFXQPR2T5CQM,2024-12-13,OTHER,2025-01-12,71.27,CURED,2025-01-07
VL-OOZ1ULB2XJH2,CA-TX-00000280,U-RGT0SLNHF8H8,2024-01-20,ARCHITECTURAL,2024-02-19,136.32,DISMISSED,2024-02-07
VL-B4ACH2SRUTOO,CA-TX-00000280,U-HLB1YK0PY5IC,2025-05-21,OTHER,2025-06-20,48.47,FINED,
VL-X545GYCLUQ7V,CA-TX-00000280,U-G3ZRXW0JY7JN,2024-05-19,LANDSCAPING,2024-06-18,240.03,CURED,2024-07-03
VL-0PX1ZHLJ3G46,CA-OH-00000281,U-GPYWJGTH7X82,2024-03-14,TRASH,2024-04-13,61.08,OPEN,
VL-BNL2YL7YOC3Q,CA-OH-00000281,U-SI8FNBUC6XRE,2024-11-07,LANDSCAPING,2024-12-07,76.48,FINED,
VL-U2MEC7UW73X0,CA-OH-00000281,U-BPCW0A9ELZLH,2024-06-12,ARCHITECTURAL,2024-07-12,247.71,ESCALATED,
VL-LUAL3J24DVML,CA-OH-00000281,U-HV2LPTS6R63Y,2025-05-10,PARKING,2025-06-09,62.03,CURED,2025-06-07
VL-MRQFVI5ATG67,CA-OH-00000281,U-59QGMYK310IJ,2025-01-24,ARCHITECTURAL,2025-02-23,126.56,CURED,2025-03-05
VL-JQMSQ9BRUNSD,CA-OH-00000281,U-TKMOV1P1SHU0,2024-03-04,OTHER,2024-04-03,298.22,ESCALATED,
VL-WPYNHTNMZL17,CA-OH-00000281,U-3PUWGCTCYCCJ,2024-03-28,PARKING,2024-04-27,133.79,DISMISSED,2024-05-25
VL-P2Y3HWAXKFSG,CA-CO-00000282,U-5PYMTY669Q7D,2025-04-25,PARKING,2025-05-25,163.52,HEARING_SCHEDULED,
VL-BVV6Y1XHS8Z6,CA-CO-00000282,U-922SLQ37O0FY,2024-07-31,ARCHITECTURAL,2024-08-30,105.39,CURED,2024-09-06
VL-KS4OCRRG5RS0,CA-CO-00000282,U-WG7XC3JKYEL3,2025-05-22,OTHER,2025-06-21,80.4,OPEN,
VL-5RCDPHL5DSA8,CA-CO-00000282,U-0N4C1OHSG73Z,2024-12-13,PARKING,2025-01-12,74.35,CURED,2025-02-06
VL-7JJ1I2DPAEAG,CA-CO-00000282,U-XNYER3Q4B82O,2024-05-01,PARKING,2024-05-31,248.52,CURED,2024-05-23
VL-G26ZXUE7S4N1,CA-CO-00000282,U-VTYRODYPV7UM,2024-06-03,PET,2024-07-03,126.89,CURED,2024-07-31
VL-JXK4EO1QV04W,CA-CO-00000282,U-XKU5970JYX58,2025-04-02,PARKING,2025-05-02,113.98,CURED,2025-04-18
VL-DEEPC6D7X1QE,CA-CO-00000282,U-3CY659I41M3H,2025-02-27,PARKING,2025-03-29,87.32,DISMISSED,2025-03-18
VL-N3SQ9IFJPEW6,CA-CO-00000282,U-Y98JE29RQBBD,2024-12-05,PARKING,2025-01-04,49.74,CURED,2025-01-10
VL-BNGZLW0Z6EZ1,CA-CO-00000282,U-922SLQ37O0FY,2024-02-12,PARKING,2024-03-13,73.46,CURED,2024-03-13
VL-JGJK71ZQ5HZV,CA-CO-00000282,U-AB5NALXOV96B,2024-01-18,PARKING,2024-02-17,59.05,CURED,2024-02-06
VL-0O7R1MXANZBB,CA-CO-00000282,U-VTYRODYPV7UM,2025-04-11,TRASH,2025-05-11,69.62,CURED,2025-05-24
VL-Q7DKA6OWL22L,CA-CO-00000282,U-6MQUBZ4PZUCY,2024-05-06,ARCHITECTURAL,2024-06-05,118.84,DISMISSED,2024-06-04
VL-YMH6K6HROLQ6,CA-CO-00000282,U-SBRIP0UU0PTO,2024-05-12,PARKING,2024-06-11,115.93,DISMISSED,2024-06-05
VL-OZZRA7RIG5YX,CA-CO-00000282,U-21U27WBC9F1B,2024-05-13,PARKING,2024-06-12,56.49,CURED,2024-05-27
VL-OOW3ZM8ZOS2N,CA-CO-00000282,U-SJSP8HCPPF62,2025-01-18,ARCHITECTURAL,2025-02-17,115.15,HEARING_SCHEDULED,
VL-V7IXBXU7O5X4,CA-CO-00000282,U-922SLQ37O0FY,2025-01-15,ARCHITECTURAL,2025-02-14,58.1,ESCALATED,
VL-5Q111ZSI1XLW,CA-CO-00000282,U-359HR9L19GMY,2025-01-29,NOISE,2025-02-28,118.89,DISMISSED,2025-03-15
VL-E6GP1GN24O1I,CA-CO-00000282,U-A8U0LF91IBYS,2025-02-05,PET,2025-03-07,55.01,ESCALATED,
VL-2WUHYIMPT480,CA-CO-00000282,U-9SHEIYO07CKW,2025-02-04,PARKING,2025-03-06,348.53,CURED,2025-03-26
VL-S2MKJ2MYSPC5,CA-CO-00000282,U-DK53738WRI2Z,2025-03-25,ARCHITECTURAL,2025-04-24,45.44,CURED,2025-04-08
VL-PYBAF0TPFGKK,CA-CO-00000282,U-7PVBG4SIJCMQ,2025-03-01,PARKING,2025-03-31,72.8,CURED,2025-04-02
VL-B7SKB7T1QB10,CA-CO-00000282,U-C689CK5XU94Y,2025-02-26,LANDSCAPING,2025-03-28,30.75,DISMISSED,2025-04-13
VL-QWY8IFVBIC16,CA-CO-00000282,U-CNCCD60Q8W32,2024-09-13,ARCHITECTURAL,2024-10-13,140.97,CURED,2024-10-14
VL-RJWBYH5DS5PN,CA-CO-00000282,U-7PVBG4SIJCMQ,2024-05-03,LANDSCAPING,2024-06-02,274.36,CURED,2024-06-21
VL-WLSC848PGXYS,CA-CO-00000282,U-YHS63P6IZWAB,2024-11-07,NOISE,2024-12-07,91.02,CURED,2024-11-26
VL-8R2XSXWK6VPH,CA-CO-00000282,U-SF65LB5RRY6W,2024-01-12,NOISE,2024-02-11,48.62,CURED,2024-02-21
VL-RA6BSQCVJB4L,CA-CO-00000282,U-WAD2JK37VDPO,2024-04-24,ARCHITECTURAL,2024-05-24,137.02,DISMISSED,2024-05-11
VL-XH9HB7OZPM44,CA-CO-00000282,U-AB5NALXOV96B,2024-09-29,ARCHITECTURAL,2024-10-29,88.75,CURED,2024-10-30
VL-HGNTVJ633KU4,CA-CO-00000283,U-0EIUO2G16CAT,2024-08-01,ARCHITECTURAL,2024-08-31,149.63,DISMISSED,2024-08-28
VL-AEJUB17Y9QCM,CA-CO-00000283,U-OCTB9RG3BFYC,2024-12-29,PET,2025-01-28,257.59,CURED,2025-01-09
VL-OY3TK5LJE6H7,CA-CO-00000283,U-9V6B3QAKENWU,2024-10-21,TRASH,2024-11-20,120.05,OPEN,
VL-QDGV64PT6FFU,CA-CO-00000283,U-SDEX9U0PWPMF,2024-02-09,LANDSCAPING,2024-03-10,133.49,CURED,2024-02-19
VL-WKF9PJXUEQ2Y,CA-CO-00000283,U-0C41PMAHKNMC,2024-11-24,PET,2024-12-24,140.39,OPEN,
VL-S4OHDCX94SL3,CA-CO-00000283,U-16URSMTX3JOJ,2024-08-10,LANDSCAPING,2024-09-09,182.12,CURED,2024-08-28
VL-9C21N08RE6U0,CA-CO-00000283,U-16URSMTX3JOJ,2025-06-15,PARKING,2025-07-15,259.17,FINED,
VL-VRVJL0HYLDNX,CA-CO-00000283,U-9V6B3QAKENWU,2025-06-12,PARKING,2025-07-12,124.71,CURED,2025-07-13
VL-K3QV5H1SEEAG,CA-CO-00000283,U-YH3OGDB7W61N,2025-02-04,PARKING,2025-03-06,78.0,DISMISSED,2025-03-08
VL-14RVRNO98NW9,CA-CO-00000283,U-W4UVMLEVX9QC,2025-02-15,LANDSCAPING,2025-03-17,78.36,CURED,2025-03-24
VL-V6XEMQOAYWJY,CA-CO-00000283,U-EUXPMZ3CFX90,2024-06-30,PET,2024-07-30,197.26,CURED,2024-07-26
VL-PE0RZ38XANBJ,CA-CO-00000283,U-RWVTQY78TMVP,2025-02-18,NOISE,2025-03-20,156.25,CURED,2025-03-04
VL-16QXDCO1IYN3,CA-CO-00000283,U-K1EVH8SCI9H1,2024-04-19,LANDSCAPING,2024-05-19,80.49,DISMISSED,2024-05-14
VL-XVEMUZKL5TOO,CA-CO-00000283,U-MX35SDMQUFL9,2025-01-08,NOISE,2025-02-07,70.51,OPEN,
VL-FPT608KGBGDV,CA-CO-00000283,U-YFO5JTB2EBIB,2024-01-13,PARKING,2024-02-12,253.58,ESCALATED,
VL-59EQFXJBRSTE,CA-CO-00000283,U-PEWMEQYO15ZE,2024-07-16,LANDSCAPING,2024-08-15,107.48,CURED,2024-08-17
VL-DGVP2VUZWPOV,CA-CO-00000283,U-38FRX98GGY6S,2024-01-28,PET,2024-02-27,403.22,CURED,2024-03-21
VL-AOYWSYKNKA4N,CA-CO-00000283,U-KBO8S9LNTIEL,2024-08-28,PET,2024-09-27,84.9,CURED,2024-09-10
VL-EYTQ20A92MXF,CA-CO-00000283,U-2XN9FDGBC1V3,2024-01-01,LANDSCAPING,2024-01-31,92.81,CURED,2024-02-29
VL-M1FK30790ASF,CA-CO-00000283,U-DA6HW69VF7UU,2024-07-09,ARCHITECTURAL,2024-08-08,26.64,CURED,2024-08-29
VL-BVIV1H82Q0HX,CA-CO-00000283,U-QEBMMJSPKQWH,2024-01-13,TRASH,2024-02-12,136.74,CURED,2024-01-23
VL-07VKB74HYYQ1,CA-CO-00000283,U-38FRX98GGY6S,2024-06-26,PARKING,2024-07-26,31.16,ESCALATED,
VL-5VLB3W1ZLK3S,CA-CO-00000283,U-DA6HW69VF7UU,2024-06-23,NOISE,2024-07-23,29.44,CURED,2024-07-05
VL-M5W5MAFWN3IG,CA-CO-00000283,U-LN8K5PX4G0TE,2024-01-01,PARKING,2024-01-31,1006.55,ESCALATED,
VL-0PCFNPRFNH9W,CA-CO-00000283,U-DZBFAYXF9W2E,2024-07-02,NOISE,2024-08-01,99.63,CURED,2024-07-18
VL-8MZTQVAHK5PK,CA-CO-00000283,U-9EI8BGI0UPJJ,2024-05-29,TRASH,2024-06-28,276.26,OPEN,
VL-TW67VZSMBQPK,CA-CO-00000283,U-Y52YWMPNK4HM,2025-01-02,TRASH,2025-02-01,90.78,FINED,
VL-DHZPKRP4RPEI,CA-CO-00000283,U-0EIUO2G16CAT,2024-02-05,PET,2024-03-06,67.89,CURED,2024-02-26
VL-J9VD578ZTL4U,CA-CO-00000283,U-YH3OGDB7W61N,2024-08-14,NOISE,2024-09-13,100.22,OPEN,
VL-DM8N0H22J1RJ,CA-CA-00000284,U-KSMFFIBYVAG1,2024-12-12,PET,2025-01-11,209.93,DISMISSED,2025-02-06
VL-POK7JST68CD5,CA-CA-00000284,U-YYBBQ8Z1PGJZ,2024-02-15,NOISE,2024-03-16,28.92,OPEN,
VL-TMIIS05AJWYT,CA-NY-00000285,U-MPGUF6NFZF3A,2025-06-13,PET,2025-07-13,80.0,CURED,2025-07-15
VL-6GN59GH69770,CA-NY-00000285,U-3R40ADFPAN0O,2024-02-12,ARCHITECTURAL,2024-03-13,132.19,CURED,2024-04-05
VL-57YE48NBU45E,CA-NY-00000285,U-80VG6JKDYD3G,2024-10-18,PET,2024-11-17,95.75,DISMISSED,2024-12-16
VL-07333BSDMU9T,CA-NY-00000285,U-M640VUI432QO,2024-07-29,ARCHITECTURAL,2024-08-28,78.37,DISMISSED,2024-08-19
VL-O8A10RHBO766,CA-NY-00000285,U-M640VUI432QO,2025-01-12,NOISE,2025-02-11,34.39,CURED,2025-02-18
VL-LYR0JFD0M1GQ,CA-NY-00000285,U-D335GYBHVZ28,2024-11-03,ARCHITECTURAL,2024-12-03,46.09,CURED,2024-12-15
VL-P0OMO5Y754H5,CA-NY-00000285,U-0OLL7A9RGCYZ,2024-08-21,PET,2024-09-20,53.37,DISMISSED,2024-09-15
VL-B088W76LW2BE,CA-NY-00000285,U-EPTJYHEHU7SX,2024-02-20,TRASH,2024-03-21,53.34,DISMISSED,2024-03-27
VL-GUEV5AAJKRS7,CA-NY-00000285,U-85N0GPJKFA5C,2025-03-16,ARCHITECTURAL,2025-04-15,325.77,OPEN,
VL-M81JDBC55SLS,CA-NY-00000285,U-0OLL7A9RGCYZ,2024-01-09,ARCHITECTURAL,2024-02-08,108.86,OPEN,
VL-RD4PLOA5JB7H,CA-NY-00000285,U-85N0GPJKFA5C,2024-01-13,TRASH,2024-02-12,39.38,CURED,2024-02-19
VL-FRL7M0F7SVCP,CA-NY-00000285,U-5KK5JXWUYPXX,2024-04-11,ARCHITECTURAL,2024-05-11,334.4,HEARING_SCHEDULED,
VL-HREA6XXH701T,CA-NY-00000285,U-JOQL2X441IU7,2024-12-12,ARCHITECTURAL,2025-01-11,222.1,CURED,2025-01-10
VL-NP8U4R4NVK64,CA-NY-00000285,U-AFXKUC64EGM6,2024-02-21,PET,2024-03-22,23.94,ESCALATED,
VL-4DVEN0VOF6D8,CA-NY-00000285,U-J0N6Q79552MV,2024-09-29,NOISE,2024-10-29,102.97,DISMISSED,2024-10-25
VL-GCY2BTUIEPOH,CA-NY-00000285,U-LO9W3TYZ0Q4D,2024-12-25,LANDSCAPING,2025-01-24,84.15,CURED,2025-01-12
VL-H7JCXYQRRR73,CA-NY-00000285,U-PCS38KF28C5I,2024-04-24,PET,2024-05-24,58.9,CURED,2024-05-18
VL-BVU9H71P4E3P,CA-NY-00000285,U-0GL3700UUGSI,2024-03-11,ARCHITECTURAL,2024-04-10,70.25,FINED,
VL-N4Q922JW83UL,CA-NY-00000285,U-PIYJJWXBIVRP,2024-08-11,NOISE,2024-09-10,10.85,HEARING_SCHEDULED,
VL-VIR594Z2RZNO,CA-NY-00000285,U-J0N6Q79552MV,2025-05-11,PARKING,2025-06-10,67.91,OPEN,
VL-S3A5YL29XVNZ,CA-NY-00000285,U-XOJSDAJSJ52K,2025-02-12,PET,2025-03-14,44.45,ESCALATED,
VL-6CG3CEEUYX25,CA-NY-00000285,U-PIYJJWXBIVRP,2024-12-11,PARKING,2025-01-10,174.61,CURED,2025-01-15
VL-V30TLMHZ7SSE,CA-NY-00000285,U-PCS38KF28C5I,2024-06-15,NOISE,2024-07-15,65.72,HEARING_SCHEDULED,
VL-KSX1EYFKB7VC,CA-NY-00000285,U-U43U0AY7NLK2,2025-05-09,PET,2025-06-08,32.93,FINED,
VL-393MVXCHOBDY,CA-NY-00000285,U-RHJ8D2WJ4N7A,2024-07-27,ARCHITECTURAL,2024-08-26,152.67,DISMISSED,2024-09-12
VL-9L886NEL2FED,CA-NY-00000285,U-E16NNKLWCGC1,2024-10-05,LANDSCAPING,2024-11-04,318.26,CURED,2024-11-03
VL-M8WFLVXJUNIT,CA-NY-00000285,U-V0P1AMORGENU,2024-06-12,ARCHITECTURAL,2024-07-12,47.29,CURED,2024-06-26
VL-CJPUYYWCJE82,CA-NY-00000285,U-MPGUF6NFZF3A,2024-05-04,LANDSCAPING,2024-06-03,45.9,DISMISSED,2024-05-18
VL-HDBQ4O9DMU9Q,CA-NY-00000285,U-2TJ9SK9WQQ8K,2024-10-03,PARKING,2024-11-02,81.5,DISMISSED,2024-11-23
VL-12Z599XBMXMU,CA-TX-00000286,U-QW6EFP4E1O5V,2024-08-18,ARCHITECTURAL,2024-09-17,138.11,HEARING_SCHEDULED,
VL-WVF1FAYO5HTK,CA-IL-00000287,U-YVG1ERLWP5FL,2024-12-20,NOISE,2025-01-19,235.48,DISMISSED,2025-02-01
VL-RTJ4HVGLUYRC,CA-IL-00000287,U-IKELYF1LZ14S,2024-08-30,NOISE,2024-09-29,43.23,CURED,2024-09-19
VL-H54UIHDJE5QN,CA-IL-00000287,U-IXTJKQAVZFQS,2025-03-11,ARCHITECTURAL,2025-04-10,119.6,FINED,
VL-WO00LFKEP9QU,CA-IL-00000287,U-SV3AZVS2L77W,2024-07-19,ARCHITECTURAL,2024-08-18,21.02,CURED,2024-08-28
VL-25IA7DOB8R1X,CA-IL-00000287,U-94P229NIVUZG,2025-06-10,ARCHITECTURAL,2025-07-10,153.32,OPEN,
VL-R4RLZ6JMJTNA,CA-IL-00000287,U-ISN7NAM6YAER,2024-08-18,PARKING,2024-09-17,81.79,CURED,2024-09-30
VL-EPIS6ITXBX3R,CA-IL-00000288,U-L8YL0FAUBJBT,2024-02-11,NOISE,2024-03-12,39.72,DISMISSED,2024-02-29
VL-GXS5ZG8BN7F7,CA-IL-00000288,U-ZJSCOA34125K,2025-03-05,NOISE,2025-04-04,126.22,CURED,2025-04-08
VL-DQS3X97FZA5F,CA-IL-00000288,U-7K65LY7Z58UF,2024-06-18,PARKING,2024-07-18,68.32,CURED,2024-07-09
VL-H7FJ8JZH7RNY,CA-IL-00000288,U-TCF83EXDQ0FR,2024-06-05,LANDSCAPING,2024-07-05,43.88,DISMISSED,2024-07-01
VL-WYWZW40HF2EE,CA-IL-00000288,U-L3R0X88AIETO,2025-01-24,ARCHITECTURAL,2025-02-23,124.16,OPEN,
VL-52WB4P1YSXXJ,CA-IL-00000288,U-WCPFHCIQF2A9,2024-05-30,ARCHITECTURAL,2024-06-29,77.45,DISMISSED,2024-07-28
VL-RPNBUY8QIP3D,CA-IL-00000288,U-R44N431H9DMW,2024-08-22,PET,2024-09-21,289.81,FINED,
VL-6FSTFBZKZU59,CA-IL-00000288,U-F6P82SEU6H8Z,2024-05-26,LANDSCAPING,2024-06-25,57.05,CURED,2024-07-23
VL-GMW2M1D09VWJ,CA-IL-00000288,U-Z9V7C1CHX1FO,2024-07-09,ARCHITECTURAL,2024-08-08,163.48,CURED,2024-07-20
VL-JZMXY4OAVO19,CA-VA-00000289,U-DK7D6T4EMCZT,2024-01-18,NOISE,2024-02-17,159.62,HEARING_SCHEDULED,
VL-YWEJWGQN79TG,CA-VA-00000289,U-XIE79EC43KC7,2024-07-11,LANDSCAPING,2024-08-10,68.58,DISMISSED,2024-08-24
VL-UYSUDAESBUMV,CA-VA-00000289,U-69WR7IYI9E3N,2025-04-08,PARKING,2025-05-08,167.76,CURED,2025-05-27
VL-5XR1A3Z4KK8W,CA-VA-00000289,U-E5HUX6TXG8LH,2024-08-31,NOISE,2024-09-30,40.45,OPEN,
VL-FHYSKSW82464,CA-VA-00000289,U-TBSZW9DIY5NZ,2025-02-16,LANDSCAPING,2025-03-18,273.66,CURED,2025-03-11
VL-JX6KUPNF7YZ0,CA-VA-00000289,U-RTRP3HNGV8N7,2025-01-21,NOISE,2025-02-20,84.84,CURED,2025-02-03
VL-K246WOZ7ISD9,CA-VA-00000289,U-BKYC27IXW5Z6,2025-06-15,ARCHITECTURAL,2025-07-15,328.11,CURED,2025-07-06
VL-AQBV524F2OSP,CA-VA-00000289,U-CUFTNA5KJG06,2024-09-11,TRASH,2024-10-11,108.12,DISMISSED,2024-10-13
VL-WOCYW8IQ5PGQ,CA-VA-00000289,U-2IB2ER29BZIG,2024-03-18,PARKING,2024-04-17,90.31,CURED,2024-03-28
VL-SUYYNL12V9XH,CA-VA-00000289,U-4G5ZE07PSF8N,2025-04-15,LANDSCAPING,2025-05-15,94.42,ESCALATED,
VL-4EXG7AIQ9AOP,CA-VA-00000289,U-NQCKEMS3QREK,2024-06-30,PARKING,2024-07-30,50.82,CURED,2024-07-15
VL-NVRB2JXYO27T,CA-VA-00000289,U-NHT25B0090B3,2025-02-13,PARKING,2025-03-15,101.53,CURED,2025-03-12
VL-8PHRJMCS8M40,CA-VA-00000289,U-QRHF36OMRNLZ,2024-05-17,ARCHITECTURAL,2024-06-16,67.49,DISMISSED,2024-06-18
VL-DCZRU1P2CFHB,CA-VA-00000289,U-E5HUX6TXG8LH,2024-08-01,LANDSCAPING,2024-08-31,113.22,CURED,2024-09-25
VL-HW9C7KEMC7UE,CA-VA-00000289,U-R7GHZS6FZEZ8,2024-11-01,ARCHITECTURAL,2024-12-01,206.11,OPEN,
VL-F20O8B0WVU0Y,CA-VA-00000289,U-E5HUX6TXG8LH,2024-11-18,LANDSCAPING,2024-12-18,116.87,CURED,2024-12-05
VL-3R2A96ADKZXS,CA-VA-00000289,U-PHSZ09N8KZ9W,2025-05-12,ARCHITECTURAL,2025-06-11,205.13,CURED,2025-06-22
VL-FEY6TG8YWXJK,CA-VA-00000289,U-Y9SDZM1FNR56,2024-08-11,ARCHITECTURAL,2024-09-10,75.25,DISMISSED,2024-09-03
VL-O49HS7X3KQ2D,CA-VA-00000289,U-TAUPVW45T2GI,2024-05-16,PARKING,2024-06-15,246.06,CURED,2024-05-30
VL-1TCP0MF84PW1,CA-VA-00000289,U-Y9SDZM1FNR56,2024-10-15,OTHER,2024-11-14,65.19,CURED,2024-12-10
VL-3DNKAOWXDJQR,CA-VA-00000289,U-Y9SDZM1FNR56,2025-03-03,PARKING,2025-04-02,66.94,CURED,2025-03-20
VL-P045O1I4O4LV,CA-VA-00000289,U-NQCKEMS3QREK,2024-07-24,PARKING,2024-08-23,109.87,DISMISSED,2024-09-19
VL-XIJ6LVHG8MJ5,CA-VA-00000289,U-0QGXAC3MJJBA,2024-11-18,LANDSCAPING,2024-12-18,121.13,CURED,2025-01-16
VL-YDGIFUU5YL4X,CA-VA-00000289,U-Z35PKS2LXZQH,2024-04-27,PARKING,2024-05-27,17.88,ESCALATED,
VL-CEVZXTZWMF7P,CA-VA-00000289,U-DK7D6T4EMCZT,2024-05-25,NOISE,2024-06-24,33.27,CURED,2024-06-14
VL-H5R9ITRHVY72,CA-VA-00000289,U-TAUPVW45T2GI,2025-06-17,PET,2025-07-17,132.28,CURED,2025-08-08
VL-GSVWS04GMXWL,CA-FL-00000290,U-9BXBH1O6V8VC,2025-02-04,PET,2025-03-06,155.27,HEARING_SCHEDULED,
VL-VBXGVRJNT1FT,CA-FL-00000290,U-9B2X6BMZA8NP,2024-06-19,NOISE,2024-07-19,156.65,DISMISSED,2024-08-10
VL-IQVJ9791NM92,CA-FL-00000290,U-VHUNTSNG3JP8,2025-01-25,PARKING,2025-02-24,111.36,OPEN,
VL-YPYLZ70V7RV8,CA-FL-00000290,U-PQPPKC97OUDC,2024-02-18,OTHER,2024-03-19,142.99,DISMISSED,2024-03-03
VL-VU7V9SL0YU1N,CA-FL-00000290,U-EJSIZ1JEV83D,2024-02-29,PARKING,2024-03-30,40.84,CURED,2024-03-13
VL-0NQZQ7BTOX82,CA-FL-00000290,U-S4G4QX20JMD2,2024-11-10,TRASH,2024-12-10,163.69,CURED,2025-01-01
VL-1LZMXMB1S15A,CA-FL-00000290,U-EJSIZ1JEV83D,2024-08-24,TRASH,2024-09-23,214.19,DISMISSED,2024-09-30
VL-B7VZ5PENT76J,CA-VA-00000291,U-TDUOM4LMEGH2,2024-04-01,PARKING,2024-05-01,116.39,DISMISSED,2024-05-01
VL-XEDEMX7QSJJA,CA-VA-00000291,U-Q17M0M3GI80G,2025-06-21,ARCHITECTURAL,2025-07-21,150.32,CURED,2025-08-14
VL-TABXRF4BS4RG,CA-VA-00000291,U-FDJVR7YDSWOF,2024-06-08,TRASH,2024-07-08,127.34,DISMISSED,2024-07-26
VL-1VDPE8QDIONI,CA-VA-00000291,U-CRN8QYV74O51,2024-07-27,PET,2024-08-26,143.6,HEARING_SCHEDULED,
VL-DOIQLGCIOHAE,CA-VA-00000291,U-TDUOM4LMEGH2,2024-07-02,ARCHITECTURAL,2024-08-01,49.14,CURED,2024-07-26
VL-E0VL0G46G2MJ,CA-VA-00000291,U-DTSRWH19N5AR,2024-07-28,ARCHITECTURAL,2024-08-27,301.79,DISMISSED,2024-09-13
VL-8HEX0H0FUV8C,CA-VA-00000291,U-U3WJN72BQ5PO,2025-04-29,ARCHITECTURAL,2025-05-29,336.07,HEARING_SCHEDULED,
VL-BQYV5XM24QGY,CA-VA-00000291,U-QQY1L04HCQTP,2024-08-19,PET,2024-09-18,80.11,OPEN,
VL-YJNCO0RWKM5M,CA-VA-00000291,U-NGKGUTNZZH7Q,2024-02-07,PARKING,2024-03-08,71.05,CURED,2024-03-09
VL-VO65GBBNR24W,CA-VA-00000291,U-U88FXMYMNWJL,2025-05-13,NOISE,2025-06-12,310.11,DISMISSED,2025-07-06
VL-0UBLE9ECEIUS,CA-VA-00000291,U-NTA1X1YH1WYU,2025-03-25,ARCHITECTURAL,2025-04-24,71.89,CURED,2025-05-09
VL-U1WQSTCLRMTT,CA-VA-00000291,U-6Y0WH9WRT4HP,2025-01-03,LANDSCAPING,2025-02-02,59.86,DISMISSED,2025-02-23
VL-AOVIUX6YLIE4,CA-VA-00000291,U-ZSVWINUFFKUV,2024-11-11,LANDSCAPING,2024-12-11,112.89,CURED,2025-01-03
VL-VKAL0W0CYZJS,CA-VA-00000291,U-8ZZU5URI4Z4R,2025-03-23,PARKING,2025-04-22,49.16,CURED,2025-04-20
VL-6BXC8T53AW4Z,CA-VA-00000291,U-22K60B7PDWWV,2024-09-19,ARCHITECTURAL,2024-10-19,64.34,CURED,2024-11-02
VL-3B8CLXDGIVJR,CA-VA-00000291,U-TDUOM4LMEGH2,2024-11-05,LANDSCAPING,2024-12-05,114.48,OPEN,
VL-89XMNLQ8KT2V,CA-VA-00000291,U-L1RKMMRPKX4L,2024-05-08,ARCHITECTURAL,2024-06-07,204.0,CURED,2024-05-25
VL-WOQDXUK4HQ6D,CA-VA-00000291,U-U3WJN72BQ5PO,2024-01-16,NOISE,2024-02-15,193.38,DISMISSED,2024-02-20
VL-GNB4W8O4KA4A,CA-FL-00000292,U-4KR16W8T7ANT,2025-03-25,NOISE,2025-04-24,116.39,FINED,
VL-6531MVNQTAMO,CA-FL-00000292,U-K0GBEHLF29FE,2024-11-12,NOISE,2024-12-12,164.59,ESCALATED,
VL-L1RABVOW315J,CA-FL-00000292,U-XOZTDO6C9M51,2024-05-07,LANDSCAPING,2024-06-06,26.09,DISMISSED,2024-05-20
VL-9ANNB3N1WKE0,CA-FL-00000292,U-U5G14OIX0D39,2024-10-22,ARCHITECTURAL,2024-11-21,52.77,DISMISSED,2024-11-29
VL-EPWBU2YH883V,CA-FL-00000292,U-23YE5T0AUMEC,2025-06-20,LANDSCAPING,2025-07-20,37.2,OPEN,
VL-KAM1M2KI7YUN,CA-FL-00000292,U-CKEG7AF3HJA1,2024-02-20,LANDSCAPING,2024-03-21,223.05,HEARING_SCHEDULED,
VL-KWTGYYB6YZQS,CA-FL-00000292,U-CKEG7AF3HJA1,2024-08-05,PARKING,2024-09-04,64.12,CURED,2024-08-19
VL-WPAQC5JHJMH4,CA-FL-00000292,U-3CUZ0Y8WI5N6,2025-01-04,ARCHITECTURAL,2025-02-03,110.75,CURED,2025-02-07
VL-MWVFP730EQSI,CA-FL-00000293,U-J2QT9BZYE0A3,2024-03-22,TRASH,2024-04-21,104.43,OPEN,
VL-WBPGGRU7PBHU,CA-FL-00000293,U-ST3Y3J1ZAK46,2024-04-06,ARCHITECTURAL,2024-05-06,50.33,OPEN,
VL-D529OTNSOA8S,CA-FL-00000293,U-67A4XP9KO2TR,2025-04-29,PET,2025-05-29,94.08,CURED,2025-05-21
VL-4SM0UE3EEU9O,CA-FL-00000293,U-ALGW4UMJUTTN,2024-08-16,PARKING,2024-09-15,225.66,CURED,2024-09-28
VL-RZY4GIB00K6O,CA-FL-00000293,U-WYK63AAUEV4Z,2024-03-30,ARCHITECTURAL,2024-04-29,123.06,CURED,2024-04-15
VL-UWGLEB8VVWH5,CA-FL-00000293,U-KGQCHA0ZOZEK,2024-01-25,LANDSCAPING,2024-02-24,246.73,CURED,2024-03-23
VL-6N0NU230KBER,CA-FL-00000293,U-HPLVXFPVFXHZ,2025-04-01,PARKING,2025-05-01,92.16,CURED,2025-05-27
VL-IQYHW9P5M7NO,CA-AZ-00000294,U-1JTLQSP2THAI,2024-02-14,LANDSCAPING,2024-03-15,99.13,DISMISSED,2024-03-22
VL-TRF3N53PV13T,CA-AZ-00000294,U-1JTLQSP2THAI,2024-12-19,ARCHITECTURAL,2025-01-18,119.9,CURED,2025-01-15
VL-GYJWOWLGUYCH,CA-AZ-00000294,U-E0934C4P6SXO,2024-09-23,OTHER,2024-10-23,80.56,DISMISSED,2024-11-14
VL-A3XZZVBY0VGK,CA-AZ-00000294,U-J5FXR1GS92P5,2025-01-19,NOISE,2025-02-18,98.02,CURED,2025-03-20
VL-G33I4A5WCHNU,CA-AZ-00000294,U-VJ8YL6F7OX8M,2024-12-11,NOISE,2025-01-10,44.67,DISMISSED,2024-12-28
VL-AYBYE5XOWXVF,CA-AZ-00000294,U-5KNPDJ0D57X1,2025-01-28,LANDSCAPING,2025-02-27,37.15,CURED,2025-02-08
VL-8FGIJCZ4AG2M,CA-AZ-00000294,U-024VWKTSU5YQ,2024-10-21,PET,2024-11-20,76.9,CURED,2024-12-14
VL-2BGNG60W4KLD,CA-AZ-00000294,U-5KNPDJ0D57X1,2024-10-01,PET,2024-10-31,62.05,CURED,2024-10-15
VL-PN1N0SFYJ8IW,CA-AZ-00000294,U-GRBRJXNM3TIX,2025-04-05,ARCHITECTURAL,2025-05-05,88.25,DISMISSED,2025-05-08
VL-ZFQZFJ8NYFH6,CA-FL-00000295,U-C4WH55K0F25X,2024-09-26,OTHER,2024-10-26,222.55,DISMISSED,2024-11-25
VL-3VPFABFMQPS1,CA-FL-00000295,U-3VPOWWS4UBLL,2024-03-08,LANDSCAPING,2024-04-07,107.75,OPEN,
VL-ZVA0X0EV1CA1,CA-FL-00000295,U-TUXDVZRB4WCP,2025-02-15,OTHER,2025-03-17,60.5,OPEN,
VL-ZNCIV8SZ940K,CA-FL-00000295,U-FIX7JWTPTM6L,2025-03-28,PARKING,2025-04-27,163.79,CURED,2025-05-18
VL-UWNGTBBP7ZA7,CA-FL-00000295,U-URGCC28HFA78,2024-06-14,LANDSCAPING,2024-07-14,56.58,ESCALATED,
VL-MMGE0F29LVN8,CA-FL-00000295,U-V9UKVAZ0J8FH,2024-05-23,OTHER,2024-06-22,219.8,OPEN,
VL-OSJLTNRTPKZY,CA-FL-00000295,U-KT7RSJ9EQD5E,2025-04-28,NOISE,2025-05-28,164.67,CURED,2025-06-26
VL-WN99F1O5C19C,CA-FL-00000295,U-78J9STDKPIWM,2024-02-21,OTHER,2024-03-22,101.88,HEARING_SCHEDULED,
VL-1AAVWGPQKGJP,CA-FL-00000295,U-X5GFCMSCR8W4,2025-05-08,PARKING,2025-06-07,198.71,DISMISSED,2025-06-04
VL-J4I0TTA8Z25V,CA-FL-00000295,U-IY4I3IB57ZF7,2025-06-12,ARCHITECTURAL,2025-07-12,36.3,CURED,2025-08-01
VL-7X6SWTYJ49JF,CA-FL-00000295,U-78J9STDKPIWM,2024-10-18,ARCHITECTURAL,2024-11-17,71.17,CURED,2024-11-05
VL-W570NRUH4Y6U,CA-FL-00000295,U-S28EMJ8D5WOP,2024-06-24,PARKING,2024-07-24,71.04,CURED,2024-07-16
VL-DO2ULSONOE0G,CA-FL-00000295,U-DRYTKV6Z6FER,2024-09-04,ARCHITECTURAL,2024-10-04,57.95,DISMISSED,2024-09-17
VL-ZSOANXO1KZ15,CA-FL-00000295,U-3TXL3BITXFAF,2025-05-20,NOISE,2025-06-19,84.59,CURED,2025-07-19
VL-JKAQ030RIHIS,CA-FL-00000295,U-F6N9AG59BZ2L,2024-05-02,PARKING,2024-06-01,257.82,CURED,2024-06-06
VL-4IWEXOZ0PRZN,CA-FL-00000295,U-KODGN5TMU5OB,2024-04-15,LANDSCAPING,2024-05-15,83.16,HEARING_SCHEDULED,
VL-ECNF59NN23YB,CA-FL-00000295,U-3P2P9RFLLJCJ,2024-10-22,ARCHITECTURAL,2024-11-21,90.48,DISMISSED,2024-12-01
VL-OF2C881JQILM,CA-FL-00000295,U-S28EMJ8D5WOP,2024-05-06,PET,2024-06-05,128.26,DISMISSED,2024-05-21
VL-Y6WGCGZEU2TB,CA-FL-00000295,U-3P2P9RFLLJCJ,2025-05-21,ARCHITECTURAL,2025-06-20,24.62,CURED,2025-07-03
VL-C0PZRYBV0UED,CA-FL-00000295,U-E1OK86YK6B00,2025-06-21,PET,2025-07-21,31.34,DISMISSED,2025-07-25
VL-I0V9C3657X4I,CA-FL-00000295,U-H8LC2M8JC3B8,2024-07-06,NOISE,2024-08-05,58.04,DISMISSED,2024-09-01
VL-IPSJJ45MTY6Z,CA-FL-00000295,U-KT7RSJ9EQD5E,2025-03-05,ARCHITECTURAL,2025-04-04,84.52,CURED,2025-04-20
VL-8W8LRTXOQ786,CA-FL-00000295,U-W9SOHFUP8RU5,2024-02-28,PARKING,2024-03-29,140.36,ESCALATED,
VL-QBAPAUT6CMPY,CA-FL-00000295,U-UXZLO9BFRDN5,2024-06-22,PET,2024-07-22,59.4,CURED,2024-08-06
VL-97FQAHOSLXG6,CA-FL-00000295,U-F6N9AG59BZ2L,2025-02-28,PARKING,2025-03-30,56.76,CURED,2025-04-20
VL-TH4LGJ5E9IEG,CA-FL-00000295,U-J2M358T9KFVX,2024-08-22,NOISE,2024-09-21,95.21,OPEN,
VL-0G639TJV5MDH,CA-FL-00000295,U-3TXL3BITXFAF,2024-10-15,PARKING,2024-11-14,112.78,DISMISSED,2024-11-06
VL-MELVV3FV2TFO,CA-FL-00000296,U-Y6S0P577QRDK,2024-02-07,TRASH,2024-03-08,182.35,CURED,2024-03-29
VL-3YCUU0HDA7BK,CA-FL-00000296,U-XWV8KT4UP416,2024-06-12,ARCHITECTURAL,2024-07-12,153.78,FINED,
VL-AY45TQ8WHMF8,CA-FL-00000296,U-RA2SXTJSLEEO,2024-10-26,PARKING,2024-11-25,137.78,CURED,2024-12-16
VL-TH414AHDAFZU,CA-FL-00000296,U-MCBI704UDBXW,2024-06-28,ARCHITECTURAL,2024-07-28,222.01,DISMISSED,2024-08-12
VL-QXZLKWYCNQB0,CA-FL-00000297,U-X8SC8MYUMS2E,2025-03-14,NOISE,2025-04-13,112.37,HEARING_SCHEDULED,
VL-YC6YT1PXRRR1,CA-FL-00000297,U-BDZ917PWC1FO,2025-01-13,NOISE,2025-02-12,526.87,DISMISSED,2025-02-09
VL-Y043PM9QR2IK,CA-FL-00000297,U-Z2L1SZ9C3Q31,2024-09-21,ARCHITECTURAL,2024-10-21,38.49,HEARING_SCHEDULED,
VL-19HSWAORBX7Q,CA-FL-00000297,U-Z41LTLXVH6DN,2024-11-24,OTHER,2024-12-24,43.04,FINED,
VL-TFAHG1S44WFN,CA-FL-00000297,U-ZK3JJ2K8Y40R,2024-11-11,ARCHITECTURAL,2024-12-11,51.89,CURED,2024-11-25
VL-X8JUY24CF3C4,CA-FL-00000297,U-WI5KJCQG4NTN,2025-01-30,PARKING,2025-03-01,189.9,DISMISSED,2025-02-18
VL-EQK3GRJ5I31M,CA-FL-00000297,U-PKVUHEJUHR6C,2025-02-21,TRASH,2025-03-23,64.87,CURED,2025-03-23
VL-IL23GPFRKJO9,CA-FL-00000297,U-VUIT3FKKTSTQ,2024-12-13,NOISE,2025-01-12,71.85,CURED,2025-02-04
VL-6PM90UU4MDKR,CA-FL-00000297,U-XDQ3QFJHF465,2025-06-01,PARKING,2025-07-01,44.95,CURED,2025-06-13
VL-AC9XYP3ID7O4,CA-FL-00000297,U-KZ8V1CQMFJQ8,2024-06-29,ARCHITECTURAL,2024-07-29,49.41,CURED,2024-08-07
VL-FGURJPM2XUIQ,CA-FL-00000297,U-654V071C5O1D,2025-03-13,TRASH,2025-04-12,201.24,CURED,2025-04-22
VL-5LX9UM77BF9D,CA-FL-00000297,U-Z2L1SZ9C3Q31,2024-12-07,NOISE,2025-01-06,328.0,HEARING_SCHEDULED,
VL-I3TUUHCKCCRV,CA-FL-00000297,U-Z2L1SZ9C3Q31,2024-01-19,PARKING,2024-02-18,39.05,CURED,2024-03-09
VL-D54IZ0AFE8GV,CA-FL-00000297,U-LKZVA4M5W9KK,2024-07-17,ARCHITECTURAL,2024-08-16,75.06,CURED,2024-07-27
VL-1EX7RXXGCT4G,CA-FL-00000297,U-Z2L1SZ9C3Q31,2024-09-26,NOISE,2024-10-26,30.82,DISMISSED,2024-11-14
VL-JQTROHXUA751,CA-FL-00000297,U-BDZ917PWC1FO,2025-01-27,PET,2025-02-26,58.18,FINED,
VL-UUXVT6EPWOJ1,CA-TX-00000298,U-572F7S1CS90I,2024-09-13,NOISE,2024-10-13,84.64,FINED,
VL-O215403XUDKX,CA-TX-00000298,U-ZSXBZBBIBJVU,2024-10-20,OTHER,2024-11-19,129.78,OPEN,
VL-BKJWWUYVF4IF,CA-TX-00000298,U-PL7LGCERKGV3,2024-12-22,NOISE,2025-01-21,181.67,ESCALATED,
VL-3LS5JE6GMX2X,CA-TX-00000298,U-HJVSIJCDI6NA,2024-10-27,PARKING,2024-11-26,191.76,CURED,2024-12-18
VL-IENEHNEIC4QA,CA-TX-00000298,U-8Q8P60RW0ZYP,2025-03-17,PARKING,2025-04-16,49.26,CURED,2025-04-28
VL-QO88788XKCPD,CA-TX-00000298,U-X59XS9CDRDMN,2024-11-09,NOISE,2024-12-09,398.89,OPEN,
VL-YD97MEX9ZOZI,CA-TX-00000298,U-XJ5IS16IQN77,2024-12-18,ARCHITECTURAL,2025-01-17,183.25,CURED,2025-02-08
VL-KMR3XKLCI5IR,CA-TX-00000298,U-M5UXLKV97ICP,2024-07-02,LANDSCAPING,2024-08-01,140.25,FINED,
VL-WPFOOL1XB3FS,CA-TX-00000299,U-PB2AVE848PZV,2024-05-21,LANDSCAPING,2024-06-20,76.47,CURED,2024-07-04
VL-IKZNCNQ83OK7,CA-TX-00000299,U-W0DWWWPH3O5H,2024-02-13,NOISE,2024-03-14,199.92,CURED,2024-04-10
VL-5PZ7Y48ZY62P,CA-TX-00000299,U-ANR30C8E3OF8,2024-08-18,PET,2024-09-17,162.29,DISMISSED,2024-08-31
VL-43Y11T206K96,CA-TX-00000299,U-TCWTR8U44UJL,2024-03-14,PARKING,2024-04-13,163.96,CURED,2024-05-13
VL-WN3UWHL4U2SO,CA-TX-00000299,U-JP1RL6B13H6H,2024-10-11,NOISE,2024-11-10,127.1,CURED,2024-11-09
VL-847DNKWD3N7B,CA-TX-00000299,U-7NVKNA8ODY7G,2025-01-06,NOISE,2025-02-05,201.77,OPEN,
VL-1XLYMQRFVHE4,CA-TX-00000299,U-ANR30C8E3OF8,2024-01-18,TRASH,2024-02-17,86.03,DISMISSED,2024-03-09
VL-XEE1T0NZY7FJ,CA-TX-00000299,U-2Q0WQGGA7DIH,2024-03-19,NOISE,2024-04-18,147.14,ESCALATED,
VL-YW7JHMJYNQ8V,CA-TX-00000299,U-9K0XS0PMDN9G,2025-05-23,PET,2025-06-22,58.99,CURED,2025-07-18
VL-K7U792Y77EME,CA-IL-00000300,U-03QPXAISUI9C,2025-06-08,LANDSCAPING,2025-07-08,65.43,CURED,2025-07-13
VL-GONQL6523IPP,CA-IL-00000300,U-KQOMNCT8S1MH,2024-08-21,ARCHITECTURAL,2024-09-20,384.13,FINED,
VL-SN3WJH33JZCV,CA-IL-00000300,U-ECIUQSS5KVMK,2024-04-15,PET,2024-05-15,248.43,FINED,
VL-18UUF45O99IT,CA-IL-00000300,U-KQOMNCT8S1MH,2024-07-07,OTHER,2024-08-06,30.09,DISMISSED,2024-08-21
VL-J111CRVLDBKJ,CA-IL-00000300,U-VAKXVJE5Y6KN,2024-11-14,TRASH,2024-12-14,61.33,FINED,
VL-UENR6J3OBPHF,CA-IL-00000300,U-8JUJBEOQFFF1,2024-08-28,NOISE,2024-09-27,165.03,DISMISSED,2024-09-07
VL-GE3RWSS6C23H,CA-IL-00000300,U-ZG9737Y7MFTG,2024-01-13,PARKING,2024-02-12,101.27,CURED,2024-02-08
VL-46JGHK25CTRI,CA-IL-00000300,U-ONATKQIMEATA,2024-05-25,PET,2024-06-24,79.62,CURED,2024-06-08
VL-GA090TTCXVCS,CA-IL-00000300,U-ECIUQSS5KVMK,2024-09-05,NOISE,2024-10-05,305.98,DISMISSED,2024-10-21
VL-H7D8N60R96XN,CA-IL-00000300,U-ZXQ2W11CY0LW,2025-04-12,LANDSCAPING,2025-05-12,232.7,DISMISSED,2025-05-21
VL-PVBN7EL0JCVR,CA-IL-00000300,U-JEOEIJPTBG8K,2024-07-03,PARKING,2024-08-02,399.36,CURED,2024-08-10
VL-AESSFUED3418,CA-IL-00000300,U-Y4CHJHW6598T,2025-01-07,ARCHITECTURAL,2025-02-06,107.37,DISMISSED,2025-02-02
VL-NMWJH0TGGBW9,CA-IL-00000300,U-E9UKGGV1ARA3,2025-04-21,LANDSCAPING,2025-05-21,249.89,ESCALATED,
VL-YZVPELYPCUKT,CA-IL-00000300,U-JY2YW2GI6GM8,2025-05-20,LANDSCAPING,2025-06-19,241.65,CURED,2025-07-18
VL-PKHD4IDACM1Z,CA-IL-00000300,U-2OKSF2T8K6KB,2025-02-19,TRASH,2025-03-21,62.39,CURED,2025-04-01
VL-PN69GCY6NOST,CA-IL-00000300,U-4CC6FD0MK15X,2025-03-10,TRASH,2025-04-09,105.65,CURED,2025-04-27
