work_order_id,caid,unit_id,created_date,category,priority,status,estimated_cost,actual_cost,completion_date,deferred_days
WO-PXOQAWX2B7J0,CA-NV-00000001,,2024-01-18,LANDSCAPING,LOW,COMPLETED,14669.09,1644.09,2024-01-25,7
WO-Q2TE9T03XWML,CA-NV-00000001,,2024-02-12,ROOFING,LOW,COMPLETED,7438.12,7515.04,2024-03-01,18
WO-525BX7B2D0W2,CA-NV-00000001,,2024-02-27,STRUCTURAL,MEDIUM,COMPLETED,6974.44,8922.11,2024-03-07,9
WO-U3L4K6V0OZGU,CA-NV-00000001,,2024-03-26,GENERAL,MEDIUM,COMPLETED,8410.8,4648.71,2024-03-31,5
WO-PO9DS1TH3C1J,CA-NV-00000001,,2024-03-02,ELECTRICAL,HIGH,COMPLETED,5601.55,1756.56,2024-03-19,17
WO-0XRUJE6BT31W,CA-NV-00000001,,2024-04-18,PLUMBING,MEDIUM,COMPLETED,1961.36,9488.07,2024-05-06,18
WO-8IBSE420Y2DB,CA-NV-00000001,,2024-04-13,ROOFING,MEDIUM,COMPLETED,5653.52,6365.98,2024-05-01,18
WO-U6UGFURNW8VC,CA-NV-00000001,,2024-05-09,HVAC,MEDIUM,COMPLETED,3592.18,9553.45,2024-05-12,3
WO-SYZ8QU7UL5MO,CA-NV-00000001,,2024-06-02,HVAC,HIGH,COMPLETED,8561.74,8401.76,2024-06-16,14
WO-XBH7J2WXQY32,CA-NV-00000001,,2024-06-06,STRUCTURAL,HIGH,COMPLETED,7549.45,9918.98,2024-06-19,13
WO-TTKXLBG9XA9F,CA-NV-00000001,,2024-07-25,GENERAL,LOW,COMPLETED,2141.27,11726.0,2024-08-14,20
WO-LPWO78XXRCHV,CA-NV-00000001,,2024-08-07,PLUMBING,LOW,COMPLETED,12980.99,11649.12,2024-08-21,14
WO-QLIT26AFMWRO,CA-NV-00000001,,2024-10-27,LANDSCAPING,MEDIUM,COMPLETED,7613.76,6081.32,2024-11-01,5
WO-MMIV40JARD3W,CA-NV-00000001,,2024-10-11,ELECTRICAL,MEDIUM,COMPLETED,11428.24,5715.7,2024-10-31,20
WO-ZHKUS734E8FC,CA-NV-00000001,,2024-12-15,PLUMBING,MEDIUM,COMPLETED,8832.14,3192.39,2025-01-01,17
WO-EI60ICSFLV5Z,CA-NV-00000001,,2024-12-11,STRUCTURAL,HIGH,COMPLETED,13164.7,3089.49,2024-12-12,1
WO-5M6R9HFA4HTT,CA-NV-00000001,,2025-01-16,GENERAL,MEDIUM,COMPLETED,9458.72,3743.4,2025-01-18,2
WO-HUVOWXJD0YCP,CA-NV-00000001,,2025-03-22,HVAC,EMERGENCY,OPEN,11512.7,,,10
WO-BE1JLFF6RJHB,CA-NV-00000001,,2025-04-16,LANDSCAPING,EMERGENCY,COMPLETED,2192.59,2703.23,2025-05-05,19
WO-N41M5CXCQRVH,CA-NV-00000001,,2025-05-02,GENERAL,MEDIUM,COMPLETED,533.79,8185.76,2025-05-17,15
WO-JU8L6LPU51WU,CA-TX-00000002,,2024-01-11,ROOFING,EMERGENCY,COMPLETED,8554.59,11770.57,2024-01-20,9
WO-XU0HCL536GJE,CA-TX-00000002,,2024-01-22,GENERAL,MEDIUM,COMPLETED,14337.28,4699.4,2024-02-09,18
WO-UKLNDYK3TBFC,CA-TX-00000002,,2024-02-11,HVAC,EMERGENCY,COMPLETED,6689.74,11015.14,2024-02-27,16
WO-5R8SXUVJZ3GJ,CA-TX-00000002,,2024-02-23,LANDSCAPING,MEDIUM,COMPLETED,6671.04,3085.32,2024-02-26,3
WO-WVBQKRK0GYVP,CA-TX-00000002,,2024-02-24,STRUCTURAL,HIGH,COMPLETED,14612.7,10693.49,2024-03-05,10
WO-WIPBBOBPC0IG,CA-TX-00000002,,2024-02-19,LANDSCAPING,MEDIUM,COMPLETED,9365.49,11864.87,2024-03-10,20
WO-FYIQEQA4KY19,CA-TX-00000002,,2024-02-04,ROOFING,MEDIUM,COMPLETED,10011.62,6308.19,2024-02-06,2
WO-T8TQXNMWD4NF,CA-TX-00000002,,2024-03-18,STRUCTURAL,MEDIUM,COMPLETED,2604.6,3505.7,2024-03-28,10
WO-98B4RR6LTLFG,CA-TX-00000002,,2024-03-19,ROOFING,MEDIUM,OPEN,14286.17,,,23
WO-QPYRC88XUTPW,CA-TX-00000002,,2024-04-15,LANDSCAPING,HIGH,COMPLETED,5884.05,5094.53,2024-04-16,1
WO-QU1O1FNJJWGP,CA-TX-00000002,,2024-04-19,LANDSCAPING,HIGH,DEFERRED,8515.42,,,262
WO-QCSEQJOFBN6K,CA-TX-00000002,,2024-04-10,PLUMBING,HIGH,COMPLETED,10979.81,8446.09,2024-04-22,12
WO-FBQ12JIDERVD,CA-TX-00000002,,2024-04-16,ROOFING,MEDIUM,OPEN,939.97,,,54
WO-4LE5XPD71FKN,CA-TX-00000002,,2024-05-27,LANDSCAPING,LOW,COMPLETED,7044.68,10807.09,2024-06-08,12
WO-T3RPFX5FTBO4,CA-TX-00000002,,2024-05-04,HVAC,LOW,COMPLETED,14227.43,9680.49,2024-05-13,9
WO-4PCN0S0NYI9C,CA-TX-00000002,,2024-05-17,ELEVATOR,MEDIUM,COMPLETED,14005.92,4476.0,2024-05-28,11
WO-A5K7EB4MRCD2,CA-TX-00000002,,2024-05-26,HVAC,MEDIUM,COMPLETED,344.48,3726.43,2024-05-28,2
WO-C18K0S1PR54X,CA-TX-00000002,,2024-06-10,ELEVATOR,LOW,OPEN,9879.65,,,30
WO-G6WCCUN30V2P,CA-TX-00000002,,2024-06-22,LANDSCAPING,LOW,COMPLETED,6569.17,10315.88,2024-06-30,8
WO-6LQ0OL4AUJ55,CA-TX-00000002,,2024-06-27,LANDSCAPING,MEDIUM,COMPLETED,4877.32,3513.05,2024-07-06,9
WO-52ZRKIATEGXJ,CA-TX-00000002,,2024-06-26,HVAC,MEDIUM,COMPLETED,4470.56,5961.92,2024-07-01,5
WO-XKRAOWQVNJLI,CA-TX-00000002,,2024-07-12,ELECTRICAL,MEDIUM,DEFERRED,2555.26,,,146
WO-73G02BFV2NZ9,CA-TX-00000002,,2024-07-17,PLUMBING,HIGH,OPEN,5959.25,,,210
WO-VBHDOABMN130,CA-TX-00000002,,2024-08-18,ROOFING,HIGH,COMPLETED,14879.43,5709.97,2024-09-03,16
WO-PSC7BMVTFM9J,CA-TX-00000002,,2024-08-14,ELEVATOR,MEDIUM,DEFERRED,9042.91,,,27
WO-1NO0A5PU042Z,CA-TX-00000002,,2024-08-12,STRUCTURAL,HIGH,DEFERRED,2051.65,,,267
WO-AHTLZFP2BPI1,CA-TX-00000002,,2024-09-25,ELECTRICAL,LOW,COMPLETED,3640.64,9781.58,2024-10-14,19
WO-46UW995YN7Z7,CA-TX-00000002,,2024-09-05,LANDSCAPING,MEDIUM,DEFERRED,13451.32,,,41
WO-YKZLS9SBQXNM,CA-TX-00000002,,2024-10-06,PLUMBING,LOW,COMPLETED,12491.56,2646.25,2024-10-08,2
WO-R00A8A3OPAIS,CA-TX-00000002,,2024-10-15,ELECTRICAL,EMERGENCY,COMPLETED,8609.42,580.47,2024-10-18,3
WO-N6AJ24BQXV85,CA-TX-00000002,,2024-10-22,LANDSCAPING,LOW,COMPLETED,8507.34,11915.13,2024-11-11,20
WO-MTRG7X8E2N9N,CA-TX-00000002,,2024-11-25,GENERAL,HIGH,COMPLETED,9278.59,8737.84,2024-11-29,4
WO-IVV4YSN0F2RA,CA-TX-00000002,,2024-11-18,ELECTRICAL,MEDIUM,DEFERRED,13568.9,,,108
WO-J86D1UQXJKFC,CA-TX-00000002,,2024-11-15,HVAC,LOW,COMPLETED,7428.49,3485.17,2024-11-23,8
WO-ODTGB1SZ578C,CA-TX-00000002,,2024-11-10,HVAC,LOW,COMPLETED,13668.84,10512.73,2024-11-13,3
WO-O808WUYD6VBO,CA-TX-00000002,,2024-12-23,LANDSCAPING,MEDIUM,COMPLETED,12831.01,5899.31,2025-01-04,12
WO-QPP1ZODIBBUU,CA-TX-00000002,,2024-12-09,GENERAL,MEDIUM,OPEN,12566.19,,,79
WO-4ZP5TERJCT2H,CA-TX-00000002,,2024-12-21,HVAC,HIGH,COMPLETED,2749.6,781.27,2025-01-09,19
WO-1QFL0WZWDY2H,CA-TX-00000002,,2025-01-05,ELECTRICAL,LOW,COMPLETED,4259.4,8980.62,2025-01-26,21
WO-8TZIVWMM6FYT,CA-TX-00000002,,2025-01-27,LANDSCAPING,EMERGENCY,DEFERRED,9959.42,,,85
WO-7VUEHH9YUWBU,CA-TX-00000002,,2025-03-09,ELECTRICAL,MEDIUM,DEFERRED,5444.85,,,66
WO-UK91Z3TH3X2K,CA-TX-00000002,,2025-03-16,GENERAL,MEDIUM,OPEN,10301.84,,,21
WO-JQDZLTYAR6JY,CA-TX-00000002,,2025-04-24,STRUCTURAL,MEDIUM,COMPLETED,6665.91,4858.14,2025-05-12,18
WO-X2PS6LJNPZXP,CA-TX-00000002,,2025-04-16,ELEVATOR,MEDIUM,COMPLETED,5792.74,6861.65,2025-04-22,6
WO-MFCHBVW6WSUR,CA-TX-00000002,,2025-04-08,STRUCTURAL,LOW,OPEN,3211.78,,,46
WO-UPFA082099G5,CA-TX-00000002,,2025-05-24,HVAC,MEDIUM,COMPLETED,10426.83,11282.49,2025-06-14,21
WO-QRVGJTIJ15UA,CA-TX-00000002,,2025-05-08,HVAC,MEDIUM,COMPLETED,1001.08,4454.52,2025-05-13,5
WO-4F9VKX14HH4U,CA-TX-00000002,,2025-05-10,ELECTRICAL,MEDIUM,COMPLETED,8547.05,3885.45,2025-05-13,3
WO-SY0DRM9HDBBB,CA-TX-00000002,,2025-05-23,HVAC,MEDIUM,COMPLETED,13573.0,4667.62,2025-06-12,20
WO-T9REAVXID54G,CA-TX-00000002,,2025-05-08,PLUMBING,MEDIUM,COMPLETED,12089.53,10612.99,2025-05-29,21
WO-V3U0ZGTXVMJ7,CA-TX-00000002,,2025-06-10,ROOFING,MEDIUM,COMPLETED,12005.51,8268.94,2025-06-14,4
WO-H98A3PJ35EY4,CA-TX-00000002,,2025-06-03,ROOFING,HIGH,COMPLETED,10801.53,11691.52,2025-06-17,14
WO-HP3DR13KO6OL,CA-TX-00000002,,2025-06-12,PLUMBING,MEDIUM,DEFERRED,7625.05,,,37
WO-0EIWESKJSIYP,CA-TX-00000002,,2025-06-23,GENERAL,MEDIUM,COMPLETED,7429.54,7838.34,2025-07-08,15
WO-CVPH2P239QC0,CA-TX-00000002,,2025-06-25,LANDSCAPING,MEDIUM,COMPLETED,3363.34,1568.76,2025-07-16,21
WO-AY9KBC90GAPV,CA-TX-00000003,,2024-01-09,GENERAL,LOW,COMPLETED,2531.07,4185.85,2024-01-16,7
WO-AZVPU4F52GUM,CA-TX-00000003,,2024-02-04,GENERAL,MEDIUM,DEFERRED,6918.62,,,38
WO-BJ16A4EWISXU,CA-TX-00000003,,2024-03-07,STRUCTURAL,LOW,COMPLETED,1616.32,6063.43,2024-03-13,6
WO-6TW3YYY6IGFW,CA-TX-00000003,,2024-06-06,HVAC,MEDIUM,COMPLETED,5436.0,8529.46,2024-06-17,11
WO-Y6NWQD9L4SPI,CA-TX-00000003,,2024-07-27,LANDSCAPING,HIGH,COMPLETED,6799.47,7444.56,2024-08-09,13
WO-CFPJIH993YFL,CA-TX-00000003,,2024-09-22,ELECTRICAL,HIGH,COMPLETED,9254.91,10585.03,2024-10-04,12
WO-WC606R6IUQWS,CA-TX-00000003,,2024-11-20,GENERAL,LOW,COMPLETED,2748.2,5453.31,2024-11-23,3
WO-WFKL7XCPWFBH,CA-TX-00000003,,2024-12-01,ELECTRICAL,MEDIUM,COMPLETED,7558.18,11897.93,2024-12-06,5
WO-5ZIT7F9RCF4B,CA-TX-00000003,,2025-01-19,GENERAL,MEDIUM,COMPLETED,6069.85,4056.1,2025-01-21,2
WO-37GOEEMA8BF4,CA-TX-00000003,,2025-02-22,GENERAL,HIGH,COMPLETED,14759.26,6583.58,2025-03-02,8
WO-756135JOJLQX,CA-TX-00000003,,2025-04-06,HVAC,MEDIUM,COMPLETED,13215.4,8543.3,2025-04-10,4
WO-L82M6V29W32K,CA-TX-00000003,,2025-05-10,GENERAL,HIGH,COMPLETED,976.77,7424.41,2025-05-25,15
WO-C1C426Z7C52J,CA-TX-00000004,,2024-01-04,GENERAL,LOW,OPEN,9558.01,,,15
WO-8IVL2S4VQQUC,CA-TX-00000004,,2024-01-01,STRUCTURAL,MEDIUM,COMPLETED,11540.96,9749.99,2024-01-05,4
WO-G4E9YMP4FBN1,CA-TX-00000004,,2024-02-28,GENERAL,LOW,COMPLETED,8206.57,3818.09,2024-03-07,8
WO-LLMTT6NUNS2P,CA-TX-00000004,,2024-02-21,LANDSCAPING,MEDIUM,COMPLETED,6387.17,4986.22,2024-02-22,1
WO-Q9QPN3NVTGSL,CA-TX-00000004,,2024-03-19,ELEVATOR,LOW,OPEN,11153.47,,,44
WO-FH9JWKH5RSPE,CA-TX-00000004,,2024-03-08,PLUMBING,HIGH,COMPLETED,10404.02,1245.2,2024-03-16,8
WO-8GZIVL9NPSCD,CA-TX-00000004,,2024-04-25,PLUMBING,LOW,COMPLETED,12528.78,10909.67,2024-05-13,18
WO-YZMNH478XXVI,CA-TX-00000004,,2024-04-14,ELECTRICAL,HIGH,COMPLETED,13172.21,2157.3,2024-04-22,8
WO-NZI6MK33LBTK,CA-TX-00000004,,2024-05-27,ROOFING,LOW,DEFERRED,7730.1,,,80
WO-HALIZZUKGILA,CA-TX-00000004,,2024-05-07,PLUMBING,MEDIUM,COMPLETED,8252.39,769.14,2024-05-22,15
WO-RANE009ELY2S,CA-TX-00000004,,2024-06-11,HVAC,MEDIUM,OPEN,7919.6,,,32
WO-ND7I05XVOGZ5,CA-TX-00000004,,2024-06-02,HVAC,MEDIUM,OPEN,11649.02,,,20
WO-C4P3KEYI9T8H,CA-TX-00000004,,2024-06-20,ELECTRICAL,MEDIUM,COMPLETED,9987.02,4828.42,2024-06-24,4
WO-4HTQRDTT6G51,CA-TX-00000004,,2024-06-02,ELEVATOR,HIGH,COMPLETED,5181.01,7482.6,2024-06-05,3
WO-GWPQTX9ERDNU,CA-TX-00000004,,2024-07-23,HVAC,MEDIUM,COMPLETED,14537.9,234.92,2024-08-07,15
WO-ZXUONOHN4QSX,CA-TX-00000004,,2024-08-01,ELEVATOR,MEDIUM,COMPLETED,9969.29,8359.0,2024-08-22,21
WO-M8P0QCRPJL13,CA-TX-00000004,,2024-08-19,GENERAL,LOW,COMPLETED,469.72,9826.18,2024-09-07,19
WO-L9H9G1MLDA10,CA-TX-00000004,,2024-09-02,STRUCTURAL,MEDIUM,DEFERRED,9507.94,,,29
WO-PKIGJ0ONNM95,CA-TX-00000004,,2024-09-12,ROOFING,EMERGENCY,COMPLETED,14941.29,2423.61,2024-09-18,6
WO-IIVF4OW7LC7Z,CA-TX-00000004,,2024-11-21,GENERAL,LOW,COMPLETED,5317.93,948.02,2024-11-28,7
WO-G1GYZBYJJFTT,CA-TX-00000004,,2024-11-11,STRUCTURAL,MEDIUM,COMPLETED,9602.94,11619.04,2024-11-26,15
WO-8J14O6OXTNU8,CA-TX-00000004,,2024-12-01,ROOFING,MEDIUM,COMPLETED,7181.32,6637.41,2024-12-09,8
WO-OC6B3VP1WHCZ,CA-TX-00000004,,2024-12-07,ELECTRICAL,HIGH,COMPLETED,4065.28,9275.24,2024-12-22,15
WO-UE0K58J8VHRA,CA-TX-00000004,,2024-12-12,ELECTRICAL,EMERGENCY,COMPLETED,4839.01,11222.96,2024-12-27,15
WO-1XFCOFQ85ONQ,CA-TX-00000004,,2025-01-19,LANDSCAPING,HIGH,DEFERRED,13653.67,,,34
WO-H4CKOLS3X4Z8,CA-TX-00000004,,2025-01-17,STRUCTURAL,MEDIUM,COMPLETED,1396.76,10695.47,2025-01-30,13
WO-6RK9ZOB9P807,CA-TX-00000004,,2025-01-09,PLUMBING,LOW,COMPLETED,9774.73,923.32,2025-01-18,9
WO-GV17WGFD8IHL,CA-TX-00000004,,2025-02-27,GENERAL,MEDIUM,COMPLETED,11385.31,9131.38,2025-03-04,5
WO-US8QTUF7N959,CA-TX-00000004,,2025-02-06,LANDSCAPING,LOW,COMPLETED,10254.98,8368.48,2025-02-21,15
WO-TS5I36HQ6LUQ,CA-TX-00000004,,2025-03-03,ELECTRICAL,MEDIUM,DEFERRED,6174.29,,,53
WO-JK2IXFV7KWGM,CA-TX-00000004,,2025-04-09,PLUMBING,EMERGENCY,COMPLETED,12858.27,4036.42,2025-04-13,4
WO-175TBTDO7BL8,CA-TX-00000004,,2025-05-12,GENERAL,LOW,COMPLETED,9312.96,8835.73,2025-05-22,10
WO-DOGOVXO3ZJE3,CA-TX-00000004,,2025-05-06,ROOFING,LOW,COMPLETED,1855.52,10182.14,2025-05-19,13
WO-ZI5C1PMIQPTX,CA-TX-00000004,,2025-05-16,LANDSCAPING,EMERGENCY,COMPLETED,14097.1,636.06,2025-05-25,9
WO-6DE8NIRUIIJX,CA-CA-00000005,,2024-01-26,STRUCTURAL,LOW,DEFERRED,5215.77,,,69
WO-BP758DIDR4JW,CA-CA-00000005,,2024-01-08,PLUMBING,HIGH,COMPLETED,11305.35,7994.86,2024-01-28,20
WO-GJM138B9HD7V,CA-CA-00000005,,2024-02-10,LANDSCAPING,MEDIUM,COMPLETED,2667.72,8421.24,2024-02-24,14
WO-JCWRR48PE4N8,CA-CA-00000005,,2024-02-12,HVAC,LOW,COMPLETED,7152.58,4409.01,2024-02-14,2
WO-GIMYPMPOB705,CA-CA-00000005,,2024-02-20,PLUMBING,HIGH,COMPLETED,7183.42,495.81,2024-03-05,14
WO-CVFQGS33AEFZ,CA-CA-00000005,,2024-03-13,ROOFING,LOW,DEFERRED,3246.57,,,72
WO-T5QD4KVMHC65,CA-CA-00000005,,2024-03-03,GENERAL,MEDIUM,COMPLETED,5643.47,9785.58,2024-03-18,15
WO-BY10JF081TQ7,CA-CA-00000005,,2024-03-15,ROOFING,LOW,COMPLETED,5003.54,8915.8,2024-03-24,9
WO-T3Q259EQX62N,CA-CA-00000005,,2024-03-10,GENERAL,EMERGENCY,COMPLETED,11876.93,11437.61,2024-03-27,17
WO-3STO8978YMAB,CA-CA-00000005,,2024-03-12,ROOFING,EMERGENCY,COMPLETED,5950.39,8185.54,2024-03-14,2
WO-A0I7DR92TEY8,CA-CA-00000005,,2024-03-20,ROOFING,MEDIUM,COMPLETED,8558.37,5051.97,2024-03-29,9
WO-6E6PSW8DCHPC,CA-CA-00000005,,2024-04-16,GENERAL,LOW,COMPLETED,1186.89,7253.41,2024-04-21,5
WO-CWPPQ00KAZWN,CA-CA-00000005,,2024-05-21,GENERAL,MEDIUM,DEFERRED,12901.71,,,13
WO-TH6PT16RQYHY,CA-CA-00000005,,2024-05-15,GENERAL,MEDIUM,DEFERRED,5246.36,,,51
WO-S4BS46U04PEF,CA-CA-00000005,,2024-06-12,ROOFING,HIGH,COMPLETED,13189.93,3860.39,2024-07-02,20
WO-CZO3YZVGSXCW,CA-CA-00000005,,2024-07-22,PLUMBING,MEDIUM,OPEN,3631.7,,,35
WO-QNUFSIWEU95R,CA-CA-00000005,,2024-07-23,ROOFING,LOW,COMPLETED,12367.39,4899.96,2024-08-04,12
WO-63IOSE7NS413,CA-CA-00000005,,2024-07-25,PLUMBING,LOW,DEFERRED,9431.61,,,49
WO-CBFP2HK11N7I,CA-CA-00000005,,2024-07-20,GENERAL,EMERGENCY,COMPLETED,6932.25,488.74,2024-08-02,13
WO-MNX9W7ZLIJDZ,CA-CA-00000005,,2024-08-03,STRUCTURAL,MEDIUM,COMPLETED,4924.53,2171.62,2024-08-12,9
WO-0Q605ZQBM4WM,CA-CA-00000005,,2024-09-20,STRUCTURAL,MEDIUM,COMPLETED,4341.4,7207.81,2024-09-22,2
WO-6VXJ2OJC0KV5,CA-CA-00000005,,2024-09-08,GENERAL,MEDIUM,COMPLETED,7094.22,11408.67,2024-09-28,20
WO-GFKY0UAGAO6Q,CA-CA-00000005,,2024-09-14,PLUMBING,EMERGENCY,COMPLETED,13079.62,2677.45,2024-09-21,7
WO-8LCR41UYBFJA,CA-CA-00000005,,2024-09-18,HVAC,HIGH,COMPLETED,5300.57,11980.8,2024-09-26,8
WO-3MZD0XPN9TZN,CA-CA-00000005,,2024-09-11,HVAC,LOW,OPEN,10416.25,,,42
WO-EUL237FTG291,CA-CA-00000005,,2024-10-01,ELECTRICAL,MEDIUM,COMPLETED,5152.54,976.43,2024-10-04,3
WO-SXNNGNMTB1IJ,CA-CA-00000005,,2024-10-10,GENERAL,MEDIUM,COMPLETED,6024.28,10047.65,2024-10-18,8
WO-ALP7PKX3F78F,CA-CA-00000005,,2024-10-17,ROOFING,MEDIUM,COMPLETED,12874.06,4427.54,2024-10-28,11
WO-VHRQUOG99BP2,CA-CA-00000005,,2024-10-15,STRUCTURAL,LOW,COMPLETED,11243.04,4882.54,2024-10-28,13
WO-MUTXMN95PBVW,CA-CA-00000005,,2024-10-23,GENERAL,LOW,COMPLETED,14203.15,11559.98,2024-10-28,5
WO-NK0G8UQNEIV5,CA-CA-00000005,,2024-11-06,ROOFING,MEDIUM,COMPLETED,8759.34,656.06,2024-11-26,20
WO-7YKSH1EC799U,CA-CA-00000005,,2024-11-11,PLUMBING,LOW,COMPLETED,11770.01,1229.31,2024-11-29,18
WO-NHEHGCCKP53H,CA-CA-00000005,,2024-11-23,PLUMBING,MEDIUM,COMPLETED,7762.92,11267.47,2024-12-03,10
WO-1K9XYJZYMUV5,CA-CA-00000005,,2024-12-13,LANDSCAPING,HIGH,COMPLETED,8860.09,5672.68,2024-12-16,3
WO-85SE8J9WIAWN,CA-CA-00000005,,2024-12-27,ELEVATOR,MEDIUM,COMPLETED,2961.92,9603.4,2024-12-28,1
WO-WSE212O72WUF,CA-CA-00000005,,2024-12-06,HVAC,HIGH,COMPLETED,13692.48,971.69,2024-12-24,18
WO-TP7RU17E2KS2,CA-CA-00000005,,2025-01-10,ELECTRICAL,HIGH,COMPLETED,6609.69,1768.41,2025-01-26,16
WO-BAWUZXMKEZH0,CA-CA-00000005,,2025-01-15,HVAC,EMERGENCY,COMPLETED,9654.47,7818.01,2025-01-30,15
WO-D0FA259F7SFP,CA-CA-00000005,,2025-01-21,GENERAL,MEDIUM,DEFERRED,4280.51,,,74
WO-25HYCQ73T9UL,CA-CA-00000005,,2025-03-06,PLUMBING,MEDIUM,OPEN,8427.59,,,107
WO-77YRHQ1YJEWQ,CA-CA-00000005,,2025-03-02,PLUMBING,MEDIUM,COMPLETED,5681.5,4603.75,2025-03-15,13
WO-KPBKRADL31SU,CA-CA-00000005,,2025-04-15,HVAC,HIGH,COMPLETED,6907.84,4036.75,2025-04-19,4
WO-YT2LZW4214O6,CA-CA-00000005,,2025-04-06,LANDSCAPING,HIGH,COMPLETED,5941.61,11070.64,2025-04-18,12
WO-Z0F6Z5DMEYF4,CA-CA-00000005,,2025-06-09,LANDSCAPING,MEDIUM,COMPLETED,13103.71,10284.93,2025-06-12,3
WO-M5TY4C5PS7VB,CA-CA-00000005,,2025-06-04,LANDSCAPING,MEDIUM,DEFERRED,1357.86,,,213
WO-J5YU679TUY1V,CA-WA-00000006,,2024-01-05,PLUMBING,HIGH,COMPLETED,12572.48,9749.06,2024-01-22,17
WO-4M76UE0TB5A4,CA-WA-00000006,,2024-01-10,LANDSCAPING,EMERGENCY,COMPLETED,1721.03,10867.64,2024-01-12,2
WO-Z7BZOXIHS2EV,CA-WA-00000006,,2024-02-10,PLUMBING,HIGH,COMPLETED,503.69,1994.03,2024-02-20,10
WO-GX15CYNR70W0,CA-WA-00000006,,2024-03-19,ELEVATOR,MEDIUM,COMPLETED,5870.74,11885.18,2024-03-21,2
WO-PY01QIL7U7UJ,CA-WA-00000006,,2024-07-23,PLUMBING,EMERGENCY,COMPLETED,5531.68,4920.29,2024-08-05,13
WO-GXG5R01NXRCA,CA-WA-00000006,,2024-07-07,LANDSCAPING,HIGH,COMPLETED,7298.75,5720.1,2024-07-24,17
WO-CMN33HKTKESP,CA-WA-00000006,,2024-09-13,GENERAL,LOW,COMPLETED,6697.18,2908.03,2024-09-20,7
WO-V16702LZZW3Q,CA-WA-00000006,,2024-11-27,PLUMBING,MEDIUM,COMPLETED,9703.56,839.32,2024-12-04,7
WO-9TQKW9D1JVVN,CA-WA-00000006,,2024-11-22,LANDSCAPING,LOW,COMPLETED,1760.4,4826.68,2024-12-12,20
WO-MO23ZGT6GT17,CA-WA-00000006,,2024-12-15,PLUMBING,MEDIUM,COMPLETED,1340.33,11320.04,2024-12-22,7
WO-190Z82CTU1ZV,CA-WA-00000006,,2024-12-14,ROOFING,HIGH,COMPLETED,12376.21,7519.77,2024-12-29,15
WO-ITFV31J89N6D,CA-WA-00000006,,2025-01-05,STRUCTURAL,MEDIUM,COMPLETED,12501.07,5756.96,2025-01-19,14
WO-9M1LR19JA93M,CA-WA-00000006,,2025-01-15,LANDSCAPING,EMERGENCY,COMPLETED,1203.08,491.09,2025-01-21,6
WO-6IEB63KJXOMA,CA-WA-00000006,,2025-02-13,STRUCTURAL,LOW,COMPLETED,2026.81,5295.19,2025-03-02,17
WO-ZVI2M7N9WLV2,CA-WA-00000006,,2025-03-03,GENERAL,LOW,COMPLETED,12557.87,2446.92,2025-03-12,9
WO-YKBXZNUBKGZU,CA-WA-00000006,,2025-05-08,GENERAL,MEDIUM,COMPLETED,9978.47,6335.98,2025-05-20,12
WO-UZX7QU63777D,CA-WA-00000006,,2025-05-02,HVAC,MEDIUM,COMPLETED,11383.36,7403.49,2025-05-10,8
WO-RZQD14SHVW9S,CA-VA-00000007,,2024-01-15,LANDSCAPING,MEDIUM,COMPLETED,6573.25,1414.38,2024-01-24,9
WO-N3DNQ1JRS9IP,CA-VA-00000007,,2024-08-28,ELECTRICAL,EMERGENCY,COMPLETED,6994.02,3239.48,2024-09-12,15
WO-A3JW96U79FGK,CA-VA-00000007,,2024-10-14,PLUMBING,LOW,COMPLETED,8624.24,566.35,2024-10-26,12
WO-JEL1YYK3Y6E2,CA-VA-00000007,,2024-11-15,ELECTRICAL,HIGH,COMPLETED,10872.13,11281.8,2024-11-24,9
WO-RSE10EJI0W75,CA-VA-00000007,,2024-11-01,ELECTRICAL,MEDIUM,COMPLETED,7461.8,7836.77,2024-11-15,14
WO-GCH4YB7CURYH,CA-VA-00000007,,2025-02-26,STRUCTURAL,HIGH,OPEN,8473.54,,,140
WO-6O8UT8MLPVCR,CA-VA-00000007,,2025-03-23,HVAC,MEDIUM,COMPLETED,14743.66,1573.24,2025-04-03,11
WO-5V84V85NXCUD,CA-VA-00000007,,2025-05-18,PLUMBING,LOW,DEFERRED,8950.84,,,22
WO-CXLPR1ECYOO5,CA-VA-00000007,,2025-06-26,HVAC,EMERGENCY,COMPLETED,6992.79,2531.7,2025-07-15,19
WO-XQ7PX08VCCJ0,CA-NY-00000008,,2024-01-15,ROOFING,LOW,COMPLETED,5910.2,9134.92,2024-02-01,17
WO-8FZH32550G1R,CA-NY-00000008,,2024-05-24,LANDSCAPING,MEDIUM,COMPLETED,1728.09,6963.94,2024-05-30,6
WO-5MJTLRCMC78F,CA-NY-00000008,,2024-06-26,ELECTRICAL,MEDIUM,COMPLETED,5775.48,6498.05,2024-07-16,20
WO-X7WE3PZVCN1R,CA-NY-00000008,,2024-06-16,GENERAL,MEDIUM,COMPLETED,13367.75,4210.4,2024-06-30,14
WO-LZS752LEY3LL,CA-NY-00000008,,2024-08-24,LANDSCAPING,MEDIUM,OPEN,832.61,,,10
WO-22TW7U51T4PO,CA-NY-00000008,,2024-10-07,PLUMBING,LOW,COMPLETED,12357.73,6003.72,2024-10-09,2
WO-56E1V4G0I72I,CA-NY-00000008,,2025-02-06,GENERAL,MEDIUM,COMPLETED,8060.39,3281.61,2025-02-19,13
WO-8M3N298VUK9V,CA-NY-00000008,,2025-03-24,GENERAL,EMERGENCY,COMPLETED,1174.64,9493.53,2025-04-08,15
WO-1GA2QQADTULC,CA-CA-00000009,,2024-01-04,GENERAL,LOW,COMPLETED,4315.56,10773.43,2024-01-20,16
WO-9KTY0OGL2LT6,CA-CA-00000009,,2024-05-16,LANDSCAPING,MEDIUM,COMPLETED,1271.91,4157.89,2024-05-19,3
WO-OR9UVD5XST73,CA-CA-00000009,,2024-05-24,ELEVATOR,EMERGENCY,COMPLETED,8623.02,4973.73,2024-05-31,7
WO-0WPPF6DAC87A,CA-CA-00000009,,2024-07-08,HVAC,MEDIUM,DEFERRED,13978.21,,,61
WO-N2Y00HUJU9X3,CA-CA-00000009,,2024-09-20,ROOFING,MEDIUM,OPEN,7524.71,,,64
WO-C5PV5M567KTO,CA-CA-00000009,,2024-10-21,PLUMBING,MEDIUM,COMPLETED,10179.34,7712.38,2024-11-11,21
WO-BFWK5SZP8Y9Y,CA-CA-00000009,,2024-11-20,ELEVATOR,MEDIUM,COMPLETED,3908.45,9489.26,2024-12-06,16
WO-0U561PE12845,CA-CA-00000009,,2024-11-13,ROOFING,MEDIUM,COMPLETED,8822.37,9766.33,2024-11-28,15
WO-FFO5X9OHEH79,CA-CA-00000009,,2024-11-07,HVAC,LOW,COMPLETED,6750.83,2739.83,2024-11-25,18
WO-RABF5B8Y9AED,CA-CA-00000009,,2024-11-13,STRUCTURAL,EMERGENCY,COMPLETED,6691.51,6716.33,2024-12-01,18
WO-8IIOSYPW18S3,CA-CA-00000009,,2025-01-20,PLUMBING,EMERGENCY,COMPLETED,5454.66,3011.27,2025-01-31,11
WO-KMCS0X648189,CA-CA-00000009,,2025-01-10,STRUCTURAL,MEDIUM,COMPLETED,603.48,4886.93,2025-01-29,19
WO-HYMCIL5UHJPR,CA-CA-00000009,,2025-03-02,HVAC,MEDIUM,COMPLETED,8166.08,375.94,2025-03-05,3
WO-8Q1N8IJGR6IZ,CA-CA-00000009,,2025-04-20,HVAC,LOW,COMPLETED,9038.02,6064.71,2025-04-28,8
WO-1IVE3YPTEIF2,CA-AZ-00000010,,2024-01-24,HVAC,MEDIUM,COMPLETED,6647.24,2234.38,2024-02-14,21
WO-EZBQWNVE3TSX,CA-AZ-00000010,,2024-03-16,GENERAL,HIGH,COMPLETED,8777.36,9222.97,2024-03-26,10
WO-053TIIWS2QB2,CA-AZ-00000010,,2024-07-09,STRUCTURAL,HIGH,COMPLETED,2368.84,478.76,2024-07-11,2
WO-BKXK5SCTLROY,CA-AZ-00000010,,2024-07-28,ELECTRICAL,EMERGENCY,COMPLETED,10962.77,11058.25,2024-07-30,2
WO-SX4ZZLJZ7UFZ,CA-AZ-00000010,,2024-09-03,LANDSCAPING,MEDIUM,COMPLETED,2330.47,3459.55,2024-09-05,2
WO-W8MWP0PZVXXK,CA-AZ-00000010,,2024-11-04,LANDSCAPING,MEDIUM,COMPLETED,11510.63,8305.96,2024-11-20,16
WO-WAOWZ8576PSX,CA-AZ-00000010,,2024-12-10,ELECTRICAL,MEDIUM,COMPLETED,12889.6,9340.11,2024-12-28,18
WO-20MLPODKTRV0,CA-AZ-00000010,,2025-01-24,STRUCTURAL,MEDIUM,COMPLETED,9276.77,305.6,2025-02-03,10
WO-I4PUCYUFMR9N,CA-AZ-00000010,,2025-01-18,HVAC,HIGH,COMPLETED,8561.5,1888.27,2025-02-03,16
WO-BQIEMSCBADAW,CA-AZ-00000010,,2025-02-20,GENERAL,EMERGENCY,COMPLETED,6760.95,4171.8,2025-03-11,19
WO-BQH125E9ZGKS,CA-AZ-00000010,,2025-03-10,GENERAL,EMERGENCY,COMPLETED,8694.19,5853.03,2025-03-30,20
WO-HEDT1KQAKTLQ,CA-AZ-00000010,,2025-04-12,PLUMBING,HIGH,COMPLETED,8840.47,2085.1,2025-04-30,18
WO-Q5JQNLV33RYJ,CA-AZ-00000010,,2025-05-18,ELEVATOR,MEDIUM,COMPLETED,14089.25,10345.57,2025-05-29,11
WO-K4TDN0QER43U,CA-AZ-00000010,,2025-05-26,ROOFING,HIGH,COMPLETED,8300.44,8690.94,2025-06-07,12
WO-QJ1N9VDEDVP9,CA-TX-00000011,,2024-01-27,GENERAL,LOW,COMPLETED,3506.28,843.87,2024-02-13,17
WO-YVIYUN02P8S6,CA-TX-00000011,,2024-02-01,HVAC,LOW,COMPLETED,2919.51,10517.16,2024-02-04,3
WO-PTEACZXH0S0P,CA-TX-00000011,,2024-03-20,GENERAL,MEDIUM,COMPLETED,3446.07,9937.34,2024-04-04,15
WO-YU9HGXOVK0YR,CA-TX-00000011,,2024-04-25,ELEVATOR,LOW,COMPLETED,10006.38,10578.17,2024-05-05,10
WO-2YDCLTWBYEQ3,CA-TX-00000011,,2024-05-01,LANDSCAPING,MEDIUM,COMPLETED,12986.19,6020.68,2024-05-19,18
WO-EXYY6OUX2WTU,CA-TX-00000011,,2024-06-16,GENERAL,LOW,COMPLETED,11474.09,10959.57,2024-07-06,20
WO-5UMCNC68EXIF,CA-TX-00000011,,2024-07-22,PLUMBING,LOW,COMPLETED,7387.78,11361.03,2024-08-07,16
WO-EXU3I4NCAFUS,CA-TX-00000011,,2024-08-28,PLUMBING,LOW,COMPLETED,10306.36,7201.84,2024-08-29,1
WO-MB9AKRKHKMGA,CA-TX-00000011,,2024-08-02,GENERAL,LOW,COMPLETED,410.84,8679.18,2024-08-14,12
WO-BBJRL70JTL0I,CA-TX-00000011,,2024-09-15,LANDSCAPING,MEDIUM,COMPLETED,14213.4,10984.53,2024-10-01,16
WO-5BL3OSQNTWNB,CA-TX-00000011,,2024-10-08,ELECTRICAL,LOW,COMPLETED,8718.94,4110.55,2024-10-09,1
WO-ANECZ8FG65Y0,CA-TX-00000011,,2025-01-07,PLUMBING,LOW,COMPLETED,10810.47,5646.27,2025-01-08,1
WO-J7PR9SVV5RTY,CA-TX-00000011,,2025-02-22,LANDSCAPING,MEDIUM,COMPLETED,5682.21,7304.93,2025-03-04,10
WO-QFLVYLKFY7NN,CA-TX-00000011,,2025-03-01,PLUMBING,MEDIUM,COMPLETED,7818.16,2870.57,2025-03-05,4
WO-58A3EKQD7YV0,CA-TX-00000011,,2025-03-24,STRUCTURAL,MEDIUM,COMPLETED,7609.07,11088.41,2025-04-06,13
WO-EKYBFIT59B06,CA-TX-00000011,,2025-05-23,ROOFING,LOW,OPEN,8902.23,,,14
WO-0SJIPEZEH8B5,CA-FL-00000012,,2024-01-21,HVAC,MEDIUM,COMPLETED,3313.12,1462.49,2024-01-25,4
WO-C870YYGBBCHA,CA-FL-00000012,,2024-01-25,ELECTRICAL,HIGH,COMPLETED,14118.21,9787.44,2024-02-05,11
WO-6D9N87VHOSMK,CA-FL-00000012,,2024-01-05,GENERAL,MEDIUM,COMPLETED,12437.75,6567.85,2024-01-23,18
WO-Q14QKRQODSNI,CA-FL-00000012,,2024-01-15,ELEVATOR,LOW,OPEN,11480.05,,,37
WO-PMZMP1XUDS6L,CA-FL-00000012,,2024-02-08,ROOFING,MEDIUM,COMPLETED,12424.46,10402.7,2024-02-13,5
WO-Y3MUD50XY49P,CA-FL-00000012,,2024-02-04,PLUMBING,MEDIUM,COMPLETED,14677.26,7247.53,2024-02-14,10
WO-A7KD06V068ID,CA-FL-00000012,,2024-02-04,GENERAL,MEDIUM,DEFERRED,3172.39,,,46
WO-1L6DSWD2LNLE,CA-FL-00000012,,2024-03-23,STRUCTURAL,MEDIUM,COMPLETED,14724.42,4425.95,2024-03-24,1
WO-IGANF43XLLPR,CA-FL-00000012,,2024-03-01,PLUMBING,LOW,COMPLETED,9946.68,2426.54,2024-03-07,6
WO-M9R6KZEI9IFW,CA-FL-00000012,,2024-03-07,ROOFING,MEDIUM,COMPLETED,5669.86,2998.71,2024-03-18,11
WO-PS0IEBRHL3A0,CA-FL-00000012,,2024-04-15,PLUMBING,MEDIUM,COMPLETED,9982.97,11552.33,2024-05-04,19
WO-IGVTWPGJHLK7,CA-FL-00000012,,2024-05-04,ELECTRICAL,MEDIUM,COMPLETED,7370.04,1822.51,2024-05-14,10
WO-8B9JUXPS4EF2,CA-FL-00000012,,2024-05-17,ELECTRICAL,MEDIUM,COMPLETED,2131.8,11848.32,2024-06-01,15
WO-CVWO41V8BYA5,CA-FL-00000012,,2024-07-24,ELECTRICAL,LOW,COMPLETED,5451.8,7262.94,2024-08-08,15
WO-6BC9CK40WLZS,CA-FL-00000012,,2024-07-21,HVAC,LOW,COMPLETED,7659.98,7909.56,2024-08-05,15
WO-4X12PFP45RFT,CA-FL-00000012,,2024-09-06,STRUCTURAL,MEDIUM,OPEN,13080.2,,,101
WO-P8OZGJ4E328D,CA-FL-00000012,,2024-09-16,LANDSCAPING,MEDIUM,COMPLETED,12749.88,8163.88,2024-09-26,10
WO-108K7I5PKELO,CA-FL-00000012,,2024-09-02,STRUCTURAL,LOW,COMPLETED,5411.92,5948.94,2024-09-19,17
WO-7J9Z7D9880R4,CA-FL-00000012,,2024-09-24,PLUMBING,LOW,COMPLETED,10071.49,3906.62,2024-10-12,18
WO-YBAL9Y7FBYUZ,CA-FL-00000012,,2024-10-24,ELECTRICAL,LOW,COMPLETED,13927.28,10827.55,2024-11-08,15
WO-FQ5F0G5EZ9Q2,CA-FL-00000012,,2024-10-15,ELECTRICAL,MEDIUM,DEFERRED,4514.45,,,184
WO-P44R15ODD0ZG,CA-FL-00000012,,2024-10-16,PLUMBING,HIGH,COMPLETED,6178.42,2215.62,2024-10-24,8
WO-HS7ZAUX4OGQW,CA-FL-00000012,,2024-11-19,ELECTRICAL,HIGH,COMPLETED,3253.81,2271.71,2024-12-03,14
WO-5IC7NWPBVTW8,CA-FL-00000012,,2024-12-16,HVAC,LOW,COMPLETED,8283.94,7493.2,2024-12-22,6
WO-WPXGIT70DBKE,CA-FL-00000012,,2024-12-21,ROOFING,MEDIUM,COMPLETED,11221.25,11002.23,2025-01-09,19
WO-0U0JR2OM3V0Y,CA-FL-00000012,,2024-12-03,ELECTRICAL,MEDIUM,COMPLETED,2058.15,4835.83,2024-12-12,9
WO-ZNW234EJLWCP,CA-FL-00000012,,2024-12-14,PLUMBING,LOW,DEFERRED,5183.28,,,115
WO-TVPXL4TH7OCN,CA-FL-00000012,,2024-12-17,GENERAL,LOW,DEFERRED,14943.91,,,45
WO-PL2KE4GZNBZ4,CA-FL-00000012,,2025-01-19,ELECTRICAL,HIGH,COMPLETED,4859.95,9380.31,2025-01-20,1
WO-LKIOD1BMCHVG,CA-FL-00000012,,2025-01-19,GENERAL,MEDIUM,COMPLETED,12584.13,7352.23,2025-02-09,21
WO-XOT8FP4418SC,CA-FL-00000012,,2025-01-16,HVAC,LOW,COMPLETED,4001.83,4618.11,2025-01-21,5
WO-2H596297XAW4,CA-FL-00000012,,2025-01-07,HVAC,MEDIUM,COMPLETED,13934.41,9306.8,2025-01-17,10
WO-TUS8DZ470QJS,CA-FL-00000012,,2025-02-10,PLUMBING,HIGH,OPEN,4015.27,,,28
WO-PUAYY7T8XUOO,CA-FL-00000012,,2025-03-05,HVAC,MEDIUM,OPEN,1943.36,,,35
WO-1QENGL6UFF95,CA-FL-00000012,,2025-04-15,STRUCTURAL,LOW,COMPLETED,4498.4,4752.9,2025-05-02,17
WO-YD5XCSN10NNP,CA-FL-00000012,,2025-05-01,LANDSCAPING,MEDIUM,OPEN,6712.91,,,44
WO-EKSFDY6PCE8Q,CA-FL-00000012,,2025-05-05,GENERAL,HIGH,COMPLETED,5777.59,5084.47,2025-05-09,4
WO-ZFFTP25JPMA2,CA-FL-00000012,,2025-05-08,ELECTRICAL,LOW,COMPLETED,8700.09,10860.04,2025-05-23,15
WO-BXIL0V7HIUM1,CA-FL-00000012,,2025-05-23,PLUMBING,HIGH,COMPLETED,14542.75,10710.39,2025-05-29,6
WO-5P5MVN1OTVX0,CA-FL-00000012,,2025-06-11,HVAC,HIGH,COMPLETED,11833.97,4372.8,2025-06-12,1
WO-O855ZM1JJVY6,CA-FL-00000012,,2025-06-25,HVAC,LOW,COMPLETED,3147.47,10926.49,2025-07-07,12
WO-FQJJPI8W5H26,CA-FL-00000012,,2025-06-20,LANDSCAPING,LOW,OPEN,2175.62,,,34
WO-85NHPYXQUE8S,CA-AZ-00000013,,2024-02-18,ELECTRICAL,HIGH,OPEN,1481.26,,,11
WO-T0XA9W54Y8TM,CA-AZ-00000013,,2024-02-21,STRUCTURAL,LOW,COMPLETED,9536.75,8280.2,2024-03-02,10
WO-PP0LY2PJUJ4D,CA-AZ-00000013,,2024-02-26,HVAC,HIGH,COMPLETED,13092.23,936.39,2024-03-02,5
WO-C132U9WDTQT3,CA-AZ-00000013,,2024-03-05,STRUCTURAL,EMERGENCY,OPEN,13732.47,,,18
WO-G7QR6U8M45P3,CA-AZ-00000013,,2024-03-10,HVAC,MEDIUM,COMPLETED,7609.22,8383.88,2024-03-24,14
WO-PKWFG1CNB7SM,CA-AZ-00000013,,2024-04-07,PLUMBING,HIGH,OPEN,8281.78,,,113
WO-C4EO3P4VHC88,CA-AZ-00000013,,2024-04-21,ELEVATOR,EMERGENCY,OPEN,13231.81,,,59
WO-WJH8TWKKU1GM,CA-AZ-00000013,,2024-04-09,HVAC,LOW,OPEN,6083.52,,,150
WO-2QNBIK5CSEZJ,CA-AZ-00000013,,2024-04-04,HVAC,LOW,COMPLETED,1254.16,11546.23,2024-04-05,1
WO-2H1YFI8IKT4H,CA-AZ-00000013,,2024-04-02,HVAC,HIGH,COMPLETED,8953.69,10189.99,2024-04-15,13
WO-49VDBV8K13OC,CA-AZ-00000013,,2024-05-12,LANDSCAPING,MEDIUM,COMPLETED,8928.13,2645.27,2024-05-17,5
WO-S38GCUQ3EJGQ,CA-AZ-00000013,,2024-06-22,LANDSCAPING,MEDIUM,COMPLETED,2288.44,7327.0,2024-07-10,18
WO-HSS6X4BTJ1K4,CA-AZ-00000013,,2024-06-20,ROOFING,HIGH,COMPLETED,2356.12,1509.73,2024-07-01,11
WO-S0ONL6ZB6RMR,CA-AZ-00000013,,2024-06-25,PLUMBING,MEDIUM,COMPLETED,9944.85,1100.53,2024-07-08,13
WO-55BIYUFCJ5VC,CA-AZ-00000013,,2024-07-15,LANDSCAPING,HIGH,COMPLETED,13196.23,10190.75,2024-08-02,18
WO-JD1POBS08UCE,CA-AZ-00000013,,2024-07-23,STRUCTURAL,LOW,COMPLETED,12585.43,8996.47,2024-07-27,4
WO-24HDIM97VCMF,CA-AZ-00000013,,2024-07-11,GENERAL,MEDIUM,COMPLETED,6088.15,5081.76,2024-07-25,14
WO-MYK208CL3GQO,CA-AZ-00000013,,2024-08-19,STRUCTURAL,MEDIUM,COMPLETED,10408.52,9190.73,2024-08-23,4
WO-VWSY8TF5Q0YK,CA-AZ-00000013,,2024-08-17,GENERAL,MEDIUM,OPEN,12934.85,,,151
WO-VRFDDZEL4IYS,CA-AZ-00000013,,2024-08-10,HVAC,LOW,COMPLETED,3956.98,1742.34,2024-08-21,11
WO-I8QNIQN9M92V,CA-AZ-00000013,,2024-09-22,STRUCTURAL,HIGH,COMPLETED,1046.64,7034.46,2024-10-10,18
WO-VC5DCB2CROH5,CA-AZ-00000013,,2024-09-08,GENERAL,LOW,COMPLETED,2620.41,4222.35,2024-09-24,16
WO-1HO3AT2FQ059,CA-AZ-00000013,,2024-09-11,GENERAL,LOW,DEFERRED,5506.03,,,68
WO-62B55N5RAMPP,CA-AZ-00000013,,2024-11-06,LANDSCAPING,HIGH,COMPLETED,10526.98,11533.42,2024-11-12,6
WO-G4FQQJPJHT19,CA-AZ-00000013,,2024-12-02,GENERAL,LOW,COMPLETED,2419.97,5522.28,2024-12-22,20
WO-ZURL47HWHOB7,CA-AZ-00000013,,2024-12-06,ELECTRICAL,MEDIUM,COMPLETED,14011.56,2277.61,2024-12-25,19
WO-R8YUWVT7BUTU,CA-AZ-00000013,,2025-01-19,GENERAL,MEDIUM,OPEN,11467.04,,,22
WO-B3D7UPLNLAW8,CA-AZ-00000013,,2025-01-03,ELECTRICAL,MEDIUM,COMPLETED,274.77,8614.1,2025-01-06,3
WO-P71BJPDWI8U2,CA-AZ-00000013,,2025-02-20,PLUMBING,MEDIUM,COMPLETED,10299.98,5897.11,2025-03-06,14
WO-7EMBY9MKJWO5,CA-AZ-00000013,,2025-02-06,PLUMBING,LOW,COMPLETED,8036.72,2179.24,2025-02-24,18
WO-MVXXRAO5QNZ8,CA-AZ-00000013,,2025-02-09,PLUMBING,LOW,COMPLETED,4587.56,1286.28,2025-02-12,3
WO-28ISXJSN97P5,CA-AZ-00000013,,2025-02-20,ELECTRICAL,LOW,COMPLETED,1822.06,7141.29,2025-03-10,18
WO-LUYGX87WJLUS,CA-AZ-00000013,,2025-02-26,ELECTRICAL,MEDIUM,COMPLETED,1722.45,3640.51,2025-03-06,8
WO-105FH4KU4YEN,CA-AZ-00000013,,2025-02-17,LANDSCAPING,MEDIUM,COMPLETED,3986.12,3151.61,2025-03-10,21
WO-TSY6Z9M7KXLW,CA-AZ-00000013,,2025-03-01,HVAC,HIGH,OPEN,13881.54,,,88
WO-VL3TS22GVXTT,CA-AZ-00000013,,2025-03-04,ROOFING,MEDIUM,DEFERRED,3524.78,,,57
WO-UIGLWX4SYA34,CA-AZ-00000013,,2025-03-23,ELECTRICAL,MEDIUM,COMPLETED,14602.01,7243.08,2025-03-27,4
WO-YO6PUO8CKJZN,CA-AZ-00000013,,2025-03-05,GENERAL,MEDIUM,COMPLETED,6041.26,2561.18,2025-03-22,17
WO-K18L5RIVVCEP,CA-AZ-00000013,,2025-04-19,LANDSCAPING,LOW,COMPLETED,13394.87,2904.61,2025-04-26,7
WO-GFSBYPL2B4LN,CA-AZ-00000013,,2025-04-10,HVAC,EMERGENCY,COMPLETED,3632.57,5318.73,2025-04-23,13
WO-MGUTEODJTI1F,CA-AZ-00000013,,2025-05-13,PLUMBING,LOW,OPEN,11420.18,,,58
WO-NOS87Q8NAG2F,CA-AZ-00000013,,2025-06-05,PLUMBING,MEDIUM,OPEN,7942.0,,,20
WO-AE9EKVBNR7PH,CA-AZ-00000013,,2025-06-27,ROOFING,MEDIUM,COMPLETED,1213.44,9978.2,2025-06-29,2
WO-83PQ6MFKTE8S,CA-AZ-00000013,,2025-06-22,HVAC,HIGH,OPEN,5833.58,,,71
WO-ITMC5QLVI9TE,CA-FL-00000014,,2024-01-09,PLUMBING,LOW,COMPLETED,7508.37,9043.2,2024-01-16,7
WO-O3RS536MYLYN,CA-FL-00000014,,2024-05-22,LANDSCAPING,HIGH,COMPLETED,13756.34,5565.98,2024-06-09,18
WO-DJY112F6H0RX,CA-FL-00000014,,2024-05-19,ELECTRICAL,MEDIUM,COMPLETED,13163.36,2550.3,2024-06-05,17
WO-GLM0CIX3HSC0,CA-FL-00000014,,2024-06-22,ELECTRICAL,MEDIUM,COMPLETED,10634.2,10293.0,2024-07-06,14
WO-8II26FLNTFL8,CA-FL-00000014,,2024-08-22,PLUMBING,HIGH,COMPLETED,11412.48,10128.26,2024-08-28,6
WO-VA6UE8QIAWJB,CA-FL-00000014,,2024-10-20,ELECTRICAL,MEDIUM,COMPLETED,4711.5,5492.63,2024-10-25,5
WO-WRBQJN10K068,CA-FL-00000014,,2024-10-23,HVAC,EMERGENCY,COMPLETED,5315.2,2596.97,2024-11-07,15
WO-4AVXRRRX04UK,CA-FL-00000014,,2024-12-11,ELECTRICAL,MEDIUM,COMPLETED,11092.24,4414.17,2024-12-14,3
WO-3FZHOMLD7M1J,CA-FL-00000014,,2025-01-04,ROOFING,HIGH,COMPLETED,12133.21,7863.7,2025-01-23,19
WO-BORMYC336LL8,CA-FL-00000014,,2025-01-15,ELECTRICAL,MEDIUM,COMPLETED,12278.04,965.42,2025-01-17,2
WO-C2PAQOV19WV8,CA-FL-00000014,,2025-05-12,PLUMBING,MEDIUM,COMPLETED,5944.29,6793.28,2025-05-13,1
WO-H756G7U6483J,CA-FL-00000014,,2025-05-21,PLUMBING,HIGH,COMPLETED,14424.76,10763.28,2025-06-11,21
WO-NPZ8NOL41A8Z,CA-NY-00000015,,2024-03-02,ELECTRICAL,MEDIUM,COMPLETED,12755.04,7437.75,2024-03-19,17
WO-V7CCG30Q9IOQ,CA-NY-00000015,,2024-04-17,PLUMBING,HIGH,DEFERRED,8197.59,,,37
WO-Y09J49RV1UXU,CA-NY-00000015,,2024-04-17,LANDSCAPING,LOW,COMPLETED,11023.35,5924.15,2024-04-24,7
WO-UAYUWLGV9ZUC,CA-NY-00000015,,2024-06-08,HVAC,HIGH,COMPLETED,11338.16,9057.92,2024-06-18,10
WO-V3EO8INC55ZQ,CA-NY-00000015,,2024-06-03,ROOFING,LOW,DEFERRED,9892.69,,,12
WO-HIOFKJLSHBTH,CA-NY-00000015,,2024-08-07,PLUMBING,MEDIUM,OPEN,4819.63,,,78
WO-X57T3FXIVHXJ,CA-NY-00000015,,2024-10-14,GENERAL,LOW,COMPLETED,10729.06,3258.01,2024-10-21,7
WO-A28D9JZFU46D,CA-NY-00000015,,2025-01-07,PLUMBING,HIGH,OPEN,4873.81,,,24
WO-JFKK0X7TR43B,CA-NY-00000015,,2025-02-05,HVAC,HIGH,COMPLETED,11451.71,5826.12,2025-02-12,7
WO-SM8PPEKMEB1P,CA-NY-00000015,,2025-03-24,STRUCTURAL,MEDIUM,COMPLETED,7095.79,5330.14,2025-04-08,15
WO-N2OTWDVGN2X8,CA-NY-00000015,,2025-05-13,LANDSCAPING,MEDIUM,COMPLETED,11855.72,8029.19,2025-05-22,9
WO-626O5UPWPUJX,CA-IL-00000016,,2024-01-11,GENERAL,MEDIUM,OPEN,4537.23,,,88
WO-4S9OKTCQ8OPX,CA-IL-00000016,,2024-01-20,LANDSCAPING,MEDIUM,COMPLETED,9241.17,11961.76,2024-02-03,14
WO-YM36PT48BM2H,CA-IL-00000016,,2024-02-19,PLUMBING,MEDIUM,COMPLETED,4992.95,2651.77,2024-02-28,9
WO-0PLKRZLE3YP6,CA-IL-00000016,,2024-02-24,HVAC,MEDIUM,COMPLETED,8191.26,10346.97,2024-03-01,6
WO-IO5CZVUYQAMX,CA-IL-00000016,,2024-02-13,PLUMBING,HIGH,COMPLETED,8811.43,5034.02,2024-02-18,5
WO-JQ8ZCIVOMZ75,CA-IL-00000016,,2024-03-04,ROOFING,MEDIUM,COMPLETED,2998.39,2309.43,2024-03-05,1
WO-KTAP4NFRP6CL,CA-IL-00000016,,2024-04-19,GENERAL,LOW,COMPLETED,6894.48,5181.37,2024-04-28,9
WO-PXL14JYYQR1V,CA-IL-00000016,,2024-04-18,GENERAL,EMERGENCY,DEFERRED,10469.91,,,96
WO-C0PELYN880JI,CA-IL-00000016,,2024-04-23,PLUMBING,LOW,COMPLETED,13894.98,1792.75,2024-05-08,15
WO-RCKZGYDITM6J,CA-IL-00000016,,2024-06-17,STRUCTURAL,LOW,COMPLETED,7019.2,550.56,2024-06-22,5
WO-5CE6LMJ4I4L3,CA-IL-00000016,,2024-06-21,LANDSCAPING,LOW,COMPLETED,756.8,4154.9,2024-07-01,10
WO-KU9E4EMLUNNV,CA-IL-00000016,,2024-06-21,GENERAL,MEDIUM,COMPLETED,9304.27,10757.92,2024-06-23,2
WO-0P4S2WFICFVX,CA-IL-00000016,,2024-06-27,GENERAL,LOW,OPEN,6425.88,,,41
WO-MWI2XTOXZCFB,CA-IL-00000016,,2024-07-23,ROOFING,MEDIUM,COMPLETED,1672.63,8414.86,2024-07-30,7
WO-8XMWP0XD9BC6,CA-IL-00000016,,2024-07-24,PLUMBING,MEDIUM,COMPLETED,4810.36,2090.06,2024-07-25,1
WO-YRXMFRA3LS0Y,CA-IL-00000016,,2024-07-05,HVAC,HIGH,OPEN,8225.9,,,142
WO-6JMM6VCY5MZF,CA-IL-00000016,,2024-09-16,HVAC,MEDIUM,COMPLETED,5100.63,8879.17,2024-10-03,17
WO-TS2565Q5KEUP,CA-IL-00000016,,2024-10-01,ELECTRICAL,LOW,COMPLETED,13495.69,2107.74,2024-10-12,11
WO-IDY9BI47M7LT,CA-IL-00000016,,2024-10-07,PLUMBING,HIGH,COMPLETED,7087.78,10954.97,2024-10-19,12
WO-LFDLVT27VDC4,CA-IL-00000016,,2024-11-26,PLUMBING,MEDIUM,COMPLETED,952.14,3507.21,2024-12-16,20
WO-S2JSYTUAYAIM,CA-IL-00000016,,2024-12-09,ROOFING,HIGH,COMPLETED,2248.92,11905.53,2024-12-25,16
WO-4HQWDC482PSB,CA-IL-00000016,,2024-12-15,STRUCTURAL,MEDIUM,DEFERRED,7779.6,,,27
WO-X7WFHY6E5DNW,CA-IL-00000016,,2024-12-03,ELECTRICAL,LOW,DEFERRED,687.54,,,35
WO-KNLUIISNN2T3,CA-IL-00000016,,2024-12-07,HVAC,LOW,DEFERRED,3689.82,,,64
WO-IVS0F06EMPKG,CA-IL-00000016,,2024-12-26,GENERAL,LOW,COMPLETED,3758.12,8596.28,2025-01-03,8
WO-OO74DKN6B8SR,CA-IL-00000016,,2025-01-28,ELECTRICAL,HIGH,COMPLETED,13255.27,4684.8,2025-02-12,15
WO-9IE3EOVFL1U3,CA-IL-00000016,,2025-02-12,ELECTRICAL,LOW,COMPLETED,12397.07,2080.88,2025-02-21,9
WO-2XOZ10TP409C,CA-IL-00000016,,2025-02-01,ELEVATOR,HIGH,OPEN,4260.04,,,70
WO-2M2KWETA93IP,CA-IL-00000016,,2025-03-07,GENERAL,LOW,DEFERRED,1241.5,,,50
WO-GP6CYWR33QVB,CA-IL-00000016,,2025-03-02,ELECTRICAL,LOW,COMPLETED,5589.09,2027.77,2025-03-05,3
WO-4F41455UT6DG,CA-IL-00000016,,2025-04-15,HVAC,MEDIUM,OPEN,1161.66,,,16
WO-MUM3QHVQIXT7,CA-IL-00000016,,2025-04-25,ELECTRICAL,MEDIUM,COMPLETED,8216.03,9128.05,2025-05-04,9
WO-IHZBTX2UEZ2G,CA-IL-00000016,,2025-05-07,PLUMBING,MEDIUM,DEFERRED,234.84,,,222
WO-PXTPPDYWD6P3,CA-IL-00000016,,2025-05-27,ELEVATOR,MEDIUM,COMPLETED,9548.78,11311.52,2025-05-30,3
WO-UTJVTUWVIP9N,CA-IL-00000016,,2025-05-02,STRUCTURAL,LOW,COMPLETED,7923.16,3947.19,2025-05-17,15
WO-R1H59HKFTJEC,CA-IL-00000016,,2025-06-03,ROOFING,MEDIUM,OPEN,3411.57,,,65
WO-LJFVRX4J8FTY,CA-IL-00000016,,2025-06-24,ELECTRICAL,LOW,DEFERRED,10432.72,,,95
WO-5JD2LIUWG1H9,CA-CA-00000017,,2024-02-08,ELEVATOR,MEDIUM,COMPLETED,12195.31,10886.22,2024-02-29,21
WO-IAYIIAPUQF9A,CA-CA-00000017,,2024-02-28,LANDSCAPING,LOW,COMPLETED,12374.92,11761.74,2024-03-04,5
WO-JOQ1WO1LEU3Q,CA-CA-00000017,,2024-03-17,ELEVATOR,HIGH,COMPLETED,1646.94,5984.23,2024-03-28,11
WO-IUFXN1S62XF5,CA-CA-00000017,,2024-04-07,LANDSCAPING,LOW,COMPLETED,8835.52,3853.09,2024-04-14,7
WO-DTH8EZSYUYNP,CA-CA-00000017,,2024-04-12,ELECTRICAL,HIGH,COMPLETED,12732.0,5969.25,2024-05-03,21
WO-9RGV4DQLE93J,CA-CA-00000017,,2024-06-24,GENERAL,MEDIUM,DEFERRED,13698.57,,,101
WO-LTBG82TJ3BDH,CA-CA-00000017,,2024-06-18,ROOFING,LOW,COMPLETED,5644.73,2243.72,2024-06-26,8
WO-NNO60WLWQ0OC,CA-CA-00000017,,2024-07-10,PLUMBING,LOW,COMPLETED,11138.28,1833.98,2024-07-21,11
WO-MXU1VYEHOTOT,CA-CA-00000017,,2024-08-05,LANDSCAPING,MEDIUM,COMPLETED,4845.36,841.43,2024-08-22,17
WO-GEPVFXTVR79K,CA-CA-00000017,,2024-09-23,ELECTRICAL,LOW,COMPLETED,6154.11,5687.5,2024-09-25,2
WO-LQESY8UGZONZ,CA-CA-00000017,,2024-10-08,LANDSCAPING,LOW,COMPLETED,5145.89,8775.12,2024-10-15,7
WO-QTXYBWWQQOLU,CA-CA-00000017,,2024-10-19,ELECTRICAL,HIGH,COMPLETED,10494.07,7205.69,2024-10-23,4
WO-KBVIH2G3OALB,CA-CA-00000017,,2024-11-18,LANDSCAPING,LOW,COMPLETED,13411.35,3264.33,2024-11-26,8
WO-2S4MB5RXYBNW,CA-CA-00000017,,2025-02-16,GENERAL,LOW,COMPLETED,4925.76,2146.88,2025-03-09,21
WO-4WZP43NIP1HI,CA-CA-00000017,,2025-03-22,HVAC,LOW,COMPLETED,4607.0,1226.21,2025-04-09,18
WO-EG2FJAQW0MNW,CA-CA-00000017,,2025-04-15,LANDSCAPING,LOW,DEFERRED,13962.39,,,144
WO-5798YLVYBLT1,CA-CA-00000017,,2025-06-22,GENERAL,MEDIUM,COMPLETED,14760.65,11197.08,2025-07-05,13
WO-IFYOS1Z1Y8MS,CA-CO-00000018,,2024-02-14,PLUMBING,MEDIUM,COMPLETED,5375.62,11854.48,2024-03-05,20
WO-HGAWST2MLSJ3,CA-CO-00000018,,2024-03-21,LANDSCAPING,HIGH,COMPLETED,9844.36,4947.01,2024-03-31,10
WO-U0EX4723UL3Z,CA-CO-00000018,,2024-04-02,ELEVATOR,MEDIUM,COMPLETED,11718.33,3525.0,2024-04-23,21
WO-IFT9SMI5D1YQ,CA-CO-00000018,,2024-06-23,GENERAL,MEDIUM,COMPLETED,11778.5,7866.84,2024-06-27,4
WO-3VAI71H95JC0,CA-CO-00000018,,2024-06-17,PLUMBING,MEDIUM,COMPLETED,4752.12,2320.82,2024-07-05,18
WO-OTCU60P8VP4Q,CA-CO-00000018,,2024-07-05,STRUCTURAL,MEDIUM,COMPLETED,3966.05,7839.04,2024-07-23,18
WO-THJ59T727W0Z,CA-CO-00000018,,2024-07-21,LANDSCAPING,LOW,COMPLETED,8969.5,3534.87,2024-08-06,16
WO-2ZLSHCX3NFAA,CA-CO-00000018,,2024-08-21,GENERAL,EMERGENCY,COMPLETED,9875.71,11006.65,2024-08-30,9
WO-H2U6PS69OXZU,CA-CO-00000018,,2024-09-14,LANDSCAPING,MEDIUM,COMPLETED,12720.81,3151.26,2024-09-29,15
WO-NBQFVAZY3EWU,CA-CO-00000018,,2024-10-24,ELECTRICAL,LOW,COMPLETED,6887.31,1444.79,2024-11-05,12
WO-8WJH00U0IHCX,CA-CO-00000018,,2024-12-11,GENERAL,MEDIUM,OPEN,3746.1,,,204
WO-B3IRBWXMU6XE,CA-CO-00000018,,2025-01-10,HVAC,MEDIUM,COMPLETED,14980.15,2239.65,2025-01-16,6
WO-9ASQGZTN1O5S,CA-CO-00000018,,2025-01-28,STRUCTURAL,MEDIUM,COMPLETED,1020.03,8902.96,2025-02-15,18
WO-8C3OSK99MNR0,CA-CO-00000018,,2025-03-09,ROOFING,MEDIUM,COMPLETED,2350.13,9123.87,2025-03-26,17
WO-ABUD2NTCXPGD,CA-CO-00000018,,2025-05-09,GENERAL,HIGH,COMPLETED,8446.89,6360.66,2025-05-15,6
WO-O6XIFRFXAF66,CA-CO-00000018,,2025-06-08,LANDSCAPING,MEDIUM,COMPLETED,13249.2,5398.16,2025-06-14,6
WO-YKVGJKB0VBEP,CA-IL-00000019,,2024-06-17,PLUMBING,MEDIUM,COMPLETED,5727.8,1922.7,2024-06-20,3
WO-FPA2CGANHIE3,CA-IL-00000019,,2024-07-01,HVAC,EMERGENCY,COMPLETED,7163.9,1628.59,2024-07-09,8
WO-N1XOJCOLULYL,CA-IL-00000019,,2024-08-06,ELECTRICAL,LOW,COMPLETED,8646.9,11837.01,2024-08-14,8
WO-HP2RK3C47T3W,CA-IL-00000019,,2024-10-09,ELEVATOR,MEDIUM,COMPLETED,13640.43,11085.76,2024-10-27,18
WO-KJO15QSVV2K1,CA-IL-00000019,,2024-10-17,ELECTRICAL,MEDIUM,COMPLETED,2353.63,980.02,2024-10-19,2
WO-0A8THM8FRTM0,CA-IL-00000019,,2024-11-10,ROOFING,MEDIUM,COMPLETED,6539.02,11855.19,2024-11-15,5
WO-WSO69GL1NYUJ,CA-IL-00000019,,2024-11-19,PLUMBING,MEDIUM,OPEN,7105.02,,,37
WO-5FQTEA1O4H8C,CA-IL-00000019,,2025-01-24,STRUCTURAL,MEDIUM,COMPLETED,2589.34,9018.86,2025-02-06,13
WO-A4A57VIG06IH,CA-IL-00000019,,2025-03-11,ROOFING,MEDIUM,OPEN,4145.31,,,98
WO-1869V3E3RS1L,CA-IL-00000019,,2025-05-28,LANDSCAPING,MEDIUM,COMPLETED,12685.92,11987.99,2025-06-05,8
WO-KZZHX2WABQG8,CA-IL-00000019,,2025-05-14,ROOFING,LOW,COMPLETED,9017.77,6250.45,2025-06-04,21
WO-CYJN0RIDGZ6G,CA-IL-00000019,,2025-06-28,ROOFING,LOW,COMPLETED,13784.15,8951.97,2025-07-16,18
WO-U4KPV1MJH4PU,CA-VA-00000020,,2024-02-11,PLUMBING,MEDIUM,COMPLETED,4960.95,9038.62,2024-03-01,19
WO-O2LAIYI922KW,CA-VA-00000020,,2024-03-22,GENERAL,LOW,COMPLETED,3707.44,6058.53,2024-04-07,16
WO-8G3A64S6P8Q0,CA-VA-00000020,,2024-05-20,HVAC,MEDIUM,COMPLETED,4222.89,2384.68,2024-05-23,3
WO-K9IRDZPYOGJG,CA-VA-00000020,,2024-05-17,GENERAL,MEDIUM,COMPLETED,872.96,7005.5,2024-06-05,19
WO-YB85WOLKSY8I,CA-VA-00000020,,2024-06-09,LANDSCAPING,LOW,COMPLETED,3282.62,9992.52,2024-06-27,18
WO-RFJ6NS4J0JVC,CA-VA-00000020,,2024-07-08,ROOFING,MEDIUM,COMPLETED,7337.06,10481.97,2024-07-29,21
WO-WBGREIIB75HJ,CA-VA-00000020,,2024-08-21,ELECTRICAL,MEDIUM,COMPLETED,7157.93,1801.61,2024-08-27,6
WO-VCZ5AD15NGNE,CA-VA-00000020,,2024-10-23,STRUCTURAL,HIGH,COMPLETED,6343.51,2241.41,2024-10-25,2
WO-KPR6BE4N6KIX,CA-VA-00000020,,2024-12-04,HVAC,HIGH,COMPLETED,9325.33,405.88,2024-12-13,9
WO-M200XAIKURMF,CA-VA-00000020,,2025-02-08,PLUMBING,LOW,OPEN,4714.2,,,33
WO-MDIKP56I3RXV,CA-VA-00000020,,2025-03-11,ROOFING,HIGH,COMPLETED,14155.42,5149.96,2025-03-31,20
WO-FOCNL9I327KB,CA-VA-00000020,,2025-04-09,STRUCTURAL,MEDIUM,COMPLETED,14349.26,11409.02,2025-04-24,15
WO-B45OILPD3B1F,CA-TX-00000021,,2024-01-06,ROOFING,MEDIUM,COMPLETED,7016.25,4142.2,2024-01-27,21
WO-AAAZK2ZPF0ZI,CA-TX-00000021,,2024-03-20,ROOFING,LOW,COMPLETED,5113.51,6489.14,2024-04-10,21
WO-PN0FBRQ6QIDR,CA-TX-00000021,,2024-10-04,PLUMBING,HIGH,COMPLETED,1341.58,7777.69,2024-10-10,6
WO-211AYAMISOLE,CA-TX-00000021,,2024-11-06,STRUCTURAL,MEDIUM,COMPLETED,7484.79,9611.83,2024-11-25,19
WO-UWTD4NK2BILD,CA-TX-00000021,,2024-11-13,STRUCTURAL,LOW,COMPLETED,5659.93,9539.98,2024-11-27,14
WO-JNH5HCFFMXAP,CA-TX-00000021,,2024-12-14,PLUMBING,MEDIUM,COMPLETED,7884.89,9275.03,2024-12-27,13
WO-53MTL6210CBD,CA-TX-00000021,,2025-02-18,ROOFING,HIGH,COMPLETED,6073.34,1376.14,2025-02-25,7
WO-EXBNXK6XN8BE,CA-TX-00000022,,2024-02-17,PLUMBING,MEDIUM,DEFERRED,9152.12,,,50
WO-8OX1NGGNX6B1,CA-TX-00000022,,2024-05-07,ROOFING,HIGH,COMPLETED,7159.17,2243.65,2024-05-27,20
WO-TLAO4Z0MZW45,CA-TX-00000022,,2024-07-08,ROOFING,EMERGENCY,COMPLETED,12397.28,9668.08,2024-07-13,5
WO-I62N247FBQ0B,CA-TX-00000022,,2024-12-17,LANDSCAPING,HIGH,COMPLETED,4395.31,1561.96,2024-12-26,9
WO-L6C7L5CX25GL,CA-TX-00000022,,2025-01-01,HVAC,MEDIUM,COMPLETED,8083.16,10946.98,2025-01-10,9
WO-UGDUF8S3GYL8,CA-TX-00000022,,2025-02-04,HVAC,MEDIUM,DEFERRED,7055.57,,,82
WO-20UX31QZ9ZDK,CA-TX-00000022,,2025-06-10,PLUMBING,MEDIUM,DEFERRED,13409.09,,,20
WO-TVFTYGIG0WOP,CA-TX-00000022,,2025-06-02,HVAC,MEDIUM,DEFERRED,7883.12,,,111
WO-03T7QIIO9LVH,CA-NC-00000023,,2024-01-18,ELECTRICAL,MEDIUM,COMPLETED,3665.19,5744.36,2024-02-07,20
WO-91QNKEK0BCU9,CA-NC-00000023,,2024-02-20,STRUCTURAL,MEDIUM,COMPLETED,11911.55,7378.96,2024-02-27,7
WO-X0VKKXHMJAIC,CA-NC-00000023,,2024-02-03,ELECTRICAL,HIGH,OPEN,3187.87,,,39
WO-I1H3BUQ9OOIH,CA-NC-00000023,,2024-03-03,HVAC,MEDIUM,COMPLETED,6456.02,966.11,2024-03-15,12
WO-0BUUSH3B7A6E,CA-NC-00000023,,2024-04-10,GENERAL,LOW,COMPLETED,13851.21,7329.8,2024-04-18,8
WO-A9X9F5W20BUJ,CA-NC-00000023,,2024-04-09,ELECTRICAL,LOW,COMPLETED,5499.27,9562.02,2024-04-18,9
WO-83VMZ6AWGDG5,CA-NC-00000023,,2024-04-09,GENERAL,MEDIUM,COMPLETED,7182.02,10234.46,2024-04-18,9
WO-I78FF1RDPKMQ,CA-NC-00000023,,2024-08-20,HVAC,MEDIUM,COMPLETED,3861.45,5675.41,2024-09-03,14
WO-9X8280U9DATC,CA-NC-00000023,,2024-11-02,GENERAL,LOW,OPEN,1744.44,,,63
WO-P0B37VO52KM9,CA-NC-00000023,,2024-12-15,PLUMBING,LOW,DEFERRED,6087.95,,,65
WO-OZEK9K0VT8QT,CA-NC-00000023,,2025-01-11,LANDSCAPING,LOW,COMPLETED,12741.66,4496.62,2025-01-26,15
WO-B1NJ0GJFZLXA,CA-NC-00000023,,2025-01-19,ELECTRICAL,EMERGENCY,COMPLETED,9261.59,9641.85,2025-01-28,9
WO-NCW3D7C866JO,CA-NC-00000023,,2025-05-24,PLUMBING,LOW,COMPLETED,9638.49,8533.93,2025-05-31,7
WO-PRK9HR5GGRKM,CA-NC-00000023,,2025-06-14,STRUCTURAL,LOW,OPEN,8441.57,,,78
WO-PYJQ2RCHBR9J,CA-FL-00000024,,2024-01-04,HVAC,MEDIUM,DEFERRED,12399.57,,,21
WO-Z7UPIS086QIL,CA-FL-00000024,,2024-01-25,HVAC,MEDIUM,OPEN,2761.9,,,207
WO-JT0BZ90SN4HO,CA-FL-00000024,,2024-01-11,ELECTRICAL,LOW,COMPLETED,1377.84,2829.07,2024-01-21,10
WO-HEUQD6VAOLIQ,CA-FL-00000024,,2024-01-28,PLUMBING,HIGH,DEFERRED,3755.13,,,184
WO-7KKPOPIFPC3X,CA-FL-00000024,,2024-01-13,HVAC,MEDIUM,DEFERRED,14066.09,,,98
WO-OD6Z0PFHTNA0,CA-FL-00000024,,2024-01-02,ELECTRICAL,MEDIUM,OPEN,13111.21,,,227
WO-OR73KWNPGWB2,CA-FL-00000024,,2024-01-11,HVAC,LOW,DEFERRED,11751.93,,,14
WO-ERF3JDS4P7Q5,CA-FL-00000024,,2024-01-10,ROOFING,LOW,COMPLETED,9341.84,1943.39,2024-01-22,12
WO-RRMIPKAMQMFD,CA-FL-00000024,,2024-02-06,HVAC,LOW,COMPLETED,1403.06,2741.19,2024-02-19,13
WO-2K24RVGFPDVX,CA-FL-00000024,,2024-02-24,ROOFING,MEDIUM,DEFERRED,6822.7,,,30
WO-YL46WVV461V1,CA-FL-00000024,,2024-02-27,PLUMBING,HIGH,OPEN,3241.72,,,97
WO-DOHI2R2UTG72,CA-FL-00000024,,2024-02-27,HVAC,MEDIUM,COMPLETED,12141.21,2732.64,2024-03-15,17
WO-V891R0C2L0KJ,CA-FL-00000024,,2024-03-22,GENERAL,MEDIUM,DEFERRED,585.54,,,100
WO-LE9Y59SXBN8L,CA-FL-00000024,,2024-03-19,PLUMBING,MEDIUM,COMPLETED,3991.4,9125.76,2024-03-27,8
WO-LZ9AU3OCLGNG,CA-FL-00000024,,2024-03-02,ELECTRICAL,MEDIUM,OPEN,14008.4,,,163
WO-QMZ5CFBO19P3,CA-FL-00000024,,2024-04-15,ELECTRICAL,HIGH,DEFERRED,6133.99,,,68
WO-YNGHQTNZFGZ4,CA-FL-00000024,,2024-04-13,ELECTRICAL,LOW,OPEN,11880.28,,,24
WO-ULO9VUV73GRN,CA-FL-00000024,,2024-04-08,ELECTRICAL,LOW,OPEN,1804.27,,,27
WO-49FUFWEBBWJM,CA-FL-00000024,,2024-04-05,HVAC,MEDIUM,DEFERRED,11553.76,,,148
WO-LZ8IOVJ2UZ95,CA-FL-00000024,,2024-04-05,LANDSCAPING,MEDIUM,COMPLETED,10705.4,1032.24,2024-04-19,14
WO-ZYWKNUTLIEC1,CA-FL-00000024,,2024-04-14,HVAC,EMERGENCY,COMPLETED,3611.55,3555.76,2024-04-18,4
WO-A6J230JEVDKD,CA-FL-00000024,,2024-04-26,PLUMBING,HIGH,DEFERRED,11167.27,,,101
WO-3E4EY86P6USU,CA-FL-00000024,,2024-05-02,LANDSCAPING,MEDIUM,COMPLETED,2634.11,3933.79,2024-05-14,12
WO-FRNLI0Q1FAO6,CA-FL-00000024,,2024-05-02,PLUMBING,MEDIUM,OPEN,4514.96,,,39
WO-V1H76UT266FG,CA-FL-00000024,,2024-05-05,ROOFING,MEDIUM,DEFERRED,1901.41,,,10
WO-NPWNQBZ17F3K,CA-FL-00000024,,2024-05-11,LANDSCAPING,EMERGENCY,COMPLETED,12740.05,1884.01,2024-05-25,14
WO-8870G9D1HFFF,CA-FL-00000024,,2024-05-14,GENERAL,MEDIUM,OPEN,2390.77,,,23
WO-X6FDGAALDSNP,CA-FL-00000024,,2024-06-02,STRUCTURAL,MEDIUM,COMPLETED,7671.02,9289.79,2024-06-14,12
WO-060OYKNV4J67,CA-FL-00000024,,2024-06-19,PLUMBING,LOW,COMPLETED,11363.96,2924.09,2024-07-01,12
WO-JCZE46WDGG8I,CA-FL-00000024,,2024-06-13,ELECTRICAL,LOW,DEFERRED,425.3,,,19
WO-61AVDFAM6BZ6,CA-FL-00000024,,2024-06-24,LANDSCAPING,HIGH,DEFERRED,2500.73,,,63
WO-0JTBXZNML6NE,CA-FL-00000024,,2024-06-01,STRUCTURAL,LOW,OPEN,2116.97,,,122
WO-E3H44WNGHWUG,CA-FL-00000024,,2024-06-22,ELECTRICAL,LOW,OPEN,14902.09,,,20
WO-LMBETKMBI5UI,CA-FL-00000024,,2024-06-10,HVAC,MEDIUM,COMPLETED,9352.23,8410.43,2024-06-23,13
WO-WNOR7PMJ5LWO,CA-FL-00000024,,2024-06-22,STRUCTURAL,LOW,COMPLETED,2605.18,9531.67,2024-06-29,7
WO-DOESOLKIPTFA,CA-FL-00000024,,2024-06-22,LANDSCAPING,LOW,DEFERRED,8358.12,,,63
WO-85LTLCZ2I9AK,CA-FL-00000024,,2024-07-19,LANDSCAPING,LOW,DEFERRED,10712.15,,,55
WO-IJ5JX8UXNSXU,CA-FL-00000024,,2024-07-15,LANDSCAPING,MEDIUM,DEFERRED,12356.49,,,541
WO-8F666J7P0RJU,CA-FL-00000024,,2024-07-15,PLUMBING,MEDIUM,OPEN,11611.84,,,14
WO-S5ZKX2D346XG,CA-FL-00000024,,2024-07-14,HVAC,MEDIUM,OPEN,12685.19,,,127
WO-CEO3MWDYGU0M,CA-FL-00000024,,2024-07-16,HVAC,HIGH,DEFERRED,13797.67,,,47
WO-SB09UX6YWI4A,CA-FL-00000024,,2024-07-04,HVAC,LOW,COMPLETED,7025.56,6808.1,2024-07-10,6
WO-PI42EFPCVXMZ,CA-FL-00000024,,2024-07-04,GENERAL,MEDIUM,DEFERRED,7781.86,,,101
WO-ZVOVV7BSCX1I,CA-FL-00000024,,2024-08-15,HVAC,MEDIUM,OPEN,5760.91,,,30
WO-OGNHRU3A1024,CA-FL-00000024,,2024-08-11,GENERAL,MEDIUM,DEFERRED,3001.17,,,65
WO-4QPHQQIS9TXG,CA-FL-00000024,,2024-08-02,ROOFING,LOW,COMPLETED,8079.5,3479.06,2024-08-13,11
WO-NR6SDMDI0MLI,CA-FL-00000024,,2024-08-01,HVAC,MEDIUM,OPEN,5538.68,,,12
WO-DW2C0Q8FQI3J,CA-FL-00000024,,2024-08-19,PLUMBING,MEDIUM,COMPLETED,14392.21,4686.09,2024-08-31,12
WO-5U39VGHYYGN2,CA-FL-00000024,,2024-08-09,HVAC,LOW,OPEN,14344.29,,,88
WO-LX3DSA8MZWLU,CA-FL-00000024,,2024-09-02,LANDSCAPING,EMERGENCY,OPEN,711.05,,,91
WO-E19X4AMZXXY9,CA-FL-00000024,,2024-09-02,STRUCTURAL,MEDIUM,DEFERRED,3438.29,,,127
WO-A1BRSXO55VYL,CA-FL-00000024,,2024-09-24,ELECTRICAL,MEDIUM,COMPLETED,11065.15,10503.75,2024-09-29,5
WO-0C1ICOY2GS4Z,CA-FL-00000024,,2024-09-21,HVAC,LOW,COMPLETED,6915.08,5007.37,2024-09-28,7
WO-1RBPJ0P9W5Y3,CA-FL-00000024,,2024-09-17,ROOFING,LOW,OPEN,6436.13,,,73
WO-FTE7AMQ4RAX0,CA-FL-00000024,,2024-09-05,ELEVATOR,MEDIUM,OPEN,2125.38,,,61
WO-L154TNCJP0Q8,CA-FL-00000024,,2024-10-05,HVAC,MEDIUM,COMPLETED,440.79,432.81,2024-10-14,9
WO-FXHZDYWQYOTZ,CA-FL-00000024,,2024-10-11,HVAC,LOW,OPEN,3297.17,,,30
WO-UP8FWPYLNBN7,CA-FL-00000024,,2024-10-02,PLUMBING,LOW,COMPLETED,13851.78,8241.12,2024-10-03,1
WO-3D4PV97Z8GRI,CA-FL-00000024,,2024-11-16,ELEVATOR,MEDIUM,DEFERRED,13508.74,,,172
WO-JAOCD2NT4EDD,CA-FL-00000024,,2024-11-19,ROOFING,MEDIUM,DEFERRED,6196.08,,,45
WO-IFATDF2NYF13,CA-FL-00000024,,2024-11-02,LANDSCAPING,LOW,COMPLETED,5394.14,9805.71,2024-11-20,18
WO-9JNKM3ADP7VH,CA-FL-00000024,,2024-11-13,PLUMBING,LOW,OPEN,14397.67,,,56
WO-WB25B3XQHWQQ,CA-FL-00000024,,2024-11-16,PLUMBING,MEDIUM,DEFERRED,724.75,,,26
WO-E1VYTB6W3VGV,CA-FL-00000024,,2024-11-25,ELECTRICAL,LOW,COMPLETED,10346.44,1324.73,2024-12-03,8
WO-4A77KG39O553,CA-FL-00000024,,2024-11-04,ELEVATOR,HIGH,DEFERRED,9168.25,,,139
WO-XW7DOHC27G7Q,CA-FL-00000024,,2024-11-28,LANDSCAPING,LOW,DEFERRED,6786.84,,,92
WO-LXZAJY4D20RQ,CA-FL-00000024,,2024-12-01,ELECTRICAL,HIGH,COMPLETED,12781.43,10252.74,2024-12-18,17
WO-90E5BIFGQN04,CA-FL-00000024,,2024-12-03,ELECTRICAL,HIGH,COMPLETED,10242.21,9897.61,2024-12-18,15
WO-Q8GZN5Y5XAVT,CA-FL-00000024,,2024-12-16,PLUMBING,HIGH,COMPLETED,2825.65,3081.34,2024-12-28,12
WO-SM0OFU8PQ3OZ,CA-FL-00000024,,2024-12-27,STRUCTURAL,MEDIUM,COMPLETED,3105.91,5212.9,2024-12-31,4
WO-SOMLBBJX014I,CA-FL-00000024,,2024-12-19,PLUMBING,HIGH,COMPLETED,14971.47,8000.82,2024-12-20,1
WO-XK02DOMFLRJX,CA-FL-00000024,,2024-12-21,ELECTRICAL,EMERGENCY,DEFERRED,4277.33,,,27
WO-BGO6DGR2KEXW,CA-FL-00000024,,2024-12-11,ROOFING,MEDIUM,COMPLETED,14137.7,10512.97,2024-12-17,6
WO-8X9RCGJMPIHM,CA-FL-00000024,,2024-12-05,PLUMBING,MEDIUM,COMPLETED,14824.65,3486.79,2024-12-16,11
WO-NCRUUEP9LHXB,CA-FL-00000024,,2024-12-02,GENERAL,HIGH,COMPLETED,12983.5,4166.09,2024-12-10,8
WO-EZXOIVSEAOAR,CA-FL-00000024,,2025-01-05,LANDSCAPING,HIGH,DEFERRED,6407.99,,,65
WO-D0Y050JFB8PI,CA-FL-00000024,,2025-01-19,GENERAL,HIGH,OPEN,4165.31,,,91
WO-V1I982EBZPII,CA-FL-00000024,,2025-01-28,LANDSCAPING,LOW,COMPLETED,10539.3,10582.72,2025-02-02,5
WO-LNIUY1UZVH1E,CA-FL-00000024,,2025-01-25,PLUMBING,HIGH,COMPLETED,1604.62,2638.66,2025-02-14,20
WO-CYQX4RPMNZYV,CA-FL-00000024,,2025-02-21,PLUMBING,EMERGENCY,COMPLETED,14508.52,10231.8,2025-03-08,15
WO-FXJA6GJLGS8W,CA-FL-00000024,,2025-02-15,ELECTRICAL,MEDIUM,OPEN,1220.96,,,27
WO-LMFB7O7KFWFB,CA-FL-00000024,,2025-02-13,GENERAL,HIGH,COMPLETED,8817.34,9730.37,2025-02-26,13
WO-W632YE18VP58,CA-FL-00000024,,2025-02-07,LANDSCAPING,MEDIUM,COMPLETED,11249.68,9294.85,2025-02-09,2
WO-HJF5TPBGER77,CA-FL-00000024,,2025-02-13,ELECTRICAL,MEDIUM,COMPLETED,5661.05,10058.46,2025-02-25,12
WO-OSU928BHTF13,CA-FL-00000024,,2025-03-03,PLUMBING,MEDIUM,OPEN,11307.5,,,97
WO-GCAMPXJEJMZT,CA-FL-00000024,,2025-03-15,PLUMBING,MEDIUM,COMPLETED,9200.1,7594.57,2025-03-30,15
WO-YQQRSU5TUYDG,CA-FL-00000024,,2025-03-05,GENERAL,HIGH,COMPLETED,2087.19,3931.63,2025-03-07,2
WO-NABVXQFCG6FU,CA-FL-00000024,,2025-03-17,GENERAL,HIGH,COMPLETED,1351.07,2592.51,2025-03-31,14
WO-S71CR7NWQ56Q,CA-FL-00000024,,2025-03-25,HVAC,MEDIUM,DEFERRED,6007.97,,,26
WO-MVQ0N0EBP8R6,CA-FL-00000024,,2025-03-22,GENERAL,LOW,COMPLETED,9792.08,6907.72,2025-03-24,2
WO-148J4OAX56I3,CA-FL-00000024,,2025-03-15,STRUCTURAL,HIGH,COMPLETED,1520.17,7001.69,2025-03-17,2
WO-V7PANRLIZQRN,CA-FL-00000024,,2025-04-23,LANDSCAPING,LOW,COMPLETED,13384.08,7547.13,2025-05-10,17
WO-9F7TULRB9WIZ,CA-FL-00000024,,2025-04-04,PLUMBING,LOW,COMPLETED,12306.33,2678.5,2025-04-23,19
WO-W99P9ANATKKS,CA-FL-00000024,,2025-04-08,ROOFING,EMERGENCY,OPEN,10049.5,,,139
WO-NTNQVBMGCKM8,CA-FL-00000024,,2025-04-21,STRUCTURAL,LOW,COMPLETED,3443.62,10948.47,2025-05-05,14
WO-BLK8ZVF5N992,CA-FL-00000024,,2025-04-22,ELECTRICAL,LOW,COMPLETED,13018.9,10042.85,2025-04-27,5
WO-7DVFWIW1DR2R,CA-FL-00000024,,2025-04-24,ELECTRICAL,HIGH,COMPLETED,4973.78,1353.85,2025-05-08,14
WO-RYUCNS7CCJCX,CA-FL-00000024,,2025-04-27,ROOFING,MEDIUM,COMPLETED,14739.64,7527.04,2025-05-03,6
WO-DQ9Y33E9I3TJ,CA-FL-00000024,,2025-04-13,HVAC,MEDIUM,COMPLETED,1876.57,7611.63,2025-05-04,21
WO-UOLX6XU88TYY,CA-FL-00000024,,2025-05-21,LANDSCAPING,MEDIUM,COMPLETED,3791.36,8183.92,2025-06-04,14
WO-MOYHC7TOPOLX,CA-FL-00000024,,2025-05-15,ELECTRICAL,HIGH,OPEN,7067.72,,,58
WO-HM1EUXSY5AU4,CA-FL-00000024,,2025-05-21,ELEVATOR,LOW,OPEN,720.93,,,85
WO-YZ32ORMOWZYI,CA-FL-00000024,,2025-05-25,LANDSCAPING,HIGH,DEFERRED,3829.57,,,27
WO-9YRJKYQ8O1O6,CA-FL-00000024,,2025-05-15,ROOFING,LOW,DEFERRED,7876.82,,,55
WO-TEYTLKDMTOZ0,CA-FL-00000025,,2024-01-11,GENERAL,HIGH,OPEN,5379.82,,,15
WO-JJVPQQ8LMTRM,CA-FL-00000025,,2024-01-21,HVAC,MEDIUM,COMPLETED,10785.38,7506.75,2024-02-10,20
WO-LF04ZDWU7UT6,CA-FL-00000025,,2024-01-22,LANDSCAPING,LOW,COMPLETED,1086.51,1528.7,2024-02-09,18
WO-796HOWY8EX6T,CA-FL-00000025,,2024-01-04,ROOFING,MEDIUM,COMPLETED,14504.71,3541.37,2024-01-25,21
WO-YXY981Y7EZ4K,CA-FL-00000025,,2024-02-07,PLUMBING,LOW,COMPLETED,849.18,5234.78,2024-02-21,14
WO-YLSBF8API59M,CA-FL-00000025,,2024-02-14,HVAC,MEDIUM,OPEN,1681.71,,,41
WO-JFO4PMGK4NNN,CA-FL-00000025,,2024-02-21,PLUMBING,MEDIUM,COMPLETED,9635.36,7865.53,2024-03-07,15
WO-UEOFY0BG2P7W,CA-FL-00000025,,2024-02-20,LANDSCAPING,MEDIUM,COMPLETED,14178.72,3927.21,2024-02-25,5
WO-4HADB85REWVQ,CA-FL-00000025,,2024-03-07,ELEVATOR,MEDIUM,DEFERRED,4366.24,,,33
WO-BEJO4KPV6ODM,CA-FL-00000025,,2024-03-03,ROOFING,MEDIUM,OPEN,3780.3,,,43
WO-XQI1L35DTCLB,CA-FL-00000025,,2024-04-06,LANDSCAPING,MEDIUM,COMPLETED,6081.61,9687.91,2024-04-11,5
WO-XO4AAN7O0D36,CA-FL-00000025,,2024-04-06,STRUCTURAL,MEDIUM,COMPLETED,9397.05,3129.32,2024-04-12,6
WO-ZWXL6V9UQIR9,CA-FL-00000025,,2024-04-20,LANDSCAPING,LOW,COMPLETED,8460.87,7729.3,2024-04-24,4
WO-GLO5VJQ9SNA9,CA-FL-00000025,,2024-04-13,LANDSCAPING,HIGH,COMPLETED,11202.13,2353.42,2024-04-22,9
WO-5746UVPQR2V8,CA-FL-00000025,,2024-06-21,LANDSCAPING,MEDIUM,OPEN,812.8,,,71
WO-JHE4PCO3I2G7,CA-FL-00000025,,2024-06-10,ELECTRICAL,LOW,COMPLETED,10440.94,11158.39,2024-06-19,9
WO-VZA1REOXM4MD,CA-FL-00000025,,2024-06-16,PLUMBING,MEDIUM,COMPLETED,2175.84,9007.17,2024-07-06,20
WO-VHHAXF3VF8C6,CA-FL-00000025,,2024-06-20,PLUMBING,HIGH,OPEN,1727.1,,,20
WO-SXL0TIYR8JTE,CA-FL-00000025,,2024-07-02,ELEVATOR,LOW,OPEN,1743.3,,,208
WO-USTKRDY21X9E,CA-FL-00000025,,2024-08-26,STRUCTURAL,HIGH,OPEN,1974.74,,,21
WO-J87AYLJTLEPA,CA-FL-00000025,,2024-09-05,LANDSCAPING,LOW,DEFERRED,5996.05,,,71
WO-KJHILQZ52D3I,CA-FL-00000025,,2024-09-15,HVAC,MEDIUM,COMPLETED,14004.03,8824.32,2024-10-01,16
WO-X32AB09FOZ74,CA-FL-00000025,,2024-09-17,PLUMBING,EMERGENCY,COMPLETED,12011.89,974.63,2024-09-19,2
WO-NV3JZLEKJZBZ,CA-FL-00000025,,2024-09-24,STRUCTURAL,MEDIUM,COMPLETED,3134.21,1722.33,2024-09-29,5
WO-VA2U2E5NFBLG,CA-FL-00000025,,2024-10-16,GENERAL,LOW,COMPLETED,11818.05,9871.67,2024-10-20,4
WO-2R1AGA4XXQ96,CA-FL-00000025,,2024-11-21,ELECTRICAL,LOW,COMPLETED,7198.22,7427.47,2024-11-30,9
WO-UZQ1BUUAAYH2,CA-FL-00000025,,2024-11-04,ROOFING,HIGH,DEFERRED,10921.07,,,24
WO-WFHYZDCIWI30,CA-FL-00000025,,2024-11-01,PLUMBING,MEDIUM,OPEN,1238.9,,,131
WO-U1FCQ44UTABQ,CA-FL-00000025,,2024-12-14,ELECTRICAL,MEDIUM,OPEN,5059.29,,,83
WO-8ZEYPT3J3H81,CA-FL-00000025,,2024-12-14,ELECTRICAL,HIGH,OPEN,8851.96,,,72
WO-1CUQXYT1NDPR,CA-FL-00000025,,2024-12-04,LANDSCAPING,MEDIUM,COMPLETED,6210.08,10649.1,2024-12-16,12
WO-5ET31TGNVLSO,CA-FL-00000025,,2024-12-12,ROOFING,MEDIUM,COMPLETED,9548.26,7900.96,2024-12-20,8
WO-2RECDEMVABIE,CA-FL-00000025,,2025-01-22,STRUCTURAL,MEDIUM,OPEN,5621.42,,,54
WO-Y9QFHE6OQ9OM,CA-FL-00000025,,2025-01-23,ROOFING,HIGH,COMPLETED,1460.44,8980.14,2025-02-07,15
WO-7NMAUDAQH80W,CA-FL-00000025,,2025-01-11,ELECTRICAL,HIGH,COMPLETED,11144.41,10878.32,2025-01-23,12
WO-KVOZ9KD2OM98,CA-FL-00000025,,2025-01-10,PLUMBING,MEDIUM,OPEN,7856.19,,,21
WO-67H6G6VCOBV8,CA-FL-00000025,,2025-01-02,GENERAL,MEDIUM,DEFERRED,8685.81,,,78
WO-RC8DQUUUIJ0G,CA-FL-00000025,,2025-02-01,LANDSCAPING,MEDIUM,COMPLETED,7010.38,5783.85,2025-02-12,11
WO-P5BHK22XP8AN,CA-FL-00000025,,2025-02-25,STRUCTURAL,MEDIUM,COMPLETED,1886.37,5659.42,2025-03-04,7
WO-OTLALZS32AX7,CA-FL-00000025,,2025-02-18,ELECTRICAL,LOW,DEFERRED,8154.06,,,24
WO-NX9H48X9IS2Z,CA-FL-00000025,,2025-02-22,PLUMBING,MEDIUM,COMPLETED,3917.28,5496.68,2025-03-09,15
WO-A9HNALHMBJKH,CA-FL-00000025,,2025-02-14,HVAC,MEDIUM,COMPLETED,11993.79,2476.25,2025-02-26,12
WO-BB5YBPHZH7UN,CA-FL-00000025,,2025-03-03,PLUMBING,MEDIUM,COMPLETED,6791.81,9625.9,2025-03-07,4
WO-Y7I89RY1X0S3,CA-FL-00000025,,2025-03-18,HVAC,LOW,COMPLETED,10669.31,5255.26,2025-03-22,4
WO-0UB809OJWCLU,CA-FL-00000025,,2025-04-20,LANDSCAPING,HIGH,COMPLETED,10628.15,4214.57,2025-04-28,8
WO-QFM0XG1OKYKW,CA-FL-00000025,,2025-04-14,ELEVATOR,MEDIUM,COMPLETED,4474.6,1386.71,2025-05-04,20
WO-MA42AXA95S5J,CA-FL-00000025,,2025-04-22,ELECTRICAL,HIGH,DEFERRED,4318.38,,,52
WO-7OZMIQ6V191S,CA-FL-00000025,,2025-05-12,GENERAL,HIGH,COMPLETED,10832.74,5942.16,2025-05-26,14
WO-I91435T60YE4,CA-FL-00000025,,2025-06-20,LANDSCAPING,MEDIUM,COMPLETED,10846.49,3417.61,2025-07-02,12
WO-F6JC7MOT4TVR,CA-FL-00000025,,2025-06-15,LANDSCAPING,LOW,COMPLETED,4097.73,4888.98,2025-06-27,12
WO-4K5PMUNM6I39,CA-FL-00000025,,2025-06-17,ELEVATOR,MEDIUM,COMPLETED,11989.23,7482.57,2025-07-07,20
WO-R2OL77Y96F73,CA-FL-00000025,,2025-06-19,ROOFING,MEDIUM,COMPLETED,487.55,3491.95,2025-06-22,3
WO-IHPXIC1LQSQE,CA-CA-00000026,,2024-01-26,ELECTRICAL,MEDIUM,COMPLETED,14814.97,4018.2,2024-02-07,12
WO-QGE7OFH7FA23,CA-CA-00000026,,2024-01-26,ELECTRICAL,MEDIUM,COMPLETED,11505.88,2297.6,2024-02-01,6
WO-ZTUSQMD3A7AF,CA-CA-00000026,,2024-01-12,GENERAL,MEDIUM,COMPLETED,5524.3,5061.87,2024-02-02,21
WO-LIC88HKUQSDV,CA-CA-00000026,,2024-01-24,HVAC,MEDIUM,COMPLETED,5228.1,7913.62,2024-02-11,18
WO-QRMK30QCBOM1,CA-CA-00000026,,2024-01-18,LANDSCAPING,MEDIUM,DEFERRED,3212.86,,,63
WO-QVXSHFN70XSA,CA-CA-00000026,,2024-01-02,ELECTRICAL,LOW,COMPLETED,8386.38,7600.07,2024-01-23,21
WO-UIO13W00YO4A,CA-CA-00000026,,2024-02-14,GENERAL,LOW,COMPLETED,11333.41,6887.56,2024-03-03,18
WO-3OU4P5SPSCBV,CA-CA-00000026,,2024-04-25,HVAC,LOW,COMPLETED,6911.41,8243.91,2024-05-04,9
WO-0QB3RNL92NX5,CA-CA-00000026,,2024-04-20,GENERAL,LOW,COMPLETED,8774.37,6276.7,2024-05-08,18
WO-EJ4T5XMB3AFW,CA-CA-00000026,,2024-04-26,PLUMBING,MEDIUM,COMPLETED,13084.28,2720.45,2024-05-03,7
WO-M65FCWMJD8ZH,CA-CA-00000026,,2024-05-11,STRUCTURAL,HIGH,DEFERRED,7039.01,,,79
WO-13BLFA0NSVK2,CA-CA-00000026,,2024-05-23,STRUCTURAL,LOW,COMPLETED,2464.62,644.59,2024-06-04,12
WO-G40HOQQH5PSC,CA-CA-00000026,,2024-05-11,ELEVATOR,HIGH,COMPLETED,4856.92,6965.82,2024-05-28,17
WO-NW31T7DDJ5WA,CA-CA-00000026,,2024-05-26,ROOFING,LOW,COMPLETED,2236.22,783.3,2024-06-12,17
WO-5KQ9SQ1ATOF5,CA-CA-00000026,,2024-06-17,PLUMBING,LOW,COMPLETED,5415.76,8195.47,2024-06-25,8
WO-XNRFGQ2RIV6D,CA-CA-00000026,,2024-06-16,GENERAL,MEDIUM,COMPLETED,1692.32,11596.42,2024-06-21,5
WO-1W5DVH6IH0V1,CA-CA-00000026,,2024-07-27,PLUMBING,MEDIUM,COMPLETED,9431.75,3994.92,2024-08-06,10
WO-9AE4OJI1TQMT,CA-CA-00000026,,2024-08-18,PLUMBING,LOW,COMPLETED,10878.45,5933.5,2024-08-26,8
WO-ZIEYK7A27HOV,CA-CA-00000026,,2024-09-11,ELECTRICAL,MEDIUM,COMPLETED,11822.97,7055.31,2024-09-22,11
WO-3QPQ9JKZ76H4,CA-CA-00000026,,2024-09-20,LANDSCAPING,LOW,DEFERRED,4332.81,,,113
WO-EEW7MIJ25216,CA-CA-00000026,,2024-09-08,GENERAL,MEDIUM,COMPLETED,6082.42,8746.91,2024-09-19,11
WO-SQVOBBZOSIZO,CA-CA-00000026,,2024-11-28,HVAC,MEDIUM,OPEN,6134.94,,,86
WO-YIC7I1FOFABN,CA-CA-00000026,,2024-11-17,ROOFING,LOW,COMPLETED,14055.85,6879.71,2024-11-25,8
WO-GGRW7WKLNPQH,CA-CA-00000026,,2024-11-08,ELEVATOR,LOW,COMPLETED,11960.89,6934.43,2024-11-12,4
WO-2DZ1LK53X219,CA-CA-00000026,,2024-11-11,GENERAL,MEDIUM,COMPLETED,606.89,838.78,2024-11-23,12
WO-G2BN94RL063K,CA-CA-00000026,,2024-11-08,HVAC,MEDIUM,DEFERRED,6768.33,,,167
WO-ZZYJX64BY5I4,CA-CA-00000026,,2025-02-26,PLUMBING,HIGH,OPEN,4027.45,,,81
WO-JBTPBGG3KOH4,CA-CA-00000026,,2025-02-16,GENERAL,MEDIUM,COMPLETED,8655.96,1752.88,2025-03-07,19
WO-FGM81PO7MP2H,CA-CA-00000026,,2025-03-22,GENERAL,HIGH,OPEN,10362.73,,,96
WO-97JMJ70OEBL6,CA-CA-00000026,,2025-03-10,ROOFING,MEDIUM,COMPLETED,12427.99,5832.01,2025-03-25,15
WO-YP90Q5AAUJRV,CA-CA-00000026,,2025-03-06,LANDSCAPING,MEDIUM,OPEN,13432.79,,,44
WO-XSYPVIX5I77J,CA-CA-00000026,,2025-03-22,STRUCTURAL,HIGH,COMPLETED,4616.96,1618.71,2025-03-29,7
WO-3FK71NL58V9J,CA-CA-00000026,,2025-03-23,HVAC,LOW,DEFERRED,5354.88,,,24
WO-ZH8384INWF2A,CA-CA-00000026,,2025-04-26,ELEVATOR,LOW,COMPLETED,4349.51,1065.6,2025-05-15,19
WO-MISHP4YTKO3X,CA-CA-00000026,,2025-04-24,GENERAL,HIGH,OPEN,2269.96,,,25
WO-4RJIA2CVPFGQ,CA-CA-00000026,,2025-04-08,LANDSCAPING,LOW,DEFERRED,8545.16,,,200
WO-O84QPV1ECLHD,CA-CA-00000026,,2025-04-15,GENERAL,LOW,COMPLETED,5960.22,7262.86,2025-04-30,15
WO-OHTXUUPJED9T,CA-CA-00000026,,2025-05-19,PLUMBING,HIGH,OPEN,9801.06,,,194
WO-0WCK97289SLI,CA-CA-00000026,,2025-05-14,HVAC,LOW,COMPLETED,4985.56,7236.47,2025-06-02,19
WO-6FPZ6OWID35K,CA-CA-00000026,,2025-06-27,GENERAL,MEDIUM,COMPLETED,9317.4,2732.45,2025-06-28,1
WO-6QWLQPNVBAAN,CA-CA-00000026,,2025-06-26,STRUCTURAL,LOW,OPEN,9933.23,,,48
WO-6BAAHV5MEHN8,CA-CA-00000026,,2025-06-17,ROOFING,MEDIUM,COMPLETED,1991.16,3147.65,2025-07-04,17
WO-7IE3EZV1M2MS,CA-PA-00000027,,2024-03-10,PLUMBING,LOW,COMPLETED,2309.4,10920.62,2024-03-17,7
WO-664DE9FGFMUK,CA-PA-00000027,,2024-04-22,HVAC,MEDIUM,COMPLETED,9790.19,523.86,2024-04-24,2
WO-GJVL6PXQU8PE,CA-PA-00000027,,2024-06-28,GENERAL,MEDIUM,COMPLETED,1080.0,6496.88,2024-07-06,8
WO-2PWCYBSU8U4Q,CA-PA-00000027,,2024-07-25,PLUMBING,MEDIUM,OPEN,12121.36,,,9
WO-81AO6C5L1Z3N,CA-PA-00000027,,2024-08-19,LANDSCAPING,MEDIUM,COMPLETED,1819.89,609.48,2024-09-06,18
WO-SOYG8G3IUWSM,CA-PA-00000027,,2025-03-27,STRUCTURAL,HIGH,DEFERRED,4639.23,,,35
WO-LLOUE2VT9XN8,CA-PA-00000027,,2025-03-22,PLUMBING,HIGH,OPEN,1696.56,,,62
WO-XCG9RQB9KIX6,CA-PA-00000027,,2025-04-15,ELEVATOR,MEDIUM,COMPLETED,3007.85,4608.9,2025-04-17,2
WO-WZXWUV0Y6ZCA,CA-PA-00000027,,2025-05-20,GENERAL,LOW,COMPLETED,11471.42,7931.75,2025-05-28,8
WO-J3UWDJCZ19ZZ,CA-PA-00000027,,2025-06-12,ROOFING,HIGH,COMPLETED,6441.41,8894.16,2025-06-20,8
WO-47VOZUMU488F,CA-FL-00000028,,2024-01-28,LANDSCAPING,MEDIUM,DEFERRED,9390.25,,,174
WO-C93XZWYCWOKP,CA-FL-00000028,,2024-02-17,PLUMBING,MEDIUM,COMPLETED,5974.15,8782.07,2024-02-24,7
WO-03NS8YOB8G1I,CA-FL-00000028,,2024-02-05,HVAC,HIGH,COMPLETED,3193.56,6282.01,2024-02-19,14
WO-N0PDME4X351O,CA-FL-00000028,,2024-02-04,GENERAL,MEDIUM,COMPLETED,14032.94,10196.23,2024-02-20,16
WO-0RRDWQ1KPB1V,CA-FL-00000028,,2024-02-19,HVAC,LOW,COMPLETED,409.47,7650.93,2024-02-24,5
WO-C2DE9C15NWFD,CA-FL-00000028,,2024-02-03,PLUMBING,MEDIUM,COMPLETED,8778.17,6924.99,2024-02-16,13
WO-3M3PJDTULGSZ,CA-FL-00000028,,2024-04-23,LANDSCAPING,MEDIUM,COMPLETED,5790.29,11794.59,2024-05-10,17
WO-UTUTET9UMT8J,CA-FL-00000028,,2024-05-21,GENERAL,MEDIUM,COMPLETED,11756.68,5899.27,2024-05-29,8
WO-BTC7NV62M0QB,CA-FL-00000028,,2024-05-07,GENERAL,LOW,DEFERRED,14408.74,,,25
WO-N5QYUQ3XVBEX,CA-FL-00000028,,2024-06-27,HVAC,HIGH,COMPLETED,14372.18,6126.83,2024-06-28,1
WO-068A1Y8JXE6M,CA-FL-00000028,,2024-06-08,PLUMBING,MEDIUM,DEFERRED,12008.27,,,30
WO-GDMGK2FEW9SL,CA-FL-00000028,,2024-06-08,PLUMBING,LOW,OPEN,13088.25,,,308
WO-G5F3LSR5B1GP,CA-FL-00000028,,2024-07-21,GENERAL,MEDIUM,COMPLETED,8265.07,1031.33,2024-08-10,20
WO-PUR822UAETEG,CA-FL-00000028,,2024-07-17,ROOFING,MEDIUM,COMPLETED,8948.72,9076.77,2024-07-25,8
WO-UKZTFXT1DIYO,CA-FL-00000028,,2024-07-06,PLUMBING,MEDIUM,COMPLETED,10956.33,8395.75,2024-07-14,8
WO-VSVA92LSW3LF,CA-FL-00000028,,2024-07-19,PLUMBING,HIGH,COMPLETED,8129.25,6729.28,2024-07-22,3
WO-485HXIR1A8PN,CA-FL-00000028,,2024-08-26,LANDSCAPING,MEDIUM,COMPLETED,3047.4,4283.75,2024-09-05,10
WO-SITZEZJ88ZMQ,CA-FL-00000028,,2024-08-06,GENERAL,MEDIUM,COMPLETED,3590.53,527.68,2024-08-12,6
WO-IRYWI0C2QFAI,CA-FL-00000028,,2024-08-22,ELECTRICAL,HIGH,OPEN,11510.22,,,124
WO-N7LNMUD1K3Z2,CA-FL-00000028,,2024-09-20,GENERAL,MEDIUM,COMPLETED,7379.75,3133.33,2024-10-01,11
WO-8N1Q5X11X1YW,CA-FL-00000028,,2024-09-08,ELEVATOR,HIGH,COMPLETED,2379.67,2749.76,2024-09-12,4
WO-SEUT8NJ9ENAE,CA-FL-00000028,,2024-09-15,GENERAL,MEDIUM,COMPLETED,5437.76,9703.24,2024-09-18,3
WO-6HM5FKOQVWNO,CA-FL-00000028,,2024-09-10,PLUMBING,MEDIUM,COMPLETED,6299.51,8754.59,2024-09-21,11
WO-I6ZS4ZZQN84B,CA-FL-00000028,,2024-10-07,HVAC,LOW,COMPLETED,13949.95,983.38,2024-10-10,3
WO-7M90P86SPP0A,CA-FL-00000028,,2024-10-17,ELEVATOR,MEDIUM,COMPLETED,13034.26,1449.18,2024-10-18,1
WO-GNBS9RBE6ULE,CA-FL-00000028,,2024-11-27,ELECTRICAL,LOW,COMPLETED,7160.56,4167.62,2024-12-10,13
WO-YZTI7JUVXDN9,CA-FL-00000028,,2024-12-08,PLUMBING,HIGH,COMPLETED,12249.03,6920.68,2024-12-13,5
WO-JB12OGX6Y2FZ,CA-FL-00000028,,2024-12-13,LANDSCAPING,MEDIUM,COMPLETED,9950.03,6019.79,2024-12-31,18
WO-LOIZ1Z7T8BH5,CA-FL-00000028,,2025-01-08,LANDSCAPING,MEDIUM,COMPLETED,4808.41,166.76,2025-01-15,7
WO-ZB5FL1Y0R621,CA-FL-00000028,,2025-01-21,ROOFING,HIGH,COMPLETED,6695.79,7202.77,2025-01-31,10
WO-G06P3ME1MMOS,CA-FL-00000028,,2025-01-19,GENERAL,LOW,COMPLETED,9838.7,7365.81,2025-01-22,3
WO-SQWQ6B7W3YT8,CA-FL-00000028,,2025-01-12,STRUCTURAL,LOW,OPEN,271.64,,,61
WO-TRC21P3JQW46,CA-FL-00000028,,2025-03-28,ROOFING,LOW,COMPLETED,9740.03,10465.53,2025-04-17,20
WO-SU39Y4T4PUF1,CA-FL-00000028,,2025-04-21,ELECTRICAL,HIGH,COMPLETED,4509.74,4202.05,2025-04-22,1
WO-40X60IHFU9ZN,CA-FL-00000028,,2025-04-20,PLUMBING,LOW,COMPLETED,2507.21,10050.97,2025-04-23,3
WO-SLQYRNQ9HW9T,CA-FL-00000028,,2025-05-19,STRUCTURAL,MEDIUM,COMPLETED,10908.73,730.63,2025-06-09,21
WO-G424NF5QZL5N,CA-FL-00000028,,2025-05-13,GENERAL,LOW,COMPLETED,288.84,6895.78,2025-05-15,2
WO-Y6J5ZUKYLW1J,CA-FL-00000028,,2025-06-14,LANDSCAPING,HIGH,COMPLETED,3336.04,2738.78,2025-06-19,5
WO-87PDQ14X7KI5,CA-FL-00000028,,2025-06-20,LANDSCAPING,MEDIUM,DEFERRED,654.63,,,18
WO-NLRHH7ZPUA1Z,CA-FL-00000028,,2025-06-17,LANDSCAPING,LOW,OPEN,10765.66,,,81
WO-83BH1UKBXNX2,CA-FL-00000028,,2025-06-15,ROOFING,EMERGENCY,COMPLETED,3179.34,8371.01,2025-07-03,18
WO-TCTRESUJQ6CG,CA-FL-00000028,,2025-06-08,STRUCTURAL,MEDIUM,OPEN,10731.82,,,179
WO-054IOBX8E56V,CA-MA-00000029,,2024-01-04,LANDSCAPING,HIGH,COMPLETED,5311.1,4918.57,2024-01-13,9
WO-88F62UTPRUO8,CA-MA-00000029,,2024-01-07,ROOFING,LOW,COMPLETED,6827.9,4716.03,2024-01-17,10
WO-I3SP7B5BZYOX,CA-MA-00000029,,2024-01-25,PLUMBING,MEDIUM,COMPLETED,3495.15,4635.39,2024-02-06,12
WO-QRFHZZJJDQKB,CA-MA-00000029,,2024-03-13,HVAC,EMERGENCY,COMPLETED,5292.05,9177.02,2024-03-26,13
WO-0IBDF59NOYAK,CA-MA-00000029,,2024-04-18,PLUMBING,MEDIUM,COMPLETED,7135.69,11248.45,2024-05-04,16
WO-C4YZ9FV86DD1,CA-MA-00000029,,2024-05-04,GENERAL,HIGH,COMPLETED,1918.35,9752.0,2024-05-05,1
WO-RKQ0CL4RXAJ9,CA-MA-00000029,,2024-06-08,PLUMBING,MEDIUM,OPEN,10576.44,,,77
WO-OB72I1I5TYW8,CA-MA-00000029,,2024-08-22,HVAC,LOW,OPEN,14335.21,,,60
WO-0Q92OQATXJK8,CA-MA-00000029,,2024-09-03,LANDSCAPING,HIGH,COMPLETED,3155.22,6002.84,2024-09-24,21
WO-BJSODPLKQBVH,CA-MA-00000029,,2024-10-04,ELECTRICAL,MEDIUM,COMPLETED,3320.01,938.51,2024-10-23,19
WO-1FPRN7NWFBK3,CA-MA-00000029,,2024-10-18,GENERAL,MEDIUM,COMPLETED,6818.96,6306.53,2024-10-27,9
WO-ONZVUX8U2LTF,CA-MA-00000029,,2025-01-03,GENERAL,HIGH,COMPLETED,14405.24,7244.9,2025-01-22,19
WO-3V1TZISRIGDG,CA-MA-00000029,,2025-01-25,STRUCTURAL,LOW,COMPLETED,6729.46,526.66,2025-02-13,19
WO-WRGJXGKKW7EQ,CA-MA-00000029,,2025-04-01,PLUMBING,HIGH,COMPLETED,9111.05,11571.53,2025-04-21,20
WO-5135830L8BML,CA-MA-00000029,,2025-05-13,LANDSCAPING,HIGH,COMPLETED,1990.57,8817.56,2025-05-25,12
WO-T1GFF5H3AF9I,CA-MA-00000029,,2025-06-18,HVAC,HIGH,COMPLETED,7153.33,165.4,2025-06-22,4
WO-72LISUFINIBN,CA-NC-00000030,,2024-02-14,GENERAL,HIGH,COMPLETED,10281.24,1100.75,2024-02-27,13
WO-IX7C00IMIB07,CA-NC-00000030,,2024-02-14,HVAC,MEDIUM,COMPLETED,7660.95,3230.41,2024-02-27,13
WO-JY03UHFGBRIF,CA-NC-00000030,,2024-03-07,LANDSCAPING,MEDIUM,COMPLETED,3057.62,3927.59,2024-03-23,16
WO-VED2JSRZ4JR5,CA-NC-00000030,,2024-04-26,ROOFING,HIGH,COMPLETED,11415.24,11028.84,2024-05-12,16
WO-QL7KNLC9SH1L,CA-NC-00000030,,2024-04-22,ELECTRICAL,MEDIUM,COMPLETED,13969.97,2318.47,2024-05-11,19
WO-LVN1XANVKL4M,CA-NC-00000030,,2024-05-08,LANDSCAPING,MEDIUM,COMPLETED,4708.37,2231.76,2024-05-15,7
WO-1NF1YJ001758,CA-NC-00000030,,2024-05-06,ELECTRICAL,MEDIUM,COMPLETED,9967.44,5647.26,2024-05-27,21
WO-IV8EJGRZ0FR9,CA-NC-00000030,,2024-05-03,GENERAL,MEDIUM,COMPLETED,1172.63,2409.19,2024-05-12,9
WO-109B1967OHNA,CA-NC-00000030,,2024-06-21,ELECTRICAL,MEDIUM,DEFERRED,9861.2,,,13
WO-A6RWD11YEYIA,CA-NC-00000030,,2024-06-09,GENERAL,MEDIUM,COMPLETED,7422.3,6382.49,2024-06-23,14
WO-NINQXK3FH050,CA-NC-00000030,,2024-06-26,HVAC,MEDIUM,COMPLETED,10865.97,440.52,2024-07-09,13
WO-Z1A8X7RUFJAI,CA-NC-00000030,,2024-07-07,HVAC,LOW,COMPLETED,12356.59,5571.25,2024-07-12,5
WO-EA11R1CH0ZU8,CA-NC-00000030,,2024-07-28,GENERAL,LOW,COMPLETED,6894.13,11329.44,2024-08-02,5
WO-WQ1774OXUTU4,CA-NC-00000030,,2024-07-22,ELEVATOR,HIGH,COMPLETED,1629.11,8726.56,2024-07-31,9
WO-8NNJ5YWWZWZI,CA-NC-00000030,,2024-07-15,ELECTRICAL,MEDIUM,OPEN,10923.96,,,66
WO-JP6RDFAGRN1F,CA-NC-00000030,,2024-08-13,PLUMBING,EMERGENCY,OPEN,12728.24,,,77
WO-R4ECUKZO0T9W,CA-NC-00000030,,2024-08-02,GENERAL,MEDIUM,COMPLETED,14811.25,4412.83,2024-08-09,7
WO-HB8RBNJBND9D,CA-NC-00000030,,2024-08-22,HVAC,MEDIUM,COMPLETED,7526.92,11791.34,2024-08-31,9
WO-82WXGBDNQJ4J,CA-NC-00000030,,2024-08-22,ELEVATOR,MEDIUM,COMPLETED,6969.21,7427.73,2024-09-04,13
WO-7K07CNE946SR,CA-NC-00000030,,2024-09-01,STRUCTURAL,MEDIUM,COMPLETED,14539.09,5348.66,2024-09-05,4
WO-LUFWMIZ6KROE,CA-NC-00000030,,2024-09-14,GENERAL,MEDIUM,COMPLETED,845.51,6450.82,2024-09-23,9
WO-8J87PDR1XHLP,CA-NC-00000030,,2024-09-21,STRUCTURAL,MEDIUM,DEFERRED,1156.31,,,79
WO-LLOZ1M3TZU3A,CA-NC-00000030,,2024-09-10,ELEVATOR,MEDIUM,COMPLETED,7950.62,11253.3,2024-09-22,12
WO-8NNK4UCRFEOF,CA-NC-00000030,,2024-10-12,HVAC,HIGH,COMPLETED,7573.54,9073.04,2024-10-18,6
WO-9AX23QYOYHYJ,CA-NC-00000030,,2024-10-22,LANDSCAPING,MEDIUM,COMPLETED,3980.93,2631.85,2024-11-07,16
WO-W4XWLT4MA5VW,CA-NC-00000030,,2024-10-28,STRUCTURAL,EMERGENCY,COMPLETED,5260.15,6626.7,2024-11-05,8
WO-RRSDU0IIRRAW,CA-NC-00000030,,2024-10-04,ELECTRICAL,MEDIUM,OPEN,893.65,,,82
WO-GBZSKGNV3VL9,CA-NC-00000030,,2024-11-24,LANDSCAPING,LOW,OPEN,13471.01,,,336
WO-WUE1TRQW0Z1I,CA-NC-00000030,,2024-11-03,PLUMBING,LOW,COMPLETED,12700.52,1588.43,2024-11-20,17
WO-SF524SANPQUT,CA-NC-00000030,,2024-12-22,STRUCTURAL,LOW,COMPLETED,5751.44,11519.68,2024-12-23,1
WO-B77VW9M9XC3X,CA-NC-00000030,,2024-12-24,ELECTRICAL,MEDIUM,COMPLETED,13080.84,5202.5,2025-01-11,18
WO-TKKTN24T0VUH,CA-NC-00000030,,2024-12-26,PLUMBING,HIGH,COMPLETED,4610.13,3987.14,2025-01-12,17
WO-4J3RMKEG9KFS,CA-NC-00000030,,2024-12-15,PLUMBING,MEDIUM,DEFERRED,2619.26,,,86
WO-UAFQ6EBUHVIE,CA-NC-00000030,,2025-01-10,PLUMBING,LOW,COMPLETED,12499.45,827.19,2025-01-17,7
WO-8F0YGORL5ZAZ,CA-NC-00000030,,2025-03-26,HVAC,MEDIUM,OPEN,4808.93,,,61
WO-IY7AJPM0EER3,CA-NC-00000030,,2025-03-23,GENERAL,EMERGENCY,COMPLETED,2998.83,7753.39,2025-03-31,8
WO-SENEDDCWC9MO,CA-NC-00000030,,2025-03-12,LANDSCAPING,MEDIUM,COMPLETED,12453.65,9708.1,2025-04-02,21
WO-26KIU5RHWT57,CA-NC-00000030,,2025-04-08,PLUMBING,MEDIUM,COMPLETED,14813.34,3761.98,2025-04-29,21
WO-CD23YG23Z9V9,CA-NC-00000030,,2025-05-22,ROOFING,LOW,COMPLETED,9661.71,6594.64,2025-06-02,11
WO-SAQXUE229P1E,CA-NC-00000030,,2025-05-06,LANDSCAPING,MEDIUM,COMPLETED,9500.48,4434.19,2025-05-21,15
WO-TMLLGVWFYWZP,CA-NC-00000030,,2025-06-12,GENERAL,MEDIUM,COMPLETED,5598.36,318.62,2025-06-26,14
WO-QLKJ9GC5EENL,CA-NC-00000030,,2025-06-02,ELEVATOR,HIGH,DEFERRED,12515.35,,,95
WO-726XGC5Z5W7J,CA-NC-00000030,,2025-06-15,ELECTRICAL,LOW,COMPLETED,14217.29,3517.51,2025-06-25,10
WO-X4ENDRIFUHTY,CA-NC-00000030,,2025-06-18,ROOFING,LOW,OPEN,8414.54,,,21
WO-5LRY66IVMECK,CA-NC-00000030,,2025-06-17,ELECTRICAL,HIGH,COMPLETED,2280.49,10964.13,2025-06-19,2
WO-Y66H34H6NT00,CA-FL-00000031,,2024-01-06,GENERAL,LOW,COMPLETED,14320.47,7301.76,2024-01-19,13
WO-9T1UCN7YK89M,CA-FL-00000031,,2024-07-21,LANDSCAPING,LOW,COMPLETED,5082.28,8901.63,2024-08-01,11
WO-H9LP372NOZS7,CA-FL-00000031,,2024-10-03,PLUMBING,MEDIUM,DEFERRED,8348.13,,,130
WO-2GYGQOQS0RYQ,CA-FL-00000031,,2024-10-18,HVAC,HIGH,COMPLETED,7379.58,5934.72,2024-10-29,11
WO-7WKMS7HIKZC9,CA-FL-00000031,,2024-12-18,LANDSCAPING,MEDIUM,COMPLETED,9603.59,6504.02,2024-12-28,10
WO-LU7I5IGXBE9R,CA-FL-00000031,,2025-02-08,ELECTRICAL,HIGH,COMPLETED,10045.85,4605.55,2025-02-15,7
WO-YBY73EU2B76C,CA-FL-00000031,,2025-02-20,ELECTRICAL,HIGH,COMPLETED,12516.73,4765.5,2025-02-28,8
WO-KRAUYL1A188T,CA-FL-00000031,,2025-03-21,HVAC,MEDIUM,COMPLETED,5830.97,6193.6,2025-03-23,2
WO-X2E9MS5SY3E0,CA-FL-00000031,,2025-03-15,GENERAL,HIGH,COMPLETED,11185.7,7287.43,2025-04-02,18
WO-6I2J5EVK0U4Y,CA-FL-00000031,,2025-04-10,HVAC,MEDIUM,COMPLETED,12509.04,1921.87,2025-04-19,9
WO-1HJNVY0H156F,CA-FL-00000031,,2025-05-19,PLUMBING,MEDIUM,COMPLETED,229.58,1474.13,2025-05-29,10
WO-UZSF99N3DVWT,CA-FL-00000031,,2025-05-05,ELECTRICAL,LOW,COMPLETED,1395.06,10136.1,2025-05-12,7
WO-JXEJS7P035YW,CA-FL-00000031,,2025-06-03,HVAC,EMERGENCY,COMPLETED,14044.74,7068.01,2025-06-14,11
WO-75WS7L6GE2H5,CA-MA-00000032,,2024-02-20,STRUCTURAL,LOW,COMPLETED,13265.7,7137.0,2024-02-21,1
WO-4SVWTB8RYPM0,CA-MA-00000032,,2024-02-18,LANDSCAPING,LOW,COMPLETED,6698.28,7478.77,2024-02-29,11
WO-2F5UURTV5TXM,CA-MA-00000032,,2024-03-03,GENERAL,HIGH,COMPLETED,12665.81,5385.53,2024-03-05,2
WO-5ZIJMRNJ67I4,CA-MA-00000032,,2024-03-07,PLUMBING,HIGH,COMPLETED,3375.95,4764.83,2024-03-14,7
WO-V80NEUECBDFC,CA-MA-00000032,,2024-04-21,ELECTRICAL,LOW,DEFERRED,12982.37,,,45
WO-FNHGI2FB6S8L,CA-MA-00000032,,2024-04-21,HVAC,MEDIUM,DEFERRED,13517.01,,,50
WO-NRSTOVIVBE1V,CA-MA-00000032,,2024-05-18,PLUMBING,MEDIUM,COMPLETED,10282.48,5879.79,2024-05-25,7
WO-OMK20YZBC1JU,CA-MA-00000032,,2024-05-17,GENERAL,HIGH,OPEN,11455.77,,,56
WO-BZ2Q1TXH7GMT,CA-MA-00000032,,2024-06-27,ELECTRICAL,MEDIUM,OPEN,1641.48,,,30
WO-5BL88RCWVJET,CA-MA-00000032,,2024-07-20,PLUMBING,MEDIUM,DEFERRED,11413.89,,,119
WO-7S47ZLPT0ZS8,CA-MA-00000032,,2024-09-17,HVAC,MEDIUM,COMPLETED,13961.97,4856.06,2024-09-29,12
WO-M92LP9TNZ3H9,CA-MA-00000032,,2024-09-19,HVAC,LOW,COMPLETED,8783.72,4339.39,2024-10-01,12
WO-AIZB0AN6DSPP,CA-MA-00000032,,2024-09-02,GENERAL,LOW,COMPLETED,846.11,4687.81,2024-09-08,6
WO-AKFCR3UZ2N5P,CA-MA-00000032,,2024-09-12,HVAC,EMERGENCY,COMPLETED,8218.38,4037.52,2024-09-13,1
WO-JNURT8K34TRT,CA-MA-00000032,,2024-10-12,PLUMBING,MEDIUM,OPEN,3258.98,,,42
WO-TQ8PYA0MAMQI,CA-MA-00000032,,2024-10-24,ROOFING,MEDIUM,COMPLETED,2960.52,542.42,2024-10-28,4
WO-W78E419BA25Z,CA-MA-00000032,,2024-10-16,HVAC,LOW,OPEN,8332.12,,,6
WO-ZAFCGW2J0256,CA-MA-00000032,,2024-10-01,LANDSCAPING,HIGH,COMPLETED,12383.05,4729.69,2024-10-16,15
WO-C8M39ZL88C65,CA-MA-00000032,,2024-11-27,LANDSCAPING,LOW,COMPLETED,11624.92,8687.65,2024-12-06,9
WO-S4BCYO1YFMZF,CA-MA-00000032,,2024-11-03,LANDSCAPING,MEDIUM,DEFERRED,307.45,,,51
WO-FI4V28OP75BS,CA-MA-00000032,,2024-12-22,ELECTRICAL,MEDIUM,COMPLETED,4179.49,2114.42,2024-12-31,9
WO-03J1ZANNBC9K,CA-MA-00000032,,2025-01-28,ELECTRICAL,LOW,COMPLETED,13952.94,7564.33,2025-02-05,8
WO-AJNNHT6O08RV,CA-MA-00000032,,2025-01-02,PLUMBING,LOW,COMPLETED,11925.55,10061.07,2025-01-10,8
WO-HZ7AGXFCJOGV,CA-MA-00000032,,2025-02-28,GENERAL,MEDIUM,COMPLETED,4422.02,790.18,2025-03-20,20
WO-CWK08MF83MIY,CA-MA-00000032,,2025-02-10,LANDSCAPING,MEDIUM,COMPLETED,8440.18,11576.96,2025-02-16,6
WO-ETX3ZH4RCXAB,CA-MA-00000032,,2025-02-02,LANDSCAPING,HIGH,COMPLETED,14186.55,5198.35,2025-02-06,4
WO-I9A148NVE3L3,CA-MA-00000032,,2025-02-12,LANDSCAPING,LOW,COMPLETED,9762.72,3629.43,2025-03-02,18
WO-0RAZDE0SCKWF,CA-MA-00000032,,2025-03-27,ROOFING,HIGH,DEFERRED,8593.68,,,26
WO-YISOXTWU7OJO,CA-MA-00000032,,2025-03-22,HVAC,LOW,COMPLETED,3834.68,4820.96,2025-03-23,1
WO-UHZ7YXGABPI8,CA-MA-00000032,,2025-03-25,PLUMBING,MEDIUM,COMPLETED,12590.36,7250.29,2025-03-29,4
WO-QLWKNRJ4TJHE,CA-MA-00000032,,2025-05-01,PLUMBING,MEDIUM,COMPLETED,4542.62,7704.94,2025-05-11,10
WO-13PKF9K19A4W,CA-MA-00000032,,2025-05-19,LANDSCAPING,LOW,COMPLETED,13159.76,4121.94,2025-06-01,13
WO-KJTHCLL9JCG0,CA-MA-00000032,,2025-06-01,PLUMBING,EMERGENCY,COMPLETED,4336.34,206.04,2025-06-18,17
WO-OANUK6VN1XN6,CA-MA-00000032,,2025-06-28,PLUMBING,LOW,DEFERRED,13747.19,,,81
WO-6PXGHN47KF9S,CA-CO-00000033,,2024-02-04,STRUCTURAL,MEDIUM,COMPLETED,3470.78,2491.7,2024-02-19,15
WO-L1VR0ZBGK9YE,CA-CO-00000033,,2024-03-12,GENERAL,MEDIUM,COMPLETED,6137.0,1023.1,2024-03-28,16
WO-4B13S6QSF94I,CA-CO-00000033,,2024-03-02,LANDSCAPING,HIGH,COMPLETED,14649.37,5803.71,2024-03-14,12
WO-G3SJX9IMUP4B,CA-CO-00000033,,2024-04-24,LANDSCAPING,MEDIUM,OPEN,1144.17,,,52
WO-9TESQ2TLB7MP,CA-CO-00000033,,2024-05-05,HVAC,MEDIUM,COMPLETED,8689.51,6510.3,2024-05-26,21
WO-C1SGWKOKY358,CA-CO-00000033,,2024-07-18,ELECTRICAL,LOW,COMPLETED,11051.48,453.45,2024-08-07,20
WO-VH0HJXYZC156,CA-CO-00000033,,2024-07-10,PLUMBING,MEDIUM,COMPLETED,9097.97,6453.72,2024-07-17,7
WO-V3MYM7Y0W5KZ,CA-CO-00000033,,2024-09-04,ROOFING,MEDIUM,COMPLETED,2884.78,7178.47,2024-09-14,10
WO-TUJAGXGIMILA,CA-CO-00000033,,2024-10-18,PLUMBING,HIGH,COMPLETED,471.94,5097.12,2024-10-29,11
WO-GRB4UO0AEZ1E,CA-CO-00000033,,2025-01-23,LANDSCAPING,MEDIUM,COMPLETED,8292.48,10451.71,2025-02-10,18
WO-LKEIZAMPZSIN,CA-CO-00000033,,2025-02-22,PLUMBING,LOW,COMPLETED,5730.21,7985.53,2025-03-06,12
WO-874OSFRQ4IMO,CA-CO-00000033,,2025-03-12,PLUMBING,MEDIUM,COMPLETED,11703.27,5370.33,2025-03-13,1
WO-TRU7XZY3H50T,CA-CO-00000033,,2025-05-22,PLUMBING,MEDIUM,COMPLETED,9023.58,6786.2,2025-05-24,2
WO-L7M0FCL2OX0X,CA-CO-00000033,,2025-05-15,STRUCTURAL,EMERGENCY,COMPLETED,11267.02,10777.71,2025-05-25,10
WO-U61Y60TA8ZLN,CA-FL-00000034,,2024-01-04,ELECTRICAL,HIGH,COMPLETED,9317.98,10951.35,2024-01-17,13
WO-TDZEIC1CU8EZ,CA-FL-00000034,,2024-01-10,ELEVATOR,LOW,COMPLETED,4715.6,845.72,2024-01-27,17
WO-Y5QQHVSK5CG3,CA-FL-00000034,,2024-03-02,HVAC,MEDIUM,COMPLETED,2621.67,7703.54,2024-03-13,11
WO-UAIRTV69H0HW,CA-FL-00000034,,2024-04-03,GENERAL,EMERGENCY,COMPLETED,12963.7,6296.78,2024-04-17,14
WO-UTQ2BOYXW45C,CA-FL-00000034,,2024-06-18,ELECTRICAL,MEDIUM,COMPLETED,11549.63,11410.59,2024-06-21,3
WO-KPOHK4S7PCP2,CA-FL-00000034,,2024-07-22,GENERAL,LOW,COMPLETED,3631.19,8411.79,2024-07-26,4
WO-VAUWV8RF4E17,CA-FL-00000034,,2024-07-17,STRUCTURAL,LOW,COMPLETED,2506.61,10243.33,2024-07-27,10
WO-PINZUS1N0QCG,CA-FL-00000034,,2024-09-22,ELECTRICAL,LOW,COMPLETED,8621.02,9646.12,2024-10-04,12
WO-MSVMQOLE1FE2,CA-FL-00000034,,2024-12-24,LANDSCAPING,LOW,COMPLETED,6441.26,9550.28,2024-12-26,2
WO-X2J95R0VOOUW,CA-FL-00000034,,2024-12-02,LANDSCAPING,EMERGENCY,COMPLETED,6853.87,2901.1,2024-12-17,15
WO-ZECE98EJZD07,CA-FL-00000034,,2025-03-07,ELECTRICAL,LOW,COMPLETED,6776.04,11188.82,2025-03-26,19
WO-DKKW0LSJ3F2K,CA-FL-00000034,,2025-04-21,PLUMBING,MEDIUM,COMPLETED,4088.95,8097.99,2025-04-22,1
WO-01DP8W43JZAO,CA-FL-00000034,,2025-04-04,LANDSCAPING,LOW,COMPLETED,2566.26,7815.67,2025-04-08,4
WO-NM9T8BT75L85,CA-WA-00000035,,2024-01-12,GENERAL,EMERGENCY,DEFERRED,7101.11,,,241
WO-3PSURJ2MWQGJ,CA-WA-00000035,,2024-01-14,STRUCTURAL,MEDIUM,COMPLETED,6632.04,5646.25,2024-01-19,5
WO-945WZD3TFDA0,CA-WA-00000035,,2024-02-13,HVAC,MEDIUM,COMPLETED,7723.71,5419.97,2024-02-16,3
WO-MUZ7TC32YAHZ,CA-WA-00000035,,2024-04-01,PLUMBING,MEDIUM,COMPLETED,13951.42,9075.88,2024-04-08,7
WO-S4VRL065DVI3,CA-WA-00000035,,2024-04-10,PLUMBING,MEDIUM,COMPLETED,12314.33,4044.82,2024-04-24,14
WO-7ZIWXAN5KRXP,CA-WA-00000035,,2024-05-09,ROOFING,MEDIUM,OPEN,1176.18,,,93
WO-0Q2GHG9RTL3A,CA-WA-00000035,,2024-05-14,HVAC,HIGH,COMPLETED,1097.2,7240.98,2024-05-31,17
WO-H6IHIKSW9EVO,CA-WA-00000035,,2024-07-23,HVAC,LOW,COMPLETED,8655.98,7125.68,2024-07-25,2
WO-4AJIOBD7MN8O,CA-WA-00000035,,2024-08-16,PLUMBING,MEDIUM,COMPLETED,11029.06,7998.16,2024-09-05,20
WO-QAJ8YTCGYD7F,CA-WA-00000035,,2024-09-06,GENERAL,MEDIUM,COMPLETED,7116.44,2882.65,2024-09-22,16
WO-9ZRWKR5LUSDF,CA-WA-00000035,,2024-10-01,PLUMBING,HIGH,COMPLETED,12318.45,9205.62,2024-10-05,4
WO-FPV38OU6ST6Y,CA-WA-00000035,,2024-10-22,PLUMBING,MEDIUM,COMPLETED,9819.06,4589.5,2024-11-03,12
WO-T9TK4Y97XFZ0,CA-WA-00000035,,2024-11-08,LANDSCAPING,MEDIUM,COMPLETED,2591.54,9465.17,2024-11-13,5
WO-UNY60VRBQMNH,CA-WA-00000035,,2025-01-26,GENERAL,LOW,COMPLETED,5719.79,11386.19,2025-01-29,3
WO-3T397XVAOO6H,CA-WA-00000035,,2025-01-18,ROOFING,HIGH,COMPLETED,5789.28,973.0,2025-02-01,14
WO-EPCZFR67ENA2,CA-WA-00000035,,2025-02-07,HVAC,MEDIUM,COMPLETED,9063.86,11336.49,2025-02-11,4
WO-ORYF0HMD4P7J,CA-WA-00000035,,2025-03-11,GENERAL,HIGH,COMPLETED,13366.95,1364.1,2025-03-26,15
WO-PA4UW2V1B86J,CA-WA-00000035,,2025-04-19,ELEVATOR,LOW,COMPLETED,1631.17,6659.84,2025-04-20,1
WO-EP1HHQO2P46K,CA-WA-00000035,,2025-04-02,GENERAL,HIGH,COMPLETED,8280.66,2754.55,2025-04-22,20
WO-X5MTH007Y2GE,CA-WA-00000035,,2025-06-09,LANDSCAPING,LOW,COMPLETED,11516.66,5540.98,2025-06-23,14
WO-HNJ0S8TYZPZY,CA-NY-00000036,,2024-03-24,LANDSCAPING,LOW,COMPLETED,1769.63,8957.81,2024-04-10,17
WO-6LKFNG8TQIHF,CA-NY-00000036,,2024-04-15,GENERAL,MEDIUM,OPEN,6295.98,,,12
WO-2XNZFOOPG9NY,CA-NY-00000036,,2024-04-04,LANDSCAPING,MEDIUM,COMPLETED,7580.73,1614.83,2024-04-16,12
WO-DWFPEVJABYMP,CA-NY-00000036,,2024-04-16,ROOFING,MEDIUM,COMPLETED,1076.3,3986.66,2024-04-29,13
WO-Q9BMVTTYN9PZ,CA-NY-00000036,,2024-05-14,LANDSCAPING,MEDIUM,COMPLETED,8157.18,5966.61,2024-05-26,12
WO-W4RXUD3Q659E,CA-NY-00000036,,2024-06-11,HVAC,LOW,COMPLETED,5055.12,3217.82,2024-06-20,9
WO-VSKGNF6WSMY1,CA-NY-00000036,,2024-07-03,ELEVATOR,MEDIUM,COMPLETED,2431.83,9325.57,2024-07-24,21
WO-LQ3ZIBGN9FFU,CA-NY-00000036,,2024-08-19,ROOFING,LOW,COMPLETED,3655.81,11005.46,2024-09-05,17
WO-18YE3LVFBQYE,CA-NY-00000036,,2024-10-13,ROOFING,MEDIUM,COMPLETED,6389.26,9734.27,2024-10-31,18
WO-5DOIZAJVI9WU,CA-NY-00000036,,2025-01-04,GENERAL,LOW,COMPLETED,14051.6,8627.08,2025-01-12,8
WO-WQF481KILO9C,CA-NY-00000036,,2025-01-23,LANDSCAPING,EMERGENCY,COMPLETED,3240.88,4318.04,2025-02-05,13
WO-UYUR4L3XB1NW,CA-NY-00000036,,2025-02-24,ELECTRICAL,HIGH,COMPLETED,9379.25,11635.76,2025-03-09,13
WO-ANGSUT1GYSKH,CA-NY-00000036,,2025-03-05,GENERAL,HIGH,COMPLETED,14883.48,6949.87,2025-03-14,9
WO-ATAONGH0FQL2,CA-NY-00000036,,2025-04-20,LANDSCAPING,HIGH,COMPLETED,8664.5,9617.04,2025-05-06,16
WO-JBJQQZ5OX6ZB,CA-NY-00000036,,2025-05-06,PLUMBING,MEDIUM,COMPLETED,14418.66,7967.09,2025-05-26,20
WO-TYA4GWAZ5GS0,CA-NY-00000036,,2025-05-23,LANDSCAPING,MEDIUM,COMPLETED,8703.51,1541.65,2025-06-08,16
WO-16MFUVSI8EY3,CA-NY-00000036,,2025-06-20,ELECTRICAL,HIGH,COMPLETED,12202.25,10183.47,2025-07-05,15
WO-BLXMUMIFD25I,CA-AZ-00000037,,2024-01-21,STRUCTURAL,MEDIUM,COMPLETED,7695.65,7420.74,2024-01-27,6
WO-P39GEPR8YG1X,CA-AZ-00000037,,2024-03-24,ROOFING,HIGH,COMPLETED,4398.92,5423.81,2024-04-07,14
WO-V5SS5OS1YBW9,CA-AZ-00000037,,2024-03-19,HVAC,HIGH,OPEN,2682.09,,,70
WO-0QEY5XTZZPI1,CA-AZ-00000037,,2024-04-21,ELEVATOR,MEDIUM,COMPLETED,2107.34,9444.89,2024-05-12,21
WO-M3RI783UCX8B,CA-AZ-00000037,,2024-06-07,HVAC,HIGH,COMPLETED,1681.89,10388.76,2024-06-25,18
WO-9NM71EKEIL9D,CA-AZ-00000037,,2024-11-05,ELEVATOR,HIGH,COMPLETED,3142.74,1752.91,2024-11-26,21
WO-QRUB0L7W8TY9,CA-AZ-00000037,,2024-11-25,PLUMBING,EMERGENCY,COMPLETED,13116.53,2368.43,2024-11-27,2
WO-J0FQBG034HL3,CA-AZ-00000037,,2024-12-21,STRUCTURAL,LOW,OPEN,7838.24,,,253
WO-MSKOZMW0YTDU,CA-AZ-00000037,,2024-12-04,STRUCTURAL,MEDIUM,COMPLETED,12058.93,10250.59,2024-12-18,14
WO-PJ2AO8JE08CI,CA-AZ-00000037,,2025-02-06,ROOFING,MEDIUM,COMPLETED,9552.13,8798.82,2025-02-09,3
WO-4GOPOPLXOK0L,CA-AZ-00000037,,2025-06-13,LANDSCAPING,HIGH,COMPLETED,4378.77,8699.7,2025-06-19,6
WO-YP2WYD3MT9RC,CA-AZ-00000037,,2025-06-11,PLUMBING,HIGH,COMPLETED,1200.78,10363.85,2025-07-01,20
WO-RAMH3GRNFLFT,CA-GA-00000038,,2024-02-26,ELECTRICAL,HIGH,COMPLETED,9445.6,9113.64,2024-03-03,6
WO-NIFLBY95P0QI,CA-GA-00000038,,2024-02-06,ELECTRICAL,MEDIUM,COMPLETED,14904.84,2169.69,2024-02-27,21
WO-THLRK7QPBR6V,CA-GA-00000038,,2024-03-09,ELECTRICAL,MEDIUM,COMPLETED,11617.8,11197.35,2024-03-14,5
WO-ED3K7SUIVA07,CA-GA-00000038,,2024-04-24,PLUMBING,MEDIUM,DEFERRED,1437.7,,,16
WO-0TD9JV3CEM44,CA-GA-00000038,,2024-04-18,PLUMBING,MEDIUM,COMPLETED,9187.86,2894.41,2024-04-21,3
WO-JC6DI2O2297B,CA-GA-00000038,,2024-04-20,HVAC,LOW,COMPLETED,8679.8,2887.68,2024-04-22,2
WO-Q8CA0YXA1M66,CA-GA-00000038,,2024-05-09,HVAC,MEDIUM,COMPLETED,6895.21,2860.26,2024-05-25,16
WO-PB5XJL0RHKIC,CA-GA-00000038,,2024-05-27,PLUMBING,LOW,COMPLETED,2367.15,11819.8,2024-06-07,11
WO-9OM5AYCI3HLA,CA-GA-00000038,,2024-06-21,ROOFING,LOW,COMPLETED,14644.97,9778.86,2024-06-25,4
WO-LZNLWX3H1281,CA-GA-00000038,,2024-06-05,ELECTRICAL,MEDIUM,DEFERRED,6456.2,,,25
WO-GJ6ZUPZTOQ0M,CA-GA-00000038,,2024-07-04,HVAC,MEDIUM,COMPLETED,7421.26,6228.45,2024-07-09,5
WO-OQ4RI8MIZM7X,CA-GA-00000038,,2024-07-07,LANDSCAPING,HIGH,COMPLETED,4091.0,9459.34,2024-07-09,2
WO-B8FO9WY1UUMS,CA-GA-00000038,,2024-08-23,ELEVATOR,LOW,COMPLETED,10903.21,10403.66,2024-09-05,13
WO-WI2HY2MZLCDR,CA-GA-00000038,,2024-09-28,STRUCTURAL,MEDIUM,COMPLETED,1345.39,5628.69,2024-10-09,11
WO-ZZHRUWW2H87R,CA-GA-00000038,,2024-12-09,LANDSCAPING,MEDIUM,COMPLETED,10528.86,10194.6,2024-12-21,12
WO-UKLU235I427O,CA-GA-00000038,,2024-12-06,GENERAL,MEDIUM,COMPLETED,14609.83,2371.11,2024-12-23,17
WO-YQNMPB2B6EL9,CA-GA-00000038,,2025-01-25,LANDSCAPING,MEDIUM,COMPLETED,472.69,6969.85,2025-01-28,3
WO-8BLQ7QYQ1UUN,CA-GA-00000038,,2025-02-03,ROOFING,MEDIUM,COMPLETED,6209.77,3852.64,2025-02-20,17
WO-PI5KK0OAM2JF,CA-GA-00000038,,2025-05-27,ELEVATOR,MEDIUM,COMPLETED,11921.71,5325.95,2025-05-31,4
WO-CRD48O26R3RV,CA-GA-00000038,,2025-05-22,ROOFING,HIGH,OPEN,4440.22,,,18
WO-TG9A83Q8RQ21,CA-FL-00000039,,2024-01-18,ROOFING,MEDIUM,OPEN,12499.12,,,59
WO-EWFIQRC095OJ,CA-FL-00000039,,2024-01-07,GENERAL,HIGH,COMPLETED,9667.34,10468.39,2024-01-08,1
WO-2P9VAWEUR2E7,CA-FL-00000039,,2024-02-09,GENERAL,MEDIUM,COMPLETED,1276.96,493.8,2024-02-20,11
WO-HKQN6PYAXYNC,CA-FL-00000039,,2024-02-21,PLUMBING,MEDIUM,DEFERRED,5766.93,,,74
WO-YLHNHIV9BM8V,CA-FL-00000039,,2024-03-03,LANDSCAPING,HIGH,OPEN,8868.92,,,98
WO-90O6DFUYZKL0,CA-FL-00000039,,2024-03-04,ELECTRICAL,MEDIUM,DEFERRED,3790.1,,,24
WO-9LOXDNCT0KYT,CA-FL-00000039,,2024-03-19,ROOFING,HIGH,COMPLETED,9619.08,8919.27,2024-04-03,15
WO-3PFB31ZDRLS1,CA-FL-00000039,,2024-04-24,PLUMBING,LOW,DEFERRED,1087.11,,,141
WO-SIR5ADYK8ANX,CA-FL-00000039,,2024-04-17,HVAC,MEDIUM,DEFERRED,14396.04,,,111
WO-VQ7LY0ZCXIFH,CA-FL-00000039,,2024-06-08,ELEVATOR,HIGH,COMPLETED,1238.81,9582.66,2024-06-10,2
WO-KJ7MLQUZ7JEY,CA-FL-00000039,,2024-06-18,LANDSCAPING,MEDIUM,COMPLETED,5404.39,11616.96,2024-06-19,1
WO-XLAOJHW5Y0EZ,CA-FL-00000039,,2024-06-12,ELEVATOR,MEDIUM,COMPLETED,14454.61,6231.03,2024-07-02,20
WO-NU19AQCPBR8T,CA-FL-00000039,,2024-08-18,PLUMBING,LOW,COMPLETED,11274.29,7199.14,2024-08-29,11
WO-YC1NY3MQ2G5S,CA-FL-00000039,,2024-08-14,ELECTRICAL,MEDIUM,COMPLETED,9969.83,11683.65,2024-09-02,19
WO-9YUKN753EVTG,CA-FL-00000039,,2024-09-27,PLUMBING,LOW,COMPLETED,14746.4,3391.02,2024-10-08,11
WO-OE5G1HP644FT,CA-FL-00000039,,2024-09-13,PLUMBING,MEDIUM,DEFERRED,13863.83,,,25
WO-5VKKSXXMISU0,CA-FL-00000039,,2024-09-12,STRUCTURAL,HIGH,COMPLETED,4014.44,3934.97,2024-10-01,19
WO-CXF08PGCMZPQ,CA-FL-00000039,,2024-09-20,HVAC,MEDIUM,OPEN,6854.3,,,28
WO-WI2LXXPY9FF9,CA-FL-00000039,,2024-09-20,GENERAL,MEDIUM,OPEN,1427.26,,,100
WO-5RGNTLVJQTIO,CA-FL-00000039,,2024-11-09,GENERAL,MEDIUM,OPEN,7686.6,,,87
WO-S5HBVL9EIG3B,CA-FL-00000039,,2024-12-17,HVAC,MEDIUM,COMPLETED,13842.5,8336.15,2024-12-27,10
WO-1HO372XM586L,CA-FL-00000039,,2025-01-02,GENERAL,MEDIUM,COMPLETED,1669.73,11383.69,2025-01-16,14
WO-FD1Q0S50MCL9,CA-FL-00000039,,2025-01-05,PLUMBING,EMERGENCY,COMPLETED,5060.65,7710.47,2025-01-23,18
WO-QVQJVJI9YTEY,CA-FL-00000039,,2025-02-15,HVAC,LOW,DEFERRED,1777.12,,,76
WO-1LDMCWTUJAK2,CA-FL-00000039,,2025-02-10,ROOFING,HIGH,DEFERRED,11079.85,,,67
WO-O7U8NOJINP3L,CA-FL-00000039,,2025-02-14,STRUCTURAL,LOW,DEFERRED,5116.87,,,41
WO-AX6Z5ADES1EF,CA-FL-00000039,,2025-03-06,PLUMBING,HIGH,COMPLETED,7443.85,11814.11,2025-03-07,1
WO-SA37PVKEQT6L,CA-FL-00000039,,2025-03-22,ELECTRICAL,HIGH,DEFERRED,9843.89,,,49
WO-XHEW5QLQ5FER,CA-FL-00000039,,2025-03-09,HVAC,MEDIUM,COMPLETED,7264.28,4241.71,2025-03-14,5
WO-O1I8T72AYCGV,CA-FL-00000039,,2025-04-07,PLUMBING,LOW,COMPLETED,9582.93,8037.66,2025-04-15,8
WO-9IHQ8U5KARVM,CA-FL-00000039,,2025-04-27,GENERAL,MEDIUM,OPEN,10728.87,,,36
WO-W0UC70VVGD40,CA-FL-00000039,,2025-04-14,ELECTRICAL,EMERGENCY,OPEN,14042.7,,,47
WO-V8VDT2I34HFU,CA-FL-00000039,,2025-05-06,LANDSCAPING,HIGH,DEFERRED,5644.37,,,53
WO-PTUZVURXO5J9,CA-FL-00000039,,2025-06-17,LANDSCAPING,LOW,COMPLETED,7134.41,10693.91,2025-06-20,3
WO-X0A6UWS4A672,CA-FL-00000040,,2024-02-26,LANDSCAPING,MEDIUM,COMPLETED,377.1,682.37,2024-03-16,19
WO-Y6KSBQEVASJD,CA-FL-00000040,,2024-03-26,HVAC,MEDIUM,DEFERRED,4754.88,,,102
WO-GOVLA86TSQZ8,CA-FL-00000040,,2024-05-04,STRUCTURAL,MEDIUM,COMPLETED,8935.38,8484.88,2024-05-21,17
WO-OUL6O95ETOQU,CA-FL-00000040,,2024-06-14,HVAC,HIGH,COMPLETED,12537.81,7578.96,2024-07-03,19
WO-UME4M9GRK8PW,CA-FL-00000040,,2024-07-28,STRUCTURAL,MEDIUM,DEFERRED,3801.39,,,28
WO-7VCC46L3U9P4,CA-FL-00000040,,2024-08-17,LANDSCAPING,EMERGENCY,DEFERRED,1753.57,,,73
WO-042LDUSEJ40I,CA-FL-00000040,,2024-09-02,GENERAL,LOW,COMPLETED,361.98,7110.74,2024-09-19,17
WO-PL2Q37XYH46F,CA-FL-00000040,,2024-11-17,GENERAL,LOW,COMPLETED,12615.09,3776.43,2024-12-03,16
WO-QKQFH33MUXZU,CA-FL-00000040,,2024-12-13,HVAC,LOW,COMPLETED,10980.96,3711.54,2024-12-14,1
WO-VHY95V0BK1Y0,CA-FL-00000040,,2024-12-24,LANDSCAPING,MEDIUM,COMPLETED,4410.05,3881.88,2025-01-07,14
WO-0EPEJ31LG2AD,CA-FL-00000040,,2025-03-22,ROOFING,LOW,COMPLETED,7829.91,3107.35,2025-04-02,11
WO-KI1IW5LDNQIW,CA-FL-00000040,,2025-04-10,HVAC,MEDIUM,COMPLETED,4839.82,8650.36,2025-04-19,9
WO-G7M50JKIJ8S0,CA-FL-00000040,,2025-05-26,GENERAL,MEDIUM,COMPLETED,1151.8,3973.73,2025-06-09,14
WO-543RKMSQDDLF,CA-FL-00000040,,2025-05-25,ROOFING,LOW,COMPLETED,1154.12,9855.43,2025-05-27,2
WO-QZIHF0C8CCC1,CA-CA-00000041,,2024-01-22,GENERAL,MEDIUM,COMPLETED,5372.58,4755.01,2024-02-03,12
WO-D7ZN0VAYKH2T,CA-CA-00000041,,2024-01-04,PLUMBING,LOW,OPEN,6154.86,,,87
WO-QU1AGX7OYP8H,CA-CA-00000041,,2024-01-15,ROOFING,MEDIUM,DEFERRED,4006.8,,,48
WO-ZG4VUL9GNG4S,CA-CA-00000041,,2024-01-17,PLUMBING,HIGH,COMPLETED,2363.82,9008.12,2024-01-19,2
WO-8L4MPUSL79UA,CA-CA-00000041,,2024-01-02,ROOFING,MEDIUM,DEFERRED,9252.18,,,71
WO-1BU10CC21ZBO,CA-CA-00000041,,2024-01-04,HVAC,HIGH,DEFERRED,3460.08,,,124
WO-2HEFE7MW1D9B,CA-CA-00000041,,2024-01-04,HVAC,MEDIUM,OPEN,6063.53,,,109
WO-PIREDCVQZTR0,CA-CA-00000041,,2024-02-06,LANDSCAPING,LOW,OPEN,5298.23,,,105
WO-I6BHV69PL93F,CA-CA-00000041,,2024-02-04,ROOFING,EMERGENCY,DEFERRED,12631.95,,,51
WO-QB9XYHD35BK8,CA-CA-00000041,,2024-03-28,ELECTRICAL,HIGH,COMPLETED,13058.23,4620.16,2024-04-14,17
WO-I5S96R8LTMD7,CA-CA-00000041,,2024-03-03,PLUMBING,LOW,OPEN,6838.51,,,57
WO-4I55FLG7KS2U,CA-CA-00000041,,2024-03-07,STRUCTURAL,HIGH,OPEN,9948.43,,,48
WO-AVNPOCOSIWL6,CA-CA-00000041,,2024-03-25,PLUMBING,HIGH,DEFERRED,10409.84,,,141
WO-AEH97KHNRJD5,CA-CA-00000041,,2024-03-13,PLUMBING,HIGH,DEFERRED,8356.25,,,51
WO-8KJ03KLNJNR0,CA-CA-00000041,,2024-04-08,LANDSCAPING,HIGH,OPEN,11599.59,,,39
WO-BM6F3ZEGBYNJ,CA-CA-00000041,,2024-04-22,LANDSCAPING,MEDIUM,OPEN,3897.0,,,62
WO-GTQ9URJP2BV5,CA-CA-00000041,,2024-04-17,ROOFING,MEDIUM,DEFERRED,3583.58,,,145
WO-OMOYXJM96V1A,CA-CA-00000041,,2024-05-10,GENERAL,LOW,DEFERRED,13832.65,,,27
WO-GTD2C06DGPE5,CA-CA-00000041,,2024-05-22,GENERAL,LOW,DEFERRED,14666.37,,,398
WO-UFVRW1064FPR,CA-CA-00000041,,2024-05-22,PLUMBING,MEDIUM,COMPLETED,8227.07,2753.6,2024-06-10,19
WO-VX8ME6OVDJFP,CA-CA-00000041,,2024-05-11,ELECTRICAL,MEDIUM,COMPLETED,8116.5,6646.79,2024-05-15,4
WO-R8PXQPJC3I4L,CA-CA-00000041,,2024-05-16,ELECTRICAL,HIGH,COMPLETED,11701.71,8042.3,2024-06-06,21
WO-HIHZEQ2E986J,CA-CA-00000041,,2024-05-18,ELEVATOR,LOW,OPEN,12826.99,,,67
WO-2882T7V3MD45,CA-CA-00000041,,2024-06-01,GENERAL,MEDIUM,COMPLETED,14156.93,5981.31,2024-06-10,9
WO-MVPB033K0XE7,CA-CA-00000041,,2024-06-25,LANDSCAPING,MEDIUM,COMPLETED,10558.74,1559.22,2024-07-07,12
WO-DBYA69CJQ6ZL,CA-CA-00000041,,2024-06-13,ELECTRICAL,MEDIUM,DEFERRED,357.34,,,48
WO-ZG7MCEOFTWO5,CA-CA-00000041,,2024-06-23,ROOFING,LOW,COMPLETED,4785.31,8145.51,2024-07-07,14
WO-C2JUIFRPLY3I,CA-CA-00000041,,2024-06-09,PLUMBING,MEDIUM,COMPLETED,13992.81,961.35,2024-06-14,5
WO-RVRK9ZTWWLT5,CA-CA-00000041,,2024-06-05,LANDSCAPING,HIGH,DEFERRED,13358.1,,,83
WO-195HVYLPCNP3,CA-CA-00000041,,2024-06-23,PLUMBING,MEDIUM,COMPLETED,5698.03,5640.24,2024-06-30,7
WO-E8TNYE6Q4I53,CA-CA-00000041,,2024-06-03,PLUMBING,LOW,DEFERRED,1816.29,,,106
WO-H5LHXEFHL5ZZ,CA-CA-00000041,,2024-07-11,GENERAL,MEDIUM,DEFERRED,3922.43,,,127
WO-JZP47JKWYLRV,CA-CA-00000041,,2024-07-05,PLUMBING,LOW,DEFERRED,12586.35,,,109
WO-SXGOMOCXL9V1,CA-CA-00000041,,2024-07-11,PLUMBING,EMERGENCY,OPEN,1323.36,,,42
WO-10PLLSWYPEE5,CA-CA-00000041,,2024-07-13,HVAC,EMERGENCY,DEFERRED,891.72,,,34
WO-JYMO4769XXUV,CA-CA-00000041,,2024-07-28,ELEVATOR,HIGH,OPEN,5753.14,,,71
WO-IQZ0CF6SAYWX,CA-CA-00000041,,2024-07-15,GENERAL,MEDIUM,OPEN,3579.66,,,115
WO-G5LORRO66LM6,CA-CA-00000041,,2024-07-13,ELECTRICAL,HIGH,COMPLETED,3483.75,6978.16,2024-07-14,1
WO-D1JCWCB1VDV1,CA-CA-00000041,,2024-07-18,PLUMBING,LOW,COMPLETED,12470.81,1014.0,2024-07-28,10
WO-T79RPX2V7FN5,CA-CA-00000041,,2024-08-12,HVAC,MEDIUM,COMPLETED,4827.13,8733.97,2024-08-16,4
WO-HOJ6KK3DCD8G,CA-CA-00000041,,2024-08-14,PLUMBING,EMERGENCY,COMPLETED,8441.64,10385.13,2024-08-16,2
WO-5NKS2TQAGRO3,CA-CA-00000041,,2024-08-21,PLUMBING,HIGH,OPEN,478.13,,,128
WO-TZHM3559RPGV,CA-CA-00000041,,2024-08-03,HVAC,LOW,OPEN,1183.43,,,174
WO-KGE3NRSTPR6P,CA-CA-00000041,,2024-08-07,GENERAL,MEDIUM,COMPLETED,6690.62,6046.8,2024-08-19,12
WO-QW96KJB4P5YF,CA-CA-00000041,,2024-09-03,ROOFING,LOW,COMPLETED,5068.2,2164.32,2024-09-11,8
WO-BIAFUN5FH7WK,CA-CA-00000041,,2024-09-15,PLUMBING,LOW,DEFERRED,14282.82,,,27
WO-DD94PQZ27U5X,CA-CA-00000041,,2024-09-13,PLUMBING,MEDIUM,DEFERRED,2664.16,,,48
WO-S1FIUCSZMC4K,CA-CA-00000041,,2024-10-11,STRUCTURAL,LOW,COMPLETED,10669.48,11402.06,2024-10-16,5
WO-0TS9VSWBTRPD,CA-CA-00000041,,2024-10-03,HVAC,MEDIUM,COMPLETED,11407.03,5210.98,2024-10-14,11
WO-XY5LCDHCFB4H,CA-CA-00000041,,2024-10-17,ELECTRICAL,EMERGENCY,OPEN,7440.13,,,35
WO-M79GGPR00ONX,CA-CA-00000041,,2024-10-21,GENERAL,MEDIUM,DEFERRED,13672.94,,,161
WO-XDGEBQLHAINC,CA-CA-00000041,,2024-10-14,HVAC,MEDIUM,COMPLETED,2741.58,3978.51,2024-10-24,10
WO-USA0PMGKJX8Y,CA-CA-00000041,,2024-10-15,PLUMBING,LOW,DEFERRED,12426.24,,,76
WO-BP7XXL21K7TS,CA-CA-00000041,,2024-11-17,ROOFING,LOW,OPEN,14948.03,,,17
WO-DQHXFNRAW9NY,CA-CA-00000041,,2024-11-15,STRUCTURAL,HIGH,OPEN,4419.58,,,19
WO-JN8B3T3FFBHE,CA-CA-00000041,,2024-11-21,ROOFING,MEDIUM,COMPLETED,4388.66,267.58,2024-12-04,13
WO-EVUK3C26JNYC,CA-CA-00000041,,2024-11-15,LANDSCAPING,HIGH,OPEN,13140.16,,,68
WO-Y3LNT2ZEHZIG,CA-CA-00000041,,2024-11-10,HVAC,MEDIUM,DEFERRED,7103.65,,,9
WO-VWB8O80PQJ1T,CA-CA-00000041,,2024-12-01,ELEVATOR,MEDIUM,COMPLETED,11146.31,10008.26,2024-12-11,10
WO-C0QMG00FLA2P,CA-CA-00000041,,2024-12-07,LANDSCAPING,MEDIUM,COMPLETED,2634.82,9099.89,2024-12-22,15
WO-QXUBL4OWY0RA,CA-CA-00000041,,2024-12-08,STRUCTURAL,MEDIUM,OPEN,527.28,,,48
WO-BWRT9WAKQY9K,CA-CA-00000041,,2024-12-11,LANDSCAPING,MEDIUM,COMPLETED,7040.61,2616.7,2024-12-23,12
WO-DT2MXN02JWK0,CA-CA-00000041,,2024-12-16,LANDSCAPING,MEDIUM,COMPLETED,6671.5,11932.13,2024-12-30,14
WO-PGFR8AGZ1K8G,CA-CA-00000041,,2024-12-26,STRUCTURAL,LOW,DEFERRED,4297.69,,,731
WO-9RXHI9EJKNX4,CA-CA-00000041,,2024-12-10,STRUCTURAL,MEDIUM,OPEN,6754.33,,,345
WO-A9SOXRAOI9XE,CA-CA-00000041,,2025-01-04,GENERAL,MEDIUM,OPEN,6880.06,,,50
WO-DWV9J7U0B02V,CA-CA-00000041,,2025-01-09,LANDSCAPING,HIGH,COMPLETED,2184.6,11460.3,2025-01-21,12
WO-WC4FOPQWP9DQ,CA-CA-00000041,,2025-01-26,HVAC,LOW,COMPLETED,858.74,4602.32,2025-02-11,16
WO-WA0NAMX6JAW9,CA-CA-00000041,,2025-01-13,STRUCTURAL,MEDIUM,OPEN,8002.02,,,121
WO-DBJEKNE2KH74,CA-CA-00000041,,2025-01-20,ELEVATOR,HIGH,COMPLETED,8487.66,6550.29,2025-01-25,5
WO-NDGWWS7WXWHI,CA-CA-00000041,,2025-02-05,STRUCTURAL,HIGH,COMPLETED,11734.93,5361.17,2025-02-11,6
WO-Z412FQ0T8YQY,CA-CA-00000041,,2025-02-09,ELEVATOR,MEDIUM,COMPLETED,305.43,413.86,2025-02-23,14
WO-UV03GNP53ANA,CA-CA-00000041,,2025-02-16,HVAC,MEDIUM,DEFERRED,11472.87,,,14
WO-QKCN1WG71YQI,CA-CA-00000041,,2025-02-10,PLUMBING,HIGH,OPEN,8694.01,,,13
WO-8DG3IQUA7WQA,CA-CA-00000041,,2025-02-16,ELECTRICAL,HIGH,DEFERRED,14615.85,,,33
WO-O9IJ09AAEY96,CA-CA-00000041,,2025-02-22,STRUCTURAL,LOW,COMPLETED,2967.67,1898.04,2025-02-26,4
WO-FQ2EV451LSMA,CA-CA-00000041,,2025-02-28,LANDSCAPING,HIGH,COMPLETED,12764.21,2550.35,2025-03-19,19
WO-TVVPNNNQH65S,CA-CA-00000041,,2025-02-18,PLUMBING,EMERGENCY,DEFERRED,11909.89,,,87
WO-WO5UC0KMNI5N,CA-CA-00000041,,2025-02-11,HVAC,HIGH,DEFERRED,9356.49,,,81
WO-VEAJR3IKKV9O,CA-CA-00000041,,2025-03-22,HVAC,LOW,OPEN,14440.86,,,20
WO-4NQ2Q8D8QDB1,CA-CA-00000041,,2025-03-27,HVAC,HIGH,OPEN,1132.16,,,8
WO-VJ3UDAG1ZK45,CA-CA-00000041,,2025-03-05,ELECTRICAL,HIGH,DEFERRED,4127.3,,,108
WO-TD5TP2W0BGAO,CA-CA-00000041,,2025-03-09,HVAC,MEDIUM,DEFERRED,11824.51,,,28
WO-BCOS21YUN1FU,CA-CA-00000041,,2025-03-26,STRUCTURAL,HIGH,OPEN,2633.86,,,10
WO-CU1640K01TBD,CA-CA-00000041,,2025-03-19,STRUCTURAL,EMERGENCY,COMPLETED,9349.08,7284.65,2025-04-01,13
WO-27F1JBVUOE8W,CA-CA-00000041,,2025-03-16,ELECTRICAL,LOW,DEFERRED,4291.91,,,61
WO-NB9XNQG4NH83,CA-CA-00000041,,2025-04-07,LANDSCAPING,LOW,COMPLETED,4223.93,7101.95,2025-04-10,3
WO-MGLU54RJWTO7,CA-CA-00000041,,2025-04-19,HVAC,MEDIUM,COMPLETED,2542.61,1830.45,2025-05-06,17
WO-35SWWW0SYZYF,CA-CA-00000041,,2025-04-06,STRUCTURAL,LOW,COMPLETED,4248.49,8160.22,2025-04-23,17
WO-Y70S40NP643A,CA-CA-00000041,,2025-04-24,ELECTRICAL,LOW,OPEN,2874.16,,,49
WO-P3F6GE0BJBBO,CA-CA-00000041,,2025-04-20,ELECTRICAL,LOW,COMPLETED,1916.98,6801.29,2025-05-07,17
WO-4KYB04TC9HIR,CA-CA-00000041,,2025-04-03,ROOFING,HIGH,COMPLETED,2848.05,5080.54,2025-04-10,7
WO-8ZGTEQFVC85Y,CA-CA-00000041,,2025-04-02,PLUMBING,MEDIUM,COMPLETED,7539.81,3358.36,2025-04-12,10
WO-7NY1DOA1W5HI,CA-CA-00000041,,2025-05-06,ROOFING,LOW,OPEN,6075.92,,,48
WO-ROENCSGD5XDB,CA-CA-00000041,,2025-05-06,HVAC,MEDIUM,OPEN,12688.69,,,40
WO-U7VEN9SZFD97,CA-CA-00000041,,2025-05-12,STRUCTURAL,LOW,OPEN,13101.97,,,18
WO-ZA4BBSTPCAHP,CA-CA-00000041,,2025-05-12,STRUCTURAL,MEDIUM,COMPLETED,10629.64,532.2,2025-06-01,20
WO-VYCW7RU9P17C,CA-CA-00000041,,2025-06-09,HVAC,LOW,COMPLETED,5882.64,7122.11,2025-06-11,2
WO-GZ39FUGM89UK,CA-CA-00000041,,2025-06-18,ELECTRICAL,LOW,COMPLETED,10158.71,5622.2,2025-06-22,4
WO-XZ7VCO8DDBL1,CA-CA-00000041,,2025-06-28,PLUMBING,LOW,OPEN,6207.23,,,82
WO-LFAA57I63VJA,CA-NY-00000042,,2024-01-13,HVAC,EMERGENCY,COMPLETED,7805.74,7094.57,2024-01-21,8
WO-9RKMTV3T6ED4,CA-NY-00000042,,2024-02-23,PLUMBING,MEDIUM,COMPLETED,2139.45,5673.72,2024-03-06,12
WO-NOHIULBS91KG,CA-NY-00000042,,2024-04-27,ELEVATOR,LOW,COMPLETED,8118.04,8468.18,2024-04-29,2
WO-047TNEITC7LS,CA-NY-00000042,,2024-06-08,GENERAL,MEDIUM,COMPLETED,3265.03,2399.03,2024-06-29,21
WO-OU5X21755FQK,CA-NY-00000042,,2024-07-20,GENERAL,MEDIUM,COMPLETED,3454.08,5788.62,2024-07-27,7
WO-9CXVDIFJJWBO,CA-NY-00000042,,2024-07-16,GENERAL,LOW,COMPLETED,9826.5,9891.12,2024-07-28,12
WO-U81YY220XAVZ,CA-NY-00000042,,2024-10-18,ELECTRICAL,HIGH,COMPLETED,9822.33,9171.26,2024-10-31,13
WO-ZRA921UV9YOC,CA-NY-00000042,,2024-11-22,HVAC,HIGH,COMPLETED,9036.11,1201.59,2024-12-09,17
WO-6QSS2P99WWGX,CA-NY-00000042,,2024-11-04,LANDSCAPING,MEDIUM,COMPLETED,10239.4,11631.51,2024-11-14,10
WO-53FEI3XR911Z,CA-NY-00000042,,2025-03-06,GENERAL,MEDIUM,COMPLETED,9876.91,4516.73,2025-03-09,3
WO-8G7Q2MCY2ONH,CA-NY-00000042,,2025-04-21,LANDSCAPING,MEDIUM,OPEN,13214.31,,,68
WO-21O814GL696T,CA-NY-00000042,,2025-04-13,GENERAL,LOW,COMPLETED,8257.42,1002.96,2025-04-26,13
WO-SPWJSSD6TVEK,CA-NY-00000042,,2025-05-04,HVAC,HIGH,COMPLETED,14395.35,7861.0,2025-05-08,4
WO-OBX688I9G7VQ,CA-NY-00000042,,2025-06-27,STRUCTURAL,LOW,COMPLETED,2078.96,7135.11,2025-07-17,20
WO-1JSGY6TV4AJR,CA-NC-00000043,,2024-01-22,LANDSCAPING,MEDIUM,COMPLETED,12366.13,5950.54,2024-01-29,7
WO-8523VC67FWVD,CA-NC-00000043,,2024-01-13,STRUCTURAL,LOW,COMPLETED,1166.15,2371.73,2024-02-02,20
WO-K9V416BVYY7H,CA-NC-00000043,,2024-02-12,PLUMBING,LOW,COMPLETED,9505.25,9628.17,2024-02-17,5
WO-UH2CDBGBXM1R,CA-NC-00000043,,2024-03-16,ROOFING,MEDIUM,DEFERRED,12035.75,,,65
WO-0CKXY5EKRND1,CA-NC-00000043,,2024-03-04,PLUMBING,MEDIUM,COMPLETED,3108.27,660.06,2024-03-18,14
WO-R3M2HL9L2IYD,CA-NC-00000043,,2024-03-06,LANDSCAPING,MEDIUM,COMPLETED,2796.67,1808.08,2024-03-20,14
WO-JG0VJ1AFR6JS,CA-NC-00000043,,2024-04-08,ELEVATOR,LOW,DEFERRED,13266.96,,,25
WO-W2G0OWRDUZQL,CA-NC-00000043,,2024-04-15,ROOFING,LOW,COMPLETED,14729.31,8751.45,2024-04-24,9
WO-6VLL4PVHZ7IT,CA-NC-00000043,,2024-05-21,ROOFING,HIGH,COMPLETED,8308.46,4433.37,2024-06-06,16
WO-CWYEYS4E7AZE,CA-NC-00000043,,2024-05-06,GENERAL,LOW,DEFERRED,8193.35,,,92
WO-W26HD66PFQTV,CA-NC-00000043,,2024-05-01,ROOFING,LOW,DEFERRED,14589.65,,,35
WO-S39N1DRZ2QHG,CA-NC-00000043,,2024-05-05,LANDSCAPING,HIGH,COMPLETED,11845.94,8314.69,2024-05-14,9
WO-RLAZRAD7J4GI,CA-NC-00000043,,2024-06-09,ELECTRICAL,MEDIUM,COMPLETED,2806.55,9610.75,2024-06-15,6
WO-Z4TP5PS9ZBGF,CA-NC-00000043,,2024-06-23,ROOFING,EMERGENCY,COMPLETED,5387.2,2837.43,2024-07-03,10
WO-KZ9THJ69TL04,CA-NC-00000043,,2024-06-26,LANDSCAPING,MEDIUM,COMPLETED,273.25,10407.93,2024-07-15,19
WO-ZVQKYK3NNTRJ,CA-NC-00000043,,2024-06-02,LANDSCAPING,MEDIUM,COMPLETED,8322.84,9196.81,2024-06-09,7
WO-PMLIRFI2J0ED,CA-NC-00000043,,2024-07-05,LANDSCAPING,HIGH,COMPLETED,200.04,10283.74,2024-07-09,4
WO-XQ20WMS1495U,CA-NC-00000043,,2024-07-09,ELECTRICAL,LOW,DEFERRED,14721.61,,,29
WO-9ES6U74E0335,CA-NC-00000043,,2024-08-24,ELEVATOR,HIGH,COMPLETED,7080.54,5184.34,2024-09-04,11
WO-VO7RI0EI9GG2,CA-NC-00000043,,2024-10-09,GENERAL,HIGH,COMPLETED,11092.96,11246.96,2024-10-30,21
WO-U38VSYCIFDEW,CA-NC-00000043,,2024-10-25,STRUCTURAL,HIGH,COMPLETED,8163.62,2609.49,2024-11-11,17
WO-VG0D5UE8PNN5,CA-NC-00000043,,2024-10-03,ROOFING,MEDIUM,COMPLETED,12021.3,6390.76,2024-10-13,10
WO-O2VI1DGB4VD8,CA-NC-00000043,,2024-12-17,LANDSCAPING,LOW,COMPLETED,6812.6,4952.32,2024-12-25,8
WO-9U1EK42OIK4I,CA-NC-00000043,,2025-02-12,HVAC,HIGH,OPEN,14626.77,,,48
WO-5XACYBLA8Y4P,CA-NC-00000043,,2025-02-27,PLUMBING,LOW,DEFERRED,13384.4,,,42
WO-PYD4ZJACPCT1,CA-NC-00000043,,2025-03-28,LANDSCAPING,LOW,COMPLETED,9358.37,9611.87,2025-04-18,21
WO-9UK5RY1IRMBH,CA-NC-00000043,,2025-04-15,PLUMBING,LOW,COMPLETED,10252.16,2292.1,2025-04-18,3
WO-ZGANTWV06B7B,CA-NC-00000043,,2025-05-11,ELECTRICAL,LOW,COMPLETED,2322.56,5630.18,2025-05-21,10
WO-VOY50D7QHYW7,CA-NC-00000043,,2025-05-20,LANDSCAPING,LOW,COMPLETED,9956.78,1127.16,2025-05-22,2
WO-V62DAMQEW7L3,CA-NC-00000043,,2025-05-10,PLUMBING,EMERGENCY,COMPLETED,6389.27,2657.4,2025-05-29,19
WO-GP3P46XHODAZ,CA-NC-00000043,,2025-06-21,STRUCTURAL,MEDIUM,COMPLETED,1111.76,5965.8,2025-07-09,18
WO-CFP22J9CG6I2,CA-NC-00000043,,2025-06-05,STRUCTURAL,HIGH,COMPLETED,4149.25,2342.1,2025-06-17,12
WO-DBYZ9WZMN8T5,CA-FL-00000044,,2024-01-16,LANDSCAPING,MEDIUM,COMPLETED,3123.2,10755.37,2024-01-18,2
WO-RJEPUGBRFVO8,CA-FL-00000044,,2024-01-14,GENERAL,HIGH,DEFERRED,6209.85,,,26
WO-WREGJTJ544E4,CA-FL-00000044,,2024-01-17,GENERAL,LOW,COMPLETED,917.77,9458.83,2024-01-29,12
WO-BJ49QLJDJVKD,CA-FL-00000044,,2024-01-23,PLUMBING,LOW,COMPLETED,3954.51,5839.31,2024-01-25,2
WO-6OU569LRVVCX,CA-FL-00000044,,2024-01-14,PLUMBING,MEDIUM,COMPLETED,12690.0,1652.65,2024-01-31,17
WO-P4WROW3UW9GB,CA-FL-00000044,,2024-01-10,PLUMBING,HIGH,OPEN,951.64,,,63
WO-ZN0Y12SD5AWF,CA-FL-00000044,,2024-02-09,GENERAL,LOW,OPEN,3731.56,,,87
WO-1FDO48JETF1B,CA-FL-00000044,,2024-02-25,GENERAL,LOW,DEFERRED,9120.91,,,39
WO-2V2271BEE4YW,CA-FL-00000044,,2024-02-26,LANDSCAPING,MEDIUM,DEFERRED,2987.35,,,67
WO-X1KXLFBOQH5P,CA-FL-00000044,,2024-02-02,HVAC,HIGH,COMPLETED,1498.48,10361.04,2024-02-06,4
WO-1RTYB056AAZO,CA-FL-00000044,,2024-02-10,ELEVATOR,MEDIUM,DEFERRED,3883.86,,,45
WO-LNG4Q9KGIC7R,CA-FL-00000044,,2024-02-07,ROOFING,LOW,DEFERRED,13356.63,,,54
WO-OV1AWGSC6TXQ,CA-FL-00000044,,2024-02-13,GENERAL,MEDIUM,DEFERRED,8247.97,,,42
WO-E1HTMZLKXW2B,CA-FL-00000044,,2024-02-15,ELECTRICAL,LOW,COMPLETED,12007.5,10453.95,2024-02-29,14
WO-7QT0LTIDMXPI,CA-FL-00000044,,2024-03-27,GENERAL,LOW,COMPLETED,14341.7,8620.63,2024-04-04,8
WO-6B4TJQ13AN4W,CA-FL-00000044,,2024-03-09,ELECTRICAL,MEDIUM,COMPLETED,4150.73,10477.08,2024-03-12,3
WO-IPOMD9GWYF6L,CA-FL-00000044,,2024-03-06,HVAC,MEDIUM,COMPLETED,9796.49,6142.78,2024-03-26,20
WO-83ETLXVITQDO,CA-FL-00000044,,2024-03-11,PLUMBING,LOW,COMPLETED,14802.44,5807.52,2024-03-17,6
WO-TII9SIRR2CDL,CA-FL-00000044,,2024-03-08,HVAC,HIGH,COMPLETED,13042.26,853.0,2024-03-23,15
WO-4NTE6JPNQ78H,CA-FL-00000044,,2024-04-11,STRUCTURAL,MEDIUM,OPEN,298.29,,,24
WO-ZKKIWS0CE9OL,CA-FL-00000044,,2024-04-04,GENERAL,MEDIUM,COMPLETED,14692.87,1372.27,2024-04-08,4
WO-I1UULA4NOJ0U,CA-FL-00000044,,2024-04-13,ROOFING,MEDIUM,COMPLETED,5653.7,1370.02,2024-04-18,5
WO-5MFEE6IHF9EP,CA-FL-00000044,,2024-04-22,LANDSCAPING,MEDIUM,DEFERRED,2298.52,,,24
WO-2R8PA0386J38,CA-FL-00000044,,2024-04-28,LANDSCAPING,HIGH,DEFERRED,1281.38,,,17
WO-CEFF2YWJNHBC,CA-FL-00000044,,2024-05-26,ELECTRICAL,MEDIUM,COMPLETED,4485.3,3691.74,2024-06-03,8
WO-M93BC7C5KYWO,CA-FL-00000044,,2024-06-19,PLUMBING,LOW,COMPLETED,3792.06,816.56,2024-07-08,19
WO-YBR8JC4E6LK8,CA-FL-00000044,,2024-06-04,ROOFING,MEDIUM,OPEN,2647.88,,,62
WO-CYNKD5WISQOT,CA-FL-00000044,,2024-07-14,LANDSCAPING,MEDIUM,COMPLETED,5855.27,1879.68,2024-07-18,4
WO-SJQ7RUAAZPFM,CA-FL-00000044,,2024-07-07,STRUCTURAL,MEDIUM,COMPLETED,10358.16,2367.78,2024-07-28,21
WO-ZVH3CTMTA2KB,CA-FL-00000044,,2024-07-14,LANDSCAPING,MEDIUM,DEFERRED,8792.16,,,82
WO-U74GP6CVSNX4,CA-FL-00000044,,2024-08-05,STRUCTURAL,LOW,OPEN,14062.85,,,11
WO-TSF25YCXNH80,CA-FL-00000044,,2024-08-11,ELEVATOR,HIGH,OPEN,6048.24,,,92
WO-BJEOQ64K0A2X,CA-FL-00000044,,2024-08-03,GENERAL,LOW,DEFERRED,11723.73,,,104
WO-JPBFGASZRT3O,CA-FL-00000044,,2024-08-21,ROOFING,MEDIUM,COMPLETED,1264.43,7401.98,2024-08-29,8
WO-XO6SQY3T9519,CA-FL-00000044,,2024-08-16,GENERAL,HIGH,COMPLETED,5159.61,11367.38,2024-08-23,7
WO-69GM5R857P7D,CA-FL-00000044,,2024-09-23,PLUMBING,HIGH,COMPLETED,4317.48,2904.55,2024-09-26,3
WO-B929FPXO1Z3C,CA-FL-00000044,,2024-09-16,LANDSCAPING,LOW,OPEN,13814.71,,,76
WO-3PLXCLAVVPVO,CA-FL-00000044,,2024-09-06,PLUMBING,EMERGENCY,COMPLETED,12962.36,6030.56,2024-09-27,21
WO-TBR9BPS6U9LX,CA-FL-00000044,,2024-10-09,PLUMBING,MEDIUM,COMPLETED,12419.48,662.62,2024-10-15,6
WO-GDIJ0F5GWMVQ,CA-FL-00000044,,2024-10-22,ELEVATOR,MEDIUM,OPEN,2698.2,,,59
WO-846M9YFJDZ19,CA-FL-00000044,,2024-10-04,PLUMBING,LOW,COMPLETED,10646.26,11758.35,2024-10-20,16
WO-N3S4K01YJUSO,CA-FL-00000044,,2024-11-05,HVAC,LOW,OPEN,10423.46,,,13
WO-7XMF40KDDOC3,CA-FL-00000044,,2024-11-20,GENERAL,LOW,COMPLETED,1443.15,7756.38,2024-11-21,1
WO-6OMUC3VO7ULM,CA-FL-00000044,,2024-12-07,HVAC,LOW,OPEN,10909.26,,,49
WO-TWIAORF7PVKZ,CA-FL-00000044,,2024-12-15,LANDSCAPING,MEDIUM,OPEN,8679.73,,,39
WO-D6C8J7IETSTX,CA-FL-00000044,,2024-12-17,ELEVATOR,HIGH,OPEN,4594.67,,,21
WO-UTA2BKE3M5O2,CA-FL-00000044,,2024-12-04,ELECTRICAL,HIGH,COMPLETED,7363.78,3587.99,2024-12-06,2
WO-NYCH33DSU6JM,CA-FL-00000044,,2025-01-16,LANDSCAPING,HIGH,COMPLETED,4384.97,1878.24,2025-02-05,20
WO-7TUOAQ6PIK4X,CA-FL-00000044,,2025-01-17,HVAC,HIGH,DEFERRED,3242.81,,,67
WO-B785QSS02C0H,CA-FL-00000044,,2025-01-07,LANDSCAPING,LOW,COMPLETED,5946.29,8641.74,2025-01-11,4
WO-OE76DYKVS51S,CA-FL-00000044,,2025-01-05,STRUCTURAL,MEDIUM,COMPLETED,207.22,3839.28,2025-01-24,19
WO-O8YZISQEW0ZW,CA-FL-00000044,,2025-02-10,ROOFING,MEDIUM,OPEN,12487.27,,,63
WO-KS2JXDC6LO0H,CA-FL-00000044,,2025-02-11,ELECTRICAL,HIGH,DEFERRED,2232.59,,,31
WO-A78QUMWFIDON,CA-FL-00000044,,2025-02-24,STRUCTURAL,HIGH,COMPLETED,907.72,5937.68,2025-03-12,16
WO-E3OINF8JWYHR,CA-FL-00000044,,2025-02-13,HVAC,MEDIUM,COMPLETED,1889.5,5032.55,2025-02-18,5
WO-94NIOTIMNZY9,CA-FL-00000044,,2025-02-13,LANDSCAPING,MEDIUM,COMPLETED,5207.47,5593.03,2025-03-03,18
WO-USU7GJDPJX3Y,CA-FL-00000044,,2025-03-26,LANDSCAPING,MEDIUM,COMPLETED,11389.24,3545.51,2025-04-08,13
WO-T3J4F06GE347,CA-FL-00000044,,2025-03-18,ELECTRICAL,LOW,COMPLETED,6595.86,8439.32,2025-04-08,21
WO-5R9ASXGSUYAQ,CA-FL-00000044,,2025-03-16,ROOFING,HIGH,DEFERRED,1727.43,,,21
WO-CNTLNU9HAGPQ,CA-FL-00000044,,2025-03-09,ROOFING,HIGH,OPEN,2286.43,,,80
WO-IVKD8NP8ZA8S,CA-FL-00000044,,2025-03-18,LANDSCAPING,HIGH,COMPLETED,13334.48,8447.21,2025-03-27,9
WO-RMD1YO6WIULS,CA-FL-00000044,,2025-03-24,HVAC,MEDIUM,COMPLETED,2881.28,8436.84,2025-04-09,16
WO-IE9Y7P8959FA,CA-FL-00000044,,2025-03-15,LANDSCAPING,MEDIUM,COMPLETED,4856.72,7824.98,2025-03-19,4
WO-A5XRE0K5Q5MM,CA-FL-00000044,,2025-03-20,LANDSCAPING,HIGH,DEFERRED,12951.35,,,140
WO-J4K5W27UMT99,CA-FL-00000044,,2025-04-23,GENERAL,HIGH,COMPLETED,12412.98,608.13,2025-05-11,18
WO-L6RR5ETO67JN,CA-FL-00000044,,2025-04-16,ROOFING,MEDIUM,COMPLETED,7953.85,7529.68,2025-04-28,12
WO-7O07EWK4MY5E,CA-FL-00000044,,2025-04-06,LANDSCAPING,EMERGENCY,OPEN,9632.48,,,46
WO-AWWLS75DCFD4,CA-FL-00000044,,2025-04-08,PLUMBING,LOW,COMPLETED,11401.19,1957.36,2025-04-14,6
WO-P75I9W28CRS6,CA-FL-00000044,,2025-04-11,GENERAL,MEDIUM,DEFERRED,9146.47,,,35
WO-6G6STJ4JOMC4,CA-FL-00000044,,2025-04-14,GENERAL,MEDIUM,OPEN,3516.89,,,125
WO-WEZJ4S64IA5J,CA-FL-00000044,,2025-05-15,HVAC,MEDIUM,OPEN,13647.41,,,25
WO-7776E21WZG60,CA-FL-00000044,,2025-05-10,LANDSCAPING,MEDIUM,COMPLETED,3632.78,343.11,2025-05-19,9
WO-XSD342ZAEXV2,CA-FL-00000044,,2025-06-01,LANDSCAPING,MEDIUM,DEFERRED,2037.28,,,146
WO-OD8FOE1YL5MY,CA-FL-00000044,,2025-06-11,LANDSCAPING,EMERGENCY,OPEN,3665.01,,,73
WO-MJL9WQFB73KJ,CA-FL-00000044,,2025-06-28,PLUMBING,LOW,OPEN,5410.75,,,25
WO-MW4FIMMRHJZ1,CA-FL-00000044,,2025-06-12,LANDSCAPING,LOW,COMPLETED,3737.22,204.67,2025-06-20,8
WO-S27CEW2O6DPV,CA-CA-00000045,,2024-04-17,LANDSCAPING,HIGH,DEFERRED,3373.49,,,18
WO-ZHGYK9YBCYP1,CA-CA-00000045,,2024-05-02,HVAC,MEDIUM,COMPLETED,6020.49,10187.96,2024-05-12,10
WO-WIVPZM0FIV83,CA-CA-00000045,,2024-05-05,LANDSCAPING,MEDIUM,COMPLETED,3000.87,7714.4,2024-05-22,17
WO-BOCMRGUCJLCJ,CA-CA-00000045,,2024-06-09,PLUMBING,MEDIUM,COMPLETED,10530.84,4804.11,2024-06-26,17
WO-D22Y4NT2ZTIG,CA-CA-00000045,,2024-07-01,LANDSCAPING,HIGH,DEFERRED,9810.97,,,37
WO-ESFTYFCII3KU,CA-CA-00000045,,2024-07-28,LANDSCAPING,MEDIUM,COMPLETED,10047.17,7713.37,2024-07-31,3
WO-9FQIZCNF9N0S,CA-CA-00000045,,2024-08-23,ROOFING,LOW,COMPLETED,4937.97,7062.2,2024-09-02,10
WO-WOSLKBYHQOX7,CA-CA-00000045,,2024-11-21,HVAC,EMERGENCY,COMPLETED,13447.33,4832.37,2024-11-24,3
WO-AR2WMZ8JZG2Y,CA-CA-00000045,,2024-12-08,GENERAL,MEDIUM,COMPLETED,1783.58,8012.95,2024-12-23,15
WO-UMVV6Z2RKPEA,CA-CA-00000045,,2024-12-06,GENERAL,MEDIUM,COMPLETED,2778.7,7239.28,2024-12-26,20
WO-IY51LBG6XC3V,CA-CA-00000045,,2025-03-15,ELECTRICAL,HIGH,COMPLETED,3642.65,3828.67,2025-03-31,16
WO-P3H17BLMM5Y2,CA-CA-00000045,,2025-05-15,STRUCTURAL,MEDIUM,COMPLETED,4356.15,1345.52,2025-05-22,7
WO-RLOIF5PI6GHS,CA-CA-00000046,,2024-01-23,PLUMBING,MEDIUM,DEFERRED,10080.14,,,38
WO-W1N517199LJM,CA-CA-00000046,,2024-01-14,ROOFING,MEDIUM,DEFERRED,5344.89,,,29
WO-SMGRB9YLFQMK,CA-CA-00000046,,2024-01-10,LANDSCAPING,LOW,OPEN,12505.36,,,54
WO-KSLZNRXLB8DY,CA-CA-00000046,,2024-01-10,ELEVATOR,HIGH,COMPLETED,763.98,988.17,2024-01-21,11
WO-IEJ0KZ21JK5H,CA-CA-00000046,,2024-01-27,ROOFING,MEDIUM,OPEN,5416.85,,,45
WO-ZYIODVXVBEI4,CA-CA-00000046,,2024-02-08,HVAC,MEDIUM,COMPLETED,10652.96,7561.71,2024-02-12,4
WO-3CJITBQ4AMXC,CA-CA-00000046,,2024-02-16,PLUMBING,LOW,COMPLETED,11172.88,8934.02,2024-03-03,16
WO-XXOZB7CX6A1O,CA-CA-00000046,,2024-02-02,STRUCTURAL,MEDIUM,COMPLETED,3108.81,7980.0,2024-02-11,9
WO-XBP065LHGWOL,CA-CA-00000046,,2024-02-14,PLUMBING,MEDIUM,DEFERRED,3192.63,,,30
WO-4WLTIOM0HAV1,CA-CA-00000046,,2024-03-28,PLUMBING,MEDIUM,COMPLETED,11997.72,5865.78,2024-04-18,21
WO-0Q1D0G3664L2,CA-CA-00000046,,2024-03-21,STRUCTURAL,HIGH,COMPLETED,14481.57,3545.83,2024-04-11,21
WO-83752Y3ZZU43,CA-CA-00000046,,2024-03-09,STRUCTURAL,LOW,OPEN,12523.74,,,204
WO-WNAGOVCXMO0E,CA-CA-00000046,,2024-03-06,LANDSCAPING,MEDIUM,COMPLETED,7220.68,4627.97,2024-03-08,2
WO-PK9QAOIU2QFN,CA-CA-00000046,,2024-03-12,HVAC,MEDIUM,OPEN,9920.61,,,61
WO-441WKGOR792C,CA-CA-00000046,,2024-03-18,STRUCTURAL,LOW,DEFERRED,7052.67,,,121
WO-847Y3IVNH0IT,CA-CA-00000046,,2024-04-26,STRUCTURAL,LOW,DEFERRED,8154.13,,,61
WO-2OLX3179LDJX,CA-CA-00000046,,2024-04-22,ELECTRICAL,MEDIUM,DEFERRED,1535.15,,,22
WO-PK44Y05IIF2S,CA-CA-00000046,,2024-05-14,ELECTRICAL,LOW,DEFERRED,4446.54,,,30
WO-9NOGNO386PBR,CA-CA-00000046,,2024-05-09,ELECTRICAL,LOW,DEFERRED,590.65,,,141
WO-ZFWUY80MQ9VT,CA-CA-00000046,,2024-06-05,HVAC,MEDIUM,COMPLETED,13647.88,10821.63,2024-06-15,10
WO-EHWYMMZBGKEF,CA-CA-00000046,,2024-06-12,PLUMBING,MEDIUM,DEFERRED,9308.2,,,66
WO-CCDA902I2XGS,CA-CA-00000046,,2024-06-25,GENERAL,MEDIUM,DEFERRED,3721.73,,,16
WO-HI6N3Z82M6OJ,CA-CA-00000046,,2024-06-11,ROOFING,LOW,DEFERRED,2599.96,,,46
WO-O38QEZ8TGW82,CA-CA-00000046,,2024-06-07,ELEVATOR,HIGH,OPEN,11540.1,,,69
WO-V8Y1NUSAORN9,CA-CA-00000046,,2024-06-19,GENERAL,EMERGENCY,COMPLETED,13926.64,9392.22,2024-07-08,19
WO-9XVKQDFDQTIO,CA-CA-00000046,,2024-06-03,PLUMBING,LOW,COMPLETED,4275.4,7081.35,2024-06-21,18
WO-P1L52HAURSRW,CA-CA-00000046,,2024-07-21,LANDSCAPING,MEDIUM,DEFERRED,9815.12,,,12
WO-PVUIOL4Q7ZN6,CA-CA-00000046,,2024-07-24,LANDSCAPING,MEDIUM,OPEN,7379.83,,,26
WO-AMJ4T9UK5I7U,CA-CA-00000046,,2024-07-17,ROOFING,LOW,COMPLETED,14667.39,314.33,2024-07-31,14
WO-2C40YD4BXBB6,CA-CA-00000046,,2024-07-26,PLUMBING,EMERGENCY,DEFERRED,4996.81,,,51
WO-8DLD326JU561,CA-CA-00000046,,2024-07-05,LANDSCAPING,LOW,OPEN,6196.36,,,83
WO-98ZU7STH59D1,CA-CA-00000046,,2024-09-24,HVAC,MEDIUM,COMPLETED,14405.44,1355.8,2024-10-01,7
WO-N9RS4LUJLK80,CA-CA-00000046,,2024-09-28,ROOFING,HIGH,DEFERRED,1764.01,,,61
WO-NHS7QKTJB1GZ,CA-CA-00000046,,2024-09-12,LANDSCAPING,LOW,COMPLETED,14252.91,11170.97,2024-09-26,14
WO-4JXHTPS15I7P,CA-CA-00000046,,2024-09-10,PLUMBING,LOW,COMPLETED,14233.48,7555.89,2024-09-29,19
WO-LO79N4XXQT6F,CA-CA-00000046,,2024-09-10,HVAC,HIGH,COMPLETED,10399.19,1892.29,2024-09-28,18
WO-GZU2U6Z0OH0B,CA-CA-00000046,,2024-10-21,HVAC,MEDIUM,COMPLETED,13620.09,3764.15,2024-10-22,1
WO-RDPSZHC2NQPX,CA-CA-00000046,,2024-10-23,HVAC,LOW,COMPLETED,642.44,2910.47,2024-10-27,4
WO-LGDO330W1YZB,CA-CA-00000046,,2024-10-01,ROOFING,MEDIUM,OPEN,2161.71,,,95
WO-3A2EBVUTC80K,CA-CA-00000046,,2024-10-09,GENERAL,LOW,DEFERRED,4554.59,,,87
WO-JEA5I8B3YL2K,CA-CA-00000046,,2024-10-05,HVAC,MEDIUM,OPEN,5307.43,,,28
WO-KENBG84D2ZAW,CA-CA-00000046,,2024-10-08,PLUMBING,LOW,COMPLETED,2050.0,9592.34,2024-10-21,13
WO-G9ER2UN4KOI2,CA-CA-00000046,,2024-10-07,ROOFING,HIGH,DEFERRED,3818.94,,,11
WO-L39SVDBK1IOY,CA-CA-00000046,,2024-11-01,ELECTRICAL,LOW,DEFERRED,10983.21,,,121
WO-AMNUMS1UAKXQ,CA-CA-00000046,,2024-11-16,HVAC,MEDIUM,DEFERRED,7843.89,,,166
WO-AM20RK27AY6Y,CA-CA-00000046,,2024-11-01,STRUCTURAL,MEDIUM,COMPLETED,3205.36,2926.56,2024-11-12,11
WO-YIUTCAJ6PCE4,CA-CA-00000046,,2024-11-28,HVAC,HIGH,OPEN,12396.82,,,96
WO-B4RU9SO3K8IZ,CA-CA-00000046,,2024-12-24,ELECTRICAL,HIGH,OPEN,7323.88,,,73
WO-RK3TBIBRYQYJ,CA-CA-00000046,,2024-12-15,PLUMBING,HIGH,COMPLETED,10372.68,5450.4,2024-12-31,16
WO-B1H5KIWY7RK9,CA-CA-00000046,,2024-12-20,HVAC,HIGH,OPEN,5342.9,,,34
WO-2563BSMWG5LC,CA-CA-00000046,,2024-12-24,HVAC,MEDIUM,DEFERRED,6430.59,,,49
WO-CU1JZNDGBXMF,CA-CA-00000046,,2024-12-11,LANDSCAPING,MEDIUM,COMPLETED,9287.8,6893.55,2024-12-27,16
WO-0OEK87ZM3323,CA-CA-00000046,,2024-12-13,PLUMBING,MEDIUM,DEFERRED,3568.65,,,207
WO-YXU5UT2D87U2,CA-CA-00000046,,2025-01-13,GENERAL,HIGH,COMPLETED,14665.97,9046.08,2025-01-18,5
WO-7YN1UQT5MD4Q,CA-CA-00000046,,2025-01-25,STRUCTURAL,EMERGENCY,OPEN,14131.74,,,198
WO-QMB3KZD8I7AG,CA-CA-00000046,,2025-01-07,HVAC,LOW,COMPLETED,9517.82,1532.32,2025-01-27,20
WO-UI11KFS1KIBW,CA-CA-00000046,,2025-02-11,LANDSCAPING,MEDIUM,OPEN,11798.85,,,157
WO-ZHQRN4EHMTHD,CA-CA-00000046,,2025-02-07,HVAC,LOW,COMPLETED,3515.76,5161.09,2025-02-15,8
WO-QFXXYLU9CUIM,CA-CA-00000046,,2025-02-14,ELECTRICAL,HIGH,COMPLETED,11494.55,1103.03,2025-02-27,13
WO-3KSN75YZKC94,CA-CA-00000046,,2025-02-04,LANDSCAPING,MEDIUM,COMPLETED,655.49,10437.39,2025-02-18,14
WO-4DS9T9BL1AQE,CA-CA-00000046,,2025-03-27,STRUCTURAL,MEDIUM,COMPLETED,737.92,4488.84,2025-04-12,16
WO-9IHI3Y53VAZV,CA-CA-00000046,,2025-03-14,LANDSCAPING,EMERGENCY,OPEN,7992.94,,,87
WO-5QPHTV8PPMXV,CA-CA-00000046,,2025-04-15,STRUCTURAL,MEDIUM,COMPLETED,4323.27,9534.02,2025-04-20,5
WO-N47U7QCBMSWL,CA-CA-00000046,,2025-04-03,LANDSCAPING,MEDIUM,COMPLETED,9050.31,7101.19,2025-04-22,19
WO-O52NVI6JH6JJ,CA-CA-00000046,,2025-04-13,PLUMBING,HIGH,COMPLETED,5114.03,10655.87,2025-05-01,18
WO-5NDJPU93RUI4,CA-CA-00000046,,2025-05-23,GENERAL,MEDIUM,COMPLETED,14932.27,8084.58,2025-06-09,17
WO-ARHLLFNLFGIE,CA-CA-00000046,,2025-05-14,ROOFING,MEDIUM,DEFERRED,8746.62,,,65
WO-0HLQYDZ1NS4R,CA-CA-00000046,,2025-06-08,LANDSCAPING,MEDIUM,OPEN,6929.41,,,27
WO-U7NL9FK0BIBC,CA-CA-00000046,,2025-06-03,GENERAL,MEDIUM,COMPLETED,11674.23,2806.52,2025-06-06,3
WO-21UEHE3ZKZTR,CA-CA-00000046,,2025-06-14,STRUCTURAL,MEDIUM,OPEN,14525.89,,,16
WO-BTH5PO1NWH3V,CA-CA-00000046,,2025-06-24,STRUCTURAL,LOW,OPEN,4166.95,,,50
WO-ZLG27ULWAKY6,CA-CA-00000046,,2025-06-16,ROOFING,EMERGENCY,COMPLETED,5795.58,694.06,2025-06-30,14
WO-5FRCJN9V0X94,CA-CA-00000046,,2025-06-05,HVAC,LOW,COMPLETED,7319.32,2871.64,2025-06-25,20
WO-ZO2CLM8NO2FA,CA-CA-00000046,,2025-06-02,ROOFING,EMERGENCY,COMPLETED,6127.45,5411.9,2025-06-09,7
WO-UE70DMRHUOWY,CA-CO-00000047,,2024-01-11,GENERAL,MEDIUM,DEFERRED,1536.22,,,84
WO-KE3GSMW4KDX2,CA-CO-00000047,,2024-01-17,HVAC,MEDIUM,COMPLETED,12833.12,10014.03,2024-02-05,19
WO-G46Y437II7EJ,CA-CO-00000047,,2024-02-28,HVAC,MEDIUM,COMPLETED,5077.86,9397.75,2024-03-08,9
WO-MY7JSC6CB1O5,CA-CO-00000047,,2024-02-08,ROOFING,MEDIUM,COMPLETED,8399.67,8565.45,2024-02-16,8
WO-SNNK2QCQ7EB1,CA-CO-00000047,,2024-02-26,ELECTRICAL,MEDIUM,COMPLETED,220.48,2837.46,2024-03-17,20
WO-HL0T1409YW66,CA-CO-00000047,,2024-02-11,ROOFING,MEDIUM,COMPLETED,9248.89,5615.09,2024-03-02,20
WO-4U8Q3MTO35IJ,CA-CO-00000047,,2024-03-18,HVAC,LOW,COMPLETED,7664.53,2738.1,2024-03-28,10
WO-P91XJE3SO0YD,CA-CO-00000047,,2024-03-07,ELECTRICAL,LOW,DEFERRED,6440.11,,,240
WO-70G7OFRWS4KW,CA-CO-00000047,,2024-04-08,GENERAL,LOW,COMPLETED,5396.32,10286.65,2024-04-11,3
WO-XPVMUJ9EESU3,CA-CO-00000047,,2024-04-22,HVAC,MEDIUM,COMPLETED,348.2,5111.25,2024-05-01,9
WO-VIZFJ9NRXJSS,CA-CO-00000047,,2024-04-24,LANDSCAPING,LOW,COMPLETED,13430.57,11853.58,2024-05-08,14
WO-E5X07HHG1U7U,CA-CO-00000047,,2024-05-17,ELECTRICAL,MEDIUM,COMPLETED,11876.42,11040.99,2024-05-27,10
WO-YBYYQR15KHT8,CA-CO-00000047,,2024-05-02,GENERAL,MEDIUM,COMPLETED,578.4,4377.31,2024-05-03,1
WO-VH60329BU69D,CA-CO-00000047,,2024-07-19,HVAC,MEDIUM,COMPLETED,10142.62,11386.02,2024-07-23,4
WO-CJQVR56FIZ84,CA-CO-00000047,,2024-07-09,ROOFING,MEDIUM,COMPLETED,6647.95,10786.65,2024-07-25,16
WO-CJJLB1P4W0RQ,CA-CO-00000047,,2024-08-27,ROOFING,MEDIUM,OPEN,3861.32,,,117
WO-Y5ZQ8426SORM,CA-CO-00000047,,2024-08-16,STRUCTURAL,MEDIUM,OPEN,5588.76,,,79
WO-M60RBNJ8GHBS,CA-CO-00000047,,2024-09-21,LANDSCAPING,MEDIUM,OPEN,7720.56,,,62
WO-JNS9PRQCXNSS,CA-CO-00000047,,2024-10-17,STRUCTURAL,MEDIUM,COMPLETED,7226.3,633.21,2024-10-24,7
WO-0QVUI60Q3TPZ,CA-CO-00000047,,2024-10-19,HVAC,MEDIUM,COMPLETED,4325.21,5029.67,2024-10-24,5
WO-OG0PUAMTQ0B0,CA-CO-00000047,,2024-10-17,GENERAL,MEDIUM,COMPLETED,11374.01,10916.33,2024-10-22,5
WO-VTYSCODKAASY,CA-CO-00000047,,2024-11-26,HVAC,EMERGENCY,COMPLETED,10943.19,3306.15,2024-12-10,14
WO-E0635BSH4G8L,CA-CO-00000047,,2024-11-16,LANDSCAPING,HIGH,COMPLETED,7186.7,7231.67,2024-12-01,15
WO-M9CABU3HOFTN,CA-CO-00000047,,2024-11-17,ROOFING,MEDIUM,DEFERRED,3133.64,,,111
WO-R6DE6OEKRO1X,CA-CO-00000047,,2024-11-27,PLUMBING,LOW,DEFERRED,14261.48,,,100
WO-4CGCNDA340DX,CA-CO-00000047,,2024-12-25,GENERAL,HIGH,COMPLETED,12545.52,265.89,2025-01-08,14
WO-Y0O1ZRTEND50,CA-CO-00000047,,2024-12-20,ELEVATOR,HIGH,COMPLETED,14802.23,9885.09,2024-12-23,3
WO-9XPJSNZ3QQYV,CA-CO-00000047,,2025-01-27,ELECTRICAL,MEDIUM,COMPLETED,6981.46,5047.04,2025-02-01,5
WO-TY7QKSSMW19Q,CA-CO-00000047,,2025-01-07,LANDSCAPING,LOW,COMPLETED,7008.05,11916.16,2025-01-18,11
WO-LS8ZXRLK1VPG,CA-CO-00000047,,2025-01-03,PLUMBING,MEDIUM,DEFERRED,2075.57,,,148
WO-RD2PEI8CP1N2,CA-CO-00000047,,2025-03-02,LANDSCAPING,MEDIUM,COMPLETED,1174.92,3555.97,2025-03-12,10
WO-ZM1449ZLRXT5,CA-CO-00000047,,2025-03-19,STRUCTURAL,HIGH,COMPLETED,1215.9,11305.8,2025-03-21,2
WO-A8IGCDXVV9ZU,CA-CO-00000047,,2025-04-25,LANDSCAPING,MEDIUM,DEFERRED,8583.05,,,73
WO-81DR4WRDP4UX,CA-CO-00000047,,2025-05-27,ELECTRICAL,MEDIUM,COMPLETED,4091.22,9075.26,2025-06-07,11
WO-H75B56NNBEH6,CA-CO-00000047,,2025-05-08,HVAC,MEDIUM,COMPLETED,9122.74,241.41,2025-05-29,21
WO-GMY68C73RLJJ,CA-CO-00000047,,2025-05-13,HVAC,MEDIUM,DEFERRED,14760.43,,,33
WO-ELBWDSF116JW,CA-CO-00000047,,2025-05-16,HVAC,LOW,COMPLETED,9700.36,3931.27,2025-05-23,7
WO-S503VVKQJXQW,CA-CA-00000048,,2024-01-16,STRUCTURAL,MEDIUM,DEFERRED,3115.23,,,113
WO-JDM0GFTO8O8Q,CA-CA-00000048,,2024-01-25,GENERAL,LOW,OPEN,2578.8,,,83
WO-RZZKOJLN1DIP,CA-CA-00000048,,2024-01-16,LANDSCAPING,MEDIUM,COMPLETED,3047.95,7092.18,2024-02-03,18
WO-E7CIAC9GYR6X,CA-CA-00000048,,2024-01-11,LANDSCAPING,MEDIUM,DEFERRED,7161.79,,,76
WO-GPGF390W2TRD,CA-CA-00000048,,2024-02-08,PLUMBING,HIGH,COMPLETED,6617.49,7973.05,2024-02-29,21
WO-ZZ6QKN4ED829,CA-CA-00000048,,2024-02-27,ELECTRICAL,LOW,OPEN,14563.42,,,19
WO-3K0NIQAVWAAL,CA-CA-00000048,,2024-02-02,LANDSCAPING,MEDIUM,COMPLETED,6089.75,7805.31,2024-02-09,7
WO-4MWFDNSLX4YO,CA-CA-00000048,,2024-02-08,GENERAL,MEDIUM,COMPLETED,3958.43,2078.03,2024-02-20,12
WO-JMDNCL9RANRE,CA-CA-00000048,,2024-03-21,PLUMBING,HIGH,OPEN,5157.68,,,28
WO-FORS5UGEH9C9,CA-CA-00000048,,2024-03-21,GENERAL,MEDIUM,OPEN,5859.18,,,313
WO-ZXJ2V7M51B83,CA-CA-00000048,,2024-03-18,PLUMBING,HIGH,COMPLETED,3356.56,4862.52,2024-03-31,13
WO-1TXQPYMF6EKW,CA-CA-00000048,,2024-03-26,STRUCTURAL,LOW,COMPLETED,649.58,6346.37,2024-04-01,6
WO-LK9YDPAJLAYD,CA-CA-00000048,,2024-03-20,ROOFING,HIGH,DEFERRED,10249.2,,,86
WO-3LHFIDEMIGFR,CA-CA-00000048,,2024-03-15,PLUMBING,MEDIUM,OPEN,12047.16,,,34
WO-GFP5O4JM65EB,CA-CA-00000048,,2024-04-14,ELECTRICAL,MEDIUM,COMPLETED,5886.58,5360.33,2024-04-20,6
WO-CRQEMWR9GG6Z,CA-CA-00000048,,2024-04-05,ELECTRICAL,MEDIUM,COMPLETED,10058.86,1427.22,2024-04-18,13
WO-BE9NQXTSI51P,CA-CA-00000048,,2024-04-11,ELEVATOR,MEDIUM,DEFERRED,10985.79,,,50
WO-MD9XMK2G5N8H,CA-CA-00000048,,2024-04-01,PLUMBING,HIGH,DEFERRED,7082.69,,,45
WO-6SORC0V6XANA,CA-CA-00000048,,2024-05-04,STRUCTURAL,MEDIUM,OPEN,6869.35,,,63
WO-KNDIE8MH3KXN,CA-CA-00000048,,2024-05-19,ELECTRICAL,MEDIUM,COMPLETED,10992.87,3195.54,2024-06-06,18
WO-1OJZYN02EAAF,CA-CA-00000048,,2024-05-19,PLUMBING,HIGH,OPEN,12781.74,,,30
WO-73D5OM4EXTH2,CA-CA-00000048,,2024-05-18,ELECTRICAL,HIGH,COMPLETED,4448.75,920.94,2024-06-08,21
WO-0VS9FRPEDL8K,CA-CA-00000048,,2024-05-16,STRUCTURAL,MEDIUM,DEFERRED,13501.38,,,247
WO-L5C1ZXG1EL1E,CA-CA-00000048,,2024-05-13,HVAC,MEDIUM,OPEN,11622.01,,,56
WO-ONCQUE8NZTEU,CA-CA-00000048,,2024-05-24,GENERAL,MEDIUM,OPEN,7955.57,,,100
WO-KGDXM778N5E8,CA-CA-00000048,,2024-06-01,HVAC,MEDIUM,OPEN,2394.96,,,73
WO-IYXMGM9Y5FUM,CA-CA-00000048,,2024-06-08,LANDSCAPING,LOW,OPEN,5993.96,,,70
WO-F54D5XY8QVSE,CA-CA-00000048,,2024-06-27,STRUCTURAL,LOW,DEFERRED,2911.91,,,12
WO-G53WJ1OH3VA7,CA-CA-00000048,,2024-06-22,ROOFING,HIGH,DEFERRED,13992.73,,,273
WO-DN0LMTFUCX0H,CA-CA-00000048,,2024-07-03,GENERAL,HIGH,DEFERRED,5742.59,,,39
WO-6EIW6VF3MWXH,CA-CA-00000048,,2024-07-21,HVAC,MEDIUM,DEFERRED,3225.27,,,22
WO-L6TJ0Y9SN80I,CA-CA-00000048,,2024-07-14,LANDSCAPING,MEDIUM,OPEN,8186.26,,,72
WO-NOX013FWF8X2,CA-CA-00000048,,2024-07-25,GENERAL,LOW,OPEN,5741.93,,,58
WO-6MV0K25NX0E9,CA-CA-00000048,,2024-07-21,PLUMBING,MEDIUM,OPEN,10272.66,,,72
WO-KCI2L7VPD1GS,CA-CA-00000048,,2024-07-08,STRUCTURAL,MEDIUM,COMPLETED,3058.75,5503.58,2024-07-13,5
WO-8ZEGNUBV4A4J,CA-CA-00000048,,2024-07-16,LANDSCAPING,MEDIUM,COMPLETED,2864.46,8772.62,2024-08-04,19
WO-0VQF3CBF6L5K,CA-CA-00000048,,2024-07-05,ELECTRICAL,MEDIUM,DEFERRED,7697.93,,,63
WO-67JTV35VANA9,CA-CA-00000048,,2024-08-18,LANDSCAPING,MEDIUM,DEFERRED,4457.83,,,173
WO-GTFU5H999BGH,CA-CA-00000048,,2024-08-18,LANDSCAPING,MEDIUM,COMPLETED,2312.06,6614.45,2024-08-27,9
WO-F5LF0IDXT2L3,CA-CA-00000048,,2024-08-06,PLUMBING,HIGH,COMPLETED,5373.64,2954.01,2024-08-07,1
WO-JVCKXY1AOFQ1,CA-CA-00000048,,2024-08-20,GENERAL,MEDIUM,OPEN,7384.7,,,86
WO-SKYOZ021X4AP,CA-CA-00000048,,2024-08-24,LANDSCAPING,MEDIUM,DEFERRED,14081.01,,,23
WO-WULIVXS16V7T,CA-CA-00000048,,2024-08-13,PLUMBING,MEDIUM,DEFERRED,12220.78,,,162
WO-BTBMBOBHY9QG,CA-CA-00000048,,2024-09-03,GENERAL,LOW,OPEN,11369.57,,,679
WO-R2EO64G3D7SD,CA-CA-00000048,,2024-09-22,LANDSCAPING,HIGH,DEFERRED,8264.69,,,22
WO-FYR5CO16UT6B,CA-CA-00000048,,2024-09-11,ROOFING,LOW,COMPLETED,4495.46,8678.13,2024-09-20,9
WO-R7NIPR9OGNKJ,CA-CA-00000048,,2024-09-05,PLUMBING,MEDIUM,COMPLETED,1454.71,9532.47,2024-09-19,14
WO-QNOUY329J4X5,CA-CA-00000048,,2024-09-26,ELECTRICAL,LOW,COMPLETED,4523.22,2681.06,2024-09-30,4
WO-U9DZRUP4865U,CA-CA-00000048,,2024-09-24,ELECTRICAL,MEDIUM,OPEN,5393.57,,,66
WO-3CMXGYVIYN0U,CA-CA-00000048,,2024-09-19,HVAC,HIGH,DEFERRED,3944.89,,,10
WO-EG2J68W2G87N,CA-CA-00000048,,2024-09-05,LANDSCAPING,HIGH,DEFERRED,6154.52,,,84
WO-NBP05BRRZY68,CA-CA-00000048,,2024-09-20,ROOFING,MEDIUM,OPEN,4199.43,,,35
WO-CW0S79HJUP0N,CA-CA-00000048,,2024-10-02,GENERAL,HIGH,COMPLETED,1087.57,7755.32,2024-10-19,17
WO-0FBLD8B98NGR,CA-CA-00000048,,2024-10-13,ELECTRICAL,MEDIUM,OPEN,564.28,,,29
WO-RTOCYH3WP423,CA-CA-00000048,,2024-10-20,LANDSCAPING,MEDIUM,DEFERRED,10675.53,,,14
WO-2L6LP3VTFJ48,CA-CA-00000048,,2024-10-16,HVAC,EMERGENCY,COMPLETED,473.85,1441.66,2024-10-26,10
WO-E0MTK0S3HEH6,CA-CA-00000048,,2024-10-28,PLUMBING,MEDIUM,COMPLETED,10922.01,373.57,2024-11-01,4
WO-V53J2R4Y6KTJ,CA-CA-00000048,,2024-10-05,STRUCTURAL,LOW,COMPLETED,5125.52,2177.41,2024-10-11,6
WO-XECL3C333JCU,CA-CA-00000048,,2024-10-28,HVAC,MEDIUM,COMPLETED,4405.07,7363.98,2024-11-16,19
WO-V8EOCKRIAO6C,CA-CA-00000048,,2024-10-07,STRUCTURAL,MEDIUM,COMPLETED,12579.11,3007.96,2024-10-25,18
WO-FYGAH79K1SFH,CA-CA-00000048,,2024-10-04,PLUMBING,LOW,OPEN,9919.93,,,37
WO-K7O7UJRTXZYJ,CA-CA-00000048,,2024-11-06,STRUCTURAL,LOW,OPEN,13912.48,,,99
WO-YI1065JZYT3G,CA-CA-00000048,,2025-01-23,ELECTRICAL,MEDIUM,COMPLETED,4588.98,10983.48,2025-01-30,7
WO-01OQ7C7LX0T1,CA-CA-00000048,,2025-01-08,ELECTRICAL,LOW,OPEN,705.67,,,10
WO-WE98TRJLHUHG,CA-CA-00000048,,2025-01-17,ROOFING,LOW,OPEN,488.83,,,42
WO-4GV3FAHQUAJQ,CA-CA-00000048,,2025-01-05,GENERAL,MEDIUM,COMPLETED,12440.28,11704.85,2025-01-14,9
WO-SGPLSI52V3UO,CA-CA-00000048,,2025-01-15,PLUMBING,MEDIUM,DEFERRED,4229.91,,,203
WO-MYL4AP80Z69T,CA-CA-00000048,,2025-02-02,ELECTRICAL,HIGH,COMPLETED,14999.64,8589.34,2025-02-05,3
WO-XTDWOG1VA08S,CA-CA-00000048,,2025-02-25,PLUMBING,MEDIUM,COMPLETED,6872.51,9572.43,2025-03-15,18
WO-1X86B0FSDD91,CA-CA-00000048,,2025-02-21,PLUMBING,MEDIUM,OPEN,2775.52,,,27
WO-R2T9LZNIH2PY,CA-CA-00000048,,2025-02-04,GENERAL,MEDIUM,DEFERRED,9279.57,,,53
WO-8D9Q1BETH3SK,CA-CA-00000048,,2025-02-11,LANDSCAPING,HIGH,DEFERRED,8572.98,,,55
WO-ASJHBAHU6VMG,CA-CA-00000048,,2025-02-17,GENERAL,MEDIUM,COMPLETED,4693.34,8671.71,2025-02-22,5
WO-VL4PM5OK2VVW,CA-CA-00000048,,2025-03-07,LANDSCAPING,MEDIUM,DEFERRED,12160.38,,,18
WO-TP0XW7MG27D5,CA-CA-00000048,,2025-03-06,STRUCTURAL,MEDIUM,OPEN,9479.15,,,87
WO-J2CGF3EGSLMG,CA-CA-00000048,,2025-03-16,ELECTRICAL,MEDIUM,COMPLETED,248.8,2183.62,2025-03-20,4
WO-FQHDL0M5XFSC,CA-CA-00000048,,2025-03-19,PLUMBING,MEDIUM,OPEN,9389.74,,,6
WO-VM21KBZOWIZK,CA-CA-00000048,,2025-03-28,ROOFING,HIGH,DEFERRED,6247.92,,,32
WO-UQRODWM1WFC6,CA-CA-00000048,,2025-03-07,PLUMBING,MEDIUM,COMPLETED,423.44,800.16,2025-03-25,18
WO-R990HURX5O5X,CA-CA-00000048,,2025-04-17,ELECTRICAL,MEDIUM,OPEN,9055.23,,,90
WO-OPX4IQ84F4N9,CA-CA-00000048,,2025-04-16,ROOFING,MEDIUM,DEFERRED,9223.49,,,55
WO-X1X9Z7J8CI0X,CA-CA-00000048,,2025-04-19,LANDSCAPING,LOW,OPEN,4723.57,,,17
WO-O2T5Y6VLLKB1,CA-CA-00000048,,2025-04-19,LANDSCAPING,EMERGENCY,COMPLETED,12230.58,4583.63,2025-04-21,2
WO-Z220PYCXTS3Y,CA-CA-00000048,,2025-05-10,LANDSCAPING,MEDIUM,COMPLETED,7259.28,7805.39,2025-05-16,6
WO-YF1JS8KDNCF7,CA-CA-00000048,,2025-05-07,ELEVATOR,HIGH,DEFERRED,8891.05,,,64
WO-1JTN9ZU7WJDO,CA-CA-00000048,,2025-05-03,LANDSCAPING,HIGH,COMPLETED,7325.92,5118.95,2025-05-17,14
WO-GQ1MWH8CXW92,CA-CA-00000048,,2025-06-02,GENERAL,MEDIUM,DEFERRED,12807.16,,,34
WO-G4OYQSPEVG7E,CA-CA-00000048,,2025-06-28,GENERAL,MEDIUM,DEFERRED,9158.81,,,37
WO-20HDCDRCEXII,CA-CA-00000048,,2025-06-12,ELEVATOR,MEDIUM,DEFERRED,14650.01,,,95
WO-DHX8RAU57XAS,CA-CA-00000048,,2025-06-16,HVAC,LOW,DEFERRED,14771.94,,,36
WO-1VTS9DJ9X0IS,CA-CA-00000048,,2025-06-26,HVAC,LOW,COMPLETED,10924.64,4310.25,2025-07-10,14
WO-CRWFRS286P15,CA-NC-00000049,,2024-01-15,PLUMBING,LOW,COMPLETED,10410.51,7999.84,2024-01-16,1
WO-RLN00FL2R14H,CA-NC-00000049,,2024-02-28,LANDSCAPING,HIGH,COMPLETED,4910.15,8511.21,2024-03-01,2
WO-22T81Q4FHFJA,CA-NC-00000049,,2024-02-07,PLUMBING,MEDIUM,COMPLETED,11159.43,1669.89,2024-02-22,15
WO-G474QVCMSBFL,CA-NC-00000049,,2024-05-22,PLUMBING,EMERGENCY,COMPLETED,11769.09,7587.33,2024-06-05,14
WO-STHV530ZBJZY,CA-NC-00000049,,2024-10-24,LANDSCAPING,LOW,COMPLETED,1962.12,1985.68,2024-10-31,7
WO-6KZC3JO1T00H,CA-NC-00000049,,2024-10-17,GENERAL,HIGH,COMPLETED,11031.14,7239.77,2024-11-01,15
WO-3L5FFBTGOJ7W,CA-NC-00000049,,2024-11-01,ELECTRICAL,MEDIUM,COMPLETED,4067.19,4063.12,2024-11-21,20
WO-AK8KFEOSXGT9,CA-NC-00000049,,2024-12-08,STRUCTURAL,LOW,COMPLETED,4014.25,3279.95,2024-12-24,16
WO-PP232LZWKDGN,CA-NC-00000049,,2025-05-01,PLUMBING,LOW,COMPLETED,11901.99,8566.66,2025-05-05,4
WO-GGN93KOKKHSH,CA-NC-00000049,,2025-06-15,GENERAL,MEDIUM,COMPLETED,3029.48,3777.47,2025-07-05,20
WO-75F88BSTJXTO,CA-FL-00000050,,2024-01-08,GENERAL,EMERGENCY,COMPLETED,385.28,10116.15,2024-01-29,21
WO-WJR1KJROACHP,CA-FL-00000050,,2024-02-25,STRUCTURAL,EMERGENCY,COMPLETED,10122.03,1632.14,2024-03-17,21
WO-EE4FZNMIC906,CA-FL-00000050,,2024-04-28,PLUMBING,LOW,COMPLETED,7230.36,10070.09,2024-05-12,14
WO-AYPJQNRUPEMQ,CA-FL-00000050,,2024-05-12,PLUMBING,LOW,COMPLETED,10179.39,9459.27,2024-05-20,8
WO-IBQ57WXM7DAC,CA-FL-00000050,,2024-07-26,GENERAL,EMERGENCY,COMPLETED,11637.72,4892.04,2024-08-03,8
WO-Y5BG8FSWMXTZ,CA-FL-00000050,,2024-08-04,PLUMBING,HIGH,COMPLETED,6725.62,4034.73,2024-08-17,13
WO-9NST5P8H7T28,CA-FL-00000050,,2024-10-03,GENERAL,LOW,DEFERRED,253.47,,,518
WO-PI93T8RZZJZ4,CA-FL-00000050,,2024-11-15,LANDSCAPING,LOW,DEFERRED,9051.54,,,74
WO-37AI4KNRWFMG,CA-FL-00000050,,2025-01-20,STRUCTURAL,MEDIUM,COMPLETED,9700.82,11511.44,2025-02-01,12
WO-GP2VKG8ZNG98,CA-FL-00000050,,2025-02-14,HVAC,MEDIUM,COMPLETED,2254.28,3162.9,2025-02-22,8
WO-JMVL27M1JP7L,CA-FL-00000050,,2025-03-18,HVAC,MEDIUM,COMPLETED,13420.71,9082.28,2025-04-03,16
WO-PHIC9UTQFR32,CA-FL-00000050,,2025-05-05,HVAC,LOW,COMPLETED,12741.77,7631.89,2025-05-06,1
WO-2ZJ3HFZI55U6,CA-FL-00000050,,2025-06-07,PLUMBING,MEDIUM,COMPLETED,1692.07,4267.4,2025-06-13,6
WO-D01YZOCDLWKA,CA-FL-00000050,,2025-06-24,ROOFING,LOW,COMPLETED,5054.49,6850.14,2025-07-08,14
WO-CW5T5R80FRJZ,CA-CA-00000051,,2024-01-14,ROOFING,MEDIUM,COMPLETED,11420.53,9975.9,2024-01-15,1
WO-8H5FWW1ZH5L6,CA-CA-00000051,,2024-01-02,STRUCTURAL,HIGH,COMPLETED,6990.6,2924.62,2024-01-03,1
WO-033W9AO809M0,CA-CA-00000051,,2024-01-20,HVAC,MEDIUM,COMPLETED,679.05,10623.82,2024-02-01,12
WO-AOJF7C57G8XP,CA-CA-00000051,,2024-02-07,HVAC,LOW,COMPLETED,10799.09,4448.79,2024-02-11,4
WO-GMIGEPTM0LVG,CA-CA-00000051,,2024-02-24,LANDSCAPING,EMERGENCY,COMPLETED,5000.52,2115.48,2024-03-08,13
WO-82FLPHH1T2HI,CA-CA-00000051,,2024-02-17,ELECTRICAL,HIGH,DEFERRED,14646.77,,,45
WO-NBC610UBLKAH,CA-CA-00000051,,2024-02-21,LANDSCAPING,HIGH,COMPLETED,7839.6,423.36,2024-03-07,15
WO-7Q9SJXB01PSF,CA-CA-00000051,,2024-03-11,HVAC,LOW,DEFERRED,11277.61,,,68
WO-21AIBIGW1RQ2,CA-CA-00000051,,2024-03-05,PLUMBING,MEDIUM,COMPLETED,8775.16,7800.63,2024-03-14,9
WO-TZXCI87P2H51,CA-CA-00000051,,2024-03-06,PLUMBING,LOW,OPEN,5852.1,,,25
WO-GQW7139PVMKE,CA-CA-00000051,,2024-04-03,ELECTRICAL,HIGH,COMPLETED,4789.31,1379.85,2024-04-09,6
WO-53E3MEO554SQ,CA-CA-00000051,,2024-04-03,GENERAL,HIGH,COMPLETED,1317.54,2720.32,2024-04-14,11
WO-K7Z7FJCIYI07,CA-CA-00000051,,2024-04-02,ELECTRICAL,MEDIUM,COMPLETED,10023.19,7122.47,2024-04-04,2
WO-FWCKA0RZT7RJ,CA-CA-00000051,,2024-05-02,GENERAL,MEDIUM,DEFERRED,3655.47,,,32
WO-JUCSZRK8PP96,CA-CA-00000051,,2024-06-04,ROOFING,LOW,COMPLETED,9365.27,7200.55,2024-06-09,5
WO-EXTWK7B6V3JG,CA-CA-00000051,,2024-06-22,HVAC,MEDIUM,COMPLETED,14911.27,3537.9,2024-07-13,21
WO-X7JFQ0S2WIGN,CA-CA-00000051,,2024-06-04,HVAC,MEDIUM,COMPLETED,2847.84,2730.65,2024-06-20,16
WO-BAH8BDA6B2CW,CA-CA-00000051,,2024-07-03,GENERAL,MEDIUM,OPEN,9718.6,,,21
WO-QGTYYN4ZVVT1,CA-CA-00000051,,2024-07-21,PLUMBING,HIGH,DEFERRED,6685.56,,,126
WO-DQJXBPGJE0DG,CA-CA-00000051,,2024-07-01,HVAC,LOW,OPEN,563.05,,,86
WO-G39YB1W7SRX9,CA-CA-00000051,,2024-08-08,ELECTRICAL,LOW,OPEN,643.31,,,15
WO-77SJQ8CFGVMJ,CA-CA-00000051,,2024-09-11,ELECTRICAL,LOW,COMPLETED,7564.89,9570.39,2024-09-27,16
WO-HMSSSCP8N76B,CA-CA-00000051,,2024-09-14,PLUMBING,MEDIUM,COMPLETED,5249.07,1241.96,2024-09-23,9
WO-TCHMSUC2KMXX,CA-CA-00000051,,2024-10-04,GENERAL,LOW,COMPLETED,13147.68,4543.38,2024-10-22,18
WO-63ETH7FTJX8I,CA-CA-00000051,,2024-10-12,LANDSCAPING,LOW,COMPLETED,9887.39,3950.53,2024-10-30,18
WO-EN1LCIN33GC3,CA-CA-00000051,,2024-11-05,ELECTRICAL,MEDIUM,COMPLETED,11945.42,7751.58,2024-11-24,19
WO-YJGYOAU9443N,CA-CA-00000051,,2024-11-02,HVAC,MEDIUM,COMPLETED,11003.01,11532.47,2024-11-23,21
WO-X3N601988JBA,CA-CA-00000051,,2024-12-03,HVAC,MEDIUM,COMPLETED,2393.59,1327.09,2024-12-13,10
WO-S45FP3NTZSOT,CA-CA-00000051,,2024-12-21,ELECTRICAL,MEDIUM,COMPLETED,6616.49,10263.62,2025-01-11,21
WO-MHLZ1GMJWI54,CA-CA-00000051,,2025-02-16,ROOFING,MEDIUM,COMPLETED,3018.15,1596.75,2025-03-02,14
WO-J73HKLX4LNC3,CA-CA-00000051,,2025-02-06,ROOFING,MEDIUM,COMPLETED,9586.13,1018.34,2025-02-08,2
WO-NCZKR1RP5TFF,CA-CA-00000051,,2025-03-28,LANDSCAPING,HIGH,COMPLETED,8425.64,6302.11,2025-04-02,5
WO-G5J2S4DH9FQZ,CA-CA-00000051,,2025-03-07,LANDSCAPING,MEDIUM,DEFERRED,4728.87,,,90
WO-IV9VSDJZT7BZ,CA-CA-00000051,,2025-04-12,LANDSCAPING,LOW,COMPLETED,10723.98,6823.28,2025-04-23,11
WO-Z49LPE45B2M4,CA-CA-00000051,,2025-05-26,LANDSCAPING,HIGH,COMPLETED,8463.14,9019.84,2025-06-02,7
WO-RP3NBMJCJL0F,CA-CA-00000051,,2025-05-14,GENERAL,MEDIUM,OPEN,3462.89,,,11
WO-KND39187S2VS,CA-CA-00000051,,2025-05-17,LANDSCAPING,LOW,OPEN,8621.65,,,155
WO-K8VH5FR7G6FK,CA-CA-00000051,,2025-05-07,STRUCTURAL,LOW,OPEN,626.67,,,45
WO-6SHAL3YGBQ8U,CA-CA-00000051,,2025-05-02,ROOFING,MEDIUM,COMPLETED,9958.32,5724.65,2025-05-06,4
WO-FCMYS6OBD13F,CA-CA-00000051,,2025-06-08,HVAC,LOW,COMPLETED,8783.71,10124.09,2025-06-24,16
WO-JNHE92FJQP1G,CA-CA-00000051,,2025-06-19,PLUMBING,HIGH,COMPLETED,9276.21,4711.37,2025-06-27,8
WO-U2D6OKXB3VNS,CA-CA-00000051,,2025-06-01,STRUCTURAL,LOW,COMPLETED,6380.84,11437.61,2025-06-17,16
WO-JVUTZS7IKEMZ,CA-CA-00000051,,2025-06-19,HVAC,MEDIUM,COMPLETED,13916.68,1314.99,2025-07-08,19
WO-Z1CWF1VYFQIP,CA-AZ-00000052,,2024-01-23,HVAC,LOW,COMPLETED,9019.57,6989.87,2024-02-08,16
WO-ZSDPL5Y1WYH1,CA-AZ-00000052,,2024-01-19,LANDSCAPING,EMERGENCY,COMPLETED,4452.48,4680.71,2024-02-03,15
WO-70FHLVP7K37G,CA-AZ-00000052,,2024-02-28,ELECTRICAL,MEDIUM,COMPLETED,11351.26,3089.32,2024-03-06,7
WO-ESLX3XDQR9TD,CA-AZ-00000052,,2024-02-11,HVAC,HIGH,COMPLETED,1817.45,7861.9,2024-02-22,11
WO-YVIM6TEG4KR2,CA-AZ-00000052,,2024-02-25,PLUMBING,LOW,OPEN,5525.16,,,40
WO-8ZP58QR2W3CH,CA-AZ-00000052,,2024-02-03,HVAC,MEDIUM,DEFERRED,14497.92,,,22
WO-ADEB3HMW5RXC,CA-AZ-00000052,,2024-03-22,ELECTRICAL,MEDIUM,COMPLETED,12397.31,4771.98,2024-03-23,1
WO-82VBMESM4TO8,CA-AZ-00000052,,2024-03-25,STRUCTURAL,HIGH,OPEN,11319.87,,,49
WO-1765ENDRWWLE,CA-AZ-00000052,,2024-03-28,ROOFING,MEDIUM,DEFERRED,13978.79,,,65
WO-5ZKL7UYR7LG2,CA-AZ-00000052,,2024-03-07,PLUMBING,MEDIUM,DEFERRED,8289.65,,,146
WO-JKDM3WBC6YS2,CA-AZ-00000052,,2024-04-18,PLUMBING,LOW,COMPLETED,749.77,9734.22,2024-04-20,2
WO-W7GTA5J0DDQR,CA-AZ-00000052,,2024-05-03,GENERAL,HIGH,COMPLETED,11790.26,5483.04,2024-05-12,9
WO-MC4I0SWRM3YU,CA-AZ-00000052,,2024-05-28,PLUMBING,LOW,DEFERRED,2301.04,,,34
WO-WG6G1I2C0NL5,CA-AZ-00000052,,2024-05-15,ROOFING,LOW,COMPLETED,8026.5,2201.82,2024-05-24,9
WO-J7W5RQG4GSCQ,CA-AZ-00000052,,2024-06-05,LANDSCAPING,MEDIUM,OPEN,2291.68,,,57
WO-DNV44Z9O4DSD,CA-AZ-00000052,,2024-06-18,STRUCTURAL,MEDIUM,COMPLETED,7140.81,6371.41,2024-07-01,13
WO-SV947T8DGS4U,CA-AZ-00000052,,2024-08-15,ROOFING,EMERGENCY,COMPLETED,2217.99,4570.27,2024-08-27,12
WO-18UN1KPN3X07,CA-AZ-00000052,,2024-09-25,ROOFING,MEDIUM,DEFERRED,14792.5,,,110
WO-WEQ31NC9MD1H,CA-AZ-00000052,,2024-09-28,ELECTRICAL,HIGH,COMPLETED,1792.56,4101.15,2024-09-29,1
WO-KWDYIWA63P3U,CA-AZ-00000052,,2024-09-06,HVAC,MEDIUM,COMPLETED,1402.15,482.95,2024-09-17,11
WO-8AREAZXW5CY2,CA-AZ-00000052,,2024-09-07,LANDSCAPING,MEDIUM,COMPLETED,1706.79,9634.55,2024-09-12,5
WO-3MYRAPCUPEBT,CA-AZ-00000052,,2024-10-22,STRUCTURAL,LOW,COMPLETED,7183.59,8604.02,2024-11-01,10
WO-0990JBBCBVXH,CA-AZ-00000052,,2024-10-23,HVAC,LOW,COMPLETED,11857.28,10890.3,2024-11-11,19
WO-48VPSH1I4FV2,CA-AZ-00000052,,2024-11-02,PLUMBING,MEDIUM,COMPLETED,9540.67,3946.51,2024-11-06,4
WO-29K2T3N0WW4P,CA-AZ-00000052,,2024-11-07,PLUMBING,MEDIUM,OPEN,10317.9,,,43
WO-WBER6NIOMR6C,CA-AZ-00000052,,2024-11-21,ELECTRICAL,MEDIUM,COMPLETED,11944.96,1248.3,2024-11-27,6
WO-M7KMQPFWMI2C,CA-AZ-00000052,,2024-12-23,LANDSCAPING,LOW,COMPLETED,1461.4,3190.19,2025-01-12,20
WO-356IPG86KLMF,CA-AZ-00000052,,2024-12-20,PLUMBING,EMERGENCY,COMPLETED,12677.55,6459.07,2024-12-31,11
WO-WPTQ34ZD4OIZ,CA-AZ-00000052,,2024-12-11,GENERAL,MEDIUM,COMPLETED,1886.19,5416.43,2024-12-31,20
WO-JFLEWRVKAQTY,CA-AZ-00000052,,2024-12-20,HVAC,LOW,DEFERRED,5623.87,,,46
WO-EEEHNRV5GRO0,CA-AZ-00000052,,2025-01-23,GENERAL,MEDIUM,COMPLETED,12761.16,4246.22,2025-01-25,2
WO-734SF0XFDB8H,CA-AZ-00000052,,2025-01-13,ELEVATOR,HIGH,DEFERRED,1414.91,,,136
WO-9ZUUGU9PNE0O,CA-AZ-00000052,,2025-01-25,HVAC,MEDIUM,COMPLETED,10882.28,9328.14,2025-02-12,18
WO-AR5U7CB7Q8PK,CA-AZ-00000052,,2025-02-09,HVAC,HIGH,COMPLETED,9229.88,10458.64,2025-02-14,5
WO-UZROS8N4YDBH,CA-AZ-00000052,,2025-03-16,ELECTRICAL,MEDIUM,OPEN,8249.83,,,16
WO-8P32MZFZFMDT,CA-AZ-00000052,,2025-03-06,HVAC,EMERGENCY,COMPLETED,6558.76,7098.03,2025-03-10,4
WO-SQKG593H38BH,CA-AZ-00000052,,2025-03-19,GENERAL,MEDIUM,COMPLETED,5343.61,1430.03,2025-03-31,12
WO-MCE8377Y81UB,CA-AZ-00000052,,2025-03-16,PLUMBING,LOW,OPEN,1250.96,,,201
WO-QKAZ2RB466UY,CA-AZ-00000052,,2025-04-01,ELECTRICAL,MEDIUM,COMPLETED,11946.85,5225.06,2025-04-07,6
WO-4R2RCFA01N1Z,CA-AZ-00000052,,2025-04-09,GENERAL,LOW,OPEN,2278.1,,,44
WO-BTAFAO60G6HY,CA-AZ-00000052,,2025-06-14,ROOFING,MEDIUM,DEFERRED,2415.32,,,23
WO-8BFM9IW60X2L,CA-AZ-00000052,,2025-06-07,PLUMBING,LOW,COMPLETED,4388.41,8953.31,2025-06-08,1
WO-ENJUAK2TCHHA,CA-CA-00000053,,2024-02-22,GENERAL,HIGH,COMPLETED,6246.6,6692.22,2024-03-13,20
WO-0PJ8J3QJHEB0,CA-CA-00000053,,2024-03-05,PLUMBING,MEDIUM,DEFERRED,2231.03,,,64
WO-OD7VEFSI7C5S,CA-CA-00000053,,2024-04-24,GENERAL,LOW,COMPLETED,14753.86,10956.31,2024-05-02,8
WO-V5EJWBT9FE3I,CA-CA-00000053,,2024-07-08,ROOFING,LOW,COMPLETED,12175.5,8682.77,2024-07-18,10
WO-Y9C2NZE2AKHZ,CA-CA-00000053,,2024-07-21,PLUMBING,HIGH,COMPLETED,5832.33,8408.81,2024-08-05,15
WO-EK3FAR4AID7X,CA-CA-00000053,,2024-09-07,GENERAL,MEDIUM,COMPLETED,10007.22,3601.13,2024-09-13,6
WO-WU0ZJPHH4JDU,CA-CA-00000053,,2024-09-22,ROOFING,LOW,DEFERRED,269.91,,,44
WO-WNHHN66UQ404,CA-CA-00000053,,2024-10-19,ELECTRICAL,MEDIUM,COMPLETED,877.63,2802.98,2024-11-08,20
WO-9H9D6PCO28XU,CA-CA-00000053,,2024-11-19,PLUMBING,LOW,COMPLETED,1035.1,3779.08,2024-11-23,4
WO-WAVWSEONM3Q2,CA-CA-00000053,,2024-11-25,LANDSCAPING,HIGH,COMPLETED,14798.69,6625.2,2024-11-29,4
WO-3X4I1PTI3E5C,CA-CA-00000053,,2024-12-10,HVAC,HIGH,COMPLETED,3371.33,3426.15,2024-12-24,14
WO-YXMGAV57O9YW,CA-CA-00000053,,2024-12-23,PLUMBING,MEDIUM,COMPLETED,1260.51,1089.36,2025-01-01,9
WO-WFRU4X1AKJA5,CA-CA-00000053,,2025-01-07,LANDSCAPING,MEDIUM,COMPLETED,10281.09,3857.23,2025-01-12,5
WO-UGY7L3UR6GSZ,CA-CA-00000053,,2025-03-09,ELECTRICAL,LOW,COMPLETED,5452.83,8089.92,2025-03-14,5
WO-FU3R7Z7XZDPH,CA-CA-00000053,,2025-04-22,ELECTRICAL,MEDIUM,OPEN,2560.22,,,111
WO-4USRP0W9BJ3M,CA-CA-00000053,,2025-05-01,HVAC,LOW,COMPLETED,7385.07,7395.93,2025-05-12,11
WO-8BP9847X2IDS,CA-CA-00000053,,2025-06-27,ROOFING,EMERGENCY,COMPLETED,14947.48,10018.36,2025-07-08,11
WO-715M5L81UZO7,CA-AZ-00000054,,2024-01-22,ELEVATOR,MEDIUM,DEFERRED,10076.05,,,74
WO-K8UTDKYJWDS1,CA-AZ-00000054,,2024-01-28,LANDSCAPING,MEDIUM,COMPLETED,2961.99,8438.88,2024-01-31,3
WO-QEW132SCXVSW,CA-AZ-00000054,,2024-02-14,GENERAL,HIGH,DEFERRED,11635.48,,,16
WO-M8RKQ6NX3RKJ,CA-AZ-00000054,,2024-04-12,HVAC,MEDIUM,COMPLETED,406.33,9255.61,2024-04-22,10
WO-OLO3LS4P0HBH,CA-AZ-00000054,,2024-05-11,PLUMBING,MEDIUM,COMPLETED,4189.7,6169.2,2024-05-19,8
WO-GK7AP5R24QLQ,CA-AZ-00000054,,2024-07-01,STRUCTURAL,MEDIUM,COMPLETED,13170.2,6077.47,2024-07-12,11
WO-741CWYCQHOZG,CA-AZ-00000054,,2024-08-04,GENERAL,LOW,COMPLETED,1096.59,9196.14,2024-08-24,20
WO-P94XVC899EG9,CA-AZ-00000054,,2024-09-05,PLUMBING,MEDIUM,COMPLETED,11392.65,6770.42,2024-09-21,16
WO-5J34FY9J0QGC,CA-AZ-00000054,,2024-09-25,HVAC,MEDIUM,COMPLETED,6762.99,10927.78,2024-09-26,1
WO-6V2CY28THWLY,CA-AZ-00000054,,2024-10-17,GENERAL,MEDIUM,COMPLETED,11032.65,3722.48,2024-11-04,18
WO-WYZKL89JB6A9,CA-AZ-00000054,,2024-12-20,HVAC,HIGH,COMPLETED,4279.22,593.31,2025-01-07,18
WO-D125Y6OL7P1D,CA-AZ-00000054,,2025-01-26,LANDSCAPING,MEDIUM,COMPLETED,10113.96,9747.79,2025-01-29,3
WO-OREB3XHC1SB5,CA-AZ-00000054,,2025-02-21,LANDSCAPING,MEDIUM,COMPLETED,2954.86,3843.55,2025-03-05,12
WO-VKR6GO16MC1M,CA-AZ-00000054,,2025-05-19,PLUMBING,MEDIUM,COMPLETED,5745.12,7120.01,2025-05-30,11
WO-J33VO7ZLDP7L,CA-AZ-00000054,,2025-06-10,STRUCTURAL,MEDIUM,COMPLETED,9195.47,6477.42,2025-06-28,18
WO-Z45F0YKCWLSN,CA-NY-00000055,,2024-01-26,PLUMBING,LOW,COMPLETED,2885.84,5282.48,2024-02-03,8
WO-LF6YVBIJMUPQ,CA-NY-00000055,,2024-01-09,HVAC,EMERGENCY,COMPLETED,10387.53,2209.29,2024-01-23,14
WO-IUC4QG7JYTT0,CA-NY-00000055,,2024-01-14,LANDSCAPING,LOW,COMPLETED,14377.74,10375.23,2024-01-25,11
WO-C1WXVWFA8OE1,CA-NY-00000055,,2024-02-02,ROOFING,MEDIUM,COMPLETED,4566.72,6446.48,2024-02-20,18
WO-D85WKW9XIK1T,CA-NY-00000055,,2024-02-25,PLUMBING,HIGH,COMPLETED,228.69,9046.35,2024-03-06,10
WO-T2H3FMSVAVWC,CA-NY-00000055,,2024-04-04,ELEVATOR,MEDIUM,COMPLETED,540.96,3650.6,2024-04-14,10
WO-284WWQJ6OSMB,CA-NY-00000055,,2024-04-26,ROOFING,LOW,COMPLETED,3787.52,8393.45,2024-05-04,8
WO-ZBLRKYOA8FRY,CA-NY-00000055,,2024-05-25,GENERAL,HIGH,COMPLETED,13378.77,6424.96,2024-05-26,1
WO-Z7OHXNXHQGKD,CA-NY-00000055,,2024-05-08,PLUMBING,MEDIUM,COMPLETED,13730.41,6939.62,2024-05-11,3
WO-B8VFYEWFT1WR,CA-NY-00000055,,2024-05-16,HVAC,LOW,COMPLETED,8168.33,8711.68,2024-05-31,15
WO-LVRCFOFJIINK,CA-NY-00000055,,2024-06-12,HVAC,EMERGENCY,COMPLETED,5085.15,8506.18,2024-06-14,2
WO-0YUVTY58JLRY,CA-NY-00000055,,2024-06-19,ROOFING,MEDIUM,COMPLETED,1247.21,6786.42,2024-07-02,13
WO-9GLMDXQMPWXY,CA-NY-00000055,,2024-07-24,LANDSCAPING,MEDIUM,COMPLETED,10839.39,4042.44,2024-08-07,14
WO-KMPNGGAA8SSC,CA-NY-00000055,,2024-07-14,LANDSCAPING,LOW,DEFERRED,8602.24,,,120
WO-AVSM2FOGJHJQ,CA-NY-00000055,,2024-08-01,GENERAL,MEDIUM,COMPLETED,2691.44,2245.86,2024-08-22,21
WO-2N7ZEFL3XSHQ,CA-NY-00000055,,2024-10-03,ROOFING,HIGH,COMPLETED,342.54,640.65,2024-10-23,20
WO-863I32AIR5TB,CA-NY-00000055,,2024-10-07,LANDSCAPING,LOW,OPEN,7497.59,,,37
WO-F64JNK91INI0,CA-NY-00000055,,2024-11-03,GENERAL,LOW,DEFERRED,1721.85,,,47
WO-UXYSA3WOKIXS,CA-NY-00000055,,2024-12-19,GENERAL,LOW,COMPLETED,409.56,7175.37,2024-12-22,3
WO-MZV1IDJ7459M,CA-NY-00000055,,2024-12-26,PLUMBING,LOW,COMPLETED,2555.8,9843.65,2024-12-30,4
WO-S9A8NFJZI9GE,CA-NY-00000055,,2024-12-21,PLUMBING,HIGH,COMPLETED,726.44,1192.11,2024-12-24,3
WO-RFZTEI9E1FQI,CA-NY-00000055,,2025-01-04,ELECTRICAL,MEDIUM,COMPLETED,12950.74,2874.55,2025-01-12,8
WO-0T9VTNZSLW2F,CA-NY-00000055,,2025-01-14,PLUMBING,HIGH,COMPLETED,10190.41,4213.88,2025-01-21,7
WO-ODIY0A8GYT9H,CA-NY-00000055,,2025-02-21,ROOFING,HIGH,OPEN,9060.82,,,232
WO-8MTVDFWUNIKE,CA-NY-00000055,,2025-02-27,HVAC,MEDIUM,COMPLETED,4983.55,673.79,2025-03-19,20
WO-9S0APC6N2URB,CA-NY-00000055,,2025-02-05,ELECTRICAL,MEDIUM,COMPLETED,12620.09,7159.5,2025-02-25,20
WO-D7G4H0TVFNKG,CA-NY-00000055,,2025-03-06,PLUMBING,HIGH,DEFERRED,4597.75,,,68
WO-PG6NQ6G9G0HU,CA-NY-00000055,,2025-03-11,PLUMBING,LOW,COMPLETED,2207.29,6446.97,2025-03-13,2
WO-RQOD4H32T8AT,CA-NY-00000055,,2025-04-26,ELEVATOR,MEDIUM,COMPLETED,9393.06,1822.82,2025-04-28,2
WO-Q8FF5JURH413,CA-NY-00000055,,2025-04-08,PLUMBING,HIGH,OPEN,14943.07,,,27
WO-NW8YY9T5HUM7,CA-NY-00000055,,2025-05-20,STRUCTURAL,HIGH,OPEN,10319.27,,,37
WO-8J42VGGSS0FN,CA-NY-00000055,,2025-06-23,ELECTRICAL,LOW,COMPLETED,4690.26,7162.28,2025-06-25,2
WO-FO14OFT3I935,CA-NY-00000055,,2025-06-20,GENERAL,EMERGENCY,COMPLETED,8889.04,5182.55,2025-07-10,20
WO-R7UE7L0VQOV2,CA-NY-00000055,,2025-06-15,LANDSCAPING,LOW,DEFERRED,4390.36,,,357
WO-LVIY8H4RS8ZU,CA-NV-00000056,,2024-03-11,HVAC,MEDIUM,COMPLETED,13926.01,9454.29,2024-03-13,2
WO-LGSZX44LC0HJ,CA-NV-00000056,,2024-04-04,STRUCTURAL,LOW,COMPLETED,1101.88,9155.75,2024-04-14,10
WO-Y0KA1HOOB8EJ,CA-NV-00000056,,2024-05-24,ROOFING,MEDIUM,COMPLETED,13286.98,1239.41,2024-06-06,13
WO-RKZTGISWJFYU,CA-NV-00000056,,2024-06-11,GENERAL,MEDIUM,OPEN,520.31,,,7
WO-9FAO3GABSNMW,CA-NV-00000056,,2024-06-26,ELECTRICAL,MEDIUM,COMPLETED,1097.4,8121.79,2024-06-30,4
WO-IWL4GPSS4Q13,CA-NV-00000056,,2024-09-16,STRUCTURAL,HIGH,COMPLETED,3689.0,4732.85,2024-10-03,17
WO-GGSYEPEKEHEW,CA-NV-00000056,,2024-09-05,ROOFING,LOW,COMPLETED,12444.56,3953.62,2024-09-11,6
WO-CL43XOQQVKGM,CA-NV-00000056,,2024-12-20,LANDSCAPING,HIGH,COMPLETED,277.24,3921.37,2025-01-02,13
WO-MKNIT4WWFIUF,CA-NV-00000056,,2025-01-13,LANDSCAPING,EMERGENCY,COMPLETED,5892.33,2171.1,2025-01-17,4
WO-AZPY2DENV9P6,CA-NV-00000056,,2025-05-16,GENERAL,MEDIUM,COMPLETED,1060.2,2204.05,2025-06-02,17
WO-7X95N4OQ64XB,CA-FL-00000057,,2024-01-10,ELEVATOR,HIGH,COMPLETED,10610.55,9332.57,2024-01-15,5
WO-43CJHIZMQR00,CA-FL-00000057,,2024-01-16,ELECTRICAL,MEDIUM,COMPLETED,11932.84,11434.36,2024-01-31,15
WO-9T13SREJ8Y9D,CA-FL-00000057,,2024-01-22,GENERAL,HIGH,DEFERRED,4841.8,,,5
WO-3YQ8A8HD2SEG,CA-FL-00000057,,2024-02-20,ELEVATOR,MEDIUM,COMPLETED,14315.56,11222.43,2024-03-04,13
WO-0HY4101YKZ1V,CA-FL-00000057,,2024-03-09,GENERAL,HIGH,COMPLETED,13383.71,9475.6,2024-03-20,11
WO-J8T9Q6YQQMVD,CA-FL-00000057,,2024-04-15,HVAC,MEDIUM,DEFERRED,1021.13,,,35
WO-A081H90LB484,CA-FL-00000057,,2024-04-06,ELEVATOR,MEDIUM,COMPLETED,2062.57,8691.29,2024-04-27,21
WO-8FH9R57AQD8I,CA-FL-00000057,,2024-05-19,LANDSCAPING,LOW,COMPLETED,3207.0,10223.55,2024-05-22,3
WO-J2KIHMGDPZZG,CA-FL-00000057,,2024-05-23,ROOFING,LOW,COMPLETED,12844.12,4840.7,2024-06-01,9
WO-FTPU8KNOQUBQ,CA-FL-00000057,,2024-05-07,PLUMBING,HIGH,COMPLETED,8689.44,6065.1,2024-05-17,10
WO-8LK1MOZV0EYA,CA-FL-00000057,,2024-07-01,GENERAL,MEDIUM,COMPLETED,349.43,8885.55,2024-07-10,9
WO-4DS7R038LINN,CA-FL-00000057,,2024-07-20,PLUMBING,HIGH,COMPLETED,8419.8,9523.07,2024-07-29,9
WO-OX7QX13TF2XC,CA-FL-00000057,,2024-08-18,PLUMBING,LOW,COMPLETED,7556.34,1453.99,2024-08-23,5
WO-OHKJ1YGXK7KN,CA-FL-00000057,,2024-08-26,ROOFING,MEDIUM,COMPLETED,9994.33,2517.59,2024-09-05,10
WO-D9JWIANGTN9J,CA-FL-00000057,,2024-08-10,LANDSCAPING,LOW,COMPLETED,11574.71,11586.71,2024-08-20,10
WO-0RTG999XIXMX,CA-FL-00000057,,2024-09-05,ELECTRICAL,HIGH,COMPLETED,2914.13,5878.77,2024-09-06,1
WO-0Z0CDKK6HG3L,CA-FL-00000057,,2024-09-15,HVAC,LOW,DEFERRED,10181.41,,,37
WO-1759OMUZJQ3F,CA-FL-00000057,,2024-09-06,PLUMBING,MEDIUM,COMPLETED,6102.16,3636.93,2024-09-26,20
WO-B7MPAPRFAE7I,CA-FL-00000057,,2024-09-05,ELECTRICAL,HIGH,OPEN,11785.92,,,70
WO-D8Y2E3WCOVUV,CA-FL-00000057,,2024-09-26,LANDSCAPING,LOW,COMPLETED,1441.21,6679.56,2024-09-28,2
WO-35RCHUDH3R14,CA-FL-00000057,,2024-12-18,LANDSCAPING,HIGH,OPEN,9787.68,,,54
WO-3T64SYT4IP52,CA-FL-00000057,,2024-12-05,ELEVATOR,MEDIUM,DEFERRED,2223.25,,,140
WO-KDV8K9GA1I6J,CA-FL-00000057,,2024-12-12,ELECTRICAL,LOW,COMPLETED,7749.32,3303.18,2024-12-27,15
WO-ZBNZX76EDSF3,CA-FL-00000057,,2025-02-15,ROOFING,MEDIUM,COMPLETED,11926.21,8359.18,2025-03-03,16
WO-TUOGVVAL6DYB,CA-FL-00000057,,2025-02-25,LANDSCAPING,LOW,COMPLETED,2184.25,9955.28,2025-03-06,9
WO-4OK5YZ48NDWL,CA-FL-00000057,,2025-02-25,HVAC,MEDIUM,COMPLETED,7132.45,7123.32,2025-02-26,1
WO-06UALCK0CZIL,CA-FL-00000057,,2025-03-17,GENERAL,MEDIUM,COMPLETED,1217.58,4869.86,2025-03-26,9
WO-0DL0PO68AHEG,CA-FL-00000057,,2025-03-13,PLUMBING,MEDIUM,OPEN,12446.88,,,76
WO-78BSSVU6DM1R,CA-FL-00000057,,2025-03-15,GENERAL,MEDIUM,COMPLETED,516.02,9086.33,2025-03-18,3
WO-K72VL39PT5KG,CA-FL-00000057,,2025-03-07,LANDSCAPING,LOW,OPEN,14149.62,,,68
WO-SOAV58XFGPYA,CA-FL-00000057,,2025-03-01,LANDSCAPING,HIGH,COMPLETED,4142.73,1339.59,2025-03-08,7
WO-P3R3WKONE3D0,CA-FL-00000057,,2025-04-23,HVAC,MEDIUM,DEFERRED,8877.39,,,15
WO-BT7NCK9ZCFYJ,CA-FL-00000057,,2025-04-15,LANDSCAPING,HIGH,DEFERRED,5460.96,,,161
WO-ADGATCK6K754,CA-FL-00000057,,2025-05-16,GENERAL,MEDIUM,COMPLETED,1458.06,6458.36,2025-05-31,15
WO-IAL6HAI11AO5,CA-FL-00000057,,2025-06-26,HVAC,LOW,OPEN,5976.95,,,15
WO-Z3ETZ2LEBREU,CA-FL-00000057,,2025-06-05,STRUCTURAL,LOW,COMPLETED,13148.66,3553.98,2025-06-11,6
WO-4N6GP6YMRRQN,CA-FL-00000057,,2025-06-11,ELECTRICAL,MEDIUM,COMPLETED,12110.65,9605.56,2025-06-23,12
WO-ZVZT9H675AV3,CA-CA-00000058,,2024-02-12,HVAC,HIGH,COMPLETED,5326.29,11348.73,2024-03-01,18
WO-3ZR02YT0JK4B,CA-CA-00000058,,2024-02-06,GENERAL,MEDIUM,COMPLETED,3644.53,10712.32,2024-02-08,2
WO-WTMCTYZIXKR7,CA-CA-00000058,,2024-04-11,ELEVATOR,HIGH,DEFERRED,13148.62,,,51
WO-DDMEMWMG94YO,CA-CA-00000058,,2024-04-09,PLUMBING,MEDIUM,COMPLETED,4471.85,7733.95,2024-04-30,21
WO-D4UB4EVIMM7U,CA-CA-00000058,,2024-06-23,PLUMBING,MEDIUM,COMPLETED,8280.95,8379.83,2024-06-27,4
WO-06I00X9RS8R9,CA-CA-00000058,,2024-08-13,STRUCTURAL,LOW,COMPLETED,13788.55,7832.75,2024-08-16,3
WO-LAKRLSS9O7FV,CA-CA-00000058,,2024-09-07,LANDSCAPING,MEDIUM,COMPLETED,10084.4,7954.63,2024-09-21,14
WO-DTLX1NZABFQJ,CA-CA-00000058,,2024-11-18,LANDSCAPING,EMERGENCY,COMPLETED,12728.37,6299.67,2024-11-20,2
WO-7HXHEFSE48EF,CA-CA-00000058,,2024-12-17,PLUMBING,MEDIUM,COMPLETED,1657.51,4268.2,2024-12-27,10
WO-KPT43MBVSSSM,CA-CA-00000058,,2024-12-15,STRUCTURAL,MEDIUM,COMPLETED,14709.23,9077.22,2024-12-22,7
WO-NU195NYRXTUA,CA-CA-00000058,,2025-01-07,PLUMBING,MEDIUM,COMPLETED,3695.52,6188.17,2025-01-19,12
WO-45XXSVYQ0GP1,CA-CA-00000058,,2025-02-04,LANDSCAPING,MEDIUM,COMPLETED,2315.16,4973.62,2025-02-25,21
WO-MWL8R8HZCMSF,CA-CA-00000058,,2025-03-01,ELECTRICAL,MEDIUM,COMPLETED,14374.29,5425.76,2025-03-05,4
WO-YVRMO8IRWKD4,CA-CA-00000058,,2025-03-27,GENERAL,HIGH,COMPLETED,14866.0,9602.78,2025-04-06,10
WO-A94PED439SH0,CA-CA-00000058,,2025-04-15,STRUCTURAL,LOW,COMPLETED,10224.25,632.78,2025-05-03,18
WO-01RPEB10DSWK,CA-CA-00000058,,2025-05-14,LANDSCAPING,MEDIUM,COMPLETED,7714.25,9339.16,2025-05-19,5
WO-IR9UO2T9W7ZM,CA-OH-00000059,,2024-01-07,ELEVATOR,LOW,DEFERRED,8847.27,,,125
WO-IQML4KUZTN00,CA-OH-00000059,,2024-01-25,ROOFING,HIGH,OPEN,4970.47,,,27
WO-BHXNU4EU1B6T,CA-OH-00000059,,2024-01-05,STRUCTURAL,LOW,COMPLETED,6115.95,562.91,2024-01-22,17
WO-MV9YZSC7M01V,CA-OH-00000059,,2024-02-24,GENERAL,MEDIUM,COMPLETED,12218.23,11737.23,2024-03-12,17
WO-X4KVVIYV1UM9,CA-OH-00000059,,2024-02-14,PLUMBING,MEDIUM,OPEN,12661.32,,,50
WO-6VJRSYX8ZHBL,CA-OH-00000059,,2024-02-20,PLUMBING,HIGH,COMPLETED,4175.45,9543.11,2024-02-27,7
WO-B6VJZ5POWVSU,CA-OH-00000059,,2024-02-25,PLUMBING,HIGH,DEFERRED,7752.22,,,26
WO-TS0FYXGOYB9L,CA-OH-00000059,,2024-03-26,ROOFING,MEDIUM,OPEN,4975.79,,,43
WO-FSP6OU40EOD4,CA-OH-00000059,,2024-03-27,GENERAL,HIGH,OPEN,6128.66,,,100
WO-N1MIPV0UT3F7,CA-OH-00000059,,2024-03-04,LANDSCAPING,LOW,COMPLETED,13629.67,8355.17,2024-03-19,15
WO-VF05YM439XSH,CA-OH-00000059,,2024-03-04,GENERAL,HIGH,COMPLETED,6733.47,3161.1,2024-03-16,12
WO-AUCNT6ZBH4WU,CA-OH-00000059,,2024-04-11,HVAC,MEDIUM,DEFERRED,9958.42,,,52
WO-5J8R3F72JIBN,CA-OH-00000059,,2024-04-15,GENERAL,MEDIUM,COMPLETED,729.85,7494.8,2024-04-23,8
WO-41ZHN0UQHGZO,CA-OH-00000059,,2024-05-25,GENERAL,MEDIUM,COMPLETED,3539.95,2737.65,2024-06-04,10
WO-DRZXCSUQ6GEJ,CA-OH-00000059,,2024-05-15,ROOFING,LOW,COMPLETED,13810.54,413.06,2024-05-19,4
WO-JYN1EZT3SSRV,CA-OH-00000059,,2024-05-25,PLUMBING,MEDIUM,COMPLETED,6972.78,9876.94,2024-05-26,1
WO-QODYUF4F2J1I,CA-OH-00000059,,2024-06-16,ELECTRICAL,LOW,COMPLETED,2140.8,4893.58,2024-06-24,8
WO-BXHNK5IWHGPP,CA-OH-00000059,,2024-06-17,PLUMBING,MEDIUM,OPEN,10586.36,,,11
WO-X2IQCDNIFL86,CA-OH-00000059,,2024-06-13,PLUMBING,LOW,DEFERRED,2409.28,,,22
WO-N8C5L96KAUBQ,CA-OH-00000059,,2024-07-18,PLUMBING,MEDIUM,COMPLETED,14802.08,10812.33,2024-07-22,4
WO-7GPII9II7242,CA-OH-00000059,,2024-07-14,ELEVATOR,HIGH,COMPLETED,1763.39,3068.12,2024-08-04,21
WO-20XCOMZTH1MF,CA-OH-00000059,,2024-07-17,PLUMBING,HIGH,OPEN,5973.99,,,49
WO-6UGQWPTQEQOL,CA-OH-00000059,,2024-07-09,STRUCTURAL,MEDIUM,DEFERRED,1392.06,,,35
WO-ZLJFBDSD3SJ8,CA-OH-00000059,,2024-09-25,LANDSCAPING,MEDIUM,DEFERRED,14559.22,,,10
WO-SZIAQM7QP1BG,CA-OH-00000059,,2024-10-12,GENERAL,LOW,DEFERRED,8327.47,,,33
WO-NPYCRWVGBOXM,CA-OH-00000059,,2024-10-07,STRUCTURAL,MEDIUM,DEFERRED,14766.55,,,25
WO-7SL0TG6VG8HY,CA-OH-00000059,,2024-11-12,ROOFING,HIGH,OPEN,467.08,,,73
WO-INS8WN28RWCS,CA-OH-00000059,,2024-11-21,ROOFING,LOW,COMPLETED,7905.68,4510.02,2024-11-29,8
WO-M80TGAZIXI5T,CA-OH-00000059,,2024-12-08,GENERAL,MEDIUM,DEFERRED,13128.32,,,16
WO-L72SL2PT0R5C,CA-OH-00000059,,2024-12-28,LANDSCAPING,EMERGENCY,COMPLETED,8026.02,6150.39,2025-01-13,16
WO-JT6B5CJ10RO9,CA-OH-00000059,,2024-12-10,ROOFING,LOW,COMPLETED,12656.68,8202.43,2024-12-25,15
WO-9R0R31DEVTXU,CA-OH-00000059,,2024-12-08,ROOFING,MEDIUM,COMPLETED,5953.68,9723.3,2024-12-17,9
WO-4UH2NLU6UZF2,CA-OH-00000059,,2024-12-26,ROOFING,MEDIUM,OPEN,6656.1,,,138
WO-V1L7WGSL7KRT,CA-OH-00000059,,2025-01-26,HVAC,LOW,COMPLETED,12037.54,4156.78,2025-02-11,16
WO-1JR9N1Q5RZ9F,CA-OH-00000059,,2025-01-23,LANDSCAPING,LOW,COMPLETED,5484.86,5070.84,2025-02-05,13
WO-WO0F6TQCKO8B,CA-OH-00000059,,2025-01-27,LANDSCAPING,LOW,COMPLETED,9351.96,11850.03,2025-01-30,3
WO-9M66HAG3JM07,CA-OH-00000059,,2025-01-13,STRUCTURAL,HIGH,COMPLETED,13789.98,9714.19,2025-01-18,5
WO-3UL4CX7KLI7S,CA-OH-00000059,,2025-02-08,STRUCTURAL,LOW,COMPLETED,14329.65,328.79,2025-02-13,5
WO-QQAR8UQ3IL30,CA-OH-00000059,,2025-03-25,GENERAL,MEDIUM,COMPLETED,3156.26,6572.48,2025-03-28,3
WO-QMNE81IPGL0K,CA-OH-00000059,,2025-03-02,HVAC,LOW,COMPLETED,7135.16,6722.0,2025-03-12,10
WO-HRXZVV9BGRR8,CA-OH-00000059,,2025-03-12,ELECTRICAL,MEDIUM,OPEN,13040.98,,,37
WO-2G93AI71KEWU,CA-OH-00000059,,2025-04-07,ELEVATOR,LOW,DEFERRED,5259.46,,,182
WO-G5S2WCKPT9G5,CA-OH-00000059,,2025-04-18,GENERAL,MEDIUM,OPEN,14433.75,,,88
WO-CCTS92KNDTDE,CA-OH-00000059,,2025-04-17,PLUMBING,MEDIUM,OPEN,12692.88,,,82
WO-E4DOIP0P078N,CA-OH-00000059,,2025-05-02,PLUMBING,HIGH,COMPLETED,7949.27,5574.57,2025-05-04,2
WO-1WKXIZZSZA9S,CA-OH-00000059,,2025-05-24,PLUMBING,MEDIUM,COMPLETED,12370.06,207.13,2025-06-12,19
WO-IY10PJI97A7W,CA-NY-00000060,,2024-01-05,PLUMBING,LOW,COMPLETED,6734.97,9232.32,2024-01-16,11
WO-KIL5G3FA718S,CA-NY-00000060,,2024-02-06,LANDSCAPING,MEDIUM,COMPLETED,12975.58,4977.52,2024-02-27,21
WO-11PYJL4P7O6A,CA-NY-00000060,,2024-02-26,HVAC,MEDIUM,COMPLETED,1480.67,11785.91,2024-03-17,20
WO-67A8P001YE4Q,CA-NY-00000060,,2024-05-22,ELEVATOR,MEDIUM,COMPLETED,13019.26,1180.9,2024-06-06,15
WO-VDOESV6Y8J0I,CA-NY-00000060,,2024-11-19,HVAC,LOW,COMPLETED,2696.24,4860.84,2024-12-07,18
WO-MD6G2XN8U6X7,CA-NY-00000060,,2025-03-02,ROOFING,MEDIUM,COMPLETED,3159.3,1772.3,2025-03-08,6
WO-WQPNY1Z8Z1EU,CA-NY-00000060,,2025-04-19,LANDSCAPING,LOW,COMPLETED,11379.85,5137.9,2025-04-21,2
WO-CWP0X81HWF9C,CA-NY-00000060,,2025-06-15,LANDSCAPING,EMERGENCY,COMPLETED,7938.22,7401.29,2025-06-18,3
WO-FI51SYOQJDD4,CA-NC-00000061,,2024-02-28,ROOFING,LOW,COMPLETED,1056.26,5780.43,2024-03-08,9
WO-635J250SDLDA,CA-NC-00000061,,2024-03-06,PLUMBING,LOW,COMPLETED,12006.78,11141.58,2024-03-15,9
WO-QZ5XQ3KRHJO3,CA-NC-00000061,,2024-05-05,ELEVATOR,EMERGENCY,OPEN,2143.09,,,22
WO-CDEPWAT2KUS0,CA-NC-00000061,,2024-05-13,ELECTRICAL,MEDIUM,COMPLETED,12224.77,6417.33,2024-05-14,1
WO-WNHPU4HEORU8,CA-NC-00000061,,2024-06-03,HVAC,EMERGENCY,COMPLETED,11508.29,11821.79,2024-06-21,18
WO-YZ81YC1MEIYW,CA-NC-00000061,,2024-06-08,HVAC,HIGH,COMPLETED,4120.09,10361.89,2024-06-21,13
WO-QZ4ARH76AS58,CA-NC-00000061,,2024-07-10,HVAC,MEDIUM,COMPLETED,7644.84,7975.65,2024-07-17,7
WO-XG9IWX967Y1A,CA-NC-00000061,,2024-09-24,HVAC,MEDIUM,COMPLETED,9117.49,8177.05,2024-10-08,14
WO-T4BG37HBHLJB,CA-NC-00000061,,2024-10-13,PLUMBING,MEDIUM,COMPLETED,4317.26,8541.57,2024-10-18,5
WO-7IIOVR5AC5K1,CA-NC-00000061,,2024-11-15,ELECTRICAL,MEDIUM,COMPLETED,11840.15,1144.76,2024-11-19,4
WO-80K2XYDCUR02,CA-NC-00000061,,2024-11-18,PLUMBING,MEDIUM,COMPLETED,13851.04,2627.87,2024-12-02,14
WO-M8TQ7DE2R2Y0,CA-NC-00000061,,2025-02-10,HVAC,LOW,COMPLETED,1089.12,11621.37,2025-02-20,10
WO-EJVWFWAAIJ0B,CA-NC-00000061,,2025-02-28,GENERAL,MEDIUM,COMPLETED,528.89,3023.76,2025-03-16,16
WO-LAYVZ5CALNZ6,CA-NC-00000061,,2025-04-10,PLUMBING,MEDIUM,COMPLETED,3870.74,6263.14,2025-04-24,14
WO-D3NV6CB696Y3,CA-NC-00000061,,2025-05-23,STRUCTURAL,MEDIUM,COMPLETED,13587.52,8488.24,2025-05-27,4
WO-RM612BOEAV2I,CA-NC-00000061,,2025-05-04,ROOFING,LOW,DEFERRED,1410.87,,,39
WO-0QG4M9KK6987,CA-NC-00000061,,2025-06-27,GENERAL,MEDIUM,COMPLETED,12280.3,3016.62,2025-07-07,10
WO-WZWIWG13J4DX,CA-VA-00000062,,2024-01-26,ELECTRICAL,LOW,COMPLETED,5389.08,4048.4,2024-02-04,9
WO-HYAFSFN4NGVK,CA-VA-00000062,,2024-02-26,HVAC,MEDIUM,COMPLETED,233.42,7558.68,2024-03-14,17
WO-RSSJQ1VNFIY6,CA-VA-00000062,,2024-02-21,ROOFING,LOW,COMPLETED,10457.17,6060.65,2024-03-10,18
WO-72OR9YGGM1LL,CA-VA-00000062,,2024-02-27,ELECTRICAL,LOW,COMPLETED,12508.05,6217.07,2024-03-08,10
WO-Q3BQBYONHJFI,CA-VA-00000062,,2024-03-23,LANDSCAPING,HIGH,COMPLETED,9566.0,9142.22,2024-03-24,1
WO-SRBBNE32295W,CA-VA-00000062,,2024-03-05,PLUMBING,MEDIUM,COMPLETED,10921.57,6337.4,2024-03-18,13
WO-S4P62NOVZQPA,CA-VA-00000062,,2024-03-12,ELECTRICAL,HIGH,COMPLETED,13906.4,3828.79,2024-03-20,8
WO-MN9H99A6RM3Y,CA-VA-00000062,,2024-04-02,PLUMBING,LOW,OPEN,13296.33,,,32
WO-DH3BE0SROKXL,CA-VA-00000062,,2024-04-11,PLUMBING,LOW,COMPLETED,8644.33,11827.32,2024-05-01,20
WO-NH615VX185A9,CA-VA-00000062,,2024-04-05,GENERAL,LOW,COMPLETED,5908.89,424.63,2024-04-14,9
WO-7RP71Z5IHLZ1,CA-VA-00000062,,2024-06-08,GENERAL,MEDIUM,DEFERRED,1084.54,,,10
WO-3M0ABPGAENR1,CA-VA-00000062,,2024-06-20,PLUMBING,MEDIUM,COMPLETED,7309.83,8683.65,2024-06-25,5
WO-3IXVT93JYXUN,CA-VA-00000062,,2024-06-28,PLUMBING,MEDIUM,OPEN,10784.55,,,42
WO-DHU7X0C8GTBT,CA-VA-00000062,,2024-07-27,PLUMBING,MEDIUM,COMPLETED,12619.66,181.44,2024-08-09,13
WO-CZI4IMOC5GGM,CA-VA-00000062,,2024-07-01,LANDSCAPING,EMERGENCY,COMPLETED,14368.63,5298.99,2024-07-10,9
WO-QVS7L23JDURZ,CA-VA-00000062,,2024-07-13,PLUMBING,MEDIUM,DEFERRED,6798.74,,,63
WO-NRBSSINMDCO3,CA-VA-00000062,,2024-07-14,PLUMBING,MEDIUM,COMPLETED,5449.39,708.2,2024-07-30,16
WO-MBU99X4P7PMO,CA-VA-00000062,,2024-08-05,HVAC,MEDIUM,COMPLETED,7018.92,11715.61,2024-08-23,18
WO-3F3LN65RV2O2,CA-VA-00000062,,2024-08-01,HVAC,MEDIUM,COMPLETED,12535.33,3117.21,2024-08-04,3
WO-F79B3OEU8WNK,CA-VA-00000062,,2024-08-28,STRUCTURAL,EMERGENCY,OPEN,14620.52,,,123
WO-KIHVTL6II9K9,CA-VA-00000062,,2024-08-17,PLUMBING,MEDIUM,OPEN,13021.08,,,32
WO-FO6JRXURJF2P,CA-VA-00000062,,2024-08-12,HVAC,MEDIUM,COMPLETED,14026.61,883.93,2024-08-25,13
WO-0YG65V86CJUU,CA-VA-00000062,,2024-09-12,LANDSCAPING,MEDIUM,COMPLETED,752.65,9130.81,2024-10-03,21
WO-OK341ELT2ZN8,CA-VA-00000062,,2024-09-27,PLUMBING,MEDIUM,COMPLETED,8975.96,3309.0,2024-09-29,2
WO-I5ERXH8LTSUU,CA-VA-00000062,,2024-10-11,STRUCTURAL,MEDIUM,COMPLETED,13711.16,11685.07,2024-10-19,8
WO-IU30GYCSBM21,CA-VA-00000062,,2024-10-26,ELEVATOR,LOW,COMPLETED,12393.97,9747.1,2024-10-29,3
WO-HTJCC6ZNS612,CA-VA-00000062,,2024-12-26,ELECTRICAL,HIGH,OPEN,12577.4,,,34
WO-UJ0J1O050V91,CA-VA-00000062,,2025-02-18,STRUCTURAL,MEDIUM,OPEN,8161.29,,,44
WO-8FR2EI8YL5JH,CA-VA-00000062,,2025-02-17,ROOFING,LOW,COMPLETED,12874.13,9083.91,2025-03-05,16
WO-ZYFQJZCRE8LH,CA-VA-00000062,,2025-04-17,LANDSCAPING,LOW,COMPLETED,9168.79,837.52,2025-04-23,6
WO-IJQWGPCJTFGK,CA-VA-00000062,,2025-04-11,LANDSCAPING,LOW,COMPLETED,6205.25,8913.67,2025-04-14,3
WO-UTVO443GF17O,CA-VA-00000062,,2025-04-01,ELECTRICAL,LOW,COMPLETED,13969.4,6331.73,2025-04-08,7
WO-5GIVCHD5CGN1,CA-VA-00000062,,2025-05-23,LANDSCAPING,EMERGENCY,COMPLETED,12267.99,4063.89,2025-06-05,13
WO-0MCH3R44RR70,CA-VA-00000062,,2025-05-14,HVAC,MEDIUM,DEFERRED,7600.59,,,65
WO-B4CS6F9ZVU3B,CA-VA-00000062,,2025-05-03,ELECTRICAL,EMERGENCY,COMPLETED,14200.12,9124.46,2025-05-15,12
WO-A8PINIEJW6XD,CA-VA-00000062,,2025-06-25,HVAC,LOW,COMPLETED,13222.28,8358.71,2025-06-26,1
WO-HG5MV91CWS4C,CA-VA-00000062,,2025-06-05,PLUMBING,HIGH,COMPLETED,10515.24,2997.63,2025-06-10,5
WO-0VOGUG8EVYLI,CA-VA-00000063,,2024-01-18,LANDSCAPING,LOW,COMPLETED,9583.26,5284.99,2024-01-28,10
WO-UNE8NIJXTCD0,CA-VA-00000063,,2024-01-14,ELEVATOR,LOW,COMPLETED,6574.7,510.95,2024-01-16,2
WO-QZ8Y9T54MDWY,CA-VA-00000063,,2024-01-02,ROOFING,LOW,COMPLETED,6856.56,6332.32,2024-01-14,12
WO-J77VN6UMMIA5,CA-VA-00000063,,2024-02-22,HVAC,MEDIUM,OPEN,6309.75,,,69
WO-KFYAIFNQHV1G,CA-VA-00000063,,2024-02-06,HVAC,LOW,COMPLETED,2455.18,8267.83,2024-02-23,17
WO-BXLZMLJYAO0L,CA-VA-00000063,,2024-02-03,HVAC,LOW,COMPLETED,1100.06,10795.0,2024-02-08,5
WO-VUULCJ9NG7L6,CA-VA-00000063,,2024-03-26,HVAC,EMERGENCY,COMPLETED,12982.42,2022.38,2024-03-30,4
WO-TXA74O7V3K4J,CA-VA-00000063,,2024-04-21,STRUCTURAL,LOW,COMPLETED,10111.0,3709.91,2024-04-26,5
WO-93I1QOJS44XW,CA-VA-00000063,,2024-04-01,ELECTRICAL,LOW,OPEN,480.74,,,142
WO-RH587LCWCKID,CA-VA-00000063,,2024-04-15,LANDSCAPING,MEDIUM,COMPLETED,8853.86,10066.47,2024-05-05,20
WO-J2TWL6D8QY9F,CA-VA-00000063,,2024-05-10,STRUCTURAL,EMERGENCY,COMPLETED,12341.42,715.73,2024-05-30,20
WO-VAKM25F8PR2Z,CA-VA-00000063,,2024-06-25,STRUCTURAL,LOW,DEFERRED,6949.37,,,35
WO-37STHRZSM9VI,CA-VA-00000063,,2024-06-11,PLUMBING,LOW,COMPLETED,4064.87,8223.86,2024-06-28,17
WO-S8R0RE5PMKM7,CA-VA-00000063,,2024-06-02,LANDSCAPING,MEDIUM,COMPLETED,10647.59,9120.54,2024-06-12,10
WO-AJH1IBPLSSZO,CA-VA-00000063,,2024-06-07,HVAC,MEDIUM,COMPLETED,7681.85,1893.73,2024-06-08,1
WO-W32UNUNXUNY5,CA-VA-00000063,,2024-06-10,ROOFING,LOW,COMPLETED,8202.76,7267.39,2024-06-15,5
WO-ATNJEGI98KGV,CA-VA-00000063,,2024-07-02,LANDSCAPING,MEDIUM,COMPLETED,5325.61,1367.44,2024-07-10,8
WO-V6BXBWJ39IWT,CA-VA-00000063,,2024-07-26,LANDSCAPING,LOW,COMPLETED,2233.93,5977.31,2024-08-11,16
WO-SUL38HZFDA2F,CA-VA-00000063,,2024-08-19,ELEVATOR,HIGH,COMPLETED,12931.17,2350.59,2024-08-21,2
WO-6G2MYJY1VHGG,CA-VA-00000063,,2024-09-18,ELECTRICAL,EMERGENCY,COMPLETED,6993.5,2851.38,2024-10-07,19
WO-72N7XUJEOC48,CA-VA-00000063,,2024-09-24,STRUCTURAL,MEDIUM,COMPLETED,14702.02,7212.8,2024-10-09,15
WO-0ICMHH73LVHP,CA-VA-00000063,,2024-09-21,LANDSCAPING,EMERGENCY,OPEN,4909.78,,,13
WO-PU7BA1Q9YNCY,CA-VA-00000063,,2024-10-09,HVAC,MEDIUM,COMPLETED,7855.85,5486.21,2024-10-28,19
WO-025QNL71ZC6M,CA-VA-00000063,,2024-10-16,GENERAL,LOW,COMPLETED,14601.67,3933.31,2024-10-25,9
WO-KPSVZDZT2PPV,CA-VA-00000063,,2024-11-02,HVAC,HIGH,DEFERRED,2041.84,,,60
WO-L5TY5KJJ48SU,CA-VA-00000063,,2024-12-18,PLUMBING,MEDIUM,DEFERRED,8730.26,,,91
WO-YHHY1OWWUTYA,CA-VA-00000063,,2024-12-21,ROOFING,EMERGENCY,COMPLETED,7257.72,7066.58,2024-12-29,8
WO-P2IFFMJCZMMT,CA-VA-00000063,,2024-12-04,PLUMBING,LOW,COMPLETED,13349.12,7794.77,2024-12-20,16
WO-DRT4WPQ4YYWK,CA-VA-00000063,,2024-12-20,PLUMBING,LOW,COMPLETED,7881.86,10883.18,2025-01-03,14
WO-6QYSE9CPJ6I1,CA-VA-00000063,,2025-02-20,PLUMBING,MEDIUM,DEFERRED,2182.54,,,69
WO-7F021967JAIS,CA-VA-00000063,,2025-02-16,LANDSCAPING,MEDIUM,COMPLETED,735.39,977.55,2025-03-03,15
WO-257Y5P17IAU0,CA-VA-00000063,,2025-02-27,ELECTRICAL,MEDIUM,DEFERRED,2671.33,,,29
WO-7KEB2K93IQF4,CA-VA-00000063,,2025-02-03,STRUCTURAL,MEDIUM,COMPLETED,12039.95,10564.84,2025-02-24,21
WO-QTHJNFL2QGB9,CA-VA-00000063,,2025-02-07,HVAC,HIGH,COMPLETED,2227.5,7979.59,2025-02-09,2
WO-K07LD32RE7WA,CA-VA-00000063,,2025-03-03,ELECTRICAL,LOW,COMPLETED,9706.33,11504.12,2025-03-08,5
WO-NBQX0MENE51S,CA-VA-00000063,,2025-03-06,STRUCTURAL,HIGH,COMPLETED,9068.97,3898.2,2025-03-07,1
WO-VRMXLCIKH8MQ,CA-VA-00000063,,2025-03-25,ROOFING,LOW,COMPLETED,13179.73,3216.18,2025-04-04,10
WO-5CW5C7F3TYM0,CA-VA-00000063,,2025-04-25,PLUMBING,MEDIUM,COMPLETED,3893.08,7339.13,2025-04-28,3
WO-AFA6G4MQIEVY,CA-VA-00000063,,2025-04-12,ELECTRICAL,LOW,OPEN,7075.87,,,32
WO-7VPKF1WGD61Z,CA-VA-00000063,,2025-04-15,HVAC,MEDIUM,COMPLETED,10199.01,8667.1,2025-04-22,7
WO-OK8XXV64QX4L,CA-VA-00000063,,2025-05-09,HVAC,MEDIUM,OPEN,5446.53,,,33
WO-A77KQHML5FBR,CA-VA-00000063,,2025-05-09,ROOFING,MEDIUM,COMPLETED,6394.95,10670.69,2025-05-14,5
WO-DH9K2WLRWRW1,CA-VA-00000063,,2025-05-17,LANDSCAPING,MEDIUM,COMPLETED,3689.68,8501.69,2025-05-30,13
WO-QB9K1291OBD7,CA-VA-00000063,,2025-06-23,ROOFING,MEDIUM,OPEN,6643.36,,,31
WO-ZL0XZMTERM8Z,CA-VA-00000063,,2025-06-12,LANDSCAPING,HIGH,COMPLETED,1142.72,1192.44,2025-06-25,13
WO-U2P5DKPTMAF2,CA-GA-00000064,,2024-02-19,LANDSCAPING,HIGH,COMPLETED,12304.16,8754.04,2024-02-27,8
WO-URR6H566TK5E,CA-GA-00000064,,2024-02-28,LANDSCAPING,MEDIUM,OPEN,6956.56,,,87
WO-3O8S4P73U341,CA-GA-00000064,,2024-02-11,ROOFING,MEDIUM,COMPLETED,7797.08,7482.55,2024-02-26,15
WO-KDUU6Z7VQCVQ,CA-GA-00000064,,2024-03-27,GENERAL,LOW,COMPLETED,11354.12,2047.31,2024-04-11,15
WO-M0HSPI4EOCJX,CA-GA-00000064,,2024-03-01,PLUMBING,EMERGENCY,COMPLETED,4288.19,1054.85,2024-03-16,15
WO-J315F7Y3FZAZ,CA-GA-00000064,,2024-03-07,ROOFING,HIGH,OPEN,10435.18,,,105
WO-8EYOJPDD9G60,CA-GA-00000064,,2024-04-11,ELECTRICAL,MEDIUM,COMPLETED,10989.11,6540.4,2024-04-15,4
WO-BFCUSS3LJOIY,CA-GA-00000064,,2024-04-17,HVAC,MEDIUM,OPEN,12608.95,,,35
WO-5LUYGZ8Q0SK4,CA-GA-00000064,,2024-04-24,ELECTRICAL,HIGH,OPEN,2549.19,,,106
WO-5H5EKJUX0QNP,CA-GA-00000064,,2024-06-06,STRUCTURAL,MEDIUM,COMPLETED,8062.82,7244.99,2024-06-18,12
WO-HE441T2XNXB5,CA-GA-00000064,,2024-07-01,LANDSCAPING,MEDIUM,COMPLETED,5550.19,8531.57,2024-07-12,11
WO-FC8IIFFCZGES,CA-GA-00000064,,2024-08-13,ROOFING,MEDIUM,OPEN,5422.87,,,116
WO-PC2GWFUT78C5,CA-GA-00000064,,2024-08-27,LANDSCAPING,HIGH,OPEN,4884.23,,,80
WO-OB3X9MJZH53D,CA-GA-00000064,,2024-08-23,ELEVATOR,MEDIUM,COMPLETED,3185.88,6761.05,2024-09-09,17
WO-2ER0LPK23UPM,CA-GA-00000064,,2024-08-23,GENERAL,MEDIUM,COMPLETED,10446.33,10304.61,2024-08-25,2
WO-5PTICQEE7FSN,CA-GA-00000064,,2024-09-23,PLUMBING,LOW,COMPLETED,3212.99,11478.51,2024-10-07,14
WO-KV82KE2M249T,CA-GA-00000064,,2024-09-12,HVAC,MEDIUM,DEFERRED,11026.54,,,27
WO-MFBX65VRF2SC,CA-GA-00000064,,2024-09-08,GENERAL,LOW,COMPLETED,8078.47,7735.42,2024-09-12,4
WO-KDM3PDBG37SU,CA-GA-00000064,,2024-09-10,ELECTRICAL,LOW,COMPLETED,1152.52,3575.72,2024-09-19,9
WO-7LNJSPEPMB1T,CA-GA-00000064,,2024-10-05,ELECTRICAL,MEDIUM,COMPLETED,8524.28,3880.35,2024-10-23,18
WO-LP50HWBIPD85,CA-GA-00000064,,2024-10-03,ROOFING,HIGH,OPEN,8625.21,,,49
WO-LLMYMI27JTJR,CA-GA-00000064,,2024-10-18,GENERAL,MEDIUM,COMPLETED,5038.5,10202.13,2024-11-06,19
WO-JG6BSH7JUMG9,CA-GA-00000064,,2024-11-12,ELECTRICAL,MEDIUM,COMPLETED,7683.28,2831.8,2024-11-22,10
WO-IDSL51WIZDPM,CA-GA-00000064,,2024-11-02,ELECTRICAL,HIGH,COMPLETED,4761.11,5362.67,2024-11-06,4
WO-H2G7GHM585D6,CA-GA-00000064,,2024-11-05,HVAC,MEDIUM,COMPLETED,9557.26,5072.76,2024-11-23,18
WO-2RGMB8605CO6,CA-GA-00000064,,2024-12-06,LANDSCAPING,HIGH,COMPLETED,3389.68,11754.11,2024-12-11,5
WO-CENX3LUJDSQP,CA-GA-00000064,,2024-12-03,ELECTRICAL,MEDIUM,COMPLETED,4844.62,9888.74,2024-12-05,2
WO-H1NMBJCKKTW1,CA-GA-00000064,,2025-01-26,HVAC,LOW,COMPLETED,14072.86,4552.35,2025-02-05,10
WO-X8F1GKBO27FN,CA-GA-00000064,,2025-01-03,LANDSCAPING,LOW,OPEN,4553.76,,,84
WO-CBLWWE9INWVL,CA-GA-00000064,,2025-02-20,ROOFING,MEDIUM,COMPLETED,804.81,5276.92,2025-02-24,4
WO-YIAH40X56HI6,CA-GA-00000064,,2025-02-12,PLUMBING,MEDIUM,COMPLETED,6443.27,9345.54,2025-02-16,4
WO-MOBPRIC7QV1B,CA-GA-00000064,,2025-02-28,LANDSCAPING,LOW,COMPLETED,14210.92,8573.66,2025-03-12,12
WO-XK9EWFJ7SOIK,CA-GA-00000064,,2025-02-10,ROOFING,MEDIUM,COMPLETED,303.3,10509.22,2025-02-15,5
WO-NE8ES3PM30UZ,CA-GA-00000064,,2025-03-01,LANDSCAPING,MEDIUM,COMPLETED,5976.93,10935.52,2025-03-16,15
WO-REB93M3QUS1T,CA-GA-00000064,,2025-04-16,HVAC,MEDIUM,COMPLETED,8705.66,4491.78,2025-04-24,8
WO-R3YXTY212EXV,CA-GA-00000064,,2025-04-03,PLUMBING,LOW,COMPLETED,10983.69,11943.02,2025-04-07,4
WO-8F8ZAMY5CSO2,CA-GA-00000064,,2025-05-16,PLUMBING,MEDIUM,COMPLETED,13706.59,5819.09,2025-05-26,10
WO-JUO7O4M3QQLA,CA-VA-00000065,,2024-01-03,ELECTRICAL,HIGH,COMPLETED,1158.02,7694.7,2024-01-13,10
WO-6EL5QUZK6WTZ,CA-VA-00000065,,2024-02-28,HVAC,MEDIUM,COMPLETED,8599.98,3324.57,2024-03-04,5
WO-OZ62RJQRVYTI,CA-VA-00000065,,2024-03-12,ELECTRICAL,LOW,OPEN,12747.0,,,11
WO-T3WG9NVDZU0Q,CA-VA-00000065,,2024-06-15,STRUCTURAL,MEDIUM,COMPLETED,4867.44,2596.73,2024-06-28,13
WO-TTB9L90TYCX3,CA-VA-00000065,,2024-06-16,STRUCTURAL,MEDIUM,COMPLETED,9589.52,6073.1,2024-07-07,21
WO-QNTN4RV3YVQ3,CA-VA-00000065,,2024-08-21,PLUMBING,MEDIUM,COMPLETED,4943.2,9994.68,2024-09-10,20
WO-0TNLU7XOOHS3,CA-VA-00000065,,2024-08-07,LANDSCAPING,MEDIUM,OPEN,1218.75,,,116
WO-8LW2XTSM9DY8,CA-VA-00000065,,2024-11-19,LANDSCAPING,MEDIUM,COMPLETED,2980.55,3227.33,2024-11-23,4
WO-TLFVAR61UK7M,CA-VA-00000065,,2025-01-13,ELECTRICAL,MEDIUM,COMPLETED,10044.69,573.68,2025-01-29,16
WO-1QUPQI6EUO51,CA-VA-00000065,,2025-05-09,ROOFING,LOW,COMPLETED,5784.55,5094.68,2025-05-19,10
WO-K5M18E9F1D6C,CA-NY-00000066,,2024-02-25,STRUCTURAL,LOW,COMPLETED,5723.82,11275.54,2024-03-14,18
WO-X1549GSXQZZS,CA-NY-00000066,,2024-03-14,HVAC,MEDIUM,COMPLETED,6799.13,5488.2,2024-03-16,2
WO-7VX3STIJZKUV,CA-NY-00000066,,2024-03-07,ROOFING,MEDIUM,COMPLETED,1638.1,933.4,2024-03-22,15
WO-EKYZMQRSR0DK,CA-NY-00000066,,2024-06-19,HVAC,MEDIUM,COMPLETED,2403.93,2040.9,2024-06-27,8
WO-JDDJGYM75ULT,CA-NY-00000066,,2024-08-21,GENERAL,HIGH,COMPLETED,13376.3,8632.47,2024-09-06,16
WO-0N6XGVR1XRQL,CA-NY-00000066,,2024-09-22,PLUMBING,LOW,COMPLETED,14616.97,2357.66,2024-10-01,9
WO-HX1RPXTZ00YD,CA-NY-00000066,,2024-10-24,GENERAL,HIGH,OPEN,12914.82,,,11
WO-9MUEY4X02MNK,CA-NY-00000066,,2025-01-20,ROOFING,LOW,COMPLETED,13908.9,337.8,2025-01-24,4
WO-NIXR3TOVTLTV,CA-NY-00000066,,2025-02-27,ELEVATOR,LOW,COMPLETED,5705.53,4968.08,2025-03-18,19
WO-1YKXBE273HEC,CA-NY-00000066,,2025-03-26,PLUMBING,LOW,COMPLETED,11306.97,7040.85,2025-04-10,15
WO-5K5PDV6DY6RL,CA-NY-00000066,,2025-03-24,GENERAL,LOW,OPEN,1290.02,,,36
WO-ALSXJPMLVER4,CA-NY-00000066,,2025-05-10,LANDSCAPING,MEDIUM,COMPLETED,9510.22,291.66,2025-05-29,19
WO-YSV1VYG1DEDY,CA-NY-00000066,,2025-05-07,ELECTRICAL,LOW,COMPLETED,9904.66,2022.73,2025-05-28,21
WO-A5A322BL7IMP,CA-NY-00000066,,2025-06-04,ROOFING,LOW,COMPLETED,14177.77,3844.8,2025-06-13,9
WO-2P146PLXEL3W,CA-NV-00000067,,2024-01-10,LANDSCAPING,HIGH,COMPLETED,13501.46,9626.55,2024-01-16,6
WO-34S6B5PCGUZI,CA-NV-00000067,,2024-01-01,PLUMBING,LOW,COMPLETED,13471.4,9551.18,2024-01-07,6
WO-H56V64DTYPYX,CA-NV-00000067,,2024-02-05,ROOFING,MEDIUM,DEFERRED,9397.39,,,21
WO-4E4Q8ZT4MWHZ,CA-NV-00000067,,2024-05-20,PLUMBING,MEDIUM,DEFERRED,825.93,,,141
WO-PBTPG6YR1OTI,CA-NV-00000067,,2024-06-13,ELEVATOR,LOW,COMPLETED,3015.69,364.71,2024-06-24,11
WO-F4NTMQ4EEW7H,CA-NV-00000067,,2024-06-13,ROOFING,MEDIUM,COMPLETED,3256.59,3755.36,2024-06-22,9
WO-S2HUODLJ3242,CA-NV-00000067,,2024-07-05,ELECTRICAL,LOW,COMPLETED,5435.74,3292.09,2024-07-24,19
WO-KKN7ZO71ZIG6,CA-NV-00000067,,2024-08-14,HVAC,LOW,COMPLETED,4421.66,5214.07,2024-08-16,2
WO-N92C9I3E4W7B,CA-NV-00000067,,2024-08-15,LANDSCAPING,LOW,COMPLETED,8630.13,8240.41,2024-08-18,3
WO-3R91TXGJ04T8,CA-NV-00000067,,2024-11-08,ELEVATOR,LOW,COMPLETED,2312.32,10173.22,2024-11-28,20
WO-OHF8OUJ06CZA,CA-NV-00000067,,2024-12-08,PLUMBING,MEDIUM,COMPLETED,746.51,1045.15,2024-12-17,9
WO-ZOOMX4CU88LH,CA-NV-00000067,,2025-01-25,HVAC,EMERGENCY,COMPLETED,12019.68,9574.13,2025-01-29,4
WO-1R9TSVHMNAWB,CA-NV-00000067,,2025-02-21,PLUMBING,LOW,COMPLETED,6746.15,4367.36,2025-02-25,4
WO-IBR2DD5P9JAC,CA-NV-00000067,,2025-03-19,ELECTRICAL,HIGH,COMPLETED,1120.48,11375.3,2025-04-02,14
WO-TD7QKKT5ZZSO,CA-NV-00000067,,2025-04-19,GENERAL,MEDIUM,COMPLETED,9054.01,5197.09,2025-04-25,6
WO-53O3GZCJ23PE,CA-NV-00000067,,2025-04-18,GENERAL,LOW,COMPLETED,340.69,3951.81,2025-04-25,7
WO-U889OBQ1U0V9,CA-NV-00000067,,2025-05-01,GENERAL,HIGH,DEFERRED,8035.85,,,84
WO-GP9DBE35BY7A,CA-NV-00000067,,2025-05-07,ELECTRICAL,HIGH,COMPLETED,5103.05,1138.89,2025-05-24,17
WO-FNT18ZF92862,CA-NV-00000067,,2025-06-22,PLUMBING,MEDIUM,COMPLETED,4011.84,4722.17,2025-07-06,14
WO-JF5HN7CUQL6R,CA-FL-00000068,,2024-01-10,ELEVATOR,MEDIUM,COMPLETED,4395.37,5238.4,2024-01-27,17
WO-2GX1Y02PDTV4,CA-FL-00000068,,2024-03-19,LANDSCAPING,HIGH,COMPLETED,6523.81,5613.05,2024-03-27,8
WO-CFXOIMAQN67V,CA-FL-00000068,,2024-05-09,HVAC,LOW,COMPLETED,4974.66,6923.72,2024-05-25,16
WO-DQOPDE2T1YV4,CA-FL-00000068,,2024-05-12,HVAC,MEDIUM,COMPLETED,5041.85,4834.84,2024-05-25,13
WO-LD0H3K6P261A,CA-FL-00000068,,2024-07-13,STRUCTURAL,HIGH,COMPLETED,2307.91,2854.2,2024-07-31,18
WO-I4PGQ81LO50K,CA-FL-00000068,,2024-09-24,GENERAL,LOW,COMPLETED,1414.73,9513.39,2024-10-03,9
WO-UPT2K8JI5EMF,CA-FL-00000068,,2024-10-17,PLUMBING,MEDIUM,COMPLETED,12399.19,10856.29,2024-10-31,14
WO-UFR2L9Z50WFW,CA-FL-00000068,,2024-12-24,STRUCTURAL,MEDIUM,COMPLETED,5676.05,7837.05,2025-01-13,20
WO-YZBLLNAODGSI,CA-FL-00000068,,2025-02-18,GENERAL,EMERGENCY,COMPLETED,713.54,9920.54,2025-03-08,18
WO-W3MRZIEWH47N,CA-FL-00000068,,2025-03-03,LANDSCAPING,HIGH,COMPLETED,2183.76,2194.56,2025-03-09,6
WO-02H5685IWVE4,CA-FL-00000068,,2025-04-24,ELECTRICAL,HIGH,COMPLETED,4238.93,2757.69,2025-05-12,18
WO-19XLIJY8QNQI,CA-PA-00000069,,2024-01-20,HVAC,MEDIUM,COMPLETED,14191.12,7762.24,2024-01-26,6
WO-X48S6KLVVUQ4,CA-PA-00000069,,2024-01-20,LANDSCAPING,LOW,COMPLETED,3071.93,236.88,2024-02-06,17
WO-4WX3MQY0W420,CA-PA-00000069,,2024-02-08,GENERAL,LOW,COMPLETED,6730.0,7990.26,2024-02-29,21
WO-SMJEY90BFWYP,CA-PA-00000069,,2024-02-23,HVAC,LOW,COMPLETED,12121.06,720.79,2024-03-09,15
WO-2CG77SNRN3II,CA-PA-00000069,,2024-02-21,ELECTRICAL,LOW,OPEN,14476.48,,,208
WO-PPQBMVOH6D82,CA-PA-00000069,,2024-03-12,ELECTRICAL,MEDIUM,COMPLETED,9432.58,1925.55,2024-03-30,18
WO-6EHM55UL4BPX,CA-PA-00000069,,2024-04-25,PLUMBING,MEDIUM,DEFERRED,6477.6,,,9
WO-J0WAK2SA3N74,CA-PA-00000069,,2024-04-28,ELECTRICAL,LOW,COMPLETED,10135.36,4872.36,2024-05-14,16
WO-VBOOYSEJ1812,CA-PA-00000069,,2024-04-20,GENERAL,MEDIUM,OPEN,2672.99,,,21
WO-KJE72WGLINKZ,CA-PA-00000069,,2024-04-15,ELECTRICAL,LOW,OPEN,976.16,,,25
WO-XBR5JR1UVL1V,CA-PA-00000069,,2024-07-08,ELECTRICAL,MEDIUM,COMPLETED,2868.29,9456.91,2024-07-25,17
WO-3WK09E1G7OZ1,CA-PA-00000069,,2024-07-11,ELECTRICAL,HIGH,DEFERRED,14049.47,,,46
WO-06VFNZ4AEM08,CA-PA-00000069,,2024-07-13,GENERAL,EMERGENCY,COMPLETED,5471.88,2725.28,2024-07-24,11
WO-RPDN8ICN0051,CA-PA-00000069,,2024-08-19,HVAC,HIGH,COMPLETED,1894.31,9149.29,2024-08-24,5
WO-H701M82N8BAP,CA-PA-00000069,,2024-08-24,PLUMBING,HIGH,DEFERRED,14193.41,,,94
WO-PHA8BA1PVPW0,CA-PA-00000069,,2024-08-27,STRUCTURAL,LOW,COMPLETED,5363.98,202.45,2024-08-29,2
WO-Q4G56I2HKD93,CA-PA-00000069,,2024-09-16,PLUMBING,MEDIUM,COMPLETED,13130.91,7194.3,2024-10-01,15
WO-FUT2AIGSNYQG,CA-PA-00000069,,2024-09-23,GENERAL,LOW,COMPLETED,1275.57,2974.74,2024-09-24,1
WO-P2FO2YEBDZAI,CA-PA-00000069,,2024-09-04,GENERAL,MEDIUM,DEFERRED,7300.77,,,92
WO-XZE3MR0K2UB2,CA-PA-00000069,,2024-10-03,LANDSCAPING,HIGH,COMPLETED,7467.09,4547.22,2024-10-06,3
WO-7OQTVO5HPR07,CA-PA-00000069,,2024-10-14,HVAC,HIGH,COMPLETED,4694.74,7519.92,2024-10-20,6
WO-BPN8TKCV5HW4,CA-PA-00000069,,2024-11-21,ELECTRICAL,HIGH,COMPLETED,12574.89,10361.21,2024-11-30,9
WO-CE4F9CJEPAZP,CA-PA-00000069,,2024-12-12,HVAC,LOW,COMPLETED,10680.21,2525.32,2024-12-30,18
WO-FZFDDGV48BYV,CA-PA-00000069,,2024-12-05,ELECTRICAL,LOW,DEFERRED,1235.01,,,34
WO-ZAZCH4LDEPHM,CA-PA-00000069,,2024-12-10,PLUMBING,MEDIUM,COMPLETED,5336.75,3523.7,2024-12-29,19
WO-LEI1Y2OPOBXP,CA-PA-00000069,,2024-12-19,STRUCTURAL,MEDIUM,COMPLETED,13488.67,8577.66,2024-12-21,2
WO-DTEDP44N0RV9,CA-PA-00000069,,2025-01-28,ELECTRICAL,MEDIUM,COMPLETED,8719.57,3887.41,2025-02-10,13
WO-FCD6ESX6AXX9,CA-PA-00000069,,2025-02-07,LANDSCAPING,HIGH,COMPLETED,2432.37,10222.99,2025-02-25,18
WO-HD4SBYLHGZT6,CA-PA-00000069,,2025-02-08,GENERAL,MEDIUM,COMPLETED,2134.79,11567.14,2025-02-09,1
WO-DVTYKX2VKVMA,CA-PA-00000069,,2025-03-17,LANDSCAPING,MEDIUM,OPEN,6759.38,,,39
WO-Y0ZX5A6G09ZZ,CA-PA-00000069,,2025-04-26,PLUMBING,HIGH,COMPLETED,4658.79,3165.93,2025-05-14,18
WO-IDCGPNP9I99I,CA-PA-00000069,,2025-04-11,LANDSCAPING,MEDIUM,DEFERRED,1086.14,,,72
WO-HV9RZYA7WMMH,CA-PA-00000069,,2025-04-16,ELECTRICAL,LOW,DEFERRED,232.38,,,26
WO-SB621QDXO4FW,CA-PA-00000069,,2025-05-02,LANDSCAPING,HIGH,COMPLETED,10021.64,1502.19,2025-05-18,16
WO-NQZBJS503Y4Y,CA-PA-00000069,,2025-05-22,GENERAL,EMERGENCY,DEFERRED,1494.87,,,128
WO-L1U4RY9YPRJC,CA-PA-00000069,,2025-06-20,PLUMBING,HIGH,COMPLETED,8266.48,4906.0,2025-07-03,13
WO-TS3KLQCIKNMD,CA-PA-00000069,,2025-06-26,PLUMBING,EMERGENCY,COMPLETED,1279.57,2838.04,2025-07-07,11
WO-Q9ATOMM0G20T,CA-PA-00000069,,2025-06-09,GENERAL,MEDIUM,COMPLETED,9687.81,11460.62,2025-06-12,3
WO-UKZNZ4R4S2MI,CA-CA-00000070,,2024-01-06,LANDSCAPING,LOW,COMPLETED,11285.49,8172.67,2024-01-10,4
WO-RW9XR8461LL1,CA-CA-00000070,,2024-01-03,PLUMBING,MEDIUM,OPEN,1448.54,,,140
WO-OBAEH02TU53R,CA-CA-00000070,,2024-01-11,LANDSCAPING,MEDIUM,DEFERRED,13389.06,,,136
WO-PMKLFT9NYJXA,CA-CA-00000070,,2024-01-07,LANDSCAPING,MEDIUM,COMPLETED,7099.37,4567.57,2024-01-08,1
WO-0SFW3GPB20X9,CA-CA-00000070,,2024-01-09,LANDSCAPING,LOW,COMPLETED,11924.14,11719.83,2024-01-11,2
WO-F8YEX5URI2BK,CA-CA-00000070,,2024-03-17,HVAC,LOW,COMPLETED,6590.79,11673.52,2024-03-21,4
WO-GXZOOLNHOBFL,CA-CA-00000070,,2024-03-21,HVAC,MEDIUM,DEFERRED,4024.92,,,52
WO-EZLNLE8E38K6,CA-CA-00000070,,2024-03-06,HVAC,HIGH,OPEN,8346.06,,,35
WO-XUMYBMXPA45S,CA-CA-00000070,,2024-04-12,ROOFING,LOW,COMPLETED,12232.03,3391.66,2024-04-23,11
WO-B6JL1AK5V2OL,CA-CA-00000070,,2024-04-04,PLUMBING,HIGH,COMPLETED,9830.9,4203.09,2024-04-07,3
WO-PK5W5L029BRA,CA-CA-00000070,,2024-04-18,ELECTRICAL,MEDIUM,COMPLETED,10022.01,6554.49,2024-05-02,14
WO-00CL5H0YQN4T,CA-CA-00000070,,2024-05-10,PLUMBING,MEDIUM,COMPLETED,4833.26,2879.36,2024-05-23,13
WO-4OJHFUOUNX5I,CA-CA-00000070,,2024-05-02,ELECTRICAL,LOW,OPEN,14154.95,,,81
WO-R2WI8XLTB5HC,CA-CA-00000070,,2024-05-21,HVAC,MEDIUM,DEFERRED,5182.45,,,27
WO-MH4VWJABQR8N,CA-CA-00000070,,2024-05-08,ROOFING,LOW,COMPLETED,5811.45,3903.67,2024-05-25,17
WO-CZW2A48WYAXW,CA-CA-00000070,,2024-06-13,LANDSCAPING,MEDIUM,COMPLETED,14241.03,7616.65,2024-06-30,17
WO-NJWUIZ1FMAQX,CA-CA-00000070,,2024-06-06,HVAC,MEDIUM,DEFERRED,10341.56,,,32
WO-H2EPXM9WAFWY,CA-CA-00000070,,2024-06-10,GENERAL,LOW,COMPLETED,6690.41,428.01,2024-06-11,1
WO-JE4WHXVNGGDA,CA-CA-00000070,,2024-07-09,ROOFING,HIGH,OPEN,13195.71,,,42
WO-ZKV4WHBX7P6O,CA-CA-00000070,,2024-07-02,LANDSCAPING,MEDIUM,COMPLETED,2476.36,5525.8,2024-07-10,8
WO-FRWOFTQCE0AO,CA-CA-00000070,,2024-07-02,HVAC,HIGH,COMPLETED,1119.28,2840.65,2024-07-19,17
WO-FL0ESWVPCHZC,CA-CA-00000070,,2024-08-22,GENERAL,LOW,COMPLETED,1332.54,7573.15,2024-09-09,18
WO-X0V5LDO9H3E8,CA-CA-00000070,,2024-08-05,PLUMBING,MEDIUM,OPEN,4189.63,,,100
WO-NF6XOQ4Z2EAB,CA-CA-00000070,,2024-09-03,GENERAL,MEDIUM,COMPLETED,404.51,9757.91,2024-09-16,13
WO-7BBQ1F25V1NT,CA-CA-00000070,,2024-10-17,LANDSCAPING,LOW,DEFERRED,12652.61,,,12
WO-VLU3WY12C5WU,CA-CA-00000070,,2024-10-13,LANDSCAPING,MEDIUM,COMPLETED,7777.83,9018.34,2024-11-01,19
WO-IGXWVNRO0AV8,CA-CA-00000070,,2024-10-11,PLUMBING,LOW,DEFERRED,12462.5,,,33
WO-1R6NKOA4Y4XS,CA-CA-00000070,,2024-10-14,HVAC,MEDIUM,COMPLETED,1305.68,6705.68,2024-11-02,19
WO-7KEWGLL1E9SJ,CA-CA-00000070,,2024-10-04,LANDSCAPING,HIGH,COMPLETED,13931.62,7419.05,2024-10-10,6
WO-AX6DA9BBO6DQ,CA-CA-00000070,,2024-11-11,ELECTRICAL,MEDIUM,DEFERRED,6515.85,,,87
WO-Y8NJLVG255XK,CA-CA-00000070,,2024-11-24,GENERAL,LOW,COMPLETED,10957.91,1792.02,2024-12-02,8
WO-AC6WH93CSRNW,CA-CA-00000070,,2024-11-20,HVAC,LOW,OPEN,3817.58,,,50
WO-4ON2PEICNI6M,CA-CA-00000070,,2024-12-28,ELEVATOR,MEDIUM,OPEN,14033.47,,,75
WO-LC1H6NS77HNB,CA-CA-00000070,,2024-12-20,GENERAL,MEDIUM,COMPLETED,7028.74,4363.04,2025-01-07,18
WO-C0VLUMELKYYD,CA-CA-00000070,,2025-01-15,HVAC,HIGH,DEFERRED,12716.17,,,166
WO-1G42N8OKGMCT,CA-CA-00000070,,2025-01-28,PLUMBING,LOW,DEFERRED,6655.93,,,106
WO-W67I2JMG21FD,CA-CA-00000070,,2025-02-10,STRUCTURAL,MEDIUM,OPEN,13948.87,,,25
WO-J1NX1ESL4CKV,CA-CA-00000070,,2025-02-21,LANDSCAPING,MEDIUM,OPEN,4661.54,,,51
WO-HZTOY0RFNNRN,CA-CA-00000070,,2025-02-12,ELECTRICAL,MEDIUM,COMPLETED,2240.66,1252.37,2025-02-23,11
WO-Z8ODFKT2CZRU,CA-CA-00000070,,2025-02-19,GENERAL,HIGH,COMPLETED,9668.51,7068.96,2025-03-05,14
WO-NJZLOJEEWXMD,CA-CA-00000070,,2025-03-26,LANDSCAPING,MEDIUM,DEFERRED,5950.0,,,24
WO-N1ZL7HAFFW0X,CA-CA-00000070,,2025-03-21,ROOFING,MEDIUM,COMPLETED,10240.44,9044.93,2025-03-31,10
WO-P8WH1DZO9FV0,CA-CA-00000070,,2025-04-17,HVAC,LOW,COMPLETED,4852.81,883.94,2025-04-23,6
WO-FOE9CUT7Q9NT,CA-CA-00000070,,2025-04-24,PLUMBING,HIGH,COMPLETED,11100.29,7728.89,2025-05-14,20
WO-2EOXIPBXYIUB,CA-CA-00000070,,2025-04-20,LANDSCAPING,HIGH,COMPLETED,8208.04,6443.98,2025-04-25,5
WO-ZJTPL8ID4QE6,CA-CA-00000070,,2025-05-07,PLUMBING,LOW,COMPLETED,10765.02,8388.63,2025-05-11,4
WO-674UN06B9VK2,CA-CA-00000070,,2025-05-13,HVAC,MEDIUM,COMPLETED,11197.04,3689.6,2025-05-17,4
WO-AQ71QYTRO6BH,CA-CA-00000070,,2025-06-19,STRUCTURAL,HIGH,COMPLETED,6540.41,8412.18,2025-06-24,5
WO-2GY11GTXCTUT,CA-CA-00000070,,2025-06-28,GENERAL,LOW,COMPLETED,1339.9,2352.82,2025-07-18,20
WO-SH5YO1F8UXVQ,CA-CA-00000070,,2025-06-15,LANDSCAPING,MEDIUM,COMPLETED,734.63,1597.66,2025-06-17,2
WO-08G7G9UEFPYC,CA-FL-00000071,,2024-02-03,GENERAL,HIGH,DEFERRED,5492.94,,,26
WO-NSTQMPPMHD51,CA-FL-00000071,,2024-02-11,GENERAL,LOW,COMPLETED,12293.11,8532.44,2024-02-20,9
WO-Y01RJVKVPSI0,CA-FL-00000071,,2024-03-04,LANDSCAPING,MEDIUM,COMPLETED,4903.45,6958.83,2024-03-18,14
WO-QJYWOMO6RJ0L,CA-FL-00000071,,2024-04-15,ELECTRICAL,MEDIUM,COMPLETED,1395.63,5459.3,2024-04-24,9
WO-VT8XS3U3POLP,CA-FL-00000071,,2024-06-28,HVAC,MEDIUM,COMPLETED,5317.46,7964.68,2024-06-29,1
WO-5SVU1TY7JRKU,CA-FL-00000071,,2024-08-26,STRUCTURAL,MEDIUM,COMPLETED,6208.08,8737.17,2024-08-28,2
WO-BK533E5443U4,CA-FL-00000071,,2024-08-19,ROOFING,LOW,COMPLETED,9611.38,9361.12,2024-08-21,2
WO-S3TU0E7MXF7I,CA-FL-00000071,,2024-09-01,PLUMBING,HIGH,COMPLETED,10466.59,8169.3,2024-09-11,10
WO-78DCJWJWZEN7,CA-FL-00000071,,2024-12-01,ELECTRICAL,MEDIUM,COMPLETED,667.09,5321.74,2024-12-02,1
WO-Z17PTQVM2PC6,CA-FL-00000071,,2025-03-27,GENERAL,MEDIUM,COMPLETED,5470.92,5701.72,2025-04-17,21
WO-V6G69RJO43X8,CA-FL-00000071,,2025-05-04,STRUCTURAL,MEDIUM,OPEN,6393.61,,,34
WO-CONCSHQH6QRR,CA-FL-00000071,,2025-05-19,STRUCTURAL,LOW,COMPLETED,2386.46,3195.74,2025-05-27,8
WO-PHWG76AGR81K,CA-FL-00000071,,2025-06-10,HVAC,HIGH,OPEN,8707.34,,,64
WO-3ADA4P113EY0,CA-CA-00000072,,2024-01-05,STRUCTURAL,MEDIUM,DEFERRED,4288.73,,,54
WO-OZY6BXTQ5D7P,CA-CA-00000072,,2024-01-19,LANDSCAPING,MEDIUM,DEFERRED,14778.64,,,102
WO-XGNKQ237KFCE,CA-CA-00000072,,2024-01-11,GENERAL,MEDIUM,COMPLETED,2795.5,7657.79,2024-01-27,16
WO-FENFU4CHHAUR,CA-CA-00000072,,2024-02-21,GENERAL,LOW,DEFERRED,9751.84,,,141
WO-PAJJJOAX7ZC0,CA-CA-00000072,,2024-02-08,LANDSCAPING,MEDIUM,COMPLETED,7608.94,3459.59,2024-02-28,20
WO-ZUKQM6ME4TVJ,CA-CA-00000072,,2024-02-13,LANDSCAPING,LOW,COMPLETED,5240.51,10976.99,2024-03-05,21
WO-8Q0LXNKAOX4D,CA-CA-00000072,,2024-02-11,PLUMBING,HIGH,OPEN,13310.41,,,123
WO-BYJXZ59FDSSL,CA-CA-00000072,,2024-02-07,LANDSCAPING,MEDIUM,DEFERRED,4528.51,,,113
WO-DYYA55C7RWK5,CA-CA-00000072,,2024-03-17,ELEVATOR,EMERGENCY,COMPLETED,6306.54,705.51,2024-03-29,12
WO-R1R2TP9Q4RT2,CA-CA-00000072,,2024-03-02,LANDSCAPING,HIGH,OPEN,3252.79,,,23
WO-TF9WCGS4D4NO,CA-CA-00000072,,2024-03-01,HVAC,MEDIUM,DEFERRED,10395.48,,,33
WO-YGD0GQQMJE8W,CA-CA-00000072,,2024-03-20,ELECTRICAL,MEDIUM,COMPLETED,5245.16,485.55,2024-03-26,6
WO-OCXC7CQBZJ4R,CA-CA-00000072,,2024-04-14,PLUMBING,MEDIUM,COMPLETED,11700.82,3587.76,2024-04-22,8
WO-KTTZ7LJANUZT,CA-CA-00000072,,2024-04-01,LANDSCAPING,HIGH,COMPLETED,13220.8,1970.4,2024-04-08,7
WO-RZLT7ISS3WWG,CA-CA-00000072,,2024-04-12,HVAC,LOW,DEFERRED,3617.87,,,84
WO-6NDQQHE27CLG,CA-CA-00000072,,2024-04-28,LANDSCAPING,LOW,COMPLETED,11350.16,11927.46,2024-05-07,9
WO-F3LA5DF1JZY7,CA-CA-00000072,,2024-04-11,LANDSCAPING,HIGH,COMPLETED,3935.1,7340.93,2024-05-02,21
WO-4ETH8PXNDADT,CA-CA-00000072,,2024-06-03,LANDSCAPING,HIGH,OPEN,6694.04,,,61
WO-C9Q237QFJX5R,CA-CA-00000072,,2024-06-03,ELECTRICAL,LOW,DEFERRED,1270.26,,,43
WO-LKZYWAAAW48L,CA-CA-00000072,,2024-06-25,PLUMBING,MEDIUM,OPEN,11924.93,,,153
WO-5Z13BB2GZHBZ,CA-CA-00000072,,2024-06-27,PLUMBING,MEDIUM,DEFERRED,9053.08,,,76
WO-PO6A8WFROXOY,CA-CA-00000072,,2024-06-16,HVAC,HIGH,DEFERRED,3459.47,,,155
WO-3IVQAQXBKZDZ,CA-CA-00000072,,2024-07-03,PLUMBING,HIGH,OPEN,13725.36,,,115
WO-33HDMLTZB3J6,CA-CA-00000072,,2024-07-13,PLUMBING,MEDIUM,OPEN,14494.49,,,201
WO-A0KBPMR9HO3D,CA-CA-00000072,,2024-07-09,HVAC,MEDIUM,COMPLETED,5720.77,8732.26,2024-07-20,11
WO-OJXYINFZ5QHT,CA-CA-00000072,,2024-07-23,LANDSCAPING,LOW,DEFERRED,5355.67,,,155
WO-2FZ0DSIGRKOJ,CA-CA-00000072,,2024-07-15,HVAC,LOW,COMPLETED,1966.11,1993.52,2024-08-05,21
WO-1UU8EO5Z9BSC,CA-CA-00000072,,2024-08-09,HVAC,LOW,OPEN,12651.3,,,44
WO-TXR20DKLRIKI,CA-CA-00000072,,2024-08-03,ELECTRICAL,MEDIUM,DEFERRED,6848.57,,,41
WO-VRZ24ERX6AGY,CA-CA-00000072,,2024-08-25,GENERAL,HIGH,DEFERRED,9863.5,,,80
WO-9T8CAHCO0UVY,CA-CA-00000072,,2024-09-19,ROOFING,MEDIUM,COMPLETED,12738.07,1207.59,2024-09-28,9
WO-R7X987UV6T2I,CA-CA-00000072,,2024-09-13,PLUMBING,LOW,COMPLETED,13237.7,10681.2,2024-10-04,21
WO-EVKJLZ4W5D2V,CA-CA-00000072,,2024-09-07,HVAC,HIGH,COMPLETED,9831.89,7558.75,2024-09-27,20
WO-XT9EWFSQBVQP,CA-CA-00000072,,2024-09-04,ROOFING,HIGH,COMPLETED,4700.81,10343.84,2024-09-19,15
WO-15KF1WBTZPG1,CA-CA-00000072,,2024-09-07,ROOFING,LOW,COMPLETED,7017.65,10537.02,2024-09-21,14
WO-9VX7FEF2K31M,CA-CA-00000072,,2024-09-03,PLUMBING,HIGH,DEFERRED,1947.42,,,27
WO-KWDORIRAGX1H,CA-CA-00000072,,2024-09-08,PLUMBING,MEDIUM,COMPLETED,13812.64,7645.17,2024-09-13,5
WO-S85RORY6ULQL,CA-CA-00000072,,2024-10-22,LANDSCAPING,HIGH,DEFERRED,5180.46,,,10
WO-PXLJMUQP8XDO,CA-CA-00000072,,2024-10-03,ELECTRICAL,MEDIUM,DEFERRED,4292.5,,,173
WO-N9V6JS1ZOCN8,CA-CA-00000072,,2024-10-07,LANDSCAPING,HIGH,OPEN,14156.39,,,36
WO-YFIRKGFOK5LL,CA-CA-00000072,,2024-10-01,ELEVATOR,HIGH,COMPLETED,10495.69,11518.21,2024-10-07,6
WO-7UBACOOW3HFR,CA-CA-00000072,,2024-10-07,PLUMBING,LOW,COMPLETED,4577.76,5703.35,2024-10-14,7
WO-3IF97U0NX5IU,CA-CA-00000072,,2024-11-28,PLUMBING,LOW,COMPLETED,4070.19,1068.54,2024-12-16,18
WO-1EPD1STQSP2L,CA-CA-00000072,,2024-11-02,PLUMBING,MEDIUM,DEFERRED,5776.23,,,42
WO-A9028PDTPOVI,CA-CA-00000072,,2024-11-18,GENERAL,HIGH,DEFERRED,6930.88,,,136
WO-J4BIN51HGSY5,CA-CA-00000072,,2024-11-25,LANDSCAPING,MEDIUM,DEFERRED,9649.36,,,5
WO-0JVMOYMK7JME,CA-CA-00000072,,2024-11-21,HVAC,MEDIUM,COMPLETED,1426.15,6844.63,2024-12-01,10
WO-5FBDUYZYX992,CA-CA-00000072,,2024-12-08,HVAC,LOW,DEFERRED,8789.42,,,50
WO-1841OUPDQRVA,CA-CA-00000072,,2024-12-06,GENERAL,MEDIUM,OPEN,14861.64,,,37
WO-1QKMX45GMXY0,CA-CA-00000072,,2024-12-19,PLUMBING,LOW,OPEN,13937.26,,,217
WO-SGBURE93HZLS,CA-CA-00000072,,2024-12-16,ELECTRICAL,MEDIUM,OPEN,13881.94,,,26
WO-VTWTVYOH0ZO9,CA-CA-00000072,,2024-12-16,ROOFING,MEDIUM,COMPLETED,9411.71,3921.0,2024-12-20,4
WO-NXBDMNNFR71Y,CA-CA-00000072,,2025-01-17,HVAC,MEDIUM,COMPLETED,5532.77,805.41,2025-01-24,7
WO-JLK3DB5EZWGX,CA-CA-00000072,,2025-01-22,HVAC,LOW,COMPLETED,9185.65,11063.37,2025-02-01,10
WO-YYW0G9VYIDZR,CA-CA-00000072,,2025-01-27,ROOFING,MEDIUM,DEFERRED,641.43,,,72
WO-UW8QT50HSJHQ,CA-CA-00000072,,2025-01-13,ELECTRICAL,MEDIUM,DEFERRED,3010.32,,,149
WO-DPXZT6ZIJ9E0,CA-CA-00000072,,2025-01-05,LANDSCAPING,MEDIUM,COMPLETED,6195.96,6606.34,2025-01-14,9
WO-8YR2Q1RUBARO,CA-CA-00000072,,2025-01-17,PLUMBING,EMERGENCY,OPEN,6345.54,,,32
WO-N377J602X47Z,CA-CA-00000072,,2025-01-05,PLUMBING,HIGH,DEFERRED,12253.91,,,30
WO-L20E1QBBLZNK,CA-CA-00000072,,2025-02-12,ROOFING,HIGH,DEFERRED,7179.85,,,76
WO-YU15U5JZBC42,CA-CA-00000072,,2025-02-12,STRUCTURAL,LOW,DEFERRED,2846.04,,,15
WO-MYKM9DVFLPJT,CA-CA-00000072,,2025-02-28,PLUMBING,MEDIUM,DEFERRED,792.51,,,35
WO-KPEEGJK6SZIY,CA-CA-00000072,,2025-02-10,ELEVATOR,HIGH,OPEN,12694.97,,,74
WO-VIHO4C3TE4OD,CA-CA-00000072,,2025-02-18,LANDSCAPING,MEDIUM,DEFERRED,12493.62,,,106
WO-AD5B6P2M0QM8,CA-CA-00000072,,2025-02-24,ELECTRICAL,HIGH,OPEN,8305.91,,,31
WO-GOW7SNRQ5YW3,CA-CA-00000072,,2025-02-05,ELECTRICAL,MEDIUM,COMPLETED,825.96,4918.35,2025-02-13,8
WO-Y7037HO6AU0A,CA-CA-00000072,,2025-04-27,ELECTRICAL,LOW,COMPLETED,10395.31,11420.57,2025-05-11,14
WO-H1L4HBBBD1DT,CA-CA-00000072,,2025-04-07,ELECTRICAL,MEDIUM,DEFERRED,8648.14,,,20
WO-RPNRF45H77AP,CA-CA-00000072,,2025-04-22,GENERAL,LOW,COMPLETED,3764.64,5095.42,2025-05-13,21
WO-FBLVT80Z9471,CA-CA-00000072,,2025-04-07,HVAC,LOW,COMPLETED,4990.9,8115.66,2025-04-08,1
WO-36YIBHSWHPWP,CA-CA-00000072,,2025-04-21,ELECTRICAL,EMERGENCY,OPEN,773.58,,,10
WO-QHOW4QIGDSZQ,CA-CA-00000072,,2025-04-20,GENERAL,MEDIUM,DEFERRED,1588.66,,,5
WO-SKL1CMKJ8QYI,CA-CA-00000072,,2025-05-03,ELECTRICAL,MEDIUM,OPEN,10078.42,,,60
WO-MIWP8GYV0ROA,CA-CA-00000072,,2025-05-24,ELEVATOR,MEDIUM,COMPLETED,12861.19,4715.4,2025-06-11,18
WO-KBV7HEN6ONVQ,CA-CA-00000072,,2025-05-25,PLUMBING,MEDIUM,COMPLETED,4539.73,11339.52,2025-06-09,15
WO-FN5E5168RNWD,CA-CA-00000072,,2025-05-23,STRUCTURAL,HIGH,DEFERRED,9441.64,,,45
WO-H2NZ83Y78ATV,CA-CA-00000072,,2025-05-04,ELECTRICAL,MEDIUM,COMPLETED,1963.68,7698.91,2025-05-15,11
WO-32N43DT7INB5,CA-CA-00000072,,2025-05-16,PLUMBING,LOW,OPEN,10181.75,,,165
WO-HA2Q2GNOKL63,CA-CA-00000072,,2025-05-20,ROOFING,LOW,COMPLETED,1574.31,1676.02,2025-06-04,15
WO-8HE5W7BO19RT,CA-CA-00000072,,2025-06-24,GENERAL,MEDIUM,COMPLETED,9410.03,10942.09,2025-07-01,7
WO-EJ1ZRU15XMVG,CA-CA-00000072,,2025-06-14,ELEVATOR,MEDIUM,COMPLETED,11772.62,4318.03,2025-06-20,6
WO-6H3GW0WKB9ED,CA-CA-00000072,,2025-06-10,HVAC,MEDIUM,OPEN,1367.36,,,198
WO-XRE44WX4CVZD,CA-CA-00000072,,2025-06-21,GENERAL,MEDIUM,OPEN,5214.74,,,17
WO-NX0R2CJ2WEJL,CA-CA-00000072,,2025-06-15,HVAC,MEDIUM,OPEN,12998.34,,,53
WO-5CJYAXRJHL0Z,CA-CA-00000072,,2025-06-28,HVAC,MEDIUM,DEFERRED,13484.05,,,14
WO-UAEOW5NO7Z5K,CA-FL-00000073,,2024-01-24,GENERAL,MEDIUM,COMPLETED,3835.96,1513.0,2024-02-12,19
WO-AW5D8PH896YN,CA-FL-00000073,,2024-02-26,HVAC,HIGH,COMPLETED,12568.74,10031.01,2024-03-03,6
WO-QDW5FY6NE5SX,CA-FL-00000073,,2024-03-23,LANDSCAPING,MEDIUM,DEFERRED,3803.21,,,56
WO-KC5WE63779HD,CA-FL-00000073,,2024-04-14,GENERAL,LOW,COMPLETED,14564.58,2694.37,2024-04-23,9
WO-1AN0176JKEFR,CA-FL-00000073,,2024-05-07,STRUCTURAL,HIGH,COMPLETED,5512.9,1317.31,2024-05-17,10
WO-JDQAFSOI2E0V,CA-FL-00000073,,2024-06-09,PLUMBING,MEDIUM,COMPLETED,9989.05,1765.48,2024-06-13,4
WO-08RSDH7GABCN,CA-FL-00000073,,2024-06-23,STRUCTURAL,LOW,COMPLETED,10930.49,7588.85,2024-07-13,20
WO-YM7YKG7JSLR7,CA-FL-00000073,,2024-09-20,HVAC,MEDIUM,COMPLETED,1666.2,11951.86,2024-09-27,7
WO-65LFM3ZKY8N9,CA-FL-00000073,,2024-11-01,ROOFING,HIGH,COMPLETED,9644.13,11560.51,2024-11-08,7
WO-CVZO6X01PYVL,CA-FL-00000073,,2024-11-24,GENERAL,HIGH,COMPLETED,7467.54,9498.52,2024-12-04,10
WO-C3U7CLRCVY9S,CA-FL-00000073,,2025-03-07,ROOFING,EMERGENCY,COMPLETED,521.59,6676.36,2025-03-09,2
WO-UGJ3JC5AMSEE,CA-FL-00000073,,2025-04-04,ROOFING,LOW,COMPLETED,5232.68,2910.81,2025-04-18,14
WO-UZ8PQ4GQ3BAK,CA-FL-00000073,,2025-06-11,HVAC,HIGH,COMPLETED,7700.46,4607.72,2025-06-24,13
WO-ZM0EGT7FZ4VJ,CA-FL-00000073,,2025-06-27,PLUMBING,HIGH,COMPLETED,3881.21,8933.12,2025-07-18,21
WO-7F7Y1UZ173IQ,CA-FL-00000074,,2024-02-09,HVAC,HIGH,COMPLETED,13864.45,672.33,2024-02-16,7
WO-H3DCEVWLQRKD,CA-FL-00000074,,2024-03-25,HVAC,HIGH,COMPLETED,6766.21,1730.04,2024-03-28,3
WO-X8D109704CBN,CA-FL-00000074,,2024-05-19,STRUCTURAL,HIGH,COMPLETED,3716.63,6219.84,2024-06-02,14
WO-WD2I4Z34NOZ8,CA-FL-00000074,,2024-07-13,ELECTRICAL,MEDIUM,COMPLETED,5603.32,9852.69,2024-07-31,18
WO-M4CITDO6V0TB,CA-FL-00000074,,2024-09-10,GENERAL,LOW,COMPLETED,4768.88,4415.86,2024-09-15,5
WO-3KTFCKQNF3TK,CA-FL-00000074,,2024-10-09,PLUMBING,MEDIUM,COMPLETED,6489.28,865.28,2024-10-22,13
WO-B434Z9ALV9C4,CA-FL-00000074,,2024-10-04,PLUMBING,MEDIUM,COMPLETED,2229.67,5664.78,2024-10-08,4
WO-OPTVQA9Q2DG6,CA-FL-00000074,,2024-11-27,HVAC,MEDIUM,COMPLETED,3261.63,8407.34,2024-11-29,2
WO-13YSPPT5JHC4,CA-FL-00000074,,2024-12-17,ELECTRICAL,LOW,COMPLETED,14864.25,2089.76,2024-12-19,2
WO-TI9QQ8OJZA2D,CA-FL-00000074,,2025-01-07,LANDSCAPING,MEDIUM,COMPLETED,12819.14,4179.36,2025-01-14,7
WO-D2T3WL8CD14H,CA-FL-00000074,,2025-03-20,ROOFING,LOW,OPEN,6475.76,,,31
WO-43VXKLSMEKXX,CA-FL-00000074,,2025-03-13,PLUMBING,MEDIUM,COMPLETED,12833.73,1417.45,2025-03-23,10
WO-NLGFSGZ0OW11,CA-FL-00000074,,2025-05-08,LANDSCAPING,LOW,COMPLETED,1401.74,10437.21,2025-05-23,15
WO-K4JPAE0XXXB5,CA-CA-00000075,,2024-01-19,GENERAL,MEDIUM,COMPLETED,2094.29,6505.25,2024-01-30,11
WO-YNAZ22T4DVY1,CA-CA-00000075,,2024-03-23,GENERAL,HIGH,DEFERRED,1286.51,,,51
WO-GPV5HA5VJUWG,CA-CA-00000075,,2024-03-23,LANDSCAPING,HIGH,OPEN,14046.89,,,66
WO-3NNTU5P67525,CA-CA-00000075,,2024-04-01,PLUMBING,MEDIUM,COMPLETED,718.84,8010.51,2024-04-05,4
WO-D1ZIOCBJHQ83,CA-CA-00000075,,2024-04-08,HVAC,MEDIUM,DEFERRED,11574.32,,,83
WO-37HA4STI055F,CA-CA-00000075,,2024-04-28,GENERAL,HIGH,COMPLETED,9892.6,6787.93,2024-05-05,7
WO-UH5E3BPX59T1,CA-CA-00000075,,2024-04-08,PLUMBING,MEDIUM,COMPLETED,12298.26,7762.93,2024-04-27,19
WO-U2AD5XRUSO8E,CA-CA-00000075,,2024-05-21,ELECTRICAL,MEDIUM,DEFERRED,14265.22,,,46
WO-83H69B6J2O2R,CA-CA-00000075,,2024-05-09,LANDSCAPING,EMERGENCY,COMPLETED,12003.36,4505.86,2024-05-27,18
WO-7FA0XUZ7VM2Z,CA-CA-00000075,,2024-06-01,ROOFING,MEDIUM,DEFERRED,2467.57,,,151
WO-B6EBR0FSQ7P4,CA-CA-00000075,,2024-06-18,LANDSCAPING,MEDIUM,OPEN,1441.17,,,60
WO-BNTZAIEDSXHI,CA-CA-00000075,,2024-06-10,HVAC,HIGH,COMPLETED,12924.2,3814.3,2024-06-20,10
WO-UFDFSQZ61AHM,CA-CA-00000075,,2024-07-28,STRUCTURAL,LOW,COMPLETED,1836.87,1032.03,2024-08-12,15
WO-1OKJT4AS7OJ9,CA-CA-00000075,,2024-07-28,STRUCTURAL,MEDIUM,COMPLETED,11939.23,4407.56,2024-08-12,15
WO-P1JSK73IXMBV,CA-CA-00000075,,2024-08-11,GENERAL,HIGH,COMPLETED,10257.51,448.86,2024-08-20,9
WO-FV62LP4D8TPR,CA-CA-00000075,,2024-10-27,ELECTRICAL,LOW,OPEN,5824.27,,,86
WO-7BJYWWHOGX6C,CA-CA-00000075,,2024-10-18,PLUMBING,HIGH,COMPLETED,6604.72,11761.34,2024-10-26,8
WO-A7JJNQOR30PS,CA-CA-00000075,,2024-10-02,LANDSCAPING,HIGH,COMPLETED,8502.39,1741.65,2024-10-11,9
WO-RXTB127OIKKY,CA-CA-00000075,,2024-11-03,HVAC,LOW,COMPLETED,5747.5,11672.58,2024-11-07,4
WO-ZD3S8BQNTC7Q,CA-CA-00000075,,2024-11-03,LANDSCAPING,HIGH,OPEN,10825.12,,,49
WO-ETU07SAOTZAR,CA-CA-00000075,,2024-11-21,HVAC,MEDIUM,COMPLETED,13926.96,11086.75,2024-12-10,19
WO-7N0YCCQFMPAY,CA-CA-00000075,,2024-12-18,ELECTRICAL,MEDIUM,OPEN,2854.73,,,37
WO-MR1M17R2YIZN,CA-CA-00000075,,2024-12-12,ROOFING,HIGH,OPEN,12709.59,,,117
WO-VP9OBHZKVB4K,CA-CA-00000075,,2024-12-15,GENERAL,HIGH,COMPLETED,6191.28,7792.17,2024-12-18,3
WO-MZTHJX54MJHP,CA-CA-00000075,,2024-12-02,LANDSCAPING,MEDIUM,OPEN,2286.32,,,52
WO-S8871K8JF2BS,CA-CA-00000075,,2025-01-15,GENERAL,MEDIUM,COMPLETED,5043.45,2015.33,2025-01-16,1
WO-7Y3QUMP173DR,CA-CA-00000075,,2025-02-01,PLUMBING,HIGH,COMPLETED,9379.65,1899.65,2025-02-18,17
WO-T0H5RYHAFA0X,CA-CA-00000075,,2025-02-27,LANDSCAPING,LOW,OPEN,9230.89,,,75
WO-96UQY8Y3G1U7,CA-CA-00000075,,2025-02-16,GENERAL,MEDIUM,COMPLETED,9749.53,6240.48,2025-02-24,8
WO-X5L9KHI1O2T9,CA-CA-00000075,,2025-03-13,GENERAL,LOW,OPEN,424.78,,,58
WO-YHICUH9C1H8H,CA-CA-00000075,,2025-03-22,PLUMBING,MEDIUM,COMPLETED,7357.98,193.97,2025-04-10,19
WO-S9Z1NGWQ5UT8,CA-CA-00000075,,2025-03-15,STRUCTURAL,MEDIUM,COMPLETED,13252.66,10868.11,2025-03-26,11
WO-D9EAVDE8LS44,CA-CA-00000075,,2025-04-05,PLUMBING,EMERGENCY,COMPLETED,7850.47,9066.95,2025-04-07,2
WO-DA1QCVBAZ100,CA-CA-00000075,,2025-04-25,HVAC,LOW,COMPLETED,2838.26,2237.19,2025-05-10,15
WO-I33U246U6VWV,CA-CA-00000075,,2025-05-07,GENERAL,HIGH,DEFERRED,13713.86,,,140
WO-JKS1RT8ABYTQ,CA-CA-00000075,,2025-05-21,HVAC,MEDIUM,COMPLETED,407.52,2287.86,2025-05-24,3
WO-32FN9PBCMMMN,CA-CA-00000075,,2025-05-24,HVAC,LOW,OPEN,11270.39,,,97
WO-25DJVVS17BRM,CA-CA-00000075,,2025-05-03,PLUMBING,MEDIUM,COMPLETED,13360.04,530.42,2025-05-24,21
WO-JBGI88THCH58,CA-CA-00000075,,2025-05-07,ELECTRICAL,LOW,COMPLETED,7955.58,8285.48,2025-05-18,11
WO-H09MCN4T8Y0F,CA-CA-00000075,,2025-05-19,STRUCTURAL,MEDIUM,COMPLETED,14567.96,10837.17,2025-05-26,7
WO-66VKQ6AHKOT8,CA-CA-00000075,,2025-06-10,ROOFING,LOW,DEFERRED,1194.55,,,122
WO-ANG2FZW5ZA8R,CA-CA-00000075,,2025-06-13,LANDSCAPING,LOW,COMPLETED,12674.17,6276.6,2025-06-20,7
WO-W80GU1NB8AGG,CA-AZ-00000076,,2024-01-22,ELECTRICAL,LOW,COMPLETED,6912.08,10869.5,2024-01-23,1
WO-0Z7PI4UKQKJO,CA-AZ-00000076,,2024-01-15,ROOFING,HIGH,COMPLETED,8315.05,9044.1,2024-01-25,10
WO-F37IASDWFUV8,CA-AZ-00000076,,2024-01-25,PLUMBING,LOW,OPEN,5208.01,,,55
WO-ZYCLLAUJF9UP,CA-AZ-00000076,,2024-02-02,GENERAL,LOW,COMPLETED,13599.75,10568.61,2024-02-03,1
WO-NKH5776NCKK6,CA-AZ-00000076,,2024-02-11,GENERAL,LOW,COMPLETED,9356.71,6169.08,2024-02-17,6
WO-ZX3P1P8KMSEH,CA-AZ-00000076,,2024-03-11,GENERAL,LOW,COMPLETED,4948.91,9785.51,2024-03-15,4
WO-T8YTAT39QI0X,CA-AZ-00000076,,2024-03-22,GENERAL,MEDIUM,COMPLETED,14482.95,300.31,2024-04-11,20
WO-1RH8EFSPLVZS,CA-AZ-00000076,,2024-05-13,PLUMBING,LOW,COMPLETED,7331.96,2155.61,2024-06-01,19
WO-WDUNKPIPK6LQ,CA-AZ-00000076,,2024-05-10,GENERAL,MEDIUM,COMPLETED,12146.82,2493.48,2024-05-25,15
WO-VGNLVYE5UZMI,CA-AZ-00000076,,2024-05-11,STRUCTURAL,LOW,DEFERRED,5561.58,,,36
WO-T0V1QMJG8NED,CA-AZ-00000076,,2024-06-25,LANDSCAPING,LOW,COMPLETED,6506.47,2982.41,2024-07-09,14
WO-1XCX6IEY8UW0,CA-AZ-00000076,,2024-06-03,STRUCTURAL,MEDIUM,COMPLETED,594.85,6559.55,2024-06-23,20
WO-UDDLZOB5RPWT,CA-AZ-00000076,,2024-06-26,HVAC,LOW,COMPLETED,5303.49,7793.58,2024-07-16,20
WO-76I5TUXBCMO5,CA-AZ-00000076,,2024-06-02,PLUMBING,MEDIUM,DEFERRED,7073.49,,,55
WO-HCC2Z9C28RZS,CA-AZ-00000076,,2024-06-18,PLUMBING,HIGH,DEFERRED,4161.38,,,21
WO-S3WSYUE0AMGW,CA-AZ-00000076,,2024-07-17,PLUMBING,HIGH,DEFERRED,3432.56,,,23
WO-W3XEAMLMXL0R,CA-AZ-00000076,,2024-07-04,ELEVATOR,LOW,COMPLETED,7318.19,9105.79,2024-07-21,17
WO-U2Y1Q061AT56,CA-AZ-00000076,,2024-08-09,STRUCTURAL,MEDIUM,DEFERRED,13835.68,,,68
WO-Y5GVPI23TCYI,CA-AZ-00000076,,2024-08-04,ROOFING,LOW,DEFERRED,5645.71,,,117
WO-CX56MHIGMXZF,CA-AZ-00000076,,2024-08-17,GENERAL,HIGH,DEFERRED,3591.27,,,28
WO-5UAGBEF98IE0,CA-AZ-00000076,,2024-09-13,PLUMBING,MEDIUM,COMPLETED,12982.06,8869.07,2024-09-21,8
WO-1RKDM6WJQCAS,CA-AZ-00000076,,2024-09-08,LANDSCAPING,LOW,COMPLETED,3083.08,8593.51,2024-09-16,8
WO-I1ME1KUUWHGY,CA-AZ-00000076,,2024-11-22,HVAC,LOW,DEFERRED,13722.5,,,82
WO-RGXN2SH0Z1BK,CA-AZ-00000076,,2024-11-16,ELEVATOR,MEDIUM,COMPLETED,6861.09,3893.39,2024-12-03,17
WO-SGH6YQTX4KPU,CA-AZ-00000076,,2024-11-28,GENERAL,MEDIUM,COMPLETED,9092.41,7545.46,2024-11-29,1
WO-R2PZWRFBYUKN,CA-AZ-00000076,,2024-12-22,ELECTRICAL,LOW,COMPLETED,14063.56,3572.64,2025-01-05,14
WO-MPQFQ64VU4K4,CA-AZ-00000076,,2024-12-13,LANDSCAPING,MEDIUM,COMPLETED,9412.15,1418.62,2024-12-16,3
WO-LKJOPSV23XDF,CA-AZ-00000076,,2024-12-07,ELEVATOR,LOW,COMPLETED,334.55,9636.39,2024-12-24,17
WO-OVYNO0CMR3ZA,CA-AZ-00000076,,2025-01-02,GENERAL,LOW,DEFERRED,13405.88,,,76
WO-BDW1IZNDCCC1,CA-AZ-00000076,,2025-01-01,ROOFING,LOW,COMPLETED,10952.68,4388.23,2025-01-02,1
WO-ZA2424YL0T7A,CA-AZ-00000076,,2025-02-11,PLUMBING,LOW,COMPLETED,10228.4,2199.38,2025-02-28,17
WO-NV0VCSQHVB7V,CA-AZ-00000076,,2025-02-13,GENERAL,MEDIUM,COMPLETED,9259.45,11508.71,2025-03-05,20
WO-TAKGC0JLYONN,CA-AZ-00000076,,2025-02-23,ELECTRICAL,MEDIUM,DEFERRED,6235.65,,,43
WO-OFHXX0D8HFDG,CA-AZ-00000076,,2025-02-16,LANDSCAPING,LOW,DEFERRED,9189.7,,,61
WO-5Z2YMQYSTVD1,CA-AZ-00000076,,2025-02-13,HVAC,MEDIUM,COMPLETED,13119.33,4961.23,2025-02-26,13
WO-XGE2AB0JQJ4M,CA-AZ-00000076,,2025-03-15,PLUMBING,LOW,DEFERRED,13863.17,,,27
WO-WCGH57LOLXUL,CA-AZ-00000076,,2025-04-04,HVAC,MEDIUM,COMPLETED,7558.88,10938.53,2025-04-24,20
WO-0F9DITLHY7S8,CA-AZ-00000076,,2025-04-16,PLUMBING,LOW,COMPLETED,260.98,372.16,2025-05-02,16
WO-P9F4DO1U0DRC,CA-AZ-00000076,,2025-05-13,ELEVATOR,MEDIUM,DEFERRED,6430.72,,,44
WO-YBHXMKQQP3TT,CA-AZ-00000076,,2025-05-13,LANDSCAPING,LOW,DEFERRED,6327.73,,,45
WO-IY0L73MRR5T3,CA-AZ-00000076,,2025-05-22,ELECTRICAL,MEDIUM,COMPLETED,14764.65,7608.04,2025-06-01,10
WO-UTPAHQ94LQBV,CA-AZ-00000076,,2025-05-05,ROOFING,MEDIUM,OPEN,4956.16,,,39
WO-OZZZ094E6ZR3,CA-AZ-00000076,,2025-06-06,ELECTRICAL,HIGH,COMPLETED,3380.31,8083.91,2025-06-07,1
WO-SE9MJTH995GW,CA-AZ-00000076,,2025-06-15,HVAC,LOW,COMPLETED,6372.85,1062.78,2025-07-01,16
WO-PK9TQN5L9I95,CA-CA-00000077,,2024-01-05,LANDSCAPING,HIGH,COMPLETED,2337.68,5471.72,2024-01-23,18
WO-UQ0BVG1LFG3I,CA-CA-00000077,,2024-03-12,GENERAL,MEDIUM,COMPLETED,12624.62,10950.94,2024-03-14,2
WO-PP252P2913QS,CA-CA-00000077,,2024-03-15,HVAC,MEDIUM,COMPLETED,10167.23,7541.23,2024-03-21,6
WO-SZ3O8H9S8Y5J,CA-CA-00000077,,2024-05-24,PLUMBING,MEDIUM,COMPLETED,9765.93,6600.04,2024-05-26,2
WO-R3RHCXSA6EZS,CA-CA-00000077,,2024-07-09,ROOFING,MEDIUM,COMPLETED,1030.27,5593.24,2024-07-22,13
WO-GV99L8M3LTLM,CA-CA-00000077,,2024-08-26,STRUCTURAL,MEDIUM,COMPLETED,2277.08,10173.79,2024-09-15,20
WO-I85UPJXTE977,CA-CA-00000077,,2024-09-22,HVAC,LOW,COMPLETED,12930.01,4965.51,2024-10-11,19
WO-XP25WRFY4MXT,CA-CA-00000077,,2024-11-28,ELEVATOR,HIGH,COMPLETED,7710.56,11717.84,2024-12-19,21
WO-YBAP25SJQDH0,CA-CA-00000077,,2025-02-24,HVAC,MEDIUM,COMPLETED,7769.17,6917.59,2025-03-05,9
WO-QOLQ952BXE23,CA-CA-00000077,,2025-02-09,ELEVATOR,MEDIUM,COMPLETED,12699.36,8550.66,2025-03-02,21
WO-TBUSO2M7Q4HW,CA-CA-00000077,,2025-03-10,ELECTRICAL,MEDIUM,COMPLETED,12126.26,11404.77,2025-03-21,11
WO-O3UP3ECGTJG6,CA-CA-00000077,,2025-04-27,HVAC,MEDIUM,COMPLETED,12780.19,11443.13,2025-05-17,20
WO-25NKA5MF4NTD,CA-CA-00000077,,2025-06-04,ELECTRICAL,MEDIUM,COMPLETED,2454.42,8496.22,2025-06-11,7
WO-MCW4LCSNT5YB,CA-CA-00000078,,2024-01-12,ROOFING,HIGH,OPEN,3389.9,,,8
WO-4WDDJA4FJXUV,CA-CA-00000078,,2024-01-17,LANDSCAPING,MEDIUM,COMPLETED,7468.12,2085.61,2024-01-30,13
WO-QVWFIJNDYN29,CA-CA-00000078,,2024-02-23,ELECTRICAL,MEDIUM,COMPLETED,7481.44,3097.66,2024-03-12,18
WO-33TAKOEPQS3W,CA-CA-00000078,,2024-02-07,HVAC,EMERGENCY,DEFERRED,6155.42,,,53
WO-POFXYQ8WMJV8,CA-CA-00000078,,2024-02-06,HVAC,LOW,OPEN,7550.37,,,142
WO-V4UBQ1OD9M8Z,CA-CA-00000078,,2024-03-15,ROOFING,HIGH,COMPLETED,12206.44,7664.54,2024-04-03,19
WO-LYEFZJ1AIBFU,CA-CA-00000078,,2024-05-19,ELECTRICAL,LOW,DEFERRED,7677.75,,,68
WO-32OZ1GRFC5YW,CA-CA-00000078,,2024-05-06,GENERAL,LOW,OPEN,2234.78,,,14
WO-FHZG50X2I88C,CA-CA-00000078,,2024-05-21,LANDSCAPING,MEDIUM,COMPLETED,4473.64,1296.33,2024-06-02,12
WO-A3XQAFX7EUBV,CA-CA-00000078,,2024-06-26,HVAC,LOW,OPEN,10620.32,,,494
WO-HIB7MQ3R9MZ2,CA-CA-00000078,,2024-07-18,LANDSCAPING,MEDIUM,COMPLETED,3952.52,4054.14,2024-07-30,12
WO-SKIFR3HAXRGN,CA-CA-00000078,,2024-07-07,ROOFING,LOW,DEFERRED,8091.0,,,97
WO-LQRZR0MS7ITP,CA-CA-00000078,,2024-08-28,GENERAL,MEDIUM,DEFERRED,2834.26,,,10
WO-HP1ROH0QWB0D,CA-CA-00000078,,2024-09-12,HVAC,MEDIUM,DEFERRED,5924.17,,,44
WO-6VATMNPSN9T4,CA-CA-00000078,,2024-09-06,ELECTRICAL,MEDIUM,DEFERRED,13180.2,,,39
WO-2A6CSIVIGC86,CA-CA-00000078,,2024-10-08,PLUMBING,HIGH,COMPLETED,11138.13,1798.95,2024-10-17,9
WO-BIFZYCIFEYDA,CA-CA-00000078,,2024-10-17,LANDSCAPING,MEDIUM,COMPLETED,13503.76,9256.52,2024-10-27,10
WO-8N2TER7Y4PFL,CA-CA-00000078,,2024-11-07,LANDSCAPING,LOW,COMPLETED,14316.95,1058.15,2024-11-28,21
WO-M0QPRYMXZ5X6,CA-CA-00000078,,2024-11-05,PLUMBING,LOW,COMPLETED,9915.52,7988.56,2024-11-20,15
WO-OYP8FZCXI3YL,CA-CA-00000078,,2024-11-12,LANDSCAPING,LOW,OPEN,7214.61,,,48
WO-PW3IOR58TN4V,CA-CA-00000078,,2024-12-15,GENERAL,MEDIUM,COMPLETED,1316.21,9032.68,2025-01-04,20
WO-AK60PC7643H4,CA-CA-00000078,,2025-01-09,GENERAL,HIGH,COMPLETED,4933.72,9082.09,2025-01-11,2
WO-VC1EIMZ6EKUT,CA-CA-00000078,,2025-01-02,HVAC,LOW,COMPLETED,13506.55,9783.04,2025-01-11,9
WO-76MY0CTC2DGK,CA-CA-00000078,,2025-01-01,GENERAL,EMERGENCY,COMPLETED,12254.34,10633.45,2025-01-11,10
WO-HSBPCQX67NKX,CA-CA-00000078,,2025-04-21,PLUMBING,MEDIUM,COMPLETED,1899.72,9453.35,2025-05-10,19
WO-5MYFCFTIXPF9,CA-CA-00000078,,2025-04-22,HVAC,MEDIUM,COMPLETED,2785.97,6380.1,2025-04-25,3
WO-V9WFS2U1QQV2,CA-CA-00000078,,2025-04-06,LANDSCAPING,LOW,COMPLETED,6592.68,10743.29,2025-04-10,4
WO-3NV82TNXR0FQ,CA-CA-00000078,,2025-05-24,STRUCTURAL,MEDIUM,DEFERRED,2742.49,,,52
WO-M8Q96L2U8RUR,CA-CA-00000078,,2025-05-21,LANDSCAPING,LOW,COMPLETED,8299.5,11818.44,2025-06-02,12
WO-56ET4O2Z0ZCO,CA-CA-00000078,,2025-05-27,ELECTRICAL,LOW,DEFERRED,12358.33,,,17
WO-DAP7MQ3LWR0H,CA-CA-00000078,,2025-06-16,HVAC,HIGH,DEFERRED,2681.11,,,44
WO-X5NRRDJDZRYN,CA-FL-00000079,,2024-02-03,HVAC,MEDIUM,COMPLETED,9248.61,2047.37,2024-02-18,15
WO-XD1R3Z1NU0HX,CA-FL-00000079,,2024-03-23,PLUMBING,MEDIUM,COMPLETED,10908.05,11994.07,2024-04-07,15
WO-4B44LKNHUIAO,CA-FL-00000079,,2024-03-10,PLUMBING,MEDIUM,COMPLETED,1364.96,10106.38,2024-03-25,15
WO-WC1XSWR4Y2VB,CA-FL-00000079,,2024-03-07,LANDSCAPING,MEDIUM,DEFERRED,8943.92,,,171
WO-MCKVIR8ZLV9O,CA-FL-00000079,,2024-04-24,LANDSCAPING,MEDIUM,DEFERRED,2260.08,,,100
WO-ZE3DXRRMMSUW,CA-FL-00000079,,2024-04-19,STRUCTURAL,MEDIUM,COMPLETED,2882.82,987.53,2024-05-08,19
WO-10JHHVHGHBAF,CA-FL-00000079,,2024-06-14,HVAC,MEDIUM,DEFERRED,2893.19,,,28
WO-QE2A2ZSGKDHM,CA-FL-00000079,,2024-06-17,ELECTRICAL,MEDIUM,COMPLETED,13680.11,9146.82,2024-06-23,6
WO-NV6V6Q1QY57S,CA-FL-00000079,,2024-06-22,PLUMBING,LOW,COMPLETED,8855.66,11546.49,2024-07-13,21
WO-AIRU5LQ4ZYT6,CA-FL-00000079,,2024-07-28,PLUMBING,MEDIUM,COMPLETED,8573.37,9374.84,2024-08-17,20
WO-U897KALFPRIZ,CA-FL-00000079,,2024-07-21,ELECTRICAL,MEDIUM,COMPLETED,4279.36,10257.47,2024-07-29,8
WO-HO6S3UNY9ARM,CA-FL-00000079,,2024-07-05,HVAC,LOW,OPEN,2953.99,,,44
WO-AS13U6J8FJML,CA-FL-00000079,,2024-08-05,GENERAL,MEDIUM,DEFERRED,10549.61,,,27
WO-GKPDJ22QQOO5,CA-FL-00000079,,2024-08-02,LANDSCAPING,LOW,COMPLETED,2988.19,10177.98,2024-08-10,8
WO-MVB8NYL7PFWR,CA-FL-00000079,,2024-08-01,PLUMBING,LOW,OPEN,12157.15,,,90
WO-7ALJU9LZUAVW,CA-FL-00000079,,2024-08-18,HVAC,MEDIUM,COMPLETED,12585.66,5584.86,2024-09-06,19
WO-A6DVJAY6F6M5,CA-FL-00000079,,2024-09-21,PLUMBING,LOW,OPEN,1145.4,,,48
WO-5Z5FNVCKQJBU,CA-FL-00000079,,2024-09-17,PLUMBING,HIGH,COMPLETED,11938.78,11725.43,2024-09-23,6
WO-9YQ4ZI5TA6Z3,CA-FL-00000079,,2024-10-22,HVAC,MEDIUM,COMPLETED,11084.98,631.53,2024-11-08,17
WO-EHVM6NCWMA7M,CA-FL-00000079,,2024-10-10,ELECTRICAL,MEDIUM,COMPLETED,1441.95,11682.33,2024-10-21,11
WO-FVTI92I3E4IQ,CA-FL-00000079,,2024-11-02,PLUMBING,MEDIUM,COMPLETED,2272.18,855.32,2024-11-09,7
WO-O7XGV4PK7IC0,CA-FL-00000079,,2024-12-22,GENERAL,MEDIUM,COMPLETED,14944.95,1350.34,2025-01-11,20
WO-5TL16604FNYG,CA-FL-00000079,,2024-12-09,LANDSCAPING,HIGH,COMPLETED,6600.96,5918.1,2024-12-12,3
WO-1ZHB4EW4CWPC,CA-FL-00000079,,2025-01-20,PLUMBING,MEDIUM,DEFERRED,10605.26,,,66
WO-LS66X972XX53,CA-FL-00000079,,2025-01-28,ELECTRICAL,HIGH,COMPLETED,6445.18,4356.87,2025-02-13,16
WO-PK99T7JNPJFW,CA-FL-00000079,,2025-02-06,ELECTRICAL,LOW,COMPLETED,6512.98,445.8,2025-02-13,7
WO-P3U19QCLDJ8D,CA-FL-00000079,,2025-02-23,PLUMBING,LOW,COMPLETED,6073.02,1614.08,2025-02-25,2
WO-16AW189BD1D4,CA-FL-00000079,,2025-03-08,HVAC,MEDIUM,COMPLETED,7245.99,5945.37,2025-03-16,8
WO-BN2EL1AQN094,CA-FL-00000079,,2025-03-16,PLUMBING,MEDIUM,COMPLETED,5394.4,6620.01,2025-04-01,16
WO-U9M02EREMQI1,CA-FL-00000079,,2025-03-28,ELECTRICAL,HIGH,COMPLETED,12935.64,11649.95,2025-04-08,11
WO-DI3BVL4KR5K3,CA-FL-00000079,,2025-04-26,ELEVATOR,EMERGENCY,OPEN,12803.12,,,23
WO-5AO3ZX36KWQC,CA-FL-00000079,,2025-04-07,ROOFING,MEDIUM,COMPLETED,2264.4,5554.97,2025-04-26,19
WO-76W0D6L75RBA,CA-FL-00000079,,2025-04-10,LANDSCAPING,LOW,COMPLETED,7149.06,573.85,2025-04-27,17
WO-5WJCHJZYG69L,CA-FL-00000079,,2025-04-16,PLUMBING,LOW,OPEN,11330.75,,,109
WO-W09DQFMJH6BT,CA-FL-00000079,,2025-05-04,LANDSCAPING,MEDIUM,COMPLETED,6030.86,10473.49,2025-05-25,21
WO-86NKLVKFDJ92,CA-FL-00000079,,2025-06-07,ELECTRICAL,MEDIUM,COMPLETED,7540.57,3777.24,2025-06-20,13
WO-VTNF20P9D2UJ,CA-FL-00000079,,2025-06-26,PLUMBING,LOW,COMPLETED,11836.19,6338.95,2025-07-04,8
WO-XOHM5PMYC7I6,CA-FL-00000079,,2025-06-27,STRUCTURAL,MEDIUM,COMPLETED,435.34,8184.25,2025-07-08,11
WO-7MK3F5GMWUXI,CA-TX-00000080,,2024-01-28,PLUMBING,EMERGENCY,COMPLETED,7951.42,3787.25,2024-02-14,17
WO-1F54WLEP44ZL,CA-TX-00000080,,2024-01-01,PLUMBING,HIGH,COMPLETED,947.65,10795.18,2024-01-09,8
WO-71P1AN74TD5F,CA-TX-00000080,,2024-01-25,STRUCTURAL,MEDIUM,COMPLETED,2502.88,1301.29,2024-02-06,12
WO-PSQS6U067VN0,CA-TX-00000080,,2024-03-10,ELEVATOR,LOW,DEFERRED,6351.57,,,37
WO-AY97NRYMMG9X,CA-TX-00000080,,2024-03-09,LANDSCAPING,HIGH,COMPLETED,3438.73,11988.34,2024-03-14,5
WO-AIXVGTGIJ1HJ,CA-TX-00000080,,2024-04-28,ROOFING,HIGH,COMPLETED,2112.31,10554.25,2024-05-19,21
WO-OCKGND4O6XB7,CA-TX-00000080,,2024-05-24,STRUCTURAL,HIGH,OPEN,3194.49,,,32
WO-0DDHC57YX1SK,CA-TX-00000080,,2024-05-27,GENERAL,MEDIUM,OPEN,6445.88,,,28
WO-8GSGL3VRCEPQ,CA-TX-00000080,,2024-05-20,PLUMBING,LOW,COMPLETED,11270.15,5942.44,2024-05-22,2
WO-C5R2W2K7LIHB,CA-TX-00000080,,2024-05-10,LANDSCAPING,MEDIUM,COMPLETED,6463.08,4384.76,2024-05-27,17
WO-2U5GZFT0WJNQ,CA-TX-00000080,,2024-06-27,STRUCTURAL,MEDIUM,COMPLETED,7085.24,3173.2,2024-07-02,5
WO-0TF7AW9G0FIR,CA-TX-00000080,,2024-06-11,STRUCTURAL,MEDIUM,OPEN,3570.77,,,94
WO-EYADSIETMCF2,CA-TX-00000080,,2024-07-04,LANDSCAPING,LOW,COMPLETED,13800.11,11564.75,2024-07-24,20
WO-UXNKZDS8RSRI,CA-TX-00000080,,2024-07-15,HVAC,MEDIUM,OPEN,8820.13,,,138
WO-T4DBQXSGFJXC,CA-TX-00000080,,2024-08-04,PLUMBING,HIGH,COMPLETED,533.59,10120.1,2024-08-25,21
WO-RY1LX8E6G2JY,CA-TX-00000080,,2024-08-11,STRUCTURAL,HIGH,COMPLETED,5328.1,5166.42,2024-08-20,9
WO-N8I3HT3D5NAN,CA-TX-00000080,,2024-08-19,PLUMBING,MEDIUM,COMPLETED,9446.27,5088.46,2024-09-09,21
WO-WED0XR1U0SL4,CA-TX-00000080,,2024-10-04,GENERAL,HIGH,COMPLETED,4917.36,2205.59,2024-10-24,20
WO-DU2W3ES2NMTH,CA-TX-00000080,,2024-10-20,STRUCTURAL,HIGH,OPEN,6242.03,,,34
WO-II7HQJAYVL72,CA-TX-00000080,,2024-11-03,HVAC,MEDIUM,COMPLETED,10895.96,9226.95,2024-11-06,3
WO-ED82RKO4SDFT,CA-TX-00000080,,2024-11-26,PLUMBING,EMERGENCY,COMPLETED,3905.09,2858.76,2024-12-13,17
WO-I7IE7IYGGQ0H,CA-TX-00000080,,2024-11-02,PLUMBING,HIGH,DEFERRED,14274.8,,,6
WO-S1GSYCG33R8X,CA-TX-00000080,,2024-12-20,PLUMBING,LOW,OPEN,8094.25,,,83
WO-N0OQBWOHQA06,CA-TX-00000080,,2024-12-17,LANDSCAPING,HIGH,COMPLETED,2490.29,11250.5,2024-12-31,14
WO-VV5T5JNX012X,CA-TX-00000080,,2024-12-01,PLUMBING,HIGH,COMPLETED,1685.64,6802.88,2024-12-15,14
WO-6UQZASEDQ5AK,CA-TX-00000080,,2024-12-26,GENERAL,HIGH,COMPLETED,12024.3,2439.07,2025-01-09,14
WO-DAQCFNSE4A2T,CA-TX-00000080,,2024-12-05,LANDSCAPING,LOW,COMPLETED,6102.85,2287.62,2024-12-21,16
WO-Q034L8S8S13O,CA-TX-00000080,,2024-12-14,HVAC,LOW,OPEN,8500.88,,,61
WO-7Y2TQQYQBL5C,CA-TX-00000080,,2025-01-01,LANDSCAPING,MEDIUM,COMPLETED,14723.14,987.37,2025-01-21,20
WO-0Q2YB1ECBZN7,CA-TX-00000080,,2025-01-12,PLUMBING,LOW,COMPLETED,9494.63,3652.97,2025-01-19,7
WO-V7LTN0HHARM7,CA-TX-00000080,,2025-01-07,ELECTRICAL,MEDIUM,COMPLETED,8487.04,10879.17,2025-01-10,3
WO-BO4AYRX5BPB0,CA-TX-00000080,,2025-01-23,ROOFING,HIGH,COMPLETED,9468.14,1598.26,2025-01-24,1
WO-8YGCGELYXZDX,CA-TX-00000080,,2025-02-05,ELECTRICAL,MEDIUM,DEFERRED,14056.45,,,109
WO-GYVRZRYGER26,CA-TX-00000080,,2025-02-26,PLUMBING,MEDIUM,COMPLETED,10213.44,484.76,2025-03-05,7
WO-X55WSQKQXK6Q,CA-TX-00000080,,2025-02-24,GENERAL,LOW,COMPLETED,3060.53,3706.54,2025-02-26,2
WO-F1GKTI96FNGQ,CA-TX-00000080,,2025-02-25,PLUMBING,LOW,COMPLETED,6296.85,501.13,2025-03-16,19
WO-BYI3E0RTA03B,CA-TX-00000080,,2025-02-09,HVAC,MEDIUM,COMPLETED,2712.3,6666.4,2025-02-13,4
WO-M7AVX8AKUJZG,CA-TX-00000080,,2025-02-22,ELECTRICAL,LOW,COMPLETED,12536.71,3637.07,2025-02-25,3
WO-EZMORY58RMVS,CA-TX-00000080,,2025-03-06,LANDSCAPING,MEDIUM,COMPLETED,3020.5,482.02,2025-03-15,9
WO-LH7B7E9QY4IY,CA-TX-00000080,,2025-03-08,PLUMBING,MEDIUM,COMPLETED,9549.15,4628.13,2025-03-13,5
WO-9OP2AG173SUB,CA-TX-00000080,,2025-03-05,LANDSCAPING,HIGH,COMPLETED,13224.71,9287.99,2025-03-07,2
WO-7P4X0YRSFR7B,CA-TX-00000080,,2025-03-04,HVAC,MEDIUM,OPEN,11316.51,,,60
WO-VJFI5PF7MNVK,CA-TX-00000080,,2025-04-21,ELEVATOR,HIGH,OPEN,7544.79,,,37
WO-EWXWGLVDAP0J,CA-TX-00000080,,2025-04-04,GENERAL,LOW,DEFERRED,11737.85,,,28
WO-NLBTZI5BA2UR,CA-TX-00000080,,2025-05-13,HVAC,MEDIUM,COMPLETED,13545.63,6924.77,2025-05-15,2
WO-YTWEK5YY5PMY,CA-PA-00000081,,2024-01-06,GENERAL,HIGH,OPEN,12755.43,,,14
WO-MRVSLV1N5NJF,CA-PA-00000081,,2024-02-15,ROOFING,HIGH,COMPLETED,11145.35,5040.16,2024-02-17,2
WO-52GS6NHFUCOO,CA-PA-00000081,,2024-03-24,PLUMBING,MEDIUM,COMPLETED,14132.51,4515.21,2024-04-06,13
WO-9MXH59VE4L83,CA-PA-00000081,,2024-04-19,GENERAL,MEDIUM,COMPLETED,1252.79,3135.8,2024-04-30,11
WO-OJPRU78SI1W3,CA-PA-00000081,,2024-06-11,LANDSCAPING,MEDIUM,COMPLETED,8658.82,11893.95,2024-06-16,5
WO-V6UKCXWZVEF1,CA-PA-00000081,,2024-06-19,LANDSCAPING,MEDIUM,COMPLETED,9873.85,8820.16,2024-06-23,4
WO-8MZPCUN1J61E,CA-PA-00000081,,2024-06-08,PLUMBING,MEDIUM,COMPLETED,4354.1,1275.87,2024-06-16,8
WO-JHDFJYE1KEQ3,CA-PA-00000081,,2024-07-17,HVAC,HIGH,COMPLETED,10927.35,11425.59,2024-08-07,21
WO-S79ESR79HIM5,CA-PA-00000081,,2024-07-26,GENERAL,MEDIUM,COMPLETED,9250.97,8460.24,2024-08-10,15
WO-28H2PPKUQYEV,CA-PA-00000081,,2024-09-06,GENERAL,MEDIUM,COMPLETED,13698.95,6299.01,2024-09-13,7
WO-DPKHN0ZVA0V4,CA-PA-00000081,,2025-01-06,ELEVATOR,LOW,COMPLETED,5680.35,184.01,2025-01-26,20
WO-V6EPQ51YYVEM,CA-PA-00000081,,2025-03-25,ELECTRICAL,MEDIUM,COMPLETED,8687.16,816.35,2025-03-29,4
WO-56VUUK51V01X,CA-PA-00000081,,2025-04-14,GENERAL,MEDIUM,COMPLETED,5825.55,3129.91,2025-04-27,13
WO-TWU1FU3FQDD5,CA-PA-00000081,,2025-05-17,PLUMBING,HIGH,COMPLETED,7402.25,5176.3,2025-06-01,15
WO-I02RDIION4D9,CA-PA-00000081,,2025-05-28,HVAC,LOW,COMPLETED,4410.6,5238.54,2025-06-03,6
WO-IR883U49SNTT,CA-NY-00000082,,2024-01-24,PLUMBING,HIGH,COMPLETED,10746.43,4442.6,2024-02-10,17
WO-JM2CVVCEJ5BJ,CA-NY-00000082,,2024-02-06,GENERAL,LOW,COMPLETED,6291.86,9569.01,2024-02-09,3
WO-9417537P05HU,CA-NY-00000082,,2024-05-22,PLUMBING,MEDIUM,COMPLETED,1306.09,1549.78,2024-05-31,9
WO-Q8J4UD685AMK,CA-NY-00000082,,2024-05-11,PLUMBING,EMERGENCY,COMPLETED,7761.12,1001.9,2024-05-23,12
WO-VT8VRO3WNTO6,CA-NY-00000082,,2024-06-23,LANDSCAPING,LOW,COMPLETED,708.9,3730.92,2024-07-11,18
WO-SQEIX2TILTD2,CA-NY-00000082,,2024-07-24,ROOFING,LOW,COMPLETED,7875.64,3414.17,2024-07-25,1
WO-8OO2SEJ1ZZXM,CA-NY-00000082,,2024-11-09,ROOFING,HIGH,COMPLETED,6758.4,1171.15,2024-11-18,9
WO-VKCL60LOYY2I,CA-NY-00000082,,2025-01-01,ROOFING,LOW,COMPLETED,13600.98,2856.6,2025-01-06,5
WO-BBHGHJA6ROWV,CA-NY-00000082,,2025-04-13,HVAC,MEDIUM,DEFERRED,5198.24,,,88
WO-IADNVZZD3R7A,CA-CA-00000083,,2024-03-24,HVAC,MEDIUM,OPEN,9180.44,,,114
WO-ZK39ALLQAL7P,CA-CA-00000083,,2024-06-16,PLUMBING,LOW,COMPLETED,10811.42,6868.32,2024-06-18,2
WO-9C2AWCD3KMV2,CA-CA-00000083,,2024-09-07,LANDSCAPING,MEDIUM,COMPLETED,4999.88,5544.37,2024-09-18,11
WO-5VZWT4UIX7E4,CA-CA-00000083,,2024-09-01,ELECTRICAL,MEDIUM,COMPLETED,11416.08,859.92,2024-09-13,12
WO-YBMBRH439KPB,CA-CA-00000083,,2024-10-27,GENERAL,MEDIUM,COMPLETED,5941.69,4783.44,2024-11-14,18
WO-5G28JEJRIR0X,CA-CA-00000083,,2024-11-05,LANDSCAPING,HIGH,COMPLETED,4669.55,7970.69,2024-11-24,19
WO-9FZIXBSX2G10,CA-CA-00000083,,2025-01-01,ELECTRICAL,LOW,COMPLETED,2578.21,4511.21,2025-01-02,1
WO-4YGKFTS29M15,CA-CA-00000083,,2025-02-08,ROOFING,LOW,COMPLETED,8190.36,4825.7,2025-02-27,19
WO-6CMHCQ9BLP72,CA-CA-00000083,,2025-02-26,ELEVATOR,MEDIUM,COMPLETED,1536.68,6187.49,2025-03-12,14
WO-FZV8I6TPZEDJ,CA-CA-00000083,,2025-04-22,GENERAL,LOW,COMPLETED,5247.53,2005.51,2025-04-24,2
WO-LVFLUONALJ3O,CA-CA-00000083,,2025-04-15,ELECTRICAL,MEDIUM,COMPLETED,8290.6,9472.27,2025-04-25,10
WO-RMF1HZ06FP5F,CA-CA-00000083,,2025-05-07,STRUCTURAL,LOW,COMPLETED,416.58,11072.97,2025-05-16,9
WO-H8G6DOQM2KQB,CA-CA-00000083,,2025-05-12,LANDSCAPING,LOW,OPEN,441.29,,,206
WO-TJVRYFED8RE9,CA-CA-00000083,,2025-06-13,STRUCTURAL,MEDIUM,COMPLETED,6996.21,4490.64,2025-06-26,13
WO-2RE3ZZ6OXY5B,CA-AZ-00000084,,2024-01-06,GENERAL,HIGH,COMPLETED,7783.91,6198.97,2024-01-20,14
WO-Q9GOXXCH5921,CA-AZ-00000084,,2024-02-08,LANDSCAPING,MEDIUM,COMPLETED,5135.63,5941.65,2024-02-28,20
WO-SV0NFN395IBO,CA-AZ-00000084,,2024-02-20,HVAC,HIGH,COMPLETED,9934.83,2654.29,2024-03-06,15
WO-T3OQ5L2067MI,CA-AZ-00000084,,2024-03-11,PLUMBING,LOW,COMPLETED,5115.82,2167.53,2024-03-14,3
WO-IUYI51O7G9S8,CA-AZ-00000084,,2024-06-07,ELECTRICAL,MEDIUM,COMPLETED,4747.34,6821.17,2024-06-16,9
WO-7KBVYIM656MN,CA-AZ-00000084,,2024-08-15,ELEVATOR,MEDIUM,COMPLETED,14159.32,11637.84,2024-08-25,10
WO-H9XGHYI353N9,CA-AZ-00000084,,2024-09-22,ELEVATOR,EMERGENCY,COMPLETED,2109.77,7883.12,2024-10-12,20
WO-MIT0OTU5F6A4,CA-AZ-00000084,,2024-09-23,LANDSCAPING,MEDIUM,COMPLETED,9852.25,3166.76,2024-10-02,9
WO-7F3QMKWOQZ4G,CA-AZ-00000084,,2024-11-17,GENERAL,LOW,COMPLETED,7979.95,1282.39,2024-11-26,9
WO-G39SXW2YO3W8,CA-AZ-00000084,,2024-11-27,HVAC,MEDIUM,COMPLETED,6070.56,2690.27,2024-12-02,5
WO-BRMFZYB0V6A7,CA-AZ-00000084,,2024-12-14,GENERAL,HIGH,OPEN,12868.6,,,37
WO-BTES6ALYKIKI,CA-AZ-00000084,,2024-12-03,LANDSCAPING,MEDIUM,OPEN,1484.27,,,84
WO-A820HILEH7CR,CA-AZ-00000084,,2025-01-28,ELECTRICAL,LOW,COMPLETED,14570.06,765.87,2025-02-15,18
WO-UJOW552RTPZU,CA-AZ-00000084,,2025-02-16,STRUCTURAL,HIGH,COMPLETED,8663.08,1717.94,2025-03-07,19
WO-BBI4B1RZ7O83,CA-AZ-00000084,,2025-02-17,GENERAL,MEDIUM,COMPLETED,14509.82,2039.74,2025-02-24,7
WO-GK3HLAWWWCHA,CA-AZ-00000084,,2025-03-25,PLUMBING,MEDIUM,COMPLETED,10370.09,6818.96,2025-04-09,15
WO-OPOBWLWBYQZ2,CA-AZ-00000084,,2025-05-06,PLUMBING,MEDIUM,COMPLETED,11654.03,5872.16,2025-05-27,21
WO-0BBZLO0Y4AHI,CA-AZ-00000084,,2025-06-22,GENERAL,MEDIUM,COMPLETED,9779.22,5201.0,2025-06-23,1
WO-5XAMTIIUKQDR,CA-WA-00000085,,2024-01-26,ROOFING,MEDIUM,COMPLETED,1377.46,5389.29,2024-02-02,7
WO-K5EJT7H0K9VP,CA-WA-00000085,,2024-01-14,HVAC,MEDIUM,COMPLETED,13204.47,9414.72,2024-01-19,5
WO-UPNO7GX9BVX0,CA-WA-00000085,,2024-02-22,ELEVATOR,MEDIUM,OPEN,5342.51,,,221
WO-S1W09MMT7LHY,CA-WA-00000085,,2024-03-16,LANDSCAPING,MEDIUM,COMPLETED,11639.8,2360.77,2024-03-19,3
WO-NK7PH62GHBV5,CA-WA-00000085,,2024-03-15,LANDSCAPING,MEDIUM,COMPLETED,7980.32,9172.16,2024-04-01,17
WO-XD2R3LPOJPYV,CA-WA-00000085,,2024-03-25,HVAC,MEDIUM,COMPLETED,12910.56,7995.58,2024-03-28,3
WO-134LQB168ZOM,CA-WA-00000085,,2024-03-18,LANDSCAPING,LOW,DEFERRED,8187.16,,,30
WO-46SDT679ZUT3,CA-WA-00000085,,2024-05-13,GENERAL,HIGH,OPEN,7148.24,,,77
WO-8O6PK5MJ3SCJ,CA-WA-00000085,,2024-05-14,ELEVATOR,LOW,COMPLETED,8220.78,11366.02,2024-05-18,4
WO-CCDFV11I4JAF,CA-WA-00000085,,2024-06-06,LANDSCAPING,LOW,COMPLETED,12762.74,3197.35,2024-06-25,19
WO-UF8S9CJ9ANRT,CA-WA-00000085,,2024-06-10,LANDSCAPING,MEDIUM,OPEN,254.01,,,148
WO-IOTVWCTTPGL5,CA-WA-00000085,,2024-06-14,HVAC,HIGH,DEFERRED,7354.19,,,102
WO-XV7AKHBC3J64,CA-WA-00000085,,2024-07-15,LANDSCAPING,LOW,COMPLETED,5410.12,7801.3,2024-07-18,3
WO-NZKI4RTND7ZF,CA-WA-00000085,,2024-07-12,ELEVATOR,LOW,OPEN,4120.63,,,70
WO-DYCZI2GPMOXD,CA-WA-00000085,,2024-07-17,PLUMBING,LOW,DEFERRED,5608.59,,,17
WO-BQAB0NGX1O4Z,CA-WA-00000085,,2024-07-22,HVAC,EMERGENCY,COMPLETED,13312.14,2242.63,2024-08-10,19
WO-L3UOGWABDTK4,CA-WA-00000085,,2024-08-02,PLUMBING,HIGH,OPEN,2814.57,,,127
WO-RSGXSFS57LLQ,CA-WA-00000085,,2024-08-18,LANDSCAPING,MEDIUM,DEFERRED,7189.42,,,52
WO-31M4W8S6I71X,CA-WA-00000085,,2024-09-28,ROOFING,LOW,COMPLETED,10292.55,8352.26,2024-10-06,8
WO-EYJRBWX44NTX,CA-WA-00000085,,2024-09-03,ROOFING,LOW,COMPLETED,2305.89,7364.04,2024-09-14,11
WO-MSN7Z07JX05Z,CA-WA-00000085,,2024-09-11,ELEVATOR,MEDIUM,COMPLETED,12595.92,2327.81,2024-09-25,14
WO-KFT9MCT687D2,CA-WA-00000085,,2024-10-26,GENERAL,LOW,DEFERRED,11778.24,,,23
WO-7ONYHCKYCFY8,CA-WA-00000085,,2024-10-17,GENERAL,LOW,COMPLETED,8217.33,4291.58,2024-10-25,8
WO-RJH7P3KPZ2XR,CA-WA-00000085,,2024-11-10,PLUMBING,EMERGENCY,COMPLETED,14633.12,8195.36,2024-11-22,12
WO-J0HQGCFPTWLV,CA-WA-00000085,,2024-11-23,GENERAL,LOW,COMPLETED,2522.3,9050.66,2024-12-03,10
WO-YPQSV67HBFZA,CA-WA-00000085,,2024-12-11,PLUMBING,HIGH,COMPLETED,2099.85,2416.1,2024-12-16,5
WO-2WEIBQR1JLXD,CA-WA-00000085,,2024-12-23,GENERAL,MEDIUM,COMPLETED,12240.64,10954.46,2025-01-11,19
WO-T3MZ1L56VZCS,CA-WA-00000085,,2024-12-12,PLUMBING,LOW,COMPLETED,1936.85,11002.46,2024-12-30,18
WO-529WGS70IZX4,CA-WA-00000085,,2025-01-21,STRUCTURAL,HIGH,COMPLETED,5179.91,7608.31,2025-01-31,10
WO-6RULU8HPV0MI,CA-WA-00000085,,2025-02-28,ELEVATOR,MEDIUM,COMPLETED,10102.3,546.11,2025-03-13,13
WO-P2FBU02YXMON,CA-WA-00000085,,2025-02-28,LANDSCAPING,LOW,OPEN,4694.37,,,25
WO-JDYDCJS976G6,CA-WA-00000085,,2025-03-09,PLUMBING,LOW,COMPLETED,8937.55,9036.16,2025-03-15,6
WO-ZZKON8XC1NM7,CA-WA-00000085,,2025-03-27,ROOFING,MEDIUM,COMPLETED,12472.84,2053.09,2025-03-31,4
WO-CLZI6WLNK2WK,CA-WA-00000085,,2025-03-25,GENERAL,LOW,DEFERRED,11824.14,,,43
WO-ZCUIFW2R367H,CA-WA-00000085,,2025-03-18,GENERAL,MEDIUM,DEFERRED,11534.86,,,174
WO-M9QQSNV9NR0P,CA-WA-00000085,,2025-04-13,ELECTRICAL,LOW,COMPLETED,8838.65,1797.43,2025-05-01,18
WO-SMXQK3QGWLK4,CA-WA-00000085,,2025-04-20,ROOFING,HIGH,COMPLETED,11863.86,3426.42,2025-05-01,11
WO-KLSJTB2WKO63,CA-WA-00000085,,2025-04-12,PLUMBING,MEDIUM,COMPLETED,11800.87,5753.62,2025-04-22,10
WO-ENBDQWW4L41J,CA-WA-00000085,,2025-04-23,PLUMBING,LOW,OPEN,1044.48,,,51
WO-A43QWJGSWJH9,CA-WA-00000085,,2025-05-04,ELECTRICAL,LOW,DEFERRED,9287.95,,,10
WO-CM8KAVFZOSKH,CA-FL-00000086,,2024-02-05,PLUMBING,MEDIUM,COMPLETED,5950.52,1170.59,2024-02-17,12
WO-1OOZOM8NS946,CA-FL-00000086,,2024-02-17,ROOFING,MEDIUM,DEFERRED,13135.36,,,59
WO-DSB41BBE5TK4,CA-FL-00000086,,2024-03-24,PLUMBING,MEDIUM,COMPLETED,1059.96,9473.87,2024-04-05,12
WO-3RBBLGJUFIOC,CA-FL-00000086,,2024-06-25,HVAC,MEDIUM,COMPLETED,5776.02,2538.17,2024-07-16,21
WO-C4OWI0PB2PFZ,CA-FL-00000086,,2024-07-18,PLUMBING,MEDIUM,COMPLETED,12895.33,4990.89,2024-08-04,17
WO-NW1C407SY0PL,CA-FL-00000086,,2024-08-01,ROOFING,MEDIUM,COMPLETED,3992.16,10289.22,2024-08-11,10
WO-X9X0BR5MR2ML,CA-FL-00000086,,2024-09-23,ROOFING,LOW,COMPLETED,3125.59,9932.24,2024-09-30,7
WO-WVLDWSULG393,CA-FL-00000086,,2024-10-16,STRUCTURAL,LOW,OPEN,4773.79,,,45
WO-BLR7U9O84BMW,CA-FL-00000086,,2024-10-28,ROOFING,LOW,COMPLETED,13078.91,1366.25,2024-11-03,6
WO-NKT6P35W1YEC,CA-FL-00000086,,2024-11-17,STRUCTURAL,MEDIUM,COMPLETED,9430.13,7597.69,2024-11-18,1
WO-6B293W3FB474,CA-FL-00000086,,2024-12-03,ELEVATOR,MEDIUM,COMPLETED,14284.56,1542.02,2024-12-15,12
WO-NV51FB2V3OHQ,CA-FL-00000086,,2025-01-03,ROOFING,MEDIUM,DEFERRED,7288.5,,,10
WO-GUWELI1PTIBX,CA-FL-00000086,,2025-01-10,ELECTRICAL,LOW,COMPLETED,14657.2,4210.56,2025-01-15,5
WO-4AXJS7TLSHQO,CA-FL-00000086,,2025-01-20,HVAC,MEDIUM,COMPLETED,3226.43,8851.7,2025-01-29,9
WO-O0H4MEK4FC5X,CA-FL-00000086,,2025-02-01,ELECTRICAL,LOW,COMPLETED,3003.78,9054.34,2025-02-13,12
WO-NDWSVWTQPVVH,CA-FL-00000086,,2025-03-20,LANDSCAPING,LOW,COMPLETED,8901.0,5460.42,2025-03-29,9
WO-9F4QSODA2868,CA-FL-00000086,,2025-04-13,ROOFING,HIGH,COMPLETED,8898.5,2817.07,2025-04-25,12
WO-MD9GJJFVPHNZ,CA-FL-00000086,,2025-06-24,STRUCTURAL,LOW,COMPLETED,6537.12,8733.8,2025-07-04,10
WO-0WAXWNAH1C27,CA-WA-00000087,,2024-01-27,LANDSCAPING,MEDIUM,COMPLETED,6257.54,2834.41,2024-02-02,6
WO-FU2GDFTNU0R4,CA-WA-00000087,,2024-01-26,LANDSCAPING,LOW,COMPLETED,2663.24,10925.3,2024-02-12,17
WO-MCJETXFE481U,CA-WA-00000087,,2024-01-17,LANDSCAPING,MEDIUM,DEFERRED,10448.73,,,658
WO-YYMKFMQ526W4,CA-WA-00000087,,2024-02-01,PLUMBING,EMERGENCY,COMPLETED,1323.42,3387.72,2024-02-20,19
WO-0LS6L78S6WNY,CA-WA-00000087,,2024-02-17,HVAC,LOW,COMPLETED,3467.88,7009.5,2024-02-18,1
WO-8GMH507RQ703,CA-WA-00000087,,2024-02-20,ROOFING,LOW,COMPLETED,3783.29,6651.76,2024-03-08,17
WO-S0B2D16JV0ND,CA-WA-00000087,,2024-03-08,PLUMBING,MEDIUM,OPEN,12116.03,,,38
WO-7PHJCKD0P30G,CA-WA-00000087,,2024-04-19,LANDSCAPING,MEDIUM,COMPLETED,4763.19,9526.93,2024-05-02,13
WO-TM5GWXPZU2CX,CA-WA-00000087,,2024-04-04,PLUMBING,HIGH,COMPLETED,11862.7,5976.7,2024-04-25,21
WO-4QCGSK1LT03K,CA-WA-00000087,,2024-06-06,ELECTRICAL,MEDIUM,COMPLETED,2751.55,8972.41,2024-06-27,21
WO-DB2ZU3Y2NQ6A,CA-WA-00000087,,2024-06-02,LANDSCAPING,HIGH,COMPLETED,8518.11,7844.41,2024-06-07,5
WO-L4XH0KJNF54B,CA-WA-00000087,,2024-07-13,ELECTRICAL,MEDIUM,DEFERRED,11974.39,,,19
WO-Z4L93B66ML35,CA-WA-00000087,,2024-07-06,STRUCTURAL,LOW,COMPLETED,6954.12,209.04,2024-07-19,13
WO-ILUKK5IBXZMC,CA-WA-00000087,,2024-07-21,ROOFING,LOW,OPEN,10175.37,,,126
WO-NB2KGVX66R7W,CA-WA-00000087,,2024-08-23,STRUCTURAL,LOW,DEFERRED,14787.7,,,30
WO-BFB2Z3HSGBSM,CA-WA-00000087,,2024-08-21,PLUMBING,MEDIUM,COMPLETED,9700.49,4767.92,2024-09-06,16
WO-JYBDYZ9BOJFS,CA-WA-00000087,,2024-08-27,ELECTRICAL,LOW,COMPLETED,9478.56,9078.74,2024-09-10,14
WO-MLVNPFNNB5LM,CA-WA-00000087,,2024-09-09,LANDSCAPING,MEDIUM,COMPLETED,13378.42,7491.31,2024-09-12,3
WO-3BJALKHNJZ1X,CA-WA-00000087,,2024-09-14,GENERAL,LOW,COMPLETED,9956.39,476.28,2024-09-26,12
WO-KCX95UNUESQC,CA-WA-00000087,,2024-10-12,PLUMBING,MEDIUM,COMPLETED,12397.24,10294.66,2024-10-25,13
WO-5LN6DLLWYQRZ,CA-WA-00000087,,2024-10-12,HVAC,MEDIUM,COMPLETED,1147.23,10127.07,2024-10-29,17
WO-27YMC4B7PIZZ,CA-WA-00000087,,2024-10-21,ELECTRICAL,MEDIUM,OPEN,1701.96,,,98
WO-Z87NWPJ9B31Z,CA-WA-00000087,,2024-10-19,PLUMBING,LOW,OPEN,499.23,,,54
WO-PFHUTS373OD6,CA-WA-00000087,,2024-10-04,STRUCTURAL,MEDIUM,COMPLETED,3255.15,4163.28,2024-10-12,8
WO-8WJZRYH55MMQ,CA-WA-00000087,,2024-11-16,LANDSCAPING,HIGH,DEFERRED,14288.45,,,58
WO-VRVIMZ3VLAE4,CA-WA-00000087,,2024-11-17,ELECTRICAL,HIGH,COMPLETED,10563.44,9131.54,2024-11-26,9
WO-Z9WR0KC1NWN3,CA-WA-00000087,,2024-12-09,PLUMBING,MEDIUM,DEFERRED,2892.04,,,10
WO-MOLI22DLO4TE,CA-WA-00000087,,2024-12-16,STRUCTURAL,MEDIUM,COMPLETED,12233.54,11688.39,2024-12-28,12
WO-G8W8G4RPHBTY,CA-WA-00000087,,2025-01-04,ELEVATOR,HIGH,DEFERRED,3633.48,,,61
WO-SDU6KNCW85YL,CA-WA-00000087,,2025-01-07,ROOFING,LOW,COMPLETED,14074.45,443.46,2025-01-24,17
WO-13CU5LOPTLUD,CA-WA-00000087,,2025-01-15,PLUMBING,LOW,COMPLETED,8391.02,6675.52,2025-01-20,5
WO-9MI6G7YUY0HK,CA-WA-00000087,,2025-01-09,ELEVATOR,HIGH,COMPLETED,1190.53,9325.42,2025-01-16,7
WO-O0ALKWJLQZ65,CA-WA-00000087,,2025-01-02,PLUMBING,MEDIUM,COMPLETED,8855.68,5020.43,2025-01-21,19
WO-Y2O6WB850JTA,CA-WA-00000087,,2025-02-12,PLUMBING,HIGH,COMPLETED,663.28,8937.91,2025-03-05,21
WO-1T7FC1TY5QDR,CA-WA-00000087,,2025-02-28,PLUMBING,LOW,DEFERRED,3474.92,,,52
WO-DKIEYXTQAQW2,CA-WA-00000087,,2025-02-25,HVAC,LOW,DEFERRED,3709.88,,,30
WO-YJW1KN8GAKUO,CA-WA-00000087,,2025-03-18,ELEVATOR,LOW,DEFERRED,8063.82,,,15
WO-9DBT6UMUMAFY,CA-WA-00000087,,2025-03-16,GENERAL,HIGH,DEFERRED,382.34,,,337
WO-6EJQFQYAZUII,CA-WA-00000087,,2025-04-26,PLUMBING,MEDIUM,COMPLETED,2555.01,10105.44,2025-05-17,21
WO-EUA50N25YXLA,CA-WA-00000087,,2025-05-20,HVAC,MEDIUM,DEFERRED,13995.41,,,38
WO-QX2O0NST769H,CA-WA-00000087,,2025-06-19,GENERAL,MEDIUM,COMPLETED,5721.66,3764.73,2025-07-02,13
WO-HLK390XR1OSN,CA-WA-00000087,,2025-06-15,PLUMBING,LOW,COMPLETED,14485.28,7573.52,2025-06-23,8
WO-CMKFXLJE32JW,CA-WA-00000087,,2025-06-16,STRUCTURAL,MEDIUM,DEFERRED,8965.25,,,55
WO-MLMFKQN4AB04,CA-WA-00000087,,2025-06-12,ELECTRICAL,MEDIUM,COMPLETED,965.98,5196.83,2025-06-23,11
WO-TJ3SBMOY06N3,CA-VA-00000088,,2024-02-15,PLUMBING,MEDIUM,COMPLETED,610.2,7186.14,2024-02-18,3
WO-N7KZA6F003TO,CA-VA-00000088,,2024-02-22,GENERAL,MEDIUM,COMPLETED,12424.63,7488.63,2024-03-14,21
WO-U3E9AC0JV6WR,CA-VA-00000088,,2024-03-10,GENERAL,LOW,COMPLETED,9014.29,7264.88,2024-03-26,16
WO-SSMGZ68Y3IW1,CA-VA-00000088,,2024-04-01,ROOFING,MEDIUM,COMPLETED,3247.58,4996.07,2024-04-18,17
WO-6QF89YA023P7,CA-VA-00000088,,2024-05-07,PLUMBING,MEDIUM,OPEN,12846.35,,,370
WO-7LLRW17GL9WC,CA-VA-00000088,,2024-06-26,STRUCTURAL,MEDIUM,OPEN,14733.2,,,31
WO-I3G5KNDKBI7P,CA-VA-00000088,,2024-06-21,GENERAL,MEDIUM,COMPLETED,14378.45,2227.91,2024-07-08,17
WO-TKPAUS27TBU9,CA-VA-00000088,,2024-07-05,PLUMBING,LOW,COMPLETED,5219.47,9427.9,2024-07-19,14
WO-CJ6GH9H8ZUC2,CA-VA-00000088,,2024-07-17,ROOFING,LOW,COMPLETED,9761.15,4450.4,2024-07-23,6
WO-MH5A1GGTTKAC,CA-VA-00000088,,2024-08-27,ELEVATOR,LOW,COMPLETED,11370.49,6032.94,2024-09-15,19
WO-NRY4QEGMCXFU,CA-VA-00000088,,2024-09-19,STRUCTURAL,MEDIUM,COMPLETED,3288.15,8499.62,2024-09-29,10
WO-P7M8HKAFDNTH,CA-VA-00000088,,2024-11-19,LANDSCAPING,HIGH,COMPLETED,9746.44,8980.98,2024-11-27,8
WO-OP92O5L2CQG3,CA-VA-00000088,,2025-01-11,LANDSCAPING,LOW,COMPLETED,8116.97,3354.59,2025-01-27,16
WO-GJA3O0K0359N,CA-VA-00000088,,2025-02-11,ROOFING,MEDIUM,COMPLETED,2869.25,9684.71,2025-02-20,9
WO-THHUVJYBBPAD,CA-VA-00000088,,2025-02-27,ELECTRICAL,MEDIUM,COMPLETED,1682.57,3456.15,2025-03-09,10
WO-AVIZ30UGT7A0,CA-VA-00000088,,2025-04-02,LANDSCAPING,MEDIUM,COMPLETED,9960.55,6530.62,2025-04-11,9
WO-JJ9MQNW34MGF,CA-VA-00000088,,2025-05-17,HVAC,MEDIUM,COMPLETED,4816.39,402.72,2025-05-26,9
WO-66GFCM7VDS6G,CA-VA-00000088,,2025-05-22,PLUMBING,MEDIUM,COMPLETED,12480.09,7027.22,2025-05-28,6
WO-GJBTKVVPHPMC,CA-VA-00000088,,2025-06-12,GENERAL,LOW,COMPLETED,13922.97,2378.68,2025-06-29,17
WO-ZQD4IVH5RIN4,CA-OH-00000089,,2024-01-04,GENERAL,HIGH,COMPLETED,8212.86,10685.44,2024-01-08,4
WO-OGD4L6G8DHKA,CA-OH-00000089,,2024-01-19,HVAC,LOW,COMPLETED,2072.61,3395.16,2024-02-02,14
WO-S7ACT1T4X2N3,CA-OH-00000089,,2024-01-11,ELEVATOR,LOW,COMPLETED,5778.59,546.68,2024-01-24,13
WO-9KA8KRJZTNDC,CA-OH-00000089,,2024-02-08,STRUCTURAL,MEDIUM,COMPLETED,7937.53,10397.96,2024-02-12,4
WO-4M9VGU2S1Q04,CA-OH-00000089,,2024-02-24,STRUCTURAL,MEDIUM,COMPLETED,10913.31,6691.22,2024-03-11,16
WO-MGN2YAGW9PZU,CA-OH-00000089,,2024-02-21,LANDSCAPING,MEDIUM,COMPLETED,1910.06,9455.6,2024-02-27,6
WO-JP7YGU0G7Q7V,CA-OH-00000089,,2024-03-22,PLUMBING,MEDIUM,COMPLETED,8446.58,1123.21,2024-03-28,6
WO-5X8CNX5ADQ76,CA-OH-00000089,,2024-03-05,PLUMBING,LOW,COMPLETED,8963.58,2630.47,2024-03-16,11
WO-Z6UDPH2BB30R,CA-OH-00000089,,2024-03-01,GENERAL,MEDIUM,COMPLETED,5396.2,8970.15,2024-03-06,5
WO-I4V9OGQ03VLT,CA-OH-00000089,,2024-04-06,PLUMBING,LOW,COMPLETED,7747.93,10067.17,2024-04-26,20
WO-LNEW5WG1O0JM,CA-OH-00000089,,2024-04-06,HVAC,MEDIUM,DEFERRED,8462.93,,,20
WO-B1U98LNXKGUC,CA-OH-00000089,,2024-05-01,GENERAL,MEDIUM,COMPLETED,6660.69,10432.51,2024-05-20,19
WO-WWVNQOHGQ26C,CA-OH-00000089,,2024-06-21,STRUCTURAL,MEDIUM,COMPLETED,8783.64,3617.31,2024-06-24,3
WO-OHGDAPF7VH6K,CA-OH-00000089,,2024-06-11,ELECTRICAL,MEDIUM,OPEN,3375.08,,,55
WO-MIKO5KBQROOB,CA-OH-00000089,,2024-06-15,HVAC,MEDIUM,COMPLETED,10893.72,877.62,2024-07-05,20
WO-ZGYQFKY2999F,CA-OH-00000089,,2024-07-28,LANDSCAPING,LOW,COMPLETED,6422.27,1898.63,2024-08-04,7
WO-C295AL0A0APH,CA-OH-00000089,,2024-07-01,ELEVATOR,MEDIUM,COMPLETED,11758.07,6796.7,2024-07-15,14
WO-DTNMRSBS8Q7Y,CA-OH-00000089,,2024-08-18,ROOFING,HIGH,COMPLETED,5020.0,3170.51,2024-08-28,10
WO-RZTW5VOLNQWW,CA-OH-00000089,,2024-08-09,ELECTRICAL,MEDIUM,COMPLETED,10730.34,8192.39,2024-08-13,4
WO-K0PA750DGYHN,CA-OH-00000089,,2024-09-11,ELECTRICAL,LOW,COMPLETED,1321.71,8506.47,2024-09-16,5
WO-77JQM9QWAWSF,CA-OH-00000089,,2024-09-04,PLUMBING,MEDIUM,COMPLETED,1837.98,11567.69,2024-09-25,21
WO-0I1FK50M7IK5,CA-OH-00000089,,2024-10-28,PLUMBING,MEDIUM,COMPLETED,1358.28,1248.61,2024-11-05,8
WO-6OANFDT66778,CA-OH-00000089,,2024-10-23,GENERAL,LOW,OPEN,13407.94,,,41
WO-JZA7MMK2ERWE,CA-OH-00000089,,2024-10-22,GENERAL,HIGH,OPEN,8498.83,,,18
WO-747K6YACH4LE,CA-OH-00000089,,2024-10-09,ROOFING,HIGH,COMPLETED,11298.22,2477.44,2024-10-12,3
WO-DVQV4UN53NLX,CA-OH-00000089,,2024-11-21,ELEVATOR,LOW,DEFERRED,2997.75,,,46
WO-AKSPZ9M03UBM,CA-OH-00000089,,2024-11-03,STRUCTURAL,LOW,DEFERRED,10724.48,,,55
WO-K098XQ8M5YYV,CA-OH-00000089,,2024-11-08,PLUMBING,LOW,COMPLETED,8673.3,490.76,2024-11-18,10
WO-31HRKC5G2AIJ,CA-OH-00000089,,2024-12-27,HVAC,LOW,OPEN,3959.88,,,53
WO-KYF7RMBW8ZT6,CA-OH-00000089,,2024-12-16,HVAC,MEDIUM,OPEN,6076.55,,,68
WO-1IRLL3GEKB0D,CA-OH-00000089,,2024-12-17,HVAC,MEDIUM,DEFERRED,2993.89,,,21
WO-5TMPKY47OK5R,CA-OH-00000089,,2024-12-04,STRUCTURAL,LOW,COMPLETED,10940.87,10946.05,2024-12-24,20
WO-Y45JDZZFJ0BD,CA-OH-00000089,,2024-12-18,HVAC,HIGH,COMPLETED,5623.53,6894.86,2024-12-29,11
WO-1K4BSF8LYMAL,CA-OH-00000089,,2025-01-20,LANDSCAPING,HIGH,COMPLETED,9304.29,9551.91,2025-01-28,8
WO-SC6SY4PFHHAT,CA-OH-00000089,,2025-01-04,ELECTRICAL,HIGH,COMPLETED,2896.94,3839.15,2025-01-14,10
WO-UR1KO739884W,CA-OH-00000089,,2025-02-28,STRUCTURAL,EMERGENCY,COMPLETED,4892.25,9105.65,2025-03-19,19
WO-25UCO17UDYQV,CA-OH-00000089,,2025-02-24,GENERAL,LOW,DEFERRED,9208.76,,,15
WO-9ZBUJLW0L5AB,CA-OH-00000089,,2025-02-17,HVAC,MEDIUM,COMPLETED,6815.55,5026.88,2025-02-20,3
WO-OF60BBLBS2DN,CA-OH-00000089,,2025-03-10,HVAC,EMERGENCY,COMPLETED,11380.84,745.25,2025-03-29,19
WO-XRQOZDRQ3TIL,CA-OH-00000089,,2025-03-07,LANDSCAPING,LOW,COMPLETED,14010.24,2205.08,2025-03-21,14
WO-6KAWGALENZY1,CA-OH-00000089,,2025-03-20,ELECTRICAL,MEDIUM,COMPLETED,6349.31,8374.07,2025-04-07,18
WO-XONSNNMPWX6P,CA-OH-00000089,,2025-04-16,PLUMBING,LOW,COMPLETED,6419.01,5637.91,2025-04-17,1
WO-TBI4R7JSWTQV,CA-OH-00000089,,2025-04-10,GENERAL,MEDIUM,COMPLETED,7747.44,7647.51,2025-04-25,15
WO-M5OAQHBSARWF,CA-OH-00000089,,2025-05-01,LANDSCAPING,MEDIUM,COMPLETED,6256.07,905.59,2025-05-16,15
WO-W8KD2CUC1MRN,CA-OH-00000089,,2025-05-22,GENERAL,LOW,COMPLETED,9492.23,8237.5,2025-06-11,20
WO-9DH7XOL3Y4GW,CA-OH-00000089,,2025-06-25,PLUMBING,EMERGENCY,DEFERRED,1511.54,,,71
WO-4BNQAL8342JF,CA-OH-00000089,,2025-06-07,STRUCTURAL,MEDIUM,COMPLETED,10184.08,10794.67,2025-06-25,18
WO-5PRNDF3N4SLW,CA-OH-00000089,,2025-06-26,ELECTRICAL,HIGH,COMPLETED,5232.45,3134.02,2025-07-05,9
WO-1CMXD5FN0KA4,CA-OH-00000089,,2025-06-07,HVAC,LOW,OPEN,6463.45,,,178
WO-SKNIGX6U9GRH,CA-TX-00000090,,2024-01-08,LANDSCAPING,EMERGENCY,COMPLETED,6887.92,11071.79,2024-01-18,10
WO-LU1W1PKH9O8G,CA-TX-00000090,,2024-02-18,PLUMBING,MEDIUM,COMPLETED,3410.75,1147.1,2024-02-19,1
WO-K9J26MHNDAB8,CA-TX-00000090,,2024-02-27,PLUMBING,HIGH,DEFERRED,2752.72,,,58
WO-SRS4F0JRTQCA,CA-TX-00000090,,2024-03-05,ROOFING,HIGH,OPEN,7861.32,,,117
WO-3VOSNODGDB9C,CA-TX-00000090,,2024-04-16,LANDSCAPING,LOW,COMPLETED,13471.27,3319.6,2024-05-01,15
WO-JXIGH11MQLSW,CA-TX-00000090,,2024-04-20,PLUMBING,LOW,COMPLETED,2950.25,8233.41,2024-05-09,19
WO-IP68O4KSQAUI,CA-TX-00000090,,2024-04-22,GENERAL,LOW,DEFERRED,4668.91,,,53
WO-AFOEKA6ZIJ4W,CA-TX-00000090,,2024-04-11,ELECTRICAL,MEDIUM,COMPLETED,14252.03,2839.6,2024-04-23,12
WO-QGTJ5DCVXYSZ,CA-TX-00000090,,2024-04-04,HVAC,MEDIUM,COMPLETED,5048.76,8706.56,2024-04-25,21
WO-V7LYU8EAD3VI,CA-TX-00000090,,2024-04-23,ELECTRICAL,MEDIUM,COMPLETED,9433.48,11610.42,2024-05-10,17
WO-GX597CTODYDR,CA-TX-00000090,,2024-05-03,HVAC,MEDIUM,COMPLETED,5418.47,10021.64,2024-05-13,10
WO-4ZT1XXPQTHGO,CA-TX-00000090,,2024-05-14,PLUMBING,HIGH,COMPLETED,3808.11,6615.05,2024-05-31,17
WO-981DZUEALYEN,CA-TX-00000090,,2024-05-28,HVAC,HIGH,COMPLETED,14933.2,1785.54,2024-06-02,5
WO-XXTI0OQKQ4AS,CA-TX-00000090,,2024-06-20,ROOFING,HIGH,COMPLETED,7768.76,1125.02,2024-06-28,8
WO-PWC48YO7EVAZ,CA-TX-00000090,,2024-06-24,GENERAL,MEDIUM,OPEN,13483.44,,,30
WO-P8XZ702O3S2A,CA-TX-00000090,,2024-08-06,ELECTRICAL,LOW,OPEN,11284.35,,,17
WO-CNIA9F50XOFE,CA-TX-00000090,,2024-09-07,GENERAL,LOW,COMPLETED,10312.49,11994.24,2024-09-11,4
WO-L7OKQUVBEFFZ,CA-TX-00000090,,2024-09-07,PLUMBING,LOW,COMPLETED,9199.46,3729.71,2024-09-12,5
WO-EBGSC3Q16YWU,CA-TX-00000090,,2024-09-28,ROOFING,HIGH,COMPLETED,285.7,10652.15,2024-10-07,9
WO-CKB34VAS68ZO,CA-TX-00000090,,2024-09-09,HVAC,HIGH,COMPLETED,14327.65,10482.4,2024-09-26,17
WO-CGZEME4ZKS9M,CA-TX-00000090,,2024-09-07,PLUMBING,HIGH,DEFERRED,13492.08,,,49
WO-6ZXTW2LBJ8LH,CA-TX-00000090,,2024-10-15,ELECTRICAL,LOW,DEFERRED,8393.89,,,111
WO-Z9J69ATY0Q0G,CA-TX-00000090,,2024-10-13,PLUMBING,MEDIUM,OPEN,8037.11,,,22
WO-FP5N2XTSZS7R,CA-TX-00000090,,2024-11-03,PLUMBING,HIGH,COMPLETED,6321.13,6661.16,2024-11-10,7
WO-XB1AZ0Y5LFXO,CA-TX-00000090,,2024-12-28,STRUCTURAL,LOW,COMPLETED,3405.25,6011.5,2025-01-16,19
WO-E65814XO934A,CA-TX-00000090,,2024-12-03,HVAC,HIGH,COMPLETED,2340.77,5446.56,2024-12-06,3
WO-ZPFZHPW8UJ2F,CA-TX-00000090,,2025-01-10,HVAC,LOW,COMPLETED,12226.58,10955.99,2025-01-19,9
WO-PBRBV5011PD1,CA-TX-00000090,,2025-01-16,GENERAL,MEDIUM,COMPLETED,14110.05,8578.01,2025-01-19,3
WO-MZZMH22DFUBA,CA-TX-00000090,,2025-01-08,GENERAL,LOW,COMPLETED,6705.57,5373.86,2025-01-18,10
WO-IJ0RT0JEA351,CA-TX-00000090,,2025-01-12,ROOFING,MEDIUM,COMPLETED,1373.02,11689.37,2025-01-23,11
WO-U7Z4FNU7VCHZ,CA-TX-00000090,,2025-02-23,STRUCTURAL,HIGH,COMPLETED,12979.87,11032.07,2025-03-10,15
WO-DDDROZF9TSRZ,CA-TX-00000090,,2025-02-27,PLUMBING,HIGH,COMPLETED,3505.19,6270.21,2025-03-05,6
WO-CL24X1VLM0J0,CA-TX-00000090,,2025-02-11,LANDSCAPING,LOW,DEFERRED,2409.96,,,66
WO-3HQLERZXERBI,CA-TX-00000090,,2025-03-26,ROOFING,LOW,COMPLETED,13856.06,9092.94,2025-04-16,21
WO-3M21XQZG6KT4,CA-TX-00000090,,2025-03-03,PLUMBING,HIGH,DEFERRED,4098.45,,,75
WO-GY8MBJVPK3VL,CA-TX-00000090,,2025-04-16,PLUMBING,MEDIUM,COMPLETED,2432.65,532.55,2025-05-03,17
WO-O348LJN5PH08,CA-TX-00000090,,2025-04-10,HVAC,MEDIUM,COMPLETED,8190.0,1650.78,2025-04-16,6
WO-WN5UH5QND0Q8,CA-TX-00000090,,2025-04-13,HVAC,LOW,COMPLETED,12583.24,11916.36,2025-04-30,17
WO-9E3HDJWAU6VL,CA-TX-00000090,,2025-05-14,ROOFING,LOW,DEFERRED,10827.43,,,56
WO-21XXQ7MXP4P3,CA-TX-00000090,,2025-06-04,LANDSCAPING,HIGH,DEFERRED,9584.97,,,58
WO-E819U1UI4ZVO,CA-NC-00000091,,2024-02-13,GENERAL,LOW,COMPLETED,579.5,8953.49,2024-02-24,11
WO-QLPILV9A1022,CA-NC-00000091,,2024-02-09,HVAC,LOW,COMPLETED,10312.55,7831.83,2024-02-13,4
WO-EL6DN2BH98HR,CA-NC-00000091,,2024-02-22,LANDSCAPING,MEDIUM,COMPLETED,4189.82,4000.08,2024-03-06,13
WO-5A3CRSS2B13C,CA-NC-00000091,,2024-03-23,ELECTRICAL,LOW,COMPLETED,5095.0,3902.48,2024-03-30,7
WO-K3YNUQKWMS60,CA-NC-00000091,,2024-05-25,HVAC,EMERGENCY,COMPLETED,9909.41,1008.41,2024-05-28,3
WO-AHTQ2MULU981,CA-NC-00000091,,2024-06-28,PLUMBING,EMERGENCY,COMPLETED,3903.06,2216.58,2024-07-05,7
WO-OEPG0B20VMB4,CA-NC-00000091,,2024-07-06,HVAC,HIGH,COMPLETED,3155.03,2993.39,2024-07-26,20
WO-1O4ZWD5V01NY,CA-NC-00000091,,2024-07-19,PLUMBING,LOW,COMPLETED,882.37,5152.33,2024-08-08,20
WO-A3J7NZAYVJLL,CA-NC-00000091,,2024-10-01,ROOFING,MEDIUM,COMPLETED,4669.44,8709.83,2024-10-03,2
WO-6RQMWPLWN5J5,CA-NC-00000091,,2025-02-01,GENERAL,HIGH,COMPLETED,12964.19,1782.55,2025-02-13,12
WO-JIMFVOOK8JU9,CA-NC-00000091,,2025-03-19,HVAC,MEDIUM,COMPLETED,12530.67,11516.73,2025-03-26,7
WO-JEEESUN3M70D,CA-NC-00000091,,2025-06-22,HVAC,EMERGENCY,COMPLETED,13217.56,9819.93,2025-07-03,11
WO-HLU3FJFHMGKF,CA-NC-00000092,,2024-01-25,ELEVATOR,MEDIUM,COMPLETED,4339.42,1905.33,2024-02-08,14
WO-UB0NSF408G0K,CA-NC-00000092,,2024-02-28,STRUCTURAL,LOW,COMPLETED,9506.5,1742.53,2024-03-20,21
WO-J2EKCMEAOOWU,CA-NC-00000092,,2024-03-12,HVAC,MEDIUM,COMPLETED,4878.7,1923.12,2024-03-29,17
WO-CQOXJT4WJVCA,CA-NC-00000092,,2024-04-12,PLUMBING,HIGH,COMPLETED,5814.57,244.41,2024-04-19,7
WO-JVT6J29SRQYF,CA-NC-00000092,,2024-05-14,GENERAL,MEDIUM,COMPLETED,6872.78,11422.8,2024-05-19,5
WO-GI0GIHAM9AJR,CA-NC-00000092,,2024-06-09,ELECTRICAL,LOW,COMPLETED,7316.97,6905.49,2024-06-24,15
WO-2176RNM9MN7F,CA-NC-00000092,,2024-08-09,HVAC,HIGH,COMPLETED,11477.41,6028.97,2024-08-15,6
WO-8JVA7MV0N4X8,CA-NC-00000092,,2024-09-17,STRUCTURAL,LOW,COMPLETED,10750.25,2765.48,2024-09-23,6
WO-VBSX12UUB9XU,CA-NC-00000092,,2024-10-15,PLUMBING,LOW,COMPLETED,5652.55,11814.86,2024-10-28,13
WO-DYRTYS8KZU3V,CA-NC-00000092,,2025-02-05,ROOFING,HIGH,COMPLETED,1742.11,197.55,2025-02-21,16
WO-L9QOS11P7FYW,CA-NC-00000092,,2025-03-18,STRUCTURAL,HIGH,COMPLETED,11148.02,1544.22,2025-03-27,9
WO-5SXLNMAUXKY7,CA-NC-00000092,,2025-03-01,STRUCTURAL,MEDIUM,COMPLETED,926.38,10774.25,2025-03-19,18
WO-D4YRRFJJ619Y,CA-NC-00000092,,2025-05-22,LANDSCAPING,EMERGENCY,COMPLETED,3198.41,10385.58,2025-06-08,17
WO-01QCCEBZ3QXG,CA-NC-00000092,,2025-06-11,ROOFING,HIGH,COMPLETED,13488.24,7192.62,2025-06-28,17
WO-OHNQPQKW8F1F,CA-FL-00000093,,2024-01-09,PLUMBING,MEDIUM,COMPLETED,13742.07,7751.25,2024-01-29,20
WO-063H9LB6JWMA,CA-FL-00000093,,2024-02-05,PLUMBING,LOW,COMPLETED,10549.31,9150.48,2024-02-21,16
WO-1E1A766HWB95,CA-FL-00000093,,2024-03-11,HVAC,LOW,COMPLETED,4199.88,4813.18,2024-03-18,7
WO-L20ISTW3PY3Q,CA-FL-00000093,,2024-04-01,LANDSCAPING,MEDIUM,COMPLETED,6549.29,5547.84,2024-04-17,16
WO-24X25EEQB7U8,CA-FL-00000093,,2024-05-08,LANDSCAPING,MEDIUM,COMPLETED,11253.38,7678.43,2024-05-18,10
WO-94P3G07B0CRQ,CA-FL-00000093,,2024-05-01,GENERAL,MEDIUM,COMPLETED,11053.25,9682.1,2024-05-15,14
WO-E1GFP3F5ASB6,CA-FL-00000093,,2024-05-03,STRUCTURAL,MEDIUM,COMPLETED,14334.06,8731.54,2024-05-21,18
WO-3XDPES0K7M9N,CA-FL-00000093,,2024-07-24,HVAC,MEDIUM,COMPLETED,14677.95,3582.81,2024-07-26,2
WO-ULGNG688UTFL,CA-FL-00000093,,2024-10-12,PLUMBING,LOW,COMPLETED,14618.34,5737.64,2024-10-26,14
WO-A6VJ5NCI74AN,CA-FL-00000093,,2024-11-13,HVAC,HIGH,COMPLETED,8018.54,11755.61,2024-11-17,4
WO-X08VMGMLYPAY,CA-FL-00000093,,2024-12-27,ELEVATOR,LOW,COMPLETED,10774.22,1346.74,2025-01-12,16
WO-JAD06HANHLN5,CA-FL-00000093,,2024-12-22,HVAC,MEDIUM,COMPLETED,496.35,4440.6,2025-01-06,15
WO-WPA0QOLYADHE,CA-FL-00000093,,2024-12-22,LANDSCAPING,LOW,COMPLETED,3759.59,3348.9,2025-01-02,11
WO-TKQHV6Q11SYG,CA-FL-00000093,,2025-01-23,ELECTRICAL,HIGH,COMPLETED,4937.29,10371.05,2025-01-25,2
WO-TNEUF37G70BL,CA-FL-00000093,,2025-03-03,ROOFING,HIGH,COMPLETED,5544.23,4796.54,2025-03-21,18
WO-FYVHRIXVR2WP,CA-FL-00000093,,2025-05-24,ELECTRICAL,MEDIUM,OPEN,5104.66,,,55
WO-SUNJRBIKULCW,CA-FL-00000093,,2025-06-07,LANDSCAPING,LOW,COMPLETED,2285.77,2929.4,2025-06-23,16
WO-KWX5V9L41SMV,CA-TX-00000094,,2024-01-16,ROOFING,MEDIUM,COMPLETED,5417.98,10347.55,2024-01-28,12
WO-JM3LQV054FOT,CA-TX-00000094,,2024-01-08,ROOFING,MEDIUM,COMPLETED,11281.99,202.78,2024-01-26,18
WO-L4JNBFYKL6BZ,CA-TX-00000094,,2024-01-03,LANDSCAPING,LOW,COMPLETED,7728.85,2480.58,2024-01-17,14
WO-OG9ZXPJW47BN,CA-TX-00000094,,2024-01-09,LANDSCAPING,HIGH,COMPLETED,4151.75,4467.11,2024-01-28,19
WO-LO03PBH9EGIG,CA-TX-00000094,,2024-02-02,STRUCTURAL,EMERGENCY,COMPLETED,9544.92,6739.56,2024-02-07,5
WO-W8RCKH0GNN5C,CA-TX-00000094,,2024-02-15,LANDSCAPING,LOW,COMPLETED,9796.79,7070.89,2024-02-19,4
WO-RTQ4AMCWRY1L,CA-TX-00000094,,2024-03-04,LANDSCAPING,MEDIUM,OPEN,1094.11,,,29
WO-O59VLIMY7D42,CA-TX-00000094,,2024-03-09,PLUMBING,HIGH,DEFERRED,10457.91,,,22
WO-P87Y3NMOSXLO,CA-TX-00000094,,2024-04-20,STRUCTURAL,LOW,COMPLETED,10680.25,4547.56,2024-04-28,8
WO-G7XNKY6VLIL2,CA-TX-00000094,,2024-04-03,LANDSCAPING,MEDIUM,COMPLETED,1671.76,6350.69,2024-04-06,3
WO-H8YI9P3EN85H,CA-TX-00000094,,2024-04-21,LANDSCAPING,LOW,COMPLETED,5085.61,7751.61,2024-05-02,11
WO-STCU5L3QXXOC,CA-TX-00000094,,2024-05-20,STRUCTURAL,HIGH,COMPLETED,5558.94,4964.25,2024-05-21,1
WO-F59U5FOC7O8N,CA-TX-00000094,,2024-06-19,LANDSCAPING,MEDIUM,COMPLETED,14428.62,11118.27,2024-07-01,12
WO-EN0CH1G19GAF,CA-TX-00000094,,2024-06-28,GENERAL,LOW,COMPLETED,2803.65,7666.19,2024-07-15,17
WO-4DRLU12MXIL6,CA-TX-00000094,,2024-07-25,ROOFING,MEDIUM,OPEN,8746.61,,,84
WO-XTDZY4M5P46N,CA-TX-00000094,,2024-08-12,GENERAL,HIGH,COMPLETED,14870.65,2181.37,2024-08-27,15
WO-FO4N66BF4CGW,CA-TX-00000094,,2024-08-28,ELECTRICAL,HIGH,COMPLETED,11658.84,6282.12,2024-09-13,16
WO-4IJ9EO9AMMKP,CA-TX-00000094,,2024-08-12,PLUMBING,LOW,COMPLETED,14186.75,8372.71,2024-08-30,18
WO-R72Y2YYV3R31,CA-TX-00000094,,2024-08-19,PLUMBING,LOW,OPEN,13720.82,,,19
WO-FSRM5KL6202W,CA-TX-00000094,,2024-08-10,GENERAL,HIGH,COMPLETED,1750.13,212.58,2024-08-21,11
WO-S4NX7VIBPNFN,CA-TX-00000094,,2024-10-13,STRUCTURAL,MEDIUM,OPEN,5954.96,,,55
WO-3S49YPXH3K2A,CA-TX-00000094,,2024-10-06,ELECTRICAL,LOW,COMPLETED,1246.2,612.61,2024-10-24,18
WO-YNA4RNGNCBSS,CA-TX-00000094,,2024-11-20,ELEVATOR,HIGH,COMPLETED,2234.0,9963.79,2024-12-04,14
WO-T0I80ZQJERV1,CA-TX-00000094,,2024-11-19,PLUMBING,LOW,COMPLETED,1935.66,10964.96,2024-12-06,17
WO-02LOT47EFLLE,CA-TX-00000094,,2024-11-09,LANDSCAPING,MEDIUM,COMPLETED,6882.96,7004.81,2024-11-23,14
WO-PCNRHGS4F7Z1,CA-TX-00000094,,2024-12-07,ROOFING,MEDIUM,COMPLETED,8215.86,5265.59,2024-12-27,20
WO-UN8QFP4APIIG,CA-TX-00000094,,2024-12-17,STRUCTURAL,MEDIUM,DEFERRED,7253.21,,,46
WO-B382EIMVJZR4,CA-TX-00000094,,2025-01-09,PLUMBING,MEDIUM,DEFERRED,4558.27,,,125
WO-WL3ICAQHLZMQ,CA-TX-00000094,,2025-01-04,PLUMBING,MEDIUM,COMPLETED,7388.58,7707.75,2025-01-08,4
WO-TWEB0CTNRRR1,CA-TX-00000094,,2025-01-15,ROOFING,MEDIUM,DEFERRED,14895.1,,,11
WO-WF1CB100DECM,CA-TX-00000094,,2025-02-14,LANDSCAPING,LOW,COMPLETED,14405.77,2881.44,2025-03-02,16
WO-3WFX408HBU5G,CA-TX-00000094,,2025-02-24,PLUMBING,MEDIUM,COMPLETED,12892.96,4138.61,2025-03-12,16
WO-OFPN5FEJN9XE,CA-TX-00000094,,2025-03-03,LANDSCAPING,MEDIUM,COMPLETED,9594.0,10303.02,2025-03-10,7
WO-R0UZG8UBES3Y,CA-TX-00000094,,2025-03-23,PLUMBING,HIGH,COMPLETED,11679.34,1530.25,2025-04-13,21
WO-HC4QFLAITD17,CA-TX-00000094,,2025-03-25,ELECTRICAL,LOW,COMPLETED,8218.61,8276.24,2025-04-02,8
WO-HSJ2PTDOQ5IO,CA-TX-00000094,,2025-04-23,STRUCTURAL,MEDIUM,COMPLETED,8335.68,8913.63,2025-05-11,18
WO-EEEDZIFNUE1I,CA-TX-00000094,,2025-05-01,PLUMBING,LOW,OPEN,2668.51,,,32
WO-RFDP9DT0PYLH,CA-TX-00000094,,2025-05-23,ROOFING,MEDIUM,COMPLETED,13190.77,9566.41,2025-05-30,7
WO-PSIAID202X0P,CA-TX-00000094,,2025-05-05,ELEVATOR,MEDIUM,DEFERRED,13895.45,,,52
WO-EIGAT8XW6F5N,CA-TX-00000094,,2025-05-20,STRUCTURAL,MEDIUM,COMPLETED,8282.89,6848.43,2025-06-03,14
WO-X5KJ0X8ROEWN,CA-TX-00000094,,2025-05-12,LANDSCAPING,LOW,COMPLETED,7338.72,4365.93,2025-05-27,15
WO-SWE9X64KJFBJ,CA-TX-00000094,,2025-06-21,LANDSCAPING,LOW,DEFERRED,14252.15,,,34
WO-A0J75O582LW5,CA-TX-00000094,,2025-06-01,LANDSCAPING,MEDIUM,COMPLETED,13035.53,8005.13,2025-06-22,21
WO-FRP7EHQZO2R8,CA-TX-00000094,,2025-06-17,ELEVATOR,HIGH,COMPLETED,2083.07,6734.59,2025-07-03,16
WO-HXY2SD0ZVKGX,CA-NY-00000095,,2024-02-07,LANDSCAPING,HIGH,COMPLETED,10761.0,7660.78,2024-02-25,18
WO-IDG1UKO741WL,CA-NY-00000095,,2024-02-11,ELEVATOR,LOW,DEFERRED,14362.16,,,124
WO-ZOQBB8EDGDR3,CA-NY-00000095,,2024-03-03,ELEVATOR,LOW,COMPLETED,5513.0,5776.64,2024-03-07,4
WO-JLJWD81BUR5B,CA-NY-00000095,,2024-03-10,HVAC,MEDIUM,DEFERRED,2773.21,,,27
WO-EECKNTH5UY6J,CA-NY-00000095,,2024-04-15,HVAC,LOW,COMPLETED,1342.96,11703.05,2024-04-28,13
WO-66CFBIRTNFUX,CA-NY-00000095,,2024-04-10,PLUMBING,EMERGENCY,COMPLETED,4880.4,8251.86,2024-04-22,12
WO-PC41E65R3R57,CA-NY-00000095,,2024-04-06,ROOFING,HIGH,COMPLETED,8192.43,1467.56,2024-04-13,7
WO-LOXN8SCOYXJP,CA-NY-00000095,,2024-04-19,STRUCTURAL,LOW,COMPLETED,8900.01,8874.55,2024-05-04,15
WO-SVMFX8Z88GR4,CA-NY-00000095,,2024-05-12,LANDSCAPING,MEDIUM,OPEN,12105.7,,,36
WO-VW4FPII9YV95,CA-NY-00000095,,2024-05-26,LANDSCAPING,MEDIUM,COMPLETED,11410.2,4367.74,2024-06-01,6
WO-YKI2E6T6XFKL,CA-NY-00000095,,2024-06-23,LANDSCAPING,LOW,OPEN,4132.18,,,101
WO-AKZZZWM87WB7,CA-NY-00000095,,2024-06-05,GENERAL,LOW,DEFERRED,3777.12,,,367
WO-HPTLGIB3TD1V,CA-NY-00000095,,2024-06-26,ELECTRICAL,LOW,COMPLETED,1571.06,8622.56,2024-07-10,14
WO-JPVBZ4LD9ALS,CA-NY-00000095,,2024-07-27,PLUMBING,MEDIUM,COMPLETED,14965.39,7948.11,2024-08-15,19
WO-PK24ZJBJZUHN,CA-NY-00000095,,2024-07-10,ELECTRICAL,HIGH,COMPLETED,5862.72,3921.2,2024-07-31,21
WO-4WGD1DK2NA7T,CA-NY-00000095,,2024-07-20,LANDSCAPING,MEDIUM,OPEN,2909.18,,,138
WO-NJALOMA0J0YQ,CA-NY-00000095,,2024-08-01,ELECTRICAL,MEDIUM,COMPLETED,6242.67,11694.3,2024-08-12,11
WO-5Q1POZ7MQLKF,CA-NY-00000095,,2024-08-18,ELEVATOR,MEDIUM,COMPLETED,8784.23,3629.93,2024-08-29,11
WO-O7QX4BKS5IQH,CA-NY-00000095,,2024-09-27,HVAC,MEDIUM,COMPLETED,6629.41,3616.96,2024-10-06,9
WO-R5DIO3A6CEJW,CA-NY-00000095,,2024-10-21,ELEVATOR,MEDIUM,OPEN,14118.05,,,59
WO-K588T5F9P97R,CA-NY-00000095,,2024-10-09,LANDSCAPING,HIGH,COMPLETED,7488.18,7305.53,2024-10-23,14
WO-L4PWMF7ZGO36,CA-NY-00000095,,2024-11-20,STRUCTURAL,MEDIUM,COMPLETED,1494.81,1258.87,2024-11-29,9
WO-CBOSDT5QWUXE,CA-NY-00000095,,2024-12-04,PLUMBING,HIGH,COMPLETED,2738.28,11024.55,2024-12-10,6
WO-SDE0FAQDZ8KI,CA-NY-00000095,,2024-12-06,GENERAL,MEDIUM,COMPLETED,13932.43,9714.15,2024-12-13,7
WO-TIESR4AOGHAA,CA-NY-00000095,,2025-01-09,ELECTRICAL,HIGH,OPEN,8476.79,,,72
WO-JLTDOGBXT6OD,CA-NY-00000095,,2025-01-06,ROOFING,MEDIUM,DEFERRED,11057.28,,,81
WO-AXA8XHOA49CP,CA-NY-00000095,,2025-01-10,ELECTRICAL,MEDIUM,COMPLETED,6271.88,1548.11,2025-01-25,15
WO-U2KB0YO0UULF,CA-NY-00000095,,2025-02-01,PLUMBING,MEDIUM,COMPLETED,5691.08,5252.05,2025-02-03,2
WO-NGWJPDUSP4SR,CA-NY-00000095,,2025-02-20,LANDSCAPING,MEDIUM,COMPLETED,10736.06,5673.3,2025-02-28,8
WO-6BC4UCFI7BRA,CA-NY-00000095,,2025-02-17,GENERAL,LOW,COMPLETED,3702.98,11360.97,2025-02-28,11
WO-DELIY40V40QY,CA-NY-00000095,,2025-03-22,ROOFING,LOW,OPEN,10729.13,,,36
WO-326E433Q2V9X,CA-NY-00000095,,2025-03-11,LANDSCAPING,MEDIUM,COMPLETED,6269.37,6795.02,2025-03-12,1
WO-4FEL0ZK3NEID,CA-NY-00000095,,2025-04-06,STRUCTURAL,HIGH,COMPLETED,6888.28,7457.26,2025-04-15,9
WO-GMAETZW6H560,CA-NY-00000095,,2025-05-27,ELECTRICAL,LOW,COMPLETED,730.11,3488.64,2025-06-11,15
WO-Z7L520MY7RCO,CA-NY-00000095,,2025-05-01,GENERAL,MEDIUM,DEFERRED,3038.61,,,55
WO-5J0ET0UOG8K1,CA-NY-00000095,,2025-05-18,GENERAL,LOW,COMPLETED,7109.81,11557.24,2025-05-31,13
WO-UICLGS419TEM,CA-NY-00000095,,2025-05-05,GENERAL,MEDIUM,COMPLETED,14923.69,4037.19,2025-05-21,16
WO-73WIMLUPYPNI,CA-NY-00000095,,2025-05-11,ELECTRICAL,LOW,COMPLETED,5717.7,8880.95,2025-05-27,16
WO-O3WAP25BI5Z3,CA-NY-00000095,,2025-06-02,GENERAL,MEDIUM,COMPLETED,10503.24,6151.78,2025-06-12,10
WO-WD0EJXSUYCGP,CA-NY-00000095,,2025-06-17,ELECTRICAL,MEDIUM,DEFERRED,4542.1,,,25
WO-PTE392HCRX5V,CA-NV-00000096,,2024-01-12,HVAC,HIGH,COMPLETED,4553.18,9504.34,2024-01-20,8
WO-E2AH9YXZC9AT,CA-NV-00000096,,2024-01-03,ELECTRICAL,MEDIUM,COMPLETED,2786.6,900.87,2024-01-22,19
WO-RPV84RL6I2OE,CA-NV-00000096,,2024-01-12,HVAC,HIGH,COMPLETED,12934.43,9558.46,2024-01-25,13
WO-APEW20FKHTIC,CA-NV-00000096,,2024-04-17,HVAC,LOW,COMPLETED,5342.94,7399.21,2024-04-26,9
WO-3GZ72WQUWHI0,CA-NV-00000096,,2024-05-08,GENERAL,EMERGENCY,COMPLETED,3098.46,5097.64,2024-05-28,20
WO-G2MFD49V4V8K,CA-NV-00000096,,2024-06-01,ELECTRICAL,MEDIUM,COMPLETED,5562.98,6930.67,2024-06-07,6
WO-4IIM4HEX2ABM,CA-NV-00000096,,2024-07-12,HVAC,HIGH,COMPLETED,6132.56,7999.58,2024-07-18,6
WO-34TLJFY0W8HV,CA-NV-00000096,,2024-07-27,HVAC,MEDIUM,COMPLETED,1314.75,3561.07,2024-08-17,21
WO-OPTYHQBVO2RR,CA-NV-00000096,,2024-08-15,PLUMBING,HIGH,COMPLETED,11844.15,768.31,2024-08-28,13
WO-K8H9ZQ7K94X3,CA-NV-00000096,,2024-11-09,ELECTRICAL,MEDIUM,COMPLETED,12266.37,7614.97,2024-11-16,7
WO-7JMZKFHNIN6H,CA-NV-00000096,,2024-12-01,STRUCTURAL,HIGH,COMPLETED,6273.69,9616.03,2024-12-16,15
WO-PFLK8D2IFIGT,CA-NV-00000096,,2024-12-19,STRUCTURAL,MEDIUM,DEFERRED,7245.43,,,17
WO-C28TOKJYJ8MB,CA-NV-00000096,,2025-01-16,ELEVATOR,HIGH,COMPLETED,6216.87,2565.84,2025-01-30,14
WO-I50FAAAL6WTS,CA-NV-00000096,,2025-01-20,GENERAL,MEDIUM,COMPLETED,3145.16,457.53,2025-01-29,9
WO-KEL1QMGJ4BMB,CA-NV-00000096,,2025-02-16,HVAC,LOW,COMPLETED,13834.67,3991.43,2025-02-28,12
WO-HC755O47RLT3,CA-NV-00000096,,2025-03-06,LANDSCAPING,LOW,COMPLETED,2710.58,4031.55,2025-03-24,18
WO-M53AUSRZ2CQM,CA-NV-00000096,,2025-04-11,ELECTRICAL,MEDIUM,COMPLETED,7149.13,3047.26,2025-04-28,17
WO-X4YNG5YVMODQ,CA-NV-00000096,,2025-06-17,ROOFING,MEDIUM,COMPLETED,13157.81,566.75,2025-07-03,16
WO-CC104DL1Z0ZF,CA-CA-00000097,,2024-01-04,STRUCTURAL,MEDIUM,COMPLETED,1815.12,1507.02,2024-01-07,3
WO-40WERDROKQU0,CA-CA-00000097,,2024-01-11,LANDSCAPING,MEDIUM,DEFERRED,8647.98,,,118
WO-KQKHJW4APQQ6,CA-CA-00000097,,2024-01-10,ELECTRICAL,LOW,OPEN,7286.43,,,54
WO-2AW9RDOJGH4N,CA-CA-00000097,,2024-01-07,PLUMBING,LOW,COMPLETED,12504.58,3391.11,2024-01-10,3
WO-SQM8ENGV9S2G,CA-CA-00000097,,2024-01-09,PLUMBING,LOW,OPEN,5713.08,,,33
WO-G0JTEO3G76KZ,CA-CA-00000097,,2024-01-12,HVAC,MEDIUM,COMPLETED,10507.98,9561.79,2024-01-30,18
WO-YDLCELBEXKDX,CA-CA-00000097,,2024-02-09,LANDSCAPING,MEDIUM,OPEN,1258.87,,,105
WO-C99PIF1TDQ62,CA-CA-00000097,,2024-02-08,HVAC,LOW,DEFERRED,4740.18,,,76
WO-MKQSAD3TO6JI,CA-CA-00000097,,2024-03-21,LANDSCAPING,MEDIUM,OPEN,3977.91,,,35
WO-C9J0DODP86M1,CA-CA-00000097,,2024-03-05,GENERAL,LOW,COMPLETED,7843.14,7760.67,2024-03-22,17
WO-F35GKWP1H43O,CA-CA-00000097,,2024-03-22,HVAC,MEDIUM,COMPLETED,1896.24,1214.78,2024-04-04,13
WO-XPYMQG6SGN85,CA-CA-00000097,,2024-04-12,ROOFING,MEDIUM,OPEN,5538.37,,,16
WO-93SI3V42J6SJ,CA-CA-00000097,,2024-04-16,LANDSCAPING,LOW,DEFERRED,5495.85,,,28
WO-BR2V8Y95G4O7,CA-CA-00000097,,2024-04-26,ROOFING,HIGH,DEFERRED,5886.25,,,22
WO-E00IUFOYXY8R,CA-CA-00000097,,2024-04-16,GENERAL,MEDIUM,OPEN,11767.75,,,39
WO-AU9UHLK6IKDH,CA-CA-00000097,,2024-05-01,ELEVATOR,LOW,COMPLETED,5708.25,4238.84,2024-05-08,7
WO-Q3FZ7STOJL9N,CA-CA-00000097,,2024-05-02,GENERAL,HIGH,DEFERRED,12133.29,,,14
WO-AO66A6W0R6KJ,CA-CA-00000097,,2024-05-06,LANDSCAPING,LOW,DEFERRED,12039.19,,,275
WO-Z6697ASJAS0K,CA-CA-00000097,,2024-06-03,ELEVATOR,LOW,OPEN,3455.92,,,29
WO-VH30Q59L1M14,CA-CA-00000097,,2024-06-01,GENERAL,EMERGENCY,COMPLETED,6217.37,10487.96,2024-06-03,2
WO-C4SN7MWJ2GQ9,CA-CA-00000097,,2024-06-14,ROOFING,LOW,DEFERRED,707.32,,,67
WO-Z169OYM9M8SL,CA-CA-00000097,,2024-06-22,HVAC,LOW,DEFERRED,14150.27,,,76
WO-E17IJ3RRX1M4,CA-CA-00000097,,2024-06-24,ELECTRICAL,HIGH,COMPLETED,9295.91,3272.3,2024-06-28,4
WO-TU38RLJY9V5P,CA-CA-00000097,,2024-06-24,GENERAL,MEDIUM,COMPLETED,6701.37,2771.27,2024-07-12,18
WO-6S4S03M5KRWU,CA-CA-00000097,,2024-06-07,PLUMBING,LOW,COMPLETED,11043.67,9096.8,2024-06-13,6
WO-J6LXLNT74SY4,CA-CA-00000097,,2024-06-20,ROOFING,LOW,OPEN,6193.23,,,141
WO-B7YMDELGUA8Z,CA-CA-00000097,,2024-07-16,ROOFING,LOW,COMPLETED,6761.15,5489.76,2024-07-27,11
WO-YRI2IK5ZC71M,CA-CA-00000097,,2024-07-24,LANDSCAPING,LOW,COMPLETED,14112.69,11720.87,2024-08-08,15
WO-E2H2YY7H1RRO,CA-CA-00000097,,2024-07-25,LANDSCAPING,MEDIUM,COMPLETED,3640.79,9641.21,2024-08-11,17
WO-BNSLSKOI7JOB,CA-CA-00000097,,2024-08-09,GENERAL,LOW,DEFERRED,2593.76,,,35
WO-1ARRPCJG4TIG,CA-CA-00000097,,2024-08-13,GENERAL,MEDIUM,COMPLETED,7625.08,11527.7,2024-09-01,19
WO-GX9MPNSDNBQY,CA-CA-00000097,,2024-08-17,PLUMBING,EMERGENCY,DEFERRED,3294.79,,,18
WO-W242DY05KUL0,CA-CA-00000097,,2024-08-17,LANDSCAPING,HIGH,DEFERRED,3758.12,,,97
WO-KEM8FHISGA9W,CA-CA-00000097,,2024-08-20,ELEVATOR,MEDIUM,COMPLETED,12205.66,5044.16,2024-08-31,11
WO-IQN3IRDZOH2S,CA-CA-00000097,,2024-08-04,PLUMBING,HIGH,OPEN,1242.55,,,153
WO-6A308ZQBE160,CA-CA-00000097,,2024-08-17,ROOFING,HIGH,COMPLETED,2544.77,5484.92,2024-08-18,1
WO-X0TBYW6JEL28,CA-CA-00000097,,2024-09-23,LANDSCAPING,MEDIUM,COMPLETED,8679.38,9023.41,2024-09-29,6
WO-G93GPVWB8R4K,CA-CA-00000097,,2024-09-16,LANDSCAPING,HIGH,DEFERRED,8787.63,,,20
WO-QEBDLZLRNWMB,CA-CA-00000097,,2024-09-10,LANDSCAPING,MEDIUM,OPEN,214.77,,,95
WO-2WLER8LLHFTE,CA-CA-00000097,,2024-09-05,LANDSCAPING,MEDIUM,COMPLETED,7372.06,11112.07,2024-09-20,15
WO-SRIZXJX8FL9J,CA-CA-00000097,,2024-09-24,STRUCTURAL,MEDIUM,COMPLETED,3137.22,6345.44,2024-10-06,12
WO-4C1660J675JK,CA-CA-00000097,,2024-09-04,GENERAL,MEDIUM,DEFERRED,2461.07,,,39
WO-QWYZ8D34U9CJ,CA-CA-00000097,,2024-09-09,ELEVATOR,MEDIUM,COMPLETED,2808.34,973.87,2024-09-28,19
WO-Y81HKA855Z3R,CA-CA-00000097,,2024-09-17,HVAC,MEDIUM,COMPLETED,1923.97,3191.12,2024-09-22,5
WO-IGIY3ZS7VXPV,CA-CA-00000097,,2024-09-24,PLUMBING,HIGH,OPEN,5672.45,,,102
WO-O5ISN7NRMGO4,CA-CA-00000097,,2024-09-02,LANDSCAPING,LOW,OPEN,8732.77,,,16
WO-H53GM6XVFDLN,CA-CA-00000097,,2024-09-19,GENERAL,MEDIUM,OPEN,6132.98,,,19
WO-QRR2ATQ3UEJU,CA-CA-00000097,,2024-10-21,ELEVATOR,MEDIUM,DEFERRED,3616.4,,,58
WO-D22OP2KBAGZS,CA-CA-00000097,,2024-10-02,HVAC,LOW,COMPLETED,8535.28,5390.63,2024-10-11,9
WO-ZBW51I1H398P,CA-CA-00000097,,2024-10-11,STRUCTURAL,MEDIUM,OPEN,14553.54,,,32
WO-4LTK238Y9015,CA-CA-00000097,,2024-11-24,ELECTRICAL,MEDIUM,COMPLETED,7221.74,10821.35,2024-12-12,18
WO-JGK0FRN53QZ9,CA-CA-00000097,,2024-11-06,PLUMBING,MEDIUM,COMPLETED,322.2,8105.16,2024-11-22,16
WO-4H469FSD4EAQ,CA-CA-00000097,,2024-11-19,LANDSCAPING,MEDIUM,COMPLETED,6362.73,7230.62,2024-11-24,5
WO-JCY9UEWPNIZ9,CA-CA-00000097,,2024-11-20,ELECTRICAL,LOW,DEFERRED,6060.76,,,124
WO-XORRKENS0S8F,CA-CA-00000097,,2024-11-13,ELEVATOR,MEDIUM,DEFERRED,7077.17,,,88
WO-OL2XWX3G04D6,CA-CA-00000097,,2024-11-21,ROOFING,LOW,DEFERRED,8261.07,,,199
WO-TQMSWDK22X6H,CA-CA-00000097,,2024-12-17,HVAC,MEDIUM,OPEN,8538.04,,,20
WO-CHMP0E8335JG,CA-CA-00000097,,2024-12-16,HVAC,LOW,OPEN,11306.67,,,162
WO-CJ2FIM3K87CJ,CA-CA-00000097,,2024-12-04,ELECTRICAL,LOW,COMPLETED,3904.18,2438.62,2024-12-21,17
WO-XXH34AO9REID,CA-CA-00000097,,2024-12-05,STRUCTURAL,MEDIUM,OPEN,1325.84,,,33
WO-R7TNZNC5BK3A,CA-CA-00000097,,2024-12-15,HVAC,EMERGENCY,OPEN,10004.33,,,113
WO-QF52LZOJ8ADF,CA-CA-00000097,,2024-12-07,PLUMBING,LOW,OPEN,4699.16,,,192
WO-8KQR8L08S8Y3,CA-CA-00000097,,2025-01-08,ELEVATOR,MEDIUM,DEFERRED,4610.2,,,16
WO-ER65AM7QCK7C,CA-CA-00000097,,2025-01-21,HVAC,MEDIUM,OPEN,7496.65,,,26
WO-4065UCNO9EW5,CA-CA-00000097,,2025-01-23,HVAC,LOW,DEFERRED,5539.3,,,157
WO-JXQ9EWLYJVBZ,CA-CA-00000097,,2025-01-09,LANDSCAPING,MEDIUM,DEFERRED,10300.19,,,47
WO-PKFYMSZID8RR,CA-CA-00000097,,2025-01-09,LANDSCAPING,LOW,DEFERRED,10536.43,,,58
WO-G3IF2R2WFL2L,CA-CA-00000097,,2025-01-18,LANDSCAPING,MEDIUM,OPEN,2149.63,,,100
WO-369FI978QXT2,CA-CA-00000097,,2025-02-21,GENERAL,LOW,OPEN,5094.29,,,68
WO-JQJZ4TFM6VU8,CA-CA-00000097,,2025-02-04,ELECTRICAL,MEDIUM,DEFERRED,7923.79,,,46
WO-NUBYKNKF9DU2,CA-CA-00000097,,2025-02-02,GENERAL,LOW,OPEN,2381.46,,,42
WO-0HAWYUPRGY21,CA-CA-00000097,,2025-02-26,HVAC,EMERGENCY,OPEN,5867.52,,,108
WO-T6PYNI7DFZ65,CA-CA-00000097,,2025-02-23,HVAC,MEDIUM,OPEN,1741.3,,,85
WO-OSZNTHADTMRD,CA-CA-00000097,,2025-02-14,PLUMBING,LOW,COMPLETED,1163.89,4787.5,2025-02-27,13
WO-D57VSMLFGN2V,CA-CA-00000097,,2025-02-11,ELECTRICAL,HIGH,COMPLETED,806.94,9206.64,2025-02-28,17
WO-XAIE92JLSZGZ,CA-CA-00000097,,2025-03-05,GENERAL,LOW,COMPLETED,7964.28,5870.4,2025-03-13,8
WO-A6AG2SQYQNUA,CA-CA-00000097,,2025-03-25,LANDSCAPING,HIGH,OPEN,2366.85,,,129
WO-YC49A6W6YHVA,CA-CA-00000097,,2025-03-08,PLUMBING,MEDIUM,COMPLETED,6644.48,10112.07,2025-03-12,4
WO-BDH5XMDE79TU,CA-CA-00000097,,2025-03-26,HVAC,LOW,DEFERRED,3017.3,,,49
WO-7MV5WWZWD374,CA-CA-00000097,,2025-04-28,STRUCTURAL,LOW,COMPLETED,9679.93,1767.13,2025-05-06,8
WO-CZ337D3HWJ7H,CA-CA-00000097,,2025-04-16,STRUCTURAL,MEDIUM,OPEN,9316.45,,,29
WO-5JSRYKLYKCXB,CA-CA-00000097,,2025-04-05,ELECTRICAL,LOW,COMPLETED,13541.24,858.24,2025-04-22,17
WO-ZDJFZKP8E2XD,CA-CA-00000097,,2025-05-20,HVAC,LOW,DEFERRED,12374.16,,,43
WO-G9QY91YI0C65,CA-CA-00000097,,2025-05-26,ROOFING,MEDIUM,DEFERRED,5480.39,,,146
WO-45OETSEQ41A5,CA-CA-00000097,,2025-05-12,ELECTRICAL,MEDIUM,COMPLETED,13753.6,4814.31,2025-05-31,19
WO-2OG0XP7B3Z58,CA-CA-00000097,,2025-06-08,STRUCTURAL,HIGH,COMPLETED,14969.06,3074.76,2025-06-16,8
WO-JSIWT8XUE0DP,CA-CA-00000097,,2025-06-03,PLUMBING,MEDIUM,DEFERRED,9355.37,,,63
WO-RRY2LO273SWJ,CA-CA-00000097,,2025-06-26,GENERAL,MEDIUM,COMPLETED,11443.07,10527.77,2025-07-05,9
WO-R130X4HSK6D6,CA-WA-00000098,,2024-01-28,GENERAL,MEDIUM,OPEN,5740.5,,,44
WO-WTECD3BP70EK,CA-WA-00000098,,2024-01-11,STRUCTURAL,LOW,DEFERRED,11099.19,,,16
WO-EGDC8VCTT488,CA-WA-00000098,,2024-01-28,GENERAL,MEDIUM,COMPLETED,14260.12,11566.86,2024-02-18,21
WO-62L8FAGZFFIY,CA-WA-00000098,,2024-01-18,ELECTRICAL,LOW,OPEN,3621.92,,,45
WO-VC4I4YNYG8LF,CA-WA-00000098,,2024-02-04,PLUMBING,HIGH,DEFERRED,13368.47,,,84
WO-GNKJ69ZEW7K5,CA-WA-00000098,,2024-02-13,PLUMBING,MEDIUM,COMPLETED,2133.29,10176.99,2024-02-16,3
WO-N4G4VSXF5F7S,CA-WA-00000098,,2024-02-10,LANDSCAPING,MEDIUM,COMPLETED,14926.93,6723.09,2024-02-15,5
WO-9U6UH8PMJRFM,CA-WA-00000098,,2024-02-18,PLUMBING,LOW,COMPLETED,14590.42,8616.27,2024-03-01,12
WO-1PAT7WGF4LY1,CA-WA-00000098,,2024-02-20,PLUMBING,MEDIUM,OPEN,5874.27,,,65
WO-ZXDGRMMIGFW7,CA-WA-00000098,,2024-03-18,ELECTRICAL,HIGH,DEFERRED,13329.24,,,129
WO-P7RECZ89O650,CA-WA-00000098,,2024-03-20,PLUMBING,LOW,DEFERRED,8700.87,,,64
WO-FIOIU3F9P41X,CA-WA-00000098,,2024-04-06,HVAC,MEDIUM,DEFERRED,8660.75,,,54
WO-ZQWYZBOICVTU,CA-WA-00000098,,2024-04-05,ELECTRICAL,LOW,COMPLETED,2178.71,6406.78,2024-04-15,10
WO-5M1TC1N8WW78,CA-WA-00000098,,2024-04-10,ROOFING,LOW,COMPLETED,5660.87,8853.6,2024-04-27,17
WO-GN6IDTEGGVI6,CA-WA-00000098,,2024-04-02,HVAC,MEDIUM,COMPLETED,14893.53,7250.35,2024-04-19,17
WO-GLSHDI0JAWSM,CA-WA-00000098,,2024-04-16,HVAC,MEDIUM,COMPLETED,14376.52,11419.65,2024-04-23,7
WO-L03F566DE1M2,CA-WA-00000098,,2024-05-28,GENERAL,MEDIUM,OPEN,12526.74,,,64
WO-EJ4EB9YXHUJ9,CA-WA-00000098,,2024-05-06,PLUMBING,HIGH,COMPLETED,5937.49,5567.62,2024-05-17,11
WO-5F3R5EX2UV25,CA-WA-00000098,,2024-05-14,LANDSCAPING,MEDIUM,COMPLETED,3735.9,9397.2,2024-05-24,10
WO-3X9823HUL4MD,CA-WA-00000098,,2024-05-18,HVAC,MEDIUM,OPEN,2773.99,,,79
WO-0GKCRE8CIY20,CA-WA-00000098,,2024-06-18,ROOFING,MEDIUM,OPEN,9556.42,,,35
WO-SPAAQ7YL8S5P,CA-WA-00000098,,2024-07-27,ROOFING,LOW,OPEN,14161.96,,,67
WO-HFSVMP80NJXJ,CA-WA-00000098,,2024-07-08,PLUMBING,EMERGENCY,DEFERRED,5754.1,,,141
WO-JWTFM88I3YV5,CA-WA-00000098,,2024-07-02,ELEVATOR,HIGH,DEFERRED,11733.42,,,29
WO-P8BSYQ3XYXYA,CA-WA-00000098,,2024-07-23,HVAC,MEDIUM,COMPLETED,6393.68,11737.28,2024-07-25,2
WO-F6N1ZDDPJZFR,CA-WA-00000098,,2024-08-17,ELECTRICAL,HIGH,DEFERRED,5559.29,,,36
WO-PPUIILBCLH6Q,CA-WA-00000098,,2024-08-07,ELECTRICAL,LOW,COMPLETED,9555.74,9132.44,2024-08-28,21
WO-P6FIFLOXUT3A,CA-WA-00000098,,2024-08-16,HVAC,LOW,OPEN,11371.36,,,28
WO-QSY6F4YENR30,CA-WA-00000098,,2024-08-01,ELECTRICAL,MEDIUM,OPEN,10774.14,,,41
WO-0E751LN0GTP9,CA-WA-00000098,,2024-09-10,LANDSCAPING,LOW,DEFERRED,13872.61,,,23
WO-HCGI0MNYOTFL,CA-WA-00000098,,2024-09-06,PLUMBING,MEDIUM,COMPLETED,1295.57,2290.0,2024-09-14,8
WO-J9OIY54AUUQM,CA-WA-00000098,,2024-09-13,GENERAL,MEDIUM,COMPLETED,3508.0,2825.34,2024-09-21,8
WO-8DJJV1K6DNRI,CA-WA-00000098,,2024-09-26,HVAC,LOW,DEFERRED,3769.39,,,76
WO-1FSDGBN4JRPU,CA-WA-00000098,,2024-09-26,LANDSCAPING,LOW,DEFERRED,11517.06,,,13
WO-O5W4C6JSX1FM,CA-WA-00000098,,2024-09-24,PLUMBING,HIGH,DEFERRED,10797.26,,,34
WO-2V9PROJYSKXI,CA-WA-00000098,,2024-09-05,HVAC,HIGH,COMPLETED,10216.88,2274.18,2024-09-22,17
WO-VLKYLBU1LKVJ,CA-WA-00000098,,2024-10-25,LANDSCAPING,LOW,COMPLETED,302.31,4838.33,2024-10-29,4
WO-E15U6A13ZBB6,CA-WA-00000098,,2024-10-28,ELECTRICAL,LOW,DEFERRED,8638.22,,,208
WO-WB3NTRDN0UR5,CA-WA-00000098,,2024-10-06,HVAC,LOW,COMPLETED,11101.36,9902.02,2024-10-19,13
WO-ZE3DX90LNUQE,CA-WA-00000098,,2024-10-19,PLUMBING,MEDIUM,DEFERRED,9536.49,,,43
WO-Q7AXFLP1DA0U,CA-WA-00000098,,2024-12-24,PLUMBING,HIGH,COMPLETED,8609.68,4102.76,2025-01-14,21
WO-WHS5NTMCE74H,CA-WA-00000098,,2025-01-10,GENERAL,MEDIUM,OPEN,11466.26,,,89
WO-TBQN891CCXZ0,CA-WA-00000098,,2025-01-23,LANDSCAPING,MEDIUM,COMPLETED,8224.98,5108.11,2025-02-01,9
WO-VLS8RUTNLB72,CA-WA-00000098,,2025-01-26,STRUCTURAL,MEDIUM,COMPLETED,11298.99,3599.26,2025-01-28,2
WO-BFBWAJQE8YJ3,CA-WA-00000098,,2025-01-11,ELECTRICAL,MEDIUM,COMPLETED,10817.53,478.0,2025-01-18,7
WO-FVDLEB3X373O,CA-WA-00000098,,2025-01-08,ELEVATOR,EMERGENCY,COMPLETED,8963.67,11186.1,2025-01-18,10
WO-FMZHJYOKFO0W,CA-WA-00000098,,2025-02-21,STRUCTURAL,HIGH,COMPLETED,13983.83,8973.02,2025-03-10,17
WO-A844GJEH8H5G,CA-WA-00000098,,2025-02-01,HVAC,MEDIUM,COMPLETED,14078.3,1892.5,2025-02-12,11
WO-9LMM7PWV6PVK,CA-WA-00000098,,2025-02-17,LANDSCAPING,MEDIUM,COMPLETED,9760.22,220.88,2025-02-24,7
WO-615H2FQXM2F5,CA-WA-00000098,,2025-02-19,PLUMBING,MEDIUM,OPEN,12403.8,,,62
WO-JJ1SVNNKIKKE,CA-WA-00000098,,2025-02-03,PLUMBING,MEDIUM,OPEN,12230.58,,,138
WO-U1NGUFD98NLA,CA-WA-00000098,,2025-02-03,PLUMBING,MEDIUM,DEFERRED,5993.78,,,35
WO-5VZ18HGHN2ID,CA-WA-00000098,,2025-03-08,STRUCTURAL,LOW,COMPLETED,3070.52,7314.62,2025-03-09,1
WO-GKRI3HGV2L26,CA-WA-00000098,,2025-03-21,PLUMBING,MEDIUM,DEFERRED,6455.08,,,14
WO-LWI3UUPZSVRF,CA-WA-00000098,,2025-03-27,PLUMBING,MEDIUM,COMPLETED,6198.61,2345.46,2025-04-13,17
WO-BJCNEELSQFAY,CA-WA-00000098,,2025-03-15,PLUMBING,EMERGENCY,DEFERRED,2953.65,,,26
WO-B6H2QCDG3P25,CA-WA-00000098,,2025-03-20,PLUMBING,MEDIUM,OPEN,9192.59,,,12
WO-K9XC2MNA74DD,CA-WA-00000098,,2025-03-12,LANDSCAPING,MEDIUM,COMPLETED,2877.74,4955.53,2025-03-17,5
WO-URKJJY3I37BF,CA-WA-00000098,,2025-03-09,STRUCTURAL,HIGH,DEFERRED,4554.74,,,43
WO-FPNPSMRE8ZA3,CA-WA-00000098,,2025-04-17,PLUMBING,MEDIUM,COMPLETED,11399.01,3298.63,2025-04-30,13
WO-W2CTC039NGAR,CA-WA-00000098,,2025-04-14,STRUCTURAL,MEDIUM,COMPLETED,8501.43,7688.86,2025-04-28,14
WO-1UNIBCJEPG7C,CA-WA-00000098,,2025-04-16,ELECTRICAL,HIGH,COMPLETED,13080.74,7078.87,2025-04-30,14
WO-7XHE8OGQ3H22,CA-WA-00000098,,2025-04-21,PLUMBING,LOW,DEFERRED,14292.82,,,59
WO-TJQA94ZQXJKM,CA-WA-00000098,,2025-04-15,ROOFING,LOW,COMPLETED,6687.94,10655.56,2025-04-17,2
WO-KV1K41PFXEYI,CA-WA-00000098,,2025-05-26,PLUMBING,MEDIUM,COMPLETED,9386.56,11566.73,2025-06-09,14
WO-YN5V3YXGESED,CA-WA-00000098,,2025-05-11,GENERAL,MEDIUM,OPEN,7472.08,,,25
WO-S4XZQVPHW30E,CA-WA-00000098,,2025-05-22,HVAC,LOW,COMPLETED,13821.97,7429.92,2025-06-12,21
WO-1M1L5KZ41NPB,CA-WA-00000098,,2025-05-16,LANDSCAPING,MEDIUM,COMPLETED,5227.54,5189.77,2025-05-27,11
WO-811INRKU0QLB,CA-WA-00000098,,2025-05-24,STRUCTURAL,MEDIUM,COMPLETED,12391.57,9007.35,2025-06-05,12
WO-GKMT5U9WGEVD,CA-WA-00000098,,2025-06-11,HVAC,EMERGENCY,COMPLETED,5520.2,3099.84,2025-06-22,11
WO-MVWERPFF68MG,CA-WA-00000098,,2025-06-19,ELEVATOR,LOW,COMPLETED,7344.1,7826.3,2025-07-02,13
WO-VK6ZMEB54BF7,CA-WA-00000098,,2025-06-16,HVAC,MEDIUM,OPEN,6340.89,,,16
WO-L58HHDDK3SJW,CA-WA-00000098,,2025-06-19,PLUMBING,LOW,DEFERRED,14255.8,,,162
WO-BUB5KKMYUNUR,CA-WA-00000098,,2025-06-11,ROOFING,MEDIUM,COMPLETED,6508.76,9463.9,2025-06-22,11
WO-HPF749KMB37C,CA-FL-00000099,,2024-01-01,LANDSCAPING,LOW,COMPLETED,7325.5,4043.34,2024-01-16,15
WO-AFWUV63ZSTAN,CA-FL-00000099,,2024-01-08,ROOFING,MEDIUM,COMPLETED,4807.75,5718.08,2024-01-19,11
WO-T1IO04ZGURCB,CA-FL-00000099,,2024-02-08,GENERAL,MEDIUM,OPEN,11463.04,,,194
WO-W0Y4LSA66A63,CA-FL-00000099,,2024-02-01,PLUMBING,EMERGENCY,COMPLETED,9958.37,1193.81,2024-02-18,17
WO-PF6IJR7IW44V,CA-FL-00000099,,2024-03-24,HVAC,MEDIUM,COMPLETED,1789.18,6534.4,2024-04-06,13
WO-27RAJUO840WM,CA-FL-00000099,,2024-04-15,ROOFING,MEDIUM,COMPLETED,12793.68,10818.69,2024-04-25,10
WO-V2FWZC48V3XL,CA-FL-00000099,,2024-05-09,GENERAL,MEDIUM,COMPLETED,7519.97,6199.22,2024-05-16,7
WO-7H4U3KEI6PGZ,CA-FL-00000099,,2024-06-16,ROOFING,EMERGENCY,DEFERRED,12175.3,,,77
WO-WV0N2MY17NKJ,CA-FL-00000099,,2024-06-25,PLUMBING,LOW,COMPLETED,14388.66,3562.41,2024-07-14,19
WO-9MG58F6XH7PD,CA-FL-00000099,,2024-07-24,ROOFING,MEDIUM,OPEN,8554.02,,,427
WO-RRJMAD5WH7SN,CA-FL-00000099,,2024-07-28,HVAC,LOW,COMPLETED,3013.0,6177.13,2024-08-02,5
WO-J9MWG6VB1HZL,CA-FL-00000099,,2024-07-04,ELEVATOR,LOW,COMPLETED,2927.36,2234.64,2024-07-25,21
WO-6SJLRTHM3ACL,CA-FL-00000099,,2024-09-18,ELECTRICAL,HIGH,COMPLETED,9946.18,10715.22,2024-10-06,18
WO-FJJKOSXV9SW9,CA-FL-00000099,,2024-09-27,ELECTRICAL,HIGH,COMPLETED,3744.29,7146.29,2024-10-09,12
WO-MOQH3A54TJ3B,CA-FL-00000099,,2024-09-07,ROOFING,HIGH,COMPLETED,4373.94,4218.77,2024-09-10,3
WO-Y1VUEWSC977D,CA-FL-00000099,,2024-10-01,ELECTRICAL,LOW,OPEN,4617.72,,,34
WO-1OUL2MTSF3EO,CA-FL-00000099,,2024-10-05,HVAC,MEDIUM,COMPLETED,6244.72,6924.2,2024-10-24,19
WO-6TK96LVV2M4V,CA-FL-00000099,,2024-11-25,GENERAL,LOW,COMPLETED,11826.72,6769.31,2024-12-02,7
WO-ZTCWTHDYI3CC,CA-FL-00000099,,2024-12-02,GENERAL,LOW,OPEN,4447.88,,,210
WO-5UQ2UR9IYGAX,CA-FL-00000099,,2025-01-04,GENERAL,MEDIUM,COMPLETED,10057.41,1996.7,2025-01-12,8
WO-MN6G8PEEGWKG,CA-FL-00000099,,2025-01-06,LANDSCAPING,HIGH,COMPLETED,7532.9,8115.6,2025-01-24,18
WO-C08MT5226P1O,CA-FL-00000099,,2025-01-04,PLUMBING,HIGH,DEFERRED,10228.37,,,55
WO-7OZPQECF0LW3,CA-FL-00000099,,2025-02-15,HVAC,MEDIUM,DEFERRED,4126.39,,,16
WO-DBTQLQTBNFT9,CA-FL-00000099,,2025-02-28,STRUCTURAL,HIGH,COMPLETED,11815.13,7786.34,2025-03-03,3
WO-EPLFHOC84KMJ,CA-FL-00000099,,2025-02-10,ROOFING,HIGH,COMPLETED,4043.72,7894.25,2025-02-28,18
WO-HNL6JXVTEYY7,CA-FL-00000099,,2025-02-17,GENERAL,HIGH,COMPLETED,11801.43,7781.78,2025-03-01,12
WO-VU6N6ZKM8LUZ,CA-FL-00000099,,2025-05-23,PLUMBING,HIGH,OPEN,1252.33,,,62
WO-FHXPCABQU4QC,CA-FL-00000099,,2025-06-10,ELECTRICAL,HIGH,OPEN,5404.58,,,61
WO-BFEBIZI5QV7A,CA-FL-00000099,,2025-06-07,STRUCTURAL,MEDIUM,COMPLETED,8255.95,1168.28,2025-06-23,16
WO-VA7GPVOQ452O,CA-FL-00000100,,2024-02-21,LANDSCAPING,HIGH,COMPLETED,3503.34,6663.02,2024-02-27,6
WO-ZK6QQZ2PH2ED,CA-FL-00000100,,2024-02-20,PLUMBING,MEDIUM,OPEN,6452.06,,,66
WO-NE7M3LZLI3TF,CA-FL-00000100,,2024-02-17,ELECTRICAL,MEDIUM,COMPLETED,12668.94,9194.06,2024-03-06,18
WO-7GQSPWEE1EN4,CA-FL-00000100,,2024-03-12,LANDSCAPING,LOW,COMPLETED,2536.01,3262.31,2024-04-02,21
WO-5QNQ4BESGCK1,CA-FL-00000100,,2024-03-04,ROOFING,MEDIUM,COMPLETED,14881.64,1474.11,2024-03-24,20
WO-ZXDRY1GYU3YS,CA-FL-00000100,,2024-03-15,PLUMBING,HIGH,DEFERRED,3286.93,,,12
WO-JFVHYF6AADNT,CA-FL-00000100,,2024-04-24,HVAC,LOW,OPEN,9800.93,,,21
WO-7Z9CR7FXW7ZW,CA-FL-00000100,,2024-04-11,PLUMBING,MEDIUM,COMPLETED,4358.03,10142.08,2024-04-12,1
WO-Y2AVNPQL6UDF,CA-FL-00000100,,2024-04-07,LANDSCAPING,MEDIUM,DEFERRED,13467.23,,,39
WO-UXKT7LKIAG0T,CA-FL-00000100,,2024-05-08,HVAC,MEDIUM,COMPLETED,884.86,3075.24,2024-05-24,16
WO-U6PQ3EWMMAOS,CA-FL-00000100,,2024-05-19,HVAC,MEDIUM,COMPLETED,2343.19,5246.67,2024-05-22,3
WO-17N80V3HLBPP,CA-FL-00000100,,2024-05-23,LANDSCAPING,MEDIUM,COMPLETED,4689.22,10005.34,2024-05-28,5
WO-QWEDIJTQBY1T,CA-FL-00000100,,2024-06-17,GENERAL,LOW,DEFERRED,2582.08,,,27
WO-4B304CZSQOON,CA-FL-00000100,,2024-06-15,PLUMBING,MEDIUM,OPEN,10007.06,,,54
WO-NNKR2UAU9HPT,CA-FL-00000100,,2024-08-27,PLUMBING,MEDIUM,COMPLETED,14500.78,10923.08,2024-09-01,5
WO-TO9UZPSBW5BX,CA-FL-00000100,,2024-08-22,ROOFING,LOW,COMPLETED,12061.08,9900.59,2024-09-01,10
WO-T9AI0NHWSW6S,CA-FL-00000100,,2024-08-12,HVAC,MEDIUM,COMPLETED,13452.96,4363.37,2024-09-01,20
WO-OT0USYBC1L4M,CA-FL-00000100,,2024-08-28,ELECTRICAL,MEDIUM,DEFERRED,1459.69,,,46
WO-7B26JE25HGR7,CA-FL-00000100,,2024-09-19,HVAC,HIGH,DEFERRED,13086.94,,,35
WO-QF6X03SSJTQ4,CA-FL-00000100,,2024-09-13,ELEVATOR,LOW,COMPLETED,6713.04,11331.71,2024-09-29,16
WO-GCHL2TUN56PC,CA-FL-00000100,,2024-09-07,STRUCTURAL,MEDIUM,OPEN,1824.6,,,35
WO-1DLAC6QS0MKU,CA-FL-00000100,,2024-09-09,HVAC,HIGH,COMPLETED,1513.41,4681.16,2024-09-15,6
WO-41KWBYFSGTD9,CA-FL-00000100,,2024-10-17,ROOFING,MEDIUM,DEFERRED,12243.43,,,110
WO-XSAT8VXM4D8D,CA-FL-00000100,,2024-11-04,ELECTRICAL,LOW,COMPLETED,5191.82,7354.51,2024-11-05,1
WO-LMM3YZ42S4N1,CA-FL-00000100,,2024-12-12,LANDSCAPING,LOW,COMPLETED,14584.95,10214.87,2024-12-13,1
WO-8ZSCRBLMGEM0,CA-FL-00000100,,2024-12-14,PLUMBING,LOW,DEFERRED,14369.75,,,40
WO-XU7MY31O60I6,CA-FL-00000100,,2024-12-18,GENERAL,LOW,OPEN,10129.29,,,11
WO-YEQP50T5OX6X,CA-FL-00000100,,2025-01-11,HVAC,HIGH,COMPLETED,13174.89,3167.4,2025-01-17,6
WO-WZAX0B7U4ZWW,CA-FL-00000100,,2025-01-22,LANDSCAPING,HIGH,OPEN,10535.03,,,21
WO-0H9YYIW05FH6,CA-FL-00000100,,2025-02-19,PLUMBING,MEDIUM,COMPLETED,12363.16,8331.98,2025-03-02,11
WO-7KWH4H7ME56X,CA-FL-00000100,,2025-02-23,STRUCTURAL,MEDIUM,COMPLETED,4797.69,10965.38,2025-03-07,12
WO-JR4XT3E7ZNBZ,CA-FL-00000100,,2025-03-04,ELEVATOR,MEDIUM,COMPLETED,14657.04,4427.96,2025-03-16,12
WO-WIDZQMU77LBP,CA-FL-00000100,,2025-04-25,ROOFING,LOW,COMPLETED,4933.37,1195.95,2025-04-29,4
WO-42MPHFWG6CY9,CA-FL-00000100,,2025-04-13,HVAC,HIGH,DEFERRED,12043.06,,,50
WO-DUSUNIN7ZLPQ,CA-FL-00000100,,2025-04-08,HVAC,MEDIUM,COMPLETED,14694.32,9339.69,2025-04-25,17
WO-TNSBZSNQW6VO,CA-FL-00000100,,2025-04-23,PLUMBING,MEDIUM,COMPLETED,5064.15,6145.77,2025-04-26,3
WO-WIXF3B9YOIP8,CA-FL-00000100,,2025-05-08,STRUCTURAL,MEDIUM,COMPLETED,11100.56,784.65,2025-05-11,3
WO-QDATSMAHY2HI,CA-FL-00000100,,2025-05-20,PLUMBING,LOW,DEFERRED,4644.62,,,92
WO-NEV564S6MODW,CA-FL-00000100,,2025-06-14,GENERAL,MEDIUM,OPEN,4835.36,,,53
WO-AE0ZMSY84RB5,CA-FL-00000100,,2025-06-05,HVAC,MEDIUM,COMPLETED,13251.97,4345.77,2025-06-17,12
WO-A0DZEG1TH3Z1,CA-FL-00000100,,2025-06-16,PLUMBING,MEDIUM,DEFERRED,5345.89,,,29
WO-ZBZM01GIA4LD,CA-FL-00000100,,2025-06-09,LANDSCAPING,MEDIUM,COMPLETED,9233.6,862.38,2025-06-18,9
WO-1CHREZ3BE2WI,CA-TX-00000101,,2024-04-10,PLUMBING,MEDIUM,COMPLETED,6947.3,1191.94,2024-04-18,8
WO-WNW2RCW90ITA,CA-TX-00000101,,2024-06-15,PLUMBING,MEDIUM,COMPLETED,2471.58,1809.08,2024-06-30,15
WO-GJ4HFRD896HB,CA-TX-00000101,,2024-08-10,GENERAL,LOW,COMPLETED,1846.54,8602.67,2024-08-14,4
WO-ASNM8XRE3L5Q,CA-TX-00000101,,2024-09-02,LANDSCAPING,MEDIUM,DEFERRED,4924.8,,,71
WO-U6QY3AC1G1FU,CA-TX-00000101,,2024-09-15,HVAC,MEDIUM,COMPLETED,14304.9,11108.29,2024-09-21,6
WO-78SZGSM09QH9,CA-TX-00000101,,2024-10-22,ROOFING,MEDIUM,OPEN,3166.78,,,33
WO-MGFPBWBMO0XG,CA-TX-00000101,,2025-02-08,ELECTRICAL,MEDIUM,COMPLETED,8158.17,4446.88,2025-02-12,4
WO-JUUF2ET2AICS,CA-TX-00000101,,2025-03-21,ELECTRICAL,MEDIUM,COMPLETED,2463.45,8284.81,2025-04-08,18
WO-NC0H0SPZ313K,CA-TX-00000101,,2025-05-23,GENERAL,MEDIUM,COMPLETED,1602.47,329.72,2025-05-26,3
WO-DCZOV7M2TIQY,CA-TX-00000101,,2025-05-08,ELECTRICAL,HIGH,COMPLETED,11844.14,2671.46,2025-05-16,8
WO-D4TGX7YN8X4N,CA-TX-00000101,,2025-06-13,GENERAL,HIGH,COMPLETED,10325.81,697.3,2025-06-23,10
WO-5UUP08P4D96W,CA-TX-00000102,,2024-02-01,ELEVATOR,MEDIUM,COMPLETED,14166.71,2970.13,2024-02-21,20
WO-WPKZ8CPS3XAT,CA-TX-00000102,,2024-02-14,STRUCTURAL,LOW,COMPLETED,13410.45,4321.3,2024-02-19,5
WO-GS5S8NJS9QBD,CA-TX-00000102,,2024-03-20,PLUMBING,MEDIUM,COMPLETED,2222.18,1426.2,2024-04-09,20
WO-R9222GS9I4IL,CA-TX-00000102,,2024-03-25,PLUMBING,HIGH,COMPLETED,5136.26,11601.4,2024-04-08,14
WO-8SBHOVIK5NDU,CA-TX-00000102,,2024-04-28,GENERAL,MEDIUM,DEFERRED,5413.93,,,22
WO-KDDQ45OBXZYN,CA-TX-00000102,,2024-04-20,GENERAL,MEDIUM,COMPLETED,14194.97,3842.95,2024-05-07,17
WO-MB3VUM0V4U5E,CA-TX-00000102,,2024-04-01,HVAC,HIGH,COMPLETED,11035.27,9094.65,2024-04-06,5
WO-6M236X2M8BVD,CA-TX-00000102,,2024-04-12,GENERAL,LOW,DEFERRED,6594.84,,,119
WO-2Q3DPGAG8JPA,CA-TX-00000102,,2024-04-24,LANDSCAPING,MEDIUM,COMPLETED,9748.38,7011.25,2024-04-29,5
WO-BS6KFKNJKXWV,CA-TX-00000102,,2024-05-13,PLUMBING,MEDIUM,COMPLETED,1060.22,1421.79,2024-05-17,4
WO-T11RO1J5QMUO,CA-TX-00000102,,2024-05-28,ELEVATOR,MEDIUM,OPEN,7245.5,,,33
WO-5DXT4V85I37U,CA-TX-00000102,,2024-05-22,ELECTRICAL,HIGH,OPEN,9895.39,,,43
WO-0U2ZKE59A2TQ,CA-TX-00000102,,2024-05-01,GENERAL,MEDIUM,COMPLETED,1819.64,11012.15,2024-05-07,6
WO-8QKY7ODV7TOT,CA-TX-00000102,,2024-06-24,STRUCTURAL,LOW,COMPLETED,12172.87,3122.99,2024-06-25,1
WO-Z948SSB28SQ2,CA-TX-00000102,,2024-07-11,LANDSCAPING,MEDIUM,COMPLETED,13694.09,7181.19,2024-07-23,12
WO-EK2QYRKCYZ7K,CA-TX-00000102,,2024-07-07,ROOFING,MEDIUM,DEFERRED,7004.05,,,53
WO-2J9JH1CQNUYB,CA-TX-00000102,,2024-08-19,GENERAL,MEDIUM,COMPLETED,5356.42,154.82,2024-08-29,10
WO-TG0GI63K2JM2,CA-TX-00000102,,2024-08-20,ROOFING,MEDIUM,COMPLETED,6203.86,7276.91,2024-08-29,9
WO-YVNMR9L53023,CA-TX-00000102,,2024-08-08,ELEVATOR,LOW,OPEN,2966.62,,,130
WO-PFLUXKVEF5YL,CA-TX-00000102,,2024-09-16,ROOFING,MEDIUM,DEFERRED,14280.88,,,11
WO-YS3NWEDVCEFT,CA-TX-00000102,,2024-10-20,ELECTRICAL,EMERGENCY,DEFERRED,4242.44,,,69
WO-2AVMR1SU2EUE,CA-TX-00000102,,2024-10-15,PLUMBING,LOW,COMPLETED,12069.43,7497.87,2024-10-20,5
WO-8JXD93IVFC82,CA-TX-00000102,,2024-11-06,STRUCTURAL,LOW,COMPLETED,11067.18,866.28,2024-11-07,1
WO-CM1LHH6OC2WG,CA-TX-00000102,,2024-11-20,PLUMBING,MEDIUM,DEFERRED,6258.47,,,42
WO-JYRKQXD8XR4F,CA-TX-00000102,,2024-11-01,ELECTRICAL,HIGH,DEFERRED,7767.98,,,60
WO-X8GBUV7Q4NTF,CA-TX-00000102,,2024-12-15,HVAC,HIGH,DEFERRED,6957.77,,,74
WO-CYLKDX672RIN,CA-TX-00000102,,2024-12-18,ROOFING,HIGH,OPEN,9179.19,,,40
WO-1UI6OYGAN0HO,CA-TX-00000102,,2024-12-05,GENERAL,MEDIUM,DEFERRED,3234.94,,,36
WO-JTME7HMSVURY,CA-TX-00000102,,2024-12-01,PLUMBING,MEDIUM,COMPLETED,10431.41,10398.55,2024-12-19,18
WO-R7Z8E8SJ0U9Y,CA-TX-00000102,,2025-01-13,PLUMBING,MEDIUM,OPEN,14094.54,,,202
WO-49J1WM4I6IKZ,CA-TX-00000102,,2025-01-17,LANDSCAPING,HIGH,COMPLETED,10658.03,7156.24,2025-01-26,9
WO-09SM61ECTMC5,CA-TX-00000102,,2025-02-11,HVAC,LOW,OPEN,7846.79,,,53
WO-9FMNGRQNOGKX,CA-TX-00000102,,2025-02-23,HVAC,MEDIUM,COMPLETED,1907.57,3937.11,2025-03-05,10
WO-T26J8F81LU4O,CA-TX-00000102,,2025-03-15,ELECTRICAL,MEDIUM,COMPLETED,10695.29,10331.55,2025-03-22,7
WO-WLANJXCJWSFW,CA-TX-00000102,,2025-03-15,ELECTRICAL,MEDIUM,DEFERRED,9039.53,,,131
WO-EPME91JRNPGK,CA-TX-00000102,,2025-04-17,GENERAL,MEDIUM,COMPLETED,6348.34,9533.65,2025-04-18,1
WO-QD5ITHLLZESC,CA-TX-00000102,,2025-04-24,PLUMBING,HIGH,DEFERRED,1974.59,,,78
WO-WZ36CNG6FV29,CA-TX-00000102,,2025-04-07,PLUMBING,HIGH,COMPLETED,11718.89,3565.85,2025-04-27,20
WO-PFTZFEPQIGVB,CA-TX-00000102,,2025-04-15,HVAC,MEDIUM,COMPLETED,11959.6,6528.12,2025-04-29,14
WO-OB6SG3MYX9L8,CA-TX-00000102,,2025-04-28,GENERAL,MEDIUM,COMPLETED,6341.42,6555.32,2025-05-12,14
WO-1JO795GAVVUD,CA-TX-00000102,,2025-05-11,STRUCTURAL,MEDIUM,COMPLETED,12418.44,4677.8,2025-05-17,6
WO-NFHM9PL74A53,CA-TX-00000102,,2025-05-26,LANDSCAPING,MEDIUM,OPEN,5324.84,,,56
WO-RSO6ATCKXZUT,CA-TX-00000103,,2024-01-10,GENERAL,MEDIUM,COMPLETED,13258.92,399.6,2024-01-18,8
WO-YDG7FEDCI4US,CA-TX-00000103,,2024-02-15,HVAC,MEDIUM,COMPLETED,10421.68,2429.69,2024-03-02,16
WO-7VER3LY3CTZ0,CA-TX-00000103,,2024-03-10,LANDSCAPING,HIGH,COMPLETED,1103.61,6624.57,2024-03-26,16
WO-97BGVMGAFINY,CA-TX-00000103,,2024-07-10,ELEVATOR,MEDIUM,COMPLETED,598.56,5257.69,2024-07-28,18
WO-ZCXZ1ATUWMZ4,CA-TX-00000103,,2024-07-17,ELEVATOR,HIGH,COMPLETED,6095.94,9185.86,2024-08-02,16
WO-QMF1S7QJ6WAU,CA-TX-00000103,,2024-09-05,GENERAL,LOW,COMPLETED,8152.5,9051.23,2024-09-19,14
WO-A3425UM4Q0TX,CA-TX-00000103,,2024-09-07,PLUMBING,MEDIUM,COMPLETED,9114.66,9324.08,2024-09-19,12
WO-1M7JFP7JB8JD,CA-TX-00000103,,2024-10-14,GENERAL,HIGH,COMPLETED,5435.9,7842.15,2024-11-02,19
WO-F76OJGE6A7QZ,CA-TX-00000103,,2024-12-02,LANDSCAPING,HIGH,OPEN,1515.04,,,32
WO-WQK16HWDITIO,CA-TX-00000103,,2025-02-13,ROOFING,LOW,OPEN,4804.4,,,95
WO-0SQXFJIOGM9T,CA-TX-00000103,,2025-02-11,LANDSCAPING,HIGH,COMPLETED,8342.05,927.03,2025-02-20,9
WO-3TS1JN4SG7CE,CA-TX-00000103,,2025-03-08,STRUCTURAL,LOW,COMPLETED,1796.86,5691.7,2025-03-17,9
WO-18XF504HHN67,CA-TX-00000103,,2025-04-15,LANDSCAPING,LOW,COMPLETED,9995.03,2442.26,2025-04-23,8
WO-MJTHAVY44A2T,CA-CO-00000104,,2024-01-06,ELEVATOR,LOW,COMPLETED,477.68,10188.41,2024-01-27,21
WO-KBE5RQGQ29BL,CA-CO-00000104,,2024-04-01,HVAC,LOW,COMPLETED,3627.77,6459.65,2024-04-07,6
WO-MGFFJEX81C0D,CA-CO-00000104,,2024-05-11,ELECTRICAL,HIGH,COMPLETED,4155.46,8222.66,2024-05-18,7
WO-AJRELILE9OH4,CA-CO-00000104,,2024-06-27,ROOFING,EMERGENCY,COMPLETED,10534.11,9004.98,2024-07-14,17
WO-XTSA6WL4UACI,CA-CO-00000104,,2024-07-15,GENERAL,MEDIUM,COMPLETED,14880.67,5920.09,2024-07-29,14
WO-MPXEC5CCT7QE,CA-CO-00000104,,2024-08-14,ROOFING,MEDIUM,DEFERRED,8587.63,,,67
WO-I3ILDFC4RWT2,CA-CO-00000104,,2024-09-13,LANDSCAPING,HIGH,COMPLETED,11349.18,5617.26,2024-10-04,21
WO-ZMCKUGS3LIMK,CA-CO-00000104,,2024-09-15,HVAC,LOW,COMPLETED,8115.16,189.07,2024-09-19,4
WO-EXOI3O4JOS5C,CA-CO-00000104,,2024-11-24,ELEVATOR,HIGH,COMPLETED,13974.36,8496.08,2024-12-04,10
WO-EHPWBMMZTCCR,CA-CO-00000104,,2024-12-10,HVAC,HIGH,COMPLETED,9048.1,3223.46,2024-12-13,3
WO-JYYNJ20TNPDF,CA-CO-00000104,,2025-05-20,ROOFING,LOW,COMPLETED,13797.08,8933.67,2025-06-10,21
WO-LFJIF4Y373MR,CA-NV-00000105,,2024-03-12,HVAC,MEDIUM,COMPLETED,7295.65,9036.23,2024-03-18,6
WO-211WI96B30NF,CA-NV-00000105,,2024-03-08,PLUMBING,LOW,COMPLETED,4779.29,1840.09,2024-03-28,20
WO-SUE96UZNONQN,CA-NV-00000105,,2024-04-22,ELECTRICAL,MEDIUM,COMPLETED,3058.18,11228.85,2024-05-08,16
WO-V0PKHN8RUU0W,CA-NV-00000105,,2024-05-04,HVAC,MEDIUM,COMPLETED,11760.71,9887.08,2024-05-21,17
WO-VW1WTW7T0OD5,CA-NV-00000105,,2024-06-07,PLUMBING,HIGH,COMPLETED,12445.49,4490.34,2024-06-26,19
WO-5RG8SAW0LDJK,CA-NV-00000105,,2024-07-15,LANDSCAPING,LOW,COMPLETED,895.87,10621.06,2024-07-30,15
WO-3C2CGQLNEH5L,CA-NV-00000105,,2024-07-27,GENERAL,MEDIUM,COMPLETED,2297.02,1665.98,2024-07-30,3
WO-Y37FT0UKS9WY,CA-NV-00000105,,2024-09-27,LANDSCAPING,EMERGENCY,COMPLETED,14925.1,422.18,2024-10-11,14
WO-CUX7KCPLIY0E,CA-NV-00000105,,2024-09-28,STRUCTURAL,HIGH,COMPLETED,11404.93,5920.04,2024-10-05,7
WO-UB0E2TDNYRJG,CA-NV-00000105,,2024-10-18,LANDSCAPING,MEDIUM,COMPLETED,7438.52,11975.4,2024-10-19,1
WO-SWSS557SKSZB,CA-NV-00000105,,2024-11-06,LANDSCAPING,LOW,COMPLETED,10160.27,3724.18,2024-11-25,19
WO-A5NOAK67I3RI,CA-NV-00000105,,2024-12-10,LANDSCAPING,LOW,COMPLETED,809.92,11127.12,2024-12-25,15
WO-TM6UNRFC09NT,CA-NV-00000105,,2024-12-11,HVAC,EMERGENCY,COMPLETED,489.51,1500.17,2024-12-21,10
WO-PV20Z44RT6HO,CA-NV-00000105,,2024-12-20,ROOFING,LOW,COMPLETED,3373.47,3642.99,2024-12-30,10
WO-7LM4PH329DW1,CA-NV-00000105,,2025-04-26,HVAC,MEDIUM,COMPLETED,2111.91,5261.55,2025-04-28,2
WO-39TEM110BSS6,CA-NV-00000105,,2025-05-09,ELEVATOR,LOW,DEFERRED,293.15,,,207
WO-JJXB0A9N8RWS,CA-NV-00000105,,2025-05-17,LANDSCAPING,LOW,COMPLETED,7088.6,2096.6,2025-06-05,19
WO-CMPMLZH4XTBT,CA-NV-00000105,,2025-06-19,GENERAL,MEDIUM,COMPLETED,10915.29,9075.18,2025-06-28,9
WO-36TM0KEWUYPD,CA-NV-00000105,,2025-06-26,PLUMBING,MEDIUM,COMPLETED,2306.18,2916.59,2025-07-08,12
WO-HGOZOSR2K8YU,CA-NY-00000106,,2024-01-03,GENERAL,HIGH,COMPLETED,11066.88,8760.8,2024-01-08,5
WO-6PBBSK4KPGK2,CA-NY-00000106,,2024-04-13,ELEVATOR,LOW,COMPLETED,7623.44,10638.83,2024-05-03,20
WO-DBF2D4HWS6Z6,CA-NY-00000106,,2024-04-21,STRUCTURAL,MEDIUM,COMPLETED,10797.55,5061.82,2024-05-05,14
WO-LTOHTGHIH2LV,CA-NY-00000106,,2024-05-10,GENERAL,HIGH,COMPLETED,10921.51,4701.45,2024-05-22,12
WO-TN2R7BBH79CK,CA-NY-00000106,,2024-07-28,HVAC,MEDIUM,COMPLETED,5598.78,9558.19,2024-08-15,18
WO-BHJ44EGTM4CP,CA-NY-00000106,,2024-07-17,PLUMBING,MEDIUM,COMPLETED,7118.33,11118.83,2024-07-22,5
WO-Y29VJG632N8M,CA-NY-00000106,,2024-09-23,STRUCTURAL,MEDIUM,COMPLETED,5155.83,2176.55,2024-10-07,14
WO-ZRH5GFI05VAS,CA-NY-00000106,,2024-10-08,HVAC,LOW,COMPLETED,11245.5,8314.06,2024-10-29,21
WO-YF3YUI2EUXGV,CA-NY-00000106,,2024-11-25,ELECTRICAL,MEDIUM,COMPLETED,9503.37,5691.94,2024-12-10,15
WO-5860XP446V4M,CA-NY-00000106,,2024-12-13,HVAC,HIGH,OPEN,11880.29,,,17
WO-36BKVUDGSW4I,CA-NY-00000106,,2025-01-19,STRUCTURAL,HIGH,COMPLETED,9432.93,9597.93,2025-01-20,1
WO-B9YJZO2FR7D5,CA-NY-00000106,,2025-02-17,PLUMBING,LOW,COMPLETED,3989.41,7973.33,2025-02-23,6
WO-957FEFWBOKE4,CA-NY-00000106,,2025-02-27,GENERAL,MEDIUM,COMPLETED,6176.34,7004.45,2025-03-07,8
WO-FRDXKGUB5U7R,CA-NY-00000106,,2025-03-23,LANDSCAPING,MEDIUM,COMPLETED,5268.32,6609.37,2025-03-26,3
WO-1WFGF8100F3I,CA-NY-00000106,,2025-04-23,PLUMBING,MEDIUM,DEFERRED,7429.02,,,23
WO-CMIGABN0DFX8,CA-NY-00000106,,2025-05-05,HVAC,MEDIUM,COMPLETED,12127.09,4944.77,2025-05-23,18
WO-R41O4LDCEA27,CA-CA-00000107,,2024-01-10,PLUMBING,MEDIUM,COMPLETED,803.85,9227.73,2024-01-29,19
WO-FCM2OXD5PI5S,CA-CA-00000107,,2024-02-28,ELECTRICAL,LOW,COMPLETED,3346.39,1439.42,2024-03-18,19
WO-08H4FPQ9HJFE,CA-CA-00000107,,2024-03-12,PLUMBING,MEDIUM,COMPLETED,11285.2,9454.83,2024-03-23,11
WO-QA9FKNTW81UZ,CA-CA-00000107,,2024-04-21,LANDSCAPING,MEDIUM,COMPLETED,1520.17,8884.0,2024-04-22,1
WO-YD43OX5H8G9D,CA-CA-00000107,,2024-04-03,PLUMBING,MEDIUM,COMPLETED,7902.55,1838.79,2024-04-06,3
WO-78Q579XJBG2G,CA-CA-00000107,,2024-05-24,GENERAL,LOW,COMPLETED,6083.37,2081.71,2024-05-25,1
WO-CYPF1FGENG0H,CA-CA-00000107,,2024-06-02,GENERAL,MEDIUM,COMPLETED,3514.67,8213.29,2024-06-17,15
WO-29AF7QGU5BS5,CA-CA-00000107,,2024-08-03,GENERAL,LOW,COMPLETED,13768.92,11500.4,2024-08-07,4
WO-KLEXGXMXQMKN,CA-CA-00000107,,2025-03-12,LANDSCAPING,HIGH,OPEN,3480.82,,,18
WO-8M1MON9Q3IOA,CA-CA-00000107,,2025-04-22,PLUMBING,LOW,COMPLETED,1316.08,8409.14,2025-05-08,16
WO-OCJ6WK44ETMF,CA-CA-00000107,,2025-05-25,HVAC,MEDIUM,COMPLETED,8451.53,8139.45,2025-06-12,18
WO-O7BBXMTFSUMY,CA-CA-00000107,,2025-05-11,HVAC,LOW,DEFERRED,11900.1,,,123
WO-T70N2GV8TQNV,CA-CA-00000107,,2025-06-16,LANDSCAPING,HIGH,COMPLETED,10149.56,7260.32,2025-06-30,14
WO-NE49LS28B737,CA-CA-00000107,,2025-06-11,LANDSCAPING,LOW,COMPLETED,10771.09,9911.9,2025-06-15,4
WO-TF6O2S5HYGK3,CA-FL-00000108,,2024-01-17,LANDSCAPING,MEDIUM,COMPLETED,8250.46,11185.5,2024-01-24,7
WO-KW0HGHEFX5ZJ,CA-FL-00000108,,2024-02-21,LANDSCAPING,MEDIUM,COMPLETED,1556.12,4495.92,2024-02-28,7
WO-N0ZE67O6I9E9,CA-FL-00000108,,2024-02-13,HVAC,HIGH,COMPLETED,6242.1,3964.02,2024-02-16,3
WO-KLZDNLXFKGSG,CA-FL-00000108,,2024-06-13,PLUMBING,MEDIUM,COMPLETED,3259.51,9864.63,2024-06-14,1
WO-R286FIRDFFZS,CA-FL-00000108,,2024-06-23,ELECTRICAL,LOW,COMPLETED,9497.03,1728.87,2024-07-12,19
WO-EZGHWUD2Z7NM,CA-FL-00000108,,2024-07-15,LANDSCAPING,MEDIUM,COMPLETED,2250.16,3041.52,2024-07-22,7
WO-19LB3KOKZIGB,CA-FL-00000108,,2024-07-15,GENERAL,LOW,OPEN,2788.1,,,35
WO-ZL8DOO4NIPWB,CA-FL-00000108,,2024-10-01,GENERAL,MEDIUM,COMPLETED,7926.95,8700.99,2024-10-13,12
WO-KD2OA3LRPL87,CA-FL-00000108,,2024-11-01,ELECTRICAL,MEDIUM,COMPLETED,12813.04,1461.74,2024-11-06,5
WO-35KVCA9VD7DU,CA-FL-00000108,,2024-11-03,ELEVATOR,LOW,COMPLETED,8841.79,11481.9,2024-11-12,9
WO-OOAFLU741M3Y,CA-FL-00000108,,2025-01-16,GENERAL,MEDIUM,COMPLETED,994.76,4824.39,2025-01-17,1
WO-4VZG4TBPN3AT,CA-FL-00000108,,2025-03-10,PLUMBING,LOW,COMPLETED,5369.56,5162.34,2025-03-11,1
WO-92JY883RGKSF,CA-FL-00000108,,2025-04-25,PLUMBING,MEDIUM,OPEN,5484.81,,,46
WO-QGCCDKWLTGL3,CA-FL-00000108,,2025-05-05,HVAC,MEDIUM,OPEN,10348.29,,,46
WO-NH46P04IQRD7,CA-FL-00000108,,2025-06-12,GENERAL,HIGH,COMPLETED,9709.33,11351.11,2025-07-01,19
WO-U5A4DEZE2RFL,CA-AZ-00000109,,2024-01-18,HVAC,HIGH,COMPLETED,13440.21,6812.92,2024-02-04,17
WO-DNL920XHYD6R,CA-AZ-00000109,,2024-01-18,ROOFING,LOW,COMPLETED,14492.54,3122.43,2024-02-03,16
WO-BMH6T6ZAGW6T,CA-AZ-00000109,,2024-01-24,HVAC,HIGH,OPEN,6091.79,,,65
WO-GXU4ENESP0K2,CA-AZ-00000109,,2024-02-03,ELEVATOR,LOW,DEFERRED,1971.4,,,40
WO-QUP1SLG0A1AS,CA-AZ-00000109,,2024-03-12,PLUMBING,LOW,OPEN,9001.23,,,56
WO-9MDI20KKKNFT,CA-AZ-00000109,,2024-03-05,ELEVATOR,MEDIUM,COMPLETED,10299.33,9615.1,2024-03-11,6
WO-5ATFG9Y340OQ,CA-AZ-00000109,,2024-03-24,HVAC,MEDIUM,DEFERRED,11492.46,,,92
WO-N6K1TI9MI527,CA-AZ-00000109,,2024-03-20,LANDSCAPING,HIGH,COMPLETED,4695.45,5412.88,2024-03-21,1
WO-DDZJYMXZ6JJA,CA-AZ-00000109,,2024-04-08,HVAC,HIGH,DEFERRED,12924.09,,,125
WO-MWS7L7B3T3O0,CA-AZ-00000109,,2024-04-23,ROOFING,HIGH,COMPLETED,12465.92,5989.6,2024-05-01,8
WO-NUT95A1IHNQ3,CA-AZ-00000109,,2024-04-12,LANDSCAPING,LOW,DEFERRED,5074.01,,,58
WO-QAZQI076SVNM,CA-AZ-00000109,,2024-04-02,ELECTRICAL,LOW,COMPLETED,1052.6,2771.38,2024-04-09,7
WO-9UPC1DNLJJY1,CA-AZ-00000109,,2024-04-20,GENERAL,LOW,DEFERRED,8793.41,,,36
WO-B6H0AN4XEPUT,CA-AZ-00000109,,2024-06-05,HVAC,MEDIUM,OPEN,5810.35,,,42
WO-R8VBMPPVNMR8,CA-AZ-00000109,,2024-06-09,ELECTRICAL,LOW,COMPLETED,8769.44,3031.24,2024-06-12,3
WO-X5X39UGRXI6S,CA-AZ-00000109,,2024-07-15,PLUMBING,MEDIUM,COMPLETED,11084.1,1808.87,2024-07-31,16
WO-LXW830QNGO6I,CA-AZ-00000109,,2024-07-21,PLUMBING,MEDIUM,DEFERRED,9777.2,,,48
WO-PU4CFSHX82D3,CA-AZ-00000109,,2024-07-22,LANDSCAPING,HIGH,COMPLETED,7304.02,7427.23,2024-08-09,18
WO-R6LBCKOUDWRW,CA-AZ-00000109,,2024-08-16,LANDSCAPING,LOW,COMPLETED,10411.72,1816.48,2024-08-22,6
WO-G67R6S65DMIJ,CA-AZ-00000109,,2024-08-07,PLUMBING,MEDIUM,DEFERRED,1729.49,,,13
WO-04ZEX2BVZAK2,CA-AZ-00000109,,2024-09-13,ROOFING,EMERGENCY,COMPLETED,6415.5,9383.12,2024-09-21,8
WO-00VL45KYIT70,CA-AZ-00000109,,2024-10-20,PLUMBING,LOW,COMPLETED,696.14,11342.64,2024-10-22,2
WO-MDD0EB7PIE2O,CA-AZ-00000109,,2024-10-13,LANDSCAPING,HIGH,COMPLETED,2325.16,4103.64,2024-10-24,11
WO-JQHDL01PN9M0,CA-AZ-00000109,,2024-10-15,GENERAL,MEDIUM,COMPLETED,13526.22,9377.74,2024-10-27,12
WO-J3R1B3ESBLPH,CA-AZ-00000109,,2024-11-17,LANDSCAPING,MEDIUM,COMPLETED,9841.37,6752.1,2024-11-22,5
WO-4W29EJB6AGCK,CA-AZ-00000109,,2024-11-05,ELECTRICAL,MEDIUM,OPEN,7690.38,,,50
WO-1VC51R0H55XI,CA-AZ-00000109,,2024-11-15,LANDSCAPING,HIGH,COMPLETED,8706.11,9357.26,2024-11-28,13
WO-6191OE5Q5I7X,CA-AZ-00000109,,2024-11-19,STRUCTURAL,MEDIUM,DEFERRED,4765.31,,,70
WO-APELC5ZGSBZP,CA-AZ-00000109,,2024-11-21,PLUMBING,HIGH,COMPLETED,6056.85,11156.14,2024-12-02,11
WO-TYR2LLHXBU14,CA-AZ-00000109,,2024-12-24,ELECTRICAL,LOW,COMPLETED,11905.16,10950.0,2025-01-13,20
WO-K6AS6IX2FB2M,CA-AZ-00000109,,2024-12-06,STRUCTURAL,LOW,COMPLETED,4606.0,7175.61,2024-12-12,6
WO-KB915DCJNR48,CA-AZ-00000109,,2024-12-22,PLUMBING,HIGH,OPEN,256.62,,,28
WO-M1O6IT9FJY4H,CA-AZ-00000109,,2024-12-01,ELEVATOR,MEDIUM,COMPLETED,8649.03,10371.31,2024-12-06,5
WO-EH5X9IYZBIQ4,CA-AZ-00000109,,2025-01-06,LANDSCAPING,MEDIUM,COMPLETED,11478.87,5383.44,2025-01-08,2
WO-9Y54VI7BYY42,CA-AZ-00000109,,2025-01-24,ROOFING,MEDIUM,COMPLETED,14316.19,10964.22,2025-02-13,20
WO-ER8SZNFULPJ7,CA-AZ-00000109,,2025-01-10,LANDSCAPING,LOW,OPEN,813.89,,,30
WO-KBHAX82ZMMZO,CA-AZ-00000109,,2025-02-04,ELECTRICAL,MEDIUM,DEFERRED,6202.87,,,61
WO-1BIDD3ZE3QJD,CA-AZ-00000109,,2025-02-08,PLUMBING,LOW,DEFERRED,9592.59,,,69
WO-FQCYB3TYD2XT,CA-AZ-00000109,,2025-02-03,ROOFING,HIGH,DEFERRED,249.75,,,29
WO-0IGVWZP45QHP,CA-AZ-00000109,,2025-02-26,ELECTRICAL,MEDIUM,OPEN,10865.94,,,96
WO-KBRVIUO9KHK7,CA-AZ-00000109,,2025-03-12,ELEVATOR,LOW,COMPLETED,7671.37,9092.45,2025-03-27,15
WO-51EBW8YRSWYF,CA-AZ-00000109,,2025-03-06,ROOFING,LOW,COMPLETED,872.02,5964.32,2025-03-11,5
WO-2GGV4TL154XS,CA-AZ-00000109,,2025-03-04,LANDSCAPING,HIGH,DEFERRED,2942.97,,,24
WO-GVU9EISVQIFW,CA-AZ-00000109,,2025-03-15,ROOFING,MEDIUM,COMPLETED,12455.77,8983.02,2025-03-25,10
WO-A35UOT8TOIV7,CA-AZ-00000109,,2025-03-10,LANDSCAPING,MEDIUM,OPEN,14409.41,,,41
WO-UWAKBAXQNBFV,CA-AZ-00000109,,2025-04-10,ELECTRICAL,HIGH,OPEN,10291.73,,,102
WO-55MF27R4P2QX,CA-AZ-00000109,,2025-04-20,ROOFING,MEDIUM,COMPLETED,8314.0,6103.6,2025-04-23,3
WO-GIVRULCZM7BO,CA-AZ-00000109,,2025-04-25,STRUCTURAL,MEDIUM,OPEN,9467.32,,,34
WO-TVZP47J9Z3C3,CA-AZ-00000109,,2025-06-21,PLUMBING,HIGH,COMPLETED,3413.47,10063.19,2025-06-25,4
WO-MUV97J1C7HVS,CA-AZ-00000109,,2025-06-08,GENERAL,LOW,COMPLETED,12035.51,7805.85,2025-06-26,18
WO-175E8R4TLHQT,CA-AZ-00000109,,2025-06-05,GENERAL,HIGH,COMPLETED,6150.21,11052.08,2025-06-20,15
WO-MI20OY2TM2W0,CA-AZ-00000109,,2025-06-10,GENERAL,MEDIUM,DEFERRED,13067.32,,,100
WO-HLXP6FI6WHOO,CA-NC-00000110,,2024-03-09,GENERAL,LOW,COMPLETED,3303.84,4157.65,2024-03-10,1
WO-N8YABPSD6ZTC,CA-NC-00000110,,2024-03-07,ROOFING,MEDIUM,DEFERRED,12237.65,,,173
WO-CKKZZWPNNQ5S,CA-NC-00000110,,2024-04-21,GENERAL,MEDIUM,COMPLETED,10398.49,10805.57,2024-05-05,14
WO-P6L2IHV4SI7X,CA-NC-00000110,,2024-05-03,ELECTRICAL,MEDIUM,COMPLETED,10351.72,2066.24,2024-05-21,18
WO-LX7FGD79LYSR,CA-NC-00000110,,2024-06-05,LANDSCAPING,EMERGENCY,COMPLETED,5458.01,7185.58,2024-06-26,21
WO-TWIZ01PDX52P,CA-NC-00000110,,2024-07-25,HVAC,MEDIUM,COMPLETED,8884.66,6547.37,2024-07-31,6
WO-OLP8FXR8RLJZ,CA-NC-00000110,,2024-08-07,HVAC,MEDIUM,COMPLETED,8491.63,9511.69,2024-08-15,8
WO-26GR21T2HMCW,CA-NC-00000110,,2024-08-09,HVAC,HIGH,COMPLETED,14440.75,8934.54,2024-08-26,17
WO-CN8ZG9VB0K7I,CA-NC-00000110,,2024-11-18,HVAC,LOW,COMPLETED,2359.12,2062.91,2024-12-05,17
WO-CSS5X9BSU09N,CA-NC-00000110,,2024-11-08,GENERAL,LOW,COMPLETED,12945.46,1971.05,2024-11-09,1
WO-06SMSZ4F8ZYL,CA-NC-00000110,,2024-12-25,HVAC,MEDIUM,COMPLETED,10593.64,9910.66,2024-12-26,1
WO-VSL1RYNHMLQR,CA-NC-00000110,,2025-01-12,PLUMBING,LOW,COMPLETED,12961.76,9696.78,2025-01-20,8
WO-PC32SPM2KNTV,CA-NC-00000110,,2025-01-23,LANDSCAPING,HIGH,COMPLETED,10136.03,3993.42,2025-02-10,18
WO-QZU5D51V3WOC,CA-NC-00000110,,2025-03-26,LANDSCAPING,LOW,COMPLETED,8822.23,9343.51,2025-04-06,11
WO-T1BH4ZNKNM4R,CA-NC-00000110,,2025-05-02,GENERAL,LOW,COMPLETED,13648.76,4694.38,2025-05-09,7
WO-YT84R4V06ML4,CA-NV-00000111,,2024-03-26,GENERAL,MEDIUM,COMPLETED,13090.8,6538.35,2024-04-05,10
WO-VLPMO8WJ2CH3,CA-NV-00000111,,2024-04-01,ELECTRICAL,LOW,DEFERRED,5993.14,,,13
WO-UM63DLJ8ZI3Q,CA-NV-00000111,,2024-05-13,PLUMBING,LOW,COMPLETED,12694.07,7757.13,2024-05-23,10
WO-KX4Y0W73CURL,CA-NV-00000111,,2024-05-01,ELECTRICAL,LOW,COMPLETED,10015.39,11302.87,2024-05-08,7
WO-54BKSX6A858K,CA-NV-00000111,,2024-06-22,ELEVATOR,MEDIUM,COMPLETED,5709.58,7635.01,2024-06-24,2
WO-J0GXCA9H2GKI,CA-NV-00000111,,2024-06-13,LANDSCAPING,HIGH,COMPLETED,4652.85,10762.15,2024-06-18,5
WO-UMNT8NEGLQI2,CA-NV-00000111,,2024-06-17,PLUMBING,MEDIUM,COMPLETED,12493.42,2298.29,2024-06-23,6
WO-AUI6XCA28X5X,CA-NV-00000111,,2024-07-02,ROOFING,EMERGENCY,COMPLETED,12243.01,2988.11,2024-07-17,15
WO-38RBB0AC68WM,CA-NV-00000111,,2024-09-18,GENERAL,LOW,COMPLETED,11467.05,11091.87,2024-09-26,8
WO-HX71HZZOHUVV,CA-NV-00000111,,2024-09-08,PLUMBING,LOW,COMPLETED,4859.54,9184.35,2024-09-21,13
WO-GMSLZQSTOXC3,CA-NV-00000111,,2024-09-21,STRUCTURAL,MEDIUM,COMPLETED,12596.37,2059.05,2024-10-08,17
WO-MKQVXTQY9TH5,CA-NV-00000111,,2024-11-06,GENERAL,MEDIUM,COMPLETED,4660.22,10185.2,2024-11-21,15
WO-BPIXPYV6OOL7,CA-NV-00000111,,2024-12-06,PLUMBING,HIGH,COMPLETED,13508.75,487.06,2024-12-25,19
WO-X2EMDOWFIEX2,CA-NV-00000111,,2025-01-12,GENERAL,HIGH,COMPLETED,7179.73,5611.66,2025-02-01,20
WO-XXZCTH0ZCXMF,CA-NV-00000111,,2025-01-21,GENERAL,MEDIUM,COMPLETED,7795.47,7268.63,2025-01-29,8
WO-XBDC7JLH7JJ4,CA-NV-00000111,,2025-02-02,STRUCTURAL,HIGH,COMPLETED,4408.24,8867.53,2025-02-15,13
WO-8FOGUCK5YZMY,CA-NC-00000112,,2024-01-06,PLUMBING,HIGH,DEFERRED,14054.96,,,34
WO-G9NJMFGNH6S3,CA-NC-00000112,,2024-01-19,PLUMBING,MEDIUM,DEFERRED,11501.39,,,16
WO-DMIA948IYHN1,CA-NC-00000112,,2024-01-08,PLUMBING,HIGH,COMPLETED,7163.09,5889.62,2024-01-13,5
WO-5XL3VSZBVJ8W,CA-NC-00000112,,2024-01-25,PLUMBING,MEDIUM,COMPLETED,2578.67,8807.09,2024-02-13,19
WO-CEOTC95KZQKE,CA-NC-00000112,,2024-01-07,HVAC,HIGH,OPEN,1191.84,,,149
WO-03EMQPXSUA0G,CA-NC-00000112,,2024-02-17,PLUMBING,MEDIUM,COMPLETED,6544.43,8633.49,2024-02-24,7
WO-KYW8L9XKGPG0,CA-NC-00000112,,2024-02-19,ROOFING,LOW,OPEN,2132.77,,,19
WO-HB08VE9VGXT7,CA-NC-00000112,,2024-02-17,ROOFING,HIGH,COMPLETED,13586.4,7776.03,2024-02-27,10
WO-G8UOTD8XMMEW,CA-NC-00000112,,2024-02-07,GENERAL,MEDIUM,COMPLETED,4179.55,826.67,2024-02-13,6
WO-VNINO14LER0B,CA-NC-00000112,,2024-03-18,GENERAL,LOW,COMPLETED,14200.14,518.39,2024-03-19,1
WO-D1TY3CSUUMF3,CA-NC-00000112,,2024-03-17,PLUMBING,LOW,DEFERRED,13595.01,,,57
WO-DSV5FWTXYIPT,CA-NC-00000112,,2024-03-14,PLUMBING,MEDIUM,COMPLETED,11664.67,3268.89,2024-03-25,11
WO-3HC3Y0I46H3M,CA-NC-00000112,,2024-03-03,LANDSCAPING,HIGH,OPEN,8674.79,,,13
WO-TPREYITND4H2,CA-NC-00000112,,2024-03-02,ELEVATOR,HIGH,COMPLETED,8664.18,11512.78,2024-03-21,19
WO-9RSVD3R67H39,CA-NC-00000112,,2024-04-17,LANDSCAPING,LOW,OPEN,6005.39,,,23
WO-HNJT7J7Y1WAY,CA-NC-00000112,,2024-04-23,HVAC,LOW,DEFERRED,10541.23,,,214
WO-BASXEZ6YGIAH,CA-NC-00000112,,2024-04-24,GENERAL,LOW,DEFERRED,5972.0,,,83
WO-KJM3C5Q2WKBU,CA-NC-00000112,,2024-04-22,GENERAL,LOW,OPEN,10602.86,,,39
WO-L42YI8MQH8LP,CA-NC-00000112,,2024-04-09,ROOFING,LOW,DEFERRED,8074.39,,,30
WO-FOFSHS0Z5DNN,CA-NC-00000112,,2024-04-21,STRUCTURAL,EMERGENCY,OPEN,3717.34,,,50
WO-IHVSIWTDS3Y2,CA-NC-00000112,,2024-05-23,ELECTRICAL,HIGH,COMPLETED,3601.45,620.07,2024-05-28,5
WO-PI31HLKJO5TQ,CA-NC-00000112,,2024-05-01,STRUCTURAL,LOW,COMPLETED,1227.98,9543.37,2024-05-14,13
WO-M0E9NDIES3TW,CA-NC-00000112,,2024-05-18,STRUCTURAL,MEDIUM,COMPLETED,3148.92,9327.16,2024-06-04,17
WO-W91JRF78L4ET,CA-NC-00000112,,2024-05-25,LANDSCAPING,MEDIUM,DEFERRED,3102.35,,,53
WO-2057HVGND5UE,CA-NC-00000112,,2024-05-02,GENERAL,HIGH,OPEN,5407.57,,,45
WO-ZFXH6HCMNBKE,CA-NC-00000112,,2024-05-16,GENERAL,MEDIUM,OPEN,8576.27,,,57
WO-LRZLSFDM8XCS,CA-NC-00000112,,2024-06-13,LANDSCAPING,LOW,OPEN,2520.12,,,41
WO-TSV2L5N3ISS9,CA-NC-00000112,,2024-06-23,LANDSCAPING,HIGH,COMPLETED,7318.99,10057.73,2024-07-11,18
WO-OXM821GAZGAI,CA-NC-00000112,,2024-06-21,HVAC,LOW,OPEN,11295.2,,,10
WO-T72DOZCZ7TG6,CA-NC-00000112,,2024-06-19,LANDSCAPING,HIGH,COMPLETED,5134.88,2888.48,2024-07-01,12
WO-5HACAH33PM9N,CA-NC-00000112,,2024-07-06,LANDSCAPING,HIGH,COMPLETED,2450.26,8642.01,2024-07-07,1
WO-Z3K8PK7TOCW9,CA-NC-00000112,,2024-07-21,ELECTRICAL,LOW,OPEN,12054.29,,,69
WO-IHKHM4DW8MZR,CA-NC-00000112,,2024-07-22,LANDSCAPING,LOW,COMPLETED,7775.57,2105.43,2024-08-12,21
WO-HWHXFC1BZTGX,CA-NC-00000112,,2024-07-12,ROOFING,MEDIUM,COMPLETED,2679.65,7504.84,2024-07-26,14
WO-I3WS5EOKLB95,CA-NC-00000112,,2024-07-10,GENERAL,HIGH,DEFERRED,8562.5,,,29
WO-RZV2ZDHBS3XA,CA-NC-00000112,,2024-07-15,STRUCTURAL,MEDIUM,COMPLETED,5014.79,9610.48,2024-07-20,5
WO-E7YBPIPV7W2J,CA-NC-00000112,,2024-07-07,PLUMBING,LOW,COMPLETED,12569.68,7487.28,2024-07-20,13
WO-UXFYHE5CBU64,CA-NC-00000112,,2024-08-06,PLUMBING,MEDIUM,OPEN,6006.3,,,58
WO-VJJFHFZ6FE2R,CA-NC-00000112,,2024-08-01,LANDSCAPING,MEDIUM,COMPLETED,10266.26,2185.32,2024-08-12,11
WO-C8XAQ2FJNHR5,CA-NC-00000112,,2024-08-11,HVAC,LOW,COMPLETED,4822.82,8058.26,2024-08-27,16
WO-8EDAUTHA31JU,CA-NC-00000112,,2024-08-18,LANDSCAPING,LOW,COMPLETED,11648.27,11215.28,2024-08-24,6
WO-85YKC2HL3WAL,CA-NC-00000112,,2024-08-19,LANDSCAPING,LOW,COMPLETED,1262.19,9960.71,2024-09-01,13
WO-75RJ4YYCFDE8,CA-NC-00000112,,2024-08-13,GENERAL,MEDIUM,OPEN,6643.78,,,23
WO-7U46P8GSVCW3,CA-NC-00000112,,2024-08-13,ELECTRICAL,HIGH,COMPLETED,2218.66,8762.72,2024-08-25,12
WO-R8EJ9SPJ1BS3,CA-NC-00000112,,2024-08-03,LANDSCAPING,MEDIUM,COMPLETED,4067.21,7395.82,2024-08-09,6
WO-TCKDBG3QQ1MP,CA-NC-00000112,,2024-08-22,HVAC,MEDIUM,OPEN,9277.78,,,108
WO-HLT2MXJZHYL6,CA-NC-00000112,,2024-09-10,PLUMBING,MEDIUM,COMPLETED,11501.05,3998.87,2024-09-15,5
WO-CYQU2IRJB0LL,CA-NC-00000112,,2024-09-04,PLUMBING,MEDIUM,OPEN,7065.68,,,74
WO-TLUD2LBBGCHV,CA-NC-00000112,,2024-09-03,LANDSCAPING,HIGH,DEFERRED,6046.34,,,38
WO-PJ050O4EOCJQ,CA-NC-00000112,,2024-09-02,GENERAL,LOW,COMPLETED,221.6,3430.45,2024-09-16,14
WO-P85HGG8ULI1Y,CA-NC-00000112,,2024-09-26,LANDSCAPING,MEDIUM,OPEN,13288.85,,,78
WO-T7UUAZBU6IQQ,CA-NC-00000112,,2024-09-27,PLUMBING,EMERGENCY,DEFERRED,12865.84,,,44
WO-7MPSQXJPS3V6,CA-NC-00000112,,2024-10-27,ELEVATOR,EMERGENCY,OPEN,2975.2,,,11
WO-NI9YWICBWT6W,CA-NC-00000112,,2024-10-16,GENERAL,LOW,DEFERRED,6201.98,,,38
WO-GM2EP3JCQRWK,CA-NC-00000112,,2024-10-23,ROOFING,MEDIUM,OPEN,6047.75,,,216
WO-NBAIXJSNSRBE,CA-NC-00000112,,2024-10-01,PLUMBING,MEDIUM,COMPLETED,6885.1,1433.47,2024-10-13,12
WO-60OEB18SODW2,CA-NC-00000112,,2024-10-09,ROOFING,MEDIUM,DEFERRED,10737.31,,,29
WO-UO348PATIS7E,CA-NC-00000112,,2024-10-23,LANDSCAPING,MEDIUM,COMPLETED,13977.1,8861.43,2024-11-12,20
WO-9YXJ9SE2MSN5,CA-NC-00000112,,2024-11-15,GENERAL,LOW,DEFERRED,12278.37,,,38
WO-H2Y5K7DIXIVU,CA-NC-00000112,,2024-11-17,HVAC,MEDIUM,DEFERRED,12571.13,,,20
WO-MTPRQSVU8V91,CA-NC-00000112,,2024-11-14,PLUMBING,MEDIUM,OPEN,11153.01,,,9
WO-QIXRRFYN08PO,CA-NC-00000112,,2024-11-16,ELECTRICAL,HIGH,COMPLETED,921.86,9646.97,2024-12-04,18
WO-P9SQSBL9W4X6,CA-NC-00000112,,2024-12-16,ELEVATOR,LOW,DEFERRED,2339.87,,,60
WO-OXSYALWR2TT0,CA-NC-00000112,,2024-12-11,ROOFING,HIGH,DEFERRED,13241.17,,,52
WO-1RJ4JT8765X3,CA-NC-00000112,,2024-12-04,GENERAL,EMERGENCY,COMPLETED,10157.93,9351.44,2024-12-11,7
WO-VU8OVKBFRMP2,CA-NC-00000112,,2024-12-02,ROOFING,EMERGENCY,COMPLETED,7939.06,4724.9,2024-12-07,5
WO-W5F3J4KW5PR2,CA-NC-00000112,,2025-01-25,PLUMBING,LOW,DEFERRED,6789.82,,,56
WO-DD58GIWP27JK,CA-NC-00000112,,2025-01-05,ELECTRICAL,MEDIUM,OPEN,11734.15,,,123
WO-67UKJIJTR96F,CA-NC-00000112,,2025-01-05,LANDSCAPING,LOW,DEFERRED,7649.73,,,46
WO-1361HKWF10I8,CA-NC-00000112,,2025-01-01,PLUMBING,LOW,COMPLETED,12858.13,1493.09,2025-01-16,15
WO-N9JLQ0PP6FPT,CA-NC-00000112,,2025-01-13,PLUMBING,LOW,DEFERRED,9839.66,,,34
WO-LF6YCOG2U4M0,CA-NC-00000112,,2025-02-04,HVAC,MEDIUM,OPEN,1557.65,,,86
WO-8RIBNT6CYBI4,CA-NC-00000112,,2025-02-24,STRUCTURAL,HIGH,COMPLETED,4610.31,10824.56,2025-03-05,9
WO-K5NWV93ZYFOV,CA-NC-00000112,,2025-02-01,LANDSCAPING,EMERGENCY,COMPLETED,8122.83,10270.93,2025-02-03,2
WO-QUUY4TE11X21,CA-NC-00000112,,2025-02-27,HVAC,HIGH,DEFERRED,13185.91,,,168
WO-83OXWJD13JO8,CA-NC-00000112,,2025-03-18,PLUMBING,MEDIUM,OPEN,11154.2,,,59
WO-1XF7ER4JLXTY,CA-NC-00000112,,2025-03-08,LANDSCAPING,MEDIUM,OPEN,14291.85,,,71
WO-8GHWFCN17ACT,CA-NC-00000112,,2025-03-19,PLUMBING,MEDIUM,COMPLETED,4158.53,8734.26,2025-03-27,8
WO-WL8FIOE1G140,CA-NC-00000112,,2025-03-04,GENERAL,LOW,DEFERRED,3190.6,,,24
WO-AFDGZ5RPKUBM,CA-NC-00000112,,2025-04-16,STRUCTURAL,MEDIUM,DEFERRED,12007.78,,,16
WO-7EE5ET99DPEB,CA-NC-00000112,,2025-04-07,ELECTRICAL,MEDIUM,OPEN,5130.46,,,13
WO-5YDV5NRZJ4XI,CA-NC-00000112,,2025-04-22,ROOFING,HIGH,OPEN,2779.51,,,73
WO-GLBRDGPU8I7E,CA-NC-00000112,,2025-04-09,LANDSCAPING,LOW,COMPLETED,6570.75,8934.75,2025-04-16,7
WO-E86HN7FHP901,CA-NC-00000112,,2025-04-18,PLUMBING,MEDIUM,COMPLETED,3281.43,967.77,2025-05-07,19
WO-3U2LPY4O74T2,CA-NC-00000112,,2025-05-15,PLUMBING,MEDIUM,COMPLETED,1219.3,1306.01,2025-05-24,9
WO-0MLQTEHIAPUO,CA-NC-00000112,,2025-05-21,HVAC,LOW,OPEN,2560.29,,,64
WO-4P94N407SKYG,CA-NC-00000112,,2025-05-25,PLUMBING,MEDIUM,OPEN,14793.27,,,53
WO-OKHTA29D8NLY,CA-NC-00000112,,2025-05-27,GENERAL,LOW,COMPLETED,505.42,3997.41,2025-06-17,21
WO-Z31CO0D5SRWT,CA-NC-00000112,,2025-06-26,GENERAL,MEDIUM,OPEN,8090.48,,,52
WO-57WLUANQXO8H,CA-NC-00000112,,2025-06-14,PLUMBING,MEDIUM,COMPLETED,5240.38,2064.29,2025-06-29,15
WO-NQGPA80GY1XF,CA-NC-00000112,,2025-06-24,PLUMBING,LOW,OPEN,1495.67,,,20
WO-JZS7N5ETECWQ,CA-FL-00000113,,2024-01-01,ROOFING,HIGH,COMPLETED,14406.54,3087.68,2024-01-14,13
WO-A0N83O3NJVBX,CA-FL-00000113,,2024-01-03,HVAC,MEDIUM,COMPLETED,3240.29,8066.04,2024-01-04,1
WO-ODS0SOHSK8Q1,CA-FL-00000113,,2024-01-16,STRUCTURAL,LOW,COMPLETED,10632.66,2493.7,2024-01-25,9
WO-ZIUNH8ZONXOS,CA-FL-00000113,,2024-01-05,PLUMBING,LOW,COMPLETED,3543.44,1612.3,2024-01-22,17
WO-IXLH15DKCSFE,CA-FL-00000113,,2024-03-06,HVAC,LOW,DEFERRED,1171.21,,,23
WO-WYDEJBEJVPLH,CA-FL-00000113,,2024-03-15,ELECTRICAL,LOW,COMPLETED,6490.82,11819.68,2024-03-29,14
WO-WQF2OUV09BOZ,CA-FL-00000113,,2024-04-20,LANDSCAPING,LOW,COMPLETED,3466.73,303.39,2024-04-22,2
WO-HC92CHJ8XAYL,CA-FL-00000113,,2024-04-03,ELECTRICAL,LOW,COMPLETED,11098.39,4437.17,2024-04-08,5
WO-DOIC321CBCJV,CA-FL-00000113,,2024-04-28,HVAC,HIGH,COMPLETED,13384.84,10571.87,2024-05-08,10
WO-UXBMLFXCR7JL,CA-FL-00000113,,2024-05-17,ROOFING,HIGH,COMPLETED,3994.3,10389.44,2024-06-03,17
WO-LCN4P3JPQU3Z,CA-FL-00000113,,2024-05-11,LANDSCAPING,LOW,COMPLETED,8647.15,1152.15,2024-05-30,19
WO-GC0TCDW6QV45,CA-FL-00000113,,2024-06-14,ELECTRICAL,MEDIUM,COMPLETED,10436.99,6979.83,2024-06-19,5
WO-I8EI24LCMPZB,CA-FL-00000113,,2024-06-09,HVAC,LOW,OPEN,14953.77,,,108
WO-53MNYA2JI62R,CA-FL-00000113,,2024-07-10,ROOFING,MEDIUM,COMPLETED,14413.57,1048.06,2024-07-28,18
WO-D2GSYRS58FMC,CA-FL-00000113,,2024-07-14,STRUCTURAL,MEDIUM,COMPLETED,13375.84,7234.24,2024-07-25,11
WO-7UYCCQI7VWQN,CA-FL-00000113,,2024-08-08,PLUMBING,LOW,COMPLETED,11666.52,7481.72,2024-08-22,14
WO-GO6FW31AZ4AG,CA-FL-00000113,,2024-08-12,PLUMBING,EMERGENCY,OPEN,14922.06,,,24
WO-OPJXRUTZWR3R,CA-FL-00000113,,2024-08-06,STRUCTURAL,MEDIUM,COMPLETED,10239.46,2780.95,2024-08-19,13
WO-MQA44XLRZF3K,CA-FL-00000113,,2024-10-17,ROOFING,LOW,COMPLETED,3312.25,7578.38,2024-10-19,2
WO-227U236ERPPP,CA-FL-00000113,,2024-10-04,ROOFING,LOW,COMPLETED,8946.39,9455.61,2024-10-10,6
WO-LRITG8BVHG8Y,CA-FL-00000113,,2024-11-09,STRUCTURAL,LOW,COMPLETED,5436.47,2807.25,2024-11-19,10
WO-HWST5DWTX11M,CA-FL-00000113,,2024-11-28,HVAC,MEDIUM,COMPLETED,374.91,4760.45,2024-12-02,4
WO-GA0VFFIH4GLL,CA-FL-00000113,,2024-12-13,GENERAL,EMERGENCY,COMPLETED,9557.34,2520.15,2024-12-25,12
WO-QPLPONFXPEHI,CA-FL-00000113,,2024-12-04,STRUCTURAL,MEDIUM,COMPLETED,11028.46,8465.7,2024-12-20,16
WO-OZ2A28Q30GHD,CA-FL-00000113,,2024-12-17,GENERAL,MEDIUM,COMPLETED,999.67,4187.12,2024-12-29,12
WO-QU7PIWBL4UQT,CA-FL-00000113,,2025-01-08,LANDSCAPING,MEDIUM,DEFERRED,866.63,,,64
WO-ZUJLSZHT4MQC,CA-FL-00000113,,2025-01-06,ELEVATOR,LOW,COMPLETED,704.39,8399.08,2025-01-11,5
WO-FAZ9WIIPWCMX,CA-FL-00000113,,2025-03-17,ELEVATOR,MEDIUM,DEFERRED,203.75,,,47
WO-6LM88QVG2G9C,CA-FL-00000113,,2025-03-26,LANDSCAPING,LOW,COMPLETED,10493.14,5226.15,2025-04-16,21
WO-DSS41YO5PTWX,CA-FL-00000113,,2025-03-16,PLUMBING,LOW,COMPLETED,1023.28,6114.39,2025-03-29,13
WO-MUTFQOJO927L,CA-FL-00000113,,2025-03-13,PLUMBING,HIGH,COMPLETED,1440.81,4202.96,2025-03-24,11
WO-X87JR73FFRFH,CA-FL-00000113,,2025-03-14,PLUMBING,MEDIUM,COMPLETED,417.17,11028.86,2025-04-01,18
WO-72B5DC2GL1F2,CA-FL-00000113,,2025-04-02,PLUMBING,MEDIUM,COMPLETED,13382.89,4283.46,2025-04-15,13
WO-KM9948QGZKEH,CA-FL-00000113,,2025-04-12,HVAC,MEDIUM,COMPLETED,8334.26,3982.62,2025-04-23,11
WO-ARU1FL60QW91,CA-FL-00000113,,2025-04-16,STRUCTURAL,HIGH,COMPLETED,14511.1,4050.74,2025-05-05,19
WO-0XYQ6JSLSKA6,CA-FL-00000113,,2025-05-01,PLUMBING,LOW,COMPLETED,4748.23,11651.44,2025-05-13,12
WO-OQPC3MXRKAC0,CA-FL-00000113,,2025-06-01,PLUMBING,LOW,COMPLETED,12529.01,6749.03,2025-06-21,20
WO-FV6JI2RM62SF,CA-FL-00000113,,2025-06-04,ELEVATOR,HIGH,COMPLETED,12147.71,2251.32,2025-06-12,8
WO-1NG841RBAN1A,CA-FL-00000113,,2025-06-24,ELECTRICAL,LOW,COMPLETED,5958.1,2061.89,2025-07-07,13
WO-ZTVISYS10D0N,CA-TX-00000114,,2024-02-03,GENERAL,HIGH,OPEN,12069.37,,,41
WO-ZKGJ7Y6VZR57,CA-TX-00000114,,2024-02-24,LANDSCAPING,MEDIUM,DEFERRED,2106.13,,,55
WO-TVO8TMJJRMKW,CA-TX-00000114,,2024-02-22,LANDSCAPING,LOW,COMPLETED,6845.68,151.77,2024-02-25,3
WO-4M8YUQBKFU3T,CA-TX-00000114,,2024-03-01,HVAC,LOW,COMPLETED,8148.53,4740.25,2024-03-17,16
WO-V6UWED1Q42DI,CA-TX-00000114,,2024-03-22,GENERAL,MEDIUM,COMPLETED,11886.34,4848.22,2024-04-05,14
WO-W8O5BVDQN6D9,CA-TX-00000114,,2024-03-18,GENERAL,MEDIUM,COMPLETED,3836.19,4387.16,2024-04-05,18
WO-TUXFP4DC9VMH,CA-TX-00000114,,2024-04-16,LANDSCAPING,MEDIUM,COMPLETED,8503.13,5807.98,2024-05-05,19
WO-CFFN71KBCR6K,CA-TX-00000114,,2024-05-20,PLUMBING,HIGH,COMPLETED,1122.35,3536.82,2024-05-25,5
WO-G1SXBWROZLYS,CA-TX-00000114,,2024-06-24,STRUCTURAL,MEDIUM,COMPLETED,9139.83,5436.47,2024-07-15,21
WO-TI4MYPHTW1Z6,CA-TX-00000114,,2024-06-10,LANDSCAPING,HIGH,DEFERRED,12013.51,,,292
WO-SDC1EAMTKOLV,CA-TX-00000114,,2024-06-11,STRUCTURAL,LOW,OPEN,12758.45,,,48
WO-DPA69XMANZU9,CA-TX-00000114,,2024-07-27,ELEVATOR,MEDIUM,COMPLETED,13505.04,1972.55,2024-08-11,15
WO-XCWHTLJN4QGF,CA-TX-00000114,,2024-07-12,GENERAL,HIGH,COMPLETED,6955.02,11982.85,2024-07-18,6
WO-1RL69TJ3N2YM,CA-TX-00000114,,2024-07-13,ROOFING,HIGH,COMPLETED,9283.5,11373.9,2024-07-23,10
WO-ZPVI4E2MIKBC,CA-TX-00000114,,2024-08-21,HVAC,MEDIUM,COMPLETED,5109.16,5828.35,2024-08-23,2
WO-MCT41AJSLQ8Z,CA-TX-00000114,,2024-08-10,ROOFING,MEDIUM,COMPLETED,4487.29,11056.32,2024-08-19,9
WO-RLOQQ2VJP73E,CA-TX-00000114,,2024-09-19,HVAC,LOW,COMPLETED,2494.11,5509.0,2024-09-24,5
WO-HLJLEYQ2I6N6,CA-TX-00000114,,2024-09-18,ELECTRICAL,LOW,DEFERRED,874.28,,,13
WO-PJPATWDCAY6N,CA-TX-00000114,,2024-09-17,PLUMBING,HIGH,COMPLETED,3036.51,1303.38,2024-09-19,2
WO-MO8232FET8RN,CA-TX-00000114,,2024-09-11,LANDSCAPING,MEDIUM,COMPLETED,6634.73,7291.71,2024-09-18,7
WO-KAMWRWOKBID5,CA-TX-00000114,,2024-09-24,LANDSCAPING,MEDIUM,COMPLETED,13258.56,11353.9,2024-10-13,19
WO-SIQFU9GRX24S,CA-TX-00000114,,2024-10-28,ROOFING,MEDIUM,COMPLETED,10143.9,10275.35,2024-11-11,14
WO-O4XGJ9BXYPIY,CA-TX-00000114,,2024-10-20,STRUCTURAL,LOW,COMPLETED,7254.12,3457.24,2024-10-27,7
WO-ALYQT164VRW6,CA-TX-00000114,,2025-01-21,GENERAL,HIGH,COMPLETED,4954.04,2883.92,2025-02-01,11
WO-L87QVLQ7DU2K,CA-TX-00000114,,2025-01-11,HVAC,MEDIUM,DEFERRED,13561.02,,,61
WO-PXPTS587TVYV,CA-TX-00000114,,2025-01-13,HVAC,LOW,DEFERRED,4058.06,,,43
WO-V5KRLLHHP0HT,CA-TX-00000114,,2025-02-04,LANDSCAPING,HIGH,DEFERRED,5070.21,,,651
WO-VSI06ERAJAJC,CA-TX-00000114,,2025-02-02,ELECTRICAL,LOW,COMPLETED,13681.45,7759.81,2025-02-13,11
WO-44HE1WT5V6UI,CA-TX-00000114,,2025-03-20,GENERAL,LOW,COMPLETED,3988.8,4641.87,2025-03-30,10
WO-ZFYZ5K3YCXLO,CA-TX-00000114,,2025-03-26,PLUMBING,LOW,COMPLETED,4985.97,7877.38,2025-03-31,5
WO-IYI33CSUY0WG,CA-TX-00000114,,2025-04-02,HVAC,HIGH,COMPLETED,4756.9,10458.9,2025-04-15,13
WO-RLQJ6ASR33Y6,CA-TX-00000114,,2025-04-08,HVAC,LOW,COMPLETED,9707.49,2651.03,2025-04-27,19
WO-M4JJE8HGHU9S,CA-TX-00000114,,2025-04-24,LANDSCAPING,EMERGENCY,OPEN,1508.49,,,32
WO-JHLQQXSEJPQS,CA-TX-00000114,,2025-05-27,HVAC,LOW,OPEN,5444.01,,,45
WO-81ATOPQ9BJ15,CA-TX-00000114,,2025-05-19,PLUMBING,MEDIUM,COMPLETED,6572.72,11431.77,2025-06-09,21
WO-KO7ATATSI3W8,CA-TX-00000114,,2025-05-04,STRUCTURAL,MEDIUM,DEFERRED,6484.29,,,39
WO-NTX5ORHB1MY4,CA-TX-00000114,,2025-06-10,STRUCTURAL,MEDIUM,COMPLETED,10185.84,2409.55,2025-06-12,2
WO-HNV9LTAJI50W,CA-TX-00000114,,2025-06-27,HVAC,MEDIUM,COMPLETED,13404.27,2658.61,2025-07-08,11
WO-IBJYT74T4YSX,CA-TX-00000114,,2025-06-16,GENERAL,HIGH,COMPLETED,12485.3,10513.2,2025-07-01,15
WO-M1PX8AMHBY8N,CA-TX-00000114,,2025-06-25,HVAC,MEDIUM,OPEN,6438.08,,,140
WO-0ADYIVVRBZFO,CA-TX-00000114,,2025-06-01,HVAC,HIGH,COMPLETED,7062.68,5477.94,2025-06-03,2
WO-PUOBNA0EQA46,CA-WA-00000115,,2024-01-13,LANDSCAPING,HIGH,OPEN,6168.0,,,8
WO-3E39BVHL945S,CA-WA-00000115,,2024-01-28,ELEVATOR,MEDIUM,COMPLETED,12625.15,3121.86,2024-02-03,6
WO-AQXPQZ9T3Z00,CA-WA-00000115,,2024-02-11,GENERAL,LOW,OPEN,2315.69,,,474
WO-D2ZLGLH6G69B,CA-WA-00000115,,2024-02-10,HVAC,MEDIUM,COMPLETED,8949.46,6173.14,2024-02-25,15
WO-ES1XZOO1LBD8,CA-WA-00000115,,2024-03-24,ROOFING,LOW,COMPLETED,13419.07,3083.07,2024-03-28,4
WO-PJKPYY7P5H64,CA-WA-00000115,,2024-03-06,PLUMBING,LOW,COMPLETED,8553.97,575.09,2024-03-08,2
WO-Y5OYLJUO40YJ,CA-WA-00000115,,2024-04-01,STRUCTURAL,LOW,DEFERRED,6906.86,,,173
WO-A49ZI02HS3OT,CA-WA-00000115,,2024-04-25,LANDSCAPING,HIGH,COMPLETED,5200.6,1142.65,2024-05-14,19
WO-PKJ85MQLDMEP,CA-WA-00000115,,2024-04-04,ROOFING,MEDIUM,COMPLETED,11547.89,3359.73,2024-04-07,3
WO-9SZSUR75GO9Y,CA-WA-00000115,,2024-04-19,ROOFING,HIGH,COMPLETED,8871.19,11122.01,2024-04-27,8
WO-UZZ6905YEGHU,CA-WA-00000115,,2024-05-06,ELECTRICAL,HIGH,OPEN,11371.2,,,27
WO-1SEWRFNT4RBQ,CA-WA-00000115,,2024-05-08,ROOFING,LOW,DEFERRED,3668.49,,,7
WO-GA2HF1CC7ZIU,CA-WA-00000115,,2024-05-17,LANDSCAPING,LOW,OPEN,10342.28,,,94
WO-E4ZVT8V5HRWA,CA-WA-00000115,,2024-06-07,STRUCTURAL,HIGH,COMPLETED,11055.81,9837.21,2024-06-12,5
WO-AXHIF54GM6D2,CA-WA-00000115,,2024-07-26,PLUMBING,MEDIUM,COMPLETED,2115.36,5099.83,2024-08-10,15
WO-NWM57U6RMDUU,CA-WA-00000115,,2024-07-17,GENERAL,LOW,COMPLETED,11878.56,9604.42,2024-08-03,17
WO-QLFLLSZU8BPK,CA-WA-00000115,,2024-07-13,HVAC,LOW,COMPLETED,13308.76,7799.06,2024-07-15,2
WO-DLFYCQNMVXFK,CA-WA-00000115,,2024-08-18,PLUMBING,LOW,COMPLETED,4673.32,10997.37,2024-09-01,14
WO-76HJB8Z0Z6QC,CA-WA-00000115,,2024-09-04,ELEVATOR,MEDIUM,COMPLETED,6734.5,2861.52,2024-09-18,14
WO-T08ZSEPZHDUJ,CA-WA-00000115,,2024-09-05,ELECTRICAL,HIGH,OPEN,4613.75,,,56
WO-YEGODPO8FWT5,CA-WA-00000115,,2024-10-19,STRUCTURAL,HIGH,COMPLETED,14254.25,9692.32,2024-10-21,2
WO-B3YDI8VYFOL9,CA-WA-00000115,,2024-10-23,GENERAL,MEDIUM,COMPLETED,6398.9,5350.91,2024-11-08,16
WO-HMKQT6PYNPZ5,CA-WA-00000115,,2024-10-07,ELECTRICAL,MEDIUM,COMPLETED,9077.77,4030.79,2024-10-11,4
WO-U2VSA9Q4NGTC,CA-WA-00000115,,2024-11-21,ROOFING,HIGH,DEFERRED,5171.81,,,142
WO-SZZ03ZCOFNBB,CA-WA-00000115,,2024-12-12,GENERAL,HIGH,DEFERRED,6346.32,,,14
WO-2LIT059NVJCQ,CA-WA-00000115,,2025-01-13,ELECTRICAL,LOW,OPEN,1584.41,,,56
WO-DWP41OH3B9EY,CA-WA-00000115,,2025-01-09,HVAC,LOW,COMPLETED,473.99,9697.07,2025-01-23,14
WO-YC70GJPGP9OA,CA-WA-00000115,,2025-02-05,ROOFING,MEDIUM,COMPLETED,6282.41,5437.42,2025-02-09,4
WO-L4H21YBKWEIJ,CA-WA-00000115,,2025-02-23,HVAC,MEDIUM,DEFERRED,13974.23,,,162
WO-6WBG3X8YIADV,CA-WA-00000115,,2025-02-28,LANDSCAPING,HIGH,OPEN,1720.92,,,45
WO-FFTKJJWXRNB3,CA-WA-00000115,,2025-03-19,LANDSCAPING,LOW,DEFERRED,14540.19,,,22
WO-0NB767IAPB42,CA-WA-00000115,,2025-03-08,PLUMBING,MEDIUM,COMPLETED,14221.03,10843.96,2025-03-21,13
WO-91J64XFBHOCG,CA-WA-00000115,,2025-04-18,HVAC,LOW,DEFERRED,4815.45,,,63
WO-XWAZNTU5N0GG,CA-WA-00000115,,2025-04-01,GENERAL,LOW,COMPLETED,9257.28,1747.91,2025-04-22,21
WO-WGZBZ7P3J80P,CA-WA-00000115,,2025-04-09,GENERAL,HIGH,COMPLETED,1840.11,9114.32,2025-04-28,19
WO-FLNIGY4VXCJ8,CA-WA-00000115,,2025-05-10,PLUMBING,LOW,COMPLETED,14634.76,6518.78,2025-05-27,17
WO-DLKXNKG3QSYD,CA-WA-00000115,,2025-05-04,GENERAL,HIGH,COMPLETED,12812.59,8426.96,2025-05-10,6
WO-L43K8LSZ5DPE,CA-NC-00000116,,2024-01-02,LANDSCAPING,LOW,COMPLETED,1290.0,1498.62,2024-01-19,17
WO-H1L0WCE76CGU,CA-NC-00000116,,2024-01-18,HVAC,LOW,COMPLETED,10866.55,11822.56,2024-01-22,4
WO-72DJ6FTFBHF9,CA-NC-00000116,,2024-01-13,ELEVATOR,LOW,COMPLETED,10751.71,7196.21,2024-01-20,7
WO-OFFVZ3HTT8BK,CA-NC-00000116,,2024-01-12,PLUMBING,LOW,COMPLETED,12811.26,450.08,2024-01-26,14
WO-2G4J69F4BQZU,CA-NC-00000116,,2024-02-10,LANDSCAPING,MEDIUM,COMPLETED,13669.14,8211.3,2024-02-27,17
WO-U0WMCAK389EB,CA-NC-00000116,,2024-03-17,ROOFING,EMERGENCY,COMPLETED,3635.41,11715.37,2024-04-01,15
WO-BB8RZEV69F71,CA-NC-00000116,,2024-04-20,HVAC,MEDIUM,COMPLETED,7014.63,11329.16,2024-04-24,4
WO-E8HRYSHUCITX,CA-NC-00000116,,2024-04-05,PLUMBING,LOW,COMPLETED,14155.18,8500.78,2024-04-08,3
WO-VHOXHJ9QNQ4P,CA-NC-00000116,,2024-04-20,PLUMBING,HIGH,COMPLETED,13333.18,7649.49,2024-04-21,1
WO-T0X0L3FJ5J8R,CA-NC-00000116,,2024-05-11,PLUMBING,MEDIUM,OPEN,7731.3,,,16
WO-5VAUO0NJLAFX,CA-NC-00000116,,2024-07-26,ROOFING,LOW,COMPLETED,4094.73,5482.94,2024-08-07,12
WO-YO9WU882TZYY,CA-NC-00000116,,2024-07-18,LANDSCAPING,MEDIUM,OPEN,7289.38,,,35
WO-2DVEA0YGF88I,CA-NC-00000116,,2024-07-24,ROOFING,MEDIUM,DEFERRED,13285.76,,,567
WO-Y6K36R2LXZZQ,CA-NC-00000116,,2024-08-20,GENERAL,LOW,COMPLETED,7403.26,9893.15,2024-08-23,3
WO-CUF707S5X7MH,CA-NC-00000116,,2024-09-24,ELECTRICAL,LOW,COMPLETED,12484.36,2736.07,2024-10-11,17
WO-AO7ZN4EEO5XP,CA-NC-00000116,,2024-10-03,GENERAL,MEDIUM,COMPLETED,5852.74,4641.51,2024-10-06,3
WO-8E4CDTT1KT7M,CA-NC-00000116,,2024-10-08,PLUMBING,MEDIUM,OPEN,4446.4,,,66
WO-51C26P2QK1OA,CA-NC-00000116,,2024-11-16,PLUMBING,HIGH,COMPLETED,14835.04,8406.42,2024-12-03,17
WO-LHP0SETHDTC6,CA-NC-00000116,,2024-11-11,GENERAL,MEDIUM,COMPLETED,10508.83,4465.32,2024-11-15,4
WO-5HC40FWSE8UF,CA-NC-00000116,,2024-12-24,LANDSCAPING,MEDIUM,COMPLETED,8770.19,784.24,2025-01-06,13
WO-MOWZUN3561GX,CA-NC-00000116,,2024-12-04,GENERAL,MEDIUM,COMPLETED,9945.55,1010.53,2024-12-24,20
WO-S4S0F6RX8B1M,CA-NC-00000116,,2024-12-26,PLUMBING,HIGH,COMPLETED,11078.41,9139.69,2025-01-05,10
WO-UNE6TI96SEO7,CA-NC-00000116,,2025-01-24,ROOFING,MEDIUM,COMPLETED,8684.4,3796.17,2025-02-10,17
WO-QZ4NWAAJUUI0,CA-NC-00000116,,2025-05-26,PLUMBING,HIGH,COMPLETED,9196.75,6964.32,2025-06-12,17
WO-OJ32WD0VA6U6,CA-NC-00000116,,2025-05-28,HVAC,LOW,COMPLETED,4346.02,11472.34,2025-06-09,12
WO-VDUSKF65Y1GT,CA-NC-00000116,,2025-06-07,ELECTRICAL,HIGH,COMPLETED,6590.0,1887.2,2025-06-20,13
WO-08OAEJ82GXGS,CA-NC-00000116,,2025-06-14,HVAC,MEDIUM,COMPLETED,280.94,2413.64,2025-06-28,14
WO-5U15PA0735G3,CA-CO-00000117,,2024-01-08,GENERAL,MEDIUM,COMPLETED,14601.13,9127.25,2024-01-23,15
WO-FKKKVWNAGWAD,CA-CO-00000117,,2024-02-03,LANDSCAPING,MEDIUM,COMPLETED,9780.16,10915.65,2024-02-13,10
WO-THZXAK94HL5A,CA-CO-00000117,,2024-02-16,PLUMBING,MEDIUM,COMPLETED,6440.07,8496.99,2024-02-24,8
WO-SAP8BADS27WW,CA-CO-00000117,,2024-02-18,ELEVATOR,MEDIUM,OPEN,12723.0,,,145
WO-KIRVP15DP307,CA-CO-00000117,,2024-02-26,PLUMBING,MEDIUM,COMPLETED,6358.73,1439.62,2024-03-14,17
WO-CMFQ48X59ZP1,CA-CO-00000117,,2024-03-11,ELEVATOR,HIGH,COMPLETED,14004.81,8562.24,2024-03-22,11
WO-8ZSXEHIKLGU4,CA-CO-00000117,,2024-03-21,STRUCTURAL,MEDIUM,COMPLETED,13172.22,5833.55,2024-03-25,4
WO-O5W0TFSQ0SA1,CA-CO-00000117,,2024-05-03,PLUMBING,HIGH,COMPLETED,5596.57,6958.4,2024-05-17,14
WO-06QPJJYRUNVV,CA-CO-00000117,,2024-05-28,PLUMBING,MEDIUM,COMPLETED,9178.78,2479.33,2024-06-09,12
WO-RCWS6TO455QQ,CA-CO-00000117,,2024-06-13,ROOFING,EMERGENCY,COMPLETED,7762.62,771.5,2024-06-30,17
WO-USQJN36ELWN8,CA-CO-00000117,,2024-07-10,PLUMBING,LOW,OPEN,4578.44,,,31
WO-5DNM9Q95O83X,CA-CO-00000117,,2024-08-19,HVAC,LOW,DEFERRED,2180.78,,,40
WO-WW2HNXJMZIR4,CA-CO-00000117,,2024-09-10,HVAC,MEDIUM,COMPLETED,8290.89,7610.05,2024-09-26,16
WO-7KNFOI3WKA23,CA-CO-00000117,,2024-10-18,ROOFING,MEDIUM,COMPLETED,10088.15,1823.95,2024-10-31,13
WO-C3OMNAUROM1W,CA-CO-00000117,,2024-10-13,LANDSCAPING,MEDIUM,COMPLETED,9872.94,5353.93,2024-10-25,12
WO-KXX0WC061WQ0,CA-CO-00000117,,2024-10-15,HVAC,LOW,OPEN,9866.5,,,72
WO-CX9MI4BKOOIP,CA-CO-00000117,,2024-11-12,GENERAL,HIGH,COMPLETED,10984.66,10964.04,2024-11-16,4
WO-FFN92ARVKRNQ,CA-CO-00000117,,2024-12-18,HVAC,HIGH,COMPLETED,14177.83,1703.96,2025-01-08,21
WO-NVPS7MHSJLW8,CA-CO-00000117,,2024-12-04,HVAC,LOW,COMPLETED,13930.47,9008.1,2024-12-19,15
WO-2V6DFGUB9ZJC,CA-CO-00000117,,2024-12-24,HVAC,LOW,COMPLETED,5102.02,329.56,2025-01-11,18
WO-Z01BTEQQ1LPD,CA-CO-00000117,,2024-12-23,GENERAL,LOW,DEFERRED,506.88,,,24
WO-Z2NE5XISYTJZ,CA-CO-00000117,,2025-02-28,ELECTRICAL,MEDIUM,COMPLETED,2163.91,9867.43,2025-03-14,14
WO-O6W205E64LQD,CA-CO-00000117,,2025-02-24,GENERAL,MEDIUM,DEFERRED,5002.14,,,28
WO-P0TY96LMYE21,CA-CO-00000117,,2025-02-28,LANDSCAPING,MEDIUM,COMPLETED,221.52,6385.99,2025-03-15,15
WO-UWI2Z265PGDL,CA-CO-00000117,,2025-03-24,PLUMBING,MEDIUM,COMPLETED,13275.4,11424.49,2025-04-03,10
WO-OWBRDJJKOV5A,CA-CO-00000117,,2025-03-14,PLUMBING,MEDIUM,COMPLETED,12822.39,6071.99,2025-03-27,13
WO-RKP7WO9YF6YW,CA-CO-00000117,,2025-03-20,STRUCTURAL,HIGH,COMPLETED,6469.4,3259.15,2025-03-24,4
WO-E6XO7XPYR2RN,CA-CO-00000117,,2025-05-20,ROOFING,HIGH,COMPLETED,4894.36,2450.35,2025-05-24,4
WO-GYEVSTTSYYGK,CA-CO-00000117,,2025-05-16,LANDSCAPING,HIGH,COMPLETED,6922.95,3165.4,2025-05-28,12
WO-HJFZTQ9P47QI,CA-CO-00000117,,2025-05-08,GENERAL,EMERGENCY,COMPLETED,2651.44,11120.17,2025-05-13,5
WO-IZXFTYV6F0RD,CA-CO-00000117,,2025-05-21,ELECTRICAL,MEDIUM,COMPLETED,14511.98,1314.37,2025-06-05,15
WO-MJJXNNDI9DWA,CA-CO-00000117,,2025-06-07,ELECTRICAL,MEDIUM,COMPLETED,1559.09,2299.57,2025-06-23,16
WO-T4093F2VPKIY,CA-CO-00000117,,2025-06-13,STRUCTURAL,MEDIUM,COMPLETED,1263.17,1583.24,2025-06-16,3
WO-K5GB5HVL2PTE,CA-CO-00000117,,2025-06-21,STRUCTURAL,MEDIUM,OPEN,1856.09,,,16
WO-TW1M2PF7YEFP,CA-GA-00000118,,2024-02-24,ROOFING,MEDIUM,COMPLETED,213.24,3465.15,2024-03-05,10
WO-F98920AIG2TJ,CA-GA-00000118,,2024-02-08,HVAC,LOW,COMPLETED,1438.42,11206.53,2024-02-16,8
WO-GY7SEWPLKBSH,CA-GA-00000118,,2024-07-08,HVAC,MEDIUM,COMPLETED,5762.81,4683.83,2024-07-20,12
WO-X1U8NTRX5M0A,CA-GA-00000118,,2024-08-16,GENERAL,LOW,COMPLETED,11085.88,8418.96,2024-08-21,5
WO-NY0IF253Q4LO,CA-GA-00000118,,2024-11-24,HVAC,MEDIUM,COMPLETED,8145.05,4955.54,2024-12-13,19
WO-ONZSYBIWK5K6,CA-GA-00000118,,2024-12-02,GENERAL,EMERGENCY,COMPLETED,14499.59,8785.45,2024-12-22,20
WO-BDOKPOJQV78B,CA-GA-00000118,,2024-12-23,LANDSCAPING,HIGH,COMPLETED,3563.09,8281.47,2025-01-13,21
WO-EVLQCL7FFYGB,CA-GA-00000118,,2025-02-21,GENERAL,EMERGENCY,COMPLETED,3932.2,8475.85,2025-03-10,17
WO-5WFRHLROD2Z8,CA-GA-00000118,,2025-02-05,PLUMBING,MEDIUM,COMPLETED,7577.91,9367.21,2025-02-21,16
WO-YO9NNODV6353,CA-GA-00000118,,2025-03-13,STRUCTURAL,MEDIUM,COMPLETED,2600.14,11318.22,2025-03-26,13
WO-RLXY6GF1UYZG,CA-GA-00000118,,2025-04-25,STRUCTURAL,LOW,DEFERRED,14282.07,,,51
WO-CW2OBOE4SU0Y,CA-GA-00000118,,2025-04-28,PLUMBING,MEDIUM,COMPLETED,6766.19,3322.62,2025-05-08,10
WO-EOFVTJSRR0MA,CA-GA-00000118,,2025-06-23,GENERAL,LOW,COMPLETED,9973.02,3399.52,2025-06-24,1
WO-T2A7WC8X0QCC,CA-TX-00000119,,2024-01-25,PLUMBING,LOW,OPEN,14956.2,,,26
WO-4AHUG8YYXDL2,CA-TX-00000119,,2024-01-17,GENERAL,HIGH,DEFERRED,1519.46,,,40
WO-PYJ5ETVKDF17,CA-TX-00000119,,2024-01-02,ELECTRICAL,MEDIUM,COMPLETED,11888.71,5235.9,2024-01-16,14
WO-NK0MFECTJ34Q,CA-TX-00000119,,2024-01-20,ROOFING,MEDIUM,DEFERRED,4126.03,,,47
WO-5K3MW64WYPPD,CA-TX-00000119,,2024-01-22,PLUMBING,MEDIUM,OPEN,8276.29,,,5
WO-UHP7XNOJA7E7,CA-TX-00000119,,2024-01-11,STRUCTURAL,MEDIUM,DEFERRED,10789.86,,,207
WO-5RHID6FW5WES,CA-TX-00000119,,2024-01-08,STRUCTURAL,MEDIUM,DEFERRED,9879.09,,,26
WO-AU4ITEVP5XN0,CA-TX-00000119,,2024-02-06,PLUMBING,HIGH,COMPLETED,9527.37,8410.48,2024-02-24,18
WO-N2XH82NL1J35,CA-TX-00000119,,2024-02-18,ROOFING,MEDIUM,OPEN,2668.62,,,50
WO-1Z0LV5VJJSQ4,CA-TX-00000119,,2024-02-12,PLUMBING,HIGH,DEFERRED,12954.2,,,149
WO-9IXD1MA2393Z,CA-TX-00000119,,2024-02-12,PLUMBING,LOW,OPEN,4431.15,,,75
WO-NNJ83619VN7S,CA-TX-00000119,,2024-02-03,ELEVATOR,MEDIUM,OPEN,7041.89,,,45
WO-F14V8N1JB64Y,CA-TX-00000119,,2024-02-01,GENERAL,LOW,OPEN,1298.48,,,26
WO-CUD71CSKX3N6,CA-TX-00000119,,2024-03-15,PLUMBING,LOW,DEFERRED,1101.97,,,12
WO-CB1TTUUGQBGD,CA-TX-00000119,,2024-03-17,STRUCTURAL,MEDIUM,DEFERRED,14533.43,,,91
WO-D57JOJQ3YVYM,CA-TX-00000119,,2024-03-16,PLUMBING,MEDIUM,COMPLETED,382.92,5809.86,2024-03-31,15
WO-TQVVUHXQF5RK,CA-TX-00000119,,2024-03-02,PLUMBING,MEDIUM,COMPLETED,5337.61,7785.27,2024-03-08,6
WO-D3YMJBA3UWFP,CA-TX-00000119,,2024-03-09,LANDSCAPING,EMERGENCY,OPEN,2389.17,,,22
WO-3S37JWQ8LSVC,CA-TX-00000119,,2024-03-17,ELECTRICAL,HIGH,COMPLETED,5513.4,926.51,2024-03-27,10
WO-3OJID40OLCTG,CA-TX-00000119,,2024-03-05,STRUCTURAL,HIGH,COMPLETED,9210.31,3953.33,2024-03-18,13
WO-BRNCJ1AFIICX,CA-TX-00000119,,2024-04-08,ELECTRICAL,HIGH,COMPLETED,572.99,679.61,2024-04-23,15
WO-X2D3HXFM0Q4X,CA-TX-00000119,,2024-04-04,PLUMBING,MEDIUM,DEFERRED,7691.19,,,62
WO-3493ODWUYVPT,CA-TX-00000119,,2024-04-16,ROOFING,LOW,OPEN,6078.99,,,91
WO-S9UYEGCMJJNN,CA-TX-00000119,,2024-04-07,STRUCTURAL,LOW,COMPLETED,12875.92,10927.9,2024-04-15,8
WO-G1XPWOYN3KCE,CA-TX-00000119,,2024-04-10,GENERAL,MEDIUM,DEFERRED,8297.53,,,58
WO-5CIMEFQO7HNU,CA-TX-00000119,,2024-04-24,PLUMBING,MEDIUM,COMPLETED,5317.29,2407.8,2024-05-04,10
WO-JI4TBQ6D2JN4,CA-TX-00000119,,2024-04-20,ELEVATOR,HIGH,OPEN,9327.48,,,13
WO-BWK85AY3JUAO,CA-TX-00000119,,2024-04-23,GENERAL,MEDIUM,COMPLETED,10509.86,3823.85,2024-04-24,1
WO-RXKAY5HSDDML,CA-TX-00000119,,2024-05-02,STRUCTURAL,EMERGENCY,OPEN,6790.13,,,93
WO-MNODFSDMULLL,CA-TX-00000119,,2024-05-05,ELEVATOR,LOW,OPEN,14997.42,,,62
WO-9T65AQFAO1I5,CA-TX-00000119,,2024-05-17,LANDSCAPING,LOW,DEFERRED,4026.8,,,140
WO-D644K3JK0242,CA-TX-00000119,,2024-06-13,LANDSCAPING,LOW,COMPLETED,6812.08,273.53,2024-07-04,21
WO-3CGPQ43DD302,CA-TX-00000119,,2024-06-06,PLUMBING,HIGH,COMPLETED,3380.91,6984.85,2024-06-25,19
WO-F9X7B0MXP9L9,CA-TX-00000119,,2024-06-04,HVAC,MEDIUM,OPEN,14004.7,,,25
WO-0W9OGSYL24MD,CA-TX-00000119,,2024-06-21,ELECTRICAL,LOW,COMPLETED,12860.46,7334.94,2024-07-03,12
WO-F1A33TPUC6IG,CA-TX-00000119,,2024-06-10,HVAC,MEDIUM,COMPLETED,14661.1,2754.13,2024-06-16,6
WO-1CC6JEDC2B0M,CA-TX-00000119,,2024-06-26,ELECTRICAL,HIGH,COMPLETED,8752.89,7369.87,2024-07-13,17
WO-K9HB6X4FMNGL,CA-TX-00000119,,2024-07-08,PLUMBING,MEDIUM,OPEN,1608.53,,,59
WO-1305JKYWTD8B,CA-TX-00000119,,2024-07-10,HVAC,MEDIUM,COMPLETED,1831.53,6096.69,2024-07-17,7
WO-RZ5PH7ZQEEYQ,CA-TX-00000119,,2024-07-08,HVAC,MEDIUM,DEFERRED,1775.0,,,8
WO-9NU4M0ND5F3M,CA-TX-00000119,,2024-08-01,PLUMBING,HIGH,OPEN,8564.64,,,77
WO-LXSI740ZBHV3,CA-TX-00000119,,2024-08-06,HVAC,HIGH,OPEN,13149.15,,,145
WO-CEJEWBJN2JIU,CA-TX-00000119,,2024-08-16,PLUMBING,LOW,OPEN,10579.16,,,15
WO-PJ99ZSJOD50X,CA-TX-00000119,,2024-08-25,HVAC,MEDIUM,COMPLETED,5131.08,1491.1,2024-09-06,12
WO-31SVKFZKI8YA,CA-TX-00000119,,2024-08-14,PLUMBING,MEDIUM,OPEN,14268.6,,,147
WO-FR17STHYTS97,CA-TX-00000119,,2024-08-26,HVAC,LOW,COMPLETED,9643.9,5906.3,2024-08-27,1
WO-EHR6O25X9M67,CA-TX-00000119,,2024-08-10,ELECTRICAL,MEDIUM,COMPLETED,6379.57,1716.03,2024-08-11,1
WO-9NCVBLFO8IQX,CA-TX-00000119,,2024-08-27,LANDSCAPING,MEDIUM,DEFERRED,7542.07,,,325
WO-89MQW1NUZYMT,CA-TX-00000119,,2024-08-25,PLUMBING,MEDIUM,COMPLETED,8068.64,6004.21,2024-09-01,7
WO-ZI5ALS69YCZK,CA-TX-00000119,,2024-09-02,LANDSCAPING,EMERGENCY,COMPLETED,3871.56,8557.93,2024-09-22,20
WO-TVOWTVIPXF94,CA-TX-00000119,,2024-09-02,ELECTRICAL,MEDIUM,COMPLETED,11038.2,2792.62,2024-09-20,18
WO-3UD1OEEY4N8B,CA-TX-00000119,,2024-10-21,GENERAL,MEDIUM,COMPLETED,5939.35,5704.09,2024-10-29,8
WO-2HL883HMF3J0,CA-TX-00000119,,2024-10-16,ELECTRICAL,LOW,DEFERRED,6103.19,,,54
WO-BVITDJMF9YUN,CA-TX-00000119,,2024-10-16,PLUMBING,MEDIUM,COMPLETED,320.75,4510.98,2024-10-27,11
WO-N71F05VMGB9Y,CA-TX-00000119,,2024-10-26,ELECTRICAL,EMERGENCY,COMPLETED,3011.62,8562.28,2024-11-16,21
WO-BVKPC9BKV78F,CA-TX-00000119,,2024-10-26,GENERAL,MEDIUM,OPEN,2471.1,,,15
WO-6TIG4X8CLL1P,CA-TX-00000119,,2024-10-09,PLUMBING,MEDIUM,DEFERRED,3589.33,,,80
WO-HRJOASS0TG6R,CA-TX-00000119,,2024-10-06,ELECTRICAL,MEDIUM,OPEN,11561.01,,,106
WO-RKH3WJ7CBS26,CA-TX-00000119,,2024-11-06,HVAC,LOW,OPEN,6159.28,,,138
WO-M1NQZ1O03BXS,CA-TX-00000119,,2024-11-23,HVAC,LOW,COMPLETED,1456.02,3592.02,2024-12-07,14
WO-CPLX3ABIAEZK,CA-TX-00000119,,2024-11-18,LANDSCAPING,MEDIUM,COMPLETED,477.75,10482.99,2024-12-08,20
WO-9Q7S7USGKU9J,CA-TX-00000119,,2024-11-07,ELECTRICAL,MEDIUM,DEFERRED,4279.98,,,14
WO-UU7HA6JRBQUN,CA-TX-00000119,,2024-12-20,LANDSCAPING,MEDIUM,COMPLETED,6859.78,7880.08,2025-01-07,18
WO-VBTKRQ9SXH1J,CA-TX-00000119,,2024-12-18,GENERAL,LOW,OPEN,12714.63,,,60
WO-1H969HD6XGJO,CA-TX-00000119,,2025-01-08,ROOFING,MEDIUM,DEFERRED,2465.31,,,30
WO-YHAYYK9GX4HG,CA-TX-00000119,,2025-01-08,GENERAL,MEDIUM,COMPLETED,13495.99,4668.22,2025-01-09,1
WO-ZXSU7EJVNXMJ,CA-TX-00000119,,2025-01-11,GENERAL,MEDIUM,COMPLETED,8579.21,6644.37,2025-01-16,5
WO-RP5XJIPQ2GW4,CA-TX-00000119,,2025-01-08,ELECTRICAL,HIGH,DEFERRED,3484.5,,,104
WO-N51POV6K991X,CA-TX-00000119,,2025-01-01,PLUMBING,LOW,COMPLETED,6106.46,4832.85,2025-01-10,9
WO-NN9W8WE32DH9,CA-TX-00000119,,2025-02-05,GENERAL,EMERGENCY,COMPLETED,1851.46,3616.12,2025-02-14,9
WO-IV7F39XPN2D6,CA-TX-00000119,,2025-02-05,PLUMBING,MEDIUM,COMPLETED,8853.17,6257.09,2025-02-07,2
WO-64X94PW52QCW,CA-TX-00000119,,2025-02-11,PLUMBING,HIGH,COMPLETED,12881.73,10235.97,2025-02-24,13
WO-Y5A8VIWTZ2C3,CA-TX-00000119,,2025-02-19,ELECTRICAL,LOW,COMPLETED,11870.33,4684.54,2025-03-11,20
WO-4U8JWM9P2EGZ,CA-TX-00000119,,2025-02-12,STRUCTURAL,MEDIUM,COMPLETED,8525.12,11915.73,2025-02-27,15
WO-TXI9Q5JUFZ7Q,CA-TX-00000119,,2025-02-18,LANDSCAPING,HIGH,COMPLETED,3735.66,2252.67,2025-02-22,4
WO-9HHRG9MSQD1S,CA-TX-00000119,,2025-03-22,ROOFING,LOW,COMPLETED,14373.33,10560.99,2025-04-09,18
WO-1KUNX89V7Y1O,CA-TX-00000119,,2025-03-17,PLUMBING,MEDIUM,COMPLETED,8793.4,9927.25,2025-03-29,12
WO-PK7JRK12OQ8O,CA-TX-00000119,,2025-03-12,GENERAL,LOW,COMPLETED,10292.88,7450.84,2025-04-01,20
WO-KIAZTFXEE983,CA-TX-00000119,,2025-03-25,HVAC,EMERGENCY,OPEN,4179.51,,,49
WO-F5NAU7GJ47T3,CA-TX-00000119,,2025-03-06,STRUCTURAL,LOW,COMPLETED,8728.06,7012.23,2025-03-18,12
WO-0HMCER17T88I,CA-TX-00000119,,2025-03-08,PLUMBING,HIGH,DEFERRED,6634.86,,,88
WO-YJ1MZWDNFNR6,CA-TX-00000119,,2025-03-01,HVAC,MEDIUM,COMPLETED,4553.61,4417.35,2025-03-13,12
WO-CMN1LS7DES54,CA-TX-00000119,,2025-04-03,LANDSCAPING,LOW,DEFERRED,2162.52,,,282
WO-5B29SGRJAZYM,CA-TX-00000119,,2025-04-17,GENERAL,MEDIUM,COMPLETED,463.63,6751.57,2025-05-05,18
WO-LPR3PRYBJQB0,CA-TX-00000119,,2025-04-11,ROOFING,HIGH,OPEN,1420.93,,,28
WO-OH6XJH6PHHEI,CA-TX-00000119,,2025-04-13,LANDSCAPING,MEDIUM,COMPLETED,6170.44,11670.8,2025-04-18,5
WO-SN3I5KDKI4LN,CA-TX-00000119,,2025-05-27,ELEVATOR,HIGH,OPEN,12625.51,,,56
WO-DE3CBMV2SKOF,CA-TX-00000119,,2025-05-11,HVAC,LOW,COMPLETED,2508.93,4242.39,2025-05-13,2
WO-2DMC4DV3UIT7,CA-TX-00000119,,2025-05-28,PLUMBING,HIGH,COMPLETED,7915.63,3050.21,2025-06-08,11
WO-943ROJ9HB1NU,CA-TX-00000119,,2025-05-12,ELEVATOR,LOW,OPEN,7528.47,,,18
WO-27M64ZBUN67S,CA-TX-00000119,,2025-05-04,ROOFING,LOW,COMPLETED,14137.62,236.63,2025-05-18,14
WO-09CWX85BTAI3,CA-TX-00000119,,2025-05-02,PLUMBING,MEDIUM,OPEN,8009.45,,,163
WO-7ZOYHERANKX9,CA-TX-00000119,,2025-05-28,PLUMBING,LOW,COMPLETED,943.4,9779.25,2025-06-04,7
WO-Y1AZ7UQXILRK,CA-TX-00000119,,2025-05-03,ELECTRICAL,LOW,DEFERRED,6451.32,,,60
WO-3VAHTIN0HHCN,CA-TX-00000119,,2025-05-10,ROOFING,LOW,DEFERRED,13447.51,,,107
WO-55NB4ASKQC99,CA-TX-00000119,,2025-05-26,HVAC,MEDIUM,OPEN,14032.41,,,145
WO-MR5FOMAISQWB,CA-TX-00000119,,2025-06-08,PLUMBING,HIGH,OPEN,11641.68,,,33
WO-6R29PTQF7WSD,CA-TX-00000119,,2025-06-26,GENERAL,MEDIUM,COMPLETED,2551.24,10416.72,2025-07-13,17
WO-P4PJHA9QODXQ,CA-TX-00000119,,2025-06-13,ELECTRICAL,LOW,DEFERRED,8450.16,,,119
WO-VEF8TL3KF5B8,CA-TX-00000119,,2025-06-05,HVAC,MEDIUM,COMPLETED,3317.06,809.92,2025-06-07,2
WO-BU9VT1Q5OLE5,CA-TX-00000119,,2025-06-17,LANDSCAPING,LOW,DEFERRED,10985.04,,,54
WO-NP3VKLYX9R6I,CA-TX-00000119,,2025-06-05,GENERAL,MEDIUM,COMPLETED,9496.81,330.87,2025-06-24,19
WO-DOBZXSOAZVUN,CA-CA-00000120,,2024-01-17,GENERAL,HIGH,COMPLETED,12792.08,11949.74,2024-01-20,3
WO-I7XC5GDYEXN6,CA-CA-00000120,,2024-03-19,ELECTRICAL,LOW,COMPLETED,6874.87,3423.32,2024-03-24,5
WO-B2YDNA338TI3,CA-CA-00000120,,2024-05-07,PLUMBING,LOW,COMPLETED,7503.76,7098.3,2024-05-26,19
WO-N1XD1QU3H12S,CA-CA-00000120,,2024-05-24,HVAC,MEDIUM,COMPLETED,2259.67,5652.98,2024-05-28,4
WO-X1ZKI6G6NKCB,CA-CA-00000120,,2024-06-21,HVAC,MEDIUM,COMPLETED,5674.9,10919.12,2024-07-03,12
WO-KOKK8R8WZDMC,CA-CA-00000120,,2024-07-18,HVAC,HIGH,COMPLETED,3465.13,1580.16,2024-07-23,5
WO-Z52ZQLTJ2WUG,CA-CA-00000120,,2024-08-15,LANDSCAPING,MEDIUM,COMPLETED,3854.5,8302.75,2024-09-03,19
WO-UZ4BLOMCAIES,CA-CA-00000120,,2024-10-24,STRUCTURAL,LOW,COMPLETED,9135.13,2217.47,2024-11-02,9
WO-9DXIQZXNGYNX,CA-CA-00000120,,2024-10-14,GENERAL,MEDIUM,COMPLETED,1308.79,2272.49,2024-10-29,15
WO-LDA5TAXLD0KP,CA-CA-00000120,,2024-11-09,LANDSCAPING,LOW,COMPLETED,10830.12,1139.18,2024-11-17,8
WO-S5GTIBSRYGR4,CA-CA-00000120,,2024-11-22,LANDSCAPING,MEDIUM,COMPLETED,7621.97,9970.3,2024-12-08,16
WO-7NSQT0MBMCC1,CA-CA-00000120,,2024-12-23,ELEVATOR,HIGH,COMPLETED,2888.41,9467.07,2024-12-29,6
WO-7D7WF0HXMEV0,CA-CA-00000120,,2025-01-05,LANDSCAPING,MEDIUM,COMPLETED,11597.24,11720.81,2025-01-08,3
WO-JIEBHVXHJ0UM,CA-CA-00000120,,2025-01-21,PLUMBING,HIGH,COMPLETED,9698.11,4771.91,2025-01-28,7
WO-ZHX9PKUHZ88S,CA-CA-00000120,,2025-04-24,GENERAL,LOW,COMPLETED,11134.13,11593.49,2025-05-04,10
WO-6BN13LY568PN,CA-CA-00000120,,2025-05-21,HVAC,HIGH,COMPLETED,12109.16,5572.65,2025-05-27,6
WO-HVSFGIJLETIA,CA-NC-00000121,,2024-01-23,HVAC,HIGH,COMPLETED,8904.03,11621.04,2024-01-24,1
WO-7BMBEQN0ZC1A,CA-NC-00000121,,2024-02-04,HVAC,MEDIUM,COMPLETED,13661.02,1809.76,2024-02-06,2
WO-JBRK0O0G06BQ,CA-NC-00000121,,2024-04-05,PLUMBING,HIGH,COMPLETED,11954.11,9106.52,2024-04-07,2
WO-U3A8Y1XP328D,CA-NC-00000121,,2024-05-18,LANDSCAPING,MEDIUM,COMPLETED,4541.65,9773.7,2024-05-19,1
WO-PPEFQEJ8CLLJ,CA-NC-00000121,,2024-06-28,HVAC,LOW,COMPLETED,8266.41,5139.0,2024-07-06,8
WO-DOIJO77XIRQ2,CA-NC-00000121,,2024-07-05,PLUMBING,MEDIUM,COMPLETED,1404.65,6543.63,2024-07-24,19
WO-F1UPFUSZ5H7Y,CA-NC-00000121,,2024-07-20,PLUMBING,LOW,COMPLETED,14629.73,6605.96,2024-07-31,11
WO-SQQTCZ8AQ5FD,CA-NC-00000121,,2024-09-24,LANDSCAPING,EMERGENCY,COMPLETED,7631.89,9878.69,2024-10-06,12
WO-3LU1URMH5W9O,CA-NC-00000121,,2025-03-12,LANDSCAPING,MEDIUM,COMPLETED,14814.87,859.75,2025-03-19,7
WO-TD4KNB5PTP04,CA-NC-00000121,,2025-04-03,HVAC,MEDIUM,COMPLETED,1257.25,9880.32,2025-04-16,13
WO-1MM00OP5P3HK,CA-IL-00000122,,2024-01-08,ROOFING,LOW,COMPLETED,12274.23,9641.43,2024-01-11,3
WO-QW5P8ZK02XBI,CA-IL-00000122,,2024-01-04,LANDSCAPING,MEDIUM,DEFERRED,8969.01,,,27
WO-A3DLHML4KOK1,CA-IL-00000122,,2024-01-19,PLUMBING,LOW,DEFERRED,8436.65,,,52
WO-I9MWVY38LMYQ,CA-IL-00000122,,2024-01-03,PLUMBING,MEDIUM,COMPLETED,6585.22,5232.24,2024-01-04,1
WO-GPX9WWT2FVJR,CA-IL-00000122,,2024-02-02,GENERAL,HIGH,COMPLETED,6656.12,1638.52,2024-02-17,15
WO-YUHAZP06SZXG,CA-IL-00000122,,2024-02-23,LANDSCAPING,LOW,COMPLETED,13545.19,10256.34,2024-02-26,3
WO-X04G2N7P8KES,CA-IL-00000122,,2024-02-17,ROOFING,MEDIUM,OPEN,11931.42,,,64
WO-1Q7RYS9ZFYGB,CA-IL-00000122,,2024-03-08,ROOFING,MEDIUM,COMPLETED,12899.79,11949.57,2024-03-28,20
WO-3MROT7UA8QLF,CA-IL-00000122,,2024-03-10,HVAC,MEDIUM,COMPLETED,5781.76,10493.15,2024-03-19,9
WO-1HXMZNNAG7AC,CA-IL-00000122,,2024-03-14,GENERAL,LOW,COMPLETED,5526.3,2258.18,2024-03-30,16
WO-IC4DUX7SU0IO,CA-IL-00000122,,2024-03-01,ELECTRICAL,MEDIUM,OPEN,14014.9,,,80
WO-1Z0VUVJCAQS8,CA-IL-00000122,,2024-04-20,GENERAL,HIGH,COMPLETED,5972.65,973.1,2024-04-24,4
WO-WXWAHR8IUH46,CA-IL-00000122,,2024-05-14,ELECTRICAL,MEDIUM,DEFERRED,10286.18,,,63
WO-POZNCT9XVEPX,CA-IL-00000122,,2024-05-04,GENERAL,MEDIUM,COMPLETED,10348.34,7412.26,2024-05-20,16
WO-2NWAFL2JYWS8,CA-IL-00000122,,2024-05-28,HVAC,LOW,COMPLETED,9646.28,675.06,2024-06-08,11
WO-0H0Y30BR80V8,CA-IL-00000122,,2024-05-01,LANDSCAPING,MEDIUM,DEFERRED,8744.4,,,48
WO-QJIGVNI0Z0R2,CA-IL-00000122,,2024-05-10,GENERAL,MEDIUM,DEFERRED,11374.62,,,118
WO-TUQOQ58V6JSW,CA-IL-00000122,,2024-06-13,HVAC,HIGH,COMPLETED,9865.1,4354.97,2024-06-30,17
WO-3177YW3E5G8I,CA-IL-00000122,,2024-06-08,ELECTRICAL,LOW,COMPLETED,5195.14,7092.73,2024-06-25,17
WO-SEGJ28VL8PO2,CA-IL-00000122,,2024-06-18,PLUMBING,MEDIUM,COMPLETED,8462.39,7443.13,2024-06-26,8
WO-1RJ3JZ2JX7IK,CA-IL-00000122,,2024-07-22,ELEVATOR,MEDIUM,COMPLETED,6058.04,1337.31,2024-08-08,17
WO-3V6HXTDCN9F3,CA-IL-00000122,,2024-07-20,STRUCTURAL,MEDIUM,COMPLETED,5084.97,2571.85,2024-07-31,11
WO-DLJFFZLL1FF9,CA-IL-00000122,,2024-07-26,HVAC,LOW,COMPLETED,8804.51,8019.73,2024-08-01,6
WO-ZDJJRQRD5EV5,CA-IL-00000122,,2024-08-11,GENERAL,EMERGENCY,COMPLETED,5082.24,2008.58,2024-08-14,3
WO-WINLHNGOKSC7,CA-IL-00000122,,2024-08-16,HVAC,MEDIUM,COMPLETED,2705.3,2692.45,2024-09-01,16
WO-C6C6GDW2N780,CA-IL-00000122,,2024-08-07,ROOFING,MEDIUM,DEFERRED,8481.83,,,43
WO-7YOTRIMY96S2,CA-IL-00000122,,2024-08-05,STRUCTURAL,MEDIUM,OPEN,7375.37,,,42
WO-Y7RYKVIDLYX7,CA-IL-00000122,,2024-08-08,ROOFING,LOW,COMPLETED,2597.51,6216.31,2024-08-23,15
WO-PNQK5GHCJQR2,CA-IL-00000122,,2024-08-07,PLUMBING,MEDIUM,DEFERRED,703.54,,,59
WO-TLY2Z18UJSN2,CA-IL-00000122,,2024-09-17,ROOFING,MEDIUM,COMPLETED,766.19,9678.24,2024-09-22,5
WO-4YHPEQOR5TGU,CA-IL-00000122,,2024-09-15,HVAC,MEDIUM,COMPLETED,1157.38,3287.61,2024-09-16,1
WO-C9TD8MQGQ0RH,CA-IL-00000122,,2024-09-20,STRUCTURAL,HIGH,COMPLETED,6506.66,7271.27,2024-10-08,18
WO-NFCUHZU3DUS7,CA-IL-00000122,,2024-09-07,HVAC,LOW,OPEN,780.02,,,16
WO-SDCOXI5T84WE,CA-IL-00000122,,2024-11-07,ELEVATOR,HIGH,COMPLETED,4023.57,5046.33,2024-11-17,10
WO-KN95LBGX0GNR,CA-IL-00000122,,2025-01-20,ELECTRICAL,MEDIUM,COMPLETED,9078.69,298.8,2025-02-05,16
WO-3S7ADU2HX760,CA-IL-00000122,,2025-01-18,STRUCTURAL,LOW,DEFERRED,14127.82,,,81
WO-TB69OUWW77ZY,CA-IL-00000122,,2025-02-18,LANDSCAPING,LOW,COMPLETED,5677.77,1880.51,2025-02-20,2
WO-KTOFY8J7UY6X,CA-IL-00000122,,2025-04-25,PLUMBING,MEDIUM,COMPLETED,8765.42,538.38,2025-05-07,12
WO-XX1QZUJINBIF,CA-IL-00000122,,2025-04-17,LANDSCAPING,MEDIUM,COMPLETED,11618.4,3508.83,2025-04-20,3
WO-E8W7ZZ5HNM73,CA-IL-00000122,,2025-05-19,LANDSCAPING,MEDIUM,COMPLETED,12920.32,2195.01,2025-05-30,11
WO-M0I19TYVNVBV,CA-IL-00000122,,2025-05-09,HVAC,LOW,COMPLETED,2146.09,6318.18,2025-05-26,17
WO-9T0LI0XN7JMF,CA-IL-00000122,,2025-05-09,ROOFING,LOW,COMPLETED,5177.68,6791.97,2025-05-16,7
WO-1KRN9BLPEGBB,CA-IL-00000122,,2025-05-12,PLUMBING,HIGH,COMPLETED,10595.12,6898.6,2025-05-15,3
WO-Y7NFMTWW7MWG,CA-NY-00000123,,2024-01-21,ELECTRICAL,HIGH,COMPLETED,4636.18,2216.15,2024-01-26,5
WO-TIQV0H7C65N5,CA-NY-00000123,,2024-02-12,GENERAL,MEDIUM,COMPLETED,5009.17,11871.87,2024-02-21,9
WO-MNP39Q4UGXE6,CA-NY-00000123,,2024-03-08,PLUMBING,LOW,COMPLETED,12491.87,4343.78,2024-03-09,1
WO-E8VTFDZ9VUM5,CA-NY-00000123,,2024-04-14,GENERAL,LOW,COMPLETED,7085.67,9752.92,2024-05-04,20
WO-KFO1YAGPT4YV,CA-NY-00000123,,2024-04-22,LANDSCAPING,LOW,COMPLETED,5988.1,6031.24,2024-05-08,16
WO-ZR3SA9A9W9NB,CA-NY-00000123,,2024-05-04,ELECTRICAL,HIGH,COMPLETED,11993.12,6211.95,2024-05-15,11
WO-TD37QQT93MJZ,CA-NY-00000123,,2024-05-21,LANDSCAPING,HIGH,COMPLETED,9258.56,11859.65,2024-05-23,2
WO-Z3P4EWEO2OB6,CA-NY-00000123,,2024-07-10,GENERAL,MEDIUM,COMPLETED,3223.76,510.13,2024-07-19,9
WO-RV6QTASZYPFV,CA-NY-00000123,,2024-09-11,HVAC,MEDIUM,COMPLETED,1424.73,9912.74,2024-09-15,4
WO-9SDOEY34JLEU,CA-NY-00000123,,2024-10-27,PLUMBING,EMERGENCY,COMPLETED,2863.58,8067.61,2024-11-12,16
WO-612LYNVG1JFA,CA-NY-00000123,,2024-10-05,PLUMBING,MEDIUM,COMPLETED,11830.68,3117.07,2024-10-14,9
WO-OGI4NZU9O7T3,CA-NY-00000123,,2025-01-19,ROOFING,MEDIUM,COMPLETED,11436.77,4897.73,2025-01-21,2
WO-0FPN0W5PGX5M,CA-NY-00000123,,2025-01-03,GENERAL,MEDIUM,COMPLETED,9664.02,6889.19,2025-01-05,2
WO-BH5DNGWT6BNW,CA-NY-00000123,,2025-02-13,PLUMBING,LOW,COMPLETED,9594.48,6478.36,2025-02-28,15
WO-GDONWH5HF7Q5,CA-NY-00000123,,2025-02-24,ELEVATOR,MEDIUM,COMPLETED,11500.43,3322.17,2025-03-09,13
WO-ZCEMUNQG533H,CA-NY-00000123,,2025-04-15,ELECTRICAL,MEDIUM,COMPLETED,4532.55,7074.89,2025-04-20,5
WO-QM7CS55VLFMJ,CA-NY-00000123,,2025-05-17,ROOFING,LOW,COMPLETED,7298.62,9197.87,2025-06-01,15
WO-BJZXOKBVB7W1,CA-NY-00000123,,2025-06-02,PLUMBING,MEDIUM,COMPLETED,4072.84,6277.97,2025-06-09,7
WO-HOW2FERTZWIX,CA-NY-00000123,,2025-06-10,GENERAL,MEDIUM,COMPLETED,6089.25,3223.78,2025-06-13,3
WO-M3S9AFDMJI14,CA-VA-00000124,,2024-01-23,ELECTRICAL,MEDIUM,COMPLETED,3549.16,7920.38,2024-02-07,15
WO-1GB1995G94SI,CA-VA-00000124,,2024-02-06,PLUMBING,HIGH,COMPLETED,11116.23,6308.47,2024-02-08,2
WO-RGQ4OP3EH4BO,CA-VA-00000124,,2024-02-20,HVAC,MEDIUM,COMPLETED,5952.14,6329.03,2024-02-27,7
WO-08LOREXXYBWG,CA-VA-00000124,,2024-03-25,HVAC,MEDIUM,COMPLETED,11812.72,9979.06,2024-04-14,20
WO-Z3VO9735SUNO,CA-VA-00000124,,2024-03-20,GENERAL,MEDIUM,COMPLETED,2026.69,5157.43,2024-03-26,6
WO-MF96Q27B7ERC,CA-VA-00000124,,2024-03-14,HVAC,MEDIUM,COMPLETED,1620.82,9907.09,2024-03-18,4
WO-IWE5BIR862IJ,CA-VA-00000124,,2024-04-24,LANDSCAPING,MEDIUM,COMPLETED,2410.78,6995.98,2024-05-11,17
WO-K9KR0EJPXSFC,CA-VA-00000124,,2024-05-05,HVAC,MEDIUM,COMPLETED,14800.79,1884.41,2024-05-12,7
WO-CP6E4V2JI6R8,CA-VA-00000124,,2024-06-20,ELECTRICAL,LOW,COMPLETED,8946.01,4408.23,2024-06-24,4
WO-RF406CHEI88S,CA-VA-00000124,,2024-08-06,PLUMBING,MEDIUM,COMPLETED,3677.34,11895.3,2024-08-22,16
WO-V43BTTSP4K3R,CA-VA-00000124,,2024-08-23,PLUMBING,HIGH,OPEN,722.22,,,63
WO-0AFVTVULG8U9,CA-VA-00000124,,2024-08-08,HVAC,LOW,COMPLETED,508.25,8695.1,2024-08-12,4
WO-FPEVTJ5QH5YN,CA-VA-00000124,,2024-11-16,PLUMBING,LOW,COMPLETED,7465.72,829.12,2024-11-25,9
WO-85PJKNG269MN,CA-VA-00000124,,2024-11-18,PLUMBING,HIGH,COMPLETED,8514.36,3395.15,2024-12-05,17
WO-H89WDC47LTUX,CA-VA-00000124,,2024-12-18,GENERAL,MEDIUM,COMPLETED,13912.41,8431.3,2024-12-29,11
WO-VZPL8ZD3KH3A,CA-VA-00000124,,2025-02-01,STRUCTURAL,MEDIUM,COMPLETED,3849.92,9920.12,2025-02-07,6
WO-WEAJBNTQGZDZ,CA-VA-00000124,,2025-04-05,LANDSCAPING,MEDIUM,OPEN,12952.62,,,78
WO-HEA9KUNO9C9Z,CA-VA-00000124,,2025-05-28,ELEVATOR,LOW,COMPLETED,2393.97,8995.34,2025-06-16,19
WO-V6VEA2125OUF,CA-VA-00000124,,2025-05-07,ROOFING,MEDIUM,DEFERRED,3541.35,,,29
WO-02OLFX0WNFJH,CA-TX-00000125,,2024-03-03,LANDSCAPING,MEDIUM,COMPLETED,609.98,4916.19,2024-03-11,8
WO-BSFW06KVH7SM,CA-TX-00000125,,2024-03-05,HVAC,LOW,COMPLETED,6923.3,574.43,2024-03-21,16
WO-XAZ00D7NHBQK,CA-TX-00000125,,2024-04-17,LANDSCAPING,LOW,COMPLETED,12262.83,8699.13,2024-05-03,16
WO-61LXZ5OU9TL4,CA-TX-00000125,,2024-04-14,ROOFING,MEDIUM,COMPLETED,12638.75,3544.77,2024-05-05,21
WO-BUZYG7D5N3T2,CA-TX-00000125,,2024-05-17,ELECTRICAL,LOW,COMPLETED,13122.36,3971.03,2024-05-27,10
WO-S3PKM6JXI9LS,CA-TX-00000125,,2024-06-08,LANDSCAPING,LOW,COMPLETED,10405.9,10683.15,2024-06-26,18
WO-IVT8J7WTB26A,CA-TX-00000125,,2024-06-12,PLUMBING,LOW,COMPLETED,10321.9,1160.48,2024-06-20,8
WO-UUGFTC80ZRQ0,CA-TX-00000125,,2024-07-08,GENERAL,MEDIUM,COMPLETED,914.55,848.05,2024-07-27,19
WO-GSRVT58CR2OW,CA-TX-00000125,,2024-08-27,ELECTRICAL,MEDIUM,COMPLETED,14359.04,1059.37,2024-09-10,14
WO-6C1DWHXR12G1,CA-TX-00000125,,2024-12-14,GENERAL,LOW,COMPLETED,4106.68,2956.89,2024-12-18,4
WO-88EE82DIKB7F,CA-TX-00000125,,2025-01-16,LANDSCAPING,MEDIUM,COMPLETED,2341.84,10105.49,2025-01-27,11
WO-K4XOZGXN6UBV,CA-TX-00000125,,2025-02-25,LANDSCAPING,MEDIUM,COMPLETED,3394.5,7992.31,2025-03-17,20
WO-2FFQN2EQ3UAD,CA-TX-00000125,,2025-03-27,ELECTRICAL,MEDIUM,COMPLETED,14609.62,2563.06,2025-04-17,21
WO-DHARU6G73RNB,CA-TX-00000125,,2025-04-02,LANDSCAPING,MEDIUM,COMPLETED,4806.32,5677.51,2025-04-16,14
WO-XCDK1T6PXKC4,CA-TX-00000125,,2025-06-22,ROOFING,MEDIUM,COMPLETED,10655.0,7425.29,2025-07-13,21
WO-77H1DBCWK06P,CA-IL-00000126,,2024-01-16,HVAC,MEDIUM,OPEN,14349.05,,,21
WO-0SFYCGQX8X8G,CA-IL-00000126,,2024-01-06,PLUMBING,MEDIUM,OPEN,3828.17,,,58
WO-9YQPFT1W03HV,CA-IL-00000126,,2024-01-18,ELECTRICAL,MEDIUM,COMPLETED,6340.03,7808.7,2024-01-21,3
WO-ORBRID0GW13N,CA-IL-00000126,,2024-01-20,GENERAL,MEDIUM,OPEN,13283.51,,,65
WO-A7XL4Y6O6EXF,CA-IL-00000126,,2024-01-13,LANDSCAPING,LOW,DEFERRED,6012.41,,,30
WO-QRFGB7XB5X1E,CA-IL-00000126,,2024-01-14,LANDSCAPING,MEDIUM,DEFERRED,201.28,,,34
WO-3X6TZDABEHKN,CA-IL-00000126,,2024-01-25,LANDSCAPING,HIGH,OPEN,10147.78,,,65
WO-I2NLZS2QONAA,CA-IL-00000126,,2024-02-28,LANDSCAPING,MEDIUM,COMPLETED,3498.21,1893.46,2024-03-06,7
WO-NKRNUKDTLWT1,CA-IL-00000126,,2024-02-24,HVAC,MEDIUM,OPEN,13283.93,,,72
WO-V0HOWS5NML9U,CA-IL-00000126,,2024-02-09,STRUCTURAL,LOW,DEFERRED,12949.4,,,26
WO-S3M9IP9MICOC,CA-IL-00000126,,2024-03-02,ELEVATOR,LOW,DEFERRED,14620.81,,,354
WO-7ZQSSD2KHTSJ,CA-IL-00000126,,2024-03-26,ELECTRICAL,LOW,DEFERRED,1280.34,,,27
WO-WOICYIDMR7OP,CA-IL-00000126,,2024-03-07,GENERAL,MEDIUM,OPEN,6577.92,,,83
WO-1AN1MEB9NDUL,CA-IL-00000126,,2024-03-16,STRUCTURAL,LOW,COMPLETED,7148.33,3151.05,2024-03-31,15
WO-VES6UIE6642J,CA-IL-00000126,,2024-03-21,ELECTRICAL,LOW,COMPLETED,11067.11,1061.84,2024-04-02,12
WO-7AVQ80ZETPD9,CA-IL-00000126,,2024-03-03,GENERAL,MEDIUM,DEFERRED,13290.94,,,30
WO-SXYJ1M6DCTFR,CA-IL-00000126,,2024-03-17,ROOFING,MEDIUM,DEFERRED,486.41,,,125
WO-5F5GNRVCF3R6,CA-IL-00000126,,2024-04-19,ELECTRICAL,HIGH,COMPLETED,7014.66,6120.01,2024-05-08,19
WO-MVXS9HPD7E7O,CA-IL-00000126,,2024-04-26,GENERAL,EMERGENCY,COMPLETED,14455.75,2435.67,2024-05-17,21
WO-0CCWD54W6BVV,CA-IL-00000126,,2024-05-19,HVAC,LOW,DEFERRED,6371.5,,,27
WO-XAYZUBGZ22L1,CA-IL-00000126,,2024-05-23,LANDSCAPING,HIGH,DEFERRED,4765.93,,,46
WO-R7NTBIV0GQHD,CA-IL-00000126,,2024-05-28,ELEVATOR,LOW,COMPLETED,11439.58,10569.6,2024-06-05,8
WO-8P327W8ZA55L,CA-IL-00000126,,2024-05-08,ELECTRICAL,HIGH,OPEN,10777.41,,,23
WO-Q000579KBAP7,CA-IL-00000126,,2024-05-12,PLUMBING,MEDIUM,OPEN,12845.01,,,105
WO-HZI0EXDTIBUO,CA-IL-00000126,,2024-05-11,LANDSCAPING,LOW,DEFERRED,7222.01,,,27
WO-N1981GE51J7P,CA-IL-00000126,,2024-06-18,ROOFING,EMERGENCY,DEFERRED,8023.15,,,41
WO-IV2DY4PJFB49,CA-IL-00000126,,2024-06-16,PLUMBING,LOW,COMPLETED,14563.59,2045.21,2024-06-21,5
WO-LNGHJF1VWU3B,CA-IL-00000126,,2024-06-05,HVAC,LOW,COMPLETED,11991.58,4774.77,2024-06-17,12
WO-EQ79JNVSAGV4,CA-IL-00000126,,2024-06-12,ELEVATOR,LOW,COMPLETED,7293.24,366.13,2024-06-18,6
WO-7HONMIOVURO1,CA-IL-00000126,,2024-06-08,ELECTRICAL,HIGH,COMPLETED,13438.01,9245.93,2024-06-26,18
WO-T89NN9A110SZ,CA-IL-00000126,,2024-06-25,LANDSCAPING,EMERGENCY,COMPLETED,12841.26,4468.95,2024-07-15,20
WO-AIX1RNRJBC0Y,CA-IL-00000126,,2024-07-03,HVAC,MEDIUM,OPEN,6908.59,,,61
WO-L5HGHQQ46D90,CA-IL-00000126,,2024-07-12,ROOFING,HIGH,COMPLETED,8658.22,7830.78,2024-07-20,8
WO-FO7BR9PRYCBZ,CA-IL-00000126,,2024-07-21,HVAC,LOW,COMPLETED,5911.64,960.31,2024-08-07,17
WO-F1FQ9G4G1EGX,CA-IL-00000126,,2024-07-19,LANDSCAPING,EMERGENCY,COMPLETED,3863.27,9858.22,2024-08-01,13
WO-DTX4OTJOVRZ2,CA-IL-00000126,,2024-07-16,PLUMBING,HIGH,COMPLETED,5969.27,11774.26,2024-07-19,3
WO-D5V4OM0SL0ND,CA-IL-00000126,,2024-08-09,ELECTRICAL,MEDIUM,COMPLETED,14897.26,11360.89,2024-08-11,2
WO-VISOMNJK2DV2,CA-IL-00000126,,2024-08-09,ROOFING,LOW,COMPLETED,2728.63,5074.39,2024-08-20,11
WO-Y680C1FPDRVM,CA-IL-00000126,,2024-08-28,GENERAL,HIGH,COMPLETED,7860.37,3344.22,2024-08-31,3
WO-APF2UVME774O,CA-IL-00000126,,2024-09-27,STRUCTURAL,EMERGENCY,COMPLETED,4597.78,8937.67,2024-10-16,19
WO-4LPGXTFQUKC7,CA-IL-00000126,,2024-09-13,STRUCTURAL,LOW,DEFERRED,12659.06,,,185
WO-BDVKVTZBM1YN,CA-IL-00000126,,2024-09-14,ROOFING,EMERGENCY,DEFERRED,11191.89,,,29
WO-X1O06AQQIF2C,CA-IL-00000126,,2024-09-13,PLUMBING,MEDIUM,DEFERRED,7774.84,,,139
WO-0AZKAF49XR5A,CA-IL-00000126,,2024-09-15,HVAC,EMERGENCY,OPEN,8818.74,,,180
WO-EXQM8BCI9KV7,CA-IL-00000126,,2024-10-12,LANDSCAPING,LOW,OPEN,13856.2,,,17
WO-01GQ7KEK1880,CA-IL-00000126,,2024-10-14,PLUMBING,HIGH,DEFERRED,13539.24,,,69
WO-22IEPZ6W0VFV,CA-IL-00000126,,2024-10-02,ROOFING,LOW,COMPLETED,2454.65,4399.48,2024-10-12,10
WO-BBT3KG9ADZBY,CA-IL-00000126,,2024-11-25,PLUMBING,HIGH,OPEN,13489.54,,,243
WO-N336ZUYRSKG0,CA-IL-00000126,,2024-11-05,LANDSCAPING,MEDIUM,COMPLETED,10638.85,386.83,2024-11-11,6
WO-0UWZGI5WZJE0,CA-IL-00000126,,2024-11-08,STRUCTURAL,LOW,DEFERRED,633.59,,,56
WO-0S740VJ855II,CA-IL-00000126,,2024-11-22,STRUCTURAL,LOW,DEFERRED,10025.5,,,28
WO-GDCQ42VHQJE5,CA-IL-00000126,,2024-12-02,STRUCTURAL,MEDIUM,DEFERRED,7750.68,,,130
WO-JUCUAPAODQSE,CA-IL-00000126,,2024-12-01,HVAC,HIGH,OPEN,10598.78,,,34
WO-0F3B8ZBJG1MD,CA-IL-00000126,,2025-01-22,ROOFING,MEDIUM,OPEN,358.22,,,117
WO-CUC2W8VT1LJQ,CA-IL-00000126,,2025-01-18,ELECTRICAL,HIGH,DEFERRED,10058.55,,,37
WO-WHFPVF9E8BQY,CA-IL-00000126,,2025-01-13,HVAC,HIGH,COMPLETED,11748.14,6120.21,2025-01-14,1
WO-Y9EED4XJL3PF,CA-IL-00000126,,2025-01-22,ELEVATOR,MEDIUM,OPEN,9806.5,,,52
WO-S9ZEFAEN6TCN,CA-IL-00000126,,2025-01-17,HVAC,HIGH,COMPLETED,7990.07,8349.64,2025-01-25,8
WO-H5JH2M2HSIZJ,CA-IL-00000126,,2025-02-01,HVAC,LOW,COMPLETED,13369.12,8450.12,2025-02-11,10
WO-89R21Z5ASX2O,CA-IL-00000126,,2025-02-20,LANDSCAPING,LOW,OPEN,2489.17,,,94
WO-FDF1DA9VOTPR,CA-IL-00000126,,2025-02-15,STRUCTURAL,MEDIUM,COMPLETED,6567.87,693.26,2025-02-26,11
WO-M19HO2A3IYMU,CA-IL-00000126,,2025-02-11,ROOFING,LOW,DEFERRED,5921.21,,,87
WO-UPFAV3UPBVGG,CA-IL-00000126,,2025-02-10,LANDSCAPING,MEDIUM,OPEN,1493.12,,,45
WO-T24RCFE921KZ,CA-IL-00000126,,2025-03-14,GENERAL,MEDIUM,COMPLETED,6758.85,8705.99,2025-03-23,9
WO-YO48BN7WEYWD,CA-IL-00000126,,2025-03-11,GENERAL,MEDIUM,COMPLETED,3330.76,5703.93,2025-03-24,13
WO-X6IKG1ZY6HN9,CA-IL-00000126,,2025-03-02,GENERAL,HIGH,DEFERRED,13526.41,,,40
WO-5AVLNBHBSIOY,CA-IL-00000126,,2025-03-03,HVAC,MEDIUM,OPEN,3429.34,,,16
WO-K1JH6JXYE8JF,CA-IL-00000126,,2025-03-17,PLUMBING,HIGH,COMPLETED,4072.47,7626.43,2025-04-04,18
WO-A76V72KTAO9Q,CA-IL-00000126,,2025-04-17,ELEVATOR,EMERGENCY,COMPLETED,13233.76,7848.05,2025-04-20,3
WO-QQRA0JNVX36M,CA-IL-00000126,,2025-04-27,LANDSCAPING,LOW,OPEN,1781.19,,,248
WO-YBBMD2B6AONN,CA-IL-00000126,,2025-04-19,GENERAL,LOW,DEFERRED,5146.28,,,26
WO-6DNBI6U0IBAR,CA-IL-00000126,,2025-04-12,HVAC,HIGH,DEFERRED,9680.24,,,29
WO-C3TD6HFIUUJ6,CA-IL-00000126,,2025-04-14,LANDSCAPING,EMERGENCY,COMPLETED,5848.93,4312.75,2025-05-05,21
WO-Z5PLZWYUVV2Z,CA-IL-00000126,,2025-04-09,PLUMBING,HIGH,OPEN,6750.98,,,27
WO-DHGEBRB7P3U0,CA-IL-00000126,,2025-05-11,ELECTRICAL,MEDIUM,COMPLETED,5118.81,3103.5,2025-05-15,4
WO-E2GYTAAOCGPR,CA-IL-00000126,,2025-05-09,GENERAL,MEDIUM,COMPLETED,7864.42,8341.52,2025-05-17,8
WO-443HVJXZGYLL,CA-IL-00000126,,2025-05-05,PLUMBING,LOW,DEFERRED,2209.75,,,78
WO-0INDW9Z8YERH,CA-IL-00000126,,2025-05-10,ROOFING,HIGH,COMPLETED,3096.1,6043.27,2025-05-15,5
WO-J0FR5GLLHO5Q,CA-IL-00000126,,2025-05-08,PLUMBING,MEDIUM,COMPLETED,490.67,5126.11,2025-05-23,15
WO-LWVI59NW4IP1,CA-IL-00000126,,2025-05-22,ELEVATOR,MEDIUM,DEFERRED,12557.06,,,48
WO-T1F6YWJ32ERX,CA-IL-00000126,,2025-05-01,GENERAL,MEDIUM,COMPLETED,14442.94,10823.74,2025-05-18,17
WO-TQKGGQHBNZG1,CA-IL-00000126,,2025-06-13,LANDSCAPING,HIGH,COMPLETED,970.94,1458.6,2025-06-17,4
WO-F0G72EGQS7WY,CA-IL-00000126,,2025-06-16,PLUMBING,HIGH,OPEN,4451.24,,,58
WO-AV0MW62COUUU,CA-IL-00000126,,2025-06-10,GENERAL,HIGH,OPEN,516.13,,,15
WO-N7YJ0UMYF3WG,CA-FL-00000127,,2024-01-26,ELECTRICAL,EMERGENCY,COMPLETED,949.68,11783.18,2024-02-02,7
WO-J8TBDXLQS390,CA-FL-00000127,,2024-02-18,GENERAL,HIGH,COMPLETED,13759.97,7060.48,2024-03-07,18
WO-CIBL58SBKYS6,CA-FL-00000127,,2024-05-17,LANDSCAPING,LOW,COMPLETED,10845.67,2104.98,2024-05-24,7
WO-W5TEG0H2XRQP,CA-FL-00000127,,2024-05-15,STRUCTURAL,LOW,COMPLETED,14946.46,6150.78,2024-06-02,18
WO-NUS8DHCLRSBR,CA-FL-00000127,,2024-07-07,GENERAL,LOW,COMPLETED,11406.68,7995.97,2024-07-19,12
WO-COIA96DADLGU,CA-FL-00000127,,2024-07-06,PLUMBING,MEDIUM,COMPLETED,8934.47,10319.23,2024-07-17,11
WO-SD3JLYO3DFQ7,CA-FL-00000127,,2024-08-02,PLUMBING,LOW,COMPLETED,13175.86,7307.94,2024-08-05,3
WO-1CCLERU6CAO7,CA-FL-00000127,,2024-09-22,PLUMBING,HIGH,COMPLETED,10231.63,5862.93,2024-10-12,20
WO-LAUK1B4PFSF3,CA-FL-00000127,,2024-10-14,PLUMBING,LOW,COMPLETED,9152.35,3489.5,2024-11-01,18
WO-N5XMRAMLR4U3,CA-FL-00000127,,2024-12-15,HVAC,LOW,COMPLETED,14536.86,521.03,2024-12-21,6
WO-XG7B1BLRPESK,CA-FL-00000127,,2025-03-13,ELEVATOR,LOW,OPEN,6165.73,,,44
WO-KPH8O1TJ591K,CA-FL-00000127,,2025-04-24,GENERAL,MEDIUM,DEFERRED,10532.29,,,20
WO-67QT2CMQ8OQY,CA-FL-00000127,,2025-05-11,STRUCTURAL,HIGH,COMPLETED,11357.44,756.17,2025-05-23,12
WO-RJKK26B7Y3HC,CA-FL-00000127,,2025-05-01,ROOFING,HIGH,COMPLETED,10973.03,2035.94,2025-05-14,13
WO-7NJD4LF72BRN,CA-FL-00000127,,2025-06-11,ROOFING,HIGH,COMPLETED,597.91,1515.78,2025-06-21,10
WO-LWZANDM918H1,CA-IL-00000128,,2024-01-18,HVAC,HIGH,COMPLETED,4069.33,1789.56,2024-01-25,7
WO-XAGBHRWCWO6C,CA-IL-00000128,,2024-01-02,LANDSCAPING,MEDIUM,OPEN,3639.03,,,42
WO-YDT4P7GZJWLD,CA-IL-00000128,,2024-01-09,PLUMBING,MEDIUM,COMPLETED,10472.77,9322.55,2024-01-26,17
WO-EGDLOKE0IW0C,CA-IL-00000128,,2024-01-02,ELECTRICAL,LOW,COMPLETED,4521.12,11567.55,2024-01-16,14
WO-IFOBRFZJGYLH,CA-IL-00000128,,2024-03-26,LANDSCAPING,LOW,COMPLETED,10068.8,9883.88,2024-04-15,20
WO-OTBUZKWJF3DD,CA-IL-00000128,,2024-03-12,ROOFING,LOW,COMPLETED,6732.29,7439.74,2024-03-23,11
WO-HXQZVFA6WUZZ,CA-IL-00000128,,2024-03-20,GENERAL,HIGH,COMPLETED,14880.15,5084.56,2024-04-02,13
WO-O30LZOW5EY9Z,CA-IL-00000128,,2024-03-28,GENERAL,MEDIUM,COMPLETED,11190.28,9165.23,2024-04-14,17
WO-ZDLGMUHVMVMH,CA-IL-00000128,,2024-03-18,LANDSCAPING,HIGH,COMPLETED,8308.63,6838.95,2024-03-23,5
WO-LNIXNDJ9VYOZ,CA-IL-00000128,,2024-04-05,PLUMBING,LOW,COMPLETED,12740.6,4584.03,2024-04-07,2
WO-HDC7BHWNZWFV,CA-IL-00000128,,2024-04-28,STRUCTURAL,LOW,COMPLETED,11495.93,8478.87,2024-05-05,7
WO-6T02TZ3WQZ31,CA-IL-00000128,,2024-05-20,PLUMBING,EMERGENCY,COMPLETED,7127.75,9352.42,2024-05-26,6
WO-QGBSTDI8EVJ6,CA-IL-00000128,,2024-06-24,ROOFING,MEDIUM,OPEN,4200.24,,,138
WO-JJQSFMABSZWE,CA-IL-00000128,,2024-06-09,STRUCTURAL,LOW,COMPLETED,9777.69,4893.13,2024-06-25,16
WO-QWICBNZXZW6T,CA-IL-00000128,,2024-06-19,ROOFING,LOW,OPEN,248.32,,,53
WO-QPISYMGRX4HC,CA-IL-00000128,,2024-07-17,ELECTRICAL,MEDIUM,COMPLETED,911.76,2735.77,2024-08-02,16
WO-5X8EGN58EZRX,CA-IL-00000128,,2024-07-13,ROOFING,LOW,COMPLETED,9903.0,1535.39,2024-07-18,5
WO-PRA13QINSVL8,CA-IL-00000128,,2024-07-06,PLUMBING,MEDIUM,OPEN,8913.01,,,129
WO-Z1H6S61GGGNT,CA-IL-00000128,,2024-07-09,GENERAL,MEDIUM,COMPLETED,513.52,5550.32,2024-07-24,15
WO-Y48CR8PFKXJH,CA-IL-00000128,,2024-08-11,STRUCTURAL,HIGH,OPEN,4586.68,,,31
WO-8QEAPEFC2KOD,CA-IL-00000128,,2024-09-01,GENERAL,MEDIUM,DEFERRED,10703.51,,,6
WO-VUTB5D0U3RAX,CA-IL-00000128,,2024-09-18,ELECTRICAL,MEDIUM,COMPLETED,13307.7,10497.43,2024-09-22,4
WO-3YYP9N6AU199,CA-IL-00000128,,2024-09-23,STRUCTURAL,MEDIUM,COMPLETED,7632.24,8989.68,2024-09-30,7
WO-T64ET1PSE92O,CA-IL-00000128,,2024-09-08,LANDSCAPING,MEDIUM,COMPLETED,5901.59,9933.79,2024-09-19,11
WO-QBL5KJ6OBVGS,CA-IL-00000128,,2024-10-15,PLUMBING,MEDIUM,COMPLETED,1953.7,7812.91,2024-10-29,14
WO-881G4PWIN6RS,CA-IL-00000128,,2024-10-07,PLUMBING,HIGH,OPEN,14948.66,,,17
WO-33C3K76L3GBH,CA-IL-00000128,,2024-11-08,HVAC,LOW,COMPLETED,7039.39,3577.94,2024-11-11,3
WO-KC9C8QMSLAYF,CA-IL-00000128,,2024-11-19,LANDSCAPING,MEDIUM,COMPLETED,4512.79,11487.11,2024-12-06,17
WO-THJPIKZUK7PY,CA-IL-00000128,,2024-12-13,HVAC,HIGH,COMPLETED,11372.48,10906.92,2025-01-02,20
WO-W5JME5WRBAIM,CA-IL-00000128,,2024-12-02,GENERAL,MEDIUM,COMPLETED,7563.23,6303.65,2024-12-07,5
WO-AKZ03R0VPGNE,CA-IL-00000128,,2025-01-18,ROOFING,MEDIUM,DEFERRED,13698.63,,,35
WO-HQK29HFGLCMG,CA-IL-00000128,,2025-01-02,ELEVATOR,HIGH,COMPLETED,1040.34,3449.16,2025-01-14,12
WO-ZAJK8YAGTP6K,CA-IL-00000128,,2025-02-04,ELECTRICAL,LOW,OPEN,6141.06,,,341
WO-NDHTOKATKDUO,CA-IL-00000128,,2025-03-11,GENERAL,MEDIUM,COMPLETED,2535.41,10599.82,2025-03-19,8
WO-P77XDVR212RC,CA-IL-00000128,,2025-03-27,GENERAL,HIGH,COMPLETED,6493.65,1985.41,2025-04-02,6
WO-WB6DYDRZ97CA,CA-IL-00000128,,2025-03-03,LANDSCAPING,EMERGENCY,DEFERRED,14692.46,,,21
WO-AIP0VVOM4CVO,CA-IL-00000128,,2025-03-04,ROOFING,MEDIUM,COMPLETED,14078.65,6016.78,2025-03-12,8
WO-0BKIYJOOW9V8,CA-IL-00000128,,2025-03-01,ROOFING,MEDIUM,DEFERRED,2888.38,,,193
WO-KWFZ81IT2FNH,CA-IL-00000128,,2025-04-17,LANDSCAPING,MEDIUM,COMPLETED,9337.31,10003.72,2025-04-27,10
WO-143E7XFPFCKD,CA-IL-00000128,,2025-04-20,LANDSCAPING,HIGH,OPEN,13652.64,,,60
WO-UNJ8XHAVE1MY,CA-IL-00000128,,2025-05-15,ELECTRICAL,EMERGENCY,COMPLETED,3965.84,528.16,2025-06-03,19
WO-EFHQZCK4TJD5,CA-IL-00000128,,2025-05-06,ELECTRICAL,MEDIUM,OPEN,8542.81,,,32
WO-A7YQLK5P012U,CA-IL-00000128,,2025-06-25,PLUMBING,MEDIUM,COMPLETED,6783.14,11644.61,2025-07-12,17
WO-ZEPB3W43EL3Q,CA-IL-00000128,,2025-06-13,GENERAL,MEDIUM,OPEN,6885.09,,,60
WO-WRUUFTIHIGKR,CA-IL-00000128,,2025-06-14,HVAC,MEDIUM,OPEN,3274.96,,,37
WO-NAZ997U6VN1V,CA-IL-00000128,,2025-06-05,ROOFING,LOW,COMPLETED,13785.53,8852.09,2025-06-12,7
WO-4AF4Y9PPK3MZ,CA-NV-00000129,,2024-04-13,STRUCTURAL,LOW,COMPLETED,13285.14,11540.33,2024-04-29,16
WO-AGQ6SS2BAKJR,CA-NV-00000129,,2024-07-14,LANDSCAPING,MEDIUM,COMPLETED,4856.87,3536.36,2024-07-23,9
WO-2K5QJV6UJWVZ,CA-NV-00000129,,2024-07-24,PLUMBING,HIGH,COMPLETED,4125.97,1573.49,2024-08-01,8
WO-HM9D60690GB5,CA-NV-00000129,,2024-08-25,GENERAL,LOW,COMPLETED,13573.91,6575.76,2024-09-02,8
WO-3MIQWFF8Z8MP,CA-NV-00000129,,2024-08-01,PLUMBING,LOW,COMPLETED,8925.8,7005.39,2024-08-16,15
WO-MW4GTL1KQZO2,CA-NV-00000129,,2024-09-12,ELECTRICAL,LOW,COMPLETED,13560.98,1161.47,2024-09-25,13
WO-IVNHZUN4XFHQ,CA-NV-00000129,,2024-10-08,HVAC,MEDIUM,COMPLETED,928.68,5498.31,2024-10-28,20
WO-LSRH50LDKGO5,CA-NV-00000129,,2024-11-21,GENERAL,MEDIUM,COMPLETED,3305.0,727.97,2024-12-03,12
WO-8X0V1CC5KPPP,CA-NV-00000129,,2024-11-15,PLUMBING,LOW,COMPLETED,4843.06,6472.31,2024-11-26,11
WO-CSN1ZYN93GNU,CA-NV-00000129,,2024-12-01,HVAC,MEDIUM,DEFERRED,13324.52,,,42
WO-X3O8Q16NER36,CA-NV-00000129,,2025-02-28,PLUMBING,MEDIUM,DEFERRED,724.07,,,106
WO-SSRPN2JRWW9S,CA-NV-00000129,,2025-04-07,PLUMBING,LOW,COMPLETED,14546.86,11922.97,2025-04-13,6
WO-CJHDKYK00H1Z,CA-NV-00000129,,2025-06-27,ROOFING,LOW,COMPLETED,11835.19,9507.01,2025-07-09,12
WO-N1BJ4QHL6ZNG,CA-NV-00000130,,2024-02-03,STRUCTURAL,HIGH,COMPLETED,7169.63,9591.63,2024-02-14,11
WO-P1FWP1MC9ZJU,CA-NV-00000130,,2024-03-25,STRUCTURAL,HIGH,DEFERRED,9560.5,,,32
WO-B2CO14RX55S8,CA-NV-00000130,,2024-04-26,GENERAL,EMERGENCY,COMPLETED,14242.16,6837.25,2024-05-08,12
WO-HYH26D1XEZ69,CA-NV-00000130,,2024-06-28,STRUCTURAL,LOW,COMPLETED,13620.77,7037.12,2024-07-19,21
WO-FXWLIXXAHHUV,CA-NV-00000130,,2024-07-08,ELECTRICAL,LOW,COMPLETED,8154.71,6517.48,2024-07-21,13
WO-MU95AW0LE3ZE,CA-NV-00000130,,2024-09-27,LANDSCAPING,LOW,COMPLETED,12618.96,9150.93,2024-10-18,21
WO-IDXXBN5AU4IA,CA-NV-00000130,,2024-09-19,PLUMBING,MEDIUM,COMPLETED,9890.34,5933.0,2024-09-20,1
WO-XKR8S83K6ZKB,CA-NV-00000130,,2024-10-20,ELECTRICAL,EMERGENCY,COMPLETED,9884.97,527.88,2024-11-03,14
WO-1W6UBLE8IPK5,CA-NV-00000130,,2024-12-28,LANDSCAPING,HIGH,COMPLETED,3988.57,10776.37,2025-01-02,5
WO-HF6YADS2R7GO,CA-NV-00000130,,2025-01-08,ELEVATOR,HIGH,COMPLETED,4962.43,4789.46,2025-01-10,2
WO-8OGGBA4TFDQY,CA-NV-00000130,,2025-02-20,ROOFING,MEDIUM,COMPLETED,11432.7,7320.29,2025-02-26,6
WO-IRU1N21BXZ4F,CA-NV-00000130,,2025-04-14,LANDSCAPING,LOW,COMPLETED,8049.16,1052.56,2025-05-05,21
WO-87GKVELL9ZLB,CA-NV-00000130,,2025-04-25,PLUMBING,LOW,COMPLETED,2052.02,1277.24,2025-05-05,10
WO-3V810S708832,CA-FL-00000131,,2024-01-24,GENERAL,HIGH,COMPLETED,14406.06,2105.18,2024-02-01,8
WO-C854G4RSVABY,CA-FL-00000131,,2024-01-02,ELECTRICAL,LOW,COMPLETED,4156.47,2201.06,2024-01-05,3
WO-2LXXKME6KQ2W,CA-FL-00000131,,2024-01-20,ROOFING,MEDIUM,COMPLETED,4065.14,9847.68,2024-01-27,7
WO-Q39T89QPI3BS,CA-FL-00000131,,2024-01-20,ROOFING,MEDIUM,COMPLETED,3526.39,3786.09,2024-02-06,17
WO-2JEUB9BDWLA2,CA-FL-00000131,,2024-01-21,PLUMBING,LOW,COMPLETED,2631.84,8457.45,2024-01-31,10
WO-6IYNVL1F321H,CA-FL-00000131,,2024-01-15,ELECTRICAL,HIGH,COMPLETED,12194.99,10019.27,2024-01-30,15
WO-SLLTSR1NWMGU,CA-FL-00000131,,2024-02-22,LANDSCAPING,LOW,OPEN,10433.68,,,40
WO-ZVEVZ2PGGWH7,CA-FL-00000131,,2024-02-15,ELECTRICAL,LOW,COMPLETED,7851.55,4149.91,2024-02-18,3
WO-YLB7FWCQXI6M,CA-FL-00000131,,2024-02-12,PLUMBING,MEDIUM,DEFERRED,10265.7,,,9
WO-3MYELQY1ENBM,CA-FL-00000131,,2024-03-23,HVAC,LOW,COMPLETED,3446.53,5361.92,2024-04-03,11
WO-D9KXDQXYMR5B,CA-FL-00000131,,2024-03-15,GENERAL,MEDIUM,DEFERRED,10931.44,,,18
WO-7347NLSSUEMK,CA-FL-00000131,,2024-03-24,HVAC,LOW,OPEN,1677.51,,,24
WO-C0FEEW9OYQVC,CA-FL-00000131,,2024-03-11,PLUMBING,MEDIUM,COMPLETED,1052.57,7497.02,2024-03-30,19
WO-Y35AU26J97L4,CA-FL-00000131,,2024-04-07,GENERAL,MEDIUM,COMPLETED,4449.77,9123.34,2024-04-19,12
WO-QS05RKWBVDI7,CA-FL-00000131,,2024-04-11,STRUCTURAL,HIGH,OPEN,8217.0,,,169
WO-VZ08T0UK6PR8,CA-FL-00000131,,2024-05-28,GENERAL,HIGH,OPEN,8209.57,,,48
WO-NFYIR2SIXHBQ,CA-FL-00000131,,2024-05-18,LANDSCAPING,MEDIUM,COMPLETED,4164.41,3798.79,2024-06-01,14
WO-GN0YW65H98U1,CA-FL-00000131,,2024-05-03,PLUMBING,LOW,DEFERRED,12276.97,,,69
WO-ZC1BVPE8TF8D,CA-FL-00000131,,2024-06-08,PLUMBING,LOW,COMPLETED,10401.09,11103.45,2024-06-14,6
WO-CRAQL1KPZS56,CA-FL-00000131,,2024-07-06,ELEVATOR,MEDIUM,COMPLETED,934.34,1858.06,2024-07-12,6
WO-K55N2H2TUMI5,CA-FL-00000131,,2024-07-13,STRUCTURAL,MEDIUM,COMPLETED,11794.56,10925.49,2024-07-23,10
WO-PS9SDDN9I1VB,CA-FL-00000131,,2024-08-21,ELECTRICAL,MEDIUM,COMPLETED,10145.9,8345.54,2024-09-05,15
WO-37UXK2S712J8,CA-FL-00000131,,2024-08-04,HVAC,HIGH,COMPLETED,4054.61,11791.72,2024-08-20,16
WO-R0UU77J7Q7NJ,CA-FL-00000131,,2024-09-22,LANDSCAPING,LOW,COMPLETED,7511.21,1122.46,2024-10-12,20
WO-FWOR9WXRNMAR,CA-FL-00000131,,2024-09-04,ELECTRICAL,MEDIUM,OPEN,13949.57,,,118
WO-SXD9QR3KB8Q5,CA-FL-00000131,,2024-09-04,GENERAL,MEDIUM,OPEN,4460.6,,,81
WO-RO8XUNNRRWOB,CA-FL-00000131,,2024-09-21,STRUCTURAL,MEDIUM,OPEN,5764.42,,,40
WO-DL13GQV968VB,CA-FL-00000131,,2024-10-24,HVAC,MEDIUM,COMPLETED,9399.25,2182.97,2024-10-26,2
WO-FCIC6Q9FVBYO,CA-FL-00000131,,2024-10-04,HVAC,MEDIUM,OPEN,4957.7,,,50
WO-QRWLMFUTEJFJ,CA-FL-00000131,,2024-10-23,LANDSCAPING,EMERGENCY,COMPLETED,6595.51,11732.67,2024-10-31,8
WO-REPN7I381YNQ,CA-FL-00000131,,2024-11-15,ELECTRICAL,EMERGENCY,COMPLETED,12697.56,3189.79,2024-11-28,13
WO-0WNX46OSN4XT,CA-FL-00000131,,2024-12-12,ROOFING,MEDIUM,COMPLETED,9888.73,1397.2,2024-12-14,2
WO-2MCDHLVKUBMO,CA-FL-00000131,,2024-12-06,HVAC,MEDIUM,COMPLETED,2067.29,4106.87,2024-12-19,13
WO-8LHKWBL73PC2,CA-FL-00000131,,2025-01-05,ROOFING,LOW,COMPLETED,563.54,11276.15,2025-01-08,3
WO-LKZMBRIJXGB7,CA-FL-00000131,,2025-01-10,PLUMBING,MEDIUM,DEFERRED,8178.23,,,113
WO-H53G31VOMLII,CA-FL-00000131,,2025-02-18,STRUCTURAL,MEDIUM,COMPLETED,5907.79,8629.92,2025-02-24,6
WO-8NUCRHA009NS,CA-FL-00000131,,2025-02-26,GENERAL,MEDIUM,COMPLETED,8369.17,1576.7,2025-03-15,17
WO-9AD9AX9JLE44,CA-FL-00000131,,2025-03-02,GENERAL,MEDIUM,COMPLETED,2188.43,405.01,2025-03-20,18
WO-AQ6DCJDTNQOY,CA-FL-00000131,,2025-04-07,GENERAL,MEDIUM,COMPLETED,9937.75,3851.23,2025-04-12,5
WO-JBE3T037JJ17,CA-FL-00000131,,2025-04-03,PLUMBING,HIGH,COMPLETED,12199.9,4843.73,2025-04-19,16
WO-5NASL1NSBEBU,CA-FL-00000131,,2025-05-03,ROOFING,MEDIUM,COMPLETED,6040.34,2444.11,2025-05-19,16
WO-8RYW1FNM5JXT,CA-FL-00000131,,2025-05-16,PLUMBING,LOW,COMPLETED,12133.1,8988.74,2025-05-24,8
WO-WX807FHOUHYX,CA-FL-00000131,,2025-06-04,ROOFING,MEDIUM,COMPLETED,8341.98,3436.16,2025-06-12,8
WO-Z906RQ016PNH,CA-FL-00000131,,2025-06-26,STRUCTURAL,MEDIUM,COMPLETED,2177.5,9518.58,2025-07-10,14
WO-TOL6FFPIH3WU,CA-FL-00000131,,2025-06-25,GENERAL,MEDIUM,COMPLETED,11082.45,2515.73,2025-07-07,12
WO-DM02PHY5FRNT,CA-VA-00000132,,2024-01-21,HVAC,HIGH,COMPLETED,12400.36,7079.74,2024-01-29,8
WO-OW1NL9IZ46CC,CA-VA-00000132,,2024-02-22,STRUCTURAL,HIGH,COMPLETED,6488.65,11566.67,2024-03-10,17
WO-HVSPS94K3930,CA-VA-00000132,,2024-02-17,PLUMBING,MEDIUM,COMPLETED,12415.99,2894.61,2024-02-25,8
WO-TCOATVRC9AM7,CA-VA-00000132,,2024-06-16,ELEVATOR,MEDIUM,COMPLETED,12538.94,8807.28,2024-06-28,12
WO-67BV50ITTP0K,CA-VA-00000132,,2024-07-02,PLUMBING,HIGH,COMPLETED,10939.74,6890.19,2024-07-05,3
WO-JWCHX3ORSAVY,CA-VA-00000132,,2024-07-06,GENERAL,EMERGENCY,COMPLETED,11164.36,5875.42,2024-07-13,7
WO-Z3WHU3BNLGOX,CA-VA-00000132,,2024-09-13,PLUMBING,MEDIUM,COMPLETED,1809.86,6879.55,2024-09-24,11
WO-QUHK4LMVUBGI,CA-VA-00000132,,2024-10-23,GENERAL,MEDIUM,COMPLETED,391.25,2954.81,2024-11-01,9
WO-4TFU68K6NI25,CA-VA-00000132,,2024-10-27,PLUMBING,LOW,COMPLETED,1574.5,11586.27,2024-11-03,7
WO-VQGU00NU6XB0,CA-VA-00000132,,2024-11-19,LANDSCAPING,MEDIUM,COMPLETED,11506.02,7533.76,2024-12-03,14
WO-Y5DIAIMQ9ACT,CA-VA-00000132,,2024-12-03,ELECTRICAL,LOW,COMPLETED,4389.57,10504.68,2024-12-14,11
WO-E1VQLT7I1O93,CA-VA-00000132,,2025-02-25,PLUMBING,MEDIUM,COMPLETED,5648.99,8653.77,2025-03-16,19
WO-2YGWEN0F0SN7,CA-IL-00000133,,2024-01-21,PLUMBING,LOW,COMPLETED,1684.4,2031.1,2024-01-27,6
WO-9G90H4Y7AYCC,CA-IL-00000133,,2024-03-20,LANDSCAPING,HIGH,COMPLETED,10745.4,4142.36,2024-03-27,7
WO-MYTLPT0QHIR1,CA-IL-00000133,,2024-04-18,GENERAL,HIGH,COMPLETED,2028.26,11418.24,2024-04-23,5
WO-8R08Y8ZB3RYT,CA-IL-00000133,,2024-04-05,ROOFING,HIGH,COMPLETED,14895.25,788.89,2024-04-09,4
WO-3ZMTFWH9A78A,CA-IL-00000133,,2024-06-02,HVAC,MEDIUM,COMPLETED,2605.55,5205.58,2024-06-14,12
WO-14HKO8DOID24,CA-IL-00000133,,2024-08-03,ROOFING,LOW,COMPLETED,13535.92,10454.89,2024-08-14,11
WO-ZYND0SVGVJ2Y,CA-IL-00000133,,2024-09-07,LANDSCAPING,LOW,COMPLETED,2347.29,8745.58,2024-09-17,10
WO-L6DY5P7XAQDP,CA-IL-00000133,,2024-10-25,STRUCTURAL,MEDIUM,COMPLETED,14508.31,1949.51,2024-11-12,18
WO-NYHYG1CSLL5E,CA-IL-00000133,,2024-11-25,ELECTRICAL,MEDIUM,COMPLETED,2438.68,10907.85,2024-12-04,9
WO-OPLALPMUHJE2,CA-IL-00000133,,2024-12-08,ELEVATOR,HIGH,COMPLETED,6389.56,4096.14,2024-12-09,1
WO-XLR8MF4Q79OJ,CA-IL-00000133,,2024-12-04,ELEVATOR,HIGH,COMPLETED,10057.46,4936.25,2024-12-25,21
WO-GLD795G6N7KQ,CA-IL-00000133,,2025-02-06,ELEVATOR,HIGH,COMPLETED,4304.34,7349.11,2025-02-07,1
WO-RL1F2GJAYZPI,CA-IL-00000133,,2025-03-15,PLUMBING,MEDIUM,COMPLETED,7573.56,973.18,2025-03-19,4
WO-9D1NH4DB27I9,CA-IL-00000133,,2025-03-27,ROOFING,LOW,COMPLETED,12134.57,404.62,2025-04-14,18
WO-L1YHC5QZWBQ8,CA-IL-00000133,,2025-04-22,HVAC,MEDIUM,COMPLETED,11166.02,4221.99,2025-05-04,12
WO-7ILXY1Z9MJJA,CA-IL-00000133,,2025-05-02,STRUCTURAL,LOW,COMPLETED,1377.35,11308.34,2025-05-10,8
WO-IUJIXBJXIW07,CA-IL-00000133,,2025-05-06,ELECTRICAL,MEDIUM,COMPLETED,2569.51,8728.56,2025-05-08,2
WO-0DQMJN41Y003,CA-IL-00000133,,2025-05-24,LANDSCAPING,MEDIUM,COMPLETED,4420.24,9174.81,2025-05-25,1
WO-64A37K4VU67T,CA-GA-00000134,,2024-01-08,HVAC,LOW,COMPLETED,13185.12,8312.93,2024-01-09,1
WO-MHZRT3TJ41KM,CA-GA-00000134,,2024-01-15,LANDSCAPING,HIGH,OPEN,10136.59,,,50
WO-4WG0JAIIK3N6,CA-GA-00000134,,2024-01-19,HVAC,EMERGENCY,OPEN,14329.58,,,146
WO-N3UZXEUR24WP,CA-GA-00000134,,2024-01-17,PLUMBING,LOW,COMPLETED,7458.54,1364.97,2024-01-21,4
WO-GL3SVSM9URQQ,CA-GA-00000134,,2024-02-07,GENERAL,LOW,COMPLETED,4290.46,10489.61,2024-02-10,3
WO-SLSN175YKQCN,CA-GA-00000134,,2024-02-25,ELECTRICAL,MEDIUM,COMPLETED,10002.5,3095.1,2024-03-14,18
WO-V7BNXS4VZG8Q,CA-GA-00000134,,2024-03-22,ELECTRICAL,MEDIUM,DEFERRED,1569.35,,,155
WO-CVIK3L4XKH6F,CA-GA-00000134,,2024-03-24,LANDSCAPING,MEDIUM,COMPLETED,12376.11,6688.38,2024-04-07,14
WO-7O5A11ME9RE6,CA-GA-00000134,,2024-04-09,GENERAL,MEDIUM,DEFERRED,11667.88,,,17
WO-HBVXMP4Q95YY,CA-GA-00000134,,2024-04-05,PLUMBING,HIGH,COMPLETED,792.48,4569.13,2024-04-14,9
WO-U8DTFYUWVQOU,CA-GA-00000134,,2024-05-21,HVAC,EMERGENCY,COMPLETED,10147.23,9678.82,2024-05-26,5
WO-54A2T8VWMBIY,CA-GA-00000134,,2024-05-03,HVAC,LOW,COMPLETED,10917.31,8161.53,2024-05-20,17
WO-GXDAICTNNFY8,CA-GA-00000134,,2024-06-08,PLUMBING,LOW,COMPLETED,5691.11,6159.75,2024-06-23,15
WO-P0BK64ZUB430,CA-GA-00000134,,2024-06-18,GENERAL,LOW,DEFERRED,480.85,,,166
WO-R95PMCMWOHSV,CA-GA-00000134,,2024-06-20,ELECTRICAL,LOW,OPEN,13986.28,,,59
WO-MHLQ7A9TVKT1,CA-GA-00000134,,2024-07-22,ELECTRICAL,LOW,COMPLETED,2896.28,2250.49,2024-08-12,21
WO-3J7ZA193ARKI,CA-GA-00000134,,2024-07-14,HVAC,LOW,COMPLETED,8873.54,939.62,2024-07-25,11
WO-JHZHJUGMFVOD,CA-GA-00000134,,2024-07-19,PLUMBING,HIGH,COMPLETED,8440.04,9091.65,2024-07-20,1
WO-QI5N5307Q4W3,CA-GA-00000134,,2024-07-26,PLUMBING,MEDIUM,COMPLETED,9609.06,5054.52,2024-08-16,21
WO-KSAZZ0D9WNQ3,CA-GA-00000134,,2024-09-27,GENERAL,MEDIUM,OPEN,4154.7,,,43
WO-PZTQ15UQ7DMI,CA-GA-00000134,,2024-09-02,PLUMBING,EMERGENCY,OPEN,9535.86,,,49
WO-BF7HE00PVME4,CA-GA-00000134,,2024-10-20,STRUCTURAL,MEDIUM,OPEN,14654.8,,,94
WO-DDFFS281WUOS,CA-GA-00000134,,2024-10-15,STRUCTURAL,LOW,COMPLETED,7406.37,5897.62,2024-10-23,8
WO-H2IQM8C0M5R0,CA-GA-00000134,,2024-11-10,HVAC,EMERGENCY,COMPLETED,7497.36,6615.28,2024-11-28,18
WO-BMCH9U9E3R9P,CA-GA-00000134,,2024-11-10,ELEVATOR,LOW,COMPLETED,13294.09,8546.2,2024-11-27,17
WO-AAABHINKP88T,CA-GA-00000134,,2024-12-07,STRUCTURAL,HIGH,COMPLETED,14585.96,7339.9,2024-12-25,18
WO-NW5GQ5SE98JI,CA-GA-00000134,,2024-12-19,ELECTRICAL,HIGH,COMPLETED,2849.35,2724.89,2024-12-27,8
WO-22FXTUOHMSE6,CA-GA-00000134,,2025-01-26,PLUMBING,MEDIUM,COMPLETED,7629.03,4176.58,2025-01-28,2
WO-RJGM9GDYE4WZ,CA-GA-00000134,,2025-01-10,ELECTRICAL,MEDIUM,OPEN,2460.63,,,26
WO-CQ68Y9S6R0BL,CA-GA-00000134,,2025-02-08,PLUMBING,MEDIUM,DEFERRED,4736.09,,,48
WO-KBVEH1BBP9MK,CA-GA-00000134,,2025-02-19,GENERAL,LOW,COMPLETED,6815.52,6928.6,2025-03-04,13
WO-6H0WMJTDXWRU,CA-GA-00000134,,2025-03-19,ELECTRICAL,MEDIUM,COMPLETED,13032.03,3245.01,2025-03-29,10
WO-43ESL035XOHT,CA-GA-00000134,,2025-03-20,STRUCTURAL,MEDIUM,DEFERRED,9838.35,,,56
WO-D3AA2AMMQ2I4,CA-GA-00000134,,2025-04-06,ELECTRICAL,LOW,DEFERRED,7050.98,,,38
WO-IO5HIE0MOC8N,CA-GA-00000134,,2025-04-10,ELECTRICAL,MEDIUM,OPEN,2255.3,,,151
WO-EXXL7R1D0DEL,CA-GA-00000134,,2025-05-02,ELECTRICAL,EMERGENCY,COMPLETED,10963.36,3590.97,2025-05-21,19
WO-PUNGO6Z9QC38,CA-GA-00000134,,2025-06-06,STRUCTURAL,HIGH,COMPLETED,10234.32,8446.09,2025-06-19,13
WO-C3CFDEPCYP4D,CA-IL-00000135,,2024-01-27,GENERAL,HIGH,COMPLETED,11741.87,6269.62,2024-02-09,13
WO-K99LM7R1FJ4V,CA-IL-00000135,,2024-01-02,GENERAL,MEDIUM,OPEN,13316.66,,,23
WO-ZGIH8JH55AZC,CA-IL-00000135,,2024-01-10,PLUMBING,MEDIUM,DEFERRED,1726.67,,,18
WO-C4W4ED519682,CA-IL-00000135,,2024-01-14,HVAC,LOW,COMPLETED,4359.49,515.07,2024-01-20,6
WO-OM5FESXB3K28,CA-IL-00000135,,2024-01-05,HVAC,LOW,DEFERRED,5549.37,,,98
WO-GG1AS8XWKXN4,CA-IL-00000135,,2024-01-16,ROOFING,MEDIUM,OPEN,2122.88,,,10
WO-K0ZJCZHC3UA3,CA-IL-00000135,,2024-01-03,PLUMBING,LOW,COMPLETED,2391.35,10731.15,2024-01-10,7
WO-ZJ4YQ3D41TF8,CA-IL-00000135,,2024-01-03,HVAC,MEDIUM,COMPLETED,6771.46,7426.35,2024-01-08,5
WO-TK1AB2KLXL2C,CA-IL-00000135,,2024-01-16,STRUCTURAL,MEDIUM,COMPLETED,11772.76,9527.53,2024-02-06,21
WO-83IWHJM8FUAR,CA-IL-00000135,,2024-01-12,PLUMBING,LOW,DEFERRED,12280.28,,,45
WO-9ZKEO29TPOWV,CA-IL-00000135,,2024-01-04,PLUMBING,LOW,DEFERRED,2939.85,,,303
WO-8M4KK5PEGGZP,CA-IL-00000135,,2024-02-12,GENERAL,LOW,COMPLETED,2791.89,10749.74,2024-02-26,14
WO-4IE1172B3YMO,CA-IL-00000135,,2024-02-13,LANDSCAPING,MEDIUM,OPEN,10826.13,,,11
WO-ZHHPPB8BWP7Y,CA-IL-00000135,,2024-03-18,LANDSCAPING,LOW,COMPLETED,13462.47,11717.32,2024-04-01,14
WO-50B7DHE0G1Z7,CA-IL-00000135,,2024-03-26,PLUMBING,HIGH,DEFERRED,5377.22,,,112
WO-NPCDKOV5ZX82,CA-IL-00000135,,2024-04-24,GENERAL,MEDIUM,COMPLETED,14056.19,7422.76,2024-05-11,17
WO-YVENDA3YNQGM,CA-IL-00000135,,2024-04-06,PLUMBING,EMERGENCY,OPEN,7281.62,,,36
WO-CZIPP0HCKY6B,CA-IL-00000135,,2024-04-22,LANDSCAPING,LOW,COMPLETED,505.84,2796.61,2024-05-11,19
WO-O6TEAPW3EN77,CA-IL-00000135,,2024-04-08,LANDSCAPING,HIGH,DEFERRED,446.08,,,94
WO-WTIW77MF5UN6,CA-IL-00000135,,2024-04-02,LANDSCAPING,LOW,COMPLETED,6954.34,3131.9,2024-04-18,16
WO-U6T12ELKVX97,CA-IL-00000135,,2024-04-03,PLUMBING,MEDIUM,COMPLETED,7839.74,11594.04,2024-04-15,12
WO-O9UFN6YTSD76,CA-IL-00000135,,2024-04-08,LANDSCAPING,MEDIUM,COMPLETED,1025.3,11590.07,2024-04-27,19
WO-MYVPMQKNOYIX,CA-IL-00000135,,2024-05-02,ELECTRICAL,HIGH,OPEN,3943.3,,,228
WO-FC1LISSY3YQA,CA-IL-00000135,,2024-05-10,ROOFING,LOW,DEFERRED,12070.03,,,44
WO-9PLMU2EYFQRB,CA-IL-00000135,,2024-05-16,PLUMBING,HIGH,COMPLETED,11863.93,9753.85,2024-06-01,16
WO-J78PR3E8XEYV,CA-IL-00000135,,2024-05-10,HVAC,HIGH,DEFERRED,14414.05,,,8
WO-3QH7LTYVZC2D,CA-IL-00000135,,2024-05-11,LANDSCAPING,LOW,DEFERRED,11520.4,,,28
WO-BR5TCPTENSG8,CA-IL-00000135,,2024-05-28,STRUCTURAL,LOW,OPEN,6871.46,,,38
WO-GGRD8TQEIHPA,CA-IL-00000135,,2024-05-20,PLUMBING,MEDIUM,COMPLETED,6679.14,4493.21,2024-05-31,11
WO-D5Q0ABKY0ZMH,CA-IL-00000135,,2024-05-10,LANDSCAPING,HIGH,DEFERRED,14994.91,,,44
WO-0HIHXU6M2WQP,CA-IL-00000135,,2024-06-07,LANDSCAPING,LOW,COMPLETED,12421.1,9566.16,2024-06-09,2
WO-IJZRVHEUP2J8,CA-IL-00000135,,2024-06-10,GENERAL,MEDIUM,COMPLETED,3973.41,4053.14,2024-06-23,13
WO-8SMTDBKFY4DE,CA-IL-00000135,,2024-06-21,LANDSCAPING,HIGH,COMPLETED,10394.91,6861.22,2024-07-01,10
WO-419BG7HUF67R,CA-IL-00000135,,2024-06-15,HVAC,MEDIUM,OPEN,796.61,,,133
WO-RTFKNXLZY1DK,CA-IL-00000135,,2024-06-02,GENERAL,LOW,OPEN,1283.4,,,151
WO-7285P17KBH7K,CA-IL-00000135,,2024-07-08,LANDSCAPING,LOW,DEFERRED,3072.57,,,131
WO-Q3RWD3EXM6VT,CA-IL-00000135,,2024-07-27,LANDSCAPING,LOW,COMPLETED,5994.15,5176.5,2024-08-08,12
WO-DI1FAIECSAB7,CA-IL-00000135,,2024-07-14,STRUCTURAL,MEDIUM,COMPLETED,8937.53,7721.32,2024-08-01,18
WO-0QNX5E8505B6,CA-IL-00000135,,2024-07-11,ELEVATOR,EMERGENCY,OPEN,5657.77,,,72
WO-JGIIVR1JEP25,CA-IL-00000135,,2024-07-09,ELECTRICAL,MEDIUM,DEFERRED,4443.52,,,57
WO-6234F6U7ZTOT,CA-IL-00000135,,2024-08-27,PLUMBING,LOW,COMPLETED,2299.43,5282.0,2024-09-07,11
WO-PJFQYC9556GM,CA-IL-00000135,,2024-08-06,HVAC,MEDIUM,COMPLETED,10343.12,3808.7,2024-08-23,17
WO-384O7AV6K19B,CA-IL-00000135,,2024-08-18,ROOFING,MEDIUM,COMPLETED,837.28,9231.76,2024-08-31,13
WO-VXHOP28GWLXC,CA-IL-00000135,,2024-08-01,LANDSCAPING,MEDIUM,COMPLETED,4256.92,6667.21,2024-08-10,9
WO-XYKOQIISJFWD,CA-IL-00000135,,2024-08-12,LANDSCAPING,LOW,OPEN,1952.88,,,57
WO-0NWHR5H11IJJ,CA-IL-00000135,,2024-08-20,PLUMBING,MEDIUM,DEFERRED,11386.11,,,283
WO-KKFTEB28582C,CA-IL-00000135,,2024-08-10,PLUMBING,MEDIUM,DEFERRED,5177.87,,,17
WO-KW9JS5EKLBFM,CA-IL-00000135,,2024-09-08,HVAC,HIGH,DEFERRED,14822.16,,,49
WO-DK5BUHNH8T7I,CA-IL-00000135,,2024-09-06,PLUMBING,LOW,COMPLETED,8785.36,11743.11,2024-09-18,12
WO-LKFA2J4C8OX7,CA-IL-00000135,,2024-09-02,LANDSCAPING,LOW,COMPLETED,10064.24,9091.01,2024-09-06,4
WO-QWGD3B4OO3J7,CA-IL-00000135,,2024-09-14,PLUMBING,MEDIUM,OPEN,205.97,,,77
WO-SDEGRUQQH8EY,CA-IL-00000135,,2024-10-26,PLUMBING,MEDIUM,DEFERRED,6907.59,,,53
WO-CZJQ260CMLDC,CA-IL-00000135,,2024-10-24,ROOFING,LOW,COMPLETED,6260.45,11138.41,2024-10-30,6
WO-A659MAP6TV5H,CA-IL-00000135,,2024-10-13,PLUMBING,LOW,DEFERRED,9858.06,,,17
WO-9GNRBA4UQG54,CA-IL-00000135,,2024-10-28,ROOFING,LOW,COMPLETED,10593.69,3306.69,2024-11-10,13
WO-JD95YOGLP0TM,CA-IL-00000135,,2024-10-25,ELECTRICAL,MEDIUM,COMPLETED,12144.52,7252.3,2024-11-10,16
WO-ZBDRGHMUHVO6,CA-IL-00000135,,2024-10-20,GENERAL,HIGH,OPEN,11039.49,,,107
WO-YYRZHYSUD6CA,CA-IL-00000135,,2024-10-13,GENERAL,LOW,OPEN,4553.34,,,99
WO-5SXS83176H62,CA-IL-00000135,,2024-10-10,ROOFING,MEDIUM,COMPLETED,1632.35,462.85,2024-10-20,10
WO-OU2QCQPSEVK0,CA-IL-00000135,,2024-11-27,ELECTRICAL,EMERGENCY,COMPLETED,6033.18,1153.95,2024-12-17,20
WO-UMGRRG8JX6XP,CA-IL-00000135,,2024-12-14,ELECTRICAL,LOW,COMPLETED,12524.76,2671.78,2025-01-04,21
WO-3KKH07UDUHYS,CA-IL-00000135,,2024-12-05,HVAC,MEDIUM,OPEN,11541.06,,,15
WO-9RHC742K2FGZ,CA-IL-00000135,,2024-12-11,PLUMBING,HIGH,COMPLETED,7372.22,6303.37,2024-12-26,15
WO-VBTA5ACC3VNZ,CA-IL-00000135,,2024-12-27,HVAC,LOW,DEFERRED,2626.18,,,32
WO-ESW2H4UP5OJE,CA-IL-00000135,,2024-12-26,PLUMBING,MEDIUM,COMPLETED,9627.1,11762.09,2025-01-07,12
WO-VPHTECMMH7OK,CA-IL-00000135,,2025-01-13,STRUCTURAL,HIGH,DEFERRED,12725.77,,,104
WO-K107DHEGUQWF,CA-IL-00000135,,2025-01-16,HVAC,MEDIUM,COMPLETED,12849.06,1414.84,2025-02-06,21
WO-L3SKX3ZF3KDB,CA-IL-00000135,,2025-01-17,ELECTRICAL,EMERGENCY,COMPLETED,811.99,5137.19,2025-02-07,21
WO-BBLOXYGUVP03,CA-IL-00000135,,2025-02-24,PLUMBING,MEDIUM,DEFERRED,13690.79,,,19
WO-JWD5NLV6G0TC,CA-IL-00000135,,2025-02-13,PLUMBING,MEDIUM,COMPLETED,2070.65,7312.81,2025-03-06,21
WO-2KV0VJCFJ5WU,CA-IL-00000135,,2025-02-16,LANDSCAPING,MEDIUM,OPEN,8704.77,,,110
WO-4HNZL7H9SCZE,CA-IL-00000135,,2025-02-20,STRUCTURAL,LOW,COMPLETED,11047.82,4668.64,2025-03-11,19
WO-DTGYEM0GKRF9,CA-IL-00000135,,2025-02-16,LANDSCAPING,MEDIUM,COMPLETED,13141.39,11419.53,2025-03-09,21
WO-C6MLEIDJIPXW,CA-IL-00000135,,2025-03-03,STRUCTURAL,MEDIUM,COMPLETED,8844.23,6628.49,2025-03-20,17
WO-SSB5YN7Z7CY6,CA-IL-00000135,,2025-03-28,PLUMBING,LOW,COMPLETED,1799.58,5139.16,2025-04-17,20
WO-QGO8PBWENRYN,CA-IL-00000135,,2025-04-19,STRUCTURAL,HIGH,COMPLETED,6179.28,3013.7,2025-04-23,4
WO-R18FSIIZZ4AV,CA-IL-00000135,,2025-04-17,LANDSCAPING,HIGH,DEFERRED,9585.21,,,28
WO-1XYZ3L4ZNG20,CA-IL-00000135,,2025-04-10,LANDSCAPING,HIGH,OPEN,11466.5,,,40
WO-KIX0R60MBR1Y,CA-IL-00000135,,2025-04-18,LANDSCAPING,HIGH,OPEN,14977.4,,,81
WO-BZN8XVCFAP42,CA-IL-00000135,,2025-04-16,PLUMBING,MEDIUM,COMPLETED,12684.2,11819.81,2025-04-17,1
WO-0HS1ZT60NFSZ,CA-IL-00000135,,2025-04-27,PLUMBING,MEDIUM,COMPLETED,7640.0,1628.46,2025-05-13,16
WO-YAI5GDSDBT8S,CA-IL-00000135,,2025-05-18,ROOFING,HIGH,OPEN,538.3,,,159
WO-WXYSFJFSMB02,CA-IL-00000135,,2025-05-10,ELEVATOR,MEDIUM,OPEN,1223.52,,,51
WO-OMBNTXJ8WVQT,CA-IL-00000135,,2025-05-10,HVAC,MEDIUM,COMPLETED,5450.56,4324.63,2025-05-18,8
WO-CFRRBFSNY5BO,CA-IL-00000135,,2025-05-15,STRUCTURAL,HIGH,COMPLETED,8840.97,5117.93,2025-05-26,11
WO-7WGT75NOBQQH,CA-IL-00000135,,2025-05-20,PLUMBING,LOW,OPEN,12934.36,,,69
WO-BLZ6IIUVI5KW,CA-IL-00000135,,2025-05-16,ELEVATOR,MEDIUM,OPEN,3890.47,,,38
WO-N3DHQ9FCRZN7,CA-IL-00000135,,2025-06-15,PLUMBING,MEDIUM,OPEN,6778.9,,,77
WO-6PGW9CYMDEXB,CA-IL-00000135,,2025-06-09,PLUMBING,LOW,DEFERRED,581.15,,,50
WO-5XXGL23A4KT6,CA-IL-00000135,,2025-06-19,LANDSCAPING,MEDIUM,COMPLETED,12371.3,4056.07,2025-07-03,14
WO-5NLL9AX5IOKP,CA-IL-00000135,,2025-06-21,ELECTRICAL,LOW,COMPLETED,11813.46,10102.94,2025-06-29,8
WO-2LBIK94JOFMW,CA-IL-00000135,,2025-06-05,HVAC,MEDIUM,COMPLETED,619.57,1181.76,2025-06-07,2
WO-HS4T3MH9MDW4,CA-FL-00000136,,2024-02-07,PLUMBING,MEDIUM,COMPLETED,2174.72,507.45,2024-02-20,13
WO-RH194E1RXYUZ,CA-FL-00000136,,2024-03-22,STRUCTURAL,LOW,COMPLETED,9559.76,5241.58,2024-04-02,11
WO-NT6Y9FVB1X69,CA-FL-00000136,,2024-06-04,ELECTRICAL,MEDIUM,COMPLETED,9429.65,1892.48,2024-06-10,6
WO-VUV4W4AX7RVA,CA-FL-00000136,,2024-06-06,ELECTRICAL,MEDIUM,COMPLETED,7656.77,4902.46,2024-06-19,13
WO-RWYVM68FUTXX,CA-FL-00000136,,2024-07-27,ELEVATOR,MEDIUM,COMPLETED,14469.22,1770.97,2024-08-14,18
WO-7KA8TK0H2GD4,CA-FL-00000136,,2024-08-06,STRUCTURAL,MEDIUM,COMPLETED,10555.16,9459.04,2024-08-10,4
WO-QTEAL0PB292G,CA-FL-00000136,,2024-11-28,ROOFING,LOW,COMPLETED,4132.87,3931.49,2024-12-09,11
WO-LNDEKR83BQJR,CA-FL-00000136,,2024-11-07,HVAC,LOW,COMPLETED,2024.04,2626.73,2024-11-27,20
WO-4BD0HJKBR371,CA-FL-00000136,,2024-12-15,PLUMBING,LOW,COMPLETED,6197.0,9570.62,2024-12-18,3
WO-A96P0K6J4YRJ,CA-FL-00000136,,2025-02-03,ROOFING,MEDIUM,COMPLETED,5199.91,9996.06,2025-02-05,2
WO-YLO839TMZFFT,CA-FL-00000136,,2025-04-04,PLUMBING,LOW,COMPLETED,13812.42,11185.37,2025-04-07,3
WO-WCQFFO78Q6UD,CA-FL-00000136,,2025-04-19,ELECTRICAL,HIGH,COMPLETED,4707.92,10859.11,2025-04-29,10
WO-LH17UXO844L2,CA-FL-00000136,,2025-05-23,PLUMBING,LOW,COMPLETED,5219.11,9054.8,2025-06-13,21
WO-DK2YXUQLF8ZN,CA-FL-00000136,,2025-05-03,ELECTRICAL,HIGH,COMPLETED,14519.58,5221.7,2025-05-17,14
WO-UAWRQ6DBCJB1,CA-CA-00000137,,2024-01-12,LANDSCAPING,HIGH,COMPLETED,14387.51,4850.93,2024-01-14,2
WO-G2WW9ZW19N49,CA-CA-00000137,,2024-01-21,ELECTRICAL,LOW,OPEN,13627.24,,,6
WO-EUQ9C4HXOFEM,CA-CA-00000137,,2024-01-27,ROOFING,MEDIUM,OPEN,4524.42,,,16
WO-GRBFWET2SLRN,CA-CA-00000137,,2024-01-07,HVAC,MEDIUM,COMPLETED,13752.74,7592.59,2024-01-09,2
WO-NRF17UG3XRA0,CA-CA-00000137,,2024-02-23,GENERAL,HIGH,COMPLETED,2578.21,7374.89,2024-03-13,19
WO-LHEED1JRWDBU,CA-CA-00000137,,2024-02-23,ROOFING,MEDIUM,COMPLETED,3596.46,5212.52,2024-03-08,14
WO-AZYKBNZ04WB7,CA-CA-00000137,,2024-03-23,LANDSCAPING,EMERGENCY,COMPLETED,11872.04,514.44,2024-03-27,4
WO-SAW47C0CQUNO,CA-CA-00000137,,2024-03-22,GENERAL,MEDIUM,OPEN,8190.84,,,42
WO-M8M2C47P5N8N,CA-CA-00000137,,2024-03-01,LANDSCAPING,LOW,COMPLETED,7731.73,5319.48,2024-03-19,18
WO-SPBX99Y3T43W,CA-CA-00000137,,2024-03-15,ROOFING,MEDIUM,COMPLETED,12245.03,8792.4,2024-03-29,14
WO-Q6EZFM6LOIIX,CA-CA-00000137,,2024-03-01,GENERAL,MEDIUM,COMPLETED,646.51,5180.01,2024-03-10,9
WO-V6ZHRTX9LXLW,CA-CA-00000137,,2024-04-19,ELECTRICAL,LOW,OPEN,12615.97,,,43
WO-CTZE4G2HXUH9,CA-CA-00000137,,2024-04-18,GENERAL,LOW,OPEN,7087.16,,,81
WO-FRHMBD3ZR8HR,CA-CA-00000137,,2024-05-11,ELEVATOR,HIGH,COMPLETED,3617.4,1042.31,2024-05-21,10
WO-1LYWEORXLBLG,CA-CA-00000137,,2024-05-10,GENERAL,LOW,COMPLETED,5319.89,5556.62,2024-05-31,21
WO-UEBZTWOOSA3S,CA-CA-00000137,,2024-05-02,LANDSCAPING,MEDIUM,OPEN,10367.21,,,11
WO-1OZJ2QGBKCP8,CA-CA-00000137,,2024-05-20,STRUCTURAL,MEDIUM,OPEN,14268.82,,,49
WO-Q9M75B49NTRT,CA-CA-00000137,,2024-05-19,ROOFING,LOW,COMPLETED,9039.35,5592.26,2024-06-07,19
WO-XAQBOMZE8B44,CA-CA-00000137,,2024-05-22,ELECTRICAL,HIGH,COMPLETED,8808.73,11593.06,2024-06-08,17
WO-97AXTAK4S0QP,CA-CA-00000137,,2024-06-02,ELEVATOR,MEDIUM,COMPLETED,11799.33,1011.58,2024-06-23,21
WO-EWD0DNYKW8PT,CA-CA-00000137,,2024-06-17,GENERAL,LOW,COMPLETED,10012.43,4453.26,2024-07-04,17
WO-LEGZXK9W4H1A,CA-CA-00000137,,2024-07-23,STRUCTURAL,MEDIUM,COMPLETED,1703.97,2443.28,2024-08-01,9
WO-G87B3LSSQVBL,CA-CA-00000137,,2024-07-15,LANDSCAPING,HIGH,COMPLETED,5722.8,11583.41,2024-07-29,14
WO-RAMKN6MBKTYQ,CA-CA-00000137,,2024-07-02,ROOFING,MEDIUM,DEFERRED,14144.44,,,102
WO-W5IS1VYIT33O,CA-CA-00000137,,2024-07-14,STRUCTURAL,HIGH,DEFERRED,13082.25,,,26
WO-H5KKM9IAN9F3,CA-CA-00000137,,2024-07-07,ELECTRICAL,LOW,DEFERRED,8655.8,,,29
WO-FI0LRGKYUQ7U,CA-CA-00000137,,2024-07-18,ELECTRICAL,LOW,OPEN,6285.17,,,37
WO-SXA2KBDBHOSD,CA-CA-00000137,,2024-07-20,GENERAL,MEDIUM,COMPLETED,927.98,900.81,2024-08-08,19
WO-6VK1WB8IFWNS,CA-CA-00000137,,2024-09-21,LANDSCAPING,MEDIUM,COMPLETED,3806.31,11010.17,2024-09-30,9
WO-82THHMXN3C5Q,CA-CA-00000137,,2024-09-28,PLUMBING,HIGH,COMPLETED,2283.93,2865.26,2024-10-04,6
WO-NI4ESG28PDKT,CA-CA-00000137,,2024-09-13,LANDSCAPING,LOW,OPEN,12696.95,,,43
WO-QI1H9N3LIAR6,CA-CA-00000137,,2024-09-23,LANDSCAPING,MEDIUM,OPEN,14023.21,,,118
WO-EB3VIK7BIL36,CA-CA-00000137,,2024-09-10,LANDSCAPING,MEDIUM,DEFERRED,6223.23,,,22
WO-CXNDZA7UHVJ5,CA-CA-00000137,,2024-09-19,PLUMBING,LOW,DEFERRED,2357.28,,,33
WO-SJ1AK9066YU7,CA-CA-00000137,,2024-10-23,STRUCTURAL,MEDIUM,COMPLETED,13607.63,11302.7,2024-11-09,17
WO-70ZHEVHO52Q4,CA-CA-00000137,,2024-10-16,STRUCTURAL,MEDIUM,COMPLETED,331.95,3756.97,2024-11-05,20
WO-WF7E7B1J61KU,CA-CA-00000137,,2024-11-09,STRUCTURAL,MEDIUM,COMPLETED,7845.73,3560.79,2024-11-21,12
WO-U3KJ7HFFW06F,CA-CA-00000137,,2024-11-13,HVAC,MEDIUM,DEFERRED,8647.84,,,21
WO-1T7NDXF00TV0,CA-CA-00000137,,2024-11-25,LANDSCAPING,LOW,COMPLETED,2132.16,9054.85,2024-12-09,14
WO-I0HRALE9MSV6,CA-CA-00000137,,2024-12-19,GENERAL,LOW,OPEN,14399.89,,,31
WO-IQ5DA7DEPF1E,CA-CA-00000137,,2024-12-04,GENERAL,LOW,COMPLETED,2018.7,529.68,2024-12-13,9
WO-A04M0LTTMCIB,CA-CA-00000137,,2024-12-12,HVAC,MEDIUM,COMPLETED,1149.83,5398.4,2024-12-14,2
WO-I1HD8FUU9DTW,CA-CA-00000137,,2024-12-23,HVAC,LOW,COMPLETED,9253.99,2581.96,2025-01-04,12
WO-39SEM0TV3EKX,CA-CA-00000137,,2024-12-13,LANDSCAPING,LOW,DEFERRED,7867.24,,,60
WO-Y565IGT1PG0H,CA-CA-00000137,,2024-12-20,GENERAL,LOW,DEFERRED,12147.97,,,40
WO-9Z8DX86VOLV3,CA-CA-00000137,,2024-12-18,ROOFING,HIGH,OPEN,6764.27,,,19
WO-BR4ADWUQTX3X,CA-CA-00000137,,2025-01-26,ELECTRICAL,HIGH,COMPLETED,8842.42,2474.77,2025-02-16,21
WO-2MM4QXDHMVZJ,CA-CA-00000137,,2025-01-08,ELEVATOR,MEDIUM,COMPLETED,5624.98,4177.02,2025-01-22,14
WO-MMJ02GCLF6NG,CA-CA-00000137,,2025-01-16,LANDSCAPING,HIGH,COMPLETED,2472.01,9569.72,2025-01-26,10
WO-XJOYAANXNYJJ,CA-CA-00000137,,2025-01-16,PLUMBING,HIGH,OPEN,13238.2,,,88
WO-H388FLPZK89T,CA-CA-00000137,,2025-01-15,ELEVATOR,MEDIUM,COMPLETED,1335.71,10443.8,2025-01-23,8
WO-B51IVCZRXWWU,CA-CA-00000137,,2025-02-05,PLUMBING,MEDIUM,DEFERRED,9508.01,,,104
WO-GIWUXTAQ86S9,CA-CA-00000137,,2025-02-13,LANDSCAPING,HIGH,COMPLETED,14245.31,1511.95,2025-02-19,6
WO-PRAEFALQDTWX,CA-CA-00000137,,2025-03-14,HVAC,LOW,OPEN,7813.98,,,37
WO-979V5F1YW3CJ,CA-CA-00000137,,2025-03-08,HVAC,MEDIUM,OPEN,7736.61,,,83
WO-6LO14AR7ZPIG,CA-CA-00000137,,2025-03-12,ELEVATOR,MEDIUM,DEFERRED,8053.71,,,32
WO-3FCJT73L5IIV,CA-CA-00000137,,2025-04-12,ELEVATOR,HIGH,DEFERRED,4522.34,,,42
WO-MAHT1IP2BJR7,CA-CA-00000137,,2025-04-12,STRUCTURAL,HIGH,DEFERRED,1552.53,,,60
WO-S5F62XG1FCKJ,CA-CA-00000137,,2025-04-08,ROOFING,LOW,OPEN,8362.05,,,8
WO-36XFMDPLKIKP,CA-CA-00000137,,2025-04-08,STRUCTURAL,LOW,COMPLETED,11470.85,3172.37,2025-04-11,3
WO-V44O6OQJNG4E,CA-CA-00000137,,2025-04-19,PLUMBING,MEDIUM,DEFERRED,11634.01,,,12
WO-R7GWMHYL414Q,CA-CA-00000137,,2025-05-27,HVAC,MEDIUM,COMPLETED,2638.95,3441.44,2025-06-16,20
WO-16MKP9IO0FHR,CA-CA-00000137,,2025-05-01,ELECTRICAL,MEDIUM,OPEN,4814.01,,,125
WO-KH45RGUB8MAC,CA-CA-00000137,,2025-05-11,PLUMBING,HIGH,DEFERRED,3712.33,,,26
WO-NKB1ZMY0N7HM,CA-CA-00000137,,2025-05-24,LANDSCAPING,MEDIUM,OPEN,4694.12,,,44
WO-NGIPKBFA31XX,CA-CA-00000137,,2025-05-24,ELECTRICAL,HIGH,COMPLETED,13681.87,6237.93,2025-06-04,11
WO-NS2YUYVOX97Y,CA-CA-00000137,,2025-05-10,HVAC,HIGH,COMPLETED,14942.05,993.1,2025-05-11,1
WO-WBF67I98MM2W,CA-CA-00000137,,2025-06-09,PLUMBING,HIGH,DEFERRED,11346.32,,,95
WO-7GMVPC8MHNOA,CA-CA-00000137,,2025-06-09,LANDSCAPING,EMERGENCY,COMPLETED,6474.28,8085.42,2025-06-12,3
WO-4LQA0ZBJWV3X,CA-CA-00000137,,2025-06-10,GENERAL,EMERGENCY,OPEN,7767.4,,,10
WO-NR61V572STR4,CA-CA-00000137,,2025-06-04,ELECTRICAL,MEDIUM,OPEN,9485.3,,,26
WO-JU1QDPVDDTZQ,CA-CA-00000137,,2025-06-17,HVAC,MEDIUM,OPEN,5111.44,,,41
WO-094I784PI5P9,CA-CA-00000137,,2025-06-25,HVAC,LOW,OPEN,9509.08,,,95
WO-MDR1AK10ZJV3,CA-FL-00000138,,2024-01-17,LANDSCAPING,HIGH,COMPLETED,12635.56,11451.39,2024-01-31,14
WO-IMZ1Q3ACCCMS,CA-FL-00000138,,2024-01-20,LANDSCAPING,LOW,COMPLETED,11715.45,2008.54,2024-02-05,16
WO-EPB6UO9JWN8G,CA-FL-00000138,,2024-01-20,HVAC,HIGH,COMPLETED,13150.97,8286.28,2024-01-21,1
WO-DH0R7B993GJY,CA-FL-00000138,,2024-02-16,ROOFING,EMERGENCY,COMPLETED,4927.04,10045.44,2024-03-03,16
WO-S62OQ7RI0DZH,CA-FL-00000138,,2024-04-18,LANDSCAPING,LOW,OPEN,3851.45,,,157
WO-G6H8405DXHPH,CA-FL-00000138,,2024-05-21,PLUMBING,HIGH,COMPLETED,4859.08,11397.71,2024-05-22,1
WO-HAO41R3ALKPF,CA-FL-00000138,,2024-07-03,HVAC,HIGH,COMPLETED,1927.22,7542.04,2024-07-17,14
WO-C0A51NGGW3O7,CA-FL-00000138,,2024-08-12,ELEVATOR,MEDIUM,OPEN,3718.61,,,24
WO-EWVZGKO3CM8J,CA-FL-00000138,,2024-09-07,LANDSCAPING,LOW,COMPLETED,12487.65,3230.81,2024-09-23,16
WO-VS2SDN7WH7RF,CA-FL-00000138,,2024-10-05,ROOFING,MEDIUM,COMPLETED,4644.57,1567.24,2024-10-08,3
WO-GHUKQJM8NE7Z,CA-FL-00000138,,2024-11-23,ROOFING,MEDIUM,COMPLETED,1150.97,3810.17,2024-12-08,15
WO-IYA4HLONLINL,CA-FL-00000138,,2024-11-25,HVAC,LOW,COMPLETED,3956.64,5251.76,2024-12-16,21
WO-8PJ89KA9Q5BO,CA-FL-00000138,,2024-12-18,PLUMBING,EMERGENCY,COMPLETED,10856.28,10991.56,2025-01-03,16
WO-X6G2UVMVANLZ,CA-FL-00000138,,2025-02-11,ELECTRICAL,HIGH,COMPLETED,7598.2,5490.81,2025-02-21,10
WO-J4QEBDVB6ED6,CA-FL-00000138,,2025-02-15,GENERAL,MEDIUM,COMPLETED,3544.68,6069.35,2025-03-03,16
WO-IT8Z0BONYQ7Y,CA-FL-00000138,,2025-04-04,STRUCTURAL,LOW,COMPLETED,7019.47,10097.01,2025-04-24,20
WO-ELOSZXKEX00R,CA-FL-00000138,,2025-06-22,PLUMBING,MEDIUM,COMPLETED,3404.03,5460.58,2025-06-27,5
WO-7D628EI6P9GZ,CA-FL-00000138,,2025-06-20,HVAC,LOW,COMPLETED,2588.02,2037.98,2025-07-05,15
WO-9GHBMDE5FB0Y,CA-OH-00000139,,2024-02-03,GENERAL,HIGH,COMPLETED,2678.48,2862.63,2024-02-20,17
WO-0K6XTLM35II7,CA-OH-00000139,,2024-02-27,STRUCTURAL,MEDIUM,COMPLETED,1404.69,2744.04,2024-03-13,15
WO-I7BY97UR1ULN,CA-OH-00000139,,2024-03-17,HVAC,EMERGENCY,COMPLETED,11481.41,5994.85,2024-03-29,12
WO-Z6KBTTBLTG92,CA-OH-00000139,,2024-05-04,ROOFING,LOW,OPEN,5009.72,,,188
WO-TVWLRXA9CJCQ,CA-OH-00000139,,2024-05-08,HVAC,HIGH,COMPLETED,274.9,5899.52,2024-05-26,18
WO-UF3DDF6VBP66,CA-OH-00000139,,2024-06-18,LANDSCAPING,MEDIUM,COMPLETED,12651.27,648.31,2024-06-22,4
WO-V0OLBCC6Q90R,CA-OH-00000139,,2024-09-10,PLUMBING,LOW,COMPLETED,12987.49,8816.65,2024-09-14,4
WO-BBVZ4RTOY2MV,CA-OH-00000139,,2024-11-11,HVAC,MEDIUM,COMPLETED,9740.88,8611.99,2024-11-27,16
WO-4EIQR1596LEX,CA-OH-00000139,,2024-11-27,STRUCTURAL,MEDIUM,COMPLETED,10608.33,2659.01,2024-12-11,14
WO-8JT49GY7JA0M,CA-OH-00000139,,2024-12-21,GENERAL,HIGH,COMPLETED,1456.15,4838.12,2025-01-11,21
WO-070HSMP10M84,CA-OH-00000139,,2025-02-19,PLUMBING,MEDIUM,COMPLETED,10764.25,10088.2,2025-03-02,11
WO-IS51EYITWJBF,CA-OH-00000139,,2025-04-22,LANDSCAPING,LOW,COMPLETED,4004.04,5155.73,2025-05-05,13
WO-DW8SA19SO4NA,CA-OH-00000139,,2025-06-14,GENERAL,MEDIUM,DEFERRED,9992.04,,,133
WO-KS5BA2S7ZB2G,CA-MA-00000140,,2024-01-15,PLUMBING,MEDIUM,COMPLETED,12404.36,11117.01,2024-01-22,7
WO-YB5UFXE81K7Z,CA-MA-00000140,,2024-03-11,GENERAL,LOW,OPEN,7868.83,,,55
WO-E10UIL37F6R1,CA-MA-00000140,,2024-05-10,ROOFING,MEDIUM,COMPLETED,4088.59,11296.41,2024-05-26,16
WO-QD3QJSOZJORN,CA-MA-00000140,,2024-06-15,PLUMBING,MEDIUM,OPEN,1869.93,,,187
WO-PDJ06AZ2UMCA,CA-MA-00000140,,2024-07-05,PLUMBING,MEDIUM,COMPLETED,9395.48,3559.64,2024-07-11,6
WO-IJXQ34VXKSR7,CA-MA-00000140,,2024-07-19,ELECTRICAL,MEDIUM,COMPLETED,12786.8,814.23,2024-07-27,8
WO-CQLPV1978J5H,CA-MA-00000140,,2024-09-28,ELECTRICAL,MEDIUM,DEFERRED,7698.1,,,25
WO-L7QSV38D8FB9,CA-MA-00000140,,2024-10-10,PLUMBING,MEDIUM,COMPLETED,10063.56,2310.68,2024-10-13,3
WO-JQBSQI57YBAW,CA-MA-00000140,,2025-01-22,ELECTRICAL,HIGH,COMPLETED,4014.54,7789.98,2025-02-11,20
WO-2M7BBJAZ40JW,CA-MA-00000140,,2025-04-16,ELECTRICAL,MEDIUM,COMPLETED,13660.24,4843.62,2025-04-29,13
WO-3JU58NXBA6OS,CA-MA-00000140,,2025-05-13,ELEVATOR,MEDIUM,OPEN,14855.92,,,40
WO-D5LL73Y83P6W,CA-WA-00000141,,2024-02-05,ELECTRICAL,MEDIUM,COMPLETED,9624.79,3411.07,2024-02-18,13
WO-9N3HEW3RDU1W,CA-WA-00000141,,2024-03-05,ROOFING,HIGH,COMPLETED,2462.27,6525.6,2024-03-19,14
WO-RRUYH8BTRIL5,CA-WA-00000141,,2024-04-19,ELECTRICAL,MEDIUM,COMPLETED,4758.43,7458.03,2024-05-04,15
WO-EP42WNDOYRA8,CA-WA-00000141,,2024-05-11,PLUMBING,MEDIUM,OPEN,5588.2,,,75
WO-CZG6NJGB0WVO,CA-WA-00000141,,2024-05-15,ELECTRICAL,MEDIUM,COMPLETED,5249.17,8168.61,2024-05-31,16
WO-BGWF22VWZWLJ,CA-WA-00000141,,2024-09-15,ELECTRICAL,HIGH,COMPLETED,3152.88,8998.15,2024-09-19,4
WO-W8T95RPJPXFA,CA-WA-00000141,,2024-10-27,PLUMBING,MEDIUM,COMPLETED,9245.96,5880.4,2024-10-30,3
WO-ZUCAJ1Y04MI6,CA-WA-00000141,,2024-10-17,GENERAL,MEDIUM,COMPLETED,4895.83,11473.94,2024-11-03,17
WO-R4LDWXXCU7GG,CA-WA-00000141,,2024-11-18,STRUCTURAL,MEDIUM,COMPLETED,3858.53,6270.41,2024-12-04,16
WO-H2KN81KX6HST,CA-WA-00000141,,2024-12-14,STRUCTURAL,MEDIUM,COMPLETED,9531.06,3172.02,2024-12-31,17
WO-4DBFQ0EZV9CP,CA-WA-00000141,,2024-12-01,PLUMBING,LOW,COMPLETED,4579.24,3151.29,2024-12-10,9
WO-G3SZ4LN31BFJ,CA-WA-00000141,,2025-02-04,STRUCTURAL,MEDIUM,COMPLETED,12264.81,9407.05,2025-02-25,21
WO-TX63JTP9EYWY,CA-WA-00000141,,2025-02-03,HVAC,HIGH,COMPLETED,4199.01,4704.21,2025-02-06,3
WO-37OZ3SDJTMTM,CA-WA-00000141,,2025-03-10,ELECTRICAL,MEDIUM,COMPLETED,8538.55,6267.17,2025-03-22,12
WO-QW95CQUKNLS7,CA-WA-00000141,,2025-04-24,LANDSCAPING,MEDIUM,COMPLETED,2704.77,2647.05,2025-04-29,5
WO-VMFEQ2UZ5HSY,CA-WA-00000141,,2025-04-22,PLUMBING,MEDIUM,COMPLETED,10241.75,1884.37,2025-05-11,19
WO-0L4XSACHV7KL,CA-WA-00000141,,2025-05-24,LANDSCAPING,LOW,COMPLETED,9780.85,3591.83,2025-05-31,7
WO-2RDJRESGNGVY,CA-WA-00000141,,2025-06-16,PLUMBING,HIGH,COMPLETED,1643.78,7589.49,2025-06-19,3
WO-8HIQXDVTW495,CA-IL-00000142,,2024-01-19,LANDSCAPING,MEDIUM,COMPLETED,13786.75,5129.28,2024-02-04,16
WO-PNI236ZXTBWX,CA-IL-00000142,,2024-01-26,GENERAL,EMERGENCY,COMPLETED,231.55,5611.44,2024-02-07,12
WO-7TRI7DZUETUV,CA-IL-00000142,,2024-02-11,HVAC,LOW,COMPLETED,10624.28,8379.16,2024-02-13,2
WO-LS9TVNVH236W,CA-IL-00000142,,2024-03-27,LANDSCAPING,LOW,COMPLETED,2164.14,9458.28,2024-04-09,13
WO-OU4GT7ZNNX1N,CA-IL-00000142,,2024-04-06,PLUMBING,MEDIUM,OPEN,5669.09,,,49
WO-YFUG2PLH5NRM,CA-IL-00000142,,2024-04-23,GENERAL,MEDIUM,COMPLETED,6149.88,10362.27,2024-04-26,3
WO-0UPGKPM2AJ08,CA-IL-00000142,,2024-06-13,LANDSCAPING,MEDIUM,COMPLETED,11438.79,9340.93,2024-06-27,14
WO-K56LWGPXLR0F,CA-IL-00000142,,2024-06-28,HVAC,MEDIUM,COMPLETED,456.55,3668.57,2024-07-01,3
WO-LAIGFHTWXBIM,CA-IL-00000142,,2024-08-06,GENERAL,HIGH,OPEN,12132.34,,,137
WO-OL14T6NXHE7M,CA-IL-00000142,,2024-11-16,ROOFING,HIGH,COMPLETED,6404.17,6693.2,2024-11-19,3
WO-GLM69IQM17B4,CA-IL-00000142,,2025-02-12,GENERAL,HIGH,COMPLETED,3736.63,6982.3,2025-03-01,17
WO-W1042BAVP5S4,CA-IL-00000142,,2025-05-01,ELECTRICAL,MEDIUM,COMPLETED,5107.76,2533.68,2025-05-18,17
WO-9Y09UVTN6X8H,CA-IL-00000142,,2025-05-06,LANDSCAPING,MEDIUM,COMPLETED,1811.57,6940.95,2025-05-14,8
WO-5921PGE3M5BX,CA-IL-00000142,,2025-06-12,PLUMBING,LOW,COMPLETED,9172.85,9128.34,2025-06-27,15
WO-FPZDLNBIY9VV,CA-TX-00000143,,2024-01-09,STRUCTURAL,MEDIUM,COMPLETED,5011.37,11482.85,2024-01-17,8
WO-DLIE4ZHIF97R,CA-TX-00000143,,2024-01-24,PLUMBING,MEDIUM,COMPLETED,11885.51,10395.62,2024-02-03,10
WO-3LWB7V2QBNG4,CA-TX-00000143,,2024-04-23,PLUMBING,EMERGENCY,COMPLETED,4425.72,3181.2,2024-05-08,15
WO-Y5FZF03UL4VJ,CA-TX-00000143,,2024-05-26,LANDSCAPING,MEDIUM,COMPLETED,7863.25,2499.73,2024-06-02,7
WO-OD0E9XB5ULL0,CA-TX-00000143,,2024-07-02,PLUMBING,MEDIUM,COMPLETED,10422.08,7568.55,2024-07-16,14
WO-E98R56POZFB8,CA-TX-00000143,,2024-07-24,PLUMBING,HIGH,DEFERRED,384.47,,,33
WO-7ECB6XMZNKJU,CA-TX-00000143,,2024-09-01,LANDSCAPING,LOW,COMPLETED,5272.4,11207.58,2024-09-14,13
WO-8LUM8MIYDMOT,CA-TX-00000143,,2024-09-01,LANDSCAPING,MEDIUM,COMPLETED,7470.7,10352.88,2024-09-02,1
WO-DHXA1RMWIKY5,CA-TX-00000143,,2025-01-17,PLUMBING,MEDIUM,COMPLETED,3580.78,8447.55,2025-01-28,11
WO-39KW874EOV5F,CA-TX-00000143,,2025-01-08,PLUMBING,HIGH,COMPLETED,9221.94,3615.81,2025-01-26,18
WO-5BXI5V6VXJ8A,CA-TX-00000143,,2025-03-09,GENERAL,MEDIUM,COMPLETED,5493.62,3729.2,2025-03-12,3
WO-4DCDXABEV9XD,CA-TX-00000143,,2025-04-13,GENERAL,MEDIUM,COMPLETED,9798.11,11537.73,2025-04-28,15
WO-0U5VTG56YHIN,CA-TX-00000143,,2025-05-06,HVAC,MEDIUM,COMPLETED,8739.26,3123.3,2025-05-16,10
WO-NUJJC38XISSH,CA-TX-00000143,,2025-06-20,LANDSCAPING,EMERGENCY,COMPLETED,4241.28,10208.02,2025-06-27,7
WO-IDW7V0C1O2NK,CA-FL-00000144,,2024-03-03,ROOFING,HIGH,COMPLETED,1268.11,5845.02,2024-03-04,1
WO-VGT5MHOMD5YN,CA-FL-00000144,,2024-05-14,HVAC,EMERGENCY,COMPLETED,9914.01,4600.89,2024-05-22,8
WO-HYXDUEH7FKH7,CA-FL-00000144,,2024-06-28,STRUCTURAL,MEDIUM,DEFERRED,5404.46,,,117
WO-3G3KGCG5F6CM,CA-FL-00000144,,2024-08-12,ROOFING,LOW,COMPLETED,3595.65,3119.53,2024-08-23,11
WO-R7ACYRVSQN0G,CA-FL-00000144,,2024-08-04,PLUMBING,LOW,DEFERRED,4800.03,,,100
WO-W37ZCBQ01NK0,CA-FL-00000144,,2024-09-18,ELECTRICAL,LOW,DEFERRED,14146.73,,,130
WO-PHNBTAT3J18X,CA-FL-00000144,,2024-10-06,ROOFING,MEDIUM,COMPLETED,9512.41,8346.65,2024-10-19,13
WO-50ZZ5OIM1AEQ,CA-FL-00000144,,2024-10-03,LANDSCAPING,MEDIUM,COMPLETED,6376.67,860.05,2024-10-13,10
WO-L029PEG9UYGS,CA-FL-00000144,,2024-10-12,HVAC,MEDIUM,COMPLETED,4814.8,10046.81,2024-10-31,19
WO-A6L1QFRHAOUH,CA-FL-00000144,,2024-12-03,LANDSCAPING,HIGH,COMPLETED,12328.65,5718.09,2024-12-14,11
WO-9E9ZSEZF7PC2,CA-FL-00000144,,2025-02-27,HVAC,LOW,COMPLETED,13044.54,10086.75,2025-03-10,11
WO-FQD9CES93RAZ,CA-FL-00000144,,2025-03-20,LANDSCAPING,MEDIUM,COMPLETED,12503.39,5407.9,2025-03-29,9
WO-4NOXD1WJE4ND,CA-FL-00000144,,2025-04-26,PLUMBING,LOW,COMPLETED,6367.76,6766.58,2025-05-11,15
WO-SWB0DJE39GGU,CA-CA-00000145,,2024-01-03,PLUMBING,LOW,DEFERRED,9123.73,,,174
WO-M6D6XY40NJP4,CA-CA-00000145,,2024-01-03,PLUMBING,HIGH,COMPLETED,8694.23,4975.88,2024-01-10,7
WO-H950MEIMY676,CA-CA-00000145,,2024-01-21,PLUMBING,LOW,COMPLETED,14898.65,5033.14,2024-01-25,4
WO-GHYZF05NO061,CA-CA-00000145,,2024-02-20,LANDSCAPING,MEDIUM,OPEN,10152.75,,,77
WO-0OC1DB2NZE0I,CA-CA-00000145,,2024-04-25,PLUMBING,MEDIUM,DEFERRED,2535.51,,,39
WO-1V8W1YLG29MJ,CA-CA-00000145,,2024-04-06,STRUCTURAL,MEDIUM,DEFERRED,5290.9,,,29
WO-5T66DPANPXG5,CA-CA-00000145,,2024-04-03,ELEVATOR,MEDIUM,DEFERRED,3290.88,,,29
WO-EJ92AZPR5UPZ,CA-CA-00000145,,2024-05-07,STRUCTURAL,HIGH,COMPLETED,14502.1,9120.93,2024-05-10,3
WO-AXMLM8EB8R6P,CA-CA-00000145,,2024-05-05,STRUCTURAL,HIGH,COMPLETED,417.27,2407.37,2024-05-14,9
WO-Z2XNGVUGZLGA,CA-CA-00000145,,2024-06-15,LANDSCAPING,LOW,COMPLETED,8482.39,5214.74,2024-07-05,20
WO-27OYBKYFF19K,CA-CA-00000145,,2024-06-05,HVAC,HIGH,COMPLETED,14977.63,9419.75,2024-06-22,17
WO-LGMI7AVB1VTR,CA-CA-00000145,,2024-06-08,ELECTRICAL,MEDIUM,DEFERRED,12047.78,,,19
WO-4GC749DXGRUI,CA-CA-00000145,,2024-07-13,ROOFING,HIGH,DEFERRED,5576.05,,,52
WO-LMKTVQDAQMI3,CA-CA-00000145,,2024-07-17,ROOFING,MEDIUM,COMPLETED,625.93,990.36,2024-07-31,14
WO-GVCK64L1NVY6,CA-CA-00000145,,2024-08-09,STRUCTURAL,MEDIUM,COMPLETED,2547.12,11776.28,2024-08-22,13
WO-F31B8QDW9G11,CA-CA-00000145,,2024-09-03,PLUMBING,EMERGENCY,COMPLETED,3291.78,4401.42,2024-09-20,17
WO-88AR9HPS6DO6,CA-CA-00000145,,2024-09-03,HVAC,LOW,OPEN,1579.15,,,27
WO-0ICEGICPY3UH,CA-CA-00000145,,2024-09-18,HVAC,MEDIUM,COMPLETED,1525.77,9789.72,2024-09-27,9
WO-WBILCIVMHBBD,CA-CA-00000145,,2024-09-11,ELECTRICAL,MEDIUM,OPEN,5831.14,,,31
WO-EQ5KP9W8IUIM,CA-CA-00000145,,2024-09-02,PLUMBING,HIGH,COMPLETED,14204.97,8180.99,2024-09-13,11
WO-7S37QOTMK0HI,CA-CA-00000145,,2024-10-02,PLUMBING,MEDIUM,COMPLETED,2819.18,8353.4,2024-10-23,21
WO-NE6Q398224ZP,CA-CA-00000145,,2024-11-09,LANDSCAPING,MEDIUM,COMPLETED,5660.25,5841.67,2024-11-19,10
WO-ATZR4WDJYWFU,CA-CA-00000145,,2024-11-01,HVAC,MEDIUM,COMPLETED,2737.61,4810.94,2024-11-11,10
WO-0HERLQ1V4VHO,CA-CA-00000145,,2024-11-15,GENERAL,MEDIUM,COMPLETED,2457.39,8453.67,2024-11-19,4
WO-WLCGXUWUNS5O,CA-CA-00000145,,2024-11-12,GENERAL,HIGH,COMPLETED,2643.42,6957.31,2024-11-28,16
WO-5NH33GMYFU6R,CA-CA-00000145,,2024-11-17,LANDSCAPING,MEDIUM,COMPLETED,10167.98,1778.68,2024-11-28,11
WO-HRNSNI3P8R0Q,CA-CA-00000145,,2024-12-28,LANDSCAPING,MEDIUM,COMPLETED,10008.26,5732.92,2025-01-16,19
WO-8HBR0ISSGZ6H,CA-CA-00000145,,2024-12-14,PLUMBING,MEDIUM,DEFERRED,1889.8,,,25
WO-A878JDRPQYGT,CA-CA-00000145,,2024-12-19,ROOFING,MEDIUM,COMPLETED,12740.98,11374.59,2025-01-06,18
WO-QXBQ98Q5DQY0,CA-CA-00000145,,2025-01-13,HVAC,MEDIUM,COMPLETED,6749.68,2942.09,2025-01-14,1
WO-X7L085LAIZOK,CA-CA-00000145,,2025-01-21,PLUMBING,LOW,COMPLETED,9505.36,3848.21,2025-01-29,8
WO-RVHS7SB3AM3I,CA-CA-00000145,,2025-01-03,ELECTRICAL,MEDIUM,COMPLETED,13382.91,8976.28,2025-01-04,1
WO-FNH7A7QBJ9AO,CA-CA-00000145,,2025-01-21,HVAC,MEDIUM,COMPLETED,11309.47,4997.47,2025-01-31,10
WO-SUPZUYKKPH1P,CA-CA-00000145,,2025-02-01,PLUMBING,LOW,COMPLETED,3298.65,3618.93,2025-02-02,1
WO-74ENHHB9OXJB,CA-CA-00000145,,2025-02-19,LANDSCAPING,LOW,COMPLETED,975.96,6448.73,2025-02-23,4
WO-UZ71XE2SE3RB,CA-CA-00000145,,2025-02-06,LANDSCAPING,MEDIUM,COMPLETED,13109.2,7208.7,2025-02-20,14
WO-8QGN6UJVERJS,CA-CA-00000145,,2025-03-28,HVAC,MEDIUM,COMPLETED,14542.29,1549.66,2025-03-29,1
WO-XFATEWGTB1J7,CA-CA-00000145,,2025-03-08,PLUMBING,LOW,COMPLETED,218.28,10042.89,2025-03-21,13
WO-G4NBDQ7CNEK0,CA-CA-00000145,,2025-03-23,STRUCTURAL,LOW,COMPLETED,13454.25,167.89,2025-04-04,12
WO-XXFUN0HULE07,CA-CA-00000145,,2025-04-06,HVAC,MEDIUM,COMPLETED,14958.29,2282.95,2025-04-26,20
WO-1OEGT84CAUBZ,CA-CA-00000145,,2025-04-25,GENERAL,MEDIUM,COMPLETED,9622.37,7805.79,2025-05-16,21
WO-LQO8J7BT1NFJ,CA-CA-00000145,,2025-05-28,ELECTRICAL,MEDIUM,DEFERRED,14834.69,,,71
WO-J0EUJ4PLTRHL,CA-CA-00000145,,2025-06-12,HVAC,LOW,COMPLETED,2871.43,11531.48,2025-06-18,6
WO-HT1EHEUSPAKY,CA-CA-00000145,,2025-06-28,PLUMBING,LOW,DEFERRED,9592.94,,,233
WO-HN27FL7QCHK5,CA-TX-00000146,,2024-02-03,PLUMBING,MEDIUM,COMPLETED,12190.71,11752.3,2024-02-23,20
WO-SLIRSM11DWW9,CA-TX-00000146,,2024-02-09,ELEVATOR,MEDIUM,COMPLETED,1476.8,4071.12,2024-02-16,7
WO-IHYFYIL7XJOU,CA-TX-00000146,,2024-03-19,ROOFING,LOW,COMPLETED,12105.15,8236.1,2024-03-28,9
WO-CEI6XXV294EF,CA-TX-00000146,,2024-04-01,HVAC,MEDIUM,COMPLETED,1280.73,4205.59,2024-04-21,20
WO-1XLJZM2LMGDR,CA-TX-00000146,,2024-05-21,PLUMBING,LOW,COMPLETED,13473.09,4445.74,2024-06-07,17
WO-53DDIE13V2K5,CA-TX-00000146,,2024-07-18,PLUMBING,LOW,COMPLETED,5847.78,11276.74,2024-07-30,12
WO-SC8TDQRDOT2A,CA-TX-00000146,,2024-12-07,ROOFING,LOW,COMPLETED,7822.15,9795.5,2024-12-22,15
WO-A3E3G69DPT5W,CA-TX-00000146,,2025-01-05,PLUMBING,MEDIUM,COMPLETED,6761.6,7874.13,2025-01-25,20
WO-M91WU87D49CD,CA-TX-00000146,,2025-02-19,ELECTRICAL,MEDIUM,COMPLETED,13472.89,6413.28,2025-03-12,21
WO-75ITW1AYY2UJ,CA-TX-00000146,,2025-03-01,ELECTRICAL,LOW,DEFERRED,13683.39,,,32
WO-5AYDQ221QW4P,CA-TX-00000146,,2025-04-02,PLUMBING,LOW,COMPLETED,3949.83,560.81,2025-04-04,2
WO-RVHKREV6TQAD,CA-TX-00000146,,2025-05-12,STRUCTURAL,HIGH,COMPLETED,238.93,11417.11,2025-05-20,8
WO-63HNGRE61QCZ,CA-TX-00000146,,2025-06-11,HVAC,MEDIUM,COMPLETED,11042.25,10400.78,2025-06-16,5
WO-XMMJU1DD2SPY,CA-TX-00000147,,2024-01-01,GENERAL,MEDIUM,OPEN,13704.99,,,55
WO-DFWUHZEZUJ7F,CA-TX-00000147,,2024-01-27,HVAC,LOW,COMPLETED,11762.12,3543.47,2024-01-31,4
WO-F7PA73SG5B43,CA-TX-00000147,,2024-01-10,PLUMBING,LOW,COMPLETED,1443.27,8903.01,2024-01-31,21
WO-LYK5M1PEQK1V,CA-TX-00000147,,2024-02-27,PLUMBING,LOW,OPEN,4318.58,,,32
WO-VID6GEEH6AGK,CA-TX-00000147,,2024-03-13,PLUMBING,LOW,COMPLETED,12959.66,5510.7,2024-03-30,17
WO-TZW1C8QKGZGY,CA-TX-00000147,,2024-03-06,LANDSCAPING,MEDIUM,DEFERRED,780.52,,,42
WO-43XVYRH2DKEB,CA-TX-00000147,,2024-04-10,ELECTRICAL,MEDIUM,DEFERRED,5260.65,,,96
WO-NXRNIGEVQE04,CA-TX-00000147,,2024-04-08,HVAC,EMERGENCY,COMPLETED,2425.86,4351.96,2024-04-24,16
WO-E11SZQ30YM2P,CA-TX-00000147,,2024-04-28,GENERAL,MEDIUM,COMPLETED,4575.39,6812.99,2024-05-01,3
WO-BHA0BLM3F0AH,CA-TX-00000147,,2024-05-25,LANDSCAPING,MEDIUM,COMPLETED,5046.72,8622.69,2024-05-26,1
WO-N4YX9E38LCUC,CA-TX-00000147,,2024-05-03,LANDSCAPING,LOW,COMPLETED,3668.63,9943.45,2024-05-21,18
WO-7S46OP45MQ0G,CA-TX-00000147,,2024-06-04,ELECTRICAL,MEDIUM,COMPLETED,3122.58,11521.92,2024-06-24,20
WO-XNTDVHIV971R,CA-TX-00000147,,2024-06-09,LANDSCAPING,MEDIUM,COMPLETED,8862.63,10981.97,2024-06-30,21
WO-V69HDRXSN18K,CA-TX-00000147,,2024-07-28,ROOFING,MEDIUM,COMPLETED,7852.66,5928.32,2024-08-10,13
WO-JLC24SBRFOAM,CA-TX-00000147,,2024-07-12,LANDSCAPING,LOW,COMPLETED,8969.05,2680.51,2024-08-01,20
WO-NVM6FG7SGCEG,CA-TX-00000147,,2024-07-17,ROOFING,MEDIUM,DEFERRED,2634.03,,,36
WO-FY2UE0O930HN,CA-TX-00000147,,2024-08-20,LANDSCAPING,MEDIUM,DEFERRED,991.97,,,13
WO-6T6SLJB5OGBL,CA-TX-00000147,,2024-09-26,GENERAL,HIGH,COMPLETED,12527.01,8225.34,2024-10-11,15
WO-IOJ7GMPRBHCG,CA-TX-00000147,,2024-10-23,ELECTRICAL,MEDIUM,OPEN,4716.06,,,31
WO-E09S996P35JL,CA-TX-00000147,,2024-10-20,ELECTRICAL,LOW,COMPLETED,1931.29,233.15,2024-11-07,18
WO-M9EVLF0KVXKI,CA-TX-00000147,,2024-10-12,HVAC,LOW,COMPLETED,13324.28,3453.96,2024-11-01,20
WO-QF0DZKHQ88T1,CA-TX-00000147,,2024-11-02,ROOFING,HIGH,OPEN,12649.1,,,79
WO-WQUP3MAR99B1,CA-TX-00000147,,2024-11-11,PLUMBING,LOW,OPEN,7273.1,,,82
WO-GF5QHWTLBEA4,CA-TX-00000147,,2024-12-25,ROOFING,MEDIUM,COMPLETED,5485.25,4695.09,2024-12-31,6
WO-JA33HVBTL8UH,CA-TX-00000147,,2025-01-27,GENERAL,MEDIUM,COMPLETED,1301.65,8465.46,2025-02-13,17
WO-VKJ42Y8GYABJ,CA-TX-00000147,,2025-01-24,PLUMBING,LOW,OPEN,2748.73,,,134
WO-ODEG37W9MQAO,CA-TX-00000147,,2025-01-20,ELECTRICAL,MEDIUM,DEFERRED,9975.94,,,22
WO-K6LNZO8GU5WC,CA-TX-00000147,,2025-01-07,PLUMBING,LOW,DEFERRED,6548.38,,,28
WO-WUS2T2VPOQM9,CA-TX-00000147,,2025-02-28,PLUMBING,HIGH,COMPLETED,3386.61,8263.49,2025-03-10,10
WO-444MXLMDWVTR,CA-TX-00000147,,2025-02-08,PLUMBING,LOW,COMPLETED,4584.72,5294.45,2025-02-13,5
WO-FEFTHSG7TD1N,CA-TX-00000147,,2025-02-16,LANDSCAPING,MEDIUM,COMPLETED,7790.66,4426.77,2025-03-05,17
WO-7SUGFNDC5TV5,CA-TX-00000147,,2025-02-01,PLUMBING,LOW,COMPLETED,932.59,7342.56,2025-02-06,5
WO-PMEHYPEJZVGL,CA-TX-00000147,,2025-03-27,PLUMBING,LOW,COMPLETED,14064.68,7866.62,2025-04-16,20
WO-Y1PISY22RDDV,CA-TX-00000147,,2025-03-18,GENERAL,MEDIUM,COMPLETED,12110.35,9306.95,2025-04-01,14
WO-CIKORL96X00F,CA-TX-00000147,,2025-06-02,LANDSCAPING,MEDIUM,COMPLETED,7349.95,6698.13,2025-06-05,3
WO-GHKO5WOYJ3LC,CA-TX-00000147,,2025-06-21,ELEVATOR,MEDIUM,DEFERRED,5103.2,,,21
WO-PCKWYQN9PYRH,CA-AZ-00000148,,2024-02-22,GENERAL,MEDIUM,COMPLETED,6625.12,4073.61,2024-02-25,3
WO-W0VKUM0CSZB0,CA-AZ-00000148,,2024-03-22,STRUCTURAL,HIGH,COMPLETED,13324.49,6712.62,2024-03-31,9
WO-33UR2HUVW0J9,CA-AZ-00000148,,2024-03-01,ROOFING,LOW,DEFERRED,8936.95,,,43
WO-U8NP4V21YVAR,CA-AZ-00000148,,2024-04-11,HVAC,LOW,COMPLETED,2704.27,3178.02,2024-04-26,15
WO-DW2QBOU8WT22,CA-AZ-00000148,,2024-04-20,ELEVATOR,MEDIUM,COMPLETED,10491.84,2403.01,2024-04-30,10
WO-0OJJZPH6HOX7,CA-AZ-00000148,,2024-05-18,PLUMBING,MEDIUM,COMPLETED,7730.59,7718.6,2024-05-23,5
WO-9GJEX77TROCS,CA-AZ-00000148,,2024-05-22,ELEVATOR,MEDIUM,COMPLETED,5526.24,9582.2,2024-06-06,15
WO-46LLNI5TCYMU,CA-AZ-00000148,,2024-06-24,PLUMBING,LOW,COMPLETED,14161.23,3632.47,2024-07-01,7
WO-0L2LTPBSPEWK,CA-AZ-00000148,,2024-06-05,ELEVATOR,MEDIUM,COMPLETED,9092.3,967.54,2024-06-24,19
WO-H5VSWC101AI0,CA-AZ-00000148,,2024-07-08,HVAC,HIGH,COMPLETED,14514.43,8708.28,2024-07-26,18
WO-OZ9OC3TEVP8D,CA-AZ-00000148,,2024-09-28,ELEVATOR,MEDIUM,COMPLETED,7859.67,6607.59,2024-10-01,3
WO-BZMYPYNLSTCK,CA-AZ-00000148,,2024-10-04,HVAC,LOW,COMPLETED,11694.11,1447.45,2024-10-23,19
WO-QRNYI8TW4M4M,CA-AZ-00000148,,2024-10-25,GENERAL,HIGH,COMPLETED,10419.41,7069.9,2024-11-03,9
WO-LKFBPO7C3EIS,CA-AZ-00000148,,2024-11-04,ELECTRICAL,MEDIUM,COMPLETED,7690.57,11438.94,2024-11-14,10
WO-7G1XQR0N2Q0P,CA-AZ-00000148,,2024-12-06,PLUMBING,HIGH,DEFERRED,5022.09,,,108
WO-RHA0AIOXC59G,CA-AZ-00000148,,2024-12-04,GENERAL,LOW,COMPLETED,1887.74,2126.41,2024-12-24,20
WO-EH6I094ZW2B2,CA-AZ-00000148,,2025-01-02,PLUMBING,LOW,COMPLETED,5267.88,7631.13,2025-01-16,14
WO-B877LO6ODY89,CA-AZ-00000148,,2025-02-05,GENERAL,LOW,COMPLETED,13023.73,5631.04,2025-02-06,1
WO-GHEN97FBMT62,CA-AZ-00000148,,2025-02-26,HVAC,MEDIUM,COMPLETED,3805.38,423.71,2025-02-28,2
WO-KRY4LX97S2EL,CA-AZ-00000148,,2025-03-19,ELEVATOR,MEDIUM,COMPLETED,1412.32,7798.21,2025-04-02,14
WO-OO91YDQR15GI,CA-AZ-00000148,,2025-06-22,ROOFING,EMERGENCY,COMPLETED,9969.55,2838.65,2025-07-11,19
WO-Z4AYGPMDMVZG,CA-AZ-00000148,,2025-06-22,ELECTRICAL,MEDIUM,OPEN,421.02,,,28
WO-IJL5LZ54JYRP,CA-IL-00000149,,2024-01-04,ELECTRICAL,LOW,OPEN,2688.07,,,23
WO-FSJXHR3ABEM9,CA-IL-00000149,,2024-01-06,ROOFING,MEDIUM,COMPLETED,2382.24,5111.21,2024-01-18,12
WO-QCGKB4XFJ6GU,CA-IL-00000149,,2024-02-24,ROOFING,HIGH,COMPLETED,5827.35,4770.05,2024-03-11,16
WO-EYOOR6ITCYND,CA-IL-00000149,,2024-02-28,HVAC,MEDIUM,COMPLETED,10628.52,1608.03,2024-03-18,19
WO-D8XT6J04ZGUH,CA-IL-00000149,,2024-02-02,ROOFING,LOW,COMPLETED,12336.68,1843.94,2024-02-21,19
WO-UXMSSDC8255L,CA-IL-00000149,,2024-02-26,STRUCTURAL,LOW,COMPLETED,11904.01,7721.62,2024-02-27,1
WO-2M5VK0M7LZ57,CA-IL-00000149,,2024-02-23,HVAC,MEDIUM,COMPLETED,2349.57,11381.51,2024-02-24,1
WO-WWTDIKPW0IWG,CA-IL-00000149,,2024-03-13,GENERAL,LOW,COMPLETED,433.35,6310.5,2024-03-28,15
WO-9KNGFE534681,CA-IL-00000149,,2024-03-16,HVAC,LOW,COMPLETED,13479.37,1881.12,2024-03-27,11
WO-LJFM1HX1MXTT,CA-IL-00000149,,2024-03-23,PLUMBING,MEDIUM,OPEN,10550.05,,,26
WO-19GVVBQIOVS3,CA-IL-00000149,,2024-03-11,ROOFING,LOW,COMPLETED,2318.87,2444.24,2024-03-21,10
WO-QL33NIL19BW7,CA-IL-00000149,,2024-03-06,PLUMBING,HIGH,COMPLETED,6934.79,9815.51,2024-03-13,7
WO-833JL970E45B,CA-IL-00000149,,2024-04-02,GENERAL,LOW,COMPLETED,12615.57,1830.67,2024-04-04,2
WO-CEA4JQI17TOJ,CA-IL-00000149,,2024-04-08,GENERAL,MEDIUM,COMPLETED,1213.97,10223.44,2024-04-19,11
WO-IGEWFX4I3QES,CA-IL-00000149,,2024-04-21,PLUMBING,MEDIUM,COMPLETED,12208.19,6112.12,2024-04-23,2
WO-N48M1TC8XKGL,CA-IL-00000149,,2024-05-10,ROOFING,MEDIUM,COMPLETED,14814.39,2581.32,2024-05-15,5
WO-G2VNKED0PIXA,CA-IL-00000149,,2024-06-21,PLUMBING,MEDIUM,DEFERRED,9970.67,,,82
WO-D7TFWV919WZC,CA-IL-00000149,,2024-06-09,PLUMBING,HIGH,OPEN,2423.78,,,104
WO-BTNR8OS05B7X,CA-IL-00000149,,2024-06-18,ELECTRICAL,LOW,COMPLETED,4374.64,1255.03,2024-06-27,9
WO-0ZSKO9SO7PIF,CA-IL-00000149,,2024-07-23,PLUMBING,MEDIUM,COMPLETED,6295.9,5021.0,2024-07-30,7
WO-MTJB1XETZOFE,CA-IL-00000149,,2024-07-16,LANDSCAPING,MEDIUM,COMPLETED,7345.38,208.28,2024-07-21,5
WO-3IHNGXZ0E3F1,CA-IL-00000149,,2024-07-11,ELEVATOR,MEDIUM,COMPLETED,8383.1,3823.75,2024-07-24,13
WO-JVV08GKJFF5V,CA-IL-00000149,,2024-08-21,GENERAL,MEDIUM,COMPLETED,1827.71,7338.13,2024-08-30,9
WO-XX1QREIMIA3J,CA-IL-00000149,,2024-08-14,LANDSCAPING,MEDIUM,DEFERRED,333.45,,,23
WO-PU19380LSG2P,CA-IL-00000149,,2024-08-16,HVAC,EMERGENCY,OPEN,8112.84,,,13
WO-T4RN2G8AP6TA,CA-IL-00000149,,2024-08-17,PLUMBING,LOW,COMPLETED,11106.84,11729.21,2024-09-05,19
WO-753CBEX5KH2D,CA-IL-00000149,,2024-08-16,PLUMBING,EMERGENCY,COMPLETED,5300.37,7340.12,2024-08-28,12
WO-SFUQAGER6ZTL,CA-IL-00000149,,2024-08-12,STRUCTURAL,HIGH,COMPLETED,12194.21,11821.85,2024-08-22,10
WO-FI9GY9O9DJ4C,CA-IL-00000149,,2024-09-12,ROOFING,LOW,COMPLETED,9364.29,3816.43,2024-09-15,3
WO-78S3E78WQUCV,CA-IL-00000149,,2024-09-25,HVAC,EMERGENCY,COMPLETED,4162.71,5866.1,2024-10-12,17
WO-GYZZ4L07J3MT,CA-IL-00000149,,2024-12-16,PLUMBING,MEDIUM,COMPLETED,4953.65,4781.05,2024-12-24,8
WO-Y2K66RAEWM8C,CA-IL-00000149,,2025-01-12,PLUMBING,HIGH,COMPLETED,5553.09,9392.56,2025-01-18,6
WO-8XBHQ7E9TQOE,CA-IL-00000149,,2025-02-07,ROOFING,EMERGENCY,COMPLETED,7471.02,9682.86,2025-02-21,14
WO-3TFXHPYD69RN,CA-IL-00000149,,2025-03-08,LANDSCAPING,MEDIUM,OPEN,5810.33,,,36
WO-VBEKM2L11ATY,CA-IL-00000149,,2025-03-23,LANDSCAPING,MEDIUM,OPEN,11161.13,,,47
WO-XNZ3YCDVBMIU,CA-IL-00000149,,2025-03-22,ELECTRICAL,HIGH,COMPLETED,2423.75,4806.05,2025-04-06,15
WO-UZFTLBMH1YO6,CA-IL-00000149,,2025-04-27,LANDSCAPING,EMERGENCY,DEFERRED,8648.13,,,29
WO-JDFYELLH7PS0,CA-IL-00000149,,2025-04-02,PLUMBING,MEDIUM,OPEN,5909.87,,,44
WO-PBVKMRPHABVJ,CA-IL-00000149,,2025-04-17,ELEVATOR,MEDIUM,COMPLETED,9785.47,1342.24,2025-05-08,21
WO-XYWK5TIO65TH,CA-IL-00000149,,2025-04-10,ELEVATOR,MEDIUM,DEFERRED,7216.44,,,73
WO-AT1Q0KA0WU7R,CA-GA-00000150,,2024-01-17,HVAC,HIGH,COMPLETED,9692.29,4807.46,2024-01-28,11
WO-DIHC8DDEDZL2,CA-GA-00000150,,2024-02-10,ELEVATOR,HIGH,COMPLETED,5394.9,246.65,2024-02-29,19
WO-VHCZC3041UBA,CA-GA-00000150,,2024-03-28,ROOFING,LOW,COMPLETED,14135.05,1774.6,2024-04-13,16
WO-EWEGVV13TVFB,CA-GA-00000150,,2024-03-26,LANDSCAPING,LOW,COMPLETED,4051.88,9904.32,2024-04-07,12
WO-AADB5HCPH2V8,CA-GA-00000150,,2024-04-17,HVAC,MEDIUM,COMPLETED,4425.55,9180.18,2024-05-07,20
WO-R6XNK35XCVAB,CA-GA-00000150,,2024-05-03,HVAC,MEDIUM,COMPLETED,3135.9,7413.92,2024-05-14,11
WO-1RJ1EJ358QZT,CA-GA-00000150,,2024-06-24,LANDSCAPING,LOW,COMPLETED,14767.77,3659.92,2024-06-29,5
WO-X9ZQ9V6N1F6U,CA-GA-00000150,,2024-07-15,ELECTRICAL,MEDIUM,COMPLETED,10017.96,6995.47,2024-07-26,11
WO-OQ3PEF6FFX1V,CA-GA-00000150,,2024-08-05,ROOFING,HIGH,COMPLETED,8587.12,8481.72,2024-08-26,21
WO-M3HOTN9FCLRQ,CA-GA-00000150,,2024-08-25,ROOFING,MEDIUM,COMPLETED,8352.09,6186.39,2024-08-27,2
WO-2QHXLYXAA8I1,CA-GA-00000150,,2024-10-12,STRUCTURAL,EMERGENCY,COMPLETED,502.46,9838.86,2024-10-26,14
WO-07GXW7MX6BB0,CA-GA-00000150,,2024-11-23,ROOFING,MEDIUM,COMPLETED,10851.95,10347.71,2024-11-26,3
WO-36IW4GULJ2JK,CA-GA-00000150,,2024-11-04,GENERAL,LOW,COMPLETED,7748.74,11628.76,2024-11-13,9
WO-T03K6CIMH0TQ,CA-GA-00000150,,2024-12-08,HVAC,HIGH,DEFERRED,12326.67,,,204
WO-6ZM8GVF1X0K9,CA-GA-00000150,,2025-02-22,GENERAL,MEDIUM,COMPLETED,14823.87,3734.2,2025-03-11,17
WO-HU1A48NQ2DHM,CA-GA-00000150,,2025-03-06,GENERAL,MEDIUM,COMPLETED,7532.71,1231.05,2025-03-20,14
WO-9CNMPWBLY9Y8,CA-CA-00000151,,2024-01-28,PLUMBING,MEDIUM,COMPLETED,8146.59,6150.36,2024-02-13,16
WO-PJU5KR2B5TI0,CA-CA-00000151,,2024-02-18,PLUMBING,MEDIUM,COMPLETED,8005.53,9904.59,2024-03-01,12
WO-3GXM6811SBBK,CA-CA-00000151,,2024-03-22,ELECTRICAL,MEDIUM,COMPLETED,13424.12,3347.41,2024-03-27,5
WO-MWMAZ42GGV4F,CA-CA-00000151,,2024-04-28,LANDSCAPING,HIGH,OPEN,12164.31,,,47
WO-UIJI64VUIKSV,CA-CA-00000151,,2024-05-04,STRUCTURAL,MEDIUM,COMPLETED,11417.4,1822.16,2024-05-12,8
WO-KXMSK1V8XO35,CA-CA-00000151,,2024-05-12,HVAC,HIGH,COMPLETED,10272.53,4362.79,2024-05-24,12
WO-5NL7B30YBD58,CA-CA-00000151,,2024-06-09,ELECTRICAL,MEDIUM,COMPLETED,10995.61,7511.75,2024-06-24,15
WO-8E8OH7GFD2W9,CA-CA-00000151,,2024-07-19,ELECTRICAL,MEDIUM,COMPLETED,13153.35,2023.01,2024-08-08,20
WO-OOPHFHOAT38H,CA-CA-00000151,,2024-09-04,PLUMBING,MEDIUM,COMPLETED,1165.59,9204.42,2024-09-22,18
WO-WQTJD5NSTGRL,CA-CA-00000151,,2024-11-16,PLUMBING,HIGH,COMPLETED,971.33,6684.01,2024-12-01,15
WO-R4FZJEGFJE3F,CA-CA-00000151,,2025-02-27,HVAC,MEDIUM,COMPLETED,227.63,1454.88,2025-03-13,14
WO-JJC765WDA0DW,CA-CA-00000151,,2025-03-14,LANDSCAPING,HIGH,COMPLETED,9689.98,7941.66,2025-03-15,1
WO-6TIZ27YQUMIF,CA-CA-00000151,,2025-05-12,ELECTRICAL,LOW,COMPLETED,4945.05,9484.81,2025-05-28,16
WO-RJBCF5KCHASQ,CA-FL-00000152,,2024-01-04,HVAC,LOW,COMPLETED,13869.48,210.51,2024-01-23,19
WO-TZIV1I9R832V,CA-FL-00000152,,2024-02-02,GENERAL,LOW,COMPLETED,2585.62,10576.32,2024-02-17,15
WO-BUS0V0OGK6JA,CA-FL-00000152,,2024-02-06,GENERAL,LOW,COMPLETED,2576.75,10114.26,2024-02-20,14
WO-EB6ZK83WME2E,CA-FL-00000152,,2024-03-15,HVAC,HIGH,COMPLETED,9835.14,4451.69,2024-03-30,15
WO-90Y2TWZIFDVK,CA-FL-00000152,,2024-03-10,ROOFING,HIGH,COMPLETED,7153.56,6514.98,2024-03-26,16
WO-ARZYM8X41UPT,CA-FL-00000152,,2024-04-23,PLUMBING,HIGH,COMPLETED,7573.77,4396.94,2024-05-02,9
WO-ZHR3KFBKN22B,CA-FL-00000152,,2024-04-08,ROOFING,LOW,COMPLETED,5754.0,8633.29,2024-04-19,11
WO-1LRQ2IMG0WIR,CA-FL-00000152,,2024-06-19,GENERAL,MEDIUM,COMPLETED,5780.28,4217.68,2024-06-27,8
WO-FN7ZLXJZGOAD,CA-FL-00000152,,2024-06-14,ELECTRICAL,LOW,COMPLETED,2204.45,3852.8,2024-06-15,1
WO-86TH1V8TMYK4,CA-FL-00000152,,2024-10-23,STRUCTURAL,HIGH,COMPLETED,3145.15,3314.89,2024-11-07,15
WO-YYB81HBZYBQD,CA-FL-00000152,,2024-10-21,ELECTRICAL,MEDIUM,COMPLETED,13084.84,9739.52,2024-11-02,12
WO-WMIPE3NCPK8D,CA-FL-00000152,,2024-12-02,LANDSCAPING,HIGH,COMPLETED,2111.61,874.29,2024-12-21,19
WO-461JEQ2NJJD0,CA-FL-00000152,,2025-02-22,LANDSCAPING,MEDIUM,COMPLETED,13925.08,1934.44,2025-03-13,19
WO-ATRTTOJ3GNZ3,CA-FL-00000152,,2025-05-07,GENERAL,LOW,COMPLETED,9876.23,9065.84,2025-05-26,19
WO-439TZ95YDFRM,CA-TX-00000153,,2024-04-25,PLUMBING,HIGH,COMPLETED,14455.69,5739.49,2024-05-04,9
WO-2TFCH60CZYOY,CA-TX-00000153,,2024-07-21,LANDSCAPING,LOW,COMPLETED,11490.17,6552.64,2024-07-27,6
WO-AZ13U9SR7BBK,CA-TX-00000153,,2024-09-04,ELECTRICAL,MEDIUM,COMPLETED,10212.07,9958.53,2024-09-12,8
WO-CA67015EWLVA,CA-TX-00000153,,2024-09-10,HVAC,HIGH,COMPLETED,10414.86,10963.17,2024-09-13,3
WO-IK0X0MWZ0CQI,CA-TX-00000153,,2024-10-09,GENERAL,HIGH,COMPLETED,6847.99,2770.1,2024-10-22,13
WO-KFGPFJY41AQB,CA-TX-00000153,,2024-10-21,STRUCTURAL,HIGH,COMPLETED,10056.63,2929.92,2024-10-23,2
WO-97W7Y8QXXKDU,CA-TX-00000153,,2024-12-19,PLUMBING,LOW,COMPLETED,3713.91,6732.88,2024-12-22,3
WO-ZPW1LL9FAQQ2,CA-TX-00000153,,2025-01-20,HVAC,HIGH,COMPLETED,8694.94,10131.34,2025-02-05,16
WO-6TAZWZ3CLUEO,CA-TX-00000153,,2025-04-19,LANDSCAPING,MEDIUM,COMPLETED,6047.3,8124.94,2025-05-10,21
WO-A2E0SHD8SU7F,CA-TX-00000153,,2025-05-08,HVAC,MEDIUM,OPEN,6193.9,,,38
WO-I0WULB10CQUL,CA-TX-00000153,,2025-06-21,ELECTRICAL,LOW,COMPLETED,4398.55,2295.54,2025-07-10,19
WO-ODNXFDGT8ED8,CA-TX-00000154,,2024-03-04,ELECTRICAL,LOW,COMPLETED,13949.92,6411.87,2024-03-20,16
WO-4POBL6AJXLRZ,CA-TX-00000154,,2024-04-02,ELEVATOR,MEDIUM,COMPLETED,855.95,530.95,2024-04-11,9
WO-7UARZF8IK28D,CA-TX-00000154,,2024-06-07,HVAC,LOW,COMPLETED,3567.87,4012.52,2024-06-09,2
WO-SA1W9T83YPPL,CA-TX-00000154,,2024-12-14,ELEVATOR,LOW,COMPLETED,5512.81,8744.49,2024-12-18,4
WO-GQND1WALCWBP,CA-TX-00000154,,2024-12-10,PLUMBING,HIGH,COMPLETED,3533.35,10439.36,2024-12-18,8
WO-LNYKEQFT9Q4V,CA-TX-00000154,,2025-02-07,GENERAL,MEDIUM,COMPLETED,8810.3,6755.0,2025-02-09,2
WO-U33XXXUHALTY,CA-TX-00000154,,2025-02-24,PLUMBING,LOW,COMPLETED,2958.04,832.92,2025-03-07,11
WO-A9RCYMFIRRAA,CA-TX-00000154,,2025-02-06,HVAC,MEDIUM,COMPLETED,6217.47,10418.49,2025-02-13,7
WO-NITGXS7NTZYF,CA-TX-00000154,,2025-03-19,PLUMBING,HIGH,DEFERRED,8736.86,,,58
WO-BPQ7AGBXKFJV,CA-TX-00000154,,2025-04-02,PLUMBING,LOW,COMPLETED,11821.18,3241.3,2025-04-07,5
WO-A1YC00O0CZN9,CA-TX-00000154,,2025-05-03,PLUMBING,HIGH,COMPLETED,5480.76,10224.06,2025-05-04,1
WO-7OZESW2Z20HE,CA-TX-00000154,,2025-05-22,PLUMBING,EMERGENCY,COMPLETED,10754.36,495.74,2025-05-24,2
WO-VQVDQ3P0SE4S,CA-TX-00000154,,2025-05-04,ROOFING,MEDIUM,COMPLETED,14817.73,10459.97,2025-05-06,2
WO-KJDUNWBL5TD4,CA-NV-00000155,,2024-01-09,HVAC,HIGH,OPEN,8476.61,,,29
WO-U46SLKSEPZ0H,CA-NV-00000155,,2024-02-16,PLUMBING,MEDIUM,DEFERRED,12227.93,,,13
WO-5OZKK27NGJRV,CA-NV-00000155,,2024-02-21,PLUMBING,LOW,COMPLETED,14501.91,7495.16,2024-03-10,18
WO-H1PQIJRB6IHX,CA-NV-00000155,,2024-03-08,ELECTRICAL,HIGH,COMPLETED,11380.79,207.32,2024-03-25,17
WO-UMDRK8951QPQ,CA-NV-00000155,,2024-03-04,LANDSCAPING,HIGH,COMPLETED,9245.57,3296.17,2024-03-13,9
WO-315C5370DJQ8,CA-NV-00000155,,2024-04-08,GENERAL,LOW,OPEN,3731.43,,,61
WO-DQ98CQ0Z8PTK,CA-NV-00000155,,2024-04-09,LANDSCAPING,MEDIUM,COMPLETED,7545.04,1479.89,2024-04-21,12
WO-00DJXQXQWPSV,CA-NV-00000155,,2024-04-23,PLUMBING,HIGH,COMPLETED,6493.51,4278.61,2024-04-28,5
WO-P4FYXYJWNB1P,CA-NV-00000155,,2024-04-23,GENERAL,EMERGENCY,COMPLETED,4456.87,11970.16,2024-05-08,15
WO-9ZM1IY6S5N9V,CA-NV-00000155,,2024-04-10,STRUCTURAL,MEDIUM,COMPLETED,1307.61,7184.36,2024-04-22,12
WO-61JNLPJ9DKGE,CA-NV-00000155,,2024-05-28,LANDSCAPING,LOW,COMPLETED,11892.04,642.2,2024-06-15,18
WO-LZG04WASM3CB,CA-NV-00000155,,2024-05-26,PLUMBING,LOW,DEFERRED,7512.54,,,33
WO-R7Z241GTI59C,CA-NV-00000155,,2024-06-12,ELECTRICAL,MEDIUM,DEFERRED,1597.84,,,28
WO-TTQNHL4BIGLM,CA-NV-00000155,,2024-06-11,ELECTRICAL,MEDIUM,COMPLETED,1089.49,9348.26,2024-06-26,15
WO-6AQGTR4FG1VJ,CA-NV-00000155,,2024-06-06,PLUMBING,MEDIUM,DEFERRED,5924.81,,,239
WO-PMYLUX3ISZ9J,CA-NV-00000155,,2024-06-10,STRUCTURAL,HIGH,COMPLETED,10068.0,1519.98,2024-06-17,7
WO-LZ74SN9KSRNF,CA-NV-00000155,,2024-07-26,LANDSCAPING,LOW,DEFERRED,9694.68,,,67
WO-10KR57IAEJK5,CA-NV-00000155,,2024-07-09,ELECTRICAL,LOW,COMPLETED,1374.41,8527.04,2024-07-16,7
WO-MQKAZLUPHUQS,CA-NV-00000155,,2024-07-07,HVAC,LOW,OPEN,12039.72,,,54
WO-742HFXK5Z6EA,CA-NV-00000155,,2024-07-21,HVAC,LOW,COMPLETED,213.87,7800.56,2024-07-31,10
WO-GF8Z47SHX5P8,CA-NV-00000155,,2024-07-17,ROOFING,MEDIUM,DEFERRED,8335.4,,,124
WO-C7251VEQUKR2,CA-NV-00000155,,2024-08-18,PLUMBING,HIGH,COMPLETED,10970.8,1350.38,2024-08-22,4
WO-LOQ3O26CVCXK,CA-NV-00000155,,2024-08-25,ELECTRICAL,LOW,COMPLETED,10481.23,2382.62,2024-08-30,5
WO-XHJT47165J90,CA-NV-00000155,,2024-08-03,GENERAL,HIGH,COMPLETED,13845.55,5143.76,2024-08-17,14
WO-89R5IHZ9QVSZ,CA-NV-00000155,,2024-08-09,PLUMBING,LOW,COMPLETED,8121.01,10160.97,2024-08-17,8
WO-NNUEB9NFFR3A,CA-NV-00000155,,2024-09-08,LANDSCAPING,LOW,DEFERRED,7476.53,,,35
WO-44WOWR84AN36,CA-NV-00000155,,2024-11-11,LANDSCAPING,HIGH,COMPLETED,2371.33,11724.17,2024-11-12,1
WO-ZLPSL4PGIE24,CA-NV-00000155,,2024-11-27,STRUCTURAL,MEDIUM,COMPLETED,13926.23,7509.69,2024-12-09,12
WO-MIFH8ZTFI1Y2,CA-NV-00000155,,2024-11-28,HVAC,MEDIUM,COMPLETED,13535.13,9057.79,2024-12-13,15
WO-CXQVR0GOS5FG,CA-NV-00000155,,2024-12-21,LANDSCAPING,MEDIUM,COMPLETED,14040.67,375.51,2025-01-07,17
WO-GIE8NWC3S6OT,CA-NV-00000155,,2024-12-27,GENERAL,LOW,COMPLETED,7289.3,778.23,2025-01-17,21
WO-LAMF9O96NMCB,CA-NV-00000155,,2024-12-25,ELEVATOR,LOW,COMPLETED,10580.43,1713.41,2025-01-02,8
WO-5QJP2LQSMOVO,CA-NV-00000155,,2025-02-16,PLUMBING,MEDIUM,COMPLETED,5797.32,9684.95,2025-02-28,12
WO-B39H2HOVYOXR,CA-NV-00000155,,2025-02-26,PLUMBING,LOW,COMPLETED,7016.06,4531.13,2025-03-16,18
WO-EW8Q25LY0893,CA-NV-00000155,,2025-04-11,ROOFING,MEDIUM,COMPLETED,1624.91,4146.88,2025-04-23,12
WO-BL3GL0I5T8G3,CA-NV-00000155,,2025-05-21,GENERAL,HIGH,COMPLETED,6910.61,10546.36,2025-05-25,4
WO-HISIIHIRM174,CA-NV-00000155,,2025-05-13,HVAC,MEDIUM,DEFERRED,5431.81,,,30
WO-3AO8O7W0PQT4,CA-NV-00000155,,2025-05-01,PLUMBING,MEDIUM,COMPLETED,8108.1,5210.39,2025-05-19,18
WO-L5WTBLU32ZEB,CA-NV-00000155,,2025-06-17,ELECTRICAL,MEDIUM,COMPLETED,13584.43,4285.65,2025-06-29,12
WO-VCMRM791GJ7N,CA-NV-00000155,,2025-06-24,HVAC,HIGH,COMPLETED,11906.23,7039.64,2025-07-05,11
WO-QPKOIX42411S,CA-NV-00000156,,2024-02-25,LANDSCAPING,HIGH,OPEN,10884.63,,,52
WO-W4Y8EJXQ3GY1,CA-NV-00000156,,2024-02-26,ELECTRICAL,LOW,COMPLETED,1620.79,2965.49,2024-02-29,3
WO-2O646Z5CMKP1,CA-NV-00000156,,2024-02-15,STRUCTURAL,MEDIUM,COMPLETED,10974.86,1654.93,2024-02-27,12
WO-71I36W8BP3P4,CA-NV-00000156,,2024-03-10,ELECTRICAL,MEDIUM,COMPLETED,6375.51,5030.63,2024-03-14,4
WO-VPRGGA7YB97I,CA-NV-00000156,,2024-04-02,ROOFING,MEDIUM,COMPLETED,12391.46,1537.19,2024-04-04,2
WO-VMPO5L0OC2XE,CA-NV-00000156,,2024-04-26,HVAC,MEDIUM,OPEN,1373.64,,,63
WO-LIR40J7YPN8T,CA-NV-00000156,,2024-05-02,GENERAL,LOW,DEFERRED,5203.33,,,16
WO-QJZLM5R7OCL1,CA-NV-00000156,,2024-06-06,PLUMBING,LOW,COMPLETED,5650.35,4774.14,2024-06-21,15
WO-NE3HF76LHRLE,CA-NV-00000156,,2024-06-17,HVAC,LOW,DEFERRED,9473.96,,,32
WO-HHQG1WEEZZ0H,CA-NV-00000156,,2024-06-14,ROOFING,HIGH,COMPLETED,9975.38,4035.54,2024-07-05,21
WO-CX02J33YZ7OV,CA-NV-00000156,,2024-06-13,LANDSCAPING,MEDIUM,DEFERRED,2704.39,,,50
WO-SC7GHXAALJMP,CA-NV-00000156,,2024-06-13,HVAC,LOW,COMPLETED,1285.36,1398.28,2024-06-23,10
WO-G68GZ6QAZJNV,CA-NV-00000156,,2024-07-15,LANDSCAPING,MEDIUM,COMPLETED,14068.79,10621.75,2024-07-17,2
WO-U14S4KG5VRQT,CA-NV-00000156,,2024-07-19,PLUMBING,LOW,COMPLETED,14522.92,7783.0,2024-07-29,10
WO-ZQSP8H0839PO,CA-NV-00000156,,2024-07-17,PLUMBING,MEDIUM,COMPLETED,2339.06,511.08,2024-07-30,13
WO-6F5PFQKT0VD0,CA-NV-00000156,,2024-07-19,ELEVATOR,MEDIUM,COMPLETED,12342.04,5781.32,2024-08-09,21
WO-V6MG92JTN3JP,CA-NV-00000156,,2024-08-17,ELECTRICAL,MEDIUM,COMPLETED,12969.58,11987.05,2024-08-24,7
WO-6T86QQLBVJ93,CA-NV-00000156,,2024-08-05,ELECTRICAL,HIGH,COMPLETED,10212.83,7319.24,2024-08-13,8
WO-XM8FYT1HU884,CA-NV-00000156,,2024-08-01,HVAC,MEDIUM,COMPLETED,7831.22,4951.15,2024-08-11,10
WO-2YNE5UUOI1FC,CA-NV-00000156,,2024-08-05,ELECTRICAL,MEDIUM,DEFERRED,10756.91,,,20
WO-CQ3PQIPCX5NU,CA-NV-00000156,,2024-08-27,LANDSCAPING,HIGH,COMPLETED,14841.36,9082.81,2024-09-11,15
WO-VR9ZIH4YZMO8,CA-NV-00000156,,2024-08-03,PLUMBING,MEDIUM,OPEN,689.9,,,78
WO-48AHDANZMTNZ,CA-NV-00000156,,2024-08-19,STRUCTURAL,MEDIUM,COMPLETED,7289.66,1781.13,2024-08-26,7
WO-2P3S6DZHDRH4,CA-NV-00000156,,2024-09-26,PLUMBING,LOW,COMPLETED,10882.84,2748.42,2024-10-11,15
WO-3PUQKR8HLFLX,CA-NV-00000156,,2024-10-24,STRUCTURAL,MEDIUM,COMPLETED,13068.54,7626.08,2024-11-03,10
WO-WU64B7HRD0JU,CA-NV-00000156,,2024-10-23,PLUMBING,HIGH,DEFERRED,7739.49,,,30
WO-RWWNNVF09ZHC,CA-NV-00000156,,2024-11-21,PLUMBING,LOW,COMPLETED,5458.67,4299.91,2024-11-26,5
WO-6IFXPZSNASKK,CA-NV-00000156,,2024-12-24,PLUMBING,HIGH,COMPLETED,2835.15,9305.44,2025-01-03,10
WO-3JVKBQ1JXXGD,CA-NV-00000156,,2024-12-21,ELECTRICAL,MEDIUM,COMPLETED,13486.57,2734.67,2024-12-31,10
WO-FMMS8GGU33S3,CA-NV-00000156,,2025-02-13,HVAC,MEDIUM,DEFERRED,8615.63,,,57
WO-IP9NVQJOL7IK,CA-NV-00000156,,2025-02-25,PLUMBING,LOW,COMPLETED,3791.78,4765.83,2025-03-12,15
WO-OBQ0FCYSUTD5,CA-NV-00000156,,2025-02-01,GENERAL,LOW,COMPLETED,9255.02,7376.71,2025-02-15,14
WO-DBM72930Z6SR,CA-NV-00000156,,2025-02-16,STRUCTURAL,MEDIUM,COMPLETED,14995.97,6480.33,2025-02-24,8
WO-M5SRHCDBHL51,CA-NV-00000156,,2025-03-20,HVAC,MEDIUM,OPEN,3759.53,,,37
WO-2LMFW0RNY0LS,CA-NV-00000156,,2025-03-07,PLUMBING,LOW,COMPLETED,14484.8,5801.1,2025-03-14,7
WO-YCOWGS3GNJ9Y,CA-NV-00000156,,2025-03-03,ELECTRICAL,HIGH,DEFERRED,3753.36,,,40
WO-73TRLNPX4KSV,CA-NV-00000156,,2025-04-04,GENERAL,MEDIUM,COMPLETED,2354.54,6592.49,2025-04-16,12
WO-4VEXJBC13265,CA-NV-00000156,,2025-04-09,ROOFING,MEDIUM,OPEN,10121.81,,,21
WO-DKVCM1YBP57P,CA-NV-00000156,,2025-04-28,STRUCTURAL,HIGH,OPEN,14804.63,,,41
WO-V1BJYMJMXI7Z,CA-NV-00000156,,2025-05-17,PLUMBING,LOW,COMPLETED,12575.89,2911.28,2025-05-28,11
WO-DF1VNFAOZTQZ,CA-NV-00000156,,2025-06-24,PLUMBING,LOW,COMPLETED,8999.1,7157.78,2025-06-30,6
WO-VIVRMDLWSNW9,CA-IL-00000157,,2024-02-15,HVAC,LOW,COMPLETED,7632.15,10558.87,2024-02-24,9
WO-EIN2BFK719EH,CA-IL-00000157,,2024-02-16,ROOFING,LOW,OPEN,1279.47,,,31
WO-SPYBJEAXHX4D,CA-IL-00000157,,2024-02-01,PLUMBING,LOW,OPEN,6360.27,,,138
WO-472B8U9P6EQ8,CA-IL-00000157,,2024-02-20,STRUCTURAL,MEDIUM,DEFERRED,9482.03,,,128
WO-7QBWAAHXPWR0,CA-IL-00000157,,2024-02-26,ROOFING,HIGH,OPEN,2447.45,,,19
WO-9YD4I82K7UVU,CA-IL-00000157,,2024-02-21,PLUMBING,MEDIUM,OPEN,5350.81,,,22
WO-D7MYTGXFTIUR,CA-IL-00000157,,2024-02-18,STRUCTURAL,LOW,DEFERRED,3625.02,,,423
WO-WBM7ZQVHJLJ9,CA-IL-00000157,,2024-02-01,HVAC,MEDIUM,OPEN,6096.06,,,221
WO-SNOZLDKG5U7K,CA-IL-00000157,,2024-03-15,ELEVATOR,HIGH,COMPLETED,7476.64,3557.38,2024-03-21,6
WO-XQAYSVHTRSQJ,CA-IL-00000157,,2024-03-11,STRUCTURAL,LOW,OPEN,3031.18,,,67
WO-GE8JQWBY5SVG,CA-IL-00000157,,2024-03-20,ELECTRICAL,HIGH,COMPLETED,8531.19,5012.02,2024-03-28,8
WO-USU39ZNB9ZVF,CA-IL-00000157,,2024-03-08,ROOFING,HIGH,OPEN,2700.55,,,32
WO-ZLWC9MB02F5F,CA-IL-00000157,,2024-03-01,ELECTRICAL,MEDIUM,OPEN,9884.03,,,77
WO-PMA9AKZB0MR4,CA-IL-00000157,,2024-04-20,PLUMBING,MEDIUM,DEFERRED,1107.0,,,10
WO-4Y3SOLADET5B,CA-IL-00000157,,2024-04-13,ROOFING,MEDIUM,DEFERRED,10797.36,,,18
WO-60AZ6D7XB44D,CA-IL-00000157,,2024-04-07,GENERAL,HIGH,OPEN,10445.66,,,55
WO-BNYCGMBK0HV2,CA-IL-00000157,,2024-05-24,PLUMBING,EMERGENCY,DEFERRED,661.2,,,51
WO-AKJL12SBHUJT,CA-IL-00000157,,2024-05-27,ELECTRICAL,LOW,OPEN,14781.39,,,23
WO-FHV9DM66N89X,CA-IL-00000157,,2024-05-03,PLUMBING,MEDIUM,COMPLETED,12094.94,10237.41,2024-05-18,15
WO-2NN04ARIRS4M,CA-IL-00000157,,2024-06-28,ROOFING,MEDIUM,COMPLETED,2467.83,6609.21,2024-07-04,6
WO-363T6XAEN8HC,CA-IL-00000157,,2024-06-03,HVAC,LOW,OPEN,5400.67,,,108
WO-YLSGMKOMI01H,CA-IL-00000157,,2024-06-07,HVAC,MEDIUM,OPEN,13652.45,,,66
WO-QHMDWFAC44MQ,CA-IL-00000157,,2024-07-10,HVAC,LOW,DEFERRED,973.22,,,110
WO-IV3O14KYOJ2D,CA-IL-00000157,,2024-07-16,ELEVATOR,HIGH,COMPLETED,8309.09,9465.49,2024-07-25,9
WO-5TWU3AUGJ020,CA-IL-00000157,,2024-07-09,HVAC,HIGH,COMPLETED,2114.12,2641.92,2024-07-19,10
WO-FJM1SLS2GNXZ,CA-IL-00000157,,2024-07-25,ELECTRICAL,EMERGENCY,DEFERRED,14730.53,,,80
WO-AZEFOADC6VKO,CA-IL-00000157,,2024-07-20,PLUMBING,EMERGENCY,COMPLETED,14451.38,4524.49,2024-07-21,1
WO-CE29FJX904F7,CA-IL-00000157,,2024-08-08,LANDSCAPING,LOW,COMPLETED,2292.4,10698.98,2024-08-17,9
WO-98VK135OA5E6,CA-IL-00000157,,2024-08-04,HVAC,LOW,OPEN,12327.73,,,37
WO-LZMRAUVMEFDU,CA-IL-00000157,,2024-08-14,PLUMBING,EMERGENCY,COMPLETED,6531.51,820.14,2024-08-31,17
WO-64KVF44AKCUY,CA-IL-00000157,,2024-08-18,ELECTRICAL,MEDIUM,DEFERRED,6919.97,,,38
WO-OLTJMDXQ15ON,CA-IL-00000157,,2024-08-26,ROOFING,EMERGENCY,DEFERRED,13980.65,,,19
WO-YN7ST8CHWDR0,CA-IL-00000157,,2024-08-22,HVAC,MEDIUM,OPEN,4554.17,,,38
WO-HKY31YP9T01E,CA-IL-00000157,,2024-08-02,PLUMBING,EMERGENCY,COMPLETED,3359.49,8986.66,2024-08-06,4
WO-T0ZSUYC7E17V,CA-IL-00000157,,2024-08-08,HVAC,LOW,OPEN,2654.91,,,118
WO-LE38AV3V1YYU,CA-IL-00000157,,2024-09-13,LANDSCAPING,LOW,COMPLETED,12174.97,2303.55,2024-09-24,11
WO-8QLPPVQTRE36,CA-IL-00000157,,2024-09-19,PLUMBING,HIGH,OPEN,1750.06,,,117
WO-VV7CES8XMSYR,CA-IL-00000157,,2024-09-13,LANDSCAPING,MEDIUM,DEFERRED,11613.4,,,12
WO-IRZCNKANI0ST,CA-IL-00000157,,2024-09-03,PLUMBING,HIGH,COMPLETED,12165.12,3618.23,2024-09-04,1
WO-XVOSSOPBYN0X,CA-IL-00000157,,2024-09-18,ROOFING,LOW,OPEN,10907.59,,,129
WO-CNOVW8VHW23M,CA-IL-00000157,,2024-09-04,STRUCTURAL,MEDIUM,DEFERRED,11990.67,,,12
WO-Y05BKIL7E8P6,CA-IL-00000157,,2024-09-24,ELECTRICAL,HIGH,COMPLETED,4561.22,11678.05,2024-09-28,4
WO-6V4PQ2I9BY6Z,CA-IL-00000157,,2024-09-28,STRUCTURAL,MEDIUM,OPEN,5359.83,,,111
WO-UMZYYFIENMFX,CA-IL-00000157,,2024-10-13,PLUMBING,MEDIUM,COMPLETED,3747.51,4041.37,2024-10-25,12
WO-Y4VFKABPCNCS,CA-IL-00000157,,2024-10-15,HVAC,LOW,OPEN,5305.7,,,95
WO-46XFDU1EW9XX,CA-IL-00000157,,2024-10-19,PLUMBING,LOW,DEFERRED,456.49,,,18
WO-A07H90KFJWSL,CA-IL-00000157,,2024-10-13,PLUMBING,HIGH,OPEN,531.45,,,139
WO-0724687HODKA,CA-IL-00000157,,2024-11-01,PLUMBING,LOW,OPEN,10444.41,,,31
WO-6FKPYXLR1N73,CA-IL-00000157,,2024-11-17,ELEVATOR,MEDIUM,OPEN,4279.54,,,24
WO-SQ1GN26L60UZ,CA-IL-00000157,,2024-12-15,PLUMBING,MEDIUM,DEFERRED,14091.21,,,58
WO-AN517VXNHPUR,CA-IL-00000157,,2025-01-05,ELEVATOR,LOW,DEFERRED,328.44,,,461
WO-CHVPEGKA4Z4V,CA-IL-00000157,,2025-01-24,STRUCTURAL,MEDIUM,DEFERRED,1897.11,,,59
WO-C4C38HVIVXUX,CA-IL-00000157,,2025-01-17,ELECTRICAL,HIGH,COMPLETED,4525.15,10475.43,2025-01-22,5
WO-D957PG47GRZU,CA-IL-00000157,,2025-01-02,ELECTRICAL,LOW,OPEN,6742.06,,,133
WO-8MT9BCLS791Y,CA-IL-00000157,,2025-01-17,PLUMBING,LOW,OPEN,10866.85,,,65
WO-XM5BLPUUJZBK,CA-IL-00000157,,2025-01-24,HVAC,MEDIUM,COMPLETED,11935.22,2476.95,2025-02-01,8
WO-1XWILUNM5XED,CA-IL-00000157,,2025-01-13,HVAC,LOW,DEFERRED,7359.02,,,81
WO-CZBJBWWF7LSP,CA-IL-00000157,,2025-01-10,GENERAL,LOW,COMPLETED,2079.12,782.38,2025-01-31,21
WO-Y8ZJ9D2KNEDP,CA-IL-00000157,,2025-01-03,STRUCTURAL,HIGH,COMPLETED,14795.02,9170.23,2025-01-06,3
WO-NDVT5BBH6O44,CA-IL-00000157,,2025-02-21,PLUMBING,EMERGENCY,COMPLETED,9741.6,9791.05,2025-03-10,17
WO-VKB5EB3ZXIOU,CA-IL-00000157,,2025-02-23,ELECTRICAL,MEDIUM,DEFERRED,12619.6,,,63
WO-PBWQ486B8IN8,CA-IL-00000157,,2025-02-11,LANDSCAPING,MEDIUM,DEFERRED,13819.2,,,83
WO-06WW4XU1CVNQ,CA-IL-00000157,,2025-02-13,ROOFING,HIGH,DEFERRED,10045.86,,,34
WO-NPYOYRU90HCM,CA-IL-00000157,,2025-03-19,LANDSCAPING,HIGH,DEFERRED,3457.67,,,52
WO-PEDTSA02QAED,CA-IL-00000157,,2025-03-19,GENERAL,LOW,OPEN,3803.41,,,105
WO-A0Y2L07BFYLT,CA-IL-00000157,,2025-03-25,LANDSCAPING,LOW,COMPLETED,12295.8,10627.69,2025-04-11,17
WO-QRM1NUTC7JNU,CA-IL-00000157,,2025-03-18,STRUCTURAL,LOW,OPEN,12249.98,,,23
WO-FHJ1G3FLMOVA,CA-IL-00000157,,2025-03-05,GENERAL,LOW,DEFERRED,3680.95,,,52
WO-Z0Y23OLLL3CQ,CA-IL-00000157,,2025-04-27,ROOFING,EMERGENCY,DEFERRED,14554.59,,,138
WO-7DK6L8G0HXGP,CA-IL-00000157,,2025-04-13,GENERAL,MEDIUM,OPEN,14562.25,,,160
WO-F7X0QAF8IFWU,CA-IL-00000157,,2025-04-06,LANDSCAPING,HIGH,COMPLETED,14161.66,2268.22,2025-04-10,4
WO-5Z30LMYQJ46Z,CA-IL-00000157,,2025-04-24,LANDSCAPING,LOW,COMPLETED,8671.6,6230.65,2025-05-01,7
WO-SGTZWQ3PXE5L,CA-IL-00000157,,2025-04-09,PLUMBING,LOW,DEFERRED,13657.72,,,55
WO-8KRLNLOY7SI3,CA-IL-00000157,,2025-04-10,GENERAL,EMERGENCY,DEFERRED,10101.23,,,70
WO-5TQA3D9RFXAA,CA-IL-00000157,,2025-04-24,PLUMBING,MEDIUM,COMPLETED,12192.55,6420.36,2025-05-06,12
WO-TU9P04EBGR36,CA-IL-00000157,,2025-04-26,HVAC,HIGH,DEFERRED,1857.39,,,121
WO-O9MSQXFQYXC4,CA-IL-00000157,,2025-04-06,GENERAL,MEDIUM,COMPLETED,3049.44,4162.72,2025-04-16,10
WO-CT67MXP36230,CA-IL-00000157,,2025-05-13,HVAC,MEDIUM,COMPLETED,1149.83,4241.91,2025-05-14,1
WO-S4FVUWK7K8ZA,CA-IL-00000157,,2025-05-23,PLUMBING,MEDIUM,COMPLETED,11008.1,6578.48,2025-06-02,10
WO-VSHJ29MUL0NX,CA-IL-00000157,,2025-05-25,PLUMBING,HIGH,OPEN,10286.31,,,11
WO-1THBC7P9GPZL,CA-IL-00000157,,2025-05-28,ELECTRICAL,MEDIUM,COMPLETED,1019.13,9369.29,2025-05-31,3
WO-S8939C0S246N,CA-IL-00000157,,2025-05-09,ELEVATOR,HIGH,COMPLETED,13268.2,11617.18,2025-05-12,3
WO-ZXKCIE6BONK3,CA-IL-00000157,,2025-05-12,ELECTRICAL,HIGH,COMPLETED,916.12,7589.76,2025-05-18,6
WO-5B43Y5OCFZ4G,CA-IL-00000157,,2025-05-11,ELECTRICAL,MEDIUM,DEFERRED,3023.68,,,19
WO-R8HWMSWZKH6F,CA-IL-00000157,,2025-05-12,PLUMBING,MEDIUM,COMPLETED,13675.03,8526.89,2025-05-14,2
WO-R9MKFNYS3MVQ,CA-IL-00000157,,2025-06-24,LANDSCAPING,MEDIUM,DEFERRED,6430.63,,,43
WO-1YJTFCU0DOH5,CA-IL-00000157,,2025-06-26,GENERAL,MEDIUM,COMPLETED,3448.71,11541.8,2025-07-13,17
WO-FR5O125S372D,CA-IL-00000157,,2025-06-09,ELECTRICAL,EMERGENCY,DEFERRED,4703.66,,,31
WO-UMJWQ0Q38DAJ,CA-IL-00000157,,2025-06-22,LANDSCAPING,LOW,OPEN,3283.87,,,20
WO-GA8U0C5HGJBG,CA-IL-00000157,,2025-06-13,ROOFING,LOW,OPEN,3412.51,,,35
WO-6G520FKW6CMK,CA-IL-00000157,,2025-06-19,PLUMBING,LOW,OPEN,2231.88,,,17
WO-VY0OGUY6PGIN,CA-IL-00000157,,2025-06-08,STRUCTURAL,EMERGENCY,DEFERRED,5186.59,,,290
WO-YB6JB1YU5UYN,CA-IL-00000157,,2025-06-02,LANDSCAPING,HIGH,DEFERRED,9041.97,,,53
WO-RV33BDCK9R69,CA-TX-00000158,,2024-01-19,HVAC,MEDIUM,COMPLETED,875.8,2061.95,2024-01-31,12
WO-VOCRWHIQ5PQW,CA-TX-00000158,,2024-02-28,HVAC,MEDIUM,COMPLETED,12934.29,3598.58,2024-03-08,9
WO-AMMDOXJ54JTO,CA-TX-00000158,,2024-03-24,HVAC,MEDIUM,COMPLETED,10208.61,2987.4,2024-03-25,1
WO-8LIIAV9UZHR0,CA-TX-00000158,,2024-04-01,HVAC,MEDIUM,COMPLETED,2506.88,11760.82,2024-04-17,16
WO-HTMIMEP49L2J,CA-TX-00000158,,2024-05-13,LANDSCAPING,EMERGENCY,DEFERRED,3326.03,,,32
WO-OLWPKVJN2D1R,CA-TX-00000158,,2024-05-28,GENERAL,HIGH,COMPLETED,1507.47,3765.03,2024-06-11,14
WO-D2M99F5KUGXD,CA-TX-00000158,,2024-07-10,HVAC,LOW,COMPLETED,8563.62,5089.6,2024-07-23,13
WO-780N7UWKKYVK,CA-TX-00000158,,2024-09-01,PLUMBING,MEDIUM,COMPLETED,10690.0,11654.85,2024-09-07,6
WO-76VEONKI1LC3,CA-TX-00000158,,2024-10-27,GENERAL,MEDIUM,COMPLETED,10723.24,770.57,2024-11-04,8
WO-H8KBT6XJI93U,CA-TX-00000158,,2024-11-10,HVAC,MEDIUM,DEFERRED,12396.61,,,13
WO-I8UL8BQ0C4QC,CA-TX-00000158,,2024-12-06,HVAC,MEDIUM,COMPLETED,11683.08,10900.22,2024-12-26,20
WO-6268E1ZW5NX9,CA-TX-00000158,,2025-01-07,HVAC,HIGH,COMPLETED,10447.41,6310.57,2025-01-13,6
WO-G74KCASLHDHY,CA-TX-00000158,,2025-02-07,ROOFING,HIGH,COMPLETED,3756.5,10240.03,2025-02-16,9
WO-0DIRMLRLNK2B,CA-TX-00000158,,2025-03-09,LANDSCAPING,MEDIUM,COMPLETED,3519.55,3053.19,2025-03-24,15
WO-J3HKBPYG6B7U,CA-TX-00000158,,2025-04-18,HVAC,LOW,COMPLETED,3898.28,5795.39,2025-04-23,5
WO-LDS0OQGFB99N,CA-TX-00000158,,2025-04-10,LANDSCAPING,MEDIUM,COMPLETED,14375.67,9658.68,2025-04-30,20
WO-IXWZFY6601UI,CA-TX-00000158,,2025-05-28,GENERAL,MEDIUM,OPEN,599.95,,,160
WO-OPQVJXN0HXOQ,CA-TX-00000158,,2025-05-26,HVAC,MEDIUM,COMPLETED,5195.2,9549.99,2025-06-13,18
WO-4XWC6O94I337,CA-TX-00000158,,2025-06-14,HVAC,MEDIUM,COMPLETED,2921.3,11452.23,2025-06-16,2
WO-TATJ6GKLE0Z6,CA-TX-00000158,,2025-06-21,ELECTRICAL,MEDIUM,COMPLETED,807.58,10979.0,2025-06-29,8
WO-55KCSV9YIGCL,CA-AZ-00000159,,2024-01-25,HVAC,EMERGENCY,COMPLETED,5102.23,11722.6,2024-01-31,6
WO-LE8VZM1FBQTJ,CA-AZ-00000159,,2024-02-10,STRUCTURAL,MEDIUM,DEFERRED,8781.19,,,109
WO-ZH23VIGFI52Q,CA-AZ-00000159,,2024-03-15,ELEVATOR,MEDIUM,COMPLETED,11596.28,5150.95,2024-03-30,15
WO-UN3LOOG5V8R8,CA-AZ-00000159,,2024-05-03,PLUMBING,LOW,COMPLETED,7707.24,11599.33,2024-05-09,6
WO-4YVIMWJPTDEL,CA-AZ-00000159,,2024-06-28,PLUMBING,LOW,COMPLETED,837.56,9540.24,2024-07-17,19
WO-89703MUWS75D,CA-AZ-00000159,,2024-08-16,GENERAL,LOW,COMPLETED,9139.3,10033.86,2024-09-01,16
WO-2DQ7WUXDPWGS,CA-AZ-00000159,,2024-08-25,PLUMBING,LOW,COMPLETED,11879.3,11966.71,2024-09-02,8
WO-JXGJBIFG05OL,CA-AZ-00000159,,2024-09-18,GENERAL,LOW,COMPLETED,14250.16,4214.14,2024-10-02,14
WO-MS7RT1OBOHR2,CA-AZ-00000159,,2024-10-07,LANDSCAPING,HIGH,COMPLETED,4002.88,5467.54,2024-10-10,3
WO-HPD1ABWUNP15,CA-AZ-00000159,,2024-10-10,LANDSCAPING,LOW,COMPLETED,14701.89,909.51,2024-10-26,16
WO-6C5SMBW886TZ,CA-AZ-00000159,,2025-01-20,ELECTRICAL,MEDIUM,COMPLETED,6950.12,10919.52,2025-01-28,8
WO-SZK5Y8OD2IU7,CA-AZ-00000159,,2025-02-01,ELEVATOR,EMERGENCY,OPEN,14334.56,,,75
WO-LRXW6G4GL0SP,CA-AZ-00000159,,2025-02-07,HVAC,LOW,DEFERRED,5574.35,,,69
WO-PCQR78P6BMRD,CA-AZ-00000159,,2025-05-15,LANDSCAPING,MEDIUM,COMPLETED,6821.13,5935.76,2025-06-03,19
WO-E9DNJBPILWDE,CA-FL-00000160,,2024-01-21,ELEVATOR,MEDIUM,DEFERRED,745.38,,,81
WO-R9J5GCM6DWZN,CA-FL-00000160,,2024-01-06,ROOFING,MEDIUM,COMPLETED,11025.95,10624.54,2024-01-21,15
WO-N1SC3CU1CSS2,CA-FL-00000160,,2024-02-21,STRUCTURAL,LOW,OPEN,3887.88,,,197
WO-WJEU1FINL0FH,CA-FL-00000160,,2024-03-07,LANDSCAPING,LOW,COMPLETED,2876.78,8917.53,2024-03-24,17
WO-E4AJ4JSKZ8OF,CA-FL-00000160,,2024-03-22,STRUCTURAL,MEDIUM,COMPLETED,3700.72,8558.84,2024-03-31,9
WO-WEVTS3KUT22G,CA-FL-00000160,,2024-03-27,PLUMBING,MEDIUM,COMPLETED,13745.79,3698.97,2024-04-16,20
WO-LZBEL9S39TY8,CA-FL-00000160,,2024-03-01,ELEVATOR,HIGH,DEFERRED,327.86,,,15
WO-3M3QI7GHHK49,CA-FL-00000160,,2024-04-11,HVAC,LOW,DEFERRED,7410.27,,,8
WO-HS3FS1F7OREX,CA-FL-00000160,,2024-05-22,STRUCTURAL,MEDIUM,COMPLETED,10897.57,5172.18,2024-06-06,15
WO-57JP084WE41M,CA-FL-00000160,,2024-06-12,HVAC,LOW,COMPLETED,1962.45,7847.25,2024-06-21,9
WO-G7A1KCR4T0RZ,CA-FL-00000160,,2024-06-04,HVAC,LOW,COMPLETED,10245.98,7549.4,2024-06-05,1
WO-SZQUABIOBM9G,CA-FL-00000160,,2024-06-02,HVAC,MEDIUM,COMPLETED,9488.58,8759.02,2024-06-21,19
WO-BP3AS6RGEZKS,CA-FL-00000160,,2024-07-28,LANDSCAPING,HIGH,COMPLETED,3899.49,10490.85,2024-07-29,1
WO-QQ1P4U36DVDF,CA-FL-00000160,,2024-07-06,PLUMBING,MEDIUM,COMPLETED,13813.88,2650.04,2024-07-26,20
WO-8V8B79GQYO0Y,CA-FL-00000160,,2024-08-16,STRUCTURAL,MEDIUM,COMPLETED,7466.48,3309.32,2024-09-05,20
WO-YXUMEG9KO47P,CA-FL-00000160,,2024-08-01,PLUMBING,MEDIUM,COMPLETED,12878.52,649.18,2024-08-19,18
WO-BSY1AKRJKV7W,CA-FL-00000160,,2024-08-17,HVAC,EMERGENCY,COMPLETED,9819.35,2990.96,2024-09-03,17
WO-Z773TC6D8OV8,CA-FL-00000160,,2024-10-26,ELEVATOR,MEDIUM,COMPLETED,12654.05,3019.22,2024-10-27,1
WO-NHMA4H962OKI,CA-FL-00000160,,2024-10-01,LANDSCAPING,HIGH,COMPLETED,600.86,3442.19,2024-10-08,7
WO-MTE4FEPCG64N,CA-FL-00000160,,2024-10-25,ELECTRICAL,EMERGENCY,COMPLETED,9317.24,10743.66,2024-11-09,15
WO-8WJ5A1C8K8X1,CA-FL-00000160,,2024-11-02,ELECTRICAL,MEDIUM,COMPLETED,2372.45,4713.86,2024-11-13,11
WO-TZFJUNBNGU9A,CA-FL-00000160,,2024-11-27,PLUMBING,MEDIUM,COMPLETED,690.29,7404.74,2024-12-15,18
WO-2PAAJSSD6RHF,CA-FL-00000160,,2024-12-11,LANDSCAPING,MEDIUM,COMPLETED,12837.52,1316.55,2024-12-30,19
WO-2ZYB1TTRC22G,CA-FL-00000160,,2024-12-27,LANDSCAPING,HIGH,COMPLETED,6418.88,3548.92,2025-01-12,16
WO-2A9IITU30YB9,CA-FL-00000160,,2025-01-26,LANDSCAPING,MEDIUM,COMPLETED,1867.68,8037.09,2025-02-03,8
WO-N1XDDAAE47BI,CA-FL-00000160,,2025-01-23,ROOFING,LOW,COMPLETED,3769.98,2899.64,2025-02-05,13
WO-KOFGAYTJSSZX,CA-FL-00000160,,2025-02-07,ELEVATOR,MEDIUM,COMPLETED,3187.3,3051.57,2025-02-28,21
WO-KXCJU897ZO2F,CA-FL-00000160,,2025-03-16,HVAC,MEDIUM,OPEN,13279.31,,,118
WO-6JZRM1Z80ZD8,CA-FL-00000160,,2025-04-25,LANDSCAPING,HIGH,OPEN,11490.86,,,126
WO-CI5BVFIHD0YN,CA-FL-00000160,,2025-04-28,PLUMBING,MEDIUM,COMPLETED,2255.54,10848.26,2025-05-16,18
WO-3O9AX2EAOIP9,CA-FL-00000160,,2025-04-13,ROOFING,LOW,COMPLETED,2279.93,3107.98,2025-04-15,2
WO-QSN4XZ91HFCU,CA-FL-00000160,,2025-05-16,ELECTRICAL,MEDIUM,COMPLETED,4769.18,330.56,2025-05-29,13
WO-KL8G897AN0HU,CA-FL-00000160,,2025-05-02,GENERAL,HIGH,DEFERRED,11951.13,,,61
WO-PTW2YT5TVNL4,CA-FL-00000160,,2025-05-11,LANDSCAPING,MEDIUM,COMPLETED,14120.15,7129.15,2025-05-21,10
WO-4C49NW2NSGYP,CA-GA-00000161,,2024-01-01,PLUMBING,HIGH,OPEN,1356.31,,,53
WO-MT971WSYB13V,CA-GA-00000161,,2024-01-14,GENERAL,MEDIUM,COMPLETED,2544.64,9904.03,2024-01-28,14
WO-BIYCWVGU5BR9,CA-GA-00000161,,2024-01-09,STRUCTURAL,LOW,COMPLETED,5932.69,5689.83,2024-01-30,21
WO-0ZDPIA5KLF7P,CA-GA-00000161,,2024-01-19,ELECTRICAL,HIGH,COMPLETED,2702.07,4632.9,2024-02-03,15
WO-38CIA7CXVMNH,CA-GA-00000161,,2024-02-11,HVAC,MEDIUM,DEFERRED,3366.74,,,94
WO-BT80OKLN3MZV,CA-GA-00000161,,2024-02-05,LANDSCAPING,MEDIUM,OPEN,6016.54,,,186
WO-CPX5ETK5WBC2,CA-GA-00000161,,2024-02-13,LANDSCAPING,LOW,OPEN,6298.77,,,88
WO-X91VJ3AWBW3G,CA-GA-00000161,,2024-02-03,HVAC,HIGH,OPEN,8225.1,,,30
WO-B7V2ITVRSZ6H,CA-GA-00000161,,2024-02-08,GENERAL,MEDIUM,OPEN,14412.36,,,59
WO-O3QQOGG7W957,CA-GA-00000161,,2024-02-23,PLUMBING,LOW,COMPLETED,13952.79,10729.3,2024-02-29,6
WO-I3ZGGKL5T4QP,CA-GA-00000161,,2024-02-28,GENERAL,MEDIUM,OPEN,13885.99,,,65
WO-E4IFJMJNOX4D,CA-GA-00000161,,2024-02-07,GENERAL,LOW,COMPLETED,2546.33,1867.37,2024-02-21,14
WO-UXW4UM0SOYW6,CA-GA-00000161,,2024-02-21,LANDSCAPING,HIGH,DEFERRED,9964.15,,,25
WO-36ROGID0EZQK,CA-GA-00000161,,2024-03-26,PLUMBING,HIGH,COMPLETED,7164.7,3981.03,2024-04-05,10
WO-81EVFM1TSI3W,CA-GA-00000161,,2024-03-24,HVAC,MEDIUM,COMPLETED,14484.78,9279.65,2024-04-11,18
WO-QTGEKO1ULP54,CA-GA-00000161,,2024-03-06,PLUMBING,MEDIUM,COMPLETED,11236.9,6888.12,2024-03-23,17
WO-8JRIAODCYYSM,CA-GA-00000161,,2024-03-23,ROOFING,MEDIUM,OPEN,4103.91,,,46
WO-298EBTCJMUQJ,CA-GA-00000161,,2024-04-28,PLUMBING,MEDIUM,DEFERRED,10341.49,,,10
WO-OZRWGGT7EF7M,CA-GA-00000161,,2024-04-07,HVAC,LOW,DEFERRED,7314.59,,,143
WO-XZN66TTQKO3S,CA-GA-00000161,,2024-04-21,GENERAL,LOW,DEFERRED,1994.72,,,25
WO-ZDQC2TBZ6K1I,CA-GA-00000161,,2024-04-22,HVAC,HIGH,COMPLETED,12667.24,3618.84,2024-05-11,19
WO-169DY481V3S0,CA-GA-00000161,,2024-04-21,GENERAL,MEDIUM,COMPLETED,4704.62,5491.65,2024-05-03,12
WO-V1K6YEW96ROL,CA-GA-00000161,,2024-04-08,ELECTRICAL,LOW,COMPLETED,9650.5,8469.29,2024-04-19,11
WO-2N7QNDTZSA81,CA-GA-00000161,,2024-04-13,GENERAL,LOW,COMPLETED,1931.45,7346.38,2024-04-22,9
WO-4VCZ58SOWV8L,CA-GA-00000161,,2024-04-04,HVAC,LOW,COMPLETED,14901.22,11629.79,2024-04-23,19
WO-0W2TS0M5NHWW,CA-GA-00000161,,2024-04-07,ROOFING,EMERGENCY,OPEN,4147.14,,,18
WO-XOCIW29KIK0X,CA-GA-00000161,,2024-05-06,LANDSCAPING,HIGH,COMPLETED,5715.18,5379.18,2024-05-18,12
WO-58VTOORU6WHD,CA-GA-00000161,,2024-05-07,HVAC,HIGH,COMPLETED,12105.28,1738.33,2024-05-16,9
WO-AG58FAARRK05,CA-GA-00000161,,2024-05-15,HVAC,LOW,COMPLETED,4124.33,6493.7,2024-06-04,20
WO-FHCXY5726QAK,CA-GA-00000161,,2024-05-20,ROOFING,LOW,COMPLETED,10624.47,9402.7,2024-05-24,4
WO-0A5KIT2A3OD1,CA-GA-00000161,,2024-05-03,HVAC,HIGH,DEFERRED,8473.95,,,98
WO-V4RDYIL6XUT5,CA-GA-00000161,,2024-05-18,HVAC,LOW,DEFERRED,1835.15,,,148
WO-AEKCTCKEQ0I0,CA-GA-00000161,,2024-05-28,GENERAL,MEDIUM,COMPLETED,7589.34,3930.28,2024-06-11,14
WO-MDBE6UTHRIE1,CA-GA-00000161,,2024-05-15,HVAC,HIGH,COMPLETED,6270.19,11636.04,2024-05-22,7
WO-HRETU5RZY0JP,CA-GA-00000161,,2024-06-14,HVAC,LOW,DEFERRED,2524.04,,,283
WO-68IPGJPEWURV,CA-GA-00000161,,2024-06-24,ELECTRICAL,MEDIUM,COMPLETED,8238.08,5290.3,2024-07-08,14
WO-1PFMJQ3TCVXB,CA-GA-00000161,,2024-06-01,ELECTRICAL,MEDIUM,OPEN,5551.67,,,85
WO-LBC7AUEIWP6K,CA-GA-00000161,,2024-06-13,ROOFING,MEDIUM,OPEN,3040.63,,,48
WO-DF56K9TR8QPA,CA-GA-00000161,,2024-06-04,ELEVATOR,HIGH,COMPLETED,12621.48,1827.39,2024-06-19,15
WO-ULLF9FUYAIAQ,CA-GA-00000161,,2024-06-21,PLUMBING,LOW,OPEN,11256.76,,,71
WO-XP7SFLF6GFZF,CA-GA-00000161,,2024-06-11,LANDSCAPING,MEDIUM,DEFERRED,8837.87,,,147
WO-7YKNXXL44MLU,CA-GA-00000161,,2024-07-25,HVAC,HIGH,DEFERRED,11270.65,,,32
WO-WCW8HDI9L23K,CA-GA-00000161,,2024-07-17,STRUCTURAL,LOW,OPEN,13151.43,,,42
WO-UQOID3ARXRO7,CA-GA-00000161,,2024-07-17,PLUMBING,MEDIUM,OPEN,2621.97,,,10
WO-34XOOWPLEEG8,CA-GA-00000161,,2024-08-06,GENERAL,MEDIUM,COMPLETED,9738.82,3914.01,2024-08-11,5
WO-YAQLVE0BHK80,CA-GA-00000161,,2024-08-23,LANDSCAPING,MEDIUM,DEFERRED,10512.65,,,12
WO-8SG14Z3K63X7,CA-GA-00000161,,2024-08-01,STRUCTURAL,LOW,DEFERRED,4090.59,,,56
WO-QEEMLNDPAON6,CA-GA-00000161,,2024-08-15,GENERAL,MEDIUM,COMPLETED,6537.4,7681.39,2024-08-30,15
WO-49G5G6NKL2X8,CA-GA-00000161,,2024-08-20,LANDSCAPING,MEDIUM,COMPLETED,3292.23,5715.02,2024-08-26,6
WO-6E8DS2160YBI,CA-GA-00000161,,2024-09-01,PLUMBING,MEDIUM,OPEN,6692.07,,,37
WO-732E0E756G9W,CA-GA-00000161,,2024-09-27,ELECTRICAL,LOW,COMPLETED,12256.49,3336.09,2024-10-06,9
WO-O83C4WMUJG0D,CA-GA-00000161,,2024-09-19,GENERAL,HIGH,COMPLETED,1934.23,1563.5,2024-09-22,3
WO-4BVGOOD1FC2T,CA-GA-00000161,,2024-09-13,LANDSCAPING,LOW,OPEN,6454.73,,,208
WO-3T3RSI83G4SA,CA-GA-00000161,,2024-09-08,PLUMBING,EMERGENCY,DEFERRED,3267.55,,,16
WO-VYFVKRKXMBB0,CA-GA-00000161,,2024-09-12,GENERAL,MEDIUM,OPEN,2931.71,,,141
WO-NMMLOSN3GXQX,CA-GA-00000161,,2024-09-27,ELECTRICAL,LOW,OPEN,13870.27,,,93
WO-PMAEZRTRFEXC,CA-GA-00000161,,2024-10-21,HVAC,MEDIUM,COMPLETED,2413.78,8119.51,2024-11-11,21
WO-6L11KIAMNKUJ,CA-GA-00000161,,2024-11-28,GENERAL,LOW,COMPLETED,10109.01,11639.04,2024-12-03,5
WO-BJU0LMHT8OAD,CA-GA-00000161,,2024-11-14,GENERAL,MEDIUM,DEFERRED,7554.46,,,51
WO-6EA4G5MOPE5F,CA-GA-00000161,,2024-11-23,GENERAL,LOW,COMPLETED,4965.16,10328.27,2024-12-09,16
WO-OQT2VUJ9NU5H,CA-GA-00000161,,2024-11-04,ELECTRICAL,HIGH,COMPLETED,7678.38,7197.93,2024-11-21,17
WO-UM13JG8Y32Q1,CA-GA-00000161,,2024-11-05,HVAC,LOW,COMPLETED,8821.31,1001.89,2024-11-18,13
WO-580TSPOD6JR9,CA-GA-00000161,,2024-11-11,STRUCTURAL,MEDIUM,OPEN,9330.52,,,27
WO-353JDKC0T2UX,CA-GA-00000161,,2024-11-19,ROOFING,MEDIUM,COMPLETED,11317.68,3730.54,2024-11-30,11
WO-IWVILXDKXUST,CA-GA-00000161,,2024-11-05,GENERAL,MEDIUM,DEFERRED,13934.99,,,17
WO-44JIDVRESKQG,CA-GA-00000161,,2024-11-15,ELECTRICAL,HIGH,COMPLETED,509.29,11672.04,2024-11-30,15
WO-NOIUEGOLZV8L,CA-GA-00000161,,2024-11-17,LANDSCAPING,HIGH,DEFERRED,14637.79,,,45
WO-4MDJVCRAAZIM,CA-GA-00000161,,2024-11-17,GENERAL,LOW,COMPLETED,7597.8,1794.4,2024-11-24,7
WO-PCK1LX6EC5PY,CA-GA-00000161,,2024-12-23,PLUMBING,MEDIUM,COMPLETED,1684.91,9689.06,2024-12-26,3
WO-G1CL3CU0N1G4,CA-GA-00000161,,2024-12-15,HVAC,HIGH,OPEN,924.33,,,59
WO-IUNCOS0E3ZYV,CA-GA-00000161,,2024-12-14,HVAC,HIGH,COMPLETED,4664.39,10694.0,2024-12-23,9
WO-0Y0KYEHGC6UK,CA-GA-00000161,,2024-12-01,HVAC,HIGH,COMPLETED,13517.56,1829.53,2024-12-06,5
WO-Q23YIBQJVHEY,CA-GA-00000161,,2024-12-24,ELECTRICAL,MEDIUM,COMPLETED,12806.69,6666.33,2025-01-03,10
WO-T7VF8MPOAF5A,CA-GA-00000161,,2025-01-24,LANDSCAPING,HIGH,OPEN,9322.42,,,90
WO-DA1HQOYMM9X9,CA-GA-00000161,,2025-01-04,PLUMBING,HIGH,OPEN,4745.39,,,40
WO-5Y1IJQ0YUD09,CA-GA-00000161,,2025-01-28,HVAC,MEDIUM,OPEN,12349.13,,,11
WO-DJZ45EZ68FQ6,CA-GA-00000161,,2025-01-01,ELECTRICAL,MEDIUM,OPEN,893.58,,,48
WO-RSP2NBF9WNOH,CA-GA-00000161,,2025-03-21,ROOFING,MEDIUM,DEFERRED,5136.28,,,24
WO-8O8ZC3RSQ1OJ,CA-GA-00000161,,2025-03-20,GENERAL,LOW,COMPLETED,7645.1,5833.45,2025-04-07,18
WO-ROSEPWLG0LPM,CA-GA-00000161,,2025-03-20,LANDSCAPING,EMERGENCY,DEFERRED,6559.61,,,62
WO-DW8D2DYDNSQC,CA-GA-00000161,,2025-03-18,ROOFING,LOW,DEFERRED,3167.69,,,156
WO-6X6DQGNV1PIM,CA-GA-00000161,,2025-03-08,LANDSCAPING,HIGH,COMPLETED,12243.1,2525.91,2025-03-09,1
WO-2HL4CYFN5123,CA-GA-00000161,,2025-03-22,GENERAL,HIGH,COMPLETED,8859.99,7288.1,2025-03-23,1
WO-N2F1H1MXA11C,CA-GA-00000161,,2025-04-02,LANDSCAPING,HIGH,COMPLETED,5759.99,1098.9,2025-04-11,9
WO-KZ3X5DFD28OD,CA-GA-00000161,,2025-04-12,ELEVATOR,MEDIUM,DEFERRED,11509.68,,,127
WO-PYSZY1ZWN1EU,CA-GA-00000161,,2025-04-12,LANDSCAPING,EMERGENCY,OPEN,3667.62,,,38
WO-YLEF5BGXCPDU,CA-GA-00000161,,2025-05-15,PLUMBING,MEDIUM,DEFERRED,1808.68,,,40
WO-5Z2VNGK9AXCB,CA-GA-00000161,,2025-05-21,ROOFING,HIGH,OPEN,2537.96,,,27
WO-B2KB2BX5HFWD,CA-GA-00000161,,2025-05-20,HVAC,LOW,COMPLETED,9922.77,8437.82,2025-05-23,3
WO-YCKNI1EAMGWB,CA-GA-00000161,,2025-05-27,HVAC,HIGH,OPEN,4107.49,,,94
WO-M865CFEE798P,CA-GA-00000161,,2025-05-01,PLUMBING,MEDIUM,COMPLETED,6377.86,9003.92,2025-05-21,20
WO-XM41NQPPOE0O,CA-GA-00000161,,2025-05-02,ELECTRICAL,HIGH,DEFERRED,14460.88,,,38
WO-3G690HHPHXNF,CA-GA-00000161,,2025-05-13,GENERAL,MEDIUM,COMPLETED,10630.17,7741.84,2025-05-18,5
WO-D14958C7MEB1,CA-GA-00000161,,2025-05-15,ELECTRICAL,MEDIUM,COMPLETED,9517.63,4018.47,2025-05-16,1
WO-MLHK8EEMKGDT,CA-GA-00000161,,2025-05-27,HVAC,MEDIUM,DEFERRED,2270.88,,,27
WO-7OFEAC5DTW8R,CA-GA-00000161,,2025-06-21,HVAC,MEDIUM,COMPLETED,990.59,10483.62,2025-06-22,1
WO-2AYN5ZXYPWHA,CA-GA-00000161,,2025-06-07,STRUCTURAL,MEDIUM,COMPLETED,8561.24,1406.07,2025-06-15,8
WO-3I566WGOKPY4,CA-GA-00000161,,2025-06-24,STRUCTURAL,MEDIUM,DEFERRED,8287.11,,,52
WO-JHAJ2JQVG6O5,CA-GA-00000161,,2025-06-17,ELECTRICAL,HIGH,COMPLETED,2759.97,9452.14,2025-06-24,7
WO-T77GDCLBBQIT,CA-PA-00000162,,2024-01-01,PLUMBING,HIGH,DEFERRED,1391.52,,,11
WO-NDOLDAI6L93D,CA-PA-00000162,,2024-01-05,GENERAL,LOW,DEFERRED,8884.14,,,55
WO-R9I4MAQY6W24,CA-PA-00000162,,2024-01-24,ROOFING,MEDIUM,COMPLETED,11767.01,8977.72,2024-02-01,8
WO-FHRW77E7FWJA,CA-PA-00000162,,2024-01-01,ELECTRICAL,LOW,COMPLETED,11575.13,9602.1,2024-01-16,15
WO-2EZT1QZK7BGJ,CA-PA-00000162,,2024-02-07,ELEVATOR,LOW,COMPLETED,13368.27,7619.07,2024-02-18,11
WO-98NGCLIO5B8W,CA-PA-00000162,,2024-02-07,LANDSCAPING,MEDIUM,OPEN,5688.59,,,63
WO-A5UD4F099DGP,CA-PA-00000162,,2024-02-12,GENERAL,MEDIUM,COMPLETED,3002.68,5175.78,2024-02-15,3
WO-EQ9VUM7SAAQ8,CA-PA-00000162,,2024-03-03,PLUMBING,LOW,COMPLETED,7916.11,2815.55,2024-03-07,4
WO-1IK3EFO5022Z,CA-PA-00000162,,2024-03-12,LANDSCAPING,MEDIUM,COMPLETED,8447.54,5453.6,2024-04-01,20
WO-6D6PVR3XNIYL,CA-PA-00000162,,2024-03-14,GENERAL,LOW,COMPLETED,5629.23,1778.5,2024-03-30,16
WO-BQ0SXVIJU7GX,CA-PA-00000162,,2024-03-23,STRUCTURAL,HIGH,COMPLETED,5300.24,9449.05,2024-04-12,20
WO-QZCS6QHZFUKQ,CA-PA-00000162,,2024-04-24,LANDSCAPING,MEDIUM,COMPLETED,1238.41,5162.58,2024-05-14,20
WO-EI5AFG60TQ28,CA-PA-00000162,,2024-04-06,HVAC,HIGH,COMPLETED,10271.55,478.37,2024-04-16,10
WO-RFO4YNDMM6CH,CA-PA-00000162,,2024-05-24,ROOFING,HIGH,DEFERRED,7839.27,,,87
WO-GVD45S89473X,CA-PA-00000162,,2024-05-12,PLUMBING,MEDIUM,COMPLETED,8487.47,1133.99,2024-05-28,16
WO-4PXEDK55LGC8,CA-PA-00000162,,2024-06-08,STRUCTURAL,MEDIUM,COMPLETED,12002.99,5013.86,2024-06-19,11
WO-6SCCV36QGTG3,CA-PA-00000162,,2024-06-04,GENERAL,LOW,COMPLETED,10358.92,8483.73,2024-06-25,21
WO-A3XM5LYQELEN,CA-PA-00000162,,2024-07-16,ELECTRICAL,LOW,COMPLETED,7858.78,4864.25,2024-08-04,19
WO-9XDTF99XA7KP,CA-PA-00000162,,2024-07-07,ELEVATOR,HIGH,COMPLETED,6967.4,6614.18,2024-07-25,18
WO-369IP1WCAV20,CA-PA-00000162,,2024-08-15,PLUMBING,HIGH,COMPLETED,2310.26,7024.65,2024-08-31,16
WO-P34Z0PGMJ7OC,CA-PA-00000162,,2024-08-08,ROOFING,HIGH,COMPLETED,4736.86,9635.79,2024-08-26,18
WO-7R1Q7S9JV7SD,CA-PA-00000162,,2024-08-03,PLUMBING,HIGH,COMPLETED,6691.07,2535.13,2024-08-05,2
WO-IJ7R8JHW7UK0,CA-PA-00000162,,2024-09-21,ELECTRICAL,LOW,COMPLETED,4228.77,8350.48,2024-09-23,2
WO-5R1EOTJNKER6,CA-PA-00000162,,2024-10-02,PLUMBING,MEDIUM,DEFERRED,11630.79,,,35
WO-NHUH3TKX9M6X,CA-PA-00000162,,2024-11-08,ELECTRICAL,HIGH,OPEN,2186.27,,,4
WO-PRLG7F8ECTJS,CA-PA-00000162,,2024-11-05,ELECTRICAL,HIGH,COMPLETED,14315.97,11930.56,2024-11-07,2
WO-3Z5A83UJTJFB,CA-PA-00000162,,2024-11-02,HVAC,LOW,COMPLETED,14348.57,3815.03,2024-11-05,3
WO-O3901A5E8NLI,CA-PA-00000162,,2024-11-06,PLUMBING,MEDIUM,COMPLETED,790.77,10975.93,2024-11-14,8
WO-6IDZEMQHTCNO,CA-PA-00000162,,2024-12-02,LANDSCAPING,LOW,COMPLETED,11910.5,5331.06,2024-12-10,8
WO-O3G6V7CMC8HS,CA-PA-00000162,,2024-12-02,PLUMBING,EMERGENCY,COMPLETED,10553.4,800.79,2024-12-03,1
WO-N7FF22XNV3DI,CA-PA-00000162,,2024-12-27,LANDSCAPING,LOW,OPEN,8902.75,,,56
WO-KYX7OPXRXQEM,CA-PA-00000162,,2025-02-17,PLUMBING,EMERGENCY,COMPLETED,3567.68,2180.7,2025-03-09,20
WO-V2CQSG9R5J6S,CA-PA-00000162,,2025-02-05,ELEVATOR,MEDIUM,COMPLETED,529.47,6516.57,2025-02-22,17
WO-Y70X3VLXH6ZY,CA-PA-00000162,,2025-02-27,HVAC,MEDIUM,COMPLETED,14841.4,7205.28,2025-03-08,9
WO-JZF0DV8MPL9T,CA-PA-00000162,,2025-03-05,PLUMBING,HIGH,COMPLETED,8484.37,6904.32,2025-03-13,8
WO-Z6XHAK0DYZ63,CA-PA-00000162,,2025-03-23,HVAC,HIGH,COMPLETED,2708.96,8775.02,2025-04-04,12
WO-YBRANQWI5UOZ,CA-PA-00000162,,2025-03-21,STRUCTURAL,MEDIUM,COMPLETED,7582.36,9892.39,2025-03-26,5
WO-95C67ZLX3K4O,CA-PA-00000162,,2025-04-09,HVAC,MEDIUM,OPEN,7034.51,,,6
WO-XT7AVAUQY8BY,CA-PA-00000162,,2025-04-23,ELECTRICAL,HIGH,DEFERRED,2250.39,,,162
WO-JGCFPA9VXWDU,CA-PA-00000162,,2025-04-13,LANDSCAPING,MEDIUM,COMPLETED,3756.92,8236.51,2025-04-26,13
WO-W1G9I0NDXZV4,CA-PA-00000162,,2025-05-04,ELEVATOR,LOW,DEFERRED,12567.4,,,94
WO-VEJUNZSMGO6X,CA-PA-00000162,,2025-06-01,STRUCTURAL,HIGH,DEFERRED,13456.33,,,27
WO-8YS36PSY4DA3,CA-PA-00000162,,2025-06-20,ELEVATOR,MEDIUM,COMPLETED,8334.15,6921.42,2025-06-23,3
WO-B8TN814KS5ZM,CA-PA-00000162,,2025-06-15,LANDSCAPING,LOW,COMPLETED,1241.78,4998.81,2025-06-18,3
WO-FFO43AO45M8E,CA-FL-00000163,,2024-01-20,HVAC,MEDIUM,DEFERRED,990.92,,,40
WO-RMEG1JPRW2AC,CA-FL-00000163,,2024-01-24,GENERAL,MEDIUM,COMPLETED,1194.82,9923.47,2024-02-13,20
WO-RGQ56YZTKIIH,CA-FL-00000163,,2024-01-14,LANDSCAPING,MEDIUM,COMPLETED,1318.21,11485.35,2024-01-31,17
WO-9392P731YKA5,CA-FL-00000163,,2024-03-25,HVAC,MEDIUM,COMPLETED,9517.85,8745.37,2024-04-14,20
WO-4KSRZVB151IX,CA-FL-00000163,,2024-03-18,HVAC,LOW,COMPLETED,11389.45,3718.18,2024-03-27,9
WO-SY1K1WACJAQG,CA-FL-00000163,,2024-03-11,ELECTRICAL,LOW,COMPLETED,2826.54,4754.21,2024-03-15,4
WO-3KDWYOT030OB,CA-FL-00000163,,2024-03-18,HVAC,MEDIUM,COMPLETED,12686.22,10869.64,2024-04-04,17
WO-XNVU1WNVTFUR,CA-FL-00000163,,2024-04-22,ELEVATOR,MEDIUM,COMPLETED,9752.35,2206.41,2024-05-02,10
WO-LRBRPOWI2Z1B,CA-FL-00000163,,2024-05-28,GENERAL,MEDIUM,DEFERRED,1319.59,,,39
WO-6ONDMVUGJZTQ,CA-FL-00000163,,2024-06-24,GENERAL,LOW,COMPLETED,1594.96,4665.39,2024-07-04,10
WO-9YO3RSBJ47BW,CA-FL-00000163,,2024-06-04,HVAC,HIGH,DEFERRED,1240.76,,,52
WO-23HBJ4KVKPIV,CA-FL-00000163,,2024-06-26,LANDSCAPING,HIGH,DEFERRED,1382.2,,,84
WO-UVWDSZKSYGWE,CA-FL-00000163,,2024-08-25,GENERAL,MEDIUM,COMPLETED,14702.7,3178.75,2024-08-29,4
WO-G8BNWSZL1DXK,CA-FL-00000163,,2024-09-17,HVAC,MEDIUM,DEFERRED,13425.02,,,249
WO-G23GXTLPS7YX,CA-FL-00000163,,2024-09-10,GENERAL,HIGH,COMPLETED,331.16,3038.05,2024-09-16,6
WO-RK2WS1NQ5KNS,CA-FL-00000163,,2024-10-23,STRUCTURAL,EMERGENCY,COMPLETED,12152.08,912.29,2024-10-24,1
WO-5EBWDRF3CZWJ,CA-FL-00000163,,2024-10-08,ROOFING,MEDIUM,COMPLETED,13215.55,9327.77,2024-10-12,4
WO-YZ47XT55HVMG,CA-FL-00000163,,2024-11-26,HVAC,LOW,COMPLETED,3315.98,10079.13,2024-12-01,5
WO-NODKRYZUELP2,CA-FL-00000163,,2024-11-24,ROOFING,HIGH,COMPLETED,6494.29,11264.84,2024-12-08,14
WO-O6O4UXYMML9N,CA-FL-00000163,,2024-11-25,ELECTRICAL,HIGH,COMPLETED,4493.37,1680.29,2024-11-30,5
WO-A61MS6YSAU9L,CA-FL-00000163,,2024-11-14,GENERAL,LOW,COMPLETED,1452.89,11515.51,2024-12-01,17
WO-MKZ0WWQ01ISZ,CA-FL-00000163,,2024-12-14,HVAC,LOW,OPEN,13902.43,,,37
WO-XZ810GWP0N5F,CA-FL-00000163,,2024-12-06,LANDSCAPING,MEDIUM,COMPLETED,4644.18,11937.94,2024-12-18,12
WO-2XN83Y6NTAR3,CA-FL-00000163,,2025-01-25,HVAC,MEDIUM,DEFERRED,4946.97,,,47
WO-SM9672AQITZO,CA-FL-00000163,,2025-01-02,ROOFING,MEDIUM,COMPLETED,5723.0,10294.91,2025-01-12,10
WO-GZSD7ULJGXYG,CA-FL-00000163,,2025-02-24,HVAC,MEDIUM,COMPLETED,8687.19,1158.07,2025-02-25,1
WO-ONXH3JN2FFWU,CA-FL-00000163,,2025-02-27,HVAC,LOW,COMPLETED,10718.59,11609.7,2025-03-12,13
WO-AN6FB6UDIQ8F,CA-FL-00000163,,2025-02-27,HVAC,HIGH,COMPLETED,825.7,8170.46,2025-03-05,6
WO-POLYB6U2EFPL,CA-FL-00000163,,2025-03-18,LANDSCAPING,HIGH,COMPLETED,517.55,8809.94,2025-04-03,16
WO-ZNA0UWDTP8W1,CA-FL-00000163,,2025-03-14,PLUMBING,LOW,COMPLETED,3021.91,2277.48,2025-03-16,2
WO-YU3YSBLDUGR1,CA-FL-00000163,,2025-03-11,PLUMBING,MEDIUM,COMPLETED,1849.6,10504.01,2025-03-14,3
WO-38REZVPPZQ95,CA-FL-00000163,,2025-03-18,LANDSCAPING,LOW,OPEN,3665.74,,,72
WO-E44G5IS9YVA5,CA-FL-00000163,,2025-04-18,LANDSCAPING,LOW,COMPLETED,2145.16,2396.53,2025-05-02,14
WO-AAAYW39ZEHNM,CA-FL-00000163,,2025-04-21,ELECTRICAL,HIGH,DEFERRED,11952.77,,,25
WO-L6K7VNU7LGOM,CA-FL-00000163,,2025-04-19,GENERAL,LOW,OPEN,9413.78,,,39
WO-ET3575EPOVLA,CA-FL-00000163,,2025-04-08,STRUCTURAL,LOW,COMPLETED,4769.2,3921.52,2025-04-22,14
WO-1DJUQQ7BSPNQ,CA-FL-00000163,,2025-05-21,HVAC,MEDIUM,COMPLETED,6498.95,4073.12,2025-06-04,14
WO-RXJYOGKDPCY8,CA-FL-00000163,,2025-06-17,LANDSCAPING,MEDIUM,OPEN,12197.04,,,40
WO-4QDGYBMG2TS7,CA-FL-00000163,,2025-06-08,STRUCTURAL,MEDIUM,COMPLETED,4072.41,1804.07,2025-06-09,1
WO-LHL7XC5TZI0C,CA-FL-00000163,,2025-06-11,HVAC,LOW,COMPLETED,1908.79,3324.65,2025-06-18,7
WO-QIIR7MCDJ3X4,CA-NV-00000164,,2024-01-28,PLUMBING,LOW,COMPLETED,5730.89,5427.49,2024-02-10,13
WO-MQ2L02NWQKJ1,CA-NV-00000164,,2024-01-19,HVAC,MEDIUM,COMPLETED,2471.12,2128.88,2024-01-25,6
WO-550N6C8PU958,CA-NV-00000164,,2024-01-12,HVAC,HIGH,COMPLETED,3489.59,7771.81,2024-01-27,15
WO-R7K1N5G89O22,CA-NV-00000164,,2024-02-14,GENERAL,LOW,COMPLETED,9977.31,4369.08,2024-02-20,6
WO-7QQ6KIUCIVXQ,CA-NV-00000164,,2024-03-24,STRUCTURAL,LOW,COMPLETED,10143.82,4094.84,2024-04-08,15
WO-OW57E6FC25IU,CA-NV-00000164,,2024-03-06,STRUCTURAL,HIGH,COMPLETED,8151.94,8675.03,2024-03-24,18
WO-NZZQ2RBLDB2M,CA-NV-00000164,,2024-04-26,PLUMBING,LOW,DEFERRED,11864.69,,,10
WO-2EJBNVS45RMB,CA-NV-00000164,,2024-04-09,PLUMBING,MEDIUM,COMPLETED,4180.09,6399.72,2024-04-21,12
WO-1DOUXIFCMETC,CA-NV-00000164,,2024-04-04,LANDSCAPING,MEDIUM,OPEN,4174.36,,,298
WO-XQPOD6YG03SL,CA-NV-00000164,,2024-05-05,PLUMBING,MEDIUM,COMPLETED,4226.23,6029.08,2024-05-21,16
WO-M46XHPU80U8Q,CA-NV-00000164,,2024-05-07,PLUMBING,MEDIUM,COMPLETED,2004.43,8323.2,2024-05-21,14
WO-W4PM97HMQ4L8,CA-NV-00000164,,2024-07-22,PLUMBING,MEDIUM,COMPLETED,9548.62,4801.84,2024-08-05,14
WO-62B92QXE1HTH,CA-NV-00000164,,2024-07-14,ELEVATOR,HIGH,COMPLETED,2935.25,4670.23,2024-08-03,20
WO-Z5FE5JGCPDK5,CA-NV-00000164,,2024-07-22,GENERAL,MEDIUM,OPEN,9419.23,,,56
WO-ULC5A0938YY2,CA-NV-00000164,,2024-08-25,ELEVATOR,MEDIUM,COMPLETED,4574.61,8819.23,2024-09-07,13
WO-UEAURSE5ITFN,CA-NV-00000164,,2024-08-26,PLUMBING,MEDIUM,COMPLETED,11497.41,3270.97,2024-08-28,2
WO-IWKYGCKDNAOC,CA-NV-00000164,,2024-09-18,GENERAL,MEDIUM,COMPLETED,10856.17,7510.37,2024-09-21,3
WO-NB6GK7JAL6P6,CA-NV-00000164,,2024-09-23,LANDSCAPING,MEDIUM,COMPLETED,8654.48,4713.66,2024-09-24,1
WO-VTD63RAON5E1,CA-NV-00000164,,2024-09-02,GENERAL,HIGH,OPEN,2886.77,,,99
WO-CGHUBZU8IHZ8,CA-NV-00000164,,2024-09-26,LANDSCAPING,HIGH,OPEN,7028.18,,,69
WO-NPQYW86PO948,CA-NV-00000164,,2024-10-13,ROOFING,MEDIUM,COMPLETED,10540.65,6798.97,2024-10-21,8
WO-R22XZMWLNZUT,CA-NV-00000164,,2024-10-11,ROOFING,LOW,COMPLETED,6101.44,11908.6,2024-10-30,19
WO-CCMDB5E40VSK,CA-NV-00000164,,2024-10-27,ROOFING,MEDIUM,COMPLETED,14168.59,11523.16,2024-11-10,14
WO-IC5RBVM5L1VL,CA-NV-00000164,,2024-11-02,GENERAL,MEDIUM,COMPLETED,3793.05,800.69,2024-11-10,8
WO-PJ2DVO52RJ6P,CA-NV-00000164,,2024-11-03,ROOFING,MEDIUM,COMPLETED,8341.63,2100.57,2024-11-20,17
WO-8RLEBJ1Y4Z0N,CA-NV-00000164,,2024-12-13,PLUMBING,MEDIUM,COMPLETED,281.5,5275.03,2024-12-14,1
WO-WSSUXBZ52CNW,CA-NV-00000164,,2024-12-07,STRUCTURAL,LOW,OPEN,6014.84,,,16
WO-BPMFBL4W7TWZ,CA-NV-00000164,,2024-12-21,GENERAL,MEDIUM,COMPLETED,2440.75,201.47,2025-01-08,18
WO-NBH6KQ8D5D5U,CA-NV-00000164,,2024-12-21,PLUMBING,MEDIUM,COMPLETED,3567.5,10879.12,2025-01-10,20
WO-T3B0V053OES2,CA-NV-00000164,,2024-12-26,HVAC,LOW,DEFERRED,5569.68,,,61
WO-W79WRVZXOP8D,CA-NV-00000164,,2025-01-19,PLUMBING,MEDIUM,OPEN,8120.22,,,104
WO-U983CF12HX9X,CA-NV-00000164,,2025-01-23,HVAC,LOW,COMPLETED,1584.55,8912.32,2025-01-26,3
WO-O8QETXQA708M,CA-NV-00000164,,2025-02-05,LANDSCAPING,LOW,OPEN,10393.36,,,13
WO-H3PQO22PM4QS,CA-NV-00000164,,2025-03-16,ELECTRICAL,HIGH,COMPLETED,7596.57,10903.12,2025-03-21,5
WO-L1K4TQIUMNI5,CA-NV-00000164,,2025-03-15,LANDSCAPING,MEDIUM,COMPLETED,4409.44,2547.83,2025-04-01,17
WO-M2FMODHF3Q34,CA-NV-00000164,,2025-03-26,ROOFING,HIGH,COMPLETED,5007.28,1987.6,2025-03-31,5
WO-4X2RNLYLTMZN,CA-NV-00000164,,2025-04-05,GENERAL,LOW,COMPLETED,1232.14,8472.1,2025-04-16,11
WO-B5N1R7QP92Y7,CA-NV-00000164,,2025-04-22,PLUMBING,MEDIUM,DEFERRED,4840.82,,,179
WO-EPLPFULE19XR,CA-NV-00000164,,2025-04-19,ROOFING,HIGH,COMPLETED,4602.75,9443.18,2025-04-27,8
WO-CINNBQ1GBGOD,CA-NV-00000164,,2025-05-16,PLUMBING,HIGH,COMPLETED,14868.54,9875.11,2025-05-26,10
WO-BCRXQ8ZUX80T,CA-NV-00000164,,2025-06-21,HVAC,MEDIUM,COMPLETED,8045.27,9153.79,2025-06-22,1
WO-I3Y0LKSREBTV,CA-NV-00000164,,2025-06-11,HVAC,MEDIUM,COMPLETED,8110.73,5931.85,2025-06-29,18
WO-QV18O1Q5VMRU,CA-NV-00000164,,2025-06-20,LANDSCAPING,MEDIUM,COMPLETED,7318.58,2740.65,2025-07-11,21
WO-D4MQKCP2X7RF,CA-NV-00000164,,2025-06-22,PLUMBING,LOW,COMPLETED,5085.47,11921.59,2025-06-28,6
WO-OAC24TEIWBNO,CA-TX-00000165,,2024-01-20,PLUMBING,MEDIUM,COMPLETED,10758.48,8305.73,2024-02-03,14
WO-DV0G5JCTSO9K,CA-TX-00000165,,2024-01-04,PLUMBING,MEDIUM,COMPLETED,10378.74,6483.0,2024-01-05,1
WO-6N7TRLOHYJJC,CA-TX-00000165,,2024-01-21,ROOFING,MEDIUM,COMPLETED,12073.25,11286.53,2024-01-24,3
WO-CYM8ZWXYYCEH,CA-TX-00000165,,2024-05-17,GENERAL,LOW,COMPLETED,3095.16,11736.22,2024-06-04,18
WO-11M27XVPTLD2,CA-TX-00000165,,2024-06-16,ROOFING,MEDIUM,COMPLETED,13779.89,4040.47,2024-07-04,18
WO-DGM3A5W280I2,CA-TX-00000165,,2024-08-13,ELECTRICAL,MEDIUM,COMPLETED,8146.2,2563.57,2024-08-14,1
WO-XE6WC4VVT0QG,CA-TX-00000165,,2024-08-23,LANDSCAPING,LOW,COMPLETED,6900.56,2889.95,2024-09-13,21
WO-N6HJWU5YM9OI,CA-TX-00000165,,2024-11-09,ROOFING,LOW,COMPLETED,7497.42,6423.89,2024-11-19,10
WO-YHSIVVV9C5X3,CA-TX-00000165,,2024-11-27,ROOFING,LOW,OPEN,10765.69,,,8
WO-97YLDYX0XOIQ,CA-TX-00000165,,2024-12-06,ROOFING,MEDIUM,COMPLETED,11991.27,6578.84,2024-12-23,17
WO-0132Y8O2QAJQ,CA-TX-00000165,,2025-01-07,ELECTRICAL,HIGH,COMPLETED,653.34,6854.77,2025-01-27,20
WO-7C13KO5GX4L0,CA-TX-00000165,,2025-01-23,GENERAL,MEDIUM,COMPLETED,2773.87,3755.33,2025-02-01,9
WO-50NTNBB3N4ER,CA-TX-00000165,,2025-01-14,ELECTRICAL,MEDIUM,COMPLETED,6136.16,7547.67,2025-01-21,7
WO-UYV22LTTTQGB,CA-TX-00000165,,2025-02-24,PLUMBING,HIGH,COMPLETED,12955.67,3463.4,2025-03-15,19
WO-LHEV2CB4FTZV,CA-TX-00000165,,2025-04-04,LANDSCAPING,LOW,COMPLETED,9380.33,4827.29,2025-04-05,1
WO-SU8PK21PNXPJ,CA-TX-00000165,,2025-05-18,LANDSCAPING,LOW,COMPLETED,8963.61,6847.48,2025-05-30,12
WO-9CJT3H3I815U,CA-TX-00000165,,2025-06-27,STRUCTURAL,MEDIUM,COMPLETED,12901.91,4800.45,2025-07-05,8
WO-KHV4UGY0JPNI,CA-CO-00000166,,2024-01-10,LANDSCAPING,MEDIUM,DEFERRED,2839.57,,,23
WO-SYYM7KXUJAWZ,CA-CO-00000166,,2024-01-11,LANDSCAPING,HIGH,COMPLETED,9905.59,9834.11,2024-01-27,16
WO-6295HFV7UYAP,CA-CO-00000166,,2024-01-12,ELECTRICAL,MEDIUM,DEFERRED,11481.63,,,210
WO-ALV0WIF1NRCM,CA-CO-00000166,,2024-02-09,GENERAL,EMERGENCY,COMPLETED,6648.04,6984.68,2024-02-20,11
WO-ADDK7TCRCFE8,CA-CO-00000166,,2024-02-02,ELECTRICAL,MEDIUM,COMPLETED,8780.51,10432.09,2024-02-19,17
WO-O04DUXHFE8GA,CA-CO-00000166,,2024-02-07,ROOFING,EMERGENCY,COMPLETED,467.24,11483.18,2024-02-12,5
WO-50URQQWAPC49,CA-CO-00000166,,2024-03-10,ELECTRICAL,HIGH,COMPLETED,13924.06,1700.06,2024-03-28,18
WO-8N2ILYS2W0J1,CA-CO-00000166,,2024-03-15,LANDSCAPING,LOW,OPEN,6308.91,,,33
WO-ZLH9WNIUKVZW,CA-CO-00000166,,2024-03-15,LANDSCAPING,LOW,COMPLETED,342.45,6069.24,2024-03-30,15
WO-RQYHWC1S8DCM,CA-CO-00000166,,2024-04-18,ELECTRICAL,MEDIUM,COMPLETED,10349.69,6017.73,2024-04-23,5
WO-0Y4JFMRNX53O,CA-CO-00000166,,2024-04-27,PLUMBING,MEDIUM,COMPLETED,3944.55,4381.02,2024-05-02,5
WO-041PO53X89WU,CA-CO-00000166,,2024-04-14,LANDSCAPING,MEDIUM,COMPLETED,12444.76,10962.3,2024-04-25,11
WO-M4PKAE12GUW2,CA-CO-00000166,,2024-04-26,PLUMBING,MEDIUM,DEFERRED,7744.78,,,44
WO-GN6GF72NG75O,CA-CO-00000166,,2024-05-11,HVAC,MEDIUM,COMPLETED,5388.2,4178.56,2024-05-18,7
WO-DEO0299LEF9D,CA-CO-00000166,,2024-05-04,HVAC,MEDIUM,COMPLETED,14152.58,3326.58,2024-05-17,13
WO-2UYAZVOVA0XF,CA-CO-00000166,,2024-05-03,PLUMBING,EMERGENCY,COMPLETED,2161.11,2260.44,2024-05-10,7
WO-9URGE6DNJDE3,CA-CO-00000166,,2024-06-17,LANDSCAPING,EMERGENCY,COMPLETED,6188.33,11810.17,2024-06-27,10
WO-7I3CHKVGW46K,CA-CO-00000166,,2024-07-07,LANDSCAPING,HIGH,COMPLETED,4327.89,9163.44,2024-07-13,6
WO-GYKEOKVC0FXI,CA-CO-00000166,,2024-08-21,ROOFING,MEDIUM,COMPLETED,1463.85,4430.8,2024-08-31,10
WO-LMAJOQHY9TUZ,CA-CO-00000166,,2024-08-27,HVAC,HIGH,COMPLETED,2473.77,7384.47,2024-09-02,6
WO-ZDJCWXGAJZC0,CA-CO-00000166,,2024-08-12,PLUMBING,HIGH,DEFERRED,4403.24,,,38
WO-UX1MJZR12FG0,CA-CO-00000166,,2024-09-09,ELECTRICAL,LOW,COMPLETED,7576.0,7472.65,2024-09-27,18
WO-PL1Q3O673E0M,CA-CO-00000166,,2024-10-12,LANDSCAPING,MEDIUM,COMPLETED,3291.2,7085.59,2024-10-14,2
WO-QBN9N0U2W6KP,CA-CO-00000166,,2024-11-19,GENERAL,LOW,COMPLETED,14263.61,10470.31,2024-12-07,18
WO-DQEOQXMWEN59,CA-CO-00000166,,2024-11-19,GENERAL,MEDIUM,COMPLETED,410.49,2941.34,2024-11-27,8
WO-MH581YNVPBLG,CA-CO-00000166,,2024-11-18,PLUMBING,HIGH,COMPLETED,8158.48,9194.56,2024-11-23,5
WO-WX9DHZZUPX5N,CA-CO-00000166,,2024-12-24,ELECTRICAL,HIGH,OPEN,5061.07,,,49
WO-S47SLH0OEIOW,CA-CO-00000166,,2025-01-26,GENERAL,LOW,COMPLETED,4760.34,5552.46,2025-01-27,1
WO-WREDDQ0R850N,CA-CO-00000166,,2025-01-22,ELECTRICAL,MEDIUM,OPEN,3548.44,,,11
WO-8DMMOBP9QYOP,CA-CO-00000166,,2025-03-26,HVAC,MEDIUM,COMPLETED,6377.54,5706.16,2025-04-06,11
WO-UUQCHDOL9HFL,CA-CO-00000166,,2025-03-12,HVAC,LOW,COMPLETED,9715.48,10937.22,2025-03-18,6
WO-X0MUDPH6FK83,CA-CO-00000166,,2025-03-05,LANDSCAPING,LOW,OPEN,5170.24,,,30
WO-KCIQTH04PUH4,CA-CO-00000166,,2025-04-24,PLUMBING,MEDIUM,COMPLETED,5466.75,1625.36,2025-05-05,11
WO-OZOV73YKHODS,CA-CO-00000166,,2025-04-20,PLUMBING,HIGH,COMPLETED,12362.57,7429.14,2025-04-28,8
WO-NBC7HTVIKCFU,CA-CO-00000166,,2025-04-07,PLUMBING,LOW,COMPLETED,6944.3,3397.92,2025-04-12,5
WO-7VQBOLTFQ4FN,CA-CO-00000166,,2025-04-02,PLUMBING,MEDIUM,COMPLETED,9025.54,3992.52,2025-04-10,8
WO-2RUTEM3ZF8A8,CA-CO-00000166,,2025-05-12,ELECTRICAL,MEDIUM,COMPLETED,1398.39,2247.54,2025-05-24,12
WO-FGWB1VOVRNTU,CA-CO-00000166,,2025-05-06,PLUMBING,MEDIUM,DEFERRED,12694.22,,,97
WO-HJQTBF0FHPP5,CA-CO-00000166,,2025-05-25,LANDSCAPING,HIGH,COMPLETED,12354.71,3755.26,2025-06-05,11
WO-WZCVZ9TTZ9RD,CA-CO-00000166,,2025-05-05,HVAC,MEDIUM,COMPLETED,3225.14,4704.28,2025-05-17,12
WO-DSAPM55DXPVY,CA-CO-00000166,,2025-06-03,STRUCTURAL,HIGH,COMPLETED,7918.4,10999.14,2025-06-22,19
WO-Z6AMOQQ7CEX6,CA-CO-00000166,,2025-06-16,LANDSCAPING,LOW,COMPLETED,13456.46,2672.95,2025-06-28,12
WO-8LRVS65LFFJK,CA-CO-00000166,,2025-06-21,ROOFING,MEDIUM,COMPLETED,5511.65,8685.77,2025-06-29,8
WO-BRCDQ906ZJK4,CA-CO-00000166,,2025-06-09,HVAC,MEDIUM,COMPLETED,10318.38,1185.56,2025-06-25,16
WO-8F62RM3JSETD,CA-CO-00000166,,2025-06-28,LANDSCAPING,HIGH,DEFERRED,5884.22,,,51
WO-1SKUKQWB4RZ7,CA-FL-00000167,,2024-01-27,ELECTRICAL,MEDIUM,DEFERRED,8230.7,,,34
WO-585DFTI5NM4E,CA-FL-00000167,,2024-01-24,ELEVATOR,MEDIUM,DEFERRED,12585.84,,,388
WO-3Z93C46TY8PA,CA-FL-00000167,,2024-01-26,LANDSCAPING,MEDIUM,COMPLETED,1438.29,7011.61,2024-01-28,2
WO-F4VWYNQOXG20,CA-FL-00000167,,2024-01-05,GENERAL,HIGH,DEFERRED,6684.17,,,266
WO-91HB2631A1DU,CA-FL-00000167,,2024-01-28,HVAC,MEDIUM,OPEN,536.67,,,55
WO-KQWW4UVFYN1U,CA-FL-00000167,,2024-01-04,LANDSCAPING,MEDIUM,COMPLETED,11572.05,2520.88,2024-01-13,9
WO-S13HX60K02YR,CA-FL-00000167,,2024-02-27,PLUMBING,HIGH,OPEN,7784.33,,,161
WO-L40VV74RH1VF,CA-FL-00000167,,2024-02-01,ROOFING,MEDIUM,COMPLETED,932.59,783.55,2024-02-16,15
WO-X4DWJA9WH3EE,CA-FL-00000167,,2024-02-19,LANDSCAPING,HIGH,DEFERRED,14981.01,,,48
WO-7P8F48BYI6JV,CA-FL-00000167,,2024-02-03,ELECTRICAL,LOW,DEFERRED,12843.25,,,32
WO-2HZUDCW68FTQ,CA-FL-00000167,,2024-02-22,LANDSCAPING,LOW,COMPLETED,13139.9,2787.86,2024-02-29,7
WO-XCF7PO3LCGKB,CA-FL-00000167,,2024-02-01,HVAC,LOW,DEFERRED,4830.96,,,109
WO-RV0XYWVH8XMF,CA-FL-00000167,,2024-03-18,GENERAL,HIGH,DEFERRED,6132.23,,,63
WO-8EM3V4VSKVRD,CA-FL-00000167,,2024-03-05,ROOFING,MEDIUM,COMPLETED,5806.15,451.67,2024-03-16,11
WO-FDPFK4LDX3ZG,CA-FL-00000167,,2024-03-23,ELECTRICAL,MEDIUM,COMPLETED,9700.95,2576.24,2024-03-28,5
WO-E0W328L90CCP,CA-FL-00000167,,2024-03-02,LANDSCAPING,LOW,DEFERRED,7898.59,,,28
WO-DA4M7J5DA2B3,CA-FL-00000167,,2024-03-05,STRUCTURAL,LOW,COMPLETED,12307.74,1557.92,2024-03-11,6
WO-ELYULLR1NF7L,CA-FL-00000167,,2024-04-04,PLUMBING,HIGH,COMPLETED,8330.06,8201.63,2024-04-14,10
WO-B2VMPLM27VAH,CA-FL-00000167,,2024-05-04,STRUCTURAL,MEDIUM,DEFERRED,11667.14,,,112
WO-O0OFTMGSO1OM,CA-FL-00000167,,2024-05-09,ROOFING,HIGH,COMPLETED,1536.86,4531.94,2024-05-23,14
WO-62WH8M9TRJX0,CA-FL-00000167,,2024-05-08,GENERAL,LOW,OPEN,4518.02,,,45
WO-K64JTOHHNDXW,CA-FL-00000167,,2024-05-22,PLUMBING,MEDIUM,COMPLETED,13835.84,1035.15,2024-05-30,8
WO-SOCQIRBDPLZ3,CA-FL-00000167,,2024-05-09,LANDSCAPING,MEDIUM,COMPLETED,6626.57,7172.63,2024-05-29,20
WO-GXC5Q1X5DI9A,CA-FL-00000167,,2024-05-03,ROOFING,HIGH,DEFERRED,11047.2,,,172
WO-959VBFK9N6XF,CA-FL-00000167,,2024-06-02,ELECTRICAL,MEDIUM,OPEN,8822.15,,,23
WO-12YUT7U6BUK9,CA-FL-00000167,,2024-06-08,ELEVATOR,LOW,DEFERRED,4101.37,,,51
WO-V3MIRPFS95KE,CA-FL-00000167,,2024-06-15,GENERAL,LOW,COMPLETED,6859.08,11531.99,2024-06-25,10
WO-Z0RTADDVICY4,CA-FL-00000167,,2024-07-28,HVAC,LOW,COMPLETED,10663.53,11011.64,2024-08-06,9
WO-0ODHKIOG80KY,CA-FL-00000167,,2024-07-23,ROOFING,HIGH,DEFERRED,10299.27,,,101
WO-NFQO7TZXPWKY,CA-FL-00000167,,2024-07-20,GENERAL,HIGH,DEFERRED,13999.89,,,29
WO-O03GN3EH0E6C,CA-FL-00000167,,2024-07-28,GENERAL,LOW,OPEN,12308.28,,,163
WO-USSN4ZBEY5PK,CA-FL-00000167,,2024-07-04,PLUMBING,LOW,COMPLETED,5404.21,5272.3,2024-07-08,4
WO-1WHQSE4KAEQ7,CA-FL-00000167,,2024-08-08,ELECTRICAL,LOW,COMPLETED,13132.41,4679.16,2024-08-11,3
WO-1ONB89E1QMJA,CA-FL-00000167,,2024-08-24,GENERAL,MEDIUM,OPEN,8150.69,,,52
WO-X4WPQD8VQPPY,CA-FL-00000167,,2024-08-15,STRUCTURAL,MEDIUM,DEFERRED,7811.76,,,148
WO-AONGKEW20LP3,CA-FL-00000167,,2024-08-04,HVAC,HIGH,COMPLETED,6477.35,5836.49,2024-08-13,9
WO-B99NXSJEKW3V,CA-FL-00000167,,2024-08-05,HVAC,LOW,DEFERRED,722.23,,,23
WO-X1LO5QZJM115,CA-FL-00000167,,2024-08-28,HVAC,LOW,DEFERRED,9871.89,,,129
WO-1MJ4QGJD19GT,CA-FL-00000167,,2024-08-14,PLUMBING,MEDIUM,COMPLETED,7708.6,3291.84,2024-08-22,8
WO-58OCVZF8FE7D,CA-FL-00000167,,2024-08-18,ROOFING,MEDIUM,DEFERRED,5216.0,,,126
WO-AC3PTJ3MZRAO,CA-FL-00000167,,2024-08-08,HVAC,MEDIUM,OPEN,4080.02,,,108
WO-5Q9HV9SS4ZNN,CA-FL-00000167,,2024-09-08,PLUMBING,HIGH,COMPLETED,7109.65,10734.45,2024-09-12,4
WO-L8SJ3USPY1RE,CA-FL-00000167,,2024-09-16,HVAC,LOW,COMPLETED,1575.98,6265.37,2024-10-02,16
WO-WN8ULHENBSFT,CA-FL-00000167,,2024-09-08,ROOFING,MEDIUM,COMPLETED,11233.28,9391.93,2024-09-18,10
WO-ZHBRJ45XLZJ5,CA-FL-00000167,,2024-09-05,HVAC,MEDIUM,COMPLETED,2960.97,8756.75,2024-09-07,2
WO-VX4L58BYX2FD,CA-FL-00000167,,2024-09-13,HVAC,HIGH,DEFERRED,14675.15,,,5
WO-ML6IORSSIHDO,CA-FL-00000167,,2024-10-20,HVAC,MEDIUM,COMPLETED,5085.03,10403.72,2024-10-29,9
WO-YWVARWQUV7KN,CA-FL-00000167,,2024-10-06,HVAC,HIGH,DEFERRED,610.79,,,33
WO-1SJDTVXDWDKH,CA-FL-00000167,,2024-10-20,ELECTRICAL,MEDIUM,COMPLETED,7808.17,6067.15,2024-11-03,14
WO-2PD5H66VAL5Z,CA-FL-00000167,,2024-10-09,ROOFING,MEDIUM,DEFERRED,7321.08,,,24
WO-DD8ZU1GBYCV4,CA-FL-00000167,,2024-11-23,ROOFING,LOW,DEFERRED,7649.09,,,39
WO-T81BG0C1E2UU,CA-FL-00000167,,2024-11-02,ELECTRICAL,MEDIUM,COMPLETED,2076.03,9646.23,2024-11-07,5
WO-2B3LIWVM0YTJ,CA-FL-00000167,,2024-11-19,HVAC,LOW,COMPLETED,3108.88,6984.07,2024-11-22,3
WO-IBQPY78XG42H,CA-FL-00000167,,2024-11-07,HVAC,HIGH,DEFERRED,299.44,,,28
WO-4ACI3PV1IUHL,CA-FL-00000167,,2024-11-01,LANDSCAPING,MEDIUM,COMPLETED,7716.77,3997.16,2024-11-15,14
WO-F9YAT2WJ9045,CA-FL-00000167,,2024-12-05,LANDSCAPING,LOW,DEFERRED,5590.44,,,30
WO-DYPIWC063GOS,CA-FL-00000167,,2024-12-16,GENERAL,LOW,COMPLETED,7904.43,9323.15,2024-12-28,12
WO-S7IPYWKEMTMY,CA-FL-00000167,,2024-12-12,PLUMBING,MEDIUM,COMPLETED,4669.43,2318.11,2024-12-22,10
WO-1H1S1YX2AQ8O,CA-FL-00000167,,2025-01-17,GENERAL,LOW,COMPLETED,4336.48,5570.17,2025-01-21,4
WO-JOT5I1PSXGQS,CA-FL-00000167,,2025-01-19,ELECTRICAL,MEDIUM,COMPLETED,6834.23,9891.9,2025-02-01,13
WO-0NSF6S6KZ1QE,CA-FL-00000167,,2025-01-10,GENERAL,MEDIUM,OPEN,1144.6,,,32
WO-GQQUMK7PPMSX,CA-FL-00000167,,2025-01-04,PLUMBING,LOW,DEFERRED,6014.47,,,36
WO-2Q1JADZPC3D0,CA-FL-00000167,,2025-01-14,GENERAL,LOW,DEFERRED,11935.78,,,37
WO-UALAZ9R33XXS,CA-FL-00000167,,2025-01-21,LANDSCAPING,LOW,COMPLETED,5837.22,6683.4,2025-01-23,2
WO-X9PEM5REV01N,CA-FL-00000167,,2025-01-25,GENERAL,EMERGENCY,COMPLETED,2402.47,5323.01,2025-02-01,7
WO-076PX5VFQN7F,CA-FL-00000167,,2025-02-16,HVAC,HIGH,COMPLETED,13289.72,10592.02,2025-02-25,9
WO-BJNJTW20NDDV,CA-FL-00000167,,2025-02-10,PLUMBING,MEDIUM,COMPLETED,13791.75,1840.89,2025-02-27,17
WO-VV22JQ5JAAI6,CA-FL-00000167,,2025-02-07,ELECTRICAL,MEDIUM,COMPLETED,2578.56,2170.8,2025-02-22,15
WO-OO5IBNAR86R6,CA-FL-00000167,,2025-02-17,ELECTRICAL,HIGH,COMPLETED,5016.05,1835.33,2025-02-22,5
WO-MWYBBBC8BMLC,CA-FL-00000167,,2025-02-18,ROOFING,MEDIUM,DEFERRED,10624.2,,,78
WO-CWRJ3GUNY6Z7,CA-FL-00000167,,2025-02-02,ROOFING,HIGH,DEFERRED,9611.1,,,4
WO-CAFKNWDRVNB9,CA-FL-00000167,,2025-03-26,ROOFING,MEDIUM,DEFERRED,8638.08,,,172
WO-17LOUVC1M1JN,CA-FL-00000167,,2025-03-11,HVAC,LOW,DEFERRED,14461.0,,,23
WO-0X14L3EOU3CV,CA-FL-00000167,,2025-03-01,ELEVATOR,HIGH,DEFERRED,8664.43,,,25
WO-POYAJDS92HJC,CA-FL-00000167,,2025-03-12,STRUCTURAL,MEDIUM,OPEN,2825.43,,,38
WO-PGK90XE5TCIC,CA-FL-00000167,,2025-03-08,ELECTRICAL,LOW,DEFERRED,1548.53,,,29
WO-NXPXFI5AMAC9,CA-FL-00000167,,2025-03-07,ROOFING,LOW,OPEN,8161.07,,,65
WO-4AYUSKZERCY7,CA-FL-00000167,,2025-03-09,ELEVATOR,LOW,OPEN,7948.13,,,11
WO-TD9R7959PLJH,CA-FL-00000167,,2025-04-28,PLUMBING,LOW,DEFERRED,14362.37,,,187
WO-NIAM7YGQYCN0,CA-FL-00000167,,2025-04-26,ROOFING,HIGH,DEFERRED,10755.37,,,25
WO-GLXL3DQWMWXU,CA-FL-00000167,,2025-04-07,STRUCTURAL,LOW,OPEN,6193.91,,,147
WO-9JP7UAWRIY26,CA-FL-00000167,,2025-05-16,PLUMBING,MEDIUM,COMPLETED,12924.51,11926.11,2025-05-26,10
WO-6FDYH677LKIN,CA-FL-00000167,,2025-05-17,PLUMBING,LOW,COMPLETED,9099.02,10804.49,2025-05-23,6
WO-LRZSP0TUX0LD,CA-FL-00000167,,2025-05-10,ELECTRICAL,MEDIUM,COMPLETED,1765.08,11847.03,2025-05-18,8
WO-LQK96CMELOPR,CA-FL-00000167,,2025-05-16,ELECTRICAL,MEDIUM,COMPLETED,9473.4,7136.01,2025-05-24,8
WO-7024NFX3MPI9,CA-FL-00000167,,2025-05-24,ROOFING,MEDIUM,DEFERRED,13212.43,,,12
WO-RHT7PU4JAQZF,CA-FL-00000167,,2025-05-27,ELECTRICAL,MEDIUM,COMPLETED,3600.73,1760.89,2025-06-05,9
WO-CI8OSV9OYSH2,CA-FL-00000167,,2025-06-18,PLUMBING,LOW,OPEN,2004.79,,,49
WO-WVTH92HMYPZO,CA-FL-00000167,,2025-06-25,ELEVATOR,MEDIUM,COMPLETED,14942.96,328.28,2025-06-27,2
WO-OGIIFBF08YRG,CA-FL-00000167,,2025-06-08,GENERAL,EMERGENCY,COMPLETED,829.99,1883.44,2025-06-25,17
WO-MOIN1VPAM296,CA-FL-00000167,,2025-06-23,LANDSCAPING,LOW,COMPLETED,7576.85,11099.63,2025-07-12,19
WO-63EZMM6MR1QK,CA-FL-00000167,,2025-06-22,HVAC,EMERGENCY,OPEN,8059.21,,,37
WO-5FJ1PZPJLHGD,CA-FL-00000167,,2025-06-24,GENERAL,EMERGENCY,OPEN,5033.25,,,66
WO-YH8FQD61O7C7,CA-IL-00000168,,2024-01-03,HVAC,LOW,COMPLETED,1419.94,1194.8,2024-01-19,16
WO-Q90UOQ8Q2EOJ,CA-IL-00000168,,2024-01-11,GENERAL,MEDIUM,COMPLETED,5704.37,10876.4,2024-01-20,9
WO-Q3O0TINKAPNN,CA-IL-00000168,,2024-01-13,ELECTRICAL,LOW,COMPLETED,11829.47,5189.32,2024-01-27,14
WO-V2ZZJK5P1VFW,CA-IL-00000168,,2024-02-12,PLUMBING,LOW,OPEN,9356.47,,,140
WO-ZFZQBNTOFZZ8,CA-IL-00000168,,2024-02-06,PLUMBING,MEDIUM,DEFERRED,3745.4,,,75
WO-V3RUC1PNI5JX,CA-IL-00000168,,2024-02-13,GENERAL,MEDIUM,COMPLETED,7006.66,578.4,2024-02-18,5
WO-7O1UQJ23RN4O,CA-IL-00000168,,2024-04-27,LANDSCAPING,MEDIUM,COMPLETED,11468.37,2641.87,2024-05-17,20
WO-IOJ9I8QOFMBK,CA-IL-00000168,,2024-04-02,GENERAL,LOW,DEFERRED,5919.5,,,575
WO-CMS0S9TZJC5U,CA-IL-00000168,,2024-05-10,PLUMBING,MEDIUM,COMPLETED,10857.19,5781.91,2024-05-28,18
WO-5L7B78JZBDKH,CA-IL-00000168,,2024-05-16,GENERAL,HIGH,COMPLETED,13956.44,7431.3,2024-06-06,21
WO-BK8K3NK39XI5,CA-IL-00000168,,2024-05-04,LANDSCAPING,LOW,COMPLETED,10246.27,361.65,2024-05-25,21
WO-3OVGWR4KNRMI,CA-IL-00000168,,2024-06-12,HVAC,LOW,DEFERRED,9716.34,,,166
WO-L6RALECWNKC7,CA-IL-00000168,,2024-06-20,GENERAL,EMERGENCY,COMPLETED,8388.1,6614.17,2024-06-26,6
WO-3AMCWO3CG3NM,CA-IL-00000168,,2024-06-11,PLUMBING,EMERGENCY,COMPLETED,6748.56,11837.75,2024-06-15,4
WO-L822AK8R6XL0,CA-IL-00000168,,2024-06-13,LANDSCAPING,MEDIUM,COMPLETED,10368.39,4721.32,2024-06-30,17
WO-GGA3FRC5IZ7D,CA-IL-00000168,,2024-06-10,ELEVATOR,LOW,COMPLETED,10148.86,4885.98,2024-06-12,2
WO-XLZYL345KE0P,CA-IL-00000168,,2024-06-25,ROOFING,MEDIUM,COMPLETED,9993.58,3085.16,2024-07-11,16
WO-QV41MFZUQSAC,CA-IL-00000168,,2024-07-07,PLUMBING,HIGH,COMPLETED,3971.01,8344.8,2024-07-12,5
WO-HW2UHFXDXW8W,CA-IL-00000168,,2024-07-26,GENERAL,MEDIUM,OPEN,2924.2,,,69
WO-YWKZS5UA0CJK,CA-IL-00000168,,2024-07-02,HVAC,MEDIUM,COMPLETED,4193.52,4294.23,2024-07-12,10
WO-DYGUTA9T7Q1Y,CA-IL-00000168,,2024-08-05,LANDSCAPING,LOW,COMPLETED,5092.39,5929.1,2024-08-21,16
WO-TT0LAK8S85CF,CA-IL-00000168,,2024-08-16,PLUMBING,MEDIUM,OPEN,11062.04,,,13
WO-UGM3ZG810K2A,CA-IL-00000168,,2024-09-07,PLUMBING,LOW,COMPLETED,11752.47,4691.45,2024-09-09,2
WO-ZD0V1H3H7QUC,CA-IL-00000168,,2024-09-20,STRUCTURAL,MEDIUM,COMPLETED,6843.92,1686.73,2024-10-04,14
WO-EZTA19LUWFTJ,CA-IL-00000168,,2024-10-21,ELECTRICAL,MEDIUM,DEFERRED,8086.63,,,33
WO-2TQ5DXRBBA38,CA-IL-00000168,,2024-10-06,LANDSCAPING,MEDIUM,COMPLETED,14891.39,1887.42,2024-10-23,17
WO-IZBK00BXDDFK,CA-IL-00000168,,2024-10-01,ROOFING,MEDIUM,DEFERRED,4084.97,,,75
WO-IEKLFUZPM92I,CA-IL-00000168,,2024-10-14,PLUMBING,MEDIUM,OPEN,288.02,,,107
WO-SQP6BAKKTMBO,CA-IL-00000168,,2024-11-21,LANDSCAPING,MEDIUM,COMPLETED,10399.52,7490.33,2024-12-12,21
WO-6NPEQCLF4NQB,CA-IL-00000168,,2024-12-17,GENERAL,MEDIUM,OPEN,14604.35,,,24
WO-GLJJU7VFG44Y,CA-IL-00000168,,2024-12-26,HVAC,MEDIUM,COMPLETED,7985.02,4204.34,2025-01-16,21
WO-NURCOV4ZYQXH,CA-IL-00000168,,2025-01-24,STRUCTURAL,HIGH,COMPLETED,12071.11,2588.19,2025-01-29,5
WO-IRBXHPLF7U5D,CA-IL-00000168,,2025-03-04,GENERAL,LOW,COMPLETED,706.92,10543.02,2025-03-14,10
WO-ITXWUP73LHEH,CA-IL-00000168,,2025-04-20,GENERAL,EMERGENCY,DEFERRED,11913.39,,,26
WO-NN5X6VN3HYHZ,CA-IL-00000168,,2025-04-26,GENERAL,LOW,COMPLETED,12215.72,7058.5,2025-04-27,1
WO-AHD1U0QN9CM9,CA-IL-00000168,,2025-04-17,HVAC,MEDIUM,COMPLETED,5771.11,9203.32,2025-05-06,19
WO-ZDLR9QU29HDF,CA-IL-00000168,,2025-04-04,HVAC,MEDIUM,COMPLETED,12048.98,5270.47,2025-04-13,9
WO-6GDAWSPQ1FV5,CA-IL-00000168,,2025-05-16,GENERAL,MEDIUM,COMPLETED,3158.04,11218.51,2025-06-05,20
WO-CZXGR9N3KVCN,CA-IL-00000168,,2025-05-17,LANDSCAPING,LOW,COMPLETED,204.26,2137.68,2025-05-19,2
WO-NIN8WTJCTH15,CA-IL-00000168,,2025-06-23,ROOFING,MEDIUM,COMPLETED,3511.93,2272.22,2025-07-14,21
WO-SONQ9Y8NIZX3,CA-IL-00000168,,2025-06-24,LANDSCAPING,LOW,COMPLETED,8010.22,3575.62,2025-07-07,13
WO-V53RZSCB2D6O,CA-MA-00000169,,2024-01-28,LANDSCAPING,HIGH,COMPLETED,1374.43,10993.89,2024-01-29,1
WO-JFIESL10TZHC,CA-MA-00000169,,2024-01-25,GENERAL,LOW,COMPLETED,12875.05,2817.75,2024-02-13,19
WO-OMMH5ISEUP4G,CA-MA-00000169,,2024-02-28,STRUCTURAL,EMERGENCY,COMPLETED,3284.27,389.04,2024-03-03,4
WO-S8RSZ9LQ0GC7,CA-MA-00000169,,2024-02-24,ROOFING,LOW,COMPLETED,1571.92,10665.87,2024-03-02,7
WO-DTFLUQ6VX5BB,CA-MA-00000169,,2024-03-11,PLUMBING,MEDIUM,COMPLETED,12838.34,3369.43,2024-03-19,8
WO-IHVTFQJ6A5V5,CA-MA-00000169,,2024-04-14,LANDSCAPING,HIGH,COMPLETED,14856.59,6718.64,2024-05-03,19
WO-NHBV47Q2K4BT,CA-MA-00000169,,2024-05-03,STRUCTURAL,HIGH,COMPLETED,8295.78,208.15,2024-05-24,21
WO-BN0LMVXARCRP,CA-MA-00000169,,2024-07-25,PLUMBING,MEDIUM,COMPLETED,4878.85,6331.18,2024-08-04,10
WO-2WJI5T5KQ6NQ,CA-MA-00000169,,2024-07-10,GENERAL,LOW,COMPLETED,14635.06,11632.83,2024-07-12,2
WO-MTK40J3MNWNN,CA-MA-00000169,,2024-09-16,ROOFING,MEDIUM,COMPLETED,6322.87,855.92,2024-10-02,16
WO-7G8HUB83ECO5,CA-MA-00000169,,2024-10-15,ROOFING,MEDIUM,COMPLETED,240.13,8060.99,2024-10-30,15
WO-RG9MVMYI9BQD,CA-MA-00000169,,2024-10-19,GENERAL,MEDIUM,COMPLETED,7966.13,161.36,2024-10-22,3
WO-Q69G0BKJ1UO4,CA-MA-00000169,,2024-12-15,HVAC,LOW,COMPLETED,8864.07,9129.18,2025-01-01,17
WO-FXWEUS25B7KT,CA-MA-00000169,,2024-12-02,LANDSCAPING,LOW,COMPLETED,7365.21,214.58,2024-12-18,16
WO-9PYWN31GA8B5,CA-MA-00000169,,2025-01-04,ELEVATOR,LOW,COMPLETED,7664.11,4614.31,2025-01-21,17
WO-INAC4LUC6R4G,CA-MA-00000169,,2025-02-13,ELECTRICAL,MEDIUM,COMPLETED,10861.32,5764.28,2025-02-20,7
WO-QATAOG8DQAL0,CA-MA-00000169,,2025-02-14,ELECTRICAL,MEDIUM,COMPLETED,11535.24,11046.14,2025-02-19,5
WO-KV3UGMWCF80H,CA-MA-00000169,,2025-06-18,HVAC,LOW,COMPLETED,5674.5,4683.7,2025-06-22,4
WO-XNZGCSA31F90,CA-AZ-00000170,,2024-01-04,GENERAL,MEDIUM,COMPLETED,1669.24,9948.5,2024-01-18,14
WO-V96JQZBVWNS9,CA-AZ-00000170,,2024-04-26,GENERAL,HIGH,COMPLETED,4099.96,8369.99,2024-04-29,3
WO-EOTKNCWEYEIM,CA-AZ-00000170,,2024-05-24,ELEVATOR,HIGH,COMPLETED,9309.78,10975.77,2024-06-14,21
WO-F8WNV97Z4VD5,CA-AZ-00000170,,2024-05-10,HVAC,LOW,COMPLETED,12503.99,5768.91,2024-05-21,11
WO-0CZZSHVHZ5KJ,CA-AZ-00000170,,2024-06-08,PLUMBING,LOW,COMPLETED,13622.83,10699.65,2024-06-09,1
WO-003S3Z1HS1BH,CA-AZ-00000170,,2024-07-25,PLUMBING,HIGH,COMPLETED,1805.3,2522.35,2024-08-13,19
WO-U1WTV6E9RYFO,CA-AZ-00000170,,2024-08-18,HVAC,LOW,COMPLETED,9025.16,4409.78,2024-08-31,13
WO-TYMKTHTVYPBO,CA-AZ-00000170,,2024-09-25,PLUMBING,MEDIUM,COMPLETED,7203.26,3598.57,2024-09-29,4
WO-GBKS17AUK46V,CA-AZ-00000170,,2024-10-04,STRUCTURAL,MEDIUM,COMPLETED,4974.56,908.34,2024-10-09,5
WO-WFGRU4MI2R1U,CA-AZ-00000170,,2024-11-19,GENERAL,HIGH,COMPLETED,12025.26,11029.35,2024-12-02,13
WO-SZSCSVKCG2QD,CA-AZ-00000170,,2025-02-02,STRUCTURAL,LOW,COMPLETED,14494.91,10562.88,2025-02-06,4
WO-0R3L41S4GUC4,CA-AZ-00000170,,2025-03-24,HVAC,MEDIUM,COMPLETED,6100.14,4376.06,2025-04-03,10
WO-0CPMMJ98OAHJ,CA-AZ-00000170,,2025-05-19,ROOFING,MEDIUM,COMPLETED,299.43,11148.7,2025-06-07,19
WO-RQ8E4P2ZYYJ6,CA-AZ-00000170,,2025-06-23,LANDSCAPING,MEDIUM,DEFERRED,4220.34,,,106
WO-O68KA4XMV7NC,CA-IL-00000171,,2024-01-01,ROOFING,EMERGENCY,COMPLETED,6558.64,1882.48,2024-01-15,14
WO-IJZOXCWFJYMH,CA-IL-00000171,,2024-01-24,LANDSCAPING,LOW,COMPLETED,14967.08,4893.2,2024-02-01,8
WO-PKUYJBA84X7T,CA-IL-00000171,,2024-02-20,PLUMBING,HIGH,COMPLETED,7844.29,3044.65,2024-03-05,14
WO-V92Q7GMGO01Y,CA-IL-00000171,,2024-05-19,HVAC,MEDIUM,COMPLETED,7604.88,5410.43,2024-06-03,15
WO-VNJ6OYKUR1Z8,CA-IL-00000171,,2024-07-09,HVAC,HIGH,COMPLETED,12543.38,8829.27,2024-07-27,18
WO-PXT9BYJ6I7C6,CA-IL-00000171,,2024-07-22,ROOFING,HIGH,COMPLETED,7962.26,5215.6,2024-07-26,4
WO-D2HMZF4KLZG2,CA-IL-00000171,,2024-08-02,LANDSCAPING,LOW,COMPLETED,4783.17,5436.11,2024-08-18,16
WO-3PJRAG74EM2W,CA-IL-00000171,,2024-09-13,LANDSCAPING,HIGH,COMPLETED,13421.45,9180.62,2024-09-29,16
WO-TQMYN99MD08E,CA-IL-00000171,,2024-10-09,STRUCTURAL,MEDIUM,COMPLETED,11307.2,1084.94,2024-10-23,14
WO-GBGZGPNQYVL5,CA-IL-00000171,,2024-10-22,HVAC,MEDIUM,COMPLETED,3371.09,2248.78,2024-11-03,12
WO-XCTXKNZEOWL2,CA-IL-00000171,,2024-12-18,HVAC,MEDIUM,COMPLETED,1791.29,7700.54,2025-01-07,20
WO-Y6ID7SFI5WJS,CA-IL-00000171,,2025-01-19,ROOFING,HIGH,COMPLETED,5563.69,4430.0,2025-02-01,13
WO-XJQIFSGLOJMH,CA-IL-00000171,,2025-02-18,LANDSCAPING,MEDIUM,OPEN,818.72,,,29
WO-74HAJW2CXU24,CA-IL-00000171,,2025-03-27,GENERAL,MEDIUM,COMPLETED,12434.86,10863.35,2025-04-05,9
WO-7H6N0IUMP4Z7,CA-IL-00000171,,2025-03-24,HVAC,MEDIUM,COMPLETED,1763.42,11912.86,2025-03-26,2
WO-Z4JRRW6IVH79,CA-IL-00000171,,2025-05-15,LANDSCAPING,MEDIUM,COMPLETED,10662.42,5797.39,2025-05-25,10
WO-N1JWI0UR0Q71,CA-MA-00000172,,2024-01-21,ELECTRICAL,HIGH,COMPLETED,2225.49,287.86,2024-02-06,16
WO-Q47UQ42MCWO5,CA-MA-00000172,,2024-01-07,GENERAL,HIGH,OPEN,13453.14,,,126
WO-GNYE5IGQWX1R,CA-MA-00000172,,2024-01-07,HVAC,LOW,COMPLETED,12462.81,10639.53,2024-01-18,11
WO-F3G1SZVELUW4,CA-MA-00000172,,2024-01-18,HVAC,MEDIUM,DEFERRED,1461.22,,,59
WO-CUWGTLQUADSW,CA-MA-00000172,,2024-01-01,HVAC,HIGH,COMPLETED,737.63,9214.48,2024-01-18,17
WO-LFQA7MAJ0E3S,CA-MA-00000172,,2024-01-20,LANDSCAPING,MEDIUM,COMPLETED,2423.24,5314.19,2024-02-10,21
WO-F9H1TMUJ30XA,CA-MA-00000172,,2024-01-21,GENERAL,MEDIUM,OPEN,14183.13,,,45
WO-OI89VV3VRGMB,CA-MA-00000172,,2024-01-04,HVAC,EMERGENCY,DEFERRED,6008.17,,,75
WO-5U3UBX6IOU61,CA-MA-00000172,,2024-02-27,PLUMBING,LOW,COMPLETED,2178.91,976.43,2024-03-05,7
WO-0I5KC1BY5X50,CA-MA-00000172,,2024-02-21,ELEVATOR,HIGH,COMPLETED,1300.68,10782.29,2024-02-27,6
WO-MOX5TT5VHNZY,CA-MA-00000172,,2024-02-02,LANDSCAPING,HIGH,OPEN,8945.66,,,13
WO-5S4FSMRCI6CB,CA-MA-00000172,,2024-02-27,GENERAL,HIGH,COMPLETED,13284.9,6438.92,2024-03-14,16
WO-YH6ZH27KL7UE,CA-MA-00000172,,2024-02-26,GENERAL,MEDIUM,COMPLETED,8031.16,10473.47,2024-03-15,18
WO-LBW5MSIWWBRM,CA-MA-00000172,,2024-02-05,HVAC,LOW,COMPLETED,9950.49,7036.3,2024-02-20,15
WO-96H156VDLB80,CA-MA-00000172,,2024-02-17,PLUMBING,HIGH,COMPLETED,3231.21,167.34,2024-02-27,10
WO-MQUZATS17CBD,CA-MA-00000172,,2024-02-03,ELECTRICAL,MEDIUM,COMPLETED,4039.82,11304.74,2024-02-19,16
WO-3ZL9T7BFIG79,CA-MA-00000172,,2024-02-24,HVAC,MEDIUM,COMPLETED,10700.41,1308.1,2024-03-03,8
WO-GJ4BZ9FUR8AN,CA-MA-00000172,,2024-02-10,ELECTRICAL,EMERGENCY,OPEN,7398.57,,,102
WO-8IQJSYW7E7PA,CA-MA-00000172,,2024-03-20,ELECTRICAL,LOW,COMPLETED,12555.69,10219.08,2024-04-05,16
WO-7OZD2R2E4KPT,CA-MA-00000172,,2024-03-15,HVAC,MEDIUM,COMPLETED,9089.92,349.5,2024-04-05,21
WO-NXSWXBATHHGC,CA-MA-00000172,,2024-03-19,LANDSCAPING,LOW,DEFERRED,1902.23,,,53
WO-16DY3442QUWK,CA-MA-00000172,,2024-04-13,PLUMBING,MEDIUM,COMPLETED,6125.23,9696.99,2024-04-23,10
WO-JJAU0NF6H1DS,CA-MA-00000172,,2024-04-24,ELEVATOR,LOW,COMPLETED,6719.55,7668.29,2024-05-06,12
WO-8FCWI6RT4LL2,CA-MA-00000172,,2024-04-09,PLUMBING,MEDIUM,OPEN,1578.39,,,38
WO-AN6PUSTD7MHT,CA-MA-00000172,,2024-04-18,ELEVATOR,MEDIUM,COMPLETED,6356.62,5929.92,2024-05-02,14
WO-C8D6CNW9ZEZR,CA-MA-00000172,,2024-05-22,HVAC,HIGH,COMPLETED,13048.17,1286.93,2024-06-06,15
WO-A92KFQZB32W1,CA-MA-00000172,,2024-05-09,LANDSCAPING,MEDIUM,OPEN,11224.91,,,22
WO-PJ3YWDLG4HZE,CA-MA-00000172,,2024-05-19,ELEVATOR,MEDIUM,COMPLETED,5959.7,4973.65,2024-05-30,11
WO-1TDW576MQX2L,CA-MA-00000172,,2024-05-17,GENERAL,MEDIUM,OPEN,4628.24,,,124
WO-GIF7Y163XRQF,CA-MA-00000172,,2024-05-11,GENERAL,EMERGENCY,COMPLETED,1040.24,8962.16,2024-05-19,8
WO-BBD3SQRSXB3T,CA-MA-00000172,,2024-06-20,LANDSCAPING,LOW,COMPLETED,9086.42,3416.08,2024-06-26,6
WO-R9ONTWCXUIQ3,CA-MA-00000172,,2024-07-06,HVAC,HIGH,COMPLETED,3299.38,2576.47,2024-07-27,21
WO-3HBH6XJI3ZBH,CA-MA-00000172,,2024-07-09,GENERAL,MEDIUM,DEFERRED,1821.39,,,42
WO-BE9IA1COYLSG,CA-MA-00000172,,2024-07-08,PLUMBING,LOW,OPEN,2859.1,,,21
WO-PED69O9I1XY5,CA-MA-00000172,,2024-07-04,ROOFING,LOW,COMPLETED,5645.81,6102.79,2024-07-07,3
WO-Y0BO3T7L556M,CA-MA-00000172,,2024-07-15,ROOFING,HIGH,DEFERRED,7237.93,,,64
WO-MTKI96YWMH9X,CA-MA-00000172,,2024-07-03,ROOFING,HIGH,DEFERRED,3773.08,,,15
WO-AGWOMCR3SZWC,CA-MA-00000172,,2024-08-03,GENERAL,MEDIUM,DEFERRED,2002.41,,,17
WO-5QMHP16H6LQJ,CA-MA-00000172,,2024-08-20,ELEVATOR,MEDIUM,COMPLETED,1387.25,5441.9,2024-09-04,15
WO-KQVSGIV0P1MG,CA-MA-00000172,,2024-08-04,ROOFING,HIGH,DEFERRED,8378.65,,,78
WO-2JLOB3BN90WB,CA-MA-00000172,,2024-08-10,GENERAL,HIGH,DEFERRED,7401.57,,,26
WO-M0MG9OAK7TBU,CA-MA-00000172,,2024-08-02,GENERAL,MEDIUM,COMPLETED,12113.43,6247.94,2024-08-23,21
WO-YMVW2W73JT2P,CA-MA-00000172,,2024-09-08,LANDSCAPING,MEDIUM,DEFERRED,9302.48,,,69
WO-KRDUU8LIQ8OC,CA-MA-00000172,,2024-09-17,GENERAL,MEDIUM,COMPLETED,6932.69,4330.69,2024-10-03,16
WO-V7RB32UIXNDS,CA-MA-00000172,,2024-09-01,GENERAL,LOW,COMPLETED,291.76,9624.75,2024-09-21,20
WO-I6N634YC7WXO,CA-MA-00000172,,2024-09-11,ROOFING,MEDIUM,COMPLETED,4527.67,3099.74,2024-10-02,21
WO-FXE8CTCK61UG,CA-MA-00000172,,2024-10-27,GENERAL,MEDIUM,OPEN,4594.67,,,52
WO-QPNLGK46EZPQ,CA-MA-00000172,,2024-10-20,PLUMBING,HIGH,COMPLETED,11520.46,8430.64,2024-11-09,20
WO-HPY1R3BK2S3B,CA-MA-00000172,,2024-10-25,LANDSCAPING,LOW,COMPLETED,7182.53,6322.46,2024-11-05,11
WO-8T7QT9HR7JNI,CA-MA-00000172,,2024-11-14,ELECTRICAL,MEDIUM,OPEN,1758.41,,,90
WO-FPB5XD448YVD,CA-MA-00000172,,2024-11-24,HVAC,MEDIUM,DEFERRED,9362.37,,,224
WO-9HFP86U3EYET,CA-MA-00000172,,2024-12-08,ROOFING,HIGH,OPEN,12050.51,,,58
WO-1LDWL3OXLRP6,CA-MA-00000172,,2024-12-26,ROOFING,LOW,DEFERRED,6049.27,,,102
WO-4R4N97ZIJRZP,CA-MA-00000172,,2024-12-22,LANDSCAPING,HIGH,COMPLETED,3271.14,1659.86,2025-01-02,11
WO-2GNYV5X50Q5N,CA-MA-00000172,,2024-12-01,ELECTRICAL,EMERGENCY,DEFERRED,7726.95,,,13
WO-1DJERSMWH3IW,CA-MA-00000172,,2024-12-28,ELECTRICAL,MEDIUM,OPEN,4070.36,,,181
WO-XYO8JNE0Z1IY,CA-MA-00000172,,2024-12-21,GENERAL,LOW,DEFERRED,5909.01,,,101
WO-FNIGE0F78PVN,CA-MA-00000172,,2024-12-15,HVAC,MEDIUM,COMPLETED,1847.47,3178.17,2025-01-05,21
WO-DKDAFK750580,CA-MA-00000172,,2024-12-19,LANDSCAPING,LOW,COMPLETED,12612.22,428.88,2024-12-21,2
WO-DX0I3SLB9AJC,CA-MA-00000172,,2024-12-11,LANDSCAPING,MEDIUM,DEFERRED,7992.23,,,37
WO-KTZN0XV02S69,CA-MA-00000172,,2024-12-18,HVAC,EMERGENCY,COMPLETED,5300.31,658.56,2025-01-07,20
WO-IEEIRAG3ZTA8,CA-MA-00000172,,2024-12-07,GENERAL,MEDIUM,DEFERRED,1215.85,,,146
WO-4HS6ZIUYZLQ4,CA-MA-00000172,,2025-01-04,ROOFING,LOW,COMPLETED,2573.98,11630.09,2025-01-25,21
WO-Y0F825GVDB9L,CA-MA-00000172,,2025-01-12,ROOFING,MEDIUM,COMPLETED,11439.28,884.38,2025-01-20,8
WO-XPACZJPUD1S6,CA-MA-00000172,,2025-01-01,GENERAL,HIGH,OPEN,13069.26,,,37
WO-26037S8I2QOT,CA-MA-00000172,,2025-01-13,ELECTRICAL,MEDIUM,COMPLETED,11546.0,11643.12,2025-01-22,9
WO-76NSX5X8GH6Q,CA-MA-00000172,,2025-02-22,HVAC,HIGH,COMPLETED,6630.18,4603.34,2025-03-07,13
WO-O238OV9SUSBF,CA-MA-00000172,,2025-02-24,PLUMBING,HIGH,COMPLETED,10700.14,461.19,2025-03-17,21
WO-2TNNW34L2L3X,CA-MA-00000172,,2025-02-14,LANDSCAPING,LOW,OPEN,7825.75,,,23
WO-4COSPO2OCRY3,CA-MA-00000172,,2025-02-19,PLUMBING,MEDIUM,COMPLETED,10870.93,7829.37,2025-03-08,17
WO-M80Y9UZLFA5L,CA-MA-00000172,,2025-02-09,ROOFING,HIGH,OPEN,2122.07,,,123
WO-AE224Y4RCXMC,CA-MA-00000172,,2025-02-03,STRUCTURAL,MEDIUM,OPEN,5536.65,,,23
WO-KQO93OAZDJC7,CA-MA-00000172,,2025-03-17,LANDSCAPING,MEDIUM,DEFERRED,10492.26,,,26
WO-73Q9YPIFZLXR,CA-MA-00000172,,2025-03-06,LANDSCAPING,MEDIUM,COMPLETED,11472.09,3042.59,2025-03-13,7
WO-APLGPHMHI2OU,CA-MA-00000172,,2025-03-12,ELEVATOR,HIGH,OPEN,11251.26,,,100
WO-E21B3BIMY3XZ,CA-MA-00000172,,2025-04-02,ELECTRICAL,MEDIUM,COMPLETED,11266.47,1909.15,2025-04-11,9
WO-SNL6BT92ZKM5,CA-MA-00000172,,2025-04-10,GENERAL,MEDIUM,COMPLETED,10664.65,9014.31,2025-04-12,2
WO-BTWGZ7PMR6OA,CA-MA-00000172,,2025-04-14,ROOFING,MEDIUM,COMPLETED,5887.15,6017.09,2025-05-02,18
WO-N7PP9FBUABE2,CA-MA-00000172,,2025-04-25,PLUMBING,HIGH,DEFERRED,3608.54,,,18
WO-EQPUD1J35AKE,CA-MA-00000172,,2025-05-26,GENERAL,EMERGENCY,COMPLETED,3502.78,6674.05,2025-06-07,12
WO-T8SCFC8MEDOM,CA-MA-00000172,,2025-05-13,PLUMBING,MEDIUM,DEFERRED,6286.81,,,53
WO-6N9I9Z8WNA8J,CA-MA-00000172,,2025-05-22,LANDSCAPING,LOW,COMPLETED,8603.13,9160.58,2025-06-04,13
WO-YPZ1OTOFCER2,CA-MA-00000172,,2025-05-14,ELECTRICAL,LOW,COMPLETED,3460.01,2208.38,2025-05-28,14
WO-3CKUSVU46MCI,CA-MA-00000172,,2025-06-19,PLUMBING,MEDIUM,COMPLETED,10623.61,7712.07,2025-07-09,20
WO-7G4JJ7R5RWRZ,CA-MA-00000172,,2025-06-24,HVAC,MEDIUM,OPEN,7867.27,,,21
WO-GIT34KUDZM1H,CA-PA-00000173,,2024-01-02,ROOFING,MEDIUM,COMPLETED,7453.84,1903.9,2024-01-23,21
WO-BTYY3K4W2BCN,CA-PA-00000173,,2024-01-04,ELEVATOR,LOW,COMPLETED,10708.88,8251.08,2024-01-09,5
WO-ESAA7W1P0MQS,CA-PA-00000173,,2024-01-12,HVAC,MEDIUM,DEFERRED,14667.09,,,27
WO-3W0KDLZS7GCQ,CA-PA-00000173,,2024-01-22,GENERAL,HIGH,DEFERRED,3406.57,,,42
WO-S5H988LV05FE,CA-PA-00000173,,2024-01-09,LANDSCAPING,HIGH,COMPLETED,1505.66,7926.58,2024-01-22,13
WO-BWJWIAWZ7DVG,CA-PA-00000173,,2024-01-23,PLUMBING,HIGH,COMPLETED,8913.19,804.16,2024-02-10,18
WO-D1PT4DU0Z7V8,CA-PA-00000173,,2024-01-21,ELECTRICAL,MEDIUM,COMPLETED,14678.04,1606.2,2024-01-30,9
WO-8Y7IYVLOHL8H,CA-PA-00000173,,2024-01-07,LANDSCAPING,LOW,OPEN,1548.27,,,40
WO-H5I9VIA8QH6D,CA-PA-00000173,,2024-01-06,ROOFING,HIGH,COMPLETED,8739.44,7697.48,2024-01-18,12
WO-VSIWDGBEC52Q,CA-PA-00000173,,2024-01-08,ROOFING,MEDIUM,DEFERRED,13948.26,,,38
WO-DIIRNHT993XM,CA-PA-00000173,,2024-02-04,HVAC,MEDIUM,DEFERRED,3002.15,,,116
WO-1RM55V2PXGB1,CA-PA-00000173,,2024-02-24,LANDSCAPING,LOW,OPEN,10311.53,,,42
WO-KHL395GSAAFF,CA-PA-00000173,,2024-02-06,GENERAL,HIGH,COMPLETED,11316.84,3095.6,2024-02-14,8
WO-8K11L6ATN4ZR,CA-PA-00000173,,2024-02-21,LANDSCAPING,MEDIUM,COMPLETED,11776.6,2556.41,2024-03-13,21
WO-IM22L2DJYZ58,CA-PA-00000173,,2024-02-18,ROOFING,HIGH,COMPLETED,8648.1,3695.45,2024-03-01,12
WO-AEMFUJ4JEEUS,CA-PA-00000173,,2024-02-06,GENERAL,HIGH,DEFERRED,10646.32,,,20
WO-7DO05P6HRP3X,CA-PA-00000173,,2024-03-01,LANDSCAPING,MEDIUM,COMPLETED,7960.77,8917.02,2024-03-06,5
WO-0BMGLS8L93OV,CA-PA-00000173,,2024-03-09,HVAC,MEDIUM,COMPLETED,4681.41,10664.15,2024-03-19,10
WO-AXGOCMR4OT99,CA-PA-00000173,,2024-03-06,GENERAL,MEDIUM,OPEN,4043.1,,,50
WO-V767Z7NW04FD,CA-PA-00000173,,2024-03-07,PLUMBING,MEDIUM,DEFERRED,5131.93,,,217
WO-A1O3JLOYEBUW,CA-PA-00000173,,2024-03-09,HVAC,MEDIUM,DEFERRED,758.8,,,9
WO-W41FU0LJY7U6,CA-PA-00000173,,2024-03-12,HVAC,MEDIUM,OPEN,14568.87,,,63
WO-II50RN0V29WP,CA-PA-00000173,,2024-03-06,HVAC,HIGH,OPEN,8886.07,,,253
WO-AC6R2DZ57O96,CA-PA-00000173,,2024-03-28,HVAC,LOW,OPEN,5406.4,,,41
WO-Y72PBPPUQKVM,CA-PA-00000173,,2024-04-28,LANDSCAPING,EMERGENCY,OPEN,10063.95,,,69
WO-BQT5ZN6E21VF,CA-PA-00000173,,2024-04-04,HVAC,LOW,OPEN,7274.14,,,34
WO-QCFQJ9747KI6,CA-PA-00000173,,2024-04-08,GENERAL,MEDIUM,COMPLETED,9374.62,4937.64,2024-04-24,16
WO-JCOBXTJ3YC35,CA-PA-00000173,,2024-04-10,GENERAL,MEDIUM,COMPLETED,14025.08,6495.66,2024-04-22,12
WO-DF5ASVF4X1LE,CA-PA-00000173,,2024-04-22,PLUMBING,LOW,COMPLETED,6833.57,3456.15,2024-04-28,6
WO-E5QILSLPD4GK,CA-PA-00000173,,2024-05-26,PLUMBING,MEDIUM,COMPLETED,4873.39,8216.85,2024-06-10,15
WO-6SIKB4JA6SYT,CA-PA-00000173,,2024-05-23,ELEVATOR,HIGH,COMPLETED,1929.22,3702.47,2024-05-27,4
WO-Y75HZ6SU0TJI,CA-PA-00000173,,2024-05-04,ROOFING,LOW,COMPLETED,10145.65,1204.97,2024-05-14,10
WO-N3QSW3U37F5D,CA-PA-00000173,,2024-05-13,HVAC,MEDIUM,OPEN,14137.79,,,41
WO-EGX60SKEZZL7,CA-PA-00000173,,2024-06-02,STRUCTURAL,MEDIUM,COMPLETED,4722.21,8149.47,2024-06-07,5
WO-2AF1X83ISQ1I,CA-PA-00000173,,2024-06-04,ELEVATOR,MEDIUM,DEFERRED,8582.76,,,145
WO-06RYJ07B330C,CA-PA-00000173,,2024-06-17,STRUCTURAL,LOW,COMPLETED,4750.41,6860.96,2024-06-18,1
WO-8TAYNRVHJAAF,CA-PA-00000173,,2024-06-22,STRUCTURAL,MEDIUM,COMPLETED,1980.68,9140.15,2024-06-28,6
WO-0X09KIFGPTB8,CA-PA-00000173,,2024-07-01,HVAC,MEDIUM,DEFERRED,12107.8,,,66
WO-66E0T9BEUX34,CA-PA-00000173,,2024-07-09,LANDSCAPING,MEDIUM,COMPLETED,8251.26,5380.57,2024-07-21,12
WO-58JE7EWL32JG,CA-PA-00000173,,2024-07-02,ELECTRICAL,EMERGENCY,COMPLETED,9249.69,7383.47,2024-07-16,14
WO-0X970OWKMJ98,CA-PA-00000173,,2024-07-16,HVAC,MEDIUM,OPEN,14246.76,,,104
WO-NLO8UQ8DAK69,CA-PA-00000173,,2024-07-25,PLUMBING,MEDIUM,OPEN,13163.53,,,44
WO-5C9RD16NM6ZG,CA-PA-00000173,,2024-07-15,LANDSCAPING,MEDIUM,COMPLETED,4662.76,10445.0,2024-07-27,12
WO-19FT3UDMH65L,CA-PA-00000173,,2024-08-03,GENERAL,LOW,COMPLETED,7041.95,11397.28,2024-08-08,5
WO-4QDGI1KUOR6X,CA-PA-00000173,,2024-08-05,ROOFING,MEDIUM,COMPLETED,1283.97,9381.42,2024-08-12,7
WO-7AR1I4BK2U5R,CA-PA-00000173,,2024-08-21,LANDSCAPING,HIGH,DEFERRED,14531.21,,,33
WO-DQJXBN1J4R8F,CA-PA-00000173,,2024-09-28,STRUCTURAL,EMERGENCY,DEFERRED,9715.34,,,23
WO-C23L73IGLPT7,CA-PA-00000173,,2024-09-20,LANDSCAPING,HIGH,COMPLETED,7270.16,1930.74,2024-09-30,10
WO-MMF3C5DZEFMT,CA-PA-00000173,,2024-09-09,HVAC,MEDIUM,OPEN,2062.5,,,36
WO-DI5A40BIKRUN,CA-PA-00000173,,2024-09-09,ELEVATOR,MEDIUM,COMPLETED,11483.5,10358.91,2024-09-13,4
WO-EQLOJDZS4V9O,CA-PA-00000173,,2024-09-04,ROOFING,MEDIUM,DEFERRED,1051.83,,,36
WO-Q30NRZ3OD203,CA-PA-00000173,,2024-10-07,PLUMBING,HIGH,COMPLETED,14769.28,10442.42,2024-10-25,18
WO-2UQEQSEKQTJ5,CA-PA-00000173,,2024-10-15,ELECTRICAL,HIGH,DEFERRED,13866.24,,,5
WO-VLDBHV6ZWE40,CA-PA-00000173,,2024-10-13,LANDSCAPING,LOW,OPEN,14336.55,,,47
WO-0NNGXCS4SZJB,CA-PA-00000173,,2024-10-16,ROOFING,LOW,COMPLETED,3513.65,9952.96,2024-10-22,6
WO-8KJLE73NQ859,CA-PA-00000173,,2024-10-22,HVAC,MEDIUM,OPEN,678.73,,,217
WO-Z8C73KXR4B71,CA-PA-00000173,,2024-10-05,LANDSCAPING,MEDIUM,OPEN,8071.59,,,60
WO-S2R6NNROZAPJ,CA-PA-00000173,,2024-10-09,ELEVATOR,MEDIUM,COMPLETED,9984.0,6416.75,2024-10-23,14
WO-9YC3UE54EJ5V,CA-PA-00000173,,2024-10-11,GENERAL,MEDIUM,DEFERRED,3091.79,,,99
WO-YQ7FGJ2Y1WMF,CA-PA-00000173,,2024-10-12,ELECTRICAL,EMERGENCY,COMPLETED,2749.76,11975.93,2024-10-25,13
WO-2BP7LMC8Z036,CA-PA-00000173,,2024-10-23,HVAC,HIGH,COMPLETED,3016.99,11878.18,2024-11-10,18
WO-0MKMXM493SMC,CA-PA-00000173,,2024-11-04,ELEVATOR,MEDIUM,COMPLETED,2452.49,8642.32,2024-11-07,3
WO-TLUL0D7K8QAX,CA-PA-00000173,,2024-11-23,ELEVATOR,MEDIUM,OPEN,12997.2,,,32
WO-Y5SNR8HEBHEW,CA-PA-00000173,,2024-11-21,GENERAL,MEDIUM,OPEN,14303.58,,,9
WO-STSWKJTGWZI6,CA-PA-00000173,,2024-11-06,STRUCTURAL,MEDIUM,OPEN,779.97,,,64
WO-0NN1QKID0CN4,CA-PA-00000173,,2024-11-24,LANDSCAPING,LOW,OPEN,3640.95,,,29
WO-NEY652Z4941R,CA-PA-00000173,,2024-12-09,LANDSCAPING,MEDIUM,COMPLETED,6844.02,6035.79,2024-12-27,18
WO-YY36KGX6YINH,CA-PA-00000173,,2024-12-14,PLUMBING,MEDIUM,OPEN,12578.32,,,36
WO-1OLRX8EEY6ON,CA-PA-00000173,,2024-12-14,ELEVATOR,HIGH,DEFERRED,4960.47,,,220
WO-1YTWTX606BWR,CA-PA-00000173,,2025-01-05,HVAC,MEDIUM,DEFERRED,3340.58,,,64
WO-MF2QSUK8F9BD,CA-PA-00000173,,2025-01-27,PLUMBING,MEDIUM,OPEN,2006.21,,,37
WO-ZI511K1EQKRF,CA-PA-00000173,,2025-01-07,STRUCTURAL,HIGH,COMPLETED,5300.72,4262.59,2025-01-27,20
WO-HJTZXWHRU4N1,CA-PA-00000173,,2025-01-04,STRUCTURAL,LOW,OPEN,10980.68,,,21
WO-XLQJ4TSV9GSI,CA-PA-00000173,,2025-01-15,ROOFING,MEDIUM,COMPLETED,11156.74,7563.82,2025-02-02,18
WO-IY0GFR72CI9K,CA-PA-00000173,,2025-01-25,GENERAL,MEDIUM,OPEN,8882.75,,,79
WO-7YKYZI44S8QR,CA-PA-00000173,,2025-01-07,STRUCTURAL,MEDIUM,DEFERRED,7065.06,,,227
WO-9YREV6PIIXJ7,CA-PA-00000173,,2025-01-27,STRUCTURAL,MEDIUM,DEFERRED,14422.28,,,44
WO-7VKAQNF4KHWM,CA-PA-00000173,,2025-01-19,PLUMBING,MEDIUM,DEFERRED,616.18,,,8
WO-A1JEM3CH4D75,CA-PA-00000173,,2025-01-23,STRUCTURAL,MEDIUM,COMPLETED,10680.6,962.09,2025-02-02,10
WO-M6QJ5XUT73ZG,CA-PA-00000173,,2025-02-22,ELEVATOR,LOW,OPEN,499.73,,,120
WO-BWFZIB8VTNM5,CA-PA-00000173,,2025-02-14,PLUMBING,LOW,DEFERRED,14439.24,,,15
WO-MDP7G3FEFQD0,CA-PA-00000173,,2025-02-17,ROOFING,MEDIUM,COMPLETED,5565.1,8111.65,2025-03-08,19
WO-NPR1ARPSZTSX,CA-PA-00000173,,2025-02-12,LANDSCAPING,MEDIUM,COMPLETED,14651.3,8807.38,2025-03-01,17
WO-81ZHCSS4WV34,CA-PA-00000173,,2025-02-10,PLUMBING,MEDIUM,COMPLETED,13160.84,2376.79,2025-02-12,2
WO-6L85HHKTB8U8,CA-PA-00000173,,2025-02-20,PLUMBING,LOW,DEFERRED,10204.12,,,62
WO-K044SVWBBO8W,CA-PA-00000173,,2025-03-10,STRUCTURAL,EMERGENCY,COMPLETED,10997.89,9925.82,2025-03-12,2
WO-0EK0VS26ENM8,CA-PA-00000173,,2025-03-27,ELEVATOR,LOW,DEFERRED,13997.07,,,51
WO-NSICBN2XLB75,CA-PA-00000173,,2025-03-21,STRUCTURAL,MEDIUM,COMPLETED,402.12,4259.79,2025-03-30,9
WO-LXVYWK8P11EW,CA-PA-00000173,,2025-03-06,GENERAL,HIGH,OPEN,1056.09,,,29
WO-L6MLON1K3NHR,CA-PA-00000173,,2025-03-17,ROOFING,LOW,COMPLETED,2929.84,6773.62,2025-04-07,21
WO-LU7KHBNIQQLD,CA-PA-00000173,,2025-03-21,ELECTRICAL,LOW,DEFERRED,12175.91,,,123
WO-LRJ17PE21Y9T,CA-PA-00000173,,2025-04-01,PLUMBING,MEDIUM,DEFERRED,7498.9,,,16
WO-YS4EI81V2QQV,CA-PA-00000173,,2025-04-14,PLUMBING,MEDIUM,COMPLETED,2479.43,7061.4,2025-05-02,18
WO-FG125TJ4EK2U,CA-PA-00000173,,2025-04-11,GENERAL,MEDIUM,OPEN,7107.36,,,10
WO-X65D3HPSUS0R,CA-PA-00000173,,2025-04-13,ELECTRICAL,HIGH,DEFERRED,3715.18,,,149
WO-99N931E6BQ9N,CA-PA-00000173,,2025-05-28,GENERAL,MEDIUM,OPEN,3840.19,,,58
WO-5BXDV4BXCPS2,CA-PA-00000173,,2025-05-18,GENERAL,MEDIUM,COMPLETED,14586.26,1472.0,2025-05-25,7
WO-W2GV0VK4UDOQ,CA-PA-00000173,,2025-05-17,PLUMBING,LOW,COMPLETED,5457.0,1223.47,2025-06-03,17
WO-Z0ME6ZHZ6XAY,CA-PA-00000173,,2025-05-27,ELECTRICAL,MEDIUM,OPEN,3474.26,,,38
WO-J772RB47J0AZ,CA-PA-00000173,,2025-05-01,LANDSCAPING,MEDIUM,DEFERRED,11252.87,,,35
WO-NTNNBHMSVUYV,CA-PA-00000173,,2025-05-27,HVAC,MEDIUM,COMPLETED,9602.43,5777.29,2025-06-14,18
WO-7OOW06VJV2KR,CA-PA-00000173,,2025-06-10,LANDSCAPING,LOW,OPEN,3477.38,,,38
WO-KQHGKVQ02H6Z,CA-PA-00000173,,2025-06-22,PLUMBING,HIGH,DEFERRED,14295.8,,,10
WO-BVQ8U488ZD0D,CA-PA-00000173,,2025-06-04,GENERAL,LOW,DEFERRED,3637.12,,,30
WO-Z31F1YATD5IB,CA-TX-00000174,,2024-02-23,HVAC,HIGH,COMPLETED,12320.87,7447.54,2024-03-05,11
WO-0BL8VXC0RSQC,CA-TX-00000174,,2024-03-20,STRUCTURAL,LOW,COMPLETED,1742.03,11678.12,2024-04-10,21
WO-5RP7MH0WY5YW,CA-TX-00000174,,2024-04-21,STRUCTURAL,HIGH,COMPLETED,7646.37,2595.75,2024-05-05,14
WO-KFJJJ9O3RZGG,CA-TX-00000174,,2024-05-16,HVAC,LOW,COMPLETED,612.15,2590.81,2024-05-26,10
WO-8BSPB9ZY2YH2,CA-TX-00000174,,2024-05-18,LANDSCAPING,LOW,COMPLETED,4499.94,5676.44,2024-05-26,8
WO-O0PN6KVDLL5P,CA-TX-00000174,,2024-06-20,LANDSCAPING,MEDIUM,COMPLETED,991.99,9080.23,2024-07-02,12
WO-REFKPUUCAAYX,CA-TX-00000174,,2024-06-19,ELECTRICAL,MEDIUM,COMPLETED,4467.6,1178.03,2024-06-20,1
WO-N0ANF02WRWKG,CA-TX-00000174,,2024-07-07,LANDSCAPING,LOW,COMPLETED,13639.54,2051.74,2024-07-28,21
WO-XWUC78J5W4Z5,CA-TX-00000174,,2024-08-27,LANDSCAPING,MEDIUM,COMPLETED,4512.19,9482.08,2024-08-31,4
WO-1KLJDBTEPPBQ,CA-TX-00000174,,2024-10-20,HVAC,HIGH,DEFERRED,593.49,,,209
WO-V9BW3LVRX919,CA-TX-00000174,,2024-11-28,HVAC,HIGH,OPEN,9667.19,,,253
WO-LTHGKYMFWHMI,CA-TX-00000174,,2025-02-13,ELECTRICAL,MEDIUM,COMPLETED,855.14,8435.92,2025-02-18,5
WO-5VPC8LXMAC9S,CA-TX-00000174,,2025-03-18,STRUCTURAL,MEDIUM,COMPLETED,6359.59,8494.06,2025-04-08,21
WO-P1A6IG8TTJK9,CA-TX-00000174,,2025-04-28,ELECTRICAL,LOW,COMPLETED,8844.86,7196.51,2025-05-04,6
WO-3BFFX8RHZCIS,CA-TX-00000174,,2025-04-09,ELECTRICAL,LOW,OPEN,2278.79,,,53
WO-KKFKI5ZEYHNN,CA-TX-00000174,,2025-06-07,ELEVATOR,LOW,COMPLETED,9934.92,8205.28,2025-06-23,16
WO-ZJ0G5OTMLPCE,CA-IL-00000175,,2024-03-08,ELECTRICAL,LOW,COMPLETED,10918.82,9036.89,2024-03-16,8
WO-6JUFKIBPVHKP,CA-IL-00000175,,2024-04-06,LANDSCAPING,MEDIUM,COMPLETED,11107.1,5806.64,2024-04-23,17
WO-OX43OXG421RO,CA-IL-00000175,,2024-05-22,ROOFING,MEDIUM,COMPLETED,5041.97,1179.54,2024-05-25,3
WO-HLNT5JUWNWGH,CA-IL-00000175,,2024-09-02,ELECTRICAL,MEDIUM,COMPLETED,8215.1,11704.39,2024-09-10,8
WO-RI51A11A3DJ5,CA-IL-00000175,,2024-09-17,HVAC,MEDIUM,COMPLETED,1975.72,5122.9,2024-09-20,3
WO-K4QM94TONDKC,CA-IL-00000175,,2024-12-24,LANDSCAPING,LOW,COMPLETED,2368.36,8430.02,2024-12-27,3
WO-W6LBJFMUWI6C,CA-IL-00000175,,2025-02-07,LANDSCAPING,LOW,COMPLETED,7474.51,11086.57,2025-02-08,1
WO-4TX0NNIDNTE6,CA-IL-00000175,,2025-02-16,ROOFING,LOW,COMPLETED,3739.28,11558.78,2025-02-28,12
WO-JLD14G9PIW51,CA-IL-00000175,,2025-06-07,HVAC,LOW,COMPLETED,10229.3,4934.25,2025-06-24,17
WO-AD2UULNEC3B4,CA-CA-00000176,,2024-03-13,PLUMBING,LOW,COMPLETED,11778.86,6892.72,2024-03-30,17
WO-09GHO4A2HW3A,CA-CA-00000176,,2024-03-02,HVAC,MEDIUM,COMPLETED,2595.48,175.91,2024-03-17,15
WO-ADT7SP9E32R6,CA-CA-00000176,,2024-04-04,PLUMBING,MEDIUM,COMPLETED,4735.89,5556.42,2024-04-16,12
WO-CP7R6VU2C7QZ,CA-CA-00000176,,2024-05-26,ROOFING,LOW,COMPLETED,14980.24,1910.26,2024-05-28,2
WO-LZF2ORUJCVMB,CA-CA-00000176,,2024-06-21,LANDSCAPING,MEDIUM,COMPLETED,11592.58,9894.04,2024-07-03,12
WO-3TQJJ19H9G16,CA-CA-00000176,,2024-06-19,PLUMBING,LOW,COMPLETED,740.41,11275.88,2024-06-28,9
WO-0YEXP42R0RTP,CA-CA-00000176,,2024-07-23,ROOFING,HIGH,COMPLETED,5063.04,4423.62,2024-08-09,17
WO-LTVCW8G2U5TG,CA-CA-00000176,,2024-10-18,LANDSCAPING,LOW,COMPLETED,6531.53,1095.41,2024-10-24,6
WO-44O5LHYQO4N2,CA-CA-00000176,,2024-11-16,LANDSCAPING,HIGH,COMPLETED,5452.22,8345.42,2024-11-24,8
WO-9BVF2W5W7R0S,CA-CA-00000176,,2024-12-05,ELEVATOR,LOW,COMPLETED,3581.99,6641.19,2024-12-06,1
WO-MIY7I443LDRM,CA-CA-00000176,,2025-02-15,ELEVATOR,LOW,COMPLETED,304.69,9750.21,2025-02-26,11
WO-03HKZBT74L6P,CA-CA-00000176,,2025-04-27,ELEVATOR,MEDIUM,OPEN,12353.11,,,173
WO-UVE6EO572J3T,CA-NV-00000177,,2024-02-06,ELEVATOR,HIGH,COMPLETED,3683.58,1047.65,2024-02-25,19
WO-CGYQH9WKNUID,CA-NV-00000177,,2024-03-12,GENERAL,MEDIUM,COMPLETED,12776.3,4813.58,2024-03-14,2
WO-6F9K38WQNE00,CA-NV-00000177,,2024-04-15,PLUMBING,HIGH,DEFERRED,6103.69,,,36
WO-6BBSJC2G0GLX,CA-NV-00000177,,2024-05-19,HVAC,HIGH,COMPLETED,1774.12,3713.94,2024-06-05,17
WO-09MKJX1Q0S6E,CA-NV-00000177,,2024-07-15,ELEVATOR,HIGH,COMPLETED,1655.18,7106.4,2024-07-26,11
WO-07A0NESXH9HF,CA-NV-00000177,,2024-12-23,HVAC,MEDIUM,COMPLETED,4238.42,5303.99,2025-01-10,18
WO-VNGIQZCU581H,CA-NV-00000177,,2025-01-23,PLUMBING,LOW,COMPLETED,10232.71,2411.23,2025-01-24,1
WO-TK5VO79RQ86P,CA-NV-00000177,,2025-05-07,ELECTRICAL,MEDIUM,COMPLETED,8948.27,10126.33,2025-05-14,7
WO-021N9D5LC0RF,CA-NV-00000177,,2025-05-04,GENERAL,MEDIUM,COMPLETED,476.73,7134.33,2025-05-18,14
WO-4P98P89GFR82,CA-CO-00000178,,2024-01-28,ELECTRICAL,LOW,COMPLETED,13565.8,4757.4,2024-02-08,11
WO-4OO8TXZNKYBN,CA-CO-00000178,,2024-01-15,LANDSCAPING,HIGH,COMPLETED,2871.74,10560.71,2024-01-30,15
WO-IQAU4T93VMTC,CA-CO-00000178,,2024-01-25,STRUCTURAL,EMERGENCY,DEFERRED,356.67,,,180
WO-I08XYBJ87JVF,CA-CO-00000178,,2024-01-25,GENERAL,MEDIUM,OPEN,1432.27,,,19
WO-P3K3BEF431TU,CA-CO-00000178,,2024-01-03,GENERAL,MEDIUM,COMPLETED,2965.15,3098.92,2024-01-05,2
WO-RC1Z1BJ1M7OO,CA-CO-00000178,,2024-02-26,GENERAL,LOW,COMPLETED,10077.84,3879.62,2024-03-04,7
WO-8UYIHS0NAF8X,CA-CO-00000178,,2024-02-07,ROOFING,HIGH,OPEN,2287.04,,,28
WO-KOZYRVW4V2TI,CA-CO-00000178,,2024-02-07,PLUMBING,MEDIUM,DEFERRED,11556.26,,,36
WO-53HCB7A9LBQA,CA-CO-00000178,,2024-02-18,ROOFING,MEDIUM,COMPLETED,2936.53,8296.42,2024-02-28,10
WO-5767T9GSZ739,CA-CO-00000178,,2024-02-22,PLUMBING,HIGH,OPEN,9618.55,,,28
WO-RO00WOA1I2SA,CA-CO-00000178,,2024-02-04,ELECTRICAL,LOW,COMPLETED,10021.26,5684.29,2024-02-21,17
WO-YNHWB365E1KV,CA-CO-00000178,,2024-03-23,LANDSCAPING,LOW,COMPLETED,9496.33,1719.83,2024-04-06,14
WO-OGCK50H4C803,CA-CO-00000178,,2024-03-23,ROOFING,MEDIUM,DEFERRED,14128.83,,,481
WO-DP9ZJ0D6YD9M,CA-CO-00000178,,2024-03-11,PLUMBING,HIGH,DEFERRED,12041.05,,,107
WO-D528E92806JV,CA-CO-00000178,,2024-04-07,ELECTRICAL,LOW,DEFERRED,3939.41,,,80
WO-BYZ0L9E2917Q,CA-CO-00000178,,2024-04-11,STRUCTURAL,HIGH,COMPLETED,4710.16,1948.06,2024-04-30,19
WO-TBN8PCKB5N0A,CA-CO-00000178,,2024-04-20,LANDSCAPING,LOW,OPEN,3814.96,,,15
WO-WSTLXXDKZWAT,CA-CO-00000178,,2024-04-05,ROOFING,LOW,COMPLETED,9521.27,4716.51,2024-04-12,7
WO-4XJJEWXRMU0T,CA-CO-00000178,,2024-04-24,ELECTRICAL,HIGH,OPEN,10622.89,,,74
WO-2Q8XYN05FA19,CA-CO-00000178,,2024-04-27,ELECTRICAL,MEDIUM,DEFERRED,521.26,,,128
WO-WX212GNU696N,CA-CO-00000178,,2024-04-26,ELECTRICAL,HIGH,OPEN,7017.02,,,27
WO-QDRCW4JKI8UE,CA-CO-00000178,,2024-05-04,ELECTRICAL,MEDIUM,DEFERRED,2802.11,,,95
WO-1UZR7POC9T0O,CA-CO-00000178,,2024-05-09,STRUCTURAL,HIGH,OPEN,12995.7,,,240
WO-FV6MCAPNBCKS,CA-CO-00000178,,2024-05-19,HVAC,LOW,COMPLETED,9368.66,4469.49,2024-05-24,5
WO-BOWKHL2JFZL9,CA-CO-00000178,,2024-05-24,GENERAL,LOW,OPEN,1715.15,,,39
WO-PADES6PM1TF1,CA-CO-00000178,,2024-05-10,PLUMBING,MEDIUM,DEFERRED,8514.66,,,22
WO-C7XBSFWWN0I8,CA-CO-00000178,,2024-05-06,LANDSCAPING,MEDIUM,OPEN,13076.35,,,40
WO-0ZTIMZ185KTV,CA-CO-00000178,,2024-05-15,LANDSCAPING,MEDIUM,COMPLETED,5664.87,9239.18,2024-05-17,2
WO-11WXGC8QGPX7,CA-CO-00000178,,2024-06-05,STRUCTURAL,LOW,DEFERRED,4943.03,,,12
WO-028FVJBYMHZR,CA-CO-00000178,,2024-06-16,STRUCTURAL,HIGH,COMPLETED,2092.37,8826.72,2024-07-01,15
WO-JKTQ7S719E2D,CA-CO-00000178,,2024-06-02,PLUMBING,MEDIUM,COMPLETED,7697.66,5330.34,2024-06-21,19
WO-GAOLQK3HZ8ZT,CA-CO-00000178,,2024-06-28,PLUMBING,EMERGENCY,COMPLETED,6101.65,11888.13,2024-06-30,2
WO-BCFRD424YCIS,CA-CO-00000178,,2024-06-17,LANDSCAPING,MEDIUM,COMPLETED,11832.33,6537.3,2024-07-03,16
WO-C94VV8KQFMJW,CA-CO-00000178,,2024-06-28,STRUCTURAL,HIGH,DEFERRED,6437.01,,,10
WO-N96RKZ4QMZAW,CA-CO-00000178,,2024-06-04,ELEVATOR,LOW,COMPLETED,5549.54,8977.48,2024-06-20,16
WO-YOYVANQVGH4V,CA-CO-00000178,,2024-06-22,PLUMBING,LOW,DEFERRED,3560.9,,,58
WO-T7OLYEY5B7RS,CA-CO-00000178,,2024-07-21,LANDSCAPING,MEDIUM,COMPLETED,9417.25,8426.74,2024-07-24,3
WO-TJABZQIYOIN9,CA-CO-00000178,,2024-07-07,GENERAL,MEDIUM,DEFERRED,14297.51,,,54
WO-PTWDNSBCCD0I,CA-CO-00000178,,2024-07-24,HVAC,HIGH,COMPLETED,3662.42,11417.47,2024-08-09,16
WO-Q3G10S5GHERC,CA-CO-00000178,,2024-07-25,HVAC,HIGH,DEFERRED,13563.28,,,116
WO-HM0LBI9P43QB,CA-CO-00000178,,2024-08-15,GENERAL,LOW,COMPLETED,211.26,2321.63,2024-08-25,10
WO-AD3BNI8U6Y5Y,CA-CO-00000178,,2024-08-13,ROOFING,MEDIUM,COMPLETED,6641.76,3423.87,2024-08-30,17
WO-FBEP9LUCZFB2,CA-CO-00000178,,2024-08-14,GENERAL,MEDIUM,COMPLETED,6470.9,2203.49,2024-08-15,1
WO-5SB5GC6M9KE9,CA-CO-00000178,,2024-08-10,PLUMBING,EMERGENCY,OPEN,6561.98,,,12
WO-QF6J7HDX93NQ,CA-CO-00000178,,2024-09-12,HVAC,LOW,DEFERRED,8781.86,,,24
WO-GY9WFZXTG1WM,CA-CO-00000178,,2024-09-26,GENERAL,HIGH,COMPLETED,1071.0,268.23,2024-10-10,14
WO-MOIJANF5YQDK,CA-CO-00000178,,2024-09-04,PLUMBING,MEDIUM,COMPLETED,6953.99,1881.19,2024-09-24,20
WO-35LBEDBZ863U,CA-CO-00000178,,2024-09-07,HVAC,MEDIUM,COMPLETED,380.74,8391.32,2024-09-26,19
WO-O2GPD8V8Y2PI,CA-CO-00000178,,2024-09-16,HVAC,MEDIUM,DEFERRED,7440.72,,,23
WO-LKX9QT0MLM1Q,CA-CO-00000178,,2024-09-25,ELEVATOR,MEDIUM,DEFERRED,6192.1,,,132
WO-GUDTE8MQA5IV,CA-CO-00000178,,2024-09-14,ROOFING,LOW,OPEN,5190.06,,,40
WO-RF6RAVSO34UE,CA-CO-00000178,,2024-09-11,PLUMBING,MEDIUM,OPEN,5020.82,,,51
WO-MPU30UPAGR8Q,CA-CO-00000178,,2024-09-24,ELECTRICAL,MEDIUM,DEFERRED,2810.99,,,80
WO-3A13JBVIMOOJ,CA-CO-00000178,,2024-10-28,PLUMBING,MEDIUM,DEFERRED,13526.73,,,41
WO-NCQHYJXJ8XKB,CA-CO-00000178,,2024-10-22,ELEVATOR,LOW,COMPLETED,10292.91,9904.68,2024-11-01,10
WO-4XDBTJNELB50,CA-CO-00000178,,2024-10-01,PLUMBING,MEDIUM,COMPLETED,9716.25,9199.23,2024-10-04,3
WO-VY6160DLRM43,CA-CO-00000178,,2024-10-21,STRUCTURAL,LOW,COMPLETED,12243.29,3436.48,2024-11-04,14
WO-JXBU9V18MA5E,CA-CO-00000178,,2024-10-07,PLUMBING,HIGH,COMPLETED,12760.32,4919.38,2024-10-16,9
WO-73WU5F12XUFE,CA-CO-00000178,,2024-10-04,PLUMBING,HIGH,COMPLETED,10908.21,3114.07,2024-10-05,1
WO-7MHYPWPA2UBB,CA-CO-00000178,,2024-10-27,ELECTRICAL,MEDIUM,DEFERRED,1954.95,,,184
WO-PR26IXWQTFIS,CA-CO-00000178,,2024-12-22,LANDSCAPING,MEDIUM,COMPLETED,11071.62,8423.06,2025-01-06,15
WO-3EC3KM6PX8JC,CA-CO-00000178,,2024-12-02,LANDSCAPING,LOW,COMPLETED,10764.99,6806.03,2024-12-21,19
WO-XKHSO9YC6IFO,CA-CO-00000178,,2024-12-19,ELECTRICAL,HIGH,COMPLETED,6921.36,10957.05,2024-12-22,3
WO-MND3RL2YCJ4L,CA-CO-00000178,,2024-12-02,PLUMBING,LOW,COMPLETED,4392.34,3923.02,2024-12-09,7
WO-G7Y8460KKDTI,CA-CO-00000178,,2024-12-27,LANDSCAPING,LOW,COMPLETED,13853.81,6820.74,2025-01-02,6
WO-IMKRI2W3HHY5,CA-CO-00000178,,2024-12-07,ELEVATOR,LOW,COMPLETED,9681.41,2640.15,2024-12-12,5
WO-GAOMVLXTTI58,CA-CO-00000178,,2024-12-23,ELEVATOR,EMERGENCY,COMPLETED,8999.85,594.24,2025-01-08,16
WO-XMT9QWC74XT8,CA-CO-00000178,,2025-01-26,ELECTRICAL,MEDIUM,COMPLETED,3135.28,2197.59,2025-01-30,4
WO-A0GC7BLV1YYI,CA-CO-00000178,,2025-01-25,ROOFING,LOW,DEFERRED,12140.11,,,163
WO-8370LNPL7DD5,CA-CO-00000178,,2025-01-13,HVAC,MEDIUM,COMPLETED,8432.08,10403.87,2025-01-17,4
WO-35IGPIHGDT6U,CA-CO-00000178,,2025-02-02,ROOFING,EMERGENCY,DEFERRED,3104.64,,,31
WO-BBRPANKMFK1U,CA-CO-00000178,,2025-02-13,HVAC,MEDIUM,OPEN,5884.83,,,92
WO-FE726HZ9MKQL,CA-CO-00000178,,2025-02-28,ROOFING,HIGH,DEFERRED,4309.38,,,111
WO-7JK1B0BCKVXQ,CA-CO-00000178,,2025-02-02,STRUCTURAL,HIGH,COMPLETED,3229.31,1666.74,2025-02-19,17
WO-RLJ2A78AEZXN,CA-CO-00000178,,2025-02-20,LANDSCAPING,LOW,DEFERRED,11416.38,,,91
WO-2T4LRTF2K3JR,CA-CO-00000178,,2025-03-13,GENERAL,HIGH,OPEN,6818.05,,,37
WO-7EZ3N1JVNE6L,CA-CO-00000178,,2025-03-17,ELECTRICAL,MEDIUM,OPEN,608.65,,,54
WO-SNZUVYLVN4W2,CA-CO-00000178,,2025-03-16,LANDSCAPING,LOW,COMPLETED,2468.14,5215.47,2025-03-21,5
WO-1L00GB5T6PGF,CA-CO-00000178,,2025-04-02,ELECTRICAL,LOW,COMPLETED,2338.87,11955.09,2025-04-12,10
WO-LO1TT2XMAX4U,CA-CO-00000178,,2025-04-24,GENERAL,MEDIUM,COMPLETED,8772.34,4796.09,2025-04-26,2
WO-PIV6SYJM1MTM,CA-CO-00000178,,2025-04-24,STRUCTURAL,HIGH,OPEN,9587.62,,,99
WO-FOE1RT1F3HBC,CA-CO-00000178,,2025-04-01,PLUMBING,LOW,COMPLETED,13635.95,5787.37,2025-04-22,21
WO-A51D4OJYRM5R,CA-CO-00000178,,2025-04-26,HVAC,MEDIUM,OPEN,1984.6,,,10
WO-NKNIP5SFUFFF,CA-CO-00000178,,2025-05-11,GENERAL,LOW,DEFERRED,13397.71,,,43
WO-VG1AP76MDP5E,CA-CO-00000178,,2025-05-18,ROOFING,MEDIUM,OPEN,8945.07,,,27
WO-GOU69Q079BHR,CA-CO-00000178,,2025-05-17,GENERAL,MEDIUM,DEFERRED,8513.29,,,30
WO-8WI1BFWMZU7R,CA-CO-00000178,,2025-05-05,GENERAL,MEDIUM,COMPLETED,12109.59,11413.49,2025-05-18,13
WO-P0P6AX8SVGGY,CA-CO-00000178,,2025-05-20,PLUMBING,MEDIUM,COMPLETED,5686.1,3388.88,2025-06-09,20
WO-4748GHLK2JNE,CA-CO-00000178,,2025-05-18,PLUMBING,MEDIUM,DEFERRED,494.15,,,45
WO-JFD75GXRPGED,CA-NY-00000179,,2024-03-05,HVAC,MEDIUM,COMPLETED,13175.71,6816.24,2024-03-07,2
WO-V1W9Y9LYEZB3,CA-NY-00000179,,2024-05-03,GENERAL,LOW,COMPLETED,1254.15,1952.96,2024-05-24,21
WO-939BD0DU023U,CA-NY-00000179,,2024-06-18,LANDSCAPING,LOW,COMPLETED,525.25,5770.15,2024-07-05,17
WO-J2WFDHUCB112,CA-NY-00000179,,2024-06-15,HVAC,LOW,COMPLETED,14854.82,3476.92,2024-07-05,20
WO-KAVOZ8FC6YYC,CA-NY-00000179,,2024-07-10,HVAC,MEDIUM,COMPLETED,1517.26,2750.3,2024-07-26,16
WO-O89UK2G3KAA1,CA-NY-00000179,,2024-08-19,ELECTRICAL,MEDIUM,COMPLETED,6274.36,11688.76,2024-08-22,3
WO-FZB7WL0K5THF,CA-NY-00000179,,2024-10-05,ROOFING,MEDIUM,COMPLETED,6523.72,9468.52,2024-10-08,3
WO-G5SA6BCKKFNM,CA-NY-00000179,,2024-11-28,ELECTRICAL,LOW,COMPLETED,14484.04,10299.78,2024-12-01,3
WO-U4PF6PQVLLL9,CA-NY-00000179,,2024-12-01,GENERAL,MEDIUM,COMPLETED,3708.34,10706.49,2024-12-17,16
WO-AFXTDA47CUBN,CA-NY-00000179,,2025-01-14,GENERAL,LOW,COMPLETED,14642.72,5788.9,2025-01-29,15
WO-H36G0SEJVAC0,CA-NY-00000179,,2025-03-26,ELECTRICAL,LOW,COMPLETED,2602.91,1021.17,2025-04-05,10
WO-YRN69JZA30ZX,CA-NY-00000179,,2025-03-22,PLUMBING,MEDIUM,COMPLETED,12995.33,3586.31,2025-04-12,21
WO-BG3QYI2STBBL,CA-NY-00000179,,2025-04-16,ELECTRICAL,HIGH,COMPLETED,7987.67,10579.63,2025-04-24,8
WO-HRETSCMWFAAF,CA-NY-00000179,,2025-05-22,ELECTRICAL,HIGH,COMPLETED,4750.39,3539.47,2025-06-09,18
WO-7ORHERHFG1C7,CA-NY-00000179,,2025-06-25,HVAC,LOW,COMPLETED,213.97,8550.02,2025-07-13,18
WO-HSTAAK8F2YQJ,CA-NY-00000179,,2025-06-08,GENERAL,MEDIUM,COMPLETED,1741.28,9378.22,2025-06-13,5
WO-K25W6TXM1Q2G,CA-CA-00000180,,2024-01-28,PLUMBING,LOW,COMPLETED,5138.73,2078.64,2024-02-03,6
WO-ANBYV6X6I626,CA-CA-00000180,,2024-01-27,PLUMBING,MEDIUM,COMPLETED,252.26,11214.92,2024-01-31,4
WO-KBLTUMLZVIR3,CA-CA-00000180,,2024-03-26,GENERAL,EMERGENCY,COMPLETED,13015.22,5125.11,2024-04-08,13
WO-XFTPXKEEPOA5,CA-CA-00000180,,2024-04-14,STRUCTURAL,LOW,COMPLETED,9940.28,8295.72,2024-04-18,4
WO-WXTEJQLR9PKE,CA-CA-00000180,,2024-05-27,ELEVATOR,MEDIUM,COMPLETED,2130.25,7433.1,2024-05-31,4
WO-5PANSC377YF0,CA-CA-00000180,,2024-08-04,ROOFING,MEDIUM,COMPLETED,4962.27,4790.19,2024-08-18,14
WO-SMHOGB24GD6Y,CA-CA-00000180,,2024-11-25,HVAC,MEDIUM,COMPLETED,1366.97,9504.73,2024-11-26,1
WO-DPNCO9GBRXA4,CA-CA-00000180,,2024-11-17,ROOFING,MEDIUM,COMPLETED,1767.98,7100.02,2024-11-19,2
WO-ULMNPA0855XQ,CA-CA-00000180,,2024-12-27,PLUMBING,MEDIUM,COMPLETED,12691.69,4893.14,2025-01-08,12
WO-CFPEZBPIOPAG,CA-CA-00000180,,2025-03-28,ROOFING,MEDIUM,COMPLETED,10462.46,6468.05,2025-04-17,20
WO-8N73YVHX0QO7,CA-CA-00000180,,2025-05-18,ELEVATOR,HIGH,COMPLETED,7992.99,8556.17,2025-05-20,2
WO-DWI9WRLMJ9QY,CA-CA-00000180,,2025-06-07,ELEVATOR,MEDIUM,OPEN,7704.36,,,154
WO-QO1EPKNHLZH7,CA-GA-00000181,,2024-01-25,HVAC,EMERGENCY,COMPLETED,10247.17,2053.31,2024-02-07,13
WO-ZABEBBHTZPD0,CA-GA-00000181,,2024-03-06,PLUMBING,MEDIUM,COMPLETED,3507.72,6565.35,2024-03-27,21
WO-WJAM0UM1GQCI,CA-GA-00000181,,2024-03-20,HVAC,LOW,COMPLETED,6437.01,7133.6,2024-04-05,16
WO-LN8SZKZA1U2O,CA-GA-00000181,,2024-06-15,STRUCTURAL,MEDIUM,COMPLETED,13706.08,2382.63,2024-06-22,7
WO-6B8CYMB0Q6PV,CA-GA-00000181,,2024-07-08,LANDSCAPING,MEDIUM,COMPLETED,13237.98,5217.76,2024-07-17,9
WO-V1T9SGJQGAYM,CA-GA-00000181,,2024-07-02,PLUMBING,HIGH,COMPLETED,1052.59,6121.67,2024-07-15,13
WO-ITFCW7ZMWMK3,CA-GA-00000181,,2024-08-27,GENERAL,MEDIUM,COMPLETED,400.58,10257.92,2024-09-11,15
WO-GACDW3P6AV7E,CA-GA-00000181,,2024-09-26,PLUMBING,MEDIUM,COMPLETED,9226.73,1155.76,2024-10-08,12
WO-AE2NS9AZJBDS,CA-GA-00000181,,2024-10-25,GENERAL,MEDIUM,COMPLETED,9979.04,7751.42,2024-11-01,7
WO-K8Z5TZVBIGJU,CA-GA-00000181,,2024-10-28,ELECTRICAL,HIGH,COMPLETED,14410.48,5227.95,2024-11-09,12
WO-T2509ASZW99P,CA-GA-00000181,,2025-02-18,PLUMBING,MEDIUM,COMPLETED,5579.69,2241.35,2025-03-04,14
WO-0OX7M1TC3PHF,CA-GA-00000181,,2025-03-15,HVAC,HIGH,COMPLETED,9183.04,5796.76,2025-03-25,10
WO-6I6SI86E5OAK,CA-GA-00000181,,2025-04-19,STRUCTURAL,MEDIUM,COMPLETED,12837.58,6448.51,2025-05-10,21
WO-2VSTIPHFT185,CA-GA-00000181,,2025-04-25,ELECTRICAL,EMERGENCY,OPEN,14927.18,,,66
WO-NG39U09JZQW1,CA-GA-00000181,,2025-06-01,LANDSCAPING,MEDIUM,COMPLETED,9313.53,7362.13,2025-06-07,6
WO-7G3ZK2YKMWIR,CA-MA-00000182,,2024-01-12,ELECTRICAL,HIGH,OPEN,8947.25,,,14
WO-JC61GVN9539B,CA-MA-00000182,,2024-02-26,HVAC,LOW,OPEN,4351.88,,,82
WO-IK0LOIXJ7POH,CA-MA-00000182,,2024-02-28,ROOFING,LOW,DEFERRED,7278.46,,,64
WO-XKFLSG50OUHA,CA-MA-00000182,,2024-02-03,STRUCTURAL,MEDIUM,COMPLETED,12451.51,9436.01,2024-02-10,7
WO-589NFWW4PZD7,CA-MA-00000182,,2024-03-20,ROOFING,HIGH,DEFERRED,10308.03,,,96
WO-31BTY9K5FIZJ,CA-MA-00000182,,2024-04-28,ELECTRICAL,MEDIUM,COMPLETED,12119.95,6201.86,2024-05-06,8
WO-JCZW6GLWZ4N3,CA-MA-00000182,,2024-06-14,HVAC,MEDIUM,COMPLETED,9411.06,7572.26,2024-06-28,14
WO-6YENXYQYLFT0,CA-MA-00000182,,2024-07-28,HVAC,MEDIUM,OPEN,598.98,,,28
WO-MEZXX7X2Z3QQ,CA-MA-00000182,,2024-08-10,GENERAL,MEDIUM,COMPLETED,5243.47,556.26,2024-08-19,9
WO-5232TBFKCXP3,CA-MA-00000182,,2024-08-05,ELECTRICAL,MEDIUM,COMPLETED,12144.28,1291.12,2024-08-13,8
WO-CT71L4EWW2CZ,CA-MA-00000182,,2024-09-08,ELECTRICAL,LOW,COMPLETED,6272.53,11945.27,2024-09-13,5
WO-AYW4TOSYEQGL,CA-MA-00000182,,2024-10-04,ROOFING,MEDIUM,COMPLETED,3071.55,5275.24,2024-10-07,3
WO-Y4PCUU3J46UL,CA-MA-00000182,,2024-11-19,PLUMBING,HIGH,COMPLETED,3029.43,327.55,2024-11-22,3
WO-7ED7R477IPY7,CA-MA-00000182,,2024-11-20,PLUMBING,MEDIUM,COMPLETED,1902.76,11110.14,2024-12-09,19
WO-XAATZ1LHJC42,CA-MA-00000182,,2024-12-13,HVAC,MEDIUM,COMPLETED,6413.39,10995.83,2024-12-18,5
WO-7YXJFYCEB5UJ,CA-MA-00000182,,2025-01-05,STRUCTURAL,LOW,COMPLETED,11248.08,11603.78,2025-01-14,9
WO-TCNQ0KB1CMKN,CA-MA-00000182,,2025-02-07,GENERAL,LOW,COMPLETED,11829.86,6866.33,2025-02-08,1
WO-SJVD34HEEWV1,CA-MA-00000182,,2025-04-22,ROOFING,EMERGENCY,COMPLETED,11100.99,1718.37,2025-05-05,13
WO-176KYIADMQKS,CA-MA-00000182,,2025-05-20,LANDSCAPING,HIGH,COMPLETED,1998.48,4467.54,2025-06-01,12
WO-E5AUGNZZPK9C,CA-VA-00000183,,2024-01-17,ELECTRICAL,LOW,COMPLETED,7437.55,553.24,2024-01-30,13
WO-3W8C1JN2FBXA,CA-VA-00000183,,2024-01-15,ROOFING,LOW,COMPLETED,9007.85,7790.99,2024-01-30,15
WO-CUX7AW849JKA,CA-VA-00000183,,2024-01-13,HVAC,LOW,OPEN,2145.64,,,17
WO-P2FNZ5GTGVB3,CA-VA-00000183,,2024-03-24,HVAC,MEDIUM,COMPLETED,1037.68,3640.96,2024-04-14,21
WO-KQC1Y9YUJR4Q,CA-VA-00000183,,2024-03-10,GENERAL,LOW,COMPLETED,8545.3,6277.88,2024-03-21,11
WO-YC3HP9DR5CVV,CA-VA-00000183,,2024-04-14,LANDSCAPING,LOW,COMPLETED,13452.32,4783.49,2024-05-03,19
WO-7VG1QIPJZXHI,CA-VA-00000183,,2024-06-04,HVAC,MEDIUM,COMPLETED,5319.88,1205.72,2024-06-20,16
WO-9FNKMWOCX6HR,CA-VA-00000183,,2024-07-07,ROOFING,MEDIUM,COMPLETED,4720.85,10864.26,2024-07-13,6
WO-NO7RSGDL6I8V,CA-VA-00000183,,2024-07-17,ROOFING,HIGH,COMPLETED,14672.28,638.64,2024-08-01,15
WO-KC2FVP3H32F3,CA-VA-00000183,,2024-08-04,HVAC,HIGH,COMPLETED,5587.89,5938.85,2024-08-10,6
WO-6U0QTMVCJES0,CA-VA-00000183,,2024-09-07,GENERAL,HIGH,COMPLETED,3294.92,9706.5,2024-09-08,1
WO-OLMPELFJ0QE7,CA-VA-00000183,,2024-09-03,PLUMBING,LOW,COMPLETED,14280.18,2086.77,2024-09-04,1
WO-X04B8Z6KSO5F,CA-VA-00000183,,2024-09-17,LANDSCAPING,LOW,COMPLETED,14087.67,4944.48,2024-10-04,17
WO-1HRJJLD7VT5J,CA-VA-00000183,,2024-11-16,GENERAL,MEDIUM,COMPLETED,11771.8,6645.26,2024-12-01,15
WO-6R92FJ33J0GS,CA-VA-00000183,,2024-12-20,HVAC,EMERGENCY,COMPLETED,1460.02,3302.95,2025-01-08,19
WO-EZ1S9KHOVTL4,CA-VA-00000183,,2024-12-16,LANDSCAPING,MEDIUM,COMPLETED,14561.98,1806.33,2024-12-27,11
WO-VYBBM1CF9BQ1,CA-VA-00000183,,2025-01-25,ELECTRICAL,HIGH,COMPLETED,2585.56,2207.31,2025-02-15,21
WO-E7FUW94EEJJQ,CA-VA-00000183,,2025-02-21,PLUMBING,LOW,COMPLETED,9398.22,9550.24,2025-03-12,19
WO-WRDFFMOFQGQR,CA-VA-00000183,,2025-04-06,ELEVATOR,MEDIUM,OPEN,8836.64,,,104
WO-RL35HUHLXLNY,CA-VA-00000183,,2025-05-16,HVAC,LOW,COMPLETED,4608.34,10117.63,2025-05-17,1
WO-S6BC3X5R0BDE,CA-VA-00000183,,2025-06-16,STRUCTURAL,MEDIUM,DEFERRED,4257.08,,,24
WO-CITTYRBFMCVQ,CA-VA-00000183,,2025-06-06,ROOFING,MEDIUM,COMPLETED,3965.32,8646.37,2025-06-20,14
WO-I63DLNVX6QKJ,CA-TX-00000184,,2024-01-24,ELECTRICAL,MEDIUM,COMPLETED,2631.53,1159.88,2024-02-05,12
WO-IO9OMTE9CZJX,CA-TX-00000184,,2024-04-06,GENERAL,MEDIUM,COMPLETED,2365.65,5259.76,2024-04-15,9
WO-KEI9YPESBS58,CA-TX-00000184,,2024-04-05,PLUMBING,HIGH,COMPLETED,7290.92,6844.86,2024-04-08,3
WO-MGRX7U8K44DD,CA-TX-00000184,,2024-05-16,ELEVATOR,LOW,COMPLETED,3755.26,3397.53,2024-05-29,13
WO-8CP60B4K47ZO,CA-TX-00000184,,2024-06-10,HVAC,HIGH,COMPLETED,14587.42,10736.78,2024-06-23,13
WO-2AO11YTC8ING,CA-TX-00000184,,2024-06-08,GENERAL,LOW,COMPLETED,3299.2,6053.97,2024-06-16,8
WO-SHYKV06HRSKC,CA-TX-00000184,,2024-06-17,GENERAL,MEDIUM,COMPLETED,863.98,1450.02,2024-06-24,7
WO-N3KNJH1UJRMO,CA-TX-00000184,,2024-07-01,STRUCTURAL,MEDIUM,COMPLETED,5741.88,1328.11,2024-07-02,1
WO-KQ4HQXW709T5,CA-TX-00000184,,2024-08-09,LANDSCAPING,LOW,COMPLETED,14943.83,9105.48,2024-08-23,14
WO-0H0DJ0SBWL3E,CA-TX-00000184,,2024-09-17,STRUCTURAL,HIGH,COMPLETED,3048.73,9635.67,2024-09-30,13
WO-VLC4U3GEIL8R,CA-TX-00000184,,2024-11-14,STRUCTURAL,MEDIUM,COMPLETED,8378.52,6695.58,2024-11-22,8
WO-R3G6VCZO2R66,CA-TX-00000184,,2024-12-08,ELECTRICAL,HIGH,COMPLETED,2209.58,4672.75,2024-12-18,10
WO-E0A9SPI2M07R,CA-TX-00000184,,2024-12-08,GENERAL,MEDIUM,COMPLETED,3379.72,4725.82,2024-12-11,3
WO-NJDMRA2MF6S0,CA-TX-00000184,,2025-01-23,ELECTRICAL,MEDIUM,COMPLETED,579.78,7321.25,2025-02-03,11
WO-EPA5GX6UYRBP,CA-TX-00000184,,2025-05-06,ROOFING,HIGH,COMPLETED,8295.72,11092.24,2025-05-24,18
WO-V3U0BPSXCPPU,CA-TX-00000184,,2025-06-09,ELECTRICAL,MEDIUM,COMPLETED,14691.12,5129.06,2025-06-20,11
WO-NAB7QPRVMRXR,CA-TX-00000184,,2025-06-21,LANDSCAPING,LOW,DEFERRED,3095.53,,,18
WO-ZYAZJ4YMX62G,CA-CA-00000185,,2024-01-22,ELECTRICAL,MEDIUM,DEFERRED,10710.85,,,61
WO-ZN8ZETEC12ND,CA-CA-00000185,,2024-01-02,HVAC,LOW,COMPLETED,6440.82,9272.98,2024-01-19,17
WO-EAOHEWTDVX2E,CA-CA-00000185,,2024-03-05,ROOFING,EMERGENCY,COMPLETED,14293.71,697.89,2024-03-13,8
WO-VZ0BTFZZMUW0,CA-CA-00000185,,2024-04-27,LANDSCAPING,HIGH,DEFERRED,289.18,,,28
WO-JDPPN856CONL,CA-CA-00000185,,2024-05-22,STRUCTURAL,MEDIUM,DEFERRED,10654.43,,,48
WO-O9EM334377SX,CA-CA-00000185,,2024-05-24,PLUMBING,MEDIUM,COMPLETED,10549.48,4227.73,2024-05-26,2
WO-4V7Z0OSHNKZO,CA-CA-00000185,,2024-05-16,HVAC,MEDIUM,COMPLETED,4774.41,10100.64,2024-05-27,11
WO-22BIR7G44T8C,CA-CA-00000185,,2024-06-10,PLUMBING,HIGH,COMPLETED,12580.26,1201.77,2024-06-26,16
WO-XLEN29G9PII7,CA-CA-00000185,,2024-06-26,ROOFING,MEDIUM,DEFERRED,10410.67,,,76
WO-CD9LQJ8X3WGO,CA-CA-00000185,,2024-07-27,LANDSCAPING,HIGH,DEFERRED,3882.89,,,202
WO-M6OEF593SK4I,CA-CA-00000185,,2024-07-11,STRUCTURAL,LOW,COMPLETED,9506.23,6978.03,2024-07-27,16
WO-30GJ206CW3PU,CA-CA-00000185,,2024-07-18,ROOFING,MEDIUM,COMPLETED,3597.45,7426.3,2024-07-24,6
WO-UXUXKL6MLHSR,CA-CA-00000185,,2024-07-28,GENERAL,HIGH,DEFERRED,4954.87,,,11
WO-PZJ7CQ33FU4H,CA-CA-00000185,,2024-07-22,PLUMBING,LOW,COMPLETED,5403.29,1318.94,2024-08-06,15
WO-ZPDHU08610BO,CA-CA-00000185,,2024-08-16,STRUCTURAL,LOW,DEFERRED,4746.83,,,47
WO-OEXGP5D0UF0B,CA-CA-00000185,,2024-08-16,HVAC,LOW,OPEN,14735.91,,,61
WO-T2SCSO8URXL8,CA-CA-00000185,,2024-08-12,GENERAL,HIGH,COMPLETED,9920.34,9485.18,2024-08-20,8
WO-1R1L2EN4YRQ8,CA-CA-00000185,,2024-09-04,ELECTRICAL,LOW,DEFERRED,5114.72,,,59
WO-38BLOXOEFKW5,CA-CA-00000185,,2024-09-14,PLUMBING,LOW,COMPLETED,3504.49,4482.78,2024-09-30,16
WO-CD9PUTSSC73P,CA-CA-00000185,,2024-10-07,ELECTRICAL,MEDIUM,COMPLETED,3352.33,9035.08,2024-10-27,20
WO-0Y6T2TNMP9MW,CA-CA-00000185,,2024-10-24,PLUMBING,MEDIUM,COMPLETED,809.98,8699.18,2024-10-29,5
WO-G0VES1PAMUV5,CA-CA-00000185,,2024-10-13,STRUCTURAL,LOW,COMPLETED,3024.39,5965.2,2024-10-30,17
WO-4XHJHOZG6R3I,CA-CA-00000185,,2024-11-06,ROOFING,MEDIUM,COMPLETED,9026.55,6772.69,2024-11-22,16
WO-3YTQLQ6GRD8H,CA-CA-00000185,,2024-12-19,LANDSCAPING,MEDIUM,COMPLETED,2754.97,3784.16,2024-12-20,1
WO-4146DB9W21A0,CA-CA-00000185,,2025-01-17,ELEVATOR,MEDIUM,DEFERRED,8971.19,,,65
WO-G70I2DKMHMTB,CA-CA-00000185,,2025-01-22,GENERAL,HIGH,COMPLETED,7902.3,10130.67,2025-01-23,1
WO-E4LLP98J31MR,CA-CA-00000185,,2025-02-05,ELECTRICAL,LOW,COMPLETED,11062.01,7031.47,2025-02-13,8
WO-0GGMLC5ALZZL,CA-CA-00000185,,2025-02-20,STRUCTURAL,LOW,DEFERRED,11639.35,,,108
WO-A34BJV1BB30B,CA-CA-00000185,,2025-02-04,LANDSCAPING,MEDIUM,COMPLETED,6293.9,10928.05,2025-02-17,13
WO-KEPJILOIQVET,CA-CA-00000185,,2025-03-07,LANDSCAPING,MEDIUM,COMPLETED,1939.94,3001.78,2025-03-24,17
WO-ITE52JMR0JKM,CA-CA-00000185,,2025-03-15,STRUCTURAL,MEDIUM,COMPLETED,4198.43,3692.42,2025-03-22,7
WO-TLZA2MW4RHFG,CA-CA-00000185,,2025-04-23,HVAC,LOW,OPEN,6130.75,,,117
WO-RSS7G7J6TFM9,CA-CA-00000185,,2025-04-12,ROOFING,MEDIUM,COMPLETED,8988.81,333.56,2025-04-18,6
WO-TYJXWH7XC30V,CA-CA-00000185,,2025-04-24,PLUMBING,LOW,COMPLETED,14907.11,2606.23,2025-05-01,7
WO-NMEPVTPUL44R,CA-CA-00000185,,2025-05-24,GENERAL,HIGH,COMPLETED,2424.47,8638.33,2025-06-12,19
WO-4QA1ORHHSHWH,CA-CA-00000185,,2025-05-04,PLUMBING,MEDIUM,COMPLETED,7557.32,11584.32,2025-05-22,18
WO-FUMNT6AOOKUA,CA-CA-00000185,,2025-05-10,LANDSCAPING,MEDIUM,COMPLETED,8384.21,410.69,2025-05-22,12
WO-U5Y7FCGEOSMX,CA-CA-00000185,,2025-05-25,PLUMBING,MEDIUM,OPEN,6408.58,,,52
WO-1L1QF8I821K5,CA-CA-00000185,,2025-06-02,LANDSCAPING,MEDIUM,COMPLETED,5185.46,8242.68,2025-06-04,2
WO-VV3NTZ22P1TF,CA-CA-00000185,,2025-06-21,GENERAL,LOW,COMPLETED,5662.85,2301.36,2025-07-12,21
WO-RL2SMC0ZLB5Y,CA-CA-00000186,,2024-01-12,LANDSCAPING,LOW,COMPLETED,6238.74,5551.52,2024-01-17,5
WO-CEJNIOZH86V6,CA-CA-00000186,,2024-03-24,HVAC,LOW,DEFERRED,10960.86,,,99
WO-K52Z75R5GU01,CA-CA-00000186,,2024-04-11,ELEVATOR,LOW,COMPLETED,9031.72,6300.32,2024-05-01,20
WO-YA02Z8Y82G7L,CA-CA-00000186,,2024-06-26,ROOFING,HIGH,COMPLETED,6223.1,4553.03,2024-06-29,3
WO-XR4CHTYJR2VP,CA-CA-00000186,,2024-08-20,LANDSCAPING,EMERGENCY,COMPLETED,7156.87,3727.24,2024-08-21,1
WO-J2LAYYZHJ7O0,CA-CA-00000186,,2024-09-28,PLUMBING,LOW,COMPLETED,1839.73,7617.9,2024-10-15,17
WO-RP2VM03C2QHE,CA-CA-00000186,,2024-12-14,LANDSCAPING,HIGH,COMPLETED,10149.08,6103.1,2025-01-04,21
WO-QC58WQ43PB4T,CA-CA-00000186,,2025-02-25,PLUMBING,MEDIUM,COMPLETED,9255.01,8642.15,2025-03-12,15
WO-CJCZCMKK4ZMT,CA-CA-00000186,,2025-04-15,LANDSCAPING,LOW,COMPLETED,7385.89,3517.25,2025-04-29,14
WO-ZOS9QELLOH1V,CA-CA-00000186,,2025-04-01,GENERAL,EMERGENCY,COMPLETED,9879.25,4436.63,2025-04-09,8
WO-G8VAG9U063EU,CA-CA-00000186,,2025-05-02,PLUMBING,MEDIUM,COMPLETED,10219.38,2260.34,2025-05-13,11
WO-BW9M9BMNYR3B,CA-CA-00000186,,2025-05-01,LANDSCAPING,MEDIUM,COMPLETED,2228.27,7556.09,2025-05-20,19
WO-TQRDMY567SYM,CA-CA-00000187,,2024-01-03,STRUCTURAL,MEDIUM,COMPLETED,12696.31,10401.46,2024-01-19,16
WO-7VU3GCTE4M2C,CA-CA-00000187,,2024-01-17,LANDSCAPING,MEDIUM,DEFERRED,7540.31,,,32
WO-PYJY2EKZAL5G,CA-CA-00000187,,2024-02-15,PLUMBING,LOW,DEFERRED,11653.63,,,270
WO-Q483PRBNIQTM,CA-CA-00000187,,2024-02-18,LANDSCAPING,MEDIUM,COMPLETED,639.54,7615.85,2024-03-09,20
WO-D11X248XP3HM,CA-CA-00000187,,2024-03-01,ELECTRICAL,MEDIUM,COMPLETED,1823.58,8433.24,2024-03-02,1
WO-XZC5BRWSL5B2,CA-CA-00000187,,2024-03-25,ROOFING,EMERGENCY,COMPLETED,5766.69,5239.81,2024-03-28,3
WO-P8T1PNVK1KZL,CA-CA-00000187,,2024-04-19,PLUMBING,HIGH,COMPLETED,9991.71,8082.28,2024-05-03,14
WO-IBB59CE3D96B,CA-CA-00000187,,2024-04-21,LANDSCAPING,MEDIUM,COMPLETED,7989.1,1740.94,2024-04-29,8
WO-D7NZCEZJQV8C,CA-CA-00000187,,2024-04-20,STRUCTURAL,HIGH,COMPLETED,12598.46,11722.56,2024-04-21,1
WO-QS9FUXD6FCM6,CA-CA-00000187,,2024-05-11,ELEVATOR,HIGH,COMPLETED,9398.59,3862.73,2024-05-22,11
WO-5EV6QF4WQN75,CA-CA-00000187,,2024-05-01,PLUMBING,MEDIUM,DEFERRED,1910.32,,,24
WO-BU87LZTU0ZFA,CA-CA-00000187,,2024-05-23,ELEVATOR,LOW,COMPLETED,3990.06,10851.08,2024-05-26,3
WO-ZB2BMNOJ9XA8,CA-CA-00000187,,2024-06-04,LANDSCAPING,MEDIUM,COMPLETED,9585.62,6206.3,2024-06-10,6
WO-QC2PJ7NOJP8D,CA-CA-00000187,,2024-07-04,ELEVATOR,HIGH,COMPLETED,3577.64,5077.69,2024-07-07,3
WO-PUF7S7U55HEZ,CA-CA-00000187,,2024-08-18,ROOFING,LOW,COMPLETED,11472.75,6788.01,2024-08-29,11
WO-CLM12B5UOI36,CA-CA-00000187,,2024-10-12,PLUMBING,MEDIUM,OPEN,2337.3,,,282
WO-0MQ6GYJ8AAHQ,CA-CA-00000187,,2024-10-24,LANDSCAPING,LOW,DEFERRED,13998.21,,,61
WO-0LDI1USQ37FD,CA-CA-00000187,,2024-10-25,LANDSCAPING,HIGH,COMPLETED,6786.21,3832.51,2024-11-04,10
WO-HA205PZ5CIU1,CA-CA-00000187,,2024-12-21,PLUMBING,LOW,COMPLETED,2437.71,8176.74,2025-01-08,18
WO-8I3RHSRCMNV6,CA-CA-00000187,,2025-01-19,STRUCTURAL,MEDIUM,COMPLETED,11246.61,5946.06,2025-01-28,9
WO-2LM2AFWXOKF5,CA-CA-00000187,,2025-01-16,STRUCTURAL,LOW,COMPLETED,12088.06,2560.24,2025-02-06,21
WO-LME3G3GZ7J02,CA-CA-00000187,,2025-02-16,PLUMBING,MEDIUM,COMPLETED,9815.42,1883.53,2025-03-05,17
WO-JMP62WCG4EWZ,CA-CA-00000187,,2025-03-12,ROOFING,HIGH,COMPLETED,1577.46,799.66,2025-03-15,3
WO-D49ZSQYOPLK7,CA-CA-00000187,,2025-03-02,PLUMBING,HIGH,COMPLETED,5256.65,427.83,2025-03-17,15
WO-MMO2QXA6I5KX,CA-CA-00000187,,2025-03-12,HVAC,LOW,COMPLETED,3124.59,449.92,2025-03-13,1
WO-1HDD0TLCT27J,CA-CA-00000187,,2025-03-05,ROOFING,HIGH,COMPLETED,10859.37,7900.85,2025-03-08,3
WO-OVX328VLLR1Q,CA-CA-00000187,,2025-04-22,ELECTRICAL,MEDIUM,COMPLETED,2093.23,9711.17,2025-05-09,17
WO-HGMS2EJ46PKG,CA-CA-00000187,,2025-04-22,ELECTRICAL,HIGH,COMPLETED,12733.11,2803.69,2025-04-30,8
WO-KQQNACR07K1W,CA-CA-00000187,,2025-04-09,ELECTRICAL,MEDIUM,COMPLETED,1529.92,5481.01,2025-04-15,6
WO-VGQ2WSPM1JSV,CA-CA-00000187,,2025-05-21,ROOFING,LOW,COMPLETED,9073.88,3811.43,2025-06-08,18
WO-38RDGS8GP9ZW,CA-CA-00000187,,2025-06-07,STRUCTURAL,LOW,COMPLETED,14583.48,6348.63,2025-06-08,1
WO-FJ73MWAGLOVQ,CA-CA-00000187,,2025-06-15,GENERAL,MEDIUM,COMPLETED,6223.8,10285.18,2025-06-20,5
WO-L8SZ4WKHOAOR,CA-CA-00000187,,2025-06-27,ELECTRICAL,HIGH,COMPLETED,12196.63,3748.62,2025-07-13,16
WO-9Z7L60VY6EV7,CA-CA-00000188,,2024-01-26,GENERAL,MEDIUM,DEFERRED,4935.32,,,250
WO-286WP01M6DXX,CA-CA-00000188,,2024-01-14,HVAC,MEDIUM,COMPLETED,13669.47,11333.74,2024-01-27,13
WO-SUPSGXYNPJ8G,CA-CA-00000188,,2024-01-24,ROOFING,LOW,COMPLETED,13418.46,5608.92,2024-02-02,9
WO-B88FUBWOGIWH,CA-CA-00000188,,2024-01-12,PLUMBING,LOW,COMPLETED,14436.54,1417.35,2024-01-29,17
WO-GYCEU7URSC7K,CA-CA-00000188,,2024-02-24,PLUMBING,LOW,COMPLETED,9081.5,9698.45,2024-03-13,18
WO-WBV7UM5GOQFB,CA-CA-00000188,,2024-02-04,GENERAL,EMERGENCY,DEFERRED,14109.94,,,26
WO-57S2A3J779VF,CA-CA-00000188,,2024-02-24,PLUMBING,MEDIUM,OPEN,9834.43,,,522
WO-KNLAF4ZLUOCY,CA-CA-00000188,,2024-02-16,GENERAL,LOW,COMPLETED,12537.07,5660.04,2024-03-06,19
WO-44URH4O8OWI8,CA-CA-00000188,,2024-02-09,PLUMBING,MEDIUM,OPEN,7031.84,,,41
WO-2XMZTCR3MHF5,CA-CA-00000188,,2024-02-07,GENERAL,MEDIUM,COMPLETED,8634.94,3850.81,2024-02-20,13
WO-5BSLVN32BXYV,CA-CA-00000188,,2024-03-10,ELECTRICAL,LOW,DEFERRED,417.63,,,70
WO-ZN5A7XAJ1XS7,CA-CA-00000188,,2024-04-02,STRUCTURAL,MEDIUM,COMPLETED,1936.72,6020.88,2024-04-09,7
WO-YWAS3SALX9CV,CA-CA-00000188,,2024-05-18,HVAC,HIGH,OPEN,11374.75,,,18
WO-7KY37D2I0LEF,CA-CA-00000188,,2024-05-26,HVAC,MEDIUM,COMPLETED,9917.31,7097.9,2024-06-01,6
WO-9MGPUJC5IW1Y,CA-CA-00000188,,2024-05-19,GENERAL,MEDIUM,DEFERRED,13472.42,,,45
WO-10INN7AZ5KWD,CA-CA-00000188,,2024-06-28,GENERAL,MEDIUM,DEFERRED,4548.06,,,52
WO-OGIRB5EIB9BH,CA-CA-00000188,,2024-06-04,ROOFING,MEDIUM,DEFERRED,13928.24,,,61
WO-6K4Y9TVNVU1B,CA-CA-00000188,,2024-06-15,GENERAL,MEDIUM,COMPLETED,12838.2,8419.32,2024-07-04,19
WO-Y06CC96KEZBN,CA-CA-00000188,,2024-06-03,ROOFING,HIGH,COMPLETED,10216.41,3508.3,2024-06-09,6
WO-R7NJBH30JQPI,CA-CA-00000188,,2024-07-23,ROOFING,MEDIUM,COMPLETED,11231.52,9516.91,2024-07-28,5
WO-CK876PBDSYZM,CA-CA-00000188,,2024-07-01,LANDSCAPING,LOW,COMPLETED,13505.95,11272.87,2024-07-06,5
WO-M7EUHNR40KQV,CA-CA-00000188,,2024-07-25,PLUMBING,HIGH,COMPLETED,2596.69,4276.01,2024-08-05,11
WO-FM3ZCNU0M55T,CA-CA-00000188,,2024-08-09,PLUMBING,HIGH,OPEN,398.66,,,14
WO-1LMQ5IG7FBBM,CA-CA-00000188,,2024-08-12,PLUMBING,LOW,COMPLETED,3303.55,9071.1,2024-08-21,9
WO-Y0ZR6L55W8QT,CA-CA-00000188,,2024-08-15,HVAC,HIGH,DEFERRED,8781.74,,,87
WO-V93EUC9IGT0I,CA-CA-00000188,,2024-08-13,LANDSCAPING,MEDIUM,DEFERRED,1468.88,,,44
WO-TA68EX1XPT1O,CA-CA-00000188,,2024-09-21,LANDSCAPING,HIGH,DEFERRED,9828.58,,,127
WO-Z853JMCJEMIT,CA-CA-00000188,,2024-09-09,PLUMBING,MEDIUM,COMPLETED,12872.91,11210.2,2024-09-19,10
WO-WLPU5YK0WNNQ,CA-CA-00000188,,2024-09-17,LANDSCAPING,LOW,COMPLETED,665.34,2283.15,2024-09-21,4
WO-H5CD0JS4E1I7,CA-CA-00000188,,2024-10-28,ELECTRICAL,LOW,OPEN,4550.03,,,24
WO-AG5OCGTSQP9D,CA-CA-00000188,,2024-12-02,ELECTRICAL,MEDIUM,OPEN,2466.24,,,158
WO-B5ZDVS6BLYAX,CA-CA-00000188,,2024-12-07,ELECTRICAL,HIGH,COMPLETED,7266.45,2486.59,2024-12-10,3
WO-30DXVC5ASIRQ,CA-CA-00000188,,2025-01-25,HVAC,HIGH,COMPLETED,14427.97,10631.18,2025-01-26,1
WO-ECZ07TCVM86P,CA-CA-00000188,,2025-01-05,ELEVATOR,MEDIUM,COMPLETED,8472.89,3868.59,2025-01-07,2
WO-U8XGVCFOS2QT,CA-CA-00000188,,2025-03-10,ELECTRICAL,MEDIUM,DEFERRED,2976.77,,,16
WO-PF51ZHBRFDO3,CA-CA-00000188,,2025-03-20,PLUMBING,HIGH,COMPLETED,1711.26,11132.36,2025-04-04,15
WO-4RD8BDDWC0YJ,CA-CA-00000188,,2025-04-17,LANDSCAPING,EMERGENCY,COMPLETED,10451.08,3070.81,2025-05-06,19
WO-R5G3QHLYESVE,CA-CA-00000188,,2025-05-28,LANDSCAPING,MEDIUM,DEFERRED,1518.73,,,21
WO-0MYYOM3C8FK9,CA-CA-00000188,,2025-05-12,LANDSCAPING,HIGH,OPEN,12730.41,,,132
WO-IUM514RHHEHO,CA-CA-00000188,,2025-05-19,PLUMBING,MEDIUM,OPEN,4830.56,,,51
WO-5863461TFTR6,CA-CA-00000188,,2025-06-20,LANDSCAPING,MEDIUM,COMPLETED,14257.68,856.5,2025-06-22,2
WO-9J6KCLRF452W,CA-CA-00000188,,2025-06-07,GENERAL,LOW,DEFERRED,1993.41,,,43
WO-0U1QKRN5T9WV,CA-TX-00000189,,2024-01-22,LANDSCAPING,LOW,OPEN,698.53,,,102
WO-PBEI6LUOV0J5,CA-TX-00000189,,2024-01-04,PLUMBING,HIGH,COMPLETED,9992.31,3679.21,2024-01-23,19
WO-4HLHC3Y8W0NI,CA-TX-00000189,,2024-01-20,LANDSCAPING,MEDIUM,COMPLETED,8018.09,2343.2,2024-01-21,1
WO-3B2PXXZH3ZYN,CA-TX-00000189,,2024-02-17,LANDSCAPING,EMERGENCY,COMPLETED,11192.01,2430.12,2024-03-02,14
WO-95VITRXJY4LF,CA-TX-00000189,,2024-02-23,GENERAL,LOW,COMPLETED,4101.74,10288.97,2024-03-03,9
WO-7AE4UO6DGPD8,CA-TX-00000189,,2024-02-11,PLUMBING,MEDIUM,OPEN,3795.64,,,85
WO-MASULSOJGZ2I,CA-TX-00000189,,2024-03-07,PLUMBING,LOW,OPEN,1949.7,,,84
WO-CD1ZU71I5975,CA-TX-00000189,,2024-03-25,GENERAL,EMERGENCY,COMPLETED,5977.75,518.19,2024-03-31,6
WO-FS5O0T12TZIC,CA-TX-00000189,,2024-04-17,GENERAL,MEDIUM,OPEN,2753.11,,,54
WO-QN8025RPRW1D,CA-TX-00000189,,2024-04-10,ROOFING,MEDIUM,COMPLETED,1129.24,4034.79,2024-04-20,10
WO-3ZHYYK2RAHJO,CA-TX-00000189,,2024-05-23,HVAC,MEDIUM,OPEN,6013.14,,,37
WO-TH8BNASGTWRV,CA-TX-00000189,,2024-05-20,ELECTRICAL,MEDIUM,COMPLETED,11896.49,5717.89,2024-06-05,16
WO-WY5C3OIB381Z,CA-TX-00000189,,2024-06-17,ROOFING,HIGH,COMPLETED,13878.62,3184.05,2024-06-22,5
WO-P5P41QH0ALC7,CA-TX-00000189,,2024-07-04,PLUMBING,MEDIUM,OPEN,5057.25,,,155
WO-VZ0S3XUTO7K7,CA-TX-00000189,,2024-07-10,HVAC,LOW,DEFERRED,1892.32,,,139
WO-H255YKZJHX0F,CA-TX-00000189,,2024-07-03,GENERAL,LOW,DEFERRED,1315.56,,,19
WO-6HQSRHX8P20J,CA-TX-00000189,,2024-08-25,GENERAL,LOW,COMPLETED,5458.6,11607.54,2024-08-27,2
WO-UPDJJ9FHFCGD,CA-TX-00000189,,2024-08-06,GENERAL,MEDIUM,COMPLETED,2877.12,6448.25,2024-08-09,3
WO-UBO16KI1415R,CA-TX-00000189,,2024-08-09,GENERAL,LOW,OPEN,8055.05,,,42
WO-8S3Z8ER5VUEX,CA-TX-00000189,,2024-08-12,LANDSCAPING,LOW,COMPLETED,12905.82,5237.1,2024-08-16,4
WO-DA13G8RJC9A2,CA-TX-00000189,,2024-09-16,LANDSCAPING,LOW,COMPLETED,371.49,1710.63,2024-09-23,7
WO-I5HLDV7UQEXO,CA-TX-00000189,,2024-09-27,STRUCTURAL,MEDIUM,COMPLETED,14364.98,6165.62,2024-10-12,15
WO-04HH688TW338,CA-TX-00000189,,2024-09-05,LANDSCAPING,EMERGENCY,COMPLETED,6734.6,5216.79,2024-09-07,2
WO-VYR18I6TIAGS,CA-TX-00000189,,2024-10-03,ELECTRICAL,LOW,COMPLETED,7635.45,11698.09,2024-10-18,15
WO-HI3SZ5DUZ33W,CA-TX-00000189,,2024-11-10,STRUCTURAL,HIGH,COMPLETED,5794.34,4341.5,2024-11-15,5
WO-MKBT512N6BUT,CA-TX-00000189,,2024-11-20,HVAC,MEDIUM,DEFERRED,324.98,,,70
WO-0N0HR48EY1UJ,CA-TX-00000189,,2025-01-11,PLUMBING,MEDIUM,COMPLETED,8272.13,8558.09,2025-01-22,11
WO-ZL61T10D2F0B,CA-TX-00000189,,2025-01-20,LANDSCAPING,HIGH,DEFERRED,10724.97,,,160
WO-4592E2NI5G9Z,CA-TX-00000189,,2025-01-03,ELECTRICAL,HIGH,COMPLETED,5662.69,1072.37,2025-01-20,17
WO-YMI3R04ZU4JL,CA-TX-00000189,,2025-02-28,HVAC,MEDIUM,COMPLETED,4805.56,6469.89,2025-03-20,20
WO-VQCQ6JL5HI1F,CA-TX-00000189,,2025-02-20,HVAC,MEDIUM,COMPLETED,11710.12,464.86,2025-03-05,13
WO-IHFZF5SBS8FX,CA-TX-00000189,,2025-03-15,LANDSCAPING,MEDIUM,DEFERRED,11902.5,,,46
WO-VVGSL27WQ6BJ,CA-TX-00000189,,2025-03-02,STRUCTURAL,LOW,COMPLETED,5997.32,11287.94,2025-03-23,21
WO-4X7FR8U18GH7,CA-TX-00000189,,2025-03-10,STRUCTURAL,MEDIUM,COMPLETED,4864.46,7534.91,2025-03-19,9
WO-H28FPJUN2HHK,CA-TX-00000189,,2025-03-07,ELECTRICAL,HIGH,COMPLETED,14858.44,6054.52,2025-03-11,4
WO-Y0Z0K8OVEYIP,CA-TX-00000189,,2025-04-10,LANDSCAPING,LOW,DEFERRED,9806.57,,,9
WO-J72VV2Y0NL8H,CA-TX-00000189,,2025-04-25,PLUMBING,LOW,OPEN,6272.82,,,378
WO-AM5PT71OO72A,CA-TX-00000189,,2025-04-21,PLUMBING,MEDIUM,COMPLETED,11023.34,1313.72,2025-04-24,3
WO-PO7WMT3N97FF,CA-TX-00000189,,2025-05-28,GENERAL,HIGH,DEFERRED,14087.52,,,43
WO-BWP0FTGR6CRQ,CA-TX-00000189,,2025-05-14,LANDSCAPING,HIGH,DEFERRED,11787.08,,,11
WO-33M6XP4IK6DD,CA-TX-00000189,,2025-05-25,ELECTRICAL,LOW,OPEN,10894.81,,,68
WO-GBJDCS0D4O26,CA-TX-00000189,,2025-05-08,GENERAL,MEDIUM,COMPLETED,7931.26,8771.05,2025-05-21,13
WO-2G6OMT40SQ49,CA-FL-00000190,,2024-01-01,LANDSCAPING,EMERGENCY,COMPLETED,3279.88,2893.5,2024-01-19,18
WO-QNLYFM1LJGM9,CA-FL-00000190,,2024-02-22,ROOFING,LOW,COMPLETED,1116.46,9992.42,2024-03-04,11
WO-KJAYV8AT0PN3,CA-FL-00000190,,2024-04-22,ELECTRICAL,LOW,COMPLETED,14524.09,4467.73,2024-04-25,3
WO-0ZMXK5D5386L,CA-FL-00000190,,2024-04-17,PLUMBING,HIGH,COMPLETED,1611.14,399.4,2024-05-08,21
WO-MIRF0ADV78PL,CA-FL-00000190,,2024-05-20,LANDSCAPING,MEDIUM,COMPLETED,4029.71,8587.51,2024-06-02,13
WO-A7VW4HUIY0PQ,CA-FL-00000190,,2024-06-08,ELECTRICAL,LOW,COMPLETED,11598.17,9145.09,2024-06-28,20
WO-W2T2PKT7VMLV,CA-FL-00000190,,2024-07-11,PLUMBING,LOW,COMPLETED,5671.28,2357.48,2024-07-19,8
WO-6ND12KYIZ7ZF,CA-FL-00000190,,2024-09-28,GENERAL,LOW,COMPLETED,3166.81,9738.77,2024-10-17,19
WO-EG13V8YIASX3,CA-FL-00000190,,2024-12-03,ROOFING,LOW,COMPLETED,7638.04,3390.11,2024-12-11,8
WO-32E81HEI8VM7,CA-FL-00000190,,2024-12-09,HVAC,MEDIUM,COMPLETED,2855.7,10185.01,2024-12-29,20
WO-M1N5AGM2FRTG,CA-FL-00000190,,2025-01-14,PLUMBING,LOW,COMPLETED,3198.07,6783.75,2025-01-16,2
WO-PS6ZXO6WA9QP,CA-FL-00000190,,2025-01-05,HVAC,MEDIUM,COMPLETED,7405.27,11978.2,2025-01-15,10
WO-DAN8VGB5CZDN,CA-FL-00000190,,2025-02-20,PLUMBING,MEDIUM,COMPLETED,9000.22,10788.0,2025-02-26,6
WO-XWB8B1LCRZ8U,CA-FL-00000190,,2025-03-15,GENERAL,MEDIUM,COMPLETED,913.61,906.15,2025-03-27,12
WO-X13URL64PG6M,CA-FL-00000190,,2025-03-28,ELECTRICAL,MEDIUM,COMPLETED,4337.48,5795.48,2025-03-29,1
WO-CNN2NBB4IHCC,CA-FL-00000190,,2025-04-14,GENERAL,MEDIUM,COMPLETED,10046.04,11400.85,2025-04-20,6
WO-QKJ7GZ1SEX7F,CA-WA-00000191,,2024-01-18,STRUCTURAL,MEDIUM,COMPLETED,9940.44,10032.53,2024-01-27,9
WO-SK3PPO698JMN,CA-WA-00000191,,2024-01-25,GENERAL,LOW,COMPLETED,8483.21,3876.19,2024-02-03,9
WO-73EM5CRRQEBK,CA-WA-00000191,,2024-03-09,PLUMBING,MEDIUM,COMPLETED,4398.99,4306.13,2024-03-20,11
WO-YQKWEZSX8OVD,CA-WA-00000191,,2024-06-12,ROOFING,MEDIUM,COMPLETED,7499.79,8379.27,2024-07-03,21
WO-JVITFACT0OUY,CA-WA-00000191,,2024-06-05,ROOFING,MEDIUM,COMPLETED,11415.84,1231.39,2024-06-21,16
WO-UFDXULBN1DR5,CA-WA-00000191,,2024-09-20,PLUMBING,MEDIUM,COMPLETED,7669.06,6800.36,2024-09-30,10
WO-APC1T7JQ67XE,CA-WA-00000191,,2024-09-20,HVAC,MEDIUM,COMPLETED,11792.09,826.45,2024-10-07,17
WO-DJ56ZTX2KDFR,CA-WA-00000191,,2024-10-03,ROOFING,LOW,COMPLETED,701.92,1037.72,2024-10-10,7
WO-7UB7Y8E5DC1D,CA-WA-00000191,,2024-10-10,HVAC,LOW,COMPLETED,8134.0,3341.47,2024-10-22,12
WO-8DUOTO1IU1Q8,CA-WA-00000191,,2024-11-15,ROOFING,LOW,COMPLETED,4259.26,9155.91,2024-11-18,3
WO-81OT92GCJGRO,CA-WA-00000191,,2025-02-13,LANDSCAPING,LOW,COMPLETED,7748.49,5796.89,2025-02-28,15
WO-7N3TZRRCJ9BM,CA-WA-00000191,,2025-03-09,HVAC,MEDIUM,COMPLETED,11180.77,4557.31,2025-03-15,6
WO-FNEDH19ZWQ6B,CA-WA-00000191,,2025-05-07,GENERAL,MEDIUM,COMPLETED,6159.6,7406.62,2025-05-14,7
WO-U9RO8A6QXJJ6,CA-WA-00000191,,2025-06-03,GENERAL,HIGH,COMPLETED,4414.28,4527.8,2025-06-22,19
WO-7ZO3TSXKIDPG,CA-CA-00000192,,2024-01-23,ELEVATOR,HIGH,DEFERRED,7419.83,,,25
WO-0VITUA047RY8,CA-CA-00000192,,2024-02-11,LANDSCAPING,HIGH,COMPLETED,8142.09,1590.41,2024-02-23,12
WO-X2HN67U1Y4LW,CA-CA-00000192,,2024-02-22,GENERAL,MEDIUM,COMPLETED,10180.53,3694.92,2024-02-27,5
WO-CXOQ2DI5M6RT,CA-CA-00000192,,2024-02-22,ELECTRICAL,HIGH,COMPLETED,2583.22,5788.27,2024-03-04,11
WO-OEHU6N756O1Y,CA-CA-00000192,,2024-02-10,ROOFING,HIGH,COMPLETED,11555.26,11957.81,2024-02-17,7
WO-7SI2U3K15VM6,CA-CA-00000192,,2024-03-25,GENERAL,LOW,COMPLETED,13884.16,1623.74,2024-04-01,7
WO-6KRD9NKOYJA9,CA-CA-00000192,,2024-03-25,HVAC,EMERGENCY,OPEN,5151.4,,,247
WO-W8YH91M4S8EM,CA-CA-00000192,,2024-03-15,PLUMBING,LOW,COMPLETED,13925.38,5099.56,2024-03-19,4
WO-VXYNT7USXV15,CA-CA-00000192,,2024-03-18,PLUMBING,HIGH,COMPLETED,10188.36,11911.42,2024-04-02,15
WO-IUPAZZSON90H,CA-CA-00000192,,2024-03-01,HVAC,LOW,COMPLETED,4134.93,7966.42,2024-03-14,13
WO-53FH6VCC6VH7,CA-CA-00000192,,2024-04-18,ELECTRICAL,LOW,COMPLETED,6062.23,1175.64,2024-05-05,17
WO-MOZQF6V2ELYJ,CA-CA-00000192,,2024-04-21,GENERAL,MEDIUM,DEFERRED,11957.31,,,27
WO-FST4LRATX1LT,CA-CA-00000192,,2024-04-26,ELEVATOR,MEDIUM,DEFERRED,14333.58,,,65
WO-08G5WTAYVVGQ,CA-CA-00000192,,2024-04-12,GENERAL,HIGH,OPEN,4408.93,,,41
WO-87LB5TPBG2SH,CA-CA-00000192,,2024-04-18,LANDSCAPING,MEDIUM,OPEN,2809.64,,,70
WO-Q4I836SYTAWQ,CA-CA-00000192,,2024-04-24,HVAC,LOW,COMPLETED,952.49,10987.22,2024-05-13,19
WO-7MC5SN9VOPKF,CA-CA-00000192,,2024-05-06,HVAC,HIGH,DEFERRED,14488.31,,,143
WO-W6T3U5CIDHPT,CA-CA-00000192,,2024-05-05,GENERAL,MEDIUM,COMPLETED,11147.1,9391.89,2024-05-14,9
WO-GAQSOUJ6R37U,CA-CA-00000192,,2024-05-01,PLUMBING,MEDIUM,OPEN,10919.1,,,53
WO-YJ0D2JU3G1H7,CA-CA-00000192,,2024-05-24,ROOFING,MEDIUM,COMPLETED,8683.77,3360.99,2024-06-11,18
WO-OVNN8EAZCHVZ,CA-CA-00000192,,2024-05-11,HVAC,LOW,DEFERRED,3307.97,,,202
WO-OWS3COPGY0SZ,CA-CA-00000192,,2024-05-26,PLUMBING,LOW,COMPLETED,11867.0,6187.61,2024-06-03,8
WO-MHVUD5LWW8A4,CA-CA-00000192,,2024-06-17,STRUCTURAL,MEDIUM,COMPLETED,1531.7,8949.93,2024-06-27,10
WO-7XQ4VCMVZO42,CA-CA-00000192,,2024-06-24,STRUCTURAL,LOW,DEFERRED,1877.34,,,31
WO-MFESNG160BA4,CA-CA-00000192,,2024-06-22,ROOFING,MEDIUM,DEFERRED,4058.32,,,319
WO-UDAU2JF5APTY,CA-CA-00000192,,2024-06-10,GENERAL,LOW,COMPLETED,9503.71,5758.88,2024-06-23,13
WO-XC8IGZSEM3HJ,CA-CA-00000192,,2024-06-08,ROOFING,MEDIUM,OPEN,7817.8,,,70
WO-TCN5MQZTZM52,CA-CA-00000192,,2024-06-17,ELEVATOR,MEDIUM,DEFERRED,14615.71,,,27
WO-9SXN02NJ9Z0A,CA-CA-00000192,,2024-06-20,PLUMBING,EMERGENCY,COMPLETED,854.99,11127.34,2024-07-07,17
WO-2742VVX88Y8J,CA-CA-00000192,,2024-07-04,PLUMBING,LOW,COMPLETED,1266.99,9421.7,2024-07-21,17
WO-CTBZBNFYAXSI,CA-CA-00000192,,2024-07-04,STRUCTURAL,LOW,COMPLETED,8313.91,2047.81,2024-07-12,8
WO-LULT4UODS0Q9,CA-CA-00000192,,2024-07-08,HVAC,MEDIUM,COMPLETED,14067.42,533.8,2024-07-12,4
WO-SJOT4S73MCR5,CA-CA-00000192,,2024-07-19,LANDSCAPING,HIGH,COMPLETED,3957.44,11659.73,2024-07-26,7
WO-M68Y8ZASD77D,CA-CA-00000192,,2024-07-25,PLUMBING,LOW,COMPLETED,14994.96,11513.54,2024-08-03,9
WO-LKAF3406MN28,CA-CA-00000192,,2024-07-19,GENERAL,LOW,DEFERRED,14002.0,,,287
WO-FCDSM9P8P08S,CA-CA-00000192,,2024-07-15,STRUCTURAL,MEDIUM,OPEN,12508.28,,,53
WO-BQUTG4PUHLPO,CA-CA-00000192,,2024-07-05,ELEVATOR,MEDIUM,DEFERRED,11621.25,,,36
WO-39KGLG2WYURR,CA-CA-00000192,,2024-07-14,PLUMBING,HIGH,DEFERRED,9938.4,,,47
WO-C07D8JLI0O5G,CA-CA-00000192,,2024-08-15,ELECTRICAL,HIGH,COMPLETED,9735.51,5745.83,2024-08-18,3
WO-BUWLR5NUGDU8,CA-CA-00000192,,2024-08-01,ELECTRICAL,LOW,COMPLETED,13368.41,7515.7,2024-08-14,13
WO-MKBT1UBGZR0Y,CA-CA-00000192,,2024-08-14,LANDSCAPING,MEDIUM,OPEN,2363.2,,,151
WO-G040DBX4VQ4Z,CA-CA-00000192,,2024-08-26,LANDSCAPING,LOW,DEFERRED,14156.13,,,86
WO-B329K7XKD2OO,CA-CA-00000192,,2024-08-10,ELECTRICAL,HIGH,OPEN,9154.77,,,59
WO-ZIIXHSL3225G,CA-CA-00000192,,2024-08-25,PLUMBING,EMERGENCY,DEFERRED,7353.81,,,180
WO-VFVXQWGEIOU5,CA-CA-00000192,,2024-08-25,GENERAL,HIGH,DEFERRED,13537.65,,,42
WO-BZIZK1S0YUU6,CA-CA-00000192,,2024-09-11,STRUCTURAL,HIGH,COMPLETED,1456.8,4353.74,2024-09-13,2
WO-UE63EBYZB98P,CA-CA-00000192,,2024-09-01,PLUMBING,MEDIUM,COMPLETED,10115.65,5297.62,2024-09-10,9
WO-HXXKW7A9UIBF,CA-CA-00000192,,2024-09-18,PLUMBING,MEDIUM,COMPLETED,1662.89,8522.59,2024-10-02,14
WO-FF866MKDV352,CA-CA-00000192,,2024-09-22,HVAC,HIGH,DEFERRED,2470.17,,,43
WO-KS5ZDYO38LBA,CA-CA-00000192,,2024-09-16,PLUMBING,LOW,OPEN,6605.26,,,77
WO-HAQLVM7U9ATE,CA-CA-00000192,,2024-09-13,LANDSCAPING,LOW,OPEN,14307.95,,,49
WO-OEGAU1L5TT1G,CA-CA-00000192,,2024-09-22,STRUCTURAL,HIGH,COMPLETED,14656.76,6983.62,2024-10-09,17
WO-VL72W7T50T50,CA-CA-00000192,,2024-10-08,HVAC,EMERGENCY,COMPLETED,14519.01,2350.13,2024-10-22,14
WO-RL3O2LMYUREC,CA-CA-00000192,,2024-10-09,ELECTRICAL,LOW,COMPLETED,5401.76,4253.13,2024-10-18,9
WO-E5LC5F8CPPMN,CA-CA-00000192,,2024-10-18,HVAC,MEDIUM,DEFERRED,13289.16,,,40
WO-22E1D0W32Z6V,CA-CA-00000192,,2024-10-23,GENERAL,MEDIUM,OPEN,613.57,,,160
WO-IXNO4JD07XWN,CA-CA-00000192,,2024-10-02,GENERAL,LOW,COMPLETED,8432.25,2666.12,2024-10-05,3
WO-3OTYT3YBA1IZ,CA-CA-00000192,,2024-11-11,HVAC,MEDIUM,DEFERRED,1723.75,,,30
WO-4AXF41ENQ6UL,CA-CA-00000192,,2024-11-07,PLUMBING,LOW,OPEN,10266.31,,,297
WO-PER0TC4KRDGL,CA-CA-00000192,,2024-11-11,ELEVATOR,MEDIUM,OPEN,7263.92,,,119
WO-IGZXUCTWX1CE,CA-CA-00000192,,2025-01-13,PLUMBING,MEDIUM,DEFERRED,10806.83,,,12
WO-689AZNV69PPZ,CA-CA-00000192,,2025-01-26,ROOFING,MEDIUM,OPEN,1779.93,,,25
WO-P4C3S0NQTX7B,CA-CA-00000192,,2025-01-28,ROOFING,MEDIUM,DEFERRED,12600.7,,,4
WO-J96P1TIGO40V,CA-CA-00000192,,2025-01-11,ELECTRICAL,LOW,COMPLETED,454.13,11063.68,2025-01-25,14
WO-JARGWN7RMISX,CA-CA-00000192,,2025-02-07,ROOFING,HIGH,DEFERRED,915.22,,,21
WO-36D2QIPUQRPH,CA-CA-00000192,,2025-02-22,STRUCTURAL,HIGH,COMPLETED,11531.88,354.79,2025-03-07,13
WO-OR4D73VT45BK,CA-CA-00000192,,2025-02-03,HVAC,HIGH,OPEN,2564.22,,,57
WO-G5KWLY20D8ZD,CA-CA-00000192,,2025-02-09,STRUCTURAL,MEDIUM,DEFERRED,8540.97,,,14
WO-M1TY2W7UYY2U,CA-CA-00000192,,2025-02-24,LANDSCAPING,HIGH,COMPLETED,11944.27,7244.74,2025-03-08,12
WO-OXRA3MT3O7J7,CA-CA-00000192,,2025-03-23,GENERAL,MEDIUM,COMPLETED,6471.95,9901.35,2025-03-27,4
WO-B5SBRFBWZHEH,CA-CA-00000192,,2025-03-14,GENERAL,MEDIUM,COMPLETED,14116.43,3189.25,2025-03-28,14
WO-FUGNFE46EF1B,CA-CA-00000192,,2025-03-19,ROOFING,LOW,DEFERRED,11236.63,,,39
WO-SNDE484UKJ99,CA-CA-00000192,,2025-03-20,PLUMBING,HIGH,COMPLETED,7844.17,5140.82,2025-03-24,4
WO-6ORQECRMX2E4,CA-CA-00000192,,2025-03-05,STRUCTURAL,MEDIUM,DEFERRED,4198.29,,,181
WO-AGXF4VQH9B24,CA-CA-00000192,,2025-04-22,ELEVATOR,HIGH,COMPLETED,6987.93,5988.83,2025-04-24,2
WO-6KX7ORQD6KM2,CA-CA-00000192,,2025-04-24,LANDSCAPING,EMERGENCY,COMPLETED,5310.41,9997.18,2025-05-07,13
WO-Z44U8L2P1M8C,CA-CA-00000192,,2025-04-22,PLUMBING,LOW,COMPLETED,6186.66,6307.82,2025-05-08,16
WO-OC9MKROWVUKZ,CA-CA-00000192,,2025-04-02,PLUMBING,MEDIUM,COMPLETED,8825.35,4639.19,2025-04-15,13
WO-X4OFJOQL7GK5,CA-CA-00000192,,2025-04-07,PLUMBING,LOW,COMPLETED,13232.18,1296.7,2025-04-17,10
WO-JBVTW3E6YNFA,CA-CA-00000192,,2025-04-05,ROOFING,LOW,OPEN,4537.78,,,102
WO-DYIB14OK55PZ,CA-CA-00000192,,2025-04-03,HVAC,MEDIUM,COMPLETED,11048.93,8772.64,2025-04-10,7
WO-T19JV0CCMZ7F,CA-CA-00000192,,2025-04-18,PLUMBING,LOW,DEFERRED,560.2,,,42
WO-IYM457O373BL,CA-CA-00000192,,2025-05-16,HVAC,HIGH,OPEN,9397.49,,,15
WO-MZBGLXOBAL7R,CA-CA-00000192,,2025-05-23,GENERAL,LOW,DEFERRED,4775.63,,,17
WO-60WDYBI0ZVXE,CA-CA-00000192,,2025-05-12,PLUMBING,MEDIUM,COMPLETED,1669.36,6188.47,2025-05-21,9
WO-HBILMAFZMALR,CA-CA-00000192,,2025-05-17,GENERAL,LOW,COMPLETED,2826.34,8891.55,2025-05-23,6
WO-XDVJYDK2T819,CA-CA-00000192,,2025-05-01,ELECTRICAL,HIGH,COMPLETED,6287.15,1551.98,2025-05-06,5
WO-UWZQGI19JOKJ,CA-CA-00000192,,2025-05-02,ELECTRICAL,MEDIUM,COMPLETED,14647.62,9328.06,2025-05-19,17
WO-Y797303V8SW0,CA-CA-00000192,,2025-05-03,PLUMBING,EMERGENCY,OPEN,9177.74,,,51
WO-C2644YW1R63Q,CA-CA-00000192,,2025-05-18,ROOFING,HIGH,COMPLETED,13744.58,6563.61,2025-05-19,1
WO-Y06AKAXVW1LK,CA-CA-00000192,,2025-05-02,PLUMBING,HIGH,DEFERRED,2606.07,,,331
WO-YXINHTBBHXTI,CA-CA-00000192,,2025-06-16,HVAC,LOW,DEFERRED,14185.8,,,47
WO-XY1E1VKQSWDE,CA-CA-00000192,,2025-06-02,GENERAL,LOW,DEFERRED,3126.42,,,17
WO-TUQCOC9PNC59,CA-CA-00000192,,2025-06-07,HVAC,MEDIUM,COMPLETED,11964.12,7684.42,2025-06-16,9
WO-25TZ3KMY0DGJ,CA-CA-00000192,,2025-06-13,STRUCTURAL,MEDIUM,COMPLETED,11444.05,1234.17,2025-06-26,13
WO-3DFJJ9JHS14S,CA-CA-00000192,,2025-06-14,LANDSCAPING,HIGH,OPEN,8160.47,,,116
WO-12L3RVU3RCNR,CA-CA-00000193,,2024-01-05,HVAC,MEDIUM,COMPLETED,3536.54,7363.31,2024-01-13,8
WO-0JZR2RQDF078,CA-CA-00000193,,2024-01-26,PLUMBING,HIGH,COMPLETED,2629.29,3256.64,2024-02-05,10
WO-XT6HYIPJ3G6V,CA-CA-00000193,,2024-01-09,PLUMBING,LOW,DEFERRED,8320.42,,,102
WO-VK9RMQ0313EY,CA-CA-00000193,,2024-01-06,ELECTRICAL,LOW,COMPLETED,2989.18,3445.86,2024-01-14,8
WO-8ZNCKT4JN7YP,CA-CA-00000193,,2024-02-04,PLUMBING,MEDIUM,COMPLETED,14506.2,8463.3,2024-02-09,5
WO-YSR0ZDIBYXV4,CA-CA-00000193,,2024-03-28,ELEVATOR,LOW,COMPLETED,10304.72,10100.13,2024-04-10,13
WO-V71SBJE7OB3G,CA-CA-00000193,,2024-05-13,ROOFING,MEDIUM,COMPLETED,14655.98,2053.15,2024-05-16,3
WO-HKMHTLJ3GQ9P,CA-CA-00000193,,2024-05-12,ELECTRICAL,LOW,OPEN,1369.57,,,23
WO-BUP23LFNDGUZ,CA-CA-00000193,,2024-06-25,ROOFING,HIGH,COMPLETED,371.39,11779.14,2024-06-30,5
WO-VW86W7S6Q6X9,CA-CA-00000193,,2024-07-01,GENERAL,MEDIUM,DEFERRED,12703.64,,,36
WO-GK2MK85LJW4A,CA-CA-00000193,,2024-07-02,GENERAL,MEDIUM,DEFERRED,8178.18,,,35
WO-PQEUGG33YFVS,CA-CA-00000193,,2024-08-12,ELECTRICAL,MEDIUM,DEFERRED,9537.25,,,58
WO-RODSBKVRG4II,CA-CA-00000193,,2024-08-05,GENERAL,MEDIUM,COMPLETED,12365.99,7271.66,2024-08-18,13
WO-S1I1P5FF408V,CA-CA-00000193,,2024-08-18,HVAC,LOW,OPEN,5022.3,,,43
WO-AH1BAZJBOIUR,CA-CA-00000193,,2024-09-16,HVAC,HIGH,COMPLETED,6552.76,9747.03,2024-09-22,6
WO-QWPDGV09YQ0Z,CA-CA-00000193,,2024-09-12,STRUCTURAL,LOW,COMPLETED,7567.64,2397.9,2024-10-01,19
WO-LLFMZ0097UUL,CA-CA-00000193,,2024-09-03,HVAC,HIGH,COMPLETED,2212.4,7092.38,2024-09-17,14
WO-NJ9WJ9AJ7TWL,CA-CA-00000193,,2024-10-27,PLUMBING,EMERGENCY,COMPLETED,5280.86,11294.84,2024-10-31,4
WO-3R09J2P5KKNG,CA-CA-00000193,,2024-11-15,LANDSCAPING,LOW,COMPLETED,6172.87,9833.43,2024-11-27,12
WO-OUWMXUSH77QX,CA-CA-00000193,,2024-11-10,ROOFING,MEDIUM,OPEN,2847.14,,,61
WO-PQWQ5ZJYWDBN,CA-CA-00000193,,2025-01-18,PLUMBING,MEDIUM,COMPLETED,841.42,11171.46,2025-01-29,11
WO-GDU70ZIFUWDM,CA-CA-00000193,,2025-01-22,HVAC,LOW,COMPLETED,7936.08,5762.37,2025-01-30,8
WO-PR8CSNVEQJQD,CA-CA-00000193,,2025-01-16,STRUCTURAL,LOW,OPEN,2830.63,,,26
WO-NOLYKDUVVIH2,CA-CA-00000193,,2025-01-05,HVAC,HIGH,COMPLETED,8142.75,8412.01,2025-01-08,3
WO-LT0NPOOZVE5J,CA-CA-00000193,,2025-02-21,GENERAL,LOW,COMPLETED,1619.0,2424.41,2025-03-09,16
WO-02IKHD16NMKJ,CA-CA-00000193,,2025-02-10,PLUMBING,LOW,COMPLETED,4176.2,9652.53,2025-02-24,14
WO-JQF61E8W08ED,CA-CA-00000193,,2025-03-25,ROOFING,MEDIUM,COMPLETED,6288.24,7252.2,2025-03-30,5
WO-WU2YMMN5SUCI,CA-CA-00000193,,2025-03-03,HVAC,MEDIUM,DEFERRED,12961.82,,,114
WO-OT0RN92R6M5X,CA-CA-00000193,,2025-03-23,HVAC,MEDIUM,COMPLETED,11051.39,1778.83,2025-03-31,8
WO-T2W80URKACW2,CA-CA-00000193,,2025-03-16,LANDSCAPING,MEDIUM,OPEN,2081.84,,,56
WO-KVA7N8649OF6,CA-CA-00000193,,2025-04-23,ELECTRICAL,LOW,COMPLETED,2856.25,3508.18,2025-05-08,15
WO-FNENXN8A2G4G,CA-CA-00000193,,2025-04-24,HVAC,LOW,COMPLETED,8956.59,9588.15,2025-04-29,5
WO-G245YWXAKNZO,CA-CA-00000193,,2025-05-06,STRUCTURAL,MEDIUM,COMPLETED,3267.09,10777.45,2025-05-20,14
WO-RHNV0CZSX0E1,CA-CA-00000193,,2025-05-18,PLUMBING,LOW,COMPLETED,7796.67,8329.68,2025-05-19,1
WO-P9B0YZQBETEG,CA-CA-00000193,,2025-05-04,LANDSCAPING,LOW,COMPLETED,9416.18,674.42,2025-05-15,11
WO-IINB1N0CBC1N,CA-CA-00000193,,2025-05-02,PLUMBING,HIGH,OPEN,9779.92,,,93
WO-1L5P35FJJ7A0,CA-CA-00000193,,2025-06-02,ROOFING,MEDIUM,COMPLETED,2722.59,10726.36,2025-06-18,16
WO-NF4X6BD7USAF,CA-IL-00000194,,2024-03-14,ELECTRICAL,MEDIUM,COMPLETED,2789.68,7193.61,2024-03-27,13
WO-XVPUE77BTRG5,CA-IL-00000194,,2024-04-26,PLUMBING,LOW,COMPLETED,10080.82,5568.98,2024-05-15,19
WO-6FIK398F3E6Q,CA-IL-00000194,,2024-05-14,GENERAL,MEDIUM,COMPLETED,5149.31,1546.09,2024-05-25,11
WO-76377N6TBFBJ,CA-IL-00000194,,2024-05-11,ELECTRICAL,LOW,COMPLETED,4681.61,9585.46,2024-05-17,6
WO-YHB3VGEQ4SCG,CA-IL-00000194,,2024-06-02,GENERAL,LOW,COMPLETED,14284.53,3597.83,2024-06-10,8
WO-OEGVGM4ERD4V,CA-IL-00000194,,2024-07-06,PLUMBING,MEDIUM,OPEN,13304.68,,,31
WO-31VRN48N9UVW,CA-IL-00000194,,2024-07-27,ELEVATOR,LOW,COMPLETED,14053.39,2533.1,2024-08-08,12
WO-COJ5DEJ0C5OT,CA-IL-00000194,,2024-08-19,HVAC,MEDIUM,COMPLETED,10052.51,4927.97,2024-09-09,21
WO-7RGHJN0CM9CQ,CA-IL-00000194,,2024-08-03,PLUMBING,MEDIUM,COMPLETED,12777.65,1302.42,2024-08-16,13
WO-BGAWWG9CRKNZ,CA-IL-00000194,,2024-10-01,ROOFING,HIGH,COMPLETED,5239.69,1314.96,2024-10-19,18
WO-YF7LCMNJHKYJ,CA-IL-00000194,,2024-12-13,HVAC,MEDIUM,COMPLETED,3877.23,384.19,2024-12-20,7
WO-DJ5SWFYENFMG,CA-IL-00000194,,2025-03-18,LANDSCAPING,MEDIUM,COMPLETED,4856.66,8855.6,2025-04-04,17
WO-G97MIYDNCJ69,CA-IL-00000194,,2025-06-09,HVAC,MEDIUM,COMPLETED,2798.52,7651.28,2025-06-19,10
WO-Q3TUZDKALNYT,CA-AZ-00000195,,2024-01-07,LANDSCAPING,MEDIUM,COMPLETED,870.87,8662.44,2024-01-12,5
WO-M3AQXH8FZ8WD,CA-AZ-00000195,,2024-01-10,HVAC,LOW,COMPLETED,12079.37,5955.33,2024-01-23,13
WO-UJ85SEBITQM7,CA-AZ-00000195,,2024-02-24,ROOFING,LOW,DEFERRED,9064.69,,,56
WO-WC9NEHAGMNUV,CA-AZ-00000195,,2024-02-06,STRUCTURAL,MEDIUM,COMPLETED,13474.83,7650.77,2024-02-13,7
WO-GFN9G43UF8V2,CA-AZ-00000195,,2024-03-13,HVAC,LOW,COMPLETED,6649.04,8876.21,2024-04-02,20
WO-1XSZTIJ7LLFR,CA-AZ-00000195,,2024-03-24,GENERAL,MEDIUM,COMPLETED,10737.49,5241.3,2024-03-26,2
WO-DNBC08OVVSAG,CA-AZ-00000195,,2024-03-09,ROOFING,LOW,OPEN,2918.92,,,137
WO-TFHMEE5WZ3BD,CA-AZ-00000195,,2024-03-21,PLUMBING,HIGH,COMPLETED,3322.13,3965.74,2024-03-28,7
WO-Z87C8PJWLOX0,CA-AZ-00000195,,2024-03-18,GENERAL,MEDIUM,COMPLETED,1896.84,8361.6,2024-03-25,7
WO-L6D29I0NRUX4,CA-AZ-00000195,,2024-03-23,LANDSCAPING,MEDIUM,COMPLETED,9643.08,3669.2,2024-03-29,6
WO-XZDDYB8EQC7D,CA-AZ-00000195,,2024-04-27,GENERAL,MEDIUM,COMPLETED,11511.35,1714.01,2024-05-10,13
WO-MJHC3QIWVFFO,CA-AZ-00000195,,2024-04-23,GENERAL,MEDIUM,COMPLETED,8137.06,678.74,2024-04-26,3
WO-SDV6SDCJR5TR,CA-AZ-00000195,,2024-04-20,GENERAL,MEDIUM,COMPLETED,4607.31,11244.02,2024-05-04,14
WO-LAGPJK8F2WTN,CA-AZ-00000195,,2024-04-01,PLUMBING,HIGH,COMPLETED,2173.01,4910.85,2024-04-21,20
WO-JI9BP6NQGOJU,CA-AZ-00000195,,2024-05-19,STRUCTURAL,HIGH,COMPLETED,5911.78,9554.7,2024-06-03,15
WO-VUDWACHW8KT0,CA-AZ-00000195,,2024-05-27,GENERAL,HIGH,COMPLETED,4096.34,3442.93,2024-06-04,8
WO-0ZCCG13KXVRP,CA-AZ-00000195,,2024-05-06,STRUCTURAL,LOW,DEFERRED,13504.68,,,62
WO-CFSBKWQANVDG,CA-AZ-00000195,,2024-07-13,PLUMBING,LOW,COMPLETED,5741.24,7251.21,2024-07-17,4
WO-VA6KDXPV5CJ4,CA-AZ-00000195,,2024-08-27,HVAC,MEDIUM,COMPLETED,12093.09,8079.39,2024-09-01,5
WO-X6FZOZK3UHG5,CA-AZ-00000195,,2024-08-10,ELEVATOR,LOW,COMPLETED,12665.68,7588.77,2024-08-22,12
WO-P2R9HLGFT5CX,CA-AZ-00000195,,2024-10-15,ELECTRICAL,MEDIUM,COMPLETED,1423.19,6893.1,2024-11-03,19
WO-KOR8D2W5LHJB,CA-AZ-00000195,,2024-12-08,PLUMBING,LOW,COMPLETED,8545.8,4387.17,2024-12-28,20
WO-IVMMPQHEPZB5,CA-AZ-00000195,,2024-12-05,HVAC,LOW,COMPLETED,8050.18,10850.67,2024-12-14,9
WO-YNLE9YHIKAGJ,CA-AZ-00000195,,2025-01-16,ROOFING,MEDIUM,COMPLETED,12452.0,2453.83,2025-02-02,17
WO-6X8IBQKUO2ZG,CA-AZ-00000195,,2025-01-20,ELEVATOR,HIGH,OPEN,3333.47,,,132
WO-CTT4JP1KKOT5,CA-AZ-00000195,,2025-01-26,GENERAL,HIGH,COMPLETED,9246.97,2124.23,2025-02-08,13
WO-YUOPTQKABKFT,CA-AZ-00000195,,2025-02-02,STRUCTURAL,HIGH,COMPLETED,4021.66,10104.17,2025-02-10,8
WO-4KDSPXQIIUHS,CA-AZ-00000195,,2025-02-03,GENERAL,MEDIUM,COMPLETED,8573.33,11574.09,2025-02-21,18
WO-FESRJ55JB44W,CA-AZ-00000195,,2025-02-25,LANDSCAPING,LOW,COMPLETED,2500.57,6095.12,2025-03-07,10
WO-187GG94OKU1Q,CA-AZ-00000195,,2025-03-17,PLUMBING,HIGH,COMPLETED,4991.64,11843.05,2025-03-22,5
WO-58U09I2CE9JV,CA-AZ-00000195,,2025-06-13,LANDSCAPING,HIGH,COMPLETED,5860.39,8416.24,2025-06-17,4
WO-37LI1V3EU450,CA-NC-00000196,,2024-02-19,ROOFING,LOW,COMPLETED,2940.19,9325.28,2024-03-05,15
WO-TTCZS1R00K03,CA-NC-00000196,,2024-04-22,HVAC,MEDIUM,COMPLETED,10123.88,9183.08,2024-05-03,11
WO-ZD8844QXIFZN,CA-NC-00000196,,2024-05-07,LANDSCAPING,EMERGENCY,OPEN,2793.13,,,55
WO-NGBCPMZJUQ81,CA-NC-00000196,,2024-06-17,ROOFING,MEDIUM,COMPLETED,8490.32,9130.78,2024-06-24,7
WO-FAJVRN1MDCJV,CA-NC-00000196,,2024-06-12,ELEVATOR,MEDIUM,DEFERRED,9152.39,,,21
WO-ZX7CHK4P25RW,CA-NC-00000196,,2024-07-17,ELECTRICAL,HIGH,COMPLETED,13390.18,4407.49,2024-07-23,6
WO-17ZDUT6F5CX5,CA-NC-00000196,,2024-08-24,ELECTRICAL,MEDIUM,COMPLETED,3009.17,2295.16,2024-09-04,11
WO-7FTIQU5XZUHD,CA-NC-00000196,,2024-10-04,GENERAL,LOW,COMPLETED,6654.96,5179.6,2024-10-25,21
WO-ZN5YO33VZ81G,CA-NC-00000196,,2024-11-18,ELECTRICAL,EMERGENCY,COMPLETED,6797.3,2247.99,2024-11-22,4
WO-FSWNDHN2PRST,CA-NC-00000196,,2025-01-28,LANDSCAPING,LOW,DEFERRED,6819.68,,,68
WO-TMYGS94PR8ZD,CA-NC-00000196,,2025-03-12,HVAC,MEDIUM,COMPLETED,2982.42,1908.63,2025-03-24,12
WO-HIKY1I4PMG9Z,CA-NC-00000196,,2025-04-27,STRUCTURAL,HIGH,COMPLETED,2311.79,8776.81,2025-05-08,11
WO-NWXKRWK91H9Y,CA-NC-00000196,,2025-05-09,HVAC,LOW,COMPLETED,7104.17,10086.97,2025-05-16,7
WO-7AK0XVU5EWNE,CA-NC-00000196,,2025-05-13,GENERAL,MEDIUM,COMPLETED,7362.32,8612.46,2025-06-03,21
WO-VJX9O93U3ZS4,CA-TX-00000197,,2024-01-21,HVAC,MEDIUM,DEFERRED,1933.12,,,26
WO-CUFQ7A0DPJLL,CA-TX-00000197,,2024-01-11,LANDSCAPING,MEDIUM,COMPLETED,958.37,9541.31,2024-01-30,19
WO-FCG397QHCW74,CA-TX-00000197,,2024-02-04,HVAC,LOW,OPEN,2026.35,,,14
WO-U0JMPC7SFOM2,CA-TX-00000197,,2024-02-03,STRUCTURAL,MEDIUM,COMPLETED,6221.74,8887.88,2024-02-08,5
WO-QGRNDSQ7A2Z3,CA-TX-00000197,,2024-02-09,LANDSCAPING,LOW,COMPLETED,13777.1,951.34,2024-02-23,14
WO-LQ8VMEW5PF6I,CA-TX-00000197,,2024-03-06,ELECTRICAL,MEDIUM,COMPLETED,11792.0,6754.62,2024-03-21,15
WO-RT7SY5THFDI8,CA-TX-00000197,,2024-03-23,PLUMBING,MEDIUM,OPEN,3206.92,,,32
WO-AVY1EU0FQSVI,CA-TX-00000197,,2024-03-04,LANDSCAPING,LOW,COMPLETED,12386.01,2707.77,2024-03-08,4
WO-S3WKQ3SJBHIQ,CA-TX-00000197,,2024-04-06,GENERAL,MEDIUM,COMPLETED,5293.53,6602.97,2024-04-13,7
WO-0A7AG2WMINUB,CA-TX-00000197,,2024-06-26,LANDSCAPING,MEDIUM,COMPLETED,7075.34,8321.7,2024-07-09,13
WO-PG0QBMVCUONE,CA-TX-00000197,,2024-06-24,LANDSCAPING,LOW,COMPLETED,13263.19,4369.89,2024-07-15,21
WO-R1DO8EM6PSHX,CA-TX-00000197,,2024-07-27,STRUCTURAL,MEDIUM,COMPLETED,13538.41,3630.97,2024-08-11,15
WO-IKXP5KUU51J3,CA-TX-00000197,,2024-07-16,LANDSCAPING,MEDIUM,COMPLETED,675.11,8877.2,2024-07-17,1
WO-VIYIVTSPV8RF,CA-TX-00000197,,2024-07-21,GENERAL,MEDIUM,OPEN,14521.42,,,53
WO-S61VJILK0ZBZ,CA-TX-00000197,,2024-07-17,ELEVATOR,LOW,COMPLETED,4481.96,6237.59,2024-07-27,10
WO-K9H4KQVVG5SF,CA-TX-00000197,,2024-08-09,PLUMBING,LOW,DEFERRED,4047.07,,,206
WO-S418PGFPZUVW,CA-TX-00000197,,2024-08-12,ROOFING,LOW,COMPLETED,5709.97,7504.01,2024-08-13,1
WO-1EVFM8E9YVA2,CA-TX-00000197,,2024-08-08,HVAC,LOW,DEFERRED,14360.54,,,67
WO-LRBC1DM81YC0,CA-TX-00000197,,2024-09-13,GENERAL,LOW,COMPLETED,9515.27,11159.86,2024-09-14,1
WO-J5B52D20JH67,CA-TX-00000197,,2024-09-06,LANDSCAPING,MEDIUM,OPEN,6813.32,,,79
WO-BM5O4LV9NKEP,CA-TX-00000197,,2024-10-12,ELEVATOR,MEDIUM,COMPLETED,7450.37,8896.19,2024-10-25,13
WO-HZR3VXDEAYNT,CA-TX-00000197,,2024-10-06,ELECTRICAL,LOW,COMPLETED,8586.88,522.64,2024-10-08,2
WO-GHKIG9G7V40U,CA-TX-00000197,,2024-11-23,HVAC,HIGH,COMPLETED,10614.18,6878.48,2024-12-08,15
WO-RFUREQTLAK6W,CA-TX-00000197,,2024-11-10,LANDSCAPING,LOW,COMPLETED,8762.5,1202.02,2024-11-25,15
WO-GPVEJUXCLWFL,CA-TX-00000197,,2025-01-03,LANDSCAPING,MEDIUM,COMPLETED,3398.53,5940.16,2025-01-17,14
WO-E0ATX4MZTRRD,CA-TX-00000197,,2025-01-03,GENERAL,HIGH,OPEN,3112.35,,,40
WO-57SDLZPXZVGI,CA-TX-00000197,,2025-01-20,STRUCTURAL,HIGH,DEFERRED,8266.3,,,63
WO-1CJTWSPS51U8,CA-TX-00000197,,2025-01-03,GENERAL,MEDIUM,COMPLETED,8108.16,10146.38,2025-01-11,8
WO-TE9F354E00L9,CA-TX-00000197,,2025-02-14,PLUMBING,LOW,DEFERRED,6743.81,,,77
WO-9NWOKN1AE1AV,CA-TX-00000197,,2025-03-25,GENERAL,HIGH,COMPLETED,2131.78,11668.72,2025-04-02,8
WO-X2JX85YF5KQF,CA-TX-00000197,,2025-04-08,HVAC,MEDIUM,DEFERRED,7060.53,,,110
WO-6VQQOFX6FLWW,CA-TX-00000197,,2025-04-17,LANDSCAPING,MEDIUM,OPEN,1495.08,,,102
WO-K0KTEAGCSE4C,CA-TX-00000197,,2025-05-01,PLUMBING,LOW,OPEN,12766.25,,,13
WO-21SNSS05UR2H,CA-TX-00000197,,2025-05-06,GENERAL,HIGH,COMPLETED,13178.71,6474.76,2025-05-08,2
WO-Y6U31JDQDSSE,CA-TX-00000197,,2025-06-04,HVAC,MEDIUM,COMPLETED,10944.28,9193.64,2025-06-24,20
WO-VZT33PFKA1W7,CA-TX-00000197,,2025-06-15,HVAC,MEDIUM,DEFERRED,10769.69,,,220
WO-3KQ2KEOS94XU,CA-TX-00000197,,2025-06-21,ELEVATOR,MEDIUM,COMPLETED,7103.5,10895.89,2025-06-29,8
WO-1Y3WVRAO1D3A,CA-TX-00000197,,2025-06-15,ELECTRICAL,MEDIUM,COMPLETED,5906.92,11209.19,2025-06-16,1
WO-37IAOYOAK8AY,CA-TX-00000197,,2025-06-09,GENERAL,MEDIUM,COMPLETED,6737.06,5371.72,2025-06-15,6
WO-V5FVPSKWX1WD,CA-TX-00000197,,2025-06-06,HVAC,HIGH,COMPLETED,14558.1,3170.66,2025-06-11,5
WO-5CTPC2KISTCR,CA-NY-00000198,,2024-01-13,PLUMBING,MEDIUM,COMPLETED,480.95,3940.56,2024-01-23,10
WO-PXCJO0J0MMYZ,CA-NY-00000198,,2024-01-16,GENERAL,HIGH,COMPLETED,12658.72,11111.86,2024-01-28,12
WO-V0N7Q0DLZ8KD,CA-NY-00000198,,2024-01-03,LANDSCAPING,LOW,COMPLETED,1371.69,1367.71,2024-01-24,21
WO-L34TE8KC5HIA,CA-NY-00000198,,2024-01-13,HVAC,HIGH,COMPLETED,681.13,3250.72,2024-01-20,7
WO-AJU6QBM0TWAI,CA-NY-00000198,,2024-01-08,ROOFING,MEDIUM,COMPLETED,13027.85,7127.17,2024-01-21,13
WO-RCCYTAIQFC9T,CA-NY-00000198,,2024-01-25,LANDSCAPING,LOW,COMPLETED,2155.49,8955.39,2024-02-04,10
WO-ZKA9QX3G6I2Y,CA-NY-00000198,,2024-01-19,PLUMBING,EMERGENCY,COMPLETED,8420.54,4926.58,2024-02-09,21
WO-OYJADUC3MNHN,CA-NY-00000198,,2024-02-26,PLUMBING,HIGH,COMPLETED,10792.94,5249.19,2024-02-28,2
WO-N27J0RUN3W93,CA-NY-00000198,,2024-02-10,LANDSCAPING,MEDIUM,COMPLETED,11871.51,8706.76,2024-02-14,4
WO-FAWMKQZ8ZISA,CA-NY-00000198,,2024-02-09,GENERAL,MEDIUM,OPEN,2096.94,,,49
WO-HH88CJAVHVH5,CA-NY-00000198,,2024-03-13,HVAC,LOW,COMPLETED,10487.89,937.53,2024-03-20,7
WO-ITOP72B0JDIR,CA-NY-00000198,,2024-03-19,PLUMBING,EMERGENCY,OPEN,4879.84,,,150
WO-8VOVEYFC0BZC,CA-NY-00000198,,2024-03-01,GENERAL,MEDIUM,OPEN,8713.09,,,67
WO-GH121HPFPA79,CA-NY-00000198,,2024-03-17,STRUCTURAL,LOW,COMPLETED,7744.11,5741.59,2024-04-03,17
WO-2EO6GLXD272E,CA-NY-00000198,,2024-04-05,STRUCTURAL,LOW,DEFERRED,14836.74,,,37
WO-R9S75FVGCXYI,CA-NY-00000198,,2024-04-14,GENERAL,MEDIUM,OPEN,7781.08,,,133
WO-G8W32LK2AVZG,CA-NY-00000198,,2024-04-24,ELEVATOR,LOW,COMPLETED,857.76,6788.39,2024-05-03,9
WO-ZZLDZQ5RKA9O,CA-NY-00000198,,2024-05-04,ROOFING,LOW,DEFERRED,12194.25,,,185
WO-K9JEZ305V75S,CA-NY-00000198,,2024-05-16,ROOFING,LOW,OPEN,11123.51,,,100
WO-YCTCA41N6QSF,CA-NY-00000198,,2024-05-02,GENERAL,MEDIUM,DEFERRED,3036.85,,,44
WO-R3S3B0XA8JJG,CA-NY-00000198,,2024-05-19,STRUCTURAL,MEDIUM,COMPLETED,1956.25,3029.96,2024-05-24,5
WO-9AMKFH3XR03X,CA-NY-00000198,,2024-05-01,LANDSCAPING,HIGH,COMPLETED,7648.11,7259.38,2024-05-02,1
WO-P0O9BUEYLJ9B,CA-NY-00000198,,2024-05-01,PLUMBING,MEDIUM,DEFERRED,2051.68,,,4
WO-1E2QA83H1PHS,CA-NY-00000198,,2024-05-15,ELECTRICAL,MEDIUM,COMPLETED,14037.61,6913.32,2024-05-28,13
WO-WHQGMI3FP8RF,CA-NY-00000198,,2024-05-22,PLUMBING,MEDIUM,COMPLETED,1061.11,4446.7,2024-06-04,13
WO-706FRELFSJZS,CA-NY-00000198,,2024-05-22,PLUMBING,HIGH,COMPLETED,13616.47,1803.69,2024-06-06,15
WO-0633Q47YZGB3,CA-NY-00000198,,2024-06-07,PLUMBING,MEDIUM,COMPLETED,5658.04,177.62,2024-06-12,5
WO-LPRKKB018YHZ,CA-NY-00000198,,2024-06-20,STRUCTURAL,MEDIUM,COMPLETED,12479.12,3478.67,2024-07-06,16
WO-CAWV3SGCPUH0,CA-NY-00000198,,2024-06-15,HVAC,MEDIUM,OPEN,4468.79,,,54
WO-QRA6QRNRZ5JX,CA-NY-00000198,,2024-06-05,ROOFING,MEDIUM,OPEN,3772.25,,,61
WO-8XZIKQ099WMH,CA-NY-00000198,,2024-06-27,ELECTRICAL,LOW,COMPLETED,6790.94,10368.66,2024-06-28,1
WO-T6E9ZIWNSDWZ,CA-NY-00000198,,2024-06-06,GENERAL,MEDIUM,COMPLETED,6173.11,3429.48,2024-06-17,11
WO-2I4SOU2WGWFU,CA-NY-00000198,,2024-07-22,HVAC,HIGH,DEFERRED,682.67,,,18
WO-1VFLIMM6ZMTP,CA-NY-00000198,,2024-07-12,GENERAL,LOW,COMPLETED,1163.69,7545.76,2024-07-14,2
WO-5IUSIH74M4JX,CA-NY-00000198,,2024-07-13,GENERAL,MEDIUM,COMPLETED,713.02,10543.79,2024-07-14,1
WO-UQ5EOW5CS56F,CA-NY-00000198,,2024-07-05,LANDSCAPING,LOW,COMPLETED,10753.53,7291.54,2024-07-13,8
WO-Z1NC2R59A1LN,CA-NY-00000198,,2024-07-01,GENERAL,HIGH,OPEN,4078.71,,,85
WO-AQ3Q56ENSGMY,CA-NY-00000198,,2024-08-05,GENERAL,HIGH,DEFERRED,9056.74,,,94
WO-6DDA6V52KWB0,CA-NY-00000198,,2024-08-01,GENERAL,LOW,COMPLETED,2415.41,10683.04,2024-08-08,7
WO-GTFWUIJ308RZ,CA-NY-00000198,,2024-08-20,HVAC,HIGH,OPEN,13210.77,,,116
WO-620LL1YC89ER,CA-NY-00000198,,2024-08-26,ELECTRICAL,MEDIUM,COMPLETED,4817.09,5795.56,2024-08-28,2
WO-W4VK9AIV0L5F,CA-NY-00000198,,2024-08-19,HVAC,MEDIUM,COMPLETED,1136.94,5920.15,2024-08-30,11
WO-QOCZTWRKL51O,CA-NY-00000198,,2024-08-28,HVAC,HIGH,COMPLETED,4322.15,8845.7,2024-09-02,5
WO-0W388SUMMI0Y,CA-NY-00000198,,2024-09-17,PLUMBING,MEDIUM,COMPLETED,8379.58,5683.61,2024-10-03,16
WO-LC3HNGYYO1W5,CA-NY-00000198,,2024-09-16,ELECTRICAL,LOW,DEFERRED,6678.46,,,39
WO-BOID5GJ7UGZF,CA-NY-00000198,,2024-09-13,PLUMBING,MEDIUM,COMPLETED,12903.17,2316.87,2024-09-22,9
WO-BDTPQKLXBGMP,CA-NY-00000198,,2024-09-22,GENERAL,LOW,COMPLETED,13004.84,6217.06,2024-09-26,4
WO-46UYNOHYEZ95,CA-NY-00000198,,2024-09-08,PLUMBING,HIGH,COMPLETED,14434.02,6778.8,2024-09-13,5
WO-E5SE80ZH59TJ,CA-NY-00000198,,2024-09-20,ELECTRICAL,MEDIUM,COMPLETED,3186.88,4593.88,2024-09-26,6
WO-Q19Q3A4TB30H,CA-NY-00000198,,2024-10-02,ROOFING,MEDIUM,OPEN,2722.49,,,58
WO-7297D8TYK6FI,CA-NY-00000198,,2024-10-22,ELECTRICAL,LOW,OPEN,452.86,,,59
WO-ALJ8RV9VSBND,CA-NY-00000198,,2024-10-02,PLUMBING,MEDIUM,COMPLETED,633.78,3278.83,2024-10-08,6
WO-8GEC0YP1A82E,CA-NY-00000198,,2024-10-15,PLUMBING,MEDIUM,DEFERRED,13892.4,,,121
WO-JOUF8EM3Y3MM,CA-NY-00000198,,2024-10-24,STRUCTURAL,MEDIUM,COMPLETED,12952.19,5175.81,2024-11-08,15
WO-M332M9UM44Y8,CA-NY-00000198,,2024-11-07,STRUCTURAL,MEDIUM,DEFERRED,11145.48,,,287
WO-F1I9CT39B8CQ,CA-NY-00000198,,2024-11-09,GENERAL,LOW,OPEN,2836.17,,,318
WO-HP69VZA7NUS1,CA-NY-00000198,,2024-11-12,PLUMBING,LOW,OPEN,10481.29,,,58
WO-3AMA87G03GZF,CA-NY-00000198,,2024-11-01,LANDSCAPING,LOW,COMPLETED,9242.56,2035.58,2024-11-08,7
WO-A4ABWD4DL6RO,CA-NY-00000198,,2024-11-24,STRUCTURAL,MEDIUM,COMPLETED,4245.4,8449.78,2024-12-12,18
WO-G5I90RD2U9PQ,CA-NY-00000198,,2024-11-07,ELECTRICAL,LOW,COMPLETED,11717.58,4243.17,2024-11-22,15
WO-0ODY7O92LZXB,CA-NY-00000198,,2025-01-19,ROOFING,MEDIUM,COMPLETED,2720.21,11473.73,2025-01-28,9
WO-54W26WTZQUSD,CA-NY-00000198,,2025-01-27,PLUMBING,MEDIUM,COMPLETED,11904.23,11602.93,2025-01-31,4
WO-BQ4H2ZLWXL1K,CA-NY-00000198,,2025-01-10,LANDSCAPING,MEDIUM,OPEN,13828.02,,,35
WO-FGXZ9VO3QLV0,CA-NY-00000198,,2025-01-13,ELECTRICAL,LOW,OPEN,10865.43,,,28
WO-8ZLD3WZA0YWI,CA-NY-00000198,,2025-01-14,LANDSCAPING,MEDIUM,COMPLETED,3654.92,8102.47,2025-01-30,16
WO-61VQ3JOFE8Y1,CA-NY-00000198,,2025-01-08,STRUCTURAL,HIGH,DEFERRED,14927.29,,,39
WO-DPLHOAZUDZT7,CA-NY-00000198,,2025-01-09,ELECTRICAL,MEDIUM,COMPLETED,936.98,3647.61,2025-01-14,5
WO-VS8ONPRNYNPA,CA-NY-00000198,,2025-01-14,PLUMBING,MEDIUM,DEFERRED,1304.12,,,38
WO-1RLZOY3ZTSCO,CA-NY-00000198,,2025-02-05,LANDSCAPING,LOW,OPEN,6525.73,,,15
WO-97M0V0J65U4X,CA-NY-00000198,,2025-02-15,ELECTRICAL,LOW,COMPLETED,12929.83,5221.84,2025-03-05,18
WO-2IKHKMFJBIGK,CA-NY-00000198,,2025-02-19,PLUMBING,HIGH,DEFERRED,13166.4,,,23
WO-ZPRTUKZXKQFI,CA-NY-00000198,,2025-02-12,LANDSCAPING,MEDIUM,OPEN,728.92,,,71
WO-2N90BX5CF1JB,CA-NY-00000198,,2025-02-21,ELEVATOR,MEDIUM,COMPLETED,12019.43,5363.28,2025-02-24,3
WO-0VNF81P00KVG,CA-NY-00000198,,2025-02-01,PLUMBING,MEDIUM,OPEN,10594.96,,,89
WO-WVPAHV2F5UCJ,CA-NY-00000198,,2025-03-18,STRUCTURAL,LOW,OPEN,7321.09,,,29
WO-R5NAE1JHRFIG,CA-NY-00000198,,2025-03-28,ELEVATOR,LOW,DEFERRED,8929.04,,,24
WO-H63YH0H5VB19,CA-NY-00000198,,2025-03-06,ELEVATOR,MEDIUM,COMPLETED,2244.27,8901.0,2025-03-14,8
WO-4B83ACYOAZ0N,CA-NY-00000198,,2025-03-23,PLUMBING,MEDIUM,OPEN,13252.42,,,36
WO-UA2BOMWP48SN,CA-NY-00000198,,2025-03-20,ROOFING,MEDIUM,COMPLETED,3544.19,10219.82,2025-04-01,12
WO-1F5NEBBF4DH0,CA-NY-00000198,,2025-03-24,GENERAL,MEDIUM,DEFERRED,10082.51,,,66
WO-UHCFRKTN6DRN,CA-NY-00000198,,2025-04-22,ELECTRICAL,HIGH,OPEN,14656.11,,,10
WO-O2SRH7Z253W9,CA-NY-00000198,,2025-04-28,LANDSCAPING,LOW,DEFERRED,4837.69,,,45
WO-MEWJYYYOPRFG,CA-NY-00000198,,2025-04-25,PLUMBING,MEDIUM,OPEN,3901.13,,,18
WO-07VLP9N8KOMM,CA-NY-00000198,,2025-04-20,PLUMBING,MEDIUM,OPEN,13609.81,,,14
WO-9P5DQQ4PYGJ5,CA-NY-00000198,,2025-04-12,ROOFING,MEDIUM,OPEN,9466.68,,,118
WO-XAHIGICGLIE8,CA-NY-00000198,,2025-04-15,ROOFING,HIGH,OPEN,7255.08,,,84
WO-ZZBG0BJ64OKA,CA-NY-00000198,,2025-04-06,PLUMBING,MEDIUM,COMPLETED,1532.01,3138.54,2025-04-14,8
WO-VKBCEXIGQGR8,CA-NY-00000198,,2025-04-14,LANDSCAPING,MEDIUM,COMPLETED,11586.6,1009.55,2025-04-30,16
WO-UXQZI0NI9AIN,CA-NY-00000198,,2025-05-14,LANDSCAPING,MEDIUM,DEFERRED,9815.77,,,114
WO-ANN8NFTSG95E,CA-NY-00000198,,2025-05-26,GENERAL,HIGH,OPEN,5811.73,,,37
WO-QHYZX88JZFX4,CA-NY-00000198,,2025-05-01,GENERAL,MEDIUM,DEFERRED,5357.04,,,38
WO-5HHKVR37RWZ7,CA-NY-00000198,,2025-05-26,PLUMBING,HIGH,COMPLETED,9745.28,2926.58,2025-06-06,11
WO-G3N8QHRJ9U6A,CA-NY-00000198,,2025-05-26,PLUMBING,LOW,COMPLETED,6788.02,10104.07,2025-06-06,11
WO-MH9G251FHCEL,CA-NY-00000198,,2025-05-05,LANDSCAPING,HIGH,OPEN,2465.15,,,313
WO-8LLSENDQCAHF,CA-NY-00000198,,2025-06-09,ELECTRICAL,LOW,OPEN,14849.38,,,98
WO-9I5U5XLLEGY6,CA-NY-00000198,,2025-06-23,HVAC,MEDIUM,OPEN,14049.37,,,54
WO-L1YDS3Q442FM,CA-NY-00000198,,2025-06-18,PLUMBING,MEDIUM,OPEN,13623.5,,,12
WO-K1ISNQAD911A,CA-NY-00000198,,2025-06-11,STRUCTURAL,LOW,OPEN,2124.05,,,10
WO-JTJD1I80Y0RM,CA-FL-00000199,,2024-02-03,GENERAL,MEDIUM,COMPLETED,4482.48,8319.94,2024-02-17,14
WO-U9WAHFZL4UDT,CA-FL-00000199,,2024-02-24,PLUMBING,MEDIUM,COMPLETED,5009.05,9199.85,2024-03-12,17
WO-OJXEGLDY7EYO,CA-FL-00000199,,2024-03-15,ROOFING,HIGH,COMPLETED,13549.4,2089.06,2024-04-04,20
WO-WLCQZZ3VOALG,CA-FL-00000199,,2024-04-23,HVAC,MEDIUM,COMPLETED,14946.55,7456.48,2024-05-10,17
WO-KX97ZGOJI72Y,CA-FL-00000199,,2024-06-17,ELECTRICAL,MEDIUM,COMPLETED,10440.48,10705.95,2024-07-07,20
WO-E5AQCL44O39J,CA-FL-00000199,,2024-06-17,GENERAL,EMERGENCY,COMPLETED,5619.77,3042.84,2024-06-26,9
WO-NPDOB6V59MOZ,CA-FL-00000199,,2024-08-13,HVAC,LOW,COMPLETED,9524.61,3962.84,2024-08-20,7
WO-PK9T2ASG3P79,CA-FL-00000199,,2024-09-02,PLUMBING,EMERGENCY,COMPLETED,13706.37,3554.39,2024-09-07,5
WO-N4CXNAISK7EJ,CA-FL-00000199,,2024-10-19,LANDSCAPING,HIGH,COMPLETED,11624.89,6098.98,2024-10-27,8
WO-54AJL9LZEATZ,CA-FL-00000199,,2024-11-25,ELEVATOR,MEDIUM,COMPLETED,9730.44,9945.55,2024-12-05,10
WO-4KPU4E0WNPWJ,CA-FL-00000199,,2024-11-18,LANDSCAPING,LOW,COMPLETED,980.23,3272.41,2024-11-20,2
WO-YBNQ3B7TONZV,CA-FL-00000199,,2025-02-03,PLUMBING,MEDIUM,COMPLETED,14421.92,806.79,2025-02-16,13
WO-3RTX8X27AGKE,CA-FL-00000199,,2025-04-24,ELECTRICAL,HIGH,COMPLETED,4337.76,4169.39,2025-05-15,21
WO-5O4DOW494JAN,CA-FL-00000199,,2025-04-15,LANDSCAPING,LOW,COMPLETED,9724.56,1138.75,2025-05-04,19
WO-F3X6R3Y7E5P8,CA-FL-00000199,,2025-04-07,ELECTRICAL,MEDIUM,COMPLETED,2586.99,4795.95,2025-04-25,18
WO-NKK8IKSKBI13,CA-FL-00000199,,2025-05-05,GENERAL,MEDIUM,COMPLETED,13557.76,8305.04,2025-05-18,13
WO-G38PJCR8RZ3C,CA-CA-00000200,,2024-04-03,GENERAL,HIGH,COMPLETED,6317.1,567.14,2024-04-04,1
WO-QA0ABLCZF8NU,CA-CA-00000200,,2024-05-20,LANDSCAPING,LOW,COMPLETED,5610.6,11675.55,2024-06-08,19
WO-CGC6WYCWZ32Y,CA-CA-00000200,,2024-05-11,ELECTRICAL,HIGH,COMPLETED,10247.38,4672.74,2024-05-22,11
WO-RQZ9OKZOH4DB,CA-CA-00000200,,2024-06-06,ELECTRICAL,MEDIUM,COMPLETED,4513.48,568.69,2024-06-10,4
WO-H3XOT9DXEHUG,CA-CA-00000200,,2024-06-14,HVAC,HIGH,COMPLETED,7841.06,8290.62,2024-07-03,19
WO-0EM25HRPLIW2,CA-CA-00000200,,2024-07-14,HVAC,HIGH,COMPLETED,12692.06,4444.96,2024-07-16,2
WO-W2XBNU92J8KT,CA-CA-00000200,,2024-09-28,STRUCTURAL,MEDIUM,COMPLETED,2824.92,1895.05,2024-10-04,6
WO-3YM19438RK7Y,CA-CA-00000200,,2024-11-06,PLUMBING,HIGH,COMPLETED,12500.81,5174.79,2024-11-22,16
WO-ARJD8C5TQ978,CA-CA-00000200,,2024-11-22,ROOFING,HIGH,COMPLETED,6799.78,7807.13,2024-12-08,16
WO-64WCGC4R4NZO,CA-CA-00000200,,2024-12-25,PLUMBING,HIGH,COMPLETED,5604.82,2739.6,2025-01-07,13
WO-54U37JGINJ6G,CA-CA-00000200,,2025-01-06,STRUCTURAL,HIGH,COMPLETED,7151.06,3036.45,2025-01-18,12
WO-HK27KQ8N7UC6,CA-CA-00000200,,2025-03-23,PLUMBING,HIGH,COMPLETED,5414.13,8477.84,2025-04-01,9
WO-EL0I5EHWE99K,CA-CA-00000200,,2025-04-04,STRUCTURAL,MEDIUM,COMPLETED,12697.76,8841.96,2025-04-20,16
WO-VINFEAO5IF96,CA-GA-00000201,,2024-01-04,ELECTRICAL,MEDIUM,COMPLETED,11036.84,5458.14,2024-01-06,2
WO-6SQSCB236BM2,CA-GA-00000201,,2024-01-14,ELECTRICAL,MEDIUM,COMPLETED,14800.76,11701.04,2024-01-28,14
WO-ZXGQFF21NUQR,CA-GA-00000201,,2024-01-13,ROOFING,HIGH,DEFERRED,14802.63,,,16
WO-9KACG17EJE1M,CA-GA-00000201,,2024-02-13,PLUMBING,MEDIUM,DEFERRED,7416.98,,,35
WO-MNN4E0D1XA9H,CA-GA-00000201,,2024-02-28,PLUMBING,MEDIUM,COMPLETED,10166.06,6189.08,2024-03-07,8
WO-HR0DL5DM0B45,CA-GA-00000201,,2024-02-20,LANDSCAPING,HIGH,COMPLETED,12694.69,8563.06,2024-02-23,3
WO-JLYPPIX22JP6,CA-GA-00000201,,2024-02-24,PLUMBING,MEDIUM,OPEN,14023.9,,,40
WO-KHBBZT0O6HE8,CA-GA-00000201,,2024-03-27,PLUMBING,LOW,COMPLETED,405.07,7731.54,2024-04-06,10
WO-MJ3949HJ46GG,CA-GA-00000201,,2024-04-15,ROOFING,MEDIUM,COMPLETED,5189.26,8020.08,2024-04-17,2
WO-4R3VRECMCOX9,CA-GA-00000201,,2024-04-19,HVAC,LOW,COMPLETED,9733.47,2428.52,2024-05-01,12
WO-002YW2W1VQ6B,CA-GA-00000201,,2024-04-11,HVAC,LOW,COMPLETED,14447.01,8809.53,2024-04-26,15
WO-3Z1UA91F0ICX,CA-GA-00000201,,2024-05-08,LANDSCAPING,MEDIUM,OPEN,12937.28,,,102
WO-28UTIVSFLNYI,CA-GA-00000201,,2024-05-15,GENERAL,MEDIUM,COMPLETED,10705.17,8408.89,2024-05-23,8
WO-FM7BNJADK27W,CA-GA-00000201,,2024-05-21,ELECTRICAL,MEDIUM,COMPLETED,230.39,3383.24,2024-06-05,15
WO-CBEI5T2408PH,CA-GA-00000201,,2024-05-14,HVAC,HIGH,OPEN,12202.92,,,27
WO-0XV2Y2Y2JC5Y,CA-GA-00000201,,2024-05-09,ROOFING,LOW,COMPLETED,669.47,4015.5,2024-05-22,13
WO-63WK643SOVC4,CA-GA-00000201,,2024-05-02,GENERAL,LOW,COMPLETED,226.99,6024.29,2024-05-09,7
WO-LSBWTKQBNSKB,CA-GA-00000201,,2024-06-11,HVAC,EMERGENCY,COMPLETED,5835.7,9245.75,2024-06-20,9
WO-S4YCM1YTB2VK,CA-GA-00000201,,2024-06-28,ELEVATOR,LOW,COMPLETED,4300.19,1258.15,2024-07-02,4
WO-OF5Y35RMSU3C,CA-GA-00000201,,2024-06-22,LANDSCAPING,HIGH,COMPLETED,4882.67,8990.48,2024-06-30,8
WO-WMF6B48EA8IH,CA-GA-00000201,,2024-06-07,LANDSCAPING,MEDIUM,COMPLETED,10054.31,3724.13,2024-06-11,4
WO-143P57FVL0MF,CA-GA-00000201,,2024-07-18,GENERAL,LOW,COMPLETED,9002.63,819.45,2024-07-19,1
WO-QAG3CMOOCOHJ,CA-GA-00000201,,2024-07-19,GENERAL,LOW,DEFERRED,14027.65,,,163
WO-ISQ0362U3L03,CA-GA-00000201,,2024-08-16,LANDSCAPING,HIGH,COMPLETED,5376.67,4237.41,2024-09-06,21
WO-AW61AU29EGU9,CA-GA-00000201,,2024-08-07,LANDSCAPING,LOW,DEFERRED,13024.22,,,5
WO-UR5G57W4MFC4,CA-GA-00000201,,2024-08-01,LANDSCAPING,MEDIUM,COMPLETED,1253.62,6284.66,2024-08-22,21
WO-O6DCRFVBY0SJ,CA-GA-00000201,,2024-09-09,ELECTRICAL,HIGH,OPEN,5990.93,,,116
WO-JL1GZPVMOE4X,CA-GA-00000201,,2024-10-19,HVAC,MEDIUM,COMPLETED,6376.04,10769.24,2024-10-22,3
WO-VU9RLBRW7127,CA-GA-00000201,,2024-10-17,LANDSCAPING,HIGH,DEFERRED,4752.92,,,24
WO-ELFQA72WIJUA,CA-GA-00000201,,2024-10-19,PLUMBING,HIGH,COMPLETED,5826.67,1818.87,2024-10-21,2
WO-235GKZAPX2XH,CA-GA-00000201,,2024-11-23,ELECTRICAL,MEDIUM,OPEN,2284.22,,,11
WO-7SHDECH8MTNY,CA-GA-00000201,,2024-12-26,ROOFING,MEDIUM,OPEN,2990.59,,,320
WO-DSRYK450XXRN,CA-GA-00000201,,2024-12-15,GENERAL,MEDIUM,DEFERRED,13390.29,,,103
WO-HH8H9DXTUSB0,CA-GA-00000201,,2025-01-10,ELEVATOR,MEDIUM,DEFERRED,4146.05,,,110
WO-XJMP8PZY5JB4,CA-GA-00000201,,2025-01-06,PLUMBING,LOW,COMPLETED,11076.8,10150.87,2025-01-21,15
WO-0YSTDSP9KQAK,CA-GA-00000201,,2025-01-22,HVAC,MEDIUM,COMPLETED,6626.99,10048.87,2025-02-08,17
WO-U6QWU19K3QRV,CA-GA-00000201,,2025-01-22,HVAC,MEDIUM,COMPLETED,13502.42,333.98,2025-01-31,9
WO-LTOEMQNIH2FV,CA-GA-00000201,,2025-01-14,ROOFING,MEDIUM,OPEN,14198.01,,,124
WO-XZR04R5Y9HOH,CA-GA-00000201,,2025-02-07,GENERAL,LOW,DEFERRED,6115.38,,,73
WO-DT6Y13DZUC46,CA-GA-00000201,,2025-02-02,ELECTRICAL,LOW,COMPLETED,11658.86,9911.94,2025-02-20,18
WO-MLF9K7DB7HFQ,CA-GA-00000201,,2025-02-20,ELECTRICAL,MEDIUM,COMPLETED,12313.42,6369.79,2025-02-23,3
WO-VLMIH24MMLMN,CA-GA-00000201,,2025-02-24,LANDSCAPING,MEDIUM,COMPLETED,4620.0,909.17,2025-03-07,11
WO-VNZXJ8L4X5HN,CA-GA-00000201,,2025-02-07,ELECTRICAL,LOW,COMPLETED,12180.71,10146.88,2025-02-14,7
WO-TS4LA5102BVM,CA-GA-00000201,,2025-03-03,HVAC,MEDIUM,COMPLETED,3588.6,1169.47,2025-03-08,5
WO-H4PB3ZX9M2M5,CA-GA-00000201,,2025-03-12,GENERAL,MEDIUM,COMPLETED,11715.98,2854.33,2025-03-31,19
WO-I9Z45VVCYD2E,CA-GA-00000201,,2025-04-16,PLUMBING,MEDIUM,COMPLETED,3945.41,5021.86,2025-04-29,13
WO-A8PNO2O2N1P7,CA-GA-00000201,,2025-04-28,HVAC,HIGH,OPEN,14174.24,,,174
WO-E0NWBRQIKSXG,CA-GA-00000201,,2025-04-19,HVAC,LOW,COMPLETED,1717.02,7928.65,2025-05-01,12
WO-7YH7CTTYRUDN,CA-GA-00000201,,2025-04-03,LANDSCAPING,MEDIUM,COMPLETED,11207.15,6234.91,2025-04-12,9
WO-MKGYOFJOS98F,CA-GA-00000201,,2025-05-10,HVAC,MEDIUM,COMPLETED,7834.54,1520.33,2025-05-23,13
WO-8ZI9RKENXTE1,CA-GA-00000201,,2025-05-22,ELECTRICAL,HIGH,COMPLETED,14327.37,5625.66,2025-06-01,10
WO-Q947X5FMSYZK,CA-GA-00000201,,2025-06-16,LANDSCAPING,MEDIUM,DEFERRED,9508.08,,,61
WO-J0UYIAPJD667,CA-CA-00000202,,2024-01-06,PLUMBING,MEDIUM,COMPLETED,6821.36,5034.58,2024-01-10,4
WO-8L1WM3MLHBBP,CA-CA-00000202,,2024-02-10,PLUMBING,MEDIUM,COMPLETED,5910.8,8108.33,2024-02-13,3
WO-4SE11ULR17IL,CA-CA-00000202,,2024-04-09,GENERAL,MEDIUM,COMPLETED,2315.32,9731.97,2024-04-27,18
WO-90VVTTKNOFBD,CA-CA-00000202,,2024-04-10,LANDSCAPING,MEDIUM,COMPLETED,6883.83,1540.41,2024-05-01,21
WO-T3FMLUMLHW53,CA-CA-00000202,,2024-08-27,LANDSCAPING,HIGH,OPEN,11050.13,,,66
WO-412CH2DH2A2C,CA-CA-00000202,,2024-08-01,PLUMBING,MEDIUM,COMPLETED,12935.73,10068.39,2024-08-10,9
WO-Q437OBHZNN78,CA-CA-00000202,,2024-08-04,STRUCTURAL,LOW,COMPLETED,3795.99,7838.27,2024-08-10,6
WO-C2JRXM1SNQ6V,CA-CA-00000202,,2024-10-06,PLUMBING,MEDIUM,COMPLETED,8103.75,5716.79,2024-10-25,19
WO-CI1B6QDS13Q8,CA-CA-00000202,,2024-11-20,HVAC,LOW,COMPLETED,498.64,8821.13,2024-11-27,7
WO-CFWGMAYVPYTY,CA-CA-00000202,,2024-12-07,GENERAL,LOW,DEFERRED,10699.64,,,106
WO-YR5O3W8CX59U,CA-CA-00000202,,2025-05-17,PLUMBING,MEDIUM,COMPLETED,14254.79,7371.59,2025-05-28,11
WO-BECPGXZDJWTK,CA-CA-00000202,,2025-05-11,ROOFING,EMERGENCY,COMPLETED,14698.6,1781.56,2025-05-18,7
WO-GN3DGIBZ6IM5,CA-CA-00000202,,2025-06-07,LANDSCAPING,MEDIUM,COMPLETED,278.99,873.99,2025-06-27,20
WO-C3UGWZSXHUIJ,CA-CA-00000202,,2025-06-23,GENERAL,HIGH,COMPLETED,3904.52,4604.53,2025-07-13,20
WO-FDVIQ9HNEM08,CA-OH-00000203,,2024-01-22,LANDSCAPING,LOW,OPEN,1078.0,,,206
WO-O4GVEHRUFZFG,CA-OH-00000203,,2024-01-22,PLUMBING,LOW,OPEN,1328.74,,,48
WO-OSKBMM8L47GN,CA-OH-00000203,,2024-01-07,ELECTRICAL,LOW,OPEN,7975.9,,,44
WO-PAKP5GWL90OW,CA-OH-00000203,,2024-01-26,PLUMBING,MEDIUM,OPEN,1247.97,,,57
WO-LTYTIFHGZKWY,CA-OH-00000203,,2024-01-12,ELEVATOR,MEDIUM,COMPLETED,8151.92,4423.93,2024-01-28,16
WO-YW1HP6IM5XIV,CA-OH-00000203,,2024-02-09,LANDSCAPING,MEDIUM,COMPLETED,10877.6,2113.63,2024-02-20,11
WO-R47JD63BC9ZF,CA-OH-00000203,,2024-02-12,LANDSCAPING,MEDIUM,OPEN,6766.15,,,45
WO-ZTUT1Q1C9VH2,CA-OH-00000203,,2024-02-04,GENERAL,MEDIUM,DEFERRED,12756.72,,,136
WO-GP5E6SR2XJN7,CA-OH-00000203,,2024-02-08,GENERAL,LOW,COMPLETED,1136.37,3958.3,2024-02-13,5
WO-5X83GVF578O9,CA-OH-00000203,,2024-02-18,HVAC,MEDIUM,COMPLETED,11464.78,5799.08,2024-03-05,16
WO-BTOYRBKFC7ZS,CA-OH-00000203,,2024-03-20,ELECTRICAL,LOW,OPEN,9723.14,,,96
WO-0ZLRVOCIOG0M,CA-OH-00000203,,2024-03-07,LANDSCAPING,MEDIUM,OPEN,8995.2,,,124
WO-98LQ6EI3AOCW,CA-OH-00000203,,2024-03-04,ROOFING,MEDIUM,COMPLETED,10214.87,5299.48,2024-03-22,18
WO-SX85X2R0COL4,CA-OH-00000203,,2024-03-24,ROOFING,LOW,OPEN,8632.05,,,74
WO-LP25LICP4HRV,CA-OH-00000203,,2024-03-08,LANDSCAPING,MEDIUM,DEFERRED,8913.17,,,25
WO-2KQIJA921QMY,CA-OH-00000203,,2024-04-03,LANDSCAPING,HIGH,DEFERRED,1715.77,,,61
WO-BP2YSSCXF1ZH,CA-OH-00000203,,2024-04-01,LANDSCAPING,HIGH,OPEN,6603.9,,,47
WO-RCDN9AJHZ86D,CA-OH-00000203,,2024-05-13,HVAC,LOW,OPEN,5701.65,,,53
WO-TRJBYULKLD7L,CA-OH-00000203,,2024-05-09,LANDSCAPING,HIGH,DEFERRED,369.38,,,431
WO-BZMW16LYK38S,CA-OH-00000203,,2024-05-12,LANDSCAPING,EMERGENCY,COMPLETED,4011.54,10954.98,2024-05-21,9
WO-7I596A25R4IW,CA-OH-00000203,,2024-05-24,STRUCTURAL,HIGH,DEFERRED,12041.58,,,18
WO-HYT5Y4QMFV02,CA-OH-00000203,,2024-05-04,HVAC,MEDIUM,COMPLETED,7992.84,6910.05,2024-05-17,13
WO-GP4AMKVAFYKV,CA-OH-00000203,,2024-06-18,ROOFING,EMERGENCY,OPEN,9000.23,,,71
WO-9FVX8BLXNX4P,CA-OH-00000203,,2024-07-14,STRUCTURAL,HIGH,OPEN,14752.78,,,70
WO-IQPX3FB095Q2,CA-OH-00000203,,2024-07-28,LANDSCAPING,MEDIUM,DEFERRED,11526.35,,,87
WO-CIET5JY2KUKQ,CA-OH-00000203,,2024-07-01,HVAC,LOW,DEFERRED,9989.08,,,152
WO-T1AAF7WZKGD1,CA-OH-00000203,,2024-07-04,ELECTRICAL,HIGH,DEFERRED,5516.03,,,16
WO-UL58Y1NKVL4M,CA-OH-00000203,,2024-08-15,LANDSCAPING,LOW,COMPLETED,7700.3,8746.69,2024-08-23,8
WO-NCLKJ5NBJ5H3,CA-OH-00000203,,2024-08-10,PLUMBING,MEDIUM,COMPLETED,1221.18,10181.7,2024-08-18,8
WO-S2YRRBMF98OD,CA-OH-00000203,,2024-08-22,ELEVATOR,MEDIUM,OPEN,10480.67,,,76
WO-D88DO55QKM5N,CA-OH-00000203,,2024-08-14,HVAC,MEDIUM,OPEN,333.55,,,101
WO-7OGO033F4DQZ,CA-OH-00000203,,2024-09-06,ELECTRICAL,MEDIUM,COMPLETED,6124.57,1124.79,2024-09-25,19
WO-4W88GAE4DG80,CA-OH-00000203,,2024-09-23,HVAC,LOW,OPEN,835.9,,,117
WO-AD7M4AF35SX0,CA-OH-00000203,,2024-09-07,GENERAL,EMERGENCY,DEFERRED,7568.37,,,52
WO-IP4RAX6PU6Z9,CA-OH-00000203,,2024-09-01,ROOFING,LOW,COMPLETED,13943.04,11212.42,2024-09-11,10
WO-QIOO6JYYPBOD,CA-OH-00000203,,2024-09-01,PLUMBING,MEDIUM,COMPLETED,11192.35,9003.27,2024-09-06,5
WO-E86S92SQRW4C,CA-OH-00000203,,2024-09-10,PLUMBING,MEDIUM,COMPLETED,12798.14,9916.46,2024-09-23,13
WO-4CLZ4768094T,CA-OH-00000203,,2024-09-19,PLUMBING,MEDIUM,COMPLETED,1915.91,7828.85,2024-09-22,3
WO-CX1UGESR1NJH,CA-OH-00000203,,2024-09-28,PLUMBING,LOW,DEFERRED,7639.01,,,26
WO-TANUGROYRMBN,CA-OH-00000203,,2024-09-12,GENERAL,HIGH,OPEN,1765.21,,,34
WO-UWD5OHNVP8BU,CA-OH-00000203,,2024-09-19,LANDSCAPING,MEDIUM,OPEN,3936.37,,,33
WO-6PZCEHPUBVB6,CA-OH-00000203,,2024-10-17,LANDSCAPING,LOW,COMPLETED,6733.96,9709.97,2024-10-22,5
WO-CNXW8MF1HS6D,CA-OH-00000203,,2024-10-26,ELECTRICAL,LOW,OPEN,11995.85,,,67
WO-JWO4W17YKI5T,CA-OH-00000203,,2024-10-08,ELECTRICAL,MEDIUM,COMPLETED,5488.83,8906.0,2024-10-13,5
WO-75D4OYZ44F6C,CA-OH-00000203,,2024-10-09,PLUMBING,HIGH,COMPLETED,9383.15,8081.89,2024-10-17,8
WO-EJ3NCW4I6QDD,CA-OH-00000203,,2024-10-19,ELECTRICAL,HIGH,DEFERRED,2453.84,,,18
WO-E1JF6MVC0K91,CA-OH-00000203,,2024-10-15,STRUCTURAL,LOW,OPEN,8356.97,,,38
WO-K8HOAMQMAS7E,CA-OH-00000203,,2024-11-07,GENERAL,MEDIUM,DEFERRED,11558.48,,,72
WO-DGRAQUE1TIJY,CA-OH-00000203,,2024-11-18,STRUCTURAL,MEDIUM,DEFERRED,10262.54,,,86
WO-FISIKW9Y1ZKH,CA-OH-00000203,,2024-11-15,GENERAL,MEDIUM,OPEN,9635.39,,,74
WO-U8J1SYNYMZ6L,CA-OH-00000203,,2024-11-03,HVAC,MEDIUM,OPEN,318.95,,,200
WO-K78UBXZ5ZNOF,CA-OH-00000203,,2024-11-05,LANDSCAPING,HIGH,COMPLETED,4033.06,5964.27,2024-11-23,18
WO-BVSVKG8A6Q4G,CA-OH-00000203,,2024-11-17,HVAC,HIGH,OPEN,10317.86,,,65
WO-BM273B389V7G,CA-OH-00000203,,2024-11-13,PLUMBING,HIGH,COMPLETED,9803.56,4542.34,2024-12-01,18
WO-KV2AXLSYQPNF,CA-OH-00000203,,2024-12-25,STRUCTURAL,MEDIUM,DEFERRED,12464.15,,,26
WO-WWNZ8F3ACZLR,CA-OH-00000203,,2024-12-16,ELECTRICAL,MEDIUM,DEFERRED,10272.1,,,66
WO-BVAMFGTC7ZNC,CA-OH-00000203,,2024-12-27,STRUCTURAL,LOW,OPEN,2996.38,,,7
WO-0LELE4WUSWEK,CA-OH-00000203,,2024-12-27,GENERAL,MEDIUM,COMPLETED,5517.53,6298.01,2025-01-11,15
WO-UC7SX827JEUP,CA-OH-00000203,,2025-01-28,PLUMBING,MEDIUM,OPEN,3186.44,,,46
WO-M4IYGX5ODXP0,CA-OH-00000203,,2025-01-18,LANDSCAPING,MEDIUM,COMPLETED,7333.42,4610.81,2025-02-08,21
WO-HY2D16QAVDUE,CA-OH-00000203,,2025-01-10,PLUMBING,LOW,COMPLETED,10982.12,3570.89,2025-01-15,5
WO-KG8XG1MIVDLU,CA-OH-00000203,,2025-01-19,ELEVATOR,EMERGENCY,COMPLETED,3354.0,7617.96,2025-01-25,6
WO-UBYWQHC8R1K0,CA-OH-00000203,,2025-01-24,ELECTRICAL,HIGH,DEFERRED,5277.02,,,18
WO-08EC94K0MV5C,CA-OH-00000203,,2025-02-01,ELECTRICAL,MEDIUM,COMPLETED,12256.06,2607.66,2025-02-17,16
WO-ME1QA45NTYUG,CA-OH-00000203,,2025-02-02,PLUMBING,MEDIUM,DEFERRED,11548.11,,,104
WO-TECXTCVLS3BB,CA-OH-00000203,,2025-02-06,LANDSCAPING,MEDIUM,COMPLETED,1143.28,11041.24,2025-02-14,8
WO-7W2ACQ27BNN3,CA-OH-00000203,,2025-03-21,GENERAL,MEDIUM,OPEN,2123.55,,,59
WO-TETPAVML46S0,CA-OH-00000203,,2025-03-06,GENERAL,HIGH,OPEN,4095.42,,,69
WO-JU66ZKO7M1GG,CA-OH-00000203,,2025-03-28,GENERAL,MEDIUM,DEFERRED,1740.42,,,58
WO-PC5BM5L84GOR,CA-OH-00000203,,2025-03-15,PLUMBING,MEDIUM,OPEN,4490.0,,,147
WO-IHYIFZI1PHB3,CA-OH-00000203,,2025-03-11,STRUCTURAL,MEDIUM,COMPLETED,12999.34,11160.41,2025-04-01,21
WO-G1AGA267JTJL,CA-OH-00000203,,2025-03-24,HVAC,LOW,OPEN,2002.28,,,60
WO-BX9M4V15H02W,CA-OH-00000203,,2025-04-03,ROOFING,MEDIUM,OPEN,14881.95,,,201
WO-89GV1YK22OOW,CA-OH-00000203,,2025-04-04,ELEVATOR,HIGH,COMPLETED,14319.34,6414.39,2025-04-18,14
WO-8ETEYKJQWN5M,CA-OH-00000203,,2025-05-21,HVAC,LOW,COMPLETED,4828.08,4850.33,2025-06-10,20
WO-LH1F68M13Y6B,CA-OH-00000203,,2025-05-08,ELEVATOR,LOW,OPEN,13136.95,,,34
WO-WIDJT6IQOI78,CA-OH-00000203,,2025-05-16,GENERAL,LOW,OPEN,9293.81,,,20
WO-D59YVBVLV8FB,CA-OH-00000203,,2025-05-14,PLUMBING,MEDIUM,DEFERRED,4156.24,,,74
WO-B05AYYB2N8D3,CA-OH-00000203,,2025-05-05,ROOFING,MEDIUM,DEFERRED,9048.76,,,49
WO-DYVRNZ929VUU,CA-OH-00000203,,2025-05-09,ELECTRICAL,MEDIUM,OPEN,4892.75,,,192
WO-FO0KCKZ8475R,CA-OH-00000203,,2025-06-07,PLUMBING,LOW,COMPLETED,11755.61,7315.87,2025-06-22,15
WO-0RGN2Z7QU4ZG,CA-OH-00000203,,2025-06-20,PLUMBING,MEDIUM,COMPLETED,1453.96,11476.62,2025-06-26,6
WO-CJMN42FGZVAU,CA-OH-00000203,,2025-06-17,LANDSCAPING,HIGH,COMPLETED,1428.48,6546.25,2025-06-25,8
WO-43DTJL2GGVV0,CA-OH-00000203,,2025-06-16,STRUCTURAL,LOW,COMPLETED,9252.89,2686.57,2025-07-03,17
WO-AP7GJ070KI6D,CA-FL-00000204,,2024-02-08,PLUMBING,LOW,OPEN,8090.53,,,114
WO-QUXIQQEZN2I7,CA-FL-00000204,,2024-03-03,ELEVATOR,MEDIUM,COMPLETED,689.91,1566.97,2024-03-11,8
WO-5OWDM4UYMPMZ,CA-FL-00000204,,2024-04-02,HVAC,MEDIUM,COMPLETED,9032.4,11342.62,2024-04-05,3
WO-8SVD1QQP9DC5,CA-FL-00000204,,2024-05-12,STRUCTURAL,MEDIUM,OPEN,7552.1,,,65
WO-5UPPITB0W9NW,CA-FL-00000204,,2024-06-19,GENERAL,LOW,COMPLETED,12513.04,4074.57,2024-06-27,8
WO-OX53NGVCQWHN,CA-FL-00000204,,2024-06-01,GENERAL,HIGH,COMPLETED,8517.15,7929.87,2024-06-11,10
WO-RBHS0QTTQFH0,CA-FL-00000204,,2024-07-14,ELECTRICAL,MEDIUM,COMPLETED,11424.62,11759.42,2024-07-20,6
WO-7TL0XC9IBNYS,CA-FL-00000204,,2024-08-18,PLUMBING,LOW,COMPLETED,7500.49,10603.89,2024-08-27,9
WO-D3XR0ZH5XEGK,CA-FL-00000204,,2024-09-03,LANDSCAPING,HIGH,COMPLETED,3607.65,8151.38,2024-09-16,13
WO-OOKFTPPMTZDD,CA-FL-00000204,,2024-09-25,STRUCTURAL,LOW,COMPLETED,1018.43,9949.69,2024-09-30,5
WO-0XU6IIEGK06M,CA-FL-00000204,,2024-11-11,HVAC,MEDIUM,COMPLETED,3489.43,7427.1,2024-11-21,10
WO-S8EUBH15X6F7,CA-FL-00000204,,2024-11-10,HVAC,MEDIUM,COMPLETED,12627.81,9054.55,2024-11-28,18
WO-NL25IE992MTJ,CA-FL-00000204,,2025-02-27,LANDSCAPING,MEDIUM,OPEN,2208.55,,,48
WO-QNGP1HQR6BTF,CA-FL-00000204,,2025-03-10,LANDSCAPING,HIGH,COMPLETED,6480.09,8838.67,2025-03-18,8
WO-3YJACK70MJSR,CA-FL-00000204,,2025-03-23,PLUMBING,MEDIUM,COMPLETED,7840.19,10262.21,2025-04-06,14
WO-5038TLWYPSXJ,CA-FL-00000204,,2025-05-11,HVAC,LOW,COMPLETED,8251.44,7647.64,2025-05-24,13
WO-DHQH1BB3D97H,CA-VA-00000205,,2024-01-07,LANDSCAPING,EMERGENCY,COMPLETED,4328.64,9922.6,2024-01-23,16
WO-6P8I629RA1F1,CA-VA-00000205,,2024-02-11,LANDSCAPING,MEDIUM,COMPLETED,3784.99,5499.86,2024-02-20,9
WO-7JMA7GAEW6BS,CA-VA-00000205,,2024-03-27,HVAC,HIGH,COMPLETED,12049.02,4636.13,2024-04-05,9
WO-5GZEUJ3W23XB,CA-VA-00000205,,2024-06-01,HVAC,LOW,COMPLETED,7162.45,8455.32,2024-06-20,19
WO-RZ7GVO0ZPYKN,CA-VA-00000205,,2024-07-07,PLUMBING,MEDIUM,COMPLETED,8048.44,9731.15,2024-07-10,3
WO-IBITUINSOFCC,CA-VA-00000205,,2024-10-18,ELECTRICAL,HIGH,COMPLETED,14808.74,3717.21,2024-11-05,18
WO-5X1CRVDBHY4J,CA-VA-00000205,,2024-11-10,LANDSCAPING,LOW,COMPLETED,2325.2,11287.38,2024-11-28,18
WO-4H4OZC7RU8OA,CA-VA-00000205,,2024-12-01,PLUMBING,MEDIUM,OPEN,9958.72,,,26
WO-8NJXL927W3NI,CA-VA-00000205,,2025-04-05,PLUMBING,HIGH,COMPLETED,1458.36,7545.14,2025-04-18,13
WO-F2VQQHUPQ3YT,CA-VA-00000205,,2025-06-25,STRUCTURAL,LOW,COMPLETED,9502.47,4351.64,2025-06-26,1
WO-JPCJB51DQVCA,CA-TX-00000206,,2024-02-08,PLUMBING,LOW,COMPLETED,2619.44,8307.54,2024-02-15,7
WO-1FNX6YYP6DJG,CA-TX-00000206,,2024-03-23,ROOFING,MEDIUM,COMPLETED,3857.95,5561.6,2024-04-07,15
WO-QPX15MFV3176,CA-TX-00000206,,2024-04-20,HVAC,MEDIUM,COMPLETED,1947.58,9545.53,2024-05-07,17
WO-3OIPGG3LUOCP,CA-TX-00000206,,2024-05-24,GENERAL,MEDIUM,COMPLETED,8215.01,1125.43,2024-05-26,2
WO-ZQXZWMS9DVTC,CA-TX-00000206,,2024-06-08,HVAC,MEDIUM,COMPLETED,14591.47,11437.44,2024-06-13,5
WO-63NTSN56D8ZQ,CA-TX-00000206,,2024-08-27,PLUMBING,MEDIUM,DEFERRED,10891.65,,,45
WO-FR6EXOVZMIH6,CA-TX-00000206,,2024-08-07,HVAC,MEDIUM,COMPLETED,4429.89,10380.38,2024-08-19,12
WO-VXOAX7BZEXH9,CA-TX-00000206,,2024-10-17,ELECTRICAL,LOW,OPEN,5879.55,,,27
WO-H1JKHS721OFK,CA-TX-00000206,,2024-11-11,PLUMBING,LOW,COMPLETED,14908.78,1990.29,2024-11-18,7
WO-RTGX86FWEB8P,CA-TX-00000206,,2024-12-13,ROOFING,HIGH,COMPLETED,11393.94,7917.46,2024-12-30,17
WO-J5XFE2MNHOFB,CA-TX-00000206,,2024-12-05,ELECTRICAL,MEDIUM,COMPLETED,11470.42,8186.43,2024-12-13,8
WO-V2JNIATTLGP2,CA-TX-00000206,,2025-02-11,PLUMBING,LOW,OPEN,2023.61,,,13
WO-PZSIAUEOFX52,CA-TX-00000206,,2025-03-01,LANDSCAPING,LOW,COMPLETED,9066.81,11314.95,2025-03-10,9
WO-4H8JKDZCVIUO,CA-FL-00000207,,2024-01-23,ELECTRICAL,MEDIUM,COMPLETED,7110.21,8098.96,2024-02-09,17
WO-6PP6RBUD1ZPW,CA-FL-00000207,,2024-02-24,ROOFING,HIGH,COMPLETED,10823.13,7353.88,2024-03-04,9
WO-S9PKOXLE6HUD,CA-FL-00000207,,2024-02-02,HVAC,HIGH,COMPLETED,8374.53,2733.19,2024-02-04,2
WO-41FMCY75S0FK,CA-FL-00000207,,2024-03-07,GENERAL,MEDIUM,COMPLETED,11560.27,7828.3,2024-03-19,12
WO-DTF61XM5T74D,CA-FL-00000207,,2024-05-04,HVAC,HIGH,COMPLETED,13961.75,8296.25,2024-05-08,4
WO-XWUM6ZEU4HW2,CA-FL-00000207,,2024-05-21,GENERAL,MEDIUM,COMPLETED,4095.73,2800.4,2024-06-04,14
WO-JWR9CQ2T7GLZ,CA-FL-00000207,,2024-08-25,LANDSCAPING,MEDIUM,COMPLETED,1080.19,9317.27,2024-09-06,12
WO-M50UEHT1PJK4,CA-FL-00000207,,2024-10-06,HVAC,LOW,COMPLETED,2186.94,941.79,2024-10-07,1
WO-2B8ZF779KN3K,CA-FL-00000207,,2024-12-05,PLUMBING,MEDIUM,COMPLETED,2326.54,3116.71,2024-12-16,11
WO-EYJBHJGSRS2B,CA-FL-00000207,,2025-01-06,ELEVATOR,LOW,COMPLETED,7041.05,7708.93,2025-01-12,6
WO-ROJTVS5UEF6F,CA-FL-00000207,,2025-01-17,PLUMBING,LOW,COMPLETED,4055.93,1421.75,2025-01-29,12
WO-NWXSW2OB1NZJ,CA-FL-00000207,,2025-04-26,LANDSCAPING,LOW,COMPLETED,6031.75,6303.93,2025-05-17,21
WO-0X5TI6893NBY,CA-FL-00000207,,2025-05-20,ROOFING,LOW,COMPLETED,9799.82,11069.68,2025-05-27,7
WO-ZRUYWJJS7F0G,CA-FL-00000207,,2025-05-01,LANDSCAPING,MEDIUM,COMPLETED,2411.4,9616.25,2025-05-21,20
WO-VORF00BKZHWC,CA-CA-00000208,,2024-01-06,STRUCTURAL,LOW,COMPLETED,8283.26,10511.51,2024-01-23,17
WO-QD75T1SG23CE,CA-CA-00000208,,2024-01-24,GENERAL,LOW,COMPLETED,9178.8,10625.83,2024-01-25,1
WO-8V51ILFTP0Z2,CA-CA-00000208,,2024-01-10,PLUMBING,LOW,COMPLETED,3821.01,462.22,2024-01-15,5
WO-FWXBLRKBF8E0,CA-CA-00000208,,2024-01-22,STRUCTURAL,MEDIUM,COMPLETED,12480.2,8234.62,2024-01-25,3
WO-SWFF8JY8RVL1,CA-CA-00000208,,2024-02-08,ROOFING,MEDIUM,COMPLETED,9285.47,232.86,2024-02-20,12
WO-BIF963RAOPRR,CA-CA-00000208,,2024-02-16,ELECTRICAL,LOW,COMPLETED,3541.56,10200.54,2024-02-27,11
WO-VAM6HVBV4VTZ,CA-CA-00000208,,2024-02-27,LANDSCAPING,MEDIUM,DEFERRED,4980.87,,,34
WO-5JVHBXJDO5EJ,CA-CA-00000208,,2024-02-03,ROOFING,MEDIUM,COMPLETED,2614.59,5367.9,2024-02-10,7
WO-SODZDB03P8PE,CA-CA-00000208,,2024-02-24,HVAC,HIGH,COMPLETED,12122.98,7623.44,2024-03-04,9
WO-RFJB76QDOG0V,CA-CA-00000208,,2024-02-22,HVAC,LOW,OPEN,11236.69,,,61
WO-B7MZFXFXHY6X,CA-CA-00000208,,2024-03-06,ROOFING,EMERGENCY,DEFERRED,13782.9,,,321
WO-2VHU4JZEY4LT,CA-CA-00000208,,2024-03-27,HVAC,LOW,DEFERRED,13043.76,,,18
WO-N2HB9ZHN189B,CA-CA-00000208,,2024-04-08,GENERAL,LOW,COMPLETED,13730.81,8393.34,2024-04-19,11
WO-DCEPITJWSBGO,CA-CA-00000208,,2024-04-02,ROOFING,LOW,OPEN,7503.46,,,53
WO-TWXUBCNMRGGJ,CA-CA-00000208,,2024-04-24,PLUMBING,LOW,COMPLETED,1830.29,3656.14,2024-05-07,13
WO-XCWBHZEDFWBK,CA-CA-00000208,,2024-04-27,ROOFING,MEDIUM,COMPLETED,10587.35,9975.29,2024-05-03,6
WO-3T2MALFN86IE,CA-CA-00000208,,2024-05-06,ELEVATOR,MEDIUM,OPEN,6960.5,,,18
WO-IEI6RMM0UTCW,CA-CA-00000208,,2024-05-05,PLUMBING,MEDIUM,OPEN,2956.19,,,266
WO-ODVIJ5A42U8Y,CA-CA-00000208,,2024-05-15,ELECTRICAL,MEDIUM,COMPLETED,13341.16,1400.3,2024-05-20,5
WO-AASCTXT5KWNM,CA-CA-00000208,,2024-05-15,GENERAL,LOW,DEFERRED,4208.66,,,100
WO-OWIBWVQBLE3K,CA-CA-00000208,,2024-05-12,PLUMBING,HIGH,OPEN,11672.67,,,76
WO-U35M5JZS3TKJ,CA-CA-00000208,,2024-05-21,LANDSCAPING,MEDIUM,COMPLETED,13611.63,7446.1,2024-05-30,9
WO-3UAUBN0HKU9Z,CA-CA-00000208,,2024-05-17,PLUMBING,MEDIUM,DEFERRED,8858.83,,,24
WO-R0AHRJNSQGFN,CA-CA-00000208,,2024-05-28,HVAC,MEDIUM,DEFERRED,11945.11,,,86
WO-NPC0DN2QSFPQ,CA-CA-00000208,,2024-05-06,STRUCTURAL,LOW,COMPLETED,8704.76,5280.95,2024-05-23,17
WO-Y9W4TCKA3GYL,CA-CA-00000208,,2024-06-24,PLUMBING,LOW,OPEN,6105.63,,,150
WO-XQBQ2SZ2L4NK,CA-CA-00000208,,2024-06-23,PLUMBING,LOW,COMPLETED,5638.82,4486.66,2024-06-30,7
WO-NNOFJHDVMDY7,CA-CA-00000208,,2024-06-09,ROOFING,MEDIUM,DEFERRED,5475.19,,,25
WO-32956LRY7DIL,CA-CA-00000208,,2024-07-09,HVAC,MEDIUM,DEFERRED,7100.23,,,35
WO-D5GYOCKE6PQ0,CA-CA-00000208,,2024-07-10,HVAC,MEDIUM,COMPLETED,6637.44,9000.72,2024-07-25,15
WO-B8SHWJVMWKCG,CA-CA-00000208,,2024-07-17,LANDSCAPING,LOW,OPEN,8097.91,,,24
WO-ZPXCD1QQ39A4,CA-CA-00000208,,2024-07-08,PLUMBING,MEDIUM,DEFERRED,2479.72,,,98
WO-D7E663BNCJ6C,CA-CA-00000208,,2024-07-25,PLUMBING,MEDIUM,OPEN,6450.28,,,83
WO-NI7HXI7AVLKQ,CA-CA-00000208,,2024-08-10,PLUMBING,LOW,COMPLETED,11839.43,7019.06,2024-08-25,15
WO-34SWWMF3S9P0,CA-CA-00000208,,2024-08-24,STRUCTURAL,MEDIUM,OPEN,1368.14,,,13
WO-FZ58N6HBUW9W,CA-CA-00000208,,2024-08-24,HVAC,MEDIUM,DEFERRED,4960.42,,,127
WO-3PUAEKGY1UEF,CA-CA-00000208,,2024-08-16,HVAC,LOW,COMPLETED,14347.94,11071.08,2024-09-03,18
WO-CXNZCNDUTRWJ,CA-CA-00000208,,2024-08-15,GENERAL,MEDIUM,OPEN,14482.96,,,405
WO-AYD8UF6EN6HY,CA-CA-00000208,,2024-08-02,PLUMBING,MEDIUM,COMPLETED,3001.77,2363.21,2024-08-09,7
WO-7KNNRTSH32U2,CA-CA-00000208,,2024-08-23,PLUMBING,LOW,DEFERRED,2833.08,,,38
WO-Y68XVBMV337J,CA-CA-00000208,,2024-08-13,ELECTRICAL,LOW,COMPLETED,438.17,8951.39,2024-08-28,15
WO-A373JZ5JFYZY,CA-CA-00000208,,2024-09-26,PLUMBING,LOW,COMPLETED,13346.45,10361.24,2024-10-03,7
WO-XL0EHO7CU9KE,CA-CA-00000208,,2024-09-07,ELECTRICAL,MEDIUM,OPEN,7044.0,,,44
WO-7GFO7AIL6OTO,CA-CA-00000208,,2024-09-04,LANDSCAPING,MEDIUM,COMPLETED,9183.74,4345.16,2024-09-23,19
WO-VJET8LKM0XVQ,CA-CA-00000208,,2024-09-13,ELECTRICAL,HIGH,COMPLETED,8607.88,8489.01,2024-09-20,7
WO-K1H27Y1VFANJ,CA-CA-00000208,,2024-09-14,GENERAL,MEDIUM,COMPLETED,14842.65,7371.23,2024-09-21,7
WO-68YG48H9S2CP,CA-CA-00000208,,2024-09-19,PLUMBING,MEDIUM,DEFERRED,1379.13,,,18
WO-EBR725CD2L4B,CA-CA-00000208,,2024-09-09,HVAC,MEDIUM,COMPLETED,7523.74,5918.9,2024-09-23,14
WO-4KXQSCLBRHVF,CA-CA-00000208,,2024-09-12,PLUMBING,LOW,DEFERRED,10629.34,,,42
WO-I2MLJGLUQLLG,CA-CA-00000208,,2024-09-03,HVAC,LOW,COMPLETED,456.36,4781.19,2024-09-15,12
WO-7CVVRFMWB9UP,CA-CA-00000208,,2024-10-19,STRUCTURAL,MEDIUM,COMPLETED,2180.71,8220.22,2024-10-26,7
WO-63KQKA2Y08B2,CA-CA-00000208,,2024-10-02,HVAC,MEDIUM,COMPLETED,942.39,5189.95,2024-10-16,14
WO-2713VZ4RJJEQ,CA-CA-00000208,,2024-10-23,PLUMBING,LOW,OPEN,11872.77,,,27
WO-D360HI4XU4WT,CA-CA-00000208,,2024-10-22,GENERAL,MEDIUM,OPEN,10520.02,,,33
WO-D27A1B8D5KJ1,CA-CA-00000208,,2024-10-19,ELECTRICAL,HIGH,OPEN,4141.99,,,87
WO-C9OCC5DWHARF,CA-CA-00000208,,2024-10-12,HVAC,HIGH,DEFERRED,14276.2,,,54
WO-BIT3O8WWTZ7N,CA-CA-00000208,,2024-10-08,ROOFING,MEDIUM,COMPLETED,14105.61,9508.43,2024-10-22,14
WO-W9N107CSN6PV,CA-CA-00000208,,2024-11-18,HVAC,MEDIUM,DEFERRED,2403.97,,,66
WO-LLHV5UYGRBRA,CA-CA-00000208,,2024-11-11,PLUMBING,LOW,DEFERRED,8530.04,,,80
WO-XUR5EB4V5JNP,CA-CA-00000208,,2024-11-14,GENERAL,LOW,COMPLETED,9116.51,9093.82,2024-11-15,1
WO-AIOP2E5MSSJT,CA-CA-00000208,,2024-11-05,STRUCTURAL,MEDIUM,COMPLETED,6820.86,11037.12,2024-11-24,19
WO-MY6RQR250VKK,CA-CA-00000208,,2024-11-20,ROOFING,MEDIUM,DEFERRED,4464.78,,,38
WO-SQQUNTQ8Z080,CA-CA-00000208,,2024-11-03,LANDSCAPING,LOW,COMPLETED,1932.74,10012.41,2024-11-22,19
WO-1C8XYQWTMRQY,CA-CA-00000208,,2024-12-01,PLUMBING,LOW,OPEN,9257.49,,,26
WO-93TQGSWZCEI0,CA-CA-00000208,,2024-12-02,HVAC,MEDIUM,COMPLETED,12527.13,6664.79,2024-12-23,21
WO-A6537YVMH0EY,CA-CA-00000208,,2024-12-11,PLUMBING,HIGH,COMPLETED,2882.4,915.84,2024-12-12,1
WO-KKSAY38TQWOG,CA-CA-00000208,,2024-12-21,ROOFING,LOW,DEFERRED,12128.82,,,153
WO-JZMTVSZH6C2S,CA-CA-00000208,,2024-12-16,GENERAL,LOW,DEFERRED,3919.46,,,32
WO-ZKH6RAU4BHQ6,CA-CA-00000208,,2024-12-25,HVAC,HIGH,OPEN,12411.39,,,134
WO-DWKTC6FWRFEC,CA-CA-00000208,,2025-01-18,ELECTRICAL,LOW,COMPLETED,9529.71,3136.26,2025-01-23,5
WO-YGCWSW8ZOHZG,CA-CA-00000208,,2025-01-09,ELEVATOR,MEDIUM,COMPLETED,12857.69,5227.02,2025-01-20,11
WO-2ASWEV86LSTM,CA-CA-00000208,,2025-01-18,LANDSCAPING,LOW,DEFERRED,1931.31,,,64
WO-6MM1DATCS1SK,CA-CA-00000208,,2025-01-28,PLUMBING,HIGH,OPEN,12999.28,,,36
WO-Y2WQD9VXX3ZS,CA-CA-00000208,,2025-02-05,LANDSCAPING,MEDIUM,COMPLETED,3863.4,10073.01,2025-02-07,2
WO-5L66KLYZOCDU,CA-CA-00000208,,2025-02-04,HVAC,MEDIUM,DEFERRED,14493.15,,,13
WO-GO4Y924M6BME,CA-CA-00000208,,2025-02-23,LANDSCAPING,MEDIUM,OPEN,12997.85,,,23
WO-EM6WUTN4G35N,CA-CA-00000208,,2025-03-03,ROOFING,LOW,COMPLETED,2972.58,8511.47,2025-03-05,2
WO-U502ERHSD6V1,CA-CA-00000208,,2025-03-01,GENERAL,LOW,OPEN,7170.7,,,64
WO-C2V7F8SZXCRI,CA-CA-00000208,,2025-03-24,PLUMBING,MEDIUM,OPEN,13597.71,,,122
WO-AKUDNTTXFUU9,CA-CA-00000208,,2025-03-07,HVAC,MEDIUM,OPEN,1716.68,,,38
WO-G7BQPQ0CRBH2,CA-CA-00000208,,2025-04-19,ROOFING,MEDIUM,OPEN,13060.74,,,17
WO-9R18GUYR1H94,CA-CA-00000208,,2025-04-05,HVAC,MEDIUM,COMPLETED,3461.91,1872.83,2025-04-25,20
WO-CMONPWTMWPKZ,CA-CA-00000208,,2025-04-06,GENERAL,MEDIUM,COMPLETED,6500.18,5003.75,2025-04-19,13
WO-BHUUM7TH9WSK,CA-CA-00000208,,2025-05-15,LANDSCAPING,MEDIUM,OPEN,6200.0,,,165
WO-22SOLTPB9NSK,CA-CA-00000208,,2025-05-27,STRUCTURAL,LOW,COMPLETED,4207.74,3246.35,2025-06-11,15
WO-IE5YQ1M8ACCB,CA-CA-00000208,,2025-05-04,LANDSCAPING,HIGH,COMPLETED,748.9,3849.5,2025-05-09,5
WO-FJXJBU1FDJJ0,CA-CA-00000208,,2025-05-27,PLUMBING,LOW,COMPLETED,9368.97,8377.93,2025-06-06,10
WO-VSEZQLQKN4OL,CA-CA-00000208,,2025-05-25,ELECTRICAL,LOW,COMPLETED,6905.3,2275.14,2025-06-03,9
WO-R7KFU916B9PW,CA-CA-00000208,,2025-05-03,LANDSCAPING,LOW,OPEN,14524.19,,,150
WO-5M6FRSN8226P,CA-CA-00000208,,2025-06-18,HVAC,LOW,COMPLETED,14625.73,10522.87,2025-06-30,12
WO-Z3P5IXM6KM20,CA-CA-00000208,,2025-06-07,HVAC,LOW,COMPLETED,2945.93,2715.79,2025-06-23,16
WO-7Q1EY37H5TQQ,CA-CA-00000208,,2025-06-27,STRUCTURAL,MEDIUM,DEFERRED,4585.64,,,90
WO-U1LHB37JYKMT,CA-CA-00000208,,2025-06-12,ELEVATOR,MEDIUM,COMPLETED,5180.43,818.38,2025-06-20,8
WO-GD5VA0P1XIAT,CA-CA-00000208,,2025-06-06,ELECTRICAL,MEDIUM,DEFERRED,13098.37,,,212
WO-86H2PICJSQ32,CA-CA-00000208,,2025-06-17,LANDSCAPING,MEDIUM,COMPLETED,14196.19,6052.0,2025-07-03,16
WO-7YJY80BVH1EV,CA-CA-00000208,,2025-06-23,GENERAL,EMERGENCY,DEFERRED,1329.66,,,71
WO-26DCJ0HMH0GI,CA-CA-00000209,,2024-01-23,HVAC,LOW,OPEN,5172.86,,,42
WO-W2G51PM3WJIK,CA-CA-00000209,,2024-01-05,ROOFING,LOW,COMPLETED,5569.42,6173.83,2024-01-15,10
WO-IYFIB440XBH2,CA-CA-00000209,,2024-01-02,ELECTRICAL,LOW,OPEN,4997.75,,,18
WO-OQJWP1ZGQNM9,CA-CA-00000209,,2024-02-09,ELECTRICAL,LOW,COMPLETED,13551.23,5426.28,2024-02-16,7
WO-YHFTT9Y5R0XE,CA-CA-00000209,,2024-03-01,PLUMBING,MEDIUM,DEFERRED,12847.18,,,57
WO-QZPPUQ30N41K,CA-CA-00000209,,2024-03-09,LANDSCAPING,MEDIUM,COMPLETED,12460.61,4411.58,2024-03-17,8
WO-WEBJAOFBMB4V,CA-CA-00000209,,2024-04-21,ELEVATOR,LOW,COMPLETED,9524.88,11336.05,2024-04-28,7
WO-Z12CPOP1C6XM,CA-CA-00000209,,2024-04-17,HVAC,LOW,DEFERRED,2838.64,,,58
WO-B5GVDEZ9U5LN,CA-CA-00000209,,2024-04-26,STRUCTURAL,MEDIUM,COMPLETED,10039.24,6647.53,2024-05-10,14
WO-BI20593AAOUV,CA-CA-00000209,,2024-04-26,ELECTRICAL,HIGH,COMPLETED,12620.36,8095.0,2024-05-07,11
WO-XPS39ROQKNAJ,CA-CA-00000209,,2024-04-13,STRUCTURAL,EMERGENCY,COMPLETED,4921.5,11173.16,2024-04-24,11
WO-1JPE2T2YQFOC,CA-CA-00000209,,2024-05-18,LANDSCAPING,MEDIUM,OPEN,4397.96,,,38
WO-VL0CT0N0OH6U,CA-CA-00000209,,2024-05-12,PLUMBING,LOW,DEFERRED,13707.64,,,42
WO-G8PGC94XEOD8,CA-CA-00000209,,2024-05-26,GENERAL,LOW,COMPLETED,7194.74,3737.43,2024-06-12,17
WO-MDKTEVYFDKC9,CA-CA-00000209,,2024-05-09,ROOFING,MEDIUM,COMPLETED,10665.38,9006.6,2024-05-24,15
WO-2IX81ETDNM51,CA-CA-00000209,,2024-07-27,ROOFING,MEDIUM,DEFERRED,4641.42,,,83
WO-4CUHCK5U1EJ0,CA-CA-00000209,,2024-08-09,LANDSCAPING,MEDIUM,COMPLETED,2864.04,2777.3,2024-08-20,11
WO-P3GHTUYBPKFP,CA-CA-00000209,,2024-08-17,PLUMBING,LOW,COMPLETED,13884.28,7042.0,2024-09-04,18
WO-8G8FL5UQ0GD9,CA-CA-00000209,,2024-09-25,PLUMBING,EMERGENCY,COMPLETED,13189.83,3702.43,2024-10-08,13
WO-LR9CC27V4BWX,CA-CA-00000209,,2024-09-03,LANDSCAPING,HIGH,COMPLETED,9906.85,165.26,2024-09-21,18
WO-GEN0GCAZZUWN,CA-CA-00000209,,2024-09-01,ROOFING,HIGH,COMPLETED,13689.1,9512.51,2024-09-04,3
WO-W9BG1GU2U993,CA-CA-00000209,,2024-09-20,ROOFING,LOW,COMPLETED,9161.72,2473.65,2024-10-11,21
WO-EVUWYBPQF4BR,CA-CA-00000209,,2024-10-27,ELECTRICAL,MEDIUM,COMPLETED,4838.0,10046.22,2024-10-31,4
WO-HZVBE1UX6OAM,CA-CA-00000209,,2024-10-16,PLUMBING,HIGH,COMPLETED,3355.27,7431.45,2024-10-19,3
WO-XD6JJU880BGU,CA-CA-00000209,,2024-10-03,PLUMBING,MEDIUM,DEFERRED,12230.75,,,41
WO-LAPHZUOYCV3J,CA-CA-00000209,,2024-11-07,STRUCTURAL,LOW,COMPLETED,8243.19,1220.31,2024-11-17,10
WO-HNBHITXHKB2K,CA-CA-00000209,,2024-11-28,ROOFING,MEDIUM,COMPLETED,1243.6,836.04,2024-12-17,19
WO-E58LIM67I40C,CA-CA-00000209,,2024-11-23,ELECTRICAL,EMERGENCY,OPEN,3583.94,,,50
WO-VJO8271P6U27,CA-CA-00000209,,2024-11-03,STRUCTURAL,MEDIUM,COMPLETED,479.59,447.64,2024-11-14,11
WO-RWO853J91TRD,CA-CA-00000209,,2024-11-23,LANDSCAPING,LOW,COMPLETED,11941.58,6707.15,2024-11-24,1
WO-ZEGK4EW2VCT8,CA-CA-00000209,,2024-12-15,LANDSCAPING,LOW,COMPLETED,9287.79,8909.45,2024-12-26,11
WO-XR12ROVD2HIU,CA-CA-00000209,,2024-12-25,ROOFING,MEDIUM,DEFERRED,11877.53,,,39
WO-E9YTBLRTBNQE,CA-CA-00000209,,2024-12-02,GENERAL,MEDIUM,OPEN,4820.98,,,96
WO-B94LGE6IYPSV,CA-CA-00000209,,2024-12-06,ELECTRICAL,MEDIUM,COMPLETED,4947.09,1498.52,2024-12-07,1
WO-Q8X1Y9A1E653,CA-CA-00000209,,2025-01-23,ELEVATOR,MEDIUM,DEFERRED,8634.2,,,64
WO-XXE3RGZTWNUI,CA-CA-00000209,,2025-01-13,LANDSCAPING,EMERGENCY,COMPLETED,6859.58,11129.94,2025-01-20,7
WO-3IPCLQEEFZCD,CA-CA-00000209,,2025-01-19,GENERAL,MEDIUM,COMPLETED,5147.94,5269.74,2025-01-27,8
WO-DDY8POEQZHN6,CA-CA-00000209,,2025-01-07,PLUMBING,MEDIUM,COMPLETED,3260.12,5497.91,2025-01-12,5
WO-5B5VTASI9I8Y,CA-CA-00000209,,2025-03-03,PLUMBING,MEDIUM,COMPLETED,9318.49,7786.66,2025-03-04,1
WO-AAE4ONAJ8440,CA-CA-00000209,,2025-03-15,ELECTRICAL,LOW,COMPLETED,7522.8,8351.08,2025-03-17,2
WO-JUCQ6TVVO0UH,CA-CA-00000209,,2025-04-16,LANDSCAPING,LOW,OPEN,9823.59,,,83
WO-LQZVIZOG9HR8,CA-CA-00000209,,2025-04-17,PLUMBING,MEDIUM,COMPLETED,7011.89,9425.06,2025-04-30,13
WO-H193CUSGR198,CA-CA-00000209,,2025-04-23,HVAC,MEDIUM,COMPLETED,11721.12,4184.14,2025-05-13,20
WO-AY2JZNR1B8NY,CA-CA-00000209,,2025-04-08,HVAC,MEDIUM,COMPLETED,11359.08,11725.81,2025-04-24,16
WO-KCKJ0D8HFJAX,CA-CA-00000209,,2025-05-28,HVAC,EMERGENCY,COMPLETED,14371.66,11921.41,2025-06-05,8
WO-E35VNZDTLZK9,CA-CA-00000209,,2025-05-15,LANDSCAPING,MEDIUM,COMPLETED,9038.03,889.59,2025-05-26,11
WO-1JV9DZWNSM6V,CA-CA-00000209,,2025-05-07,GENERAL,MEDIUM,OPEN,7864.69,,,13
WO-YV4K5OK6IRIN,CA-CA-00000209,,2025-06-27,HVAC,MEDIUM,OPEN,4600.84,,,75
WO-6JI4T28PV67S,CA-NC-00000210,,2024-01-09,STRUCTURAL,MEDIUM,COMPLETED,6708.32,680.23,2024-01-21,12
WO-MB2ERME4NJ9L,CA-NC-00000210,,2024-02-04,PLUMBING,LOW,COMPLETED,7886.25,756.43,2024-02-15,11
WO-O6ZULUBKFZ9C,CA-NC-00000210,,2024-02-03,PLUMBING,MEDIUM,COMPLETED,3292.33,10420.03,2024-02-19,16
WO-8B8TVKNEYYCI,CA-NC-00000210,,2024-03-07,PLUMBING,HIGH,COMPLETED,7465.18,818.53,2024-03-26,19
WO-P2DRLH4VWRM7,CA-NC-00000210,,2024-04-28,LANDSCAPING,MEDIUM,COMPLETED,6177.9,10147.46,2024-05-10,12
WO-MRKMI4PQ9YBO,CA-NC-00000210,,2024-05-09,ROOFING,LOW,COMPLETED,5315.95,7732.88,2024-05-13,4
WO-3MJO8GHBSCGQ,CA-NC-00000210,,2024-08-10,ELECTRICAL,HIGH,COMPLETED,12249.6,10253.15,2024-08-22,12
WO-D6D2C7DSAKED,CA-NC-00000210,,2024-09-18,PLUMBING,MEDIUM,DEFERRED,8902.59,,,33
WO-F90J4ZKJJ19N,CA-NC-00000210,,2024-11-24,PLUMBING,MEDIUM,DEFERRED,4822.88,,,44
WO-GODTMDNZ510D,CA-NC-00000210,,2024-12-08,STRUCTURAL,MEDIUM,COMPLETED,467.58,2202.18,2024-12-14,6
WO-P8NLCUF4LSGQ,CA-NC-00000210,,2025-01-01,HVAC,MEDIUM,COMPLETED,4595.76,7062.47,2025-01-03,2
WO-97USI5AIOYB2,CA-NC-00000210,,2025-01-11,ELECTRICAL,LOW,COMPLETED,5424.98,3499.0,2025-01-17,6
WO-KT6K6Q14XZFD,CA-NC-00000210,,2025-04-03,LANDSCAPING,LOW,COMPLETED,2445.81,403.6,2025-04-09,6
WO-PFSJU8HNH1KC,CA-NC-00000210,,2025-05-19,STRUCTURAL,LOW,COMPLETED,10199.6,2607.53,2025-05-21,2
WO-NIGWF08L7DF0,CA-NC-00000210,,2025-05-15,GENERAL,EMERGENCY,DEFERRED,6190.62,,,14
WO-BXKSWYDRBR5T,CA-NC-00000210,,2025-06-20,STRUCTURAL,LOW,COMPLETED,1850.8,4902.16,2025-07-07,17
WO-ASONX9T3F7II,CA-NC-00000210,,2025-06-14,GENERAL,MEDIUM,COMPLETED,6180.41,8832.48,2025-06-29,15
WO-EKJP53TQSV5C,CA-CA-00000211,,2024-01-03,ELECTRICAL,MEDIUM,COMPLETED,1663.17,7355.25,2024-01-11,8
WO-0V8LYEUYPP7R,CA-CA-00000211,,2024-02-16,HVAC,MEDIUM,COMPLETED,4926.25,7904.22,2024-03-07,20
WO-BAC6OVPH45R4,CA-CA-00000211,,2024-03-18,GENERAL,LOW,COMPLETED,9969.56,5383.42,2024-04-04,17
WO-KYHUDCFUNS2J,CA-CA-00000211,,2024-05-28,STRUCTURAL,HIGH,COMPLETED,12870.15,6240.52,2024-05-30,2
WO-WOIS0FW78Q8E,CA-CA-00000211,,2024-05-10,HVAC,HIGH,COMPLETED,5088.12,1244.9,2024-05-17,7
WO-7A65HY3AVNX1,CA-CA-00000211,,2024-07-05,LANDSCAPING,MEDIUM,OPEN,9352.76,,,40
WO-3GAL41KDMOMU,CA-CA-00000211,,2024-09-11,PLUMBING,MEDIUM,COMPLETED,10462.05,3664.71,2024-09-24,13
WO-4HRSWBL9NY30,CA-CA-00000211,,2024-09-06,LANDSCAPING,HIGH,COMPLETED,11145.96,8041.27,2024-09-27,21
WO-1686AP8XFAHH,CA-CA-00000211,,2024-09-03,ROOFING,MEDIUM,DEFERRED,6496.42,,,76
WO-FSHKQ4J1L3DO,CA-CA-00000211,,2024-10-14,LANDSCAPING,LOW,COMPLETED,8507.49,8304.48,2024-10-29,15
WO-0TRWZBIAST0R,CA-CA-00000211,,2024-11-08,PLUMBING,HIGH,COMPLETED,12962.24,6255.9,2024-11-10,2
WO-S1BL2JOV93N5,CA-CA-00000211,,2024-11-15,HVAC,MEDIUM,COMPLETED,11385.72,2511.71,2024-12-01,16
WO-YEMRH8JOT9IB,CA-CA-00000211,,2025-01-19,ELECTRICAL,MEDIUM,COMPLETED,5684.42,7544.21,2025-02-09,21
WO-3IO7YPJ01FUW,CA-CA-00000211,,2025-01-28,HVAC,MEDIUM,COMPLETED,9416.22,10835.08,2025-02-02,5
WO-6KMPRZK75PPT,CA-CA-00000211,,2025-05-01,HVAC,LOW,COMPLETED,5331.12,3005.38,2025-05-10,9
WO-4Q78OAI8S6RX,CA-CA-00000211,,2025-06-16,LANDSCAPING,HIGH,COMPLETED,9869.34,8256.67,2025-07-06,20
WO-S95XZY0EPY70,CA-CA-00000212,,2024-01-09,STRUCTURAL,HIGH,COMPLETED,5665.78,4677.79,2024-01-21,12
WO-1CACJEIG4M9T,CA-CA-00000212,,2024-02-16,HVAC,MEDIUM,COMPLETED,14675.34,7725.12,2024-02-29,13
WO-Q2DE0J43K1AI,CA-CA-00000212,,2024-05-12,PLUMBING,MEDIUM,COMPLETED,8116.36,4281.21,2024-05-23,11
WO-Y5LGOQ3FVV06,CA-CA-00000212,,2024-06-20,PLUMBING,LOW,OPEN,6649.01,,,193
WO-Q4ZEXBM79DR7,CA-CA-00000212,,2024-08-28,ELECTRICAL,MEDIUM,COMPLETED,7325.56,10687.49,2024-09-14,17
WO-7KQQM0ZGLXL7,CA-CA-00000212,,2024-10-16,LANDSCAPING,HIGH,COMPLETED,5874.34,11969.11,2024-11-01,16
WO-8MMP4ZEW5TJ0,CA-CA-00000212,,2024-10-27,PLUMBING,MEDIUM,COMPLETED,12440.57,2008.05,2024-11-15,19
WO-PWJLNEG0R3KL,CA-CA-00000212,,2024-11-02,ROOFING,LOW,COMPLETED,12197.34,5674.56,2024-11-17,15
WO-JT86HT1RA04V,CA-CA-00000212,,2024-11-06,LANDSCAPING,LOW,COMPLETED,13881.58,9608.08,2024-11-19,13
WO-7XGUDY6HQDM2,CA-CA-00000212,,2024-12-13,STRUCTURAL,MEDIUM,COMPLETED,10456.64,3276.88,2024-12-19,6
WO-1HQD7YSY0ZU4,CA-CA-00000212,,2025-02-13,PLUMBING,LOW,COMPLETED,2988.9,2540.9,2025-02-23,10
WO-MQOX37XWXZDI,CA-CA-00000212,,2025-03-05,GENERAL,HIGH,COMPLETED,4706.05,4467.63,2025-03-20,15
WO-CJ9UTJWQNN9J,CA-TX-00000213,,2024-01-23,HVAC,MEDIUM,COMPLETED,1171.54,705.14,2024-02-02,10
WO-YGSE926DU4TU,CA-TX-00000213,,2024-01-20,GENERAL,LOW,COMPLETED,9855.1,2532.66,2024-01-23,3
WO-4U9P8M38Q33V,CA-TX-00000213,,2024-01-20,PLUMBING,LOW,COMPLETED,11744.11,6776.2,2024-01-26,6
WO-6CU1RENGTZJY,CA-TX-00000213,,2024-01-04,PLUMBING,HIGH,COMPLETED,5024.07,8862.1,2024-01-14,10
WO-4V1BF1R29IOZ,CA-TX-00000213,,2024-02-14,ELEVATOR,LOW,DEFERRED,2675.39,,,22
WO-GZ9LLZH03EG4,CA-TX-00000213,,2024-02-09,ELECTRICAL,LOW,OPEN,11922.04,,,21
WO-BYRMHZ7XR38B,CA-TX-00000213,,2024-02-19,ELECTRICAL,MEDIUM,COMPLETED,6824.98,3844.32,2024-02-20,1
WO-IBRTL7A3X84P,CA-TX-00000213,,2024-02-13,ROOFING,LOW,OPEN,8688.55,,,151
WO-9F99NQUI5DAD,CA-TX-00000213,,2024-03-19,ELECTRICAL,LOW,COMPLETED,14789.17,5318.69,2024-03-20,1
WO-XAHW8RNAV84D,CA-TX-00000213,,2024-04-17,ELECTRICAL,MEDIUM,COMPLETED,7868.06,10284.48,2024-04-28,11
WO-BT4L2JAIIA66,CA-TX-00000213,,2024-04-05,LANDSCAPING,MEDIUM,OPEN,6643.4,,,33
WO-SA4PVQF1U4NG,CA-TX-00000213,,2024-04-02,HVAC,EMERGENCY,OPEN,2693.47,,,199
WO-BUEX29Q6LQ2W,CA-TX-00000213,,2024-05-25,STRUCTURAL,MEDIUM,COMPLETED,6037.87,10764.68,2024-06-10,16
WO-P4ERXLHFIYBS,CA-TX-00000213,,2024-06-20,STRUCTURAL,HIGH,COMPLETED,3213.59,11306.89,2024-06-23,3
WO-IPBCUYSKXD6I,CA-TX-00000213,,2024-06-11,PLUMBING,MEDIUM,COMPLETED,4487.44,3734.8,2024-06-13,2
WO-0XD50444UFMP,CA-TX-00000213,,2024-06-24,HVAC,MEDIUM,COMPLETED,14142.86,11997.93,2024-07-12,18
WO-KT760F1CVG8C,CA-TX-00000213,,2024-06-03,HVAC,MEDIUM,COMPLETED,3163.43,4797.84,2024-06-05,2
WO-T5JR8YUSSCI0,CA-TX-00000213,,2024-07-24,HVAC,LOW,COMPLETED,8465.84,1400.79,2024-08-02,9
WO-NFL6L4EVQ0MZ,CA-TX-00000213,,2024-07-23,LANDSCAPING,LOW,COMPLETED,12638.87,1196.62,2024-08-02,10
WO-B1OR1CKYBHCN,CA-TX-00000213,,2024-07-14,LANDSCAPING,MEDIUM,OPEN,12221.41,,,66
WO-V0YDYOIH1Z7K,CA-TX-00000213,,2024-10-05,GENERAL,MEDIUM,COMPLETED,6824.73,10299.55,2024-10-26,21
WO-G1YEQ425BSO7,CA-TX-00000213,,2024-10-22,PLUMBING,MEDIUM,DEFERRED,14542.97,,,66
WO-6CGX8LNJFB2M,CA-TX-00000213,,2024-11-19,HVAC,LOW,OPEN,365.45,,,22
WO-0M1SS4EIOB4R,CA-TX-00000213,,2024-12-04,GENERAL,MEDIUM,COMPLETED,5599.56,991.37,2024-12-07,3
WO-4HK7UTQEXPXZ,CA-TX-00000213,,2024-12-10,HVAC,LOW,COMPLETED,13787.82,8974.51,2024-12-31,21
WO-38B6W1C0E3FM,CA-TX-00000213,,2024-12-03,GENERAL,LOW,COMPLETED,7688.34,10771.25,2024-12-09,6
WO-8YJ5DUP9Y2BK,CA-TX-00000213,,2025-01-06,ELECTRICAL,MEDIUM,OPEN,311.33,,,48
WO-BRX5259T6J7E,CA-TX-00000213,,2025-01-22,GENERAL,MEDIUM,OPEN,2987.46,,,101
WO-KC04FUTPD5RB,CA-TX-00000213,,2025-01-19,LANDSCAPING,MEDIUM,COMPLETED,11295.03,10840.07,2025-01-30,11
WO-03VSUC5EDP98,CA-TX-00000213,,2025-02-02,LANDSCAPING,MEDIUM,COMPLETED,4828.82,9546.07,2025-02-13,11
WO-GNIW7EMC6RW6,CA-TX-00000213,,2025-03-28,ROOFING,MEDIUM,COMPLETED,10646.42,8584.73,2025-04-15,18
WO-P5DZ9ESO18ST,CA-TX-00000213,,2025-03-28,LANDSCAPING,LOW,COMPLETED,14614.63,5765.4,2025-04-08,11
WO-6PN33KBPU3NV,CA-TX-00000213,,2025-04-05,PLUMBING,MEDIUM,COMPLETED,10509.13,3138.05,2025-04-18,13
WO-G6RTSAR9Z5MD,CA-TX-00000213,,2025-04-07,STRUCTURAL,MEDIUM,COMPLETED,1872.45,1752.39,2025-04-17,10
WO-3XTE2WY7658W,CA-TX-00000213,,2025-04-15,LANDSCAPING,LOW,COMPLETED,4620.39,7413.92,2025-05-01,16
WO-09TNT9GETYOA,CA-TX-00000213,,2025-04-04,LANDSCAPING,MEDIUM,OPEN,13487.68,,,57
WO-J6SBKBOQE0C7,CA-TX-00000213,,2025-04-15,ROOFING,HIGH,COMPLETED,5914.66,6683.2,2025-05-05,20
WO-NDJMGXWBY4H1,CA-TX-00000213,,2025-05-02,GENERAL,MEDIUM,DEFERRED,3505.1,,,345
WO-IK9AKWDCC9VH,CA-TX-00000213,,2025-05-15,PLUMBING,HIGH,COMPLETED,7892.15,2504.49,2025-06-01,17
WO-SPPJ85745O68,CA-WA-00000214,,2024-01-26,PLUMBING,HIGH,COMPLETED,8465.34,5512.4,2024-01-30,4
WO-V084EQ4RTKGW,CA-WA-00000214,,2024-02-10,GENERAL,MEDIUM,COMPLETED,3325.28,7896.57,2024-02-29,19
WO-7MEY703ZHB5U,CA-WA-00000214,,2024-02-19,PLUMBING,LOW,COMPLETED,5212.51,1504.29,2024-03-03,13
WO-63HEZQVKSB1P,CA-WA-00000214,,2024-04-17,ROOFING,MEDIUM,COMPLETED,5759.53,6183.68,2024-04-21,4
WO-RZQHKSR4T5RC,CA-WA-00000214,,2024-07-25,GENERAL,LOW,COMPLETED,5310.55,4679.45,2024-08-04,10
WO-MBHEJH91IQMR,CA-WA-00000214,,2024-08-19,PLUMBING,LOW,COMPLETED,10408.57,5891.9,2024-09-07,19
WO-X9XXBG5FRRN6,CA-WA-00000214,,2024-09-27,GENERAL,MEDIUM,COMPLETED,9437.17,2939.71,2024-10-15,18
WO-4FLF0D3TKE1N,CA-WA-00000214,,2024-09-11,ELECTRICAL,EMERGENCY,COMPLETED,1711.94,7502.92,2024-09-29,18
WO-PEI0UIKYC8TR,CA-WA-00000214,,2024-10-24,HVAC,MEDIUM,COMPLETED,12685.44,6928.25,2024-11-06,13
WO-JVV0MAFYB2BA,CA-WA-00000214,,2024-10-19,HVAC,LOW,COMPLETED,13227.21,3907.67,2024-10-21,2
WO-JS4HDFYPB1NS,CA-WA-00000214,,2024-11-09,ROOFING,MEDIUM,OPEN,3757.13,,,141
WO-9M4GEM8ZC63L,CA-WA-00000214,,2025-01-23,LANDSCAPING,MEDIUM,COMPLETED,831.28,3733.1,2025-01-24,1
WO-ZVZOK7XHK3YV,CA-WA-00000214,,2025-02-27,PLUMBING,LOW,DEFERRED,10683.38,,,77
WO-WIG4R0LG43TB,CA-WA-00000214,,2025-03-22,LANDSCAPING,LOW,COMPLETED,4287.79,2892.55,2025-04-02,11
WO-D5VXFQ32PGJQ,CA-WA-00000214,,2025-06-04,LANDSCAPING,MEDIUM,COMPLETED,13971.35,9926.48,2025-06-17,13
WO-PLYTF0RMIYKS,CA-VA-00000215,,2024-02-14,GENERAL,EMERGENCY,OPEN,1580.12,,,109
WO-1J6AOWAOJ0YJ,CA-VA-00000215,,2024-03-09,HVAC,MEDIUM,COMPLETED,3102.64,9093.31,2024-03-16,7
WO-MMO11OHO5DAH,CA-VA-00000215,,2024-05-01,STRUCTURAL,HIGH,COMPLETED,3944.85,1674.49,2024-05-10,9
WO-HA8AHU24DV6C,CA-VA-00000215,,2024-05-07,ELECTRICAL,MEDIUM,COMPLETED,8816.29,10337.56,2024-05-23,16
WO-3J7SWZHIVZLB,CA-VA-00000215,,2024-06-13,ELECTRICAL,LOW,COMPLETED,316.79,2125.12,2024-06-28,15
WO-LF1YGXXAXBXT,CA-VA-00000215,,2024-06-26,PLUMBING,LOW,COMPLETED,11248.19,5647.12,2024-07-16,20
WO-RGWW40N60VQ4,CA-VA-00000215,,2024-07-23,GENERAL,MEDIUM,COMPLETED,4077.49,3173.57,2024-07-27,4
WO-LW2LVW4LX6JD,CA-VA-00000215,,2024-08-27,ELECTRICAL,EMERGENCY,COMPLETED,12846.38,4108.32,2024-09-11,15
WO-CKKOVCIU7FJC,CA-VA-00000215,,2024-09-19,HVAC,EMERGENCY,COMPLETED,11552.45,5500.2,2024-10-07,18
WO-R48S5ADNA9VC,CA-VA-00000215,,2024-10-17,PLUMBING,LOW,COMPLETED,9236.84,9918.71,2024-11-06,20
WO-ETK9W4NBNB0L,CA-VA-00000215,,2024-11-03,ROOFING,LOW,COMPLETED,6212.57,8879.68,2024-11-12,9
WO-C55SM3LDN0AN,CA-VA-00000215,,2024-12-26,PLUMBING,LOW,COMPLETED,14101.65,9320.95,2025-01-10,15
WO-NT81QRP4NSD1,CA-VA-00000215,,2025-01-02,GENERAL,LOW,COMPLETED,3746.19,7849.48,2025-01-17,15
WO-STJFQ94KXHQH,CA-VA-00000215,,2025-02-18,PLUMBING,LOW,COMPLETED,7421.81,4623.85,2025-02-24,6
WO-RVLFZAFJTFY7,CA-VA-00000215,,2025-02-06,PLUMBING,LOW,OPEN,8669.31,,,17
WO-XG5UJ1LKX4C3,CA-VA-00000215,,2025-02-22,HVAC,MEDIUM,OPEN,4919.38,,,50
WO-YF5DHZHAQFH0,CA-VA-00000215,,2025-04-20,HVAC,LOW,COMPLETED,10315.6,9434.55,2025-05-04,14
WO-7KPTOKDMRI04,CA-VA-00000215,,2025-04-12,ROOFING,MEDIUM,COMPLETED,1644.37,2769.82,2025-04-27,15
WO-Y6LW1GGJIRHZ,CA-TX-00000216,,2024-01-28,PLUMBING,MEDIUM,COMPLETED,11028.69,6789.02,2024-02-13,16
WO-E8LB2SROR24N,CA-TX-00000216,,2024-02-08,ELECTRICAL,HIGH,COMPLETED,5790.51,9727.25,2024-02-24,16
WO-QKS7601FR594,CA-TX-00000216,,2024-02-13,ELEVATOR,LOW,COMPLETED,10386.96,498.44,2024-02-21,8
WO-HB29GCD58COB,CA-TX-00000216,,2024-03-08,LANDSCAPING,MEDIUM,COMPLETED,4250.64,7595.83,2024-03-12,4
WO-VF9SUCB7FGEI,CA-TX-00000216,,2024-04-22,HVAC,MEDIUM,COMPLETED,1116.39,483.28,2024-05-06,14
WO-RNC3ONO6TNTX,CA-TX-00000216,,2024-05-18,PLUMBING,LOW,OPEN,11992.65,,,169
WO-67TT08KZ2PBU,CA-TX-00000216,,2024-07-12,PLUMBING,LOW,COMPLETED,1945.06,9066.71,2024-07-13,1
WO-R5C2A32JMBQC,CA-TX-00000216,,2024-11-23,ELEVATOR,MEDIUM,COMPLETED,3732.07,900.21,2024-12-01,8
WO-7KZKOCPN33HW,CA-TX-00000216,,2024-11-08,ELECTRICAL,HIGH,COMPLETED,4702.31,9899.37,2024-11-20,12
WO-ECW8ESBIAZ61,CA-TX-00000216,,2024-12-28,PLUMBING,MEDIUM,COMPLETED,9935.32,5351.12,2025-01-07,10
WO-3JXDG4PDCUAK,CA-TX-00000216,,2025-01-19,ELEVATOR,MEDIUM,COMPLETED,8926.96,10517.05,2025-02-03,15
WO-2OE2V7XZE1XY,CA-TX-00000216,,2025-02-04,STRUCTURAL,HIGH,COMPLETED,14506.69,10502.25,2025-02-06,2
WO-36OXEXLBH4R3,CA-TX-00000216,,2025-03-16,HVAC,MEDIUM,COMPLETED,8679.98,9430.48,2025-03-23,7
WO-3ACC53PDIWJI,CA-TX-00000216,,2025-06-04,LANDSCAPING,MEDIUM,DEFERRED,3862.74,,,68
WO-1DRUTXALXDL8,CA-GA-00000217,,2024-01-07,HVAC,MEDIUM,COMPLETED,1952.23,4090.65,2024-01-17,10
WO-QFVNOIKKQPRD,CA-GA-00000217,,2024-01-18,PLUMBING,LOW,OPEN,14613.33,,,48
WO-XDZA93LYHM15,CA-GA-00000217,,2024-01-07,ELECTRICAL,MEDIUM,COMPLETED,9589.05,9267.67,2024-01-18,11
WO-MV4MD1SPO1H9,CA-GA-00000217,,2024-02-25,GENERAL,LOW,COMPLETED,9846.3,1577.49,2024-03-10,14
WO-5MWWZVFZ7JF3,CA-GA-00000217,,2024-02-11,ELECTRICAL,LOW,COMPLETED,5200.97,5301.45,2024-02-27,16
WO-FGQ1M4HMONKT,CA-GA-00000217,,2024-03-19,LANDSCAPING,MEDIUM,COMPLETED,4322.0,10649.69,2024-03-29,10
WO-O4NQVFYL5M05,CA-GA-00000217,,2024-03-01,PLUMBING,LOW,DEFERRED,6143.0,,,112
WO-TR4R06YOFRZ6,CA-GA-00000217,,2024-03-08,HVAC,MEDIUM,COMPLETED,7342.17,8111.84,2024-03-21,13
WO-19ZYYNC41EZY,CA-GA-00000217,,2024-03-18,STRUCTURAL,MEDIUM,COMPLETED,2475.25,10597.73,2024-03-22,4
WO-ED319A9HMZI6,CA-GA-00000217,,2024-03-18,LANDSCAPING,HIGH,COMPLETED,6182.02,4576.67,2024-04-06,19
WO-VVUT731ZBN9F,CA-GA-00000217,,2024-03-23,HVAC,LOW,COMPLETED,14734.3,7898.95,2024-03-26,3
WO-AF6MRGRLNI0L,CA-GA-00000217,,2024-03-05,GENERAL,MEDIUM,DEFERRED,528.38,,,75
WO-HN777L146FZP,CA-GA-00000217,,2024-04-11,GENERAL,HIGH,OPEN,8438.14,,,38
WO-FQW9UDS095K2,CA-GA-00000217,,2024-04-08,ELECTRICAL,LOW,COMPLETED,4378.82,7272.7,2024-04-16,8
WO-CS81AA50DYJ6,CA-GA-00000217,,2024-05-09,GENERAL,LOW,COMPLETED,8941.09,1404.1,2024-05-30,21
WO-6QEO148TJ199,CA-GA-00000217,,2024-05-24,PLUMBING,MEDIUM,COMPLETED,3489.98,10762.88,2024-06-05,12
WO-FHMW8CSXP3ZS,CA-GA-00000217,,2024-06-03,HVAC,LOW,COMPLETED,6081.89,7169.71,2024-06-14,11
WO-ZNWZFYAPMEJM,CA-GA-00000217,,2024-06-27,HVAC,MEDIUM,DEFERRED,4642.94,,,12
WO-8BWXCTGK3L7I,CA-GA-00000217,,2024-06-17,GENERAL,LOW,DEFERRED,9463.22,,,15
WO-BULRMQON2QL6,CA-GA-00000217,,2024-07-24,PLUMBING,MEDIUM,COMPLETED,14297.7,10181.58,2024-08-12,19
WO-E0QKEY14Z091,CA-GA-00000217,,2024-08-23,ROOFING,MEDIUM,DEFERRED,1623.9,,,45
WO-8SSEC8575UET,CA-GA-00000217,,2024-08-24,HVAC,MEDIUM,COMPLETED,12709.29,4211.59,2024-08-27,3
WO-2DUDTW68UEAV,CA-GA-00000217,,2024-08-26,GENERAL,LOW,OPEN,4029.33,,,178
WO-1EX9QZE2OXEO,CA-GA-00000217,,2024-10-01,ROOFING,MEDIUM,OPEN,10352.31,,,184
WO-FI0RHHP224GM,CA-GA-00000217,,2024-11-16,LANDSCAPING,LOW,COMPLETED,13620.31,4971.99,2024-12-07,21
WO-LLTWNBJNPC1V,CA-GA-00000217,,2024-11-01,PLUMBING,HIGH,COMPLETED,2245.62,10806.09,2024-11-17,16
WO-IP1H4I6E6YVT,CA-GA-00000217,,2024-12-14,LANDSCAPING,EMERGENCY,COMPLETED,6564.53,9582.91,2024-12-27,13
WO-E6N7P68XV006,CA-GA-00000217,,2024-12-18,LANDSCAPING,MEDIUM,COMPLETED,9972.68,3860.7,2024-12-26,8
WO-8RKWLRIWN9CK,CA-GA-00000217,,2024-12-07,HVAC,LOW,OPEN,918.38,,,281
WO-23SRW7K00EHU,CA-GA-00000217,,2024-12-05,STRUCTURAL,LOW,COMPLETED,12420.06,1453.68,2024-12-12,7
WO-MDMFJQTTAFG5,CA-GA-00000217,,2025-01-19,HVAC,MEDIUM,COMPLETED,8876.98,5572.38,2025-02-07,19
WO-RFMR4L4OA7XF,CA-GA-00000217,,2025-02-07,PLUMBING,HIGH,COMPLETED,2371.63,9642.72,2025-02-16,9
WO-M9OSZ8898G7W,CA-GA-00000217,,2025-02-07,PLUMBING,LOW,COMPLETED,11907.03,1941.18,2025-02-15,8
WO-XXOLL2P0CC22,CA-GA-00000217,,2025-03-14,GENERAL,LOW,COMPLETED,10609.79,6422.4,2025-03-27,13
WO-ED4DOUZOKPMU,CA-GA-00000217,,2025-03-20,ELEVATOR,HIGH,DEFERRED,4693.58,,,11
WO-ANO61WD43B2U,CA-GA-00000217,,2025-04-11,ROOFING,MEDIUM,OPEN,14372.65,,,110
WO-HWVITTGTCBZ3,CA-GA-00000217,,2025-04-14,ELEVATOR,EMERGENCY,DEFERRED,12630.9,,,84
WO-QV9GLPT9MFCN,CA-GA-00000217,,2025-05-21,STRUCTURAL,EMERGENCY,COMPLETED,14047.1,8834.23,2025-06-11,21
WO-9YVEDX2GMARF,CA-GA-00000217,,2025-05-25,GENERAL,LOW,COMPLETED,10378.76,2705.25,2025-05-30,5
WO-XPPUN43FZMBB,CA-GA-00000217,,2025-05-18,PLUMBING,LOW,COMPLETED,8787.0,8250.67,2025-05-25,7
WO-PPTM2YCO2GKK,CA-GA-00000217,,2025-06-09,LANDSCAPING,MEDIUM,DEFERRED,1554.97,,,32
WO-B6JW14P0KD94,CA-GA-00000217,,2025-06-06,GENERAL,HIGH,COMPLETED,6576.2,8436.48,2025-06-26,20
WO-E8F1WFI5PFCH,CA-CA-00000218,,2024-01-24,HVAC,HIGH,DEFERRED,11367.56,,,36
WO-FE5I2H60DMQ3,CA-CA-00000218,,2024-01-17,HVAC,MEDIUM,COMPLETED,7634.68,4952.31,2024-02-07,21
WO-3IE1FAKG6070,CA-CA-00000218,,2024-01-12,HVAC,HIGH,COMPLETED,5200.61,3227.49,2024-01-23,11
WO-WC7A78GABS6S,CA-CA-00000218,,2024-01-08,LANDSCAPING,MEDIUM,COMPLETED,8215.09,4613.64,2024-01-26,18
WO-GD70X3OFF1G9,CA-CA-00000218,,2024-01-03,GENERAL,HIGH,DEFERRED,11350.3,,,69
WO-8J6Z79QWGCIN,CA-CA-00000218,,2024-01-09,LANDSCAPING,LOW,OPEN,2402.08,,,62
WO-X5ZYVCZ64Y1Z,CA-CA-00000218,,2024-01-09,LANDSCAPING,MEDIUM,COMPLETED,7251.22,2130.42,2024-01-10,1
WO-7S397KI83AKY,CA-CA-00000218,,2024-01-06,STRUCTURAL,MEDIUM,OPEN,5464.25,,,175
WO-5XF784GFL6E7,CA-CA-00000218,,2024-02-18,LANDSCAPING,MEDIUM,DEFERRED,9316.12,,,19
WO-KI5WPJBOLVS2,CA-CA-00000218,,2024-02-06,LANDSCAPING,HIGH,COMPLETED,7204.49,3581.53,2024-02-22,16
WO-YY0PKJ8OUHZE,CA-CA-00000218,,2024-02-17,ROOFING,LOW,DEFERRED,6712.15,,,21
WO-TDRZ2BUJ2FQP,CA-CA-00000218,,2024-02-12,PLUMBING,HIGH,COMPLETED,2941.61,6631.92,2024-03-03,20
WO-Z8CZKCURZAA7,CA-CA-00000218,,2024-02-05,HVAC,MEDIUM,DEFERRED,1117.91,,,86
WO-3XRAMW1SI4RP,CA-CA-00000218,,2024-02-04,ELECTRICAL,MEDIUM,COMPLETED,4348.9,11682.22,2024-02-20,16
WO-C2M3FR44NEP5,CA-CA-00000218,,2024-02-27,PLUMBING,LOW,DEFERRED,3378.18,,,51
WO-0ZBGQQIWXUME,CA-CA-00000218,,2024-03-10,GENERAL,MEDIUM,OPEN,6976.38,,,123
WO-2PFXZT243SC5,CA-CA-00000218,,2024-03-16,STRUCTURAL,LOW,COMPLETED,10041.2,8431.15,2024-04-05,20
WO-VABQKLI3T58Y,CA-CA-00000218,,2024-03-13,STRUCTURAL,HIGH,DEFERRED,4602.43,,,63
WO-KWOGB16I3N7V,CA-CA-00000218,,2024-03-23,GENERAL,MEDIUM,OPEN,3326.23,,,56
WO-1SPJC61XBKUQ,CA-CA-00000218,,2024-04-25,PLUMBING,HIGH,COMPLETED,12196.89,3479.05,2024-05-02,7
WO-3SITKR2PQ7HN,CA-CA-00000218,,2024-04-14,ELECTRICAL,HIGH,COMPLETED,8869.64,6385.91,2024-04-24,10
WO-OQ09VXAXK4SW,CA-CA-00000218,,2024-04-12,PLUMBING,MEDIUM,COMPLETED,10413.58,11460.48,2024-04-23,11
WO-7427IL03FLPJ,CA-CA-00000218,,2024-04-06,PLUMBING,HIGH,DEFERRED,2016.83,,,40
WO-J73VW6K36YKN,CA-CA-00000218,,2024-04-15,ELECTRICAL,LOW,COMPLETED,8809.32,2189.1,2024-04-25,10
WO-J8U2IC12DOD1,CA-CA-00000218,,2024-04-16,PLUMBING,MEDIUM,COMPLETED,8361.75,4397.03,2024-04-21,5
WO-9DE1O8UN63ZG,CA-CA-00000218,,2024-04-20,PLUMBING,MEDIUM,OPEN,9927.08,,,191
WO-2WMJNJUE289A,CA-CA-00000218,,2024-05-01,GENERAL,MEDIUM,OPEN,8048.78,,,92
WO-BVATVDLUP9JU,CA-CA-00000218,,2024-05-04,ROOFING,LOW,DEFERRED,4312.2,,,171
WO-6JDTTNYO42CX,CA-CA-00000218,,2024-05-24,GENERAL,MEDIUM,DEFERRED,2375.39,,,18
WO-8YPTNZCEBKAT,CA-CA-00000218,,2024-06-02,STRUCTURAL,MEDIUM,DEFERRED,13302.35,,,136
WO-64FG7A0JNX8E,CA-CA-00000218,,2024-06-03,ELECTRICAL,LOW,OPEN,3613.3,,,137
WO-K98NXQR03LBG,CA-CA-00000218,,2024-06-13,ELEVATOR,LOW,COMPLETED,13480.73,4814.72,2024-06-20,7
WO-5AP2X06K278Y,CA-CA-00000218,,2024-06-11,HVAC,MEDIUM,COMPLETED,4017.35,1041.9,2024-06-20,9
WO-P9DU1T5VFKGA,CA-CA-00000218,,2024-07-23,PLUMBING,MEDIUM,COMPLETED,979.34,10061.24,2024-08-05,13
WO-LQFY0EJ5T4KI,CA-CA-00000218,,2024-07-22,PLUMBING,MEDIUM,COMPLETED,3647.12,8640.87,2024-08-08,17
WO-HWLK3YRVWUVU,CA-CA-00000218,,2024-07-25,LANDSCAPING,HIGH,COMPLETED,12333.29,4508.77,2024-08-04,10
WO-IIRWS5VFTDGD,CA-CA-00000218,,2024-07-24,STRUCTURAL,HIGH,COMPLETED,13796.94,6847.14,2024-08-09,16
WO-NI9WB64Q2O7X,CA-CA-00000218,,2024-07-15,HVAC,HIGH,COMPLETED,6209.85,566.61,2024-07-25,10
WO-T43ZIEA9C5JC,CA-CA-00000218,,2024-08-20,LANDSCAPING,LOW,COMPLETED,13395.89,3997.42,2024-08-22,2
WO-7XW17D2JA5VP,CA-CA-00000218,,2024-08-22,GENERAL,MEDIUM,COMPLETED,621.75,11592.67,2024-09-05,14
WO-63IOPI7YU7GV,CA-CA-00000218,,2024-08-05,GENERAL,MEDIUM,OPEN,2196.85,,,117
WO-C2Q61AOQ25XJ,CA-CA-00000218,,2024-09-24,GENERAL,MEDIUM,COMPLETED,7800.63,4693.54,2024-10-11,17
WO-7SGNPQ82WSKJ,CA-CA-00000218,,2024-09-17,PLUMBING,LOW,OPEN,14071.9,,,21
WO-ZN5H93DXI2U9,CA-CA-00000218,,2024-09-16,PLUMBING,LOW,COMPLETED,1474.6,10217.84,2024-09-21,5
WO-6X2XMM3S683U,CA-CA-00000218,,2024-09-19,PLUMBING,MEDIUM,COMPLETED,3601.19,3567.6,2024-10-02,13
WO-HJJI1PI0DIVX,CA-CA-00000218,,2024-09-12,GENERAL,LOW,DEFERRED,5072.3,,,20
WO-H97J86SG1RJC,CA-CA-00000218,,2024-09-10,LANDSCAPING,HIGH,OPEN,8485.37,,,65
WO-QLYUJ2CX6FV1,CA-CA-00000218,,2024-09-22,PLUMBING,HIGH,OPEN,2923.71,,,90
WO-PA4R4HFT8SJO,CA-CA-00000218,,2024-09-14,LANDSCAPING,HIGH,COMPLETED,14000.74,11269.37,2024-09-22,8
WO-5M4BTH5F83EO,CA-CA-00000218,,2024-10-27,ELECTRICAL,HIGH,OPEN,13748.66,,,94
WO-75WIR8MQ9OHM,CA-CA-00000218,,2024-10-17,PLUMBING,LOW,COMPLETED,887.41,1672.99,2024-10-30,13
WO-XC703I8WYO8A,CA-CA-00000218,,2024-10-16,STRUCTURAL,HIGH,COMPLETED,10222.91,11501.53,2024-10-21,5
WO-9F796E15NQTQ,CA-CA-00000218,,2024-10-01,GENERAL,MEDIUM,COMPLETED,10512.05,11051.74,2024-10-08,7
WO-QRB04CQ642Y7,CA-CA-00000218,,2024-11-02,ELEVATOR,LOW,OPEN,10973.21,,,10
WO-HXVBMU3CLDVP,CA-CA-00000218,,2024-11-05,PLUMBING,HIGH,OPEN,2231.11,,,38
WO-9HN5EFO50IHD,CA-CA-00000218,,2024-11-15,PLUMBING,MEDIUM,OPEN,1174.26,,,57
WO-BYKJ11E5Q6BO,CA-CA-00000218,,2024-12-26,ELECTRICAL,HIGH,COMPLETED,13472.5,5552.14,2025-01-11,16
WO-0G7NWZT1JWOY,CA-CA-00000218,,2024-12-20,HVAC,MEDIUM,OPEN,3959.36,,,21
WO-DM8D3EKGYSL8,CA-CA-00000218,,2024-12-21,LANDSCAPING,MEDIUM,DEFERRED,8602.82,,,12
WO-L1QTFC6FWBNN,CA-CA-00000218,,2024-12-10,ELECTRICAL,LOW,COMPLETED,11839.98,952.63,2024-12-17,7
WO-O4XB20VONLFK,CA-CA-00000218,,2025-01-16,HVAC,MEDIUM,OPEN,12777.94,,,111
WO-I2TJTUUBSWCI,CA-CA-00000218,,2025-01-01,HVAC,MEDIUM,OPEN,10374.91,,,149
WO-66RNB0H24GKS,CA-CA-00000218,,2025-01-24,HVAC,HIGH,DEFERRED,13176.98,,,141
WO-BHJMZOIYC5E5,CA-CA-00000218,,2025-01-08,ELECTRICAL,LOW,OPEN,3314.29,,,28
WO-BIGNUTWPI76E,CA-CA-00000218,,2025-02-26,ELECTRICAL,LOW,DEFERRED,13170.33,,,81
WO-3T5AZGW06OD1,CA-CA-00000218,,2025-02-17,STRUCTURAL,MEDIUM,COMPLETED,4267.76,576.58,2025-02-19,2
WO-KEPQB8ZFG68L,CA-CA-00000218,,2025-03-08,HVAC,MEDIUM,DEFERRED,9376.96,,,75
WO-ZM8C98NM8HB0,CA-CA-00000218,,2025-03-25,GENERAL,HIGH,DEFERRED,2119.73,,,10
WO-B7HHVPZKV6VJ,CA-CA-00000218,,2025-03-06,STRUCTURAL,MEDIUM,COMPLETED,7184.16,5258.26,2025-03-17,11
WO-YWW1SO9OKQ47,CA-CA-00000218,,2025-03-14,HVAC,HIGH,OPEN,2279.71,,,27
WO-E08O2B9DHCIP,CA-CA-00000218,,2025-03-27,PLUMBING,HIGH,COMPLETED,1097.98,9185.9,2025-04-10,14
WO-X8OYDDXTH00Q,CA-CA-00000218,,2025-03-19,HVAC,LOW,COMPLETED,2808.96,8804.41,2025-03-25,6
WO-FRFQBRHT7MK8,CA-CA-00000218,,2025-04-24,GENERAL,MEDIUM,COMPLETED,8334.29,9028.11,2025-05-02,8
WO-TQHO8HD9E8QE,CA-CA-00000218,,2025-04-23,PLUMBING,MEDIUM,COMPLETED,5660.99,8020.44,2025-05-03,10
WO-A0GF5QLLD1R7,CA-CA-00000218,,2025-04-04,STRUCTURAL,LOW,COMPLETED,11059.84,4614.51,2025-04-06,2
WO-EWY5Q76ZVN3G,CA-CA-00000218,,2025-04-09,GENERAL,HIGH,OPEN,6394.37,,,80
WO-7ID104AN283K,CA-CA-00000218,,2025-04-09,LANDSCAPING,LOW,OPEN,11102.97,,,100
WO-VO1TNICKVBAK,CA-CA-00000218,,2025-05-12,HVAC,LOW,COMPLETED,11050.64,11904.38,2025-05-25,13
WO-R3XTSZEISO2T,CA-CA-00000218,,2025-05-23,LANDSCAPING,LOW,COMPLETED,4692.53,5847.84,2025-05-25,2
WO-Z19JUAEEWI6C,CA-CA-00000218,,2025-05-14,GENERAL,MEDIUM,DEFERRED,7258.61,,,71
WO-EN584M2ZZXQA,CA-CA-00000218,,2025-05-08,STRUCTURAL,MEDIUM,OPEN,13237.12,,,58
WO-4EYGAI1HWHIV,CA-CA-00000218,,2025-05-13,ELEVATOR,MEDIUM,COMPLETED,3623.89,669.81,2025-05-18,5
WO-C9B7UB1LLL6U,CA-CA-00000218,,2025-06-09,ELEVATOR,MEDIUM,COMPLETED,11870.62,9886.35,2025-06-29,20
WO-QLNGXH15M9EL,CA-CA-00000218,,2025-06-13,GENERAL,MEDIUM,OPEN,5333.15,,,70
WO-OI619NV52X7E,CA-CA-00000218,,2025-06-28,HVAC,LOW,OPEN,4696.18,,,57
WO-CCGDDU2DUYIC,CA-CA-00000218,,2025-06-18,PLUMBING,HIGH,COMPLETED,14423.6,6672.64,2025-07-07,19
WO-3B2REKZRWN7Y,CA-CA-00000218,,2025-06-09,HVAC,MEDIUM,DEFERRED,10794.22,,,44
WO-STWCP52YJ2ZH,CA-CA-00000218,,2025-06-07,ROOFING,MEDIUM,COMPLETED,753.46,5974.34,2025-06-09,2
WO-5VC052LUFJ4H,CA-CA-00000218,,2025-06-14,HVAC,LOW,DEFERRED,1627.76,,,58
WO-IIGBHA98ATQU,CA-FL-00000219,,2024-01-18,ROOFING,HIGH,DEFERRED,12372.73,,,67
WO-NCYW7KTHOALZ,CA-FL-00000219,,2024-01-19,LANDSCAPING,MEDIUM,OPEN,6537.32,,,74
WO-HLGY559RLXRI,CA-FL-00000219,,2024-01-24,ELECTRICAL,MEDIUM,OPEN,10890.22,,,159
WO-J603L6708HJ3,CA-FL-00000219,,2024-01-05,PLUMBING,HIGH,OPEN,12443.3,,,67
WO-I3ZGLUGJBJ9A,CA-FL-00000219,,2024-01-17,HVAC,LOW,COMPLETED,7399.77,7054.11,2024-01-31,14
WO-QBEJ7NEA73MW,CA-FL-00000219,,2024-01-07,ELECTRICAL,MEDIUM,COMPLETED,3054.23,3015.9,2024-01-11,4
WO-5HH6NXGX94CB,CA-FL-00000219,,2024-02-05,ELEVATOR,MEDIUM,OPEN,9022.94,,,110
WO-S9PI8NLD5J18,CA-FL-00000219,,2024-02-03,STRUCTURAL,MEDIUM,DEFERRED,1159.51,,,18
WO-XZ45Q7DTJPSM,CA-FL-00000219,,2024-02-21,HVAC,LOW,COMPLETED,3072.74,3631.78,2024-03-10,18
WO-X2ARMHG9IN9W,CA-FL-00000219,,2024-02-20,GENERAL,MEDIUM,COMPLETED,6909.46,9658.41,2024-03-06,15
WO-G92XFK2EW11K,CA-FL-00000219,,2024-03-11,HVAC,HIGH,DEFERRED,6972.23,,,71
WO-NVWTE3G86GLJ,CA-FL-00000219,,2024-03-24,LANDSCAPING,HIGH,OPEN,13105.27,,,82
WO-DSFP2W5SV9YK,CA-FL-00000219,,2024-03-09,ELECTRICAL,MEDIUM,DEFERRED,11027.5,,,20
WO-3H24F26CWLJH,CA-FL-00000219,,2024-04-25,GENERAL,LOW,COMPLETED,8801.9,11057.01,2024-04-27,2
WO-KCC1552KLD9L,CA-FL-00000219,,2024-04-14,STRUCTURAL,MEDIUM,COMPLETED,9555.73,8434.82,2024-04-19,5
WO-F7W2LPU2582V,CA-FL-00000219,,2024-04-01,ROOFING,MEDIUM,COMPLETED,6779.92,9054.06,2024-04-13,12
WO-KUMCD5JACFJY,CA-FL-00000219,,2024-04-09,ELEVATOR,MEDIUM,COMPLETED,10757.19,5516.51,2024-04-26,17
WO-E52VCUVP5GJC,CA-FL-00000219,,2024-05-09,GENERAL,HIGH,OPEN,2691.23,,,36
WO-8SFFHWVKSLX3,CA-FL-00000219,,2024-05-25,HVAC,MEDIUM,OPEN,6281.22,,,116
WO-BRUU9XFJQDRO,CA-FL-00000219,,2024-05-06,ELECTRICAL,HIGH,COMPLETED,12112.21,6018.62,2024-05-20,14
WO-5T3FWR6MREDC,CA-FL-00000219,,2024-05-10,LANDSCAPING,EMERGENCY,COMPLETED,7014.96,642.8,2024-05-22,12
WO-U3D3CF2YL8JZ,CA-FL-00000219,,2024-06-19,LANDSCAPING,HIGH,DEFERRED,3752.97,,,53
WO-401VRFXI893G,CA-FL-00000219,,2024-06-17,ROOFING,MEDIUM,COMPLETED,6517.47,1595.95,2024-06-19,2
WO-O91FQ7WS560P,CA-FL-00000219,,2024-06-05,PLUMBING,MEDIUM,DEFERRED,641.89,,,35
WO-CRXHW4RTOIEX,CA-FL-00000219,,2024-06-09,HVAC,MEDIUM,COMPLETED,11791.02,4259.43,2024-06-28,19
WO-T9PHSY0E5PWC,CA-FL-00000219,,2024-06-08,LANDSCAPING,MEDIUM,OPEN,6977.18,,,18
WO-B0THRFHTC9WK,CA-FL-00000219,,2024-06-24,GENERAL,LOW,DEFERRED,8347.64,,,170
WO-CPVUVQXH1XB9,CA-FL-00000219,,2024-06-16,LANDSCAPING,MEDIUM,COMPLETED,560.53,10384.08,2024-06-25,9
WO-DGKTON7MKZU1,CA-FL-00000219,,2024-07-22,STRUCTURAL,LOW,COMPLETED,9147.65,324.55,2024-07-27,5
WO-4V37G52A15XE,CA-FL-00000219,,2024-07-10,LANDSCAPING,HIGH,DEFERRED,12748.01,,,31
WO-U5H6P57CANDN,CA-FL-00000219,,2024-07-05,GENERAL,MEDIUM,OPEN,9789.2,,,97
WO-14BT4LGTAHK9,CA-FL-00000219,,2024-07-26,LANDSCAPING,LOW,COMPLETED,14053.37,7079.1,2024-08-16,21
WO-3TGNRA8W2YB4,CA-FL-00000219,,2024-07-25,ELECTRICAL,MEDIUM,COMPLETED,1122.98,3264.63,2024-07-26,1
WO-6UHPM40ERJ3W,CA-FL-00000219,,2024-07-08,PLUMBING,HIGH,DEFERRED,2238.3,,,51
WO-CJP93RE6XEZT,CA-FL-00000219,,2024-08-20,PLUMBING,LOW,OPEN,4662.83,,,77
WO-EJMICXFP9JP4,CA-FL-00000219,,2024-08-24,PLUMBING,MEDIUM,DEFERRED,2680.26,,,30
WO-L1FXD4YVSAOP,CA-FL-00000219,,2024-08-26,LANDSCAPING,HIGH,COMPLETED,7021.62,1483.76,2024-09-09,14
WO-Q1WB6TM2NMLJ,CA-FL-00000219,,2024-08-12,PLUMBING,MEDIUM,COMPLETED,3780.14,7605.21,2024-08-25,13
WO-N9GDHGXZV0H1,CA-FL-00000219,,2024-09-03,PLUMBING,MEDIUM,COMPLETED,14929.46,6795.9,2024-09-08,5
WO-JQ8LRM8K4QHB,CA-FL-00000219,,2024-09-04,PLUMBING,HIGH,DEFERRED,8763.9,,,60
WO-XKSTEG85IAQR,CA-FL-00000219,,2024-09-17,STRUCTURAL,MEDIUM,OPEN,6584.44,,,36
WO-RL7XUZGFYGI1,CA-FL-00000219,,2024-09-28,GENERAL,MEDIUM,OPEN,9014.89,,,93
WO-9EWA89MF6I17,CA-FL-00000219,,2024-10-19,LANDSCAPING,MEDIUM,COMPLETED,9197.0,6529.09,2024-10-26,7
WO-PJKAJVHQMVPV,CA-FL-00000219,,2024-10-02,ELECTRICAL,MEDIUM,OPEN,8994.41,,,29
WO-3W9N7XZ8ZKKH,CA-FL-00000219,,2024-10-17,LANDSCAPING,LOW,COMPLETED,8548.36,5302.89,2024-10-29,12
WO-63YCREPQWSTA,CA-FL-00000219,,2024-10-14,PLUMBING,MEDIUM,COMPLETED,3860.14,11014.76,2024-10-17,3
WO-CA5KONBQSCJD,CA-FL-00000219,,2024-10-20,LANDSCAPING,HIGH,DEFERRED,5214.4,,,14
WO-HZ4Y3SPQPGVC,CA-FL-00000219,,2024-10-17,PLUMBING,HIGH,COMPLETED,13077.12,661.09,2024-11-01,15
WO-YHWZ3W97J03N,CA-FL-00000219,,2024-10-04,LANDSCAPING,MEDIUM,COMPLETED,11927.48,10289.89,2024-10-13,9
WO-BYV6GEUGVIXM,CA-FL-00000219,,2024-10-25,ELECTRICAL,EMERGENCY,DEFERRED,14837.36,,,11
WO-BFREF5X16EK1,CA-FL-00000219,,2024-10-13,ELECTRICAL,MEDIUM,COMPLETED,9070.52,9723.7,2024-10-27,14
WO-M7K7IPHH00H3,CA-FL-00000219,,2024-11-06,ROOFING,LOW,OPEN,7122.08,,,32
WO-4L1UQBJVDDZJ,CA-FL-00000219,,2024-11-04,PLUMBING,LOW,COMPLETED,12655.48,2121.77,2024-11-06,2
WO-6B9WOA1W77G1,CA-FL-00000219,,2024-11-24,GENERAL,MEDIUM,COMPLETED,5940.36,4305.68,2024-12-15,21
WO-ATGRARPRBNSP,CA-FL-00000219,,2024-11-25,GENERAL,HIGH,COMPLETED,8173.65,5874.7,2024-12-15,20
WO-J09R02ATEC1X,CA-FL-00000219,,2024-11-21,ELECTRICAL,HIGH,COMPLETED,1200.58,2075.1,2024-12-08,17
WO-8GRC4Y2IVBYS,CA-FL-00000219,,2024-12-10,LANDSCAPING,HIGH,OPEN,2421.95,,,60
WO-3Q0UTHIC68J7,CA-FL-00000219,,2024-12-11,ELECTRICAL,MEDIUM,DEFERRED,2462.3,,,15
WO-96B16YNBMXG1,CA-FL-00000219,,2024-12-07,LANDSCAPING,MEDIUM,OPEN,4213.83,,,12
WO-VK27V77OJTKH,CA-FL-00000219,,2024-12-21,PLUMBING,LOW,DEFERRED,12270.06,,,69
WO-ZH68DYKWH9WC,CA-FL-00000219,,2024-12-03,ROOFING,HIGH,COMPLETED,7448.56,10873.05,2024-12-19,16
WO-I56B7SC1YXGB,CA-FL-00000219,,2025-01-03,ROOFING,MEDIUM,OPEN,1852.32,,,38
WO-NHAU1MGHYN9L,CA-FL-00000219,,2025-01-10,STRUCTURAL,MEDIUM,COMPLETED,2567.19,11873.84,2025-01-13,3
WO-DHABFGR1C5FD,CA-FL-00000219,,2025-01-12,ELECTRICAL,LOW,COMPLETED,10347.77,11433.5,2025-01-31,19
WO-IPQFAEOVJ5IU,CA-FL-00000219,,2025-01-13,ROOFING,HIGH,COMPLETED,5065.73,4982.73,2025-01-16,3
WO-NNCN079MB4I0,CA-FL-00000219,,2025-01-03,HVAC,MEDIUM,OPEN,11511.27,,,14
WO-FO845W9PR3B7,CA-FL-00000219,,2025-02-26,PLUMBING,MEDIUM,OPEN,5071.05,,,151
WO-2RVCF1LOX933,CA-FL-00000219,,2025-02-21,GENERAL,LOW,COMPLETED,14465.62,2309.74,2025-02-28,7
WO-R3GSHB67CUEO,CA-FL-00000219,,2025-02-13,ROOFING,MEDIUM,OPEN,13638.21,,,68
WO-0ANYPNOLF84M,CA-FL-00000219,,2025-02-01,PLUMBING,LOW,OPEN,14564.72,,,27
WO-E3G5Y47AELD5,CA-FL-00000219,,2025-02-09,STRUCTURAL,LOW,DEFERRED,9523.82,,,56
WO-G5OGGZ25ULPV,CA-FL-00000219,,2025-02-02,ROOFING,MEDIUM,DEFERRED,9093.92,,,18
WO-WEMZSGDD5IXO,CA-FL-00000219,,2025-03-13,STRUCTURAL,LOW,COMPLETED,12844.58,8187.41,2025-03-19,6
WO-V78ZYL6PUKGC,CA-FL-00000219,,2025-03-18,ELECTRICAL,MEDIUM,DEFERRED,2604.88,,,58
WO-U04E8V74ZL19,CA-FL-00000219,,2025-03-07,LANDSCAPING,LOW,OPEN,8585.22,,,13
WO-0O87RTA8QTLI,CA-FL-00000219,,2025-03-17,HVAC,MEDIUM,DEFERRED,10906.12,,,42
WO-MHT5Z5SDC4AX,CA-FL-00000219,,2025-03-27,HVAC,MEDIUM,COMPLETED,711.99,4178.76,2025-04-02,6
WO-GR8JNCFEZ3JU,CA-FL-00000219,,2025-03-04,HVAC,LOW,COMPLETED,12344.33,11535.08,2025-03-07,3
WO-FETR3LL8AV8C,CA-FL-00000219,,2025-03-22,GENERAL,MEDIUM,DEFERRED,268.68,,,79
WO-8V38TSFWMN3W,CA-FL-00000219,,2025-04-06,LANDSCAPING,MEDIUM,COMPLETED,6614.39,3074.35,2025-04-18,12
WO-1NASY7UJ1HL7,CA-FL-00000219,,2025-04-09,LANDSCAPING,MEDIUM,DEFERRED,3713.25,,,43
WO-05GS27R2LVYR,CA-FL-00000219,,2025-04-14,HVAC,HIGH,COMPLETED,10868.22,11854.98,2025-04-22,8
WO-1ZCWB4P9D7P3,CA-FL-00000219,,2025-04-28,HVAC,MEDIUM,COMPLETED,3977.1,8802.2,2025-05-14,16
WO-680QM54ZG10E,CA-FL-00000219,,2025-05-17,PLUMBING,LOW,OPEN,5857.92,,,85
WO-DIL1I7WDBILY,CA-FL-00000219,,2025-05-11,LANDSCAPING,EMERGENCY,COMPLETED,6149.92,6801.48,2025-05-25,14
WO-V78710JOCP7J,CA-FL-00000219,,2025-06-09,PLUMBING,LOW,COMPLETED,812.69,9495.68,2025-06-11,2
WO-7HXCP12HI611,CA-FL-00000219,,2025-06-20,LANDSCAPING,MEDIUM,COMPLETED,3579.22,1734.23,2025-07-05,15
WO-VKKCK6CUG975,CA-FL-00000219,,2025-06-21,LANDSCAPING,LOW,OPEN,12817.45,,,9
WO-3FHSTUUVFP24,CA-FL-00000219,,2025-06-24,HVAC,MEDIUM,OPEN,10968.91,,,40
WO-I7Z4GPPS9L19,CA-FL-00000220,,2024-01-03,HVAC,HIGH,COMPLETED,12808.94,2500.99,2024-01-13,10
WO-G2I7K3JW292K,CA-FL-00000220,,2024-03-17,PLUMBING,MEDIUM,COMPLETED,8265.72,5691.94,2024-04-06,20
WO-SBYU16H8GPLK,CA-FL-00000220,,2024-03-25,STRUCTURAL,MEDIUM,COMPLETED,10290.76,5231.44,2024-04-06,12
WO-AG1G47ZO0QW9,CA-FL-00000220,,2024-04-22,PLUMBING,HIGH,COMPLETED,4972.19,10217.89,2024-05-11,19
WO-7TK2RPCH71M1,CA-FL-00000220,,2024-05-02,HVAC,LOW,COMPLETED,4178.53,2985.43,2024-05-13,11
WO-48DJDNO1HCZV,CA-FL-00000220,,2024-06-07,ELECTRICAL,MEDIUM,COMPLETED,4978.78,6198.72,2024-06-24,17
WO-GZMSA0HH1FLN,CA-FL-00000220,,2024-07-11,ROOFING,MEDIUM,COMPLETED,10534.37,4563.36,2024-07-27,16
WO-DZOJJWXPI2HZ,CA-FL-00000220,,2024-10-13,ELEVATOR,MEDIUM,COMPLETED,7487.83,4571.05,2024-11-01,19
WO-0Z6UM2Y8OH25,CA-FL-00000220,,2025-02-24,ROOFING,MEDIUM,COMPLETED,6389.82,4650.72,2025-03-05,9
WO-MWYB0DKMAAKE,CA-FL-00000220,,2025-02-16,STRUCTURAL,LOW,COMPLETED,8506.94,3979.61,2025-02-18,2
WO-9FCUM6R4DUZZ,CA-FL-00000220,,2025-03-02,LANDSCAPING,LOW,COMPLETED,5255.54,6497.56,2025-03-23,21
WO-KYUBHJJU1OEW,CA-FL-00000220,,2025-04-03,STRUCTURAL,HIGH,COMPLETED,7797.67,4073.06,2025-04-04,1
WO-9G1GBDHYF3RN,CA-FL-00000220,,2025-06-22,PLUMBING,HIGH,COMPLETED,9888.39,824.4,2025-07-01,9
WO-TARDJJ1G4FCV,CA-NV-00000221,,2024-01-20,PLUMBING,HIGH,OPEN,8045.75,,,64
WO-OPX46NG8JC1T,CA-NV-00000221,,2024-03-01,PLUMBING,MEDIUM,COMPLETED,7592.54,3691.14,2024-03-08,7
WO-CGTI5AU59HGN,CA-NV-00000221,,2024-06-01,HVAC,LOW,COMPLETED,4161.79,5912.27,2024-06-14,13
WO-711HG3H5HN6B,CA-NV-00000221,,2024-08-22,STRUCTURAL,HIGH,COMPLETED,14990.47,10483.52,2024-08-31,9
WO-ZPPKR2UROLXB,CA-NV-00000221,,2024-09-07,HVAC,MEDIUM,COMPLETED,1407.34,6601.62,2024-09-22,15
WO-YOB4A5HA2IHX,CA-NV-00000221,,2024-12-11,ELEVATOR,MEDIUM,COMPLETED,6293.23,1828.47,2024-12-20,9
WO-A1CJTUK823ON,CA-NV-00000221,,2025-01-09,ELEVATOR,MEDIUM,COMPLETED,11045.0,5342.34,2025-01-21,12
WO-VHUA4Q45Q1K8,CA-NV-00000221,,2025-02-19,PLUMBING,MEDIUM,COMPLETED,12945.47,2525.47,2025-02-25,6
WO-OA7Y60F0T9LI,CA-NV-00000221,,2025-03-08,GENERAL,HIGH,COMPLETED,7034.13,6034.53,2025-03-14,6
WO-5YMNHJ36X0PZ,CA-NV-00000221,,2025-04-10,ROOFING,MEDIUM,COMPLETED,662.37,7107.04,2025-04-19,9
WO-29MEJI99M9PD,CA-NV-00000221,,2025-04-01,HVAC,HIGH,COMPLETED,11237.38,11798.65,2025-04-07,6
WO-VOWJ3BWJTV7Y,CA-VA-00000222,,2024-01-10,ROOFING,MEDIUM,COMPLETED,4796.78,2765.14,2024-01-14,4
WO-AMIVBC5WM1LX,CA-VA-00000222,,2024-01-23,ELECTRICAL,LOW,COMPLETED,584.47,6409.22,2024-01-27,4
WO-XHMCDEQSGZYZ,CA-VA-00000222,,2024-01-20,GENERAL,MEDIUM,COMPLETED,9297.77,4696.2,2024-02-09,20
WO-X6S6QBOCNAS7,CA-VA-00000222,,2024-02-15,LANDSCAPING,MEDIUM,COMPLETED,1036.07,8962.74,2024-03-03,17
WO-G8X0FEZALF45,CA-VA-00000222,,2024-02-26,HVAC,MEDIUM,COMPLETED,12841.58,4446.45,2024-02-27,1
WO-Y7NJIUKEEGAL,CA-VA-00000222,,2024-02-01,HVAC,MEDIUM,OPEN,6239.24,,,74
WO-5I33SHI2EAJ4,CA-VA-00000222,,2024-02-19,ELECTRICAL,EMERGENCY,COMPLETED,7601.32,4057.64,2024-02-27,8
WO-39JQXC9IYQEC,CA-VA-00000222,,2024-02-14,ROOFING,MEDIUM,DEFERRED,13933.72,,,22
WO-OERJ275Q0G4N,CA-VA-00000222,,2024-03-19,HVAC,HIGH,COMPLETED,7043.6,6351.12,2024-03-26,7
WO-KGANZ1UJ9AY4,CA-VA-00000222,,2024-03-01,PLUMBING,HIGH,COMPLETED,6934.19,4335.7,2024-03-19,18
WO-8VVW3OZSKWY7,CA-VA-00000222,,2024-04-04,PLUMBING,MEDIUM,COMPLETED,11395.34,5564.6,2024-04-08,4
WO-AI49TWPHLW9D,CA-VA-00000222,,2024-05-15,LANDSCAPING,LOW,DEFERRED,8172.56,,,18
WO-9ABGZ46FTUCR,CA-VA-00000222,,2024-05-12,PLUMBING,LOW,OPEN,12718.26,,,42
WO-VS0LDYRTQA9D,CA-VA-00000222,,2024-05-19,HVAC,HIGH,COMPLETED,9709.87,5397.8,2024-05-23,4
WO-UA3VKKPYIOE1,CA-VA-00000222,,2024-06-03,LANDSCAPING,LOW,COMPLETED,6866.54,11198.96,2024-06-24,21
WO-MU1U2M0T3HJ6,CA-VA-00000222,,2024-07-18,PLUMBING,LOW,OPEN,11132.9,,,40
WO-RV8KSNBAERT0,CA-VA-00000222,,2024-07-05,HVAC,HIGH,COMPLETED,8810.66,7372.9,2024-07-18,13
WO-53Q5D8YYFIWR,CA-VA-00000222,,2024-08-22,ELECTRICAL,HIGH,OPEN,14749.73,,,55
WO-COXL236TF0QQ,CA-VA-00000222,,2024-08-23,LANDSCAPING,MEDIUM,COMPLETED,1293.72,4528.04,2024-09-09,17
WO-SHPPTZ68A6BJ,CA-VA-00000222,,2024-08-28,HVAC,MEDIUM,COMPLETED,7228.0,6773.39,2024-09-08,11
WO-IJ4H4JRA9ZLB,CA-VA-00000222,,2024-09-19,HVAC,MEDIUM,COMPLETED,2833.52,1578.63,2024-10-10,21
WO-1B7DA32YUKG9,CA-VA-00000222,,2024-10-04,HVAC,HIGH,COMPLETED,2951.69,5069.23,2024-10-18,14
WO-SX256NJJZUPO,CA-VA-00000222,,2024-10-28,ROOFING,MEDIUM,COMPLETED,5009.84,6930.99,2024-11-05,8
WO-9RNKZKHN4BJE,CA-VA-00000222,,2024-10-14,ROOFING,LOW,COMPLETED,1894.11,1531.12,2024-10-29,15
WO-3CM1WP9CZVCT,CA-VA-00000222,,2024-11-18,ELEVATOR,MEDIUM,OPEN,7509.8,,,24
WO-2C6D3UO7YXRY,CA-VA-00000222,,2024-11-10,LANDSCAPING,HIGH,COMPLETED,785.87,4582.06,2024-11-13,3
WO-OT5OMCCMYHZD,CA-VA-00000222,,2024-12-15,HVAC,MEDIUM,COMPLETED,429.82,8512.45,2024-12-21,6
WO-O2CBL8F1PROH,CA-VA-00000222,,2024-12-27,STRUCTURAL,HIGH,COMPLETED,3254.04,7945.59,2025-01-15,19
WO-33R56G2AQYLJ,CA-VA-00000222,,2024-12-22,LANDSCAPING,MEDIUM,COMPLETED,1174.63,3242.34,2024-12-25,3
WO-PP9RCORONJKX,CA-VA-00000222,,2024-12-07,ELECTRICAL,MEDIUM,COMPLETED,8995.8,1589.74,2024-12-20,13
WO-6OYP9HYHZ8OY,CA-VA-00000222,,2024-12-18,LANDSCAPING,MEDIUM,COMPLETED,2530.52,8531.15,2025-01-03,16
WO-GVRLORS37SNI,CA-VA-00000222,,2025-01-18,GENERAL,MEDIUM,COMPLETED,8416.43,7885.96,2025-01-24,6
WO-KJHK3VIERHJY,CA-VA-00000222,,2025-01-01,HVAC,MEDIUM,COMPLETED,9883.65,6145.47,2025-01-12,11
WO-LNQK9KR66BWK,CA-VA-00000222,,2025-01-23,ELEVATOR,LOW,COMPLETED,5687.4,5887.08,2025-02-13,21
WO-KMYJMJXHRMUJ,CA-VA-00000222,,2025-02-26,PLUMBING,EMERGENCY,COMPLETED,9458.53,384.39,2025-03-04,6
WO-KWU9G117XWCE,CA-VA-00000222,,2025-02-26,LANDSCAPING,MEDIUM,DEFERRED,2510.17,,,169
WO-A7O4U9YCYNH3,CA-VA-00000222,,2025-03-02,PLUMBING,LOW,COMPLETED,14701.24,6655.79,2025-03-16,14
WO-K8MIBAPWQXLW,CA-VA-00000222,,2025-03-02,PLUMBING,MEDIUM,COMPLETED,14497.27,6164.24,2025-03-06,4
WO-9WB875N6OHDZ,CA-VA-00000222,,2025-03-08,ELECTRICAL,HIGH,OPEN,10272.95,,,48
WO-LHVNSI04I5GY,CA-VA-00000222,,2025-03-12,PLUMBING,MEDIUM,COMPLETED,9550.01,3254.36,2025-03-18,6
WO-TEF1F41ZB7KW,CA-VA-00000222,,2025-03-07,HVAC,HIGH,DEFERRED,10487.01,,,72
WO-8QZNSEX1CVLX,CA-VA-00000222,,2025-04-09,HVAC,MEDIUM,OPEN,12802.24,,,48
WO-IESUU19E66RQ,CA-VA-00000222,,2025-05-10,ELECTRICAL,MEDIUM,DEFERRED,7710.35,,,63
WO-3U7NC3FYGHRP,CA-VA-00000222,,2025-05-05,ROOFING,MEDIUM,COMPLETED,9500.14,8234.08,2025-05-24,19
WO-MS3ST7TYO4V9,CA-VA-00000222,,2025-06-04,GENERAL,HIGH,OPEN,1548.53,,,85
WO-0AKTMCHMS2GJ,CA-VA-00000222,,2025-06-07,ELEVATOR,HIGH,COMPLETED,1715.21,9662.49,2025-06-11,4
WO-93RU42G328KI,CA-VA-00000222,,2025-06-05,LANDSCAPING,HIGH,DEFERRED,2236.74,,,66
WO-T4Y1JFXAAQ2O,CA-AZ-00000223,,2024-05-12,HVAC,HIGH,COMPLETED,7573.58,9851.55,2024-05-22,10
WO-KGYUSJOJ82HF,CA-AZ-00000223,,2024-05-19,ROOFING,EMERGENCY,DEFERRED,1221.61,,,21
WO-8TK2LGAQ2OLE,CA-AZ-00000223,,2024-07-22,HVAC,EMERGENCY,DEFERRED,13223.76,,,42
WO-ASV52CCH8PDY,CA-AZ-00000223,,2024-08-19,ELEVATOR,EMERGENCY,COMPLETED,10712.13,457.76,2024-08-26,7
WO-J5J00251OSCK,CA-AZ-00000223,,2024-09-13,ROOFING,MEDIUM,COMPLETED,6827.07,4159.82,2024-09-28,15
WO-TZWBMGD7NVD3,CA-AZ-00000223,,2024-10-15,PLUMBING,MEDIUM,COMPLETED,4660.0,1441.3,2024-10-28,13
WO-DAZM8VBYAG66,CA-AZ-00000223,,2024-11-28,HVAC,MEDIUM,COMPLETED,1864.87,5276.79,2024-12-14,16
WO-O6GC1QJNGSTV,CA-AZ-00000223,,2024-12-25,PLUMBING,MEDIUM,COMPLETED,11694.82,4212.08,2025-01-10,16
WO-JR9S596MDLEV,CA-AZ-00000223,,2025-03-18,GENERAL,LOW,COMPLETED,12149.02,10300.41,2025-04-08,21
WO-K86WQPIDIP6K,CA-AZ-00000223,,2025-04-15,LANDSCAPING,MEDIUM,COMPLETED,13986.22,9276.59,2025-04-17,2
WO-BZWKWW6JWDW1,CA-AZ-00000223,,2025-05-23,GENERAL,MEDIUM,COMPLETED,1610.44,3047.14,2025-06-11,19
WO-EDZHB2MBYPIE,CA-AZ-00000223,,2025-05-16,ROOFING,LOW,COMPLETED,13511.05,5675.73,2025-05-21,5
WO-IUKVQJUNHGF7,CA-GA-00000224,,2024-01-09,GENERAL,LOW,DEFERRED,11615.91,,,32
WO-B36PORLQD40Y,CA-GA-00000224,,2024-01-11,LANDSCAPING,LOW,OPEN,9637.64,,,158
WO-ZYUMHP1VG4OF,CA-GA-00000224,,2024-01-19,PLUMBING,MEDIUM,DEFERRED,12117.22,,,105
WO-F57A5NCRL4YH,CA-GA-00000224,,2024-01-16,LANDSCAPING,HIGH,COMPLETED,7090.04,3826.49,2024-01-20,4
WO-AP1CTYOERSBA,CA-GA-00000224,,2024-01-12,LANDSCAPING,LOW,COMPLETED,2660.9,4438.08,2024-01-17,5
WO-WNUU2X789VHK,CA-GA-00000224,,2024-01-02,GENERAL,LOW,COMPLETED,6236.44,7763.73,2024-01-19,17
WO-JG2BG3M2Q8IH,CA-GA-00000224,,2024-01-25,ELEVATOR,MEDIUM,DEFERRED,12970.14,,,26
WO-6I959AJXSDSZ,CA-GA-00000224,,2024-01-20,ELECTRICAL,MEDIUM,OPEN,8424.01,,,69
WO-QT0E5PNFHH9M,CA-GA-00000224,,2024-02-19,PLUMBING,MEDIUM,OPEN,13346.02,,,90
WO-AYBZRIA5ADPL,CA-GA-00000224,,2024-02-22,PLUMBING,HIGH,COMPLETED,4880.45,1512.7,2024-03-10,17
WO-BHQDBQ3K6ZY6,CA-GA-00000224,,2024-02-15,ROOFING,HIGH,COMPLETED,13918.34,9060.73,2024-02-23,8
WO-8FR1MG0K56QA,CA-GA-00000224,,2024-02-13,GENERAL,LOW,DEFERRED,2085.28,,,45
WO-RW7CDX1CI1V9,CA-GA-00000224,,2024-02-16,PLUMBING,LOW,OPEN,5955.98,,,42
WO-J51LTBZUHA6D,CA-GA-00000224,,2024-03-19,PLUMBING,MEDIUM,COMPLETED,697.71,4634.54,2024-04-03,15
WO-B8CLMNWB8FEY,CA-GA-00000224,,2024-03-01,GENERAL,HIGH,OPEN,13383.22,,,50
WO-5766JA9PBH6B,CA-GA-00000224,,2024-03-10,HVAC,HIGH,COMPLETED,9038.78,6743.48,2024-03-28,18
WO-77L5D0SG3JGR,CA-GA-00000224,,2024-03-25,STRUCTURAL,HIGH,DEFERRED,12833.3,,,105
WO-8TYW1CUQ7669,CA-GA-00000224,,2024-03-23,GENERAL,MEDIUM,COMPLETED,2179.42,5702.19,2024-04-05,13
WO-NDPB3NMQKHQX,CA-GA-00000224,,2024-03-19,ROOFING,LOW,COMPLETED,2233.33,330.67,2024-03-28,9
WO-GBI199LQYF5B,CA-GA-00000224,,2024-03-06,GENERAL,MEDIUM,OPEN,6126.34,,,45
WO-15JT0NAHGFVB,CA-GA-00000224,,2024-03-13,GENERAL,LOW,DEFERRED,8801.92,,,207
WO-JW8CSWUUAIEI,CA-GA-00000224,,2024-04-16,LANDSCAPING,MEDIUM,DEFERRED,14246.7,,,33
WO-5JWI4HSIGNHX,CA-GA-00000224,,2024-04-28,GENERAL,HIGH,COMPLETED,8318.59,593.62,2024-05-17,19
WO-JBWVM4H32QBN,CA-GA-00000224,,2024-04-16,PLUMBING,LOW,DEFERRED,7765.94,,,184
WO-F84MQL6BOBV2,CA-GA-00000224,,2024-04-03,GENERAL,MEDIUM,DEFERRED,2508.58,,,38
WO-A9RFGB6MB189,CA-GA-00000224,,2024-05-09,PLUMBING,LOW,COMPLETED,7003.41,3714.28,2024-05-27,18
WO-MYNDP9GWV7SW,CA-GA-00000224,,2024-05-25,ELECTRICAL,MEDIUM,OPEN,3826.23,,,111
WO-N916K3GIRQOJ,CA-GA-00000224,,2024-05-12,HVAC,MEDIUM,COMPLETED,644.75,8219.25,2024-05-30,18
WO-S71FTV5E5Z7Z,CA-GA-00000224,,2024-05-03,HVAC,MEDIUM,COMPLETED,6909.86,189.66,2024-05-07,4
WO-U0AG56POEYTI,CA-GA-00000224,,2024-05-01,ELECTRICAL,MEDIUM,COMPLETED,1560.44,799.88,2024-05-04,3
WO-U39J3WN99R8H,CA-GA-00000224,,2024-05-17,LANDSCAPING,MEDIUM,COMPLETED,6575.48,1177.36,2024-06-06,20
WO-YHT3GI330SXE,CA-GA-00000224,,2024-05-13,HVAC,MEDIUM,COMPLETED,3778.69,11405.29,2024-05-15,2
WO-7LIRODTJQRJE,CA-GA-00000224,,2024-05-16,ROOFING,LOW,COMPLETED,6966.36,11769.55,2024-05-24,8
WO-YY7SDFR9JBI9,CA-GA-00000224,,2024-05-13,HVAC,MEDIUM,COMPLETED,4538.23,5606.18,2024-05-30,17
WO-07C905F95GDT,CA-GA-00000224,,2024-06-18,ROOFING,HIGH,COMPLETED,2367.21,1694.79,2024-06-27,9
WO-TJ0GSQ2JRJ33,CA-GA-00000224,,2024-06-06,PLUMBING,MEDIUM,COMPLETED,12670.27,8751.4,2024-06-21,15
WO-QLIMOZ50L23Q,CA-GA-00000224,,2024-06-06,ROOFING,MEDIUM,DEFERRED,10156.52,,,12
WO-DZCLXIHRFEX5,CA-GA-00000224,,2024-06-26,STRUCTURAL,MEDIUM,COMPLETED,6975.82,3540.57,2024-07-15,19
WO-L1TCO377CR1W,CA-GA-00000224,,2024-06-11,HVAC,HIGH,DEFERRED,13046.24,,,53
WO-W4KTVGQMK2IS,CA-GA-00000224,,2024-07-04,ROOFING,LOW,COMPLETED,12964.91,7984.78,2024-07-19,15
WO-C4TY53V3667W,CA-GA-00000224,,2024-07-03,LANDSCAPING,HIGH,COMPLETED,5544.34,10520.6,2024-07-24,21
WO-5XMFFK1EODAS,CA-GA-00000224,,2024-07-25,HVAC,HIGH,OPEN,8386.37,,,138
WO-K4EAXO65E1AH,CA-GA-00000224,,2024-07-16,ELECTRICAL,HIGH,OPEN,13916.12,,,194
WO-BWG64WZFDQ4H,CA-GA-00000224,,2024-07-24,ELECTRICAL,LOW,COMPLETED,9864.17,482.47,2024-07-30,6
WO-Z1TWX45ZV2S9,CA-GA-00000224,,2024-08-12,PLUMBING,MEDIUM,DEFERRED,1240.68,,,103
WO-UWK61M4YKI73,CA-GA-00000224,,2024-08-06,STRUCTURAL,EMERGENCY,COMPLETED,1994.27,7460.52,2024-08-18,12
WO-6SBLTEVFX8TO,CA-GA-00000224,,2024-08-08,LANDSCAPING,LOW,COMPLETED,4181.11,1355.5,2024-08-25,17
WO-R04VB9YKQC56,CA-GA-00000224,,2024-09-08,LANDSCAPING,HIGH,DEFERRED,5934.17,,,128
WO-Q49YNOWM7ZF0,CA-GA-00000224,,2024-09-25,HVAC,MEDIUM,DEFERRED,10525.03,,,81
WO-FM6A4YHZ80PW,CA-GA-00000224,,2024-09-07,LANDSCAPING,HIGH,DEFERRED,10414.59,,,11
WO-G3HOHSSLL154,CA-GA-00000224,,2024-09-15,GENERAL,MEDIUM,COMPLETED,2507.97,11627.36,2024-09-21,6
WO-ZP8GCNB90KM1,CA-GA-00000224,,2024-09-18,LANDSCAPING,MEDIUM,DEFERRED,3621.77,,,48
WO-W899O1ITGDBX,CA-GA-00000224,,2024-09-03,ROOFING,LOW,COMPLETED,3754.46,9156.55,2024-09-21,18
WO-U5JQQT2K2LP6,CA-GA-00000224,,2024-09-27,LANDSCAPING,LOW,OPEN,10555.82,,,21
WO-8WXBB4RR9RMZ,CA-GA-00000224,,2024-10-16,GENERAL,MEDIUM,OPEN,1614.5,,,119
WO-B56BTJF2TNNV,CA-GA-00000224,,2024-10-04,LANDSCAPING,LOW,DEFERRED,3821.12,,,69
WO-X4KFZWEGX7RE,CA-GA-00000224,,2024-10-19,PLUMBING,MEDIUM,DEFERRED,10808.37,,,136
WO-7LA3J7VYN2TA,CA-GA-00000224,,2024-10-14,GENERAL,MEDIUM,COMPLETED,12043.29,11391.89,2024-11-02,19
WO-LSMVULK6OSZ9,CA-GA-00000224,,2024-10-08,ELECTRICAL,MEDIUM,COMPLETED,10112.84,5138.51,2024-10-16,8
WO-14TDJNUR3Y9Q,CA-GA-00000224,,2024-11-01,STRUCTURAL,MEDIUM,DEFERRED,5009.88,,,19
WO-OJCV1XBHHLH2,CA-GA-00000224,,2024-11-20,LANDSCAPING,HIGH,DEFERRED,9033.42,,,7
WO-PIR1NHZOVESY,CA-GA-00000224,,2024-11-17,ROOFING,LOW,DEFERRED,1109.5,,,61
WO-3ZCLR12RQULO,CA-GA-00000224,,2024-11-22,ELECTRICAL,MEDIUM,DEFERRED,7840.34,,,46
WO-ASZQO7CYGHE6,CA-GA-00000224,,2024-11-01,HVAC,LOW,DEFERRED,7234.19,,,24
WO-YBV5UXVR1BQH,CA-GA-00000224,,2024-11-09,ROOFING,MEDIUM,DEFERRED,7338.89,,,14
WO-5ETEUCMZCV6I,CA-GA-00000224,,2024-12-20,GENERAL,LOW,COMPLETED,9912.68,8909.76,2024-12-29,9
WO-297VN7PCL34C,CA-GA-00000224,,2024-12-02,GENERAL,LOW,DEFERRED,2502.35,,,46
WO-QH8F2COR8F6K,CA-GA-00000224,,2024-12-25,LANDSCAPING,HIGH,OPEN,11705.63,,,93
WO-T3X0VP1BJQH0,CA-GA-00000224,,2025-01-20,HVAC,HIGH,DEFERRED,12852.47,,,197
WO-HYZKNXM2VQPJ,CA-GA-00000224,,2025-01-19,ROOFING,LOW,OPEN,3067.0,,,23
WO-KEBTMHSOGAIY,CA-GA-00000224,,2025-01-09,STRUCTURAL,MEDIUM,OPEN,5866.99,,,110
WO-1VR32RW50IUJ,CA-GA-00000224,,2025-01-01,HVAC,LOW,OPEN,11578.4,,,56
WO-CX4FYDNZ908Z,CA-GA-00000224,,2025-01-18,HVAC,HIGH,DEFERRED,8751.53,,,95
WO-3WIGR1UZWX19,CA-GA-00000224,,2025-02-13,PLUMBING,LOW,DEFERRED,4554.29,,,128
WO-QPFC56JL63Q3,CA-GA-00000224,,2025-02-27,ELECTRICAL,LOW,COMPLETED,412.41,10121.06,2025-03-14,15
WO-9GAM33FP72PB,CA-GA-00000224,,2025-02-14,PLUMBING,MEDIUM,COMPLETED,2138.16,8405.59,2025-02-21,7
WO-49HHS6NXF1VL,CA-GA-00000224,,2025-02-20,ELECTRICAL,LOW,COMPLETED,493.71,9442.12,2025-02-28,8
WO-FOCLKRNYRJHF,CA-GA-00000224,,2025-03-06,PLUMBING,MEDIUM,COMPLETED,11260.92,10605.66,2025-03-22,16
WO-2GOMAJNFFZNQ,CA-GA-00000224,,2025-03-15,HVAC,MEDIUM,OPEN,14560.23,,,31
WO-OC1CLVW9N72F,CA-GA-00000224,,2025-03-11,HVAC,LOW,DEFERRED,6267.2,,,54
WO-0SEMLTF52LMG,CA-GA-00000224,,2025-03-10,HVAC,HIGH,DEFERRED,5143.1,,,45
WO-K46C38HZ3U2A,CA-GA-00000224,,2025-03-16,PLUMBING,HIGH,DEFERRED,3627.38,,,80
WO-RB6IFUIB5KE9,CA-GA-00000224,,2025-03-04,PLUMBING,LOW,DEFERRED,3839.18,,,21
WO-0HADCLFPGEBL,CA-GA-00000224,,2025-04-28,STRUCTURAL,HIGH,COMPLETED,13498.69,2647.46,2025-05-01,3
WO-PIDHKFZYS5U2,CA-GA-00000224,,2025-04-06,HVAC,MEDIUM,COMPLETED,11266.53,9252.71,2025-04-11,5
WO-XDUVTYIU2M1E,CA-GA-00000224,,2025-04-01,LANDSCAPING,HIGH,OPEN,5700.83,,,74
WO-NCQ1FPKWXAUO,CA-GA-00000224,,2025-04-07,ELEVATOR,LOW,COMPLETED,6330.36,10249.54,2025-04-08,1
WO-GI93U7KTBIBA,CA-GA-00000224,,2025-04-05,LANDSCAPING,MEDIUM,COMPLETED,7398.26,2893.27,2025-04-18,13
WO-2L4H4GODTHV7,CA-GA-00000224,,2025-05-17,ELECTRICAL,MEDIUM,COMPLETED,14518.38,9445.09,2025-05-23,6
WO-RH9C4UBL7U85,CA-GA-00000224,,2025-05-18,HVAC,HIGH,COMPLETED,2064.74,582.04,2025-06-03,16
WO-DNJ4ZN5E4QXB,CA-GA-00000224,,2025-05-22,HVAC,EMERGENCY,COMPLETED,5133.56,10570.29,2025-05-27,5
WO-8MRHQLEUYSYD,CA-GA-00000224,,2025-05-28,PLUMBING,MEDIUM,DEFERRED,898.0,,,160
WO-VPOTHVX1YUHF,CA-GA-00000224,,2025-05-02,PLUMBING,LOW,COMPLETED,5201.14,2054.86,2025-05-03,1
WO-QUJ73SP09CIB,CA-GA-00000224,,2025-06-02,ROOFING,LOW,COMPLETED,9887.9,2645.56,2025-06-17,15
WO-JNM5KQ0HOH3Z,CA-GA-00000224,,2025-06-15,GENERAL,HIGH,COMPLETED,8592.63,3554.25,2025-06-17,2
WO-IEJ1MHN71N8L,CA-GA-00000224,,2025-06-13,ELECTRICAL,MEDIUM,COMPLETED,7019.1,1010.16,2025-07-03,20
WO-JL3B49L4H6MP,CA-GA-00000224,,2025-06-25,LANDSCAPING,LOW,COMPLETED,6497.13,365.39,2025-06-26,1
WO-1T7A9KSLMEAB,CA-GA-00000224,,2025-06-05,GENERAL,MEDIUM,OPEN,6875.67,,,54
WO-QM8FT0OCCQEZ,CA-GA-00000224,,2025-06-23,LANDSCAPING,MEDIUM,COMPLETED,11312.41,11797.01,2025-06-25,2
WO-TK7FNW9CTNSJ,CA-GA-00000224,,2025-06-11,ELECTRICAL,MEDIUM,OPEN,9429.89,,,64
WO-BDF1RTXBKF6H,CA-GA-00000225,,2024-01-14,STRUCTURAL,MEDIUM,COMPLETED,4357.82,6351.47,2024-01-23,9
WO-QKRES7OS0CUV,CA-GA-00000225,,2024-01-24,HVAC,HIGH,OPEN,14797.07,,,75
WO-FGRCNGP70EGI,CA-GA-00000225,,2024-01-16,ROOFING,LOW,COMPLETED,11272.22,10764.84,2024-02-05,20
WO-B36XKYFNDGUZ,CA-GA-00000225,,2024-03-15,LANDSCAPING,LOW,OPEN,2748.9,,,16
WO-6TBTJU47Q7ET,CA-GA-00000225,,2024-03-25,PLUMBING,EMERGENCY,COMPLETED,4449.03,9066.59,2024-04-12,18
WO-GLH8BMRH9J2E,CA-GA-00000225,,2024-04-14,ROOFING,HIGH,COMPLETED,6115.43,1869.37,2024-04-20,6
WO-8GYHYVZUQ4Y5,CA-GA-00000225,,2024-04-14,GENERAL,MEDIUM,COMPLETED,5109.02,1649.66,2024-04-15,1
WO-06DGNKSLYVDI,CA-GA-00000225,,2024-04-01,PLUMBING,HIGH,COMPLETED,3116.67,8670.88,2024-04-02,1
WO-QQJFR5LP0M22,CA-GA-00000225,,2024-04-15,HVAC,MEDIUM,COMPLETED,872.26,7568.13,2024-04-24,9
WO-KP94KNZ4WEV7,CA-GA-00000225,,2024-05-12,ROOFING,HIGH,COMPLETED,2484.25,2727.03,2024-05-19,7
WO-K1OGZY60ACZX,CA-GA-00000225,,2024-05-20,LANDSCAPING,HIGH,COMPLETED,10607.55,7190.1,2024-06-08,19
WO-6D4IDKAENVMY,CA-GA-00000225,,2024-06-26,GENERAL,MEDIUM,COMPLETED,13910.03,2609.86,2024-07-13,17
WO-GZ43VFRWH7YX,CA-GA-00000225,,2024-06-26,ROOFING,MEDIUM,DEFERRED,3768.89,,,111
WO-Y70FQQCT4RHN,CA-GA-00000225,,2024-07-10,ELECTRICAL,MEDIUM,COMPLETED,4585.53,5316.7,2024-07-12,2
WO-TADOZKFUBR1K,CA-GA-00000225,,2024-07-06,STRUCTURAL,MEDIUM,COMPLETED,3609.49,6017.48,2024-07-20,14
WO-6FLT0489NPWE,CA-GA-00000225,,2024-07-05,ROOFING,MEDIUM,OPEN,10211.77,,,22
WO-V26Y1WLH3AGH,CA-GA-00000225,,2024-08-08,PLUMBING,HIGH,COMPLETED,6321.53,6650.73,2024-08-28,20
WO-BXXOEAWII3AT,CA-GA-00000225,,2024-08-25,PLUMBING,EMERGENCY,COMPLETED,6504.22,11570.29,2024-09-10,16
WO-PSZHJPYRXSWR,CA-GA-00000225,,2024-09-15,LANDSCAPING,MEDIUM,COMPLETED,1228.89,11481.03,2024-09-30,15
WO-WF1P7ESEQF41,CA-GA-00000225,,2024-09-02,PLUMBING,MEDIUM,COMPLETED,4477.07,8908.19,2024-09-08,6
WO-4L04TJZ77JIZ,CA-GA-00000225,,2024-11-06,STRUCTURAL,LOW,COMPLETED,10923.15,11614.73,2024-11-21,15
WO-23YL9DLX9D4I,CA-GA-00000225,,2024-12-25,GENERAL,LOW,COMPLETED,13841.5,7557.66,2025-01-13,19
WO-KBBO6D90Q7RR,CA-GA-00000225,,2024-12-25,PLUMBING,MEDIUM,OPEN,14234.25,,,49
WO-SC5BJQWSDSGI,CA-GA-00000225,,2025-02-08,ROOFING,MEDIUM,COMPLETED,699.47,8944.39,2025-02-12,4
WO-52CEWLEYUMG9,CA-GA-00000225,,2025-02-15,LANDSCAPING,EMERGENCY,OPEN,2796.42,,,50
WO-MANOPLVJ4V4C,CA-GA-00000225,,2025-02-02,LANDSCAPING,HIGH,COMPLETED,14298.67,11830.89,2025-02-14,12
WO-RMK95K6CY7OP,CA-GA-00000225,,2025-02-18,LANDSCAPING,HIGH,OPEN,12052.0,,,56
WO-1F5U0DTOMCLC,CA-GA-00000225,,2025-03-26,STRUCTURAL,HIGH,COMPLETED,3948.87,3684.18,2025-03-30,4
WO-0FZKOL8ZAD97,CA-GA-00000225,,2025-03-01,ROOFING,MEDIUM,OPEN,10958.77,,,29
WO-APLI0PCH8VDM,CA-GA-00000225,,2025-03-07,ELEVATOR,LOW,DEFERRED,4525.67,,,78
WO-VFDREFKJKHAD,CA-GA-00000225,,2025-04-18,PLUMBING,LOW,COMPLETED,1517.8,9225.48,2025-04-22,4
WO-O3P4SJ9BT2NP,CA-GA-00000225,,2025-04-19,HVAC,LOW,OPEN,13123.01,,,26
WO-QKCXXBUGFNP0,CA-GA-00000225,,2025-05-27,LANDSCAPING,MEDIUM,COMPLETED,13276.48,3457.99,2025-06-10,14
WO-VUNFWNAFCVZL,CA-GA-00000225,,2025-05-08,HVAC,EMERGENCY,COMPLETED,12350.58,7564.94,2025-05-10,2
WO-FGBBEG54Y6AN,CA-GA-00000225,,2025-05-23,GENERAL,LOW,COMPLETED,12891.31,1226.39,2025-06-11,19
WO-R6WVPZ2MENVZ,CA-GA-00000225,,2025-06-01,ROOFING,HIGH,OPEN,6172.06,,,97
WO-MEXGU4OVDLIQ,CA-GA-00000225,,2025-06-12,PLUMBING,LOW,DEFERRED,8439.74,,,114
WO-0JSTFZP0IQTM,CA-GA-00000225,,2025-06-19,GENERAL,MEDIUM,COMPLETED,8756.76,11108.01,2025-06-28,9
WO-ZCCBGZNULZCX,CA-GA-00000225,,2025-06-20,LANDSCAPING,HIGH,COMPLETED,7982.34,3214.37,2025-06-28,8
WO-Q7C02M1KKYU8,CA-CO-00000226,,2024-01-21,ELECTRICAL,MEDIUM,OPEN,9434.64,,,15
WO-D113H06WHG1Z,CA-CO-00000226,,2024-01-04,ELECTRICAL,MEDIUM,COMPLETED,10836.23,1067.84,2024-01-20,16
WO-R5EM1KQAK4GM,CA-CO-00000226,,2024-01-04,LANDSCAPING,MEDIUM,DEFERRED,7883.31,,,179
WO-XD1O96OWBG7F,CA-CO-00000226,,2024-01-12,GENERAL,MEDIUM,DEFERRED,13281.79,,,282
WO-70OBB575LPDG,CA-CO-00000226,,2024-02-19,PLUMBING,LOW,OPEN,9472.26,,,41
WO-3Q3BRGU7SJTZ,CA-CO-00000226,,2024-02-23,LANDSCAPING,LOW,COMPLETED,10809.66,6931.7,2024-03-09,15
WO-4W9POB83UDOP,CA-CO-00000226,,2024-02-22,LANDSCAPING,HIGH,COMPLETED,8362.6,7411.44,2024-03-08,15
WO-1YNPK8KOKTFB,CA-CO-00000226,,2024-02-01,PLUMBING,MEDIUM,OPEN,13131.01,,,21
WO-310BA4OWQ9GX,CA-CO-00000226,,2024-02-15,STRUCTURAL,EMERGENCY,DEFERRED,9488.3,,,23
WO-FELING734PX7,CA-CO-00000226,,2024-02-13,PLUMBING,MEDIUM,COMPLETED,775.65,7974.91,2024-02-17,4
WO-SSECGXF6UV61,CA-CO-00000226,,2024-02-23,ELECTRICAL,LOW,COMPLETED,10005.73,8111.46,2024-03-03,9
WO-XPXRNEEWRB8N,CA-CO-00000226,,2024-02-13,ELECTRICAL,MEDIUM,DEFERRED,7592.78,,,14
WO-B6QYN1DKHN0K,CA-CO-00000226,,2024-03-23,LANDSCAPING,MEDIUM,COMPLETED,5379.52,2703.75,2024-03-27,4
WO-D58500V5ZZFD,CA-CO-00000226,,2024-03-24,LANDSCAPING,HIGH,COMPLETED,3701.15,4263.99,2024-04-09,16
WO-6IYK53RO81V6,CA-CO-00000226,,2024-03-11,STRUCTURAL,MEDIUM,COMPLETED,9375.63,11355.75,2024-03-28,17
WO-7IH1NJEVQEWW,CA-CO-00000226,,2024-03-23,ELECTRICAL,HIGH,COMPLETED,3316.42,9096.14,2024-03-30,7
WO-TH2GFH181F3F,CA-CO-00000226,,2024-03-02,ROOFING,EMERGENCY,COMPLETED,1446.64,3087.78,2024-03-13,11
WO-B7X2VQV10H6X,CA-CO-00000226,,2024-04-05,GENERAL,EMERGENCY,OPEN,10536.1,,,48
WO-LQJE1QQEEEH3,CA-CO-00000226,,2024-04-18,STRUCTURAL,LOW,COMPLETED,12897.64,6921.51,2024-05-09,21
WO-Y93CZCX5SXLB,CA-CO-00000226,,2024-04-13,HVAC,LOW,DEFERRED,5487.27,,,69
WO-6I3BW1BB6S5E,CA-CO-00000226,,2024-04-15,PLUMBING,MEDIUM,DEFERRED,1882.77,,,164
WO-WMCR2R0OI4L4,CA-CO-00000226,,2024-04-10,PLUMBING,MEDIUM,COMPLETED,6170.71,2351.18,2024-04-27,17
WO-D6QBOW3LJP6E,CA-CO-00000226,,2024-04-16,LANDSCAPING,MEDIUM,OPEN,11534.1,,,39
WO-1QRTJWMDX38A,CA-CO-00000226,,2024-04-14,PLUMBING,MEDIUM,COMPLETED,14668.59,9938.77,2024-04-28,14
WO-QHSOF08LA6XF,CA-CO-00000226,,2024-04-20,GENERAL,LOW,DEFERRED,10375.37,,,278
WO-2Z00DI3NO1SJ,CA-CO-00000226,,2024-04-06,GENERAL,LOW,DEFERRED,1862.04,,,268
WO-5GQYR9CWXSFG,CA-CO-00000226,,2024-05-25,HVAC,HIGH,DEFERRED,7370.85,,,34
WO-COEQ76K6TZ2X,CA-CO-00000226,,2024-05-27,LANDSCAPING,MEDIUM,COMPLETED,9471.42,4402.27,2024-06-01,5
WO-FFNXPBOJUCVA,CA-CO-00000226,,2024-05-03,ELECTRICAL,MEDIUM,OPEN,4589.37,,,95
WO-UJBAG263WDTR,CA-CO-00000226,,2024-05-24,GENERAL,MEDIUM,DEFERRED,1593.05,,,41
WO-DONJB59GE3M3,CA-CO-00000226,,2024-05-10,STRUCTURAL,MEDIUM,DEFERRED,4284.31,,,21
WO-SEEUY274PRN9,CA-CO-00000226,,2024-06-07,STRUCTURAL,LOW,OPEN,9553.12,,,144
WO-ZH04NVNXFF1K,CA-CO-00000226,,2024-06-05,HVAC,HIGH,COMPLETED,6150.91,1557.66,2024-06-18,13
WO-9UOOYONHJVBK,CA-CO-00000226,,2024-06-08,HVAC,LOW,DEFERRED,12729.21,,,61
WO-CUPYNCC99JRE,CA-CO-00000226,,2024-06-21,HVAC,MEDIUM,DEFERRED,13893.24,,,19
WO-OZ9HUKTQ3FBC,CA-CO-00000226,,2024-06-21,ROOFING,HIGH,OPEN,5149.99,,,20
WO-CNBSNA9LORLS,CA-CO-00000226,,2024-06-15,GENERAL,MEDIUM,COMPLETED,9984.52,10267.41,2024-07-06,21
WO-XY868Q8AV73I,CA-CO-00000226,,2024-06-03,GENERAL,HIGH,COMPLETED,8614.52,3311.4,2024-06-16,13
WO-14305WEHH8HA,CA-CO-00000226,,2024-06-14,ELECTRICAL,MEDIUM,DEFERRED,13950.25,,,59
WO-N8CE4EC8BDJK,CA-CO-00000226,,2024-07-06,ELEVATOR,LOW,DEFERRED,289.96,,,41
WO-OFBKGBIW26C5,CA-CO-00000226,,2024-07-07,PLUMBING,LOW,OPEN,1374.88,,,123
WO-QY3MEZR75DH0,CA-CO-00000226,,2024-07-20,ELECTRICAL,MEDIUM,DEFERRED,5801.33,,,98
WO-8LNA90OWFO96,CA-CO-00000226,,2024-07-20,HVAC,HIGH,DEFERRED,4089.96,,,164
WO-LWZX3Z1NH9VQ,CA-CO-00000226,,2024-08-02,LANDSCAPING,HIGH,OPEN,5937.5,,,41
WO-VD28N6XNF9ZG,CA-CO-00000226,,2024-08-28,ROOFING,MEDIUM,DEFERRED,1222.64,,,100
WO-3WCC2RH66M2V,CA-CO-00000226,,2024-08-28,LANDSCAPING,EMERGENCY,COMPLETED,7155.07,9493.47,2024-09-05,8
WO-PCVZB4F5RZA3,CA-CO-00000226,,2024-09-25,GENERAL,LOW,DEFERRED,4587.82,,,186
WO-GCIQ16H9WJYS,CA-CO-00000226,,2024-09-05,GENERAL,MEDIUM,COMPLETED,14691.26,919.41,2024-09-11,6
WO-SES55AQA8RUH,CA-CO-00000226,,2024-09-28,ELECTRICAL,MEDIUM,OPEN,8304.16,,,76
WO-ZYRR7PK24VPV,CA-CO-00000226,,2024-09-13,GENERAL,MEDIUM,COMPLETED,1969.25,11049.65,2024-10-04,21
WO-YHG0GOIUMBZH,CA-CO-00000226,,2024-09-27,LANDSCAPING,HIGH,OPEN,8574.6,,,239
WO-QCHNYBICK44U,CA-CO-00000226,,2024-09-13,LANDSCAPING,LOW,OPEN,12943.76,,,84
WO-1A6G4TRQTYP6,CA-CO-00000226,,2024-10-16,STRUCTURAL,LOW,OPEN,2955.01,,,42
WO-J53EUF61Q48O,CA-CO-00000226,,2024-10-17,ELEVATOR,MEDIUM,OPEN,500.39,,,55
WO-UPA3QGCRN4SR,CA-CO-00000226,,2024-10-14,STRUCTURAL,HIGH,COMPLETED,1481.57,5477.63,2024-10-28,14
WO-H6GIHABILE1T,CA-CO-00000226,,2024-10-09,LANDSCAPING,MEDIUM,DEFERRED,1701.39,,,113
WO-HSMQOHOJCUZ5,CA-CO-00000226,,2024-10-15,HVAC,EMERGENCY,DEFERRED,2187.39,,,198
WO-UX9R73KX439A,CA-CO-00000226,,2024-10-21,LANDSCAPING,MEDIUM,OPEN,13395.33,,,97
WO-XF0707OGILJZ,CA-CO-00000226,,2024-10-28,LANDSCAPING,MEDIUM,COMPLETED,2015.9,1980.64,2024-11-17,20
WO-PF2UM7RNVFVQ,CA-CO-00000226,,2024-11-12,ROOFING,MEDIUM,OPEN,1831.83,,,164
WO-6YDW6J501VLI,CA-CO-00000226,,2024-11-05,PLUMBING,MEDIUM,OPEN,7767.5,,,9
WO-S9RWW40UQBK8,CA-CO-00000226,,2024-11-21,HVAC,MEDIUM,OPEN,5816.2,,,17
WO-NTVHGB44PHXZ,CA-CO-00000226,,2024-11-20,ROOFING,MEDIUM,COMPLETED,6778.92,2246.14,2024-11-25,5
WO-WV325G66HT6L,CA-CO-00000226,,2024-11-12,LANDSCAPING,MEDIUM,OPEN,6572.8,,,94
WO-8REXTA32YH13,CA-CO-00000226,,2024-12-14,LANDSCAPING,MEDIUM,COMPLETED,3899.18,568.55,2025-01-02,19
WO-KFJ53O0SK9US,CA-CO-00000226,,2024-12-21,PLUMBING,MEDIUM,COMPLETED,9754.23,9181.1,2024-12-30,9
WO-Q2NROYD9PKJN,CA-CO-00000226,,2024-12-07,GENERAL,MEDIUM,DEFERRED,9277.87,,,88
WO-2AFFKLTOMKS5,CA-CO-00000226,,2024-12-26,GENERAL,MEDIUM,COMPLETED,8088.27,11831.81,2024-12-31,5
WO-7KG7U3ZNMA58,CA-CO-00000226,,2024-12-12,ROOFING,MEDIUM,COMPLETED,1526.86,334.21,2024-12-19,7
WO-Y64IMVZ7Q47S,CA-CO-00000226,,2025-01-17,LANDSCAPING,MEDIUM,COMPLETED,11957.89,8785.18,2025-02-02,16
WO-U5B3L5BEERLM,CA-CO-00000226,,2025-01-23,ELECTRICAL,MEDIUM,COMPLETED,7050.84,6885.52,2025-01-25,2
WO-XZ6T2WWPVWVD,CA-CO-00000226,,2025-01-27,ROOFING,MEDIUM,COMPLETED,13225.93,2582.9,2025-01-29,2
WO-DU58S9XFJ8HC,CA-CO-00000226,,2025-01-15,ELECTRICAL,LOW,OPEN,11365.54,,,86
WO-MK7NSPYNBTDJ,CA-CO-00000226,,2025-01-16,PLUMBING,HIGH,OPEN,700.5,,,28
WO-M8BRWF3SZ0II,CA-CO-00000226,,2025-02-13,ELECTRICAL,HIGH,OPEN,10483.63,,,120
WO-9HIKTH4SD0XL,CA-CO-00000226,,2025-02-28,ROOFING,MEDIUM,COMPLETED,6681.7,11094.74,2025-03-01,1
WO-8EWD32YXUZ51,CA-CO-00000226,,2025-02-08,ROOFING,LOW,COMPLETED,7768.24,1310.38,2025-02-17,9
WO-TFNHHIEM9HI7,CA-CO-00000226,,2025-02-19,PLUMBING,MEDIUM,DEFERRED,810.55,,,144
WO-PJHEUI4Q8R7L,CA-CO-00000226,,2025-02-19,GENERAL,MEDIUM,OPEN,2493.93,,,273
WO-316E8LLWSDEH,CA-CO-00000226,,2025-02-08,LANDSCAPING,MEDIUM,COMPLETED,9820.84,3682.58,2025-02-09,1
WO-M5LVQHN7ELE4,CA-CO-00000226,,2025-03-23,LANDSCAPING,LOW,DEFERRED,8808.56,,,67
WO-8TEO0IWE92O8,CA-CO-00000226,,2025-03-10,ELECTRICAL,HIGH,COMPLETED,5205.73,7369.73,2025-03-12,2
WO-O5HPMLG30IXQ,CA-CO-00000226,,2025-03-05,ELECTRICAL,HIGH,COMPLETED,7473.36,2920.25,2025-03-23,18
WO-4UTTS452OULC,CA-CO-00000226,,2025-03-04,PLUMBING,HIGH,COMPLETED,12312.48,7460.06,2025-03-17,13
WO-QHIAMO5ASHGF,CA-CO-00000226,,2025-03-24,LANDSCAPING,MEDIUM,OPEN,8428.15,,,16
WO-IIOMX9WBMQPW,CA-CO-00000226,,2025-03-25,HVAC,HIGH,OPEN,2101.69,,,35
WO-ZEDSIIW1XWXY,CA-CO-00000226,,2025-04-24,STRUCTURAL,MEDIUM,DEFERRED,2132.45,,,126
WO-KYQIYCCMR57I,CA-CO-00000226,,2025-04-25,ELECTRICAL,HIGH,DEFERRED,9600.48,,,33
WO-ULP7R7BFIJ83,CA-CO-00000226,,2025-04-20,LANDSCAPING,EMERGENCY,COMPLETED,10221.03,5359.04,2025-05-11,21
WO-YVJWVSMDVKQW,CA-CO-00000226,,2025-04-19,ELECTRICAL,MEDIUM,DEFERRED,9343.84,,,103
WO-J4AB6MK5YDXU,CA-CO-00000226,,2025-04-03,ROOFING,HIGH,OPEN,7845.86,,,54
WO-2E74A10NKP19,CA-CO-00000226,,2025-05-15,LANDSCAPING,EMERGENCY,DEFERRED,521.84,,,66
WO-3MXY13GHXI9A,CA-CO-00000226,,2025-05-18,ELECTRICAL,MEDIUM,COMPLETED,14323.34,1362.54,2025-05-19,1
WO-26BLOKM3M62R,CA-CO-00000226,,2025-05-26,ROOFING,MEDIUM,DEFERRED,4911.59,,,39
WO-S26VJ0MJGNTO,CA-CO-00000226,,2025-05-13,ROOFING,HIGH,DEFERRED,14689.75,,,38
WO-9GHOT33BTOIQ,CA-CO-00000226,,2025-05-11,PLUMBING,MEDIUM,COMPLETED,8568.84,11132.02,2025-05-23,12
WO-NHZRYBL64A2F,CA-CO-00000226,,2025-06-18,GENERAL,MEDIUM,OPEN,2586.29,,,44
WO-CK04MRAWB0RC,CA-CO-00000227,,2024-01-04,HVAC,MEDIUM,COMPLETED,1898.73,10978.14,2024-01-24,20
WO-XUMSSUMK3UEV,CA-CO-00000227,,2024-01-28,ROOFING,MEDIUM,COMPLETED,9501.08,9344.12,2024-02-06,9
WO-V4ZIPO58E2DV,CA-CO-00000227,,2024-02-19,ELECTRICAL,LOW,COMPLETED,5150.31,4992.51,2024-02-22,3
WO-E4UCCQLKONAC,CA-CO-00000227,,2024-02-22,ROOFING,LOW,COMPLETED,11051.38,10835.97,2024-02-26,4
WO-28I9XQ8N40B2,CA-CO-00000227,,2024-03-15,HVAC,HIGH,COMPLETED,9330.7,1048.35,2024-03-27,12
WO-AIYG5MGP7GYD,CA-CO-00000227,,2024-03-01,STRUCTURAL,MEDIUM,COMPLETED,10788.67,8820.76,2024-03-16,15
WO-EA7XLJT7BQPV,CA-CO-00000227,,2024-03-11,PLUMBING,MEDIUM,COMPLETED,13494.63,9858.48,2024-03-17,6
WO-ZA40D8WXL2OH,CA-CO-00000227,,2024-04-24,LANDSCAPING,LOW,COMPLETED,14542.92,9015.88,2024-05-15,21
WO-9FCRBHP3UE5U,CA-CO-00000227,,2024-04-11,PLUMBING,HIGH,COMPLETED,11945.61,4039.31,2024-04-30,19
WO-J08MMPMWOGIQ,CA-CO-00000227,,2024-04-02,LANDSCAPING,LOW,COMPLETED,12635.66,1483.63,2024-04-05,3
WO-HMN5TOUMH976,CA-CO-00000227,,2024-05-05,HVAC,LOW,COMPLETED,12782.25,4278.87,2024-05-17,12
WO-LC70EM2P380H,CA-CO-00000227,,2024-05-21,STRUCTURAL,MEDIUM,COMPLETED,8523.7,1124.62,2024-06-07,17
WO-8WZ1H0BKRS35,CA-CO-00000227,,2024-05-17,LANDSCAPING,EMERGENCY,COMPLETED,6162.38,3047.08,2024-06-06,20
WO-JGF9ULG1M0TU,CA-CO-00000227,,2024-06-20,HVAC,MEDIUM,COMPLETED,2283.81,10857.75,2024-07-02,12
WO-P6YOAIZMSMEF,CA-CO-00000227,,2024-06-21,PLUMBING,EMERGENCY,COMPLETED,1987.44,1447.39,2024-07-01,10
WO-825IU4FLI3M5,CA-CO-00000227,,2024-06-03,ROOFING,HIGH,DEFERRED,9455.77,,,86
WO-8221GVDDOT83,CA-CO-00000227,,2024-06-24,ELEVATOR,HIGH,COMPLETED,4082.25,4484.87,2024-06-26,2
WO-UA8OZVX6NXHP,CA-CO-00000227,,2024-07-25,GENERAL,MEDIUM,COMPLETED,13663.48,8602.64,2024-08-06,12
WO-5D3UL72IIIOD,CA-CO-00000227,,2024-07-17,LANDSCAPING,LOW,COMPLETED,8651.12,10441.65,2024-07-19,2
WO-A7RSY3M34K4S,CA-CO-00000227,,2024-08-22,ROOFING,MEDIUM,COMPLETED,10680.05,11495.44,2024-08-25,3
WO-PXNUCI1H2ZJB,CA-CO-00000227,,2024-08-02,ELEVATOR,LOW,DEFERRED,12714.39,,,70
WO-Q2KQTK8HHGJQ,CA-CO-00000227,,2024-09-08,HVAC,EMERGENCY,COMPLETED,7826.52,3745.66,2024-09-29,21
WO-5CBPWPKQJU83,CA-CO-00000227,,2024-09-09,STRUCTURAL,MEDIUM,COMPLETED,9403.41,1455.25,2024-09-28,19
WO-EH92IZNJ2UQ0,CA-CO-00000227,,2024-09-11,ROOFING,LOW,COMPLETED,3849.98,2974.96,2024-09-14,3
WO-QVXKDNKZO1AD,CA-CO-00000227,,2024-10-18,PLUMBING,MEDIUM,COMPLETED,4227.48,8178.58,2024-10-25,7
WO-7N0VIQRQJ21X,CA-CO-00000227,,2024-10-20,ELECTRICAL,HIGH,COMPLETED,5069.95,6570.92,2024-10-28,8
WO-FZRXQ3AUBVWV,CA-CO-00000227,,2024-10-01,ELECTRICAL,LOW,COMPLETED,12983.78,9825.97,2024-10-06,5
WO-DX2V9VMCZT6Q,CA-CO-00000227,,2024-10-12,ELECTRICAL,MEDIUM,COMPLETED,11846.11,8914.04,2024-10-13,1
WO-CGY4N0C7O24E,CA-CO-00000227,,2024-11-13,GENERAL,MEDIUM,COMPLETED,14342.44,1499.42,2024-11-27,14
WO-UH4SPTQ8WXBZ,CA-CO-00000227,,2024-11-01,GENERAL,HIGH,COMPLETED,991.14,11024.66,2024-11-08,7
WO-SH3GDSU5FP31,CA-CO-00000227,,2024-11-27,ELEVATOR,MEDIUM,DEFERRED,2882.44,,,35
WO-VFYWJ2L62EOJ,CA-CO-00000227,,2024-11-20,PLUMBING,HIGH,COMPLETED,6094.33,163.29,2024-12-11,21
WO-PJ8SM3MPW8U5,CA-CO-00000227,,2024-12-16,HVAC,MEDIUM,DEFERRED,2374.79,,,93
WO-QTYLPHRVYGPI,CA-CO-00000227,,2024-12-19,GENERAL,MEDIUM,OPEN,11470.63,,,128
WO-6E9K0QR83VWY,CA-CO-00000227,,2025-01-17,ELECTRICAL,MEDIUM,COMPLETED,13883.85,704.85,2025-01-18,1
WO-HJKM1UNM4X8J,CA-CO-00000227,,2025-01-26,STRUCTURAL,MEDIUM,COMPLETED,372.55,9268.0,2025-01-29,3
WO-GV9NHZ02KA5P,CA-CO-00000227,,2025-01-06,LANDSCAPING,HIGH,COMPLETED,6890.95,10333.03,2025-01-25,19
WO-UNVJVO9Q0W4J,CA-CO-00000227,,2025-01-25,GENERAL,HIGH,COMPLETED,4828.42,6127.24,2025-01-26,1
WO-KMNVCDK3F3BP,CA-CO-00000227,,2025-02-26,PLUMBING,HIGH,DEFERRED,12227.07,,,20
WO-SK70SF1PDZS9,CA-CO-00000227,,2025-02-01,ELEVATOR,HIGH,COMPLETED,8743.62,7263.22,2025-02-22,21
WO-6AOUBLBFJTZ1,CA-CO-00000227,,2025-03-08,GENERAL,MEDIUM,COMPLETED,3296.81,11883.26,2025-03-13,5
WO-CN9J82GP5UX7,CA-CO-00000227,,2025-04-23,HVAC,MEDIUM,COMPLETED,5989.68,10640.35,2025-04-25,2
WO-0D3FA8SONU98,CA-CO-00000227,,2025-04-01,LANDSCAPING,MEDIUM,COMPLETED,10156.97,9183.23,2025-04-02,1
WO-3KXWFAD8NMRO,CA-CO-00000227,,2025-04-09,PLUMBING,HIGH,COMPLETED,6234.19,5559.01,2025-04-22,13
WO-K79IOYT09FMB,CA-CO-00000227,,2025-05-08,HVAC,HIGH,COMPLETED,6205.72,2108.42,2025-05-13,5
WO-9MCLK6ZATDJK,CA-CO-00000227,,2025-05-13,ROOFING,MEDIUM,COMPLETED,277.1,8359.72,2025-05-17,4
WO-CSV6K6KZWHVV,CA-CO-00000227,,2025-05-19,LANDSCAPING,LOW,COMPLETED,13496.85,7305.65,2025-05-27,8
WO-GX7IDV4CGQ13,CA-CO-00000227,,2025-06-24,ELEVATOR,HIGH,COMPLETED,3808.91,1924.51,2025-06-28,4
WO-EGC92FZHB4VO,CA-GA-00000228,,2024-01-28,ELECTRICAL,LOW,COMPLETED,8823.31,3909.09,2024-01-31,3
WO-JVSFY3GVGUTV,CA-GA-00000228,,2024-01-18,PLUMBING,LOW,COMPLETED,8990.79,1211.2,2024-02-02,15
WO-3FD8B7WS53VR,CA-GA-00000228,,2024-02-03,ROOFING,HIGH,DEFERRED,8339.39,,,21
WO-A0DTV67N8VPX,CA-GA-00000228,,2024-02-20,ELECTRICAL,MEDIUM,COMPLETED,4377.14,3224.61,2024-02-22,2
WO-48PRCB7BGJQL,CA-GA-00000228,,2024-02-14,HVAC,LOW,OPEN,12938.12,,,132
WO-9QDL22C6RV3P,CA-GA-00000228,,2024-03-13,GENERAL,HIGH,COMPLETED,2004.84,3239.87,2024-03-31,18
WO-RT3FJERYV9MN,CA-GA-00000228,,2024-03-28,STRUCTURAL,HIGH,OPEN,9241.14,,,149
WO-B4R0EMT1TOG8,CA-GA-00000228,,2024-04-06,ELECTRICAL,MEDIUM,COMPLETED,4889.31,9345.03,2024-04-20,14
WO-LFL3F07UKERN,CA-GA-00000228,,2024-04-09,STRUCTURAL,HIGH,COMPLETED,11441.25,7424.75,2024-04-26,17
WO-SYGATZRL94GA,CA-GA-00000228,,2024-05-28,LANDSCAPING,LOW,COMPLETED,12401.95,9774.24,2024-06-13,16
WO-S4BRSXH6VI29,CA-GA-00000228,,2024-06-03,PLUMBING,LOW,COMPLETED,8419.02,4174.03,2024-06-05,2
WO-IMXHIV16HKN7,CA-GA-00000228,,2024-06-21,PLUMBING,LOW,COMPLETED,10470.28,2757.24,2024-07-07,16
WO-D49103NNHEUK,CA-GA-00000228,,2024-07-01,GENERAL,HIGH,COMPLETED,11420.22,9039.7,2024-07-13,12
WO-OFV611ES6AZC,CA-GA-00000228,,2024-07-11,ROOFING,EMERGENCY,DEFERRED,9504.46,,,40
WO-I5WG1PVNQ3VL,CA-GA-00000228,,2024-08-15,PLUMBING,MEDIUM,COMPLETED,1700.77,9022.95,2024-09-05,21
WO-0CRRWGJ42MB9,CA-GA-00000228,,2024-08-23,PLUMBING,LOW,COMPLETED,1498.76,2460.24,2024-09-06,14
WO-S9MJ81X3QSWD,CA-GA-00000228,,2024-09-23,GENERAL,EMERGENCY,COMPLETED,6286.4,3815.61,2024-10-05,12
WO-JC0IKO4VRS4P,CA-GA-00000228,,2024-09-18,LANDSCAPING,MEDIUM,COMPLETED,11527.49,11777.06,2024-09-22,4
WO-Z7WTJB6VWBNM,CA-GA-00000228,,2024-09-25,ROOFING,MEDIUM,DEFERRED,14495.51,,,47
WO-AU9Z139DZ9N9,CA-GA-00000228,,2024-10-09,STRUCTURAL,HIGH,COMPLETED,13202.38,8540.33,2024-10-19,10
WO-IJONNF4KCBP8,CA-GA-00000228,,2024-10-01,HVAC,HIGH,OPEN,9711.45,,,13
WO-ZDW0YJC6NNY6,CA-GA-00000228,,2024-11-27,GENERAL,HIGH,COMPLETED,6758.49,2191.49,2024-12-02,5
WO-KSRAFK75Q8TO,CA-GA-00000228,,2024-11-02,LANDSCAPING,MEDIUM,OPEN,12763.05,,,50
WO-2A16WIEYPNIT,CA-GA-00000228,,2024-11-15,HVAC,EMERGENCY,COMPLETED,11661.94,4190.02,2024-11-29,14
WO-090CX1G7H00K,CA-GA-00000228,,2024-12-12,LANDSCAPING,HIGH,COMPLETED,13968.76,8362.71,2024-12-17,5
WO-BUPSQ3IK15E9,CA-GA-00000228,,2024-12-01,GENERAL,MEDIUM,COMPLETED,874.38,8079.86,2024-12-12,11
WO-TMSZRO4RDL7Y,CA-GA-00000228,,2024-12-04,ELEVATOR,MEDIUM,DEFERRED,570.1,,,25
WO-YKH857ZRXH0A,CA-GA-00000228,,2024-12-25,GENERAL,HIGH,COMPLETED,7599.27,8771.12,2024-12-27,2
WO-BVDCFQNUDH29,CA-GA-00000228,,2024-12-28,GENERAL,MEDIUM,COMPLETED,8376.39,6400.41,2025-01-09,12
WO-OKZL5B4FAE33,CA-GA-00000228,,2025-02-08,ELEVATOR,HIGH,DEFERRED,7693.9,,,72
WO-Y657JX8S2T21,CA-GA-00000228,,2025-02-11,LANDSCAPING,MEDIUM,COMPLETED,1804.5,3217.57,2025-02-23,12
WO-B6OM67KCC2GW,CA-GA-00000228,,2025-02-22,ROOFING,LOW,COMPLETED,8978.27,1195.64,2025-02-26,4
WO-Y6SO24RFBJFF,CA-GA-00000228,,2025-03-27,LANDSCAPING,HIGH,OPEN,4177.38,,,16
WO-DB5AXYAH5OVB,CA-GA-00000228,,2025-04-07,LANDSCAPING,HIGH,COMPLETED,4290.09,9323.79,2025-04-22,15
WO-RA8H5J88JWF0,CA-GA-00000228,,2025-04-02,ELECTRICAL,LOW,COMPLETED,1765.21,6631.18,2025-04-22,20
WO-19EWBGO7XIY0,CA-GA-00000228,,2025-04-06,LANDSCAPING,MEDIUM,COMPLETED,4480.71,9466.53,2025-04-19,13
WO-R2UISNB5S33Q,CA-GA-00000228,,2025-04-24,ELEVATOR,MEDIUM,OPEN,11532.54,,,169
WO-UZ3IXGQ8L32S,CA-GA-00000228,,2025-06-03,HVAC,HIGH,COMPLETED,10506.56,5147.91,2025-06-09,6
WO-WY8XLKAJRQW1,CA-GA-00000228,,2025-06-11,GENERAL,LOW,COMPLETED,6763.13,5797.01,2025-06-27,16
WO-JVTEGFCEFCOC,CA-TX-00000229,,2024-01-26,ROOFING,LOW,COMPLETED,2206.04,9303.58,2024-01-29,3
WO-97NK8IRXRY30,CA-TX-00000229,,2024-01-15,ROOFING,HIGH,COMPLETED,1491.19,1943.43,2024-01-17,2
WO-PUQHZNHT6V39,CA-TX-00000229,,2024-07-02,ROOFING,EMERGENCY,COMPLETED,9946.56,5695.87,2024-07-20,18
WO-RI49JALQ5BGP,CA-TX-00000229,,2024-07-12,PLUMBING,LOW,COMPLETED,10455.73,6863.14,2024-07-15,3
WO-SMXUE89FRNBQ,CA-TX-00000229,,2024-09-22,ELECTRICAL,HIGH,COMPLETED,3006.28,11054.52,2024-09-29,7
WO-669QC4N6Q0CR,CA-TX-00000229,,2024-10-14,HVAC,MEDIUM,COMPLETED,13120.63,2616.91,2024-11-02,19
WO-QNNSDN2PUD32,CA-TX-00000229,,2025-01-13,GENERAL,MEDIUM,COMPLETED,2264.21,3059.22,2025-01-31,18
WO-BRONZN9TMISP,CA-TX-00000229,,2025-01-23,PLUMBING,HIGH,COMPLETED,1723.02,9488.3,2025-02-06,14
WO-ZU06R5NL6MV5,CA-TX-00000229,,2025-02-23,ROOFING,LOW,COMPLETED,14009.81,7067.64,2025-03-08,13
WO-3XWZ4ZVYSRYO,CA-TX-00000229,,2025-04-24,PLUMBING,HIGH,COMPLETED,13266.58,2264.48,2025-05-03,9
WO-E1F9Q6AR8QVD,CA-TX-00000229,,2025-04-22,LANDSCAPING,MEDIUM,COMPLETED,10561.91,8955.42,2025-04-29,7
WO-P3OI991O83ZV,CA-TX-00000229,,2025-05-09,HVAC,LOW,COMPLETED,9798.95,5233.39,2025-05-25,16
WO-FRPGV3NUORDH,CA-TX-00000229,,2025-05-17,LANDSCAPING,HIGH,COMPLETED,786.97,1242.82,2025-05-22,5
WO-R5MRZJ80DEEC,CA-TX-00000229,,2025-06-05,GENERAL,MEDIUM,COMPLETED,4015.61,9445.11,2025-06-24,19
WO-QABKSICCFSJT,CA-CA-00000230,,2024-01-22,LANDSCAPING,HIGH,COMPLETED,10545.95,4902.82,2024-02-08,17
WO-MLNKIEWD7PIF,CA-CA-00000230,,2024-02-26,LANDSCAPING,MEDIUM,COMPLETED,12565.13,11056.88,2024-03-06,9
WO-PRKTW4RETJSK,CA-CA-00000230,,2024-02-22,HVAC,MEDIUM,COMPLETED,5565.97,2784.76,2024-02-24,2
WO-KPMBALAA9KD9,CA-CA-00000230,,2024-03-25,LANDSCAPING,HIGH,COMPLETED,234.1,4833.74,2024-04-01,7
WO-KKTOTYORTK90,CA-CA-00000230,,2024-03-07,PLUMBING,LOW,COMPLETED,6589.86,273.06,2024-03-08,1
WO-75RKZWIAO2AG,CA-CA-00000230,,2024-03-05,ROOFING,LOW,OPEN,11710.84,,,46
WO-JLWECGO266SJ,CA-CA-00000230,,2024-04-19,GENERAL,LOW,COMPLETED,1894.17,3679.61,2024-04-27,8
WO-30SRPLZHSN75,CA-CA-00000230,,2024-04-24,LANDSCAPING,HIGH,OPEN,3890.2,,,16
WO-IKKZGPBNT22D,CA-CA-00000230,,2024-04-02,HVAC,HIGH,COMPLETED,9207.7,1045.74,2024-04-16,14
WO-ZJD33RBC4XZL,CA-CA-00000230,,2024-04-17,ELECTRICAL,LOW,COMPLETED,11247.99,5300.81,2024-05-04,17
WO-F356EQPVC9GO,CA-CA-00000230,,2024-06-23,GENERAL,MEDIUM,DEFERRED,10116.74,,,36
WO-91PK4X8V9A6L,CA-CA-00000230,,2024-06-18,GENERAL,MEDIUM,OPEN,12019.71,,,33
WO-905G4E392RS6,CA-CA-00000230,,2024-06-03,HVAC,HIGH,COMPLETED,10590.82,6691.98,2024-06-14,11
WO-EQ9IWSRZZCGX,CA-CA-00000230,,2024-08-25,PLUMBING,LOW,DEFERRED,3519.52,,,52
WO-V33YS7H9BO8C,CA-CA-00000230,,2024-08-03,HVAC,MEDIUM,COMPLETED,10915.68,3910.59,2024-08-23,20
WO-T56BVEUTHU9Z,CA-CA-00000230,,2024-09-24,GENERAL,LOW,COMPLETED,2989.85,8303.68,2024-10-11,17
WO-AQIPI5LSOT8I,CA-CA-00000230,,2024-09-20,LANDSCAPING,LOW,COMPLETED,9982.74,8679.89,2024-09-27,7
WO-T8L4RY2JVGRK,CA-CA-00000230,,2024-09-21,HVAC,MEDIUM,COMPLETED,4299.17,3793.45,2024-09-24,3
WO-HKGTTCQ1OYQM,CA-CA-00000230,,2024-10-15,LANDSCAPING,LOW,COMPLETED,13242.47,8218.47,2024-11-03,19
WO-N8NK4LF20YMT,CA-CA-00000230,,2024-10-12,STRUCTURAL,MEDIUM,COMPLETED,7792.44,3081.12,2024-10-29,17
WO-ASGJEA372982,CA-CA-00000230,,2024-11-09,HVAC,HIGH,COMPLETED,13039.6,10033.18,2024-11-30,21
WO-JPUW4EHECWHX,CA-CA-00000230,,2024-11-22,ELEVATOR,HIGH,COMPLETED,801.73,2125.33,2024-12-12,20
WO-GT62QG1Z2TR8,CA-CA-00000230,,2024-12-09,PLUMBING,LOW,COMPLETED,13987.29,2117.37,2024-12-24,15
WO-AUCYM59UYX19,CA-CA-00000230,,2024-12-28,STRUCTURAL,MEDIUM,COMPLETED,4952.58,11029.23,2025-01-11,14
WO-62868LWTQZXM,CA-CA-00000230,,2024-12-19,GENERAL,MEDIUM,DEFERRED,10101.6,,,19
WO-61LJUYIYPK2F,CA-CA-00000230,,2024-12-15,LANDSCAPING,MEDIUM,DEFERRED,10934.08,,,83
WO-M4BF6BPOTL0J,CA-CA-00000230,,2025-02-23,LANDSCAPING,MEDIUM,COMPLETED,2703.42,8291.43,2025-03-04,9
WO-R3322MUQF8GC,CA-CA-00000230,,2025-03-06,HVAC,MEDIUM,COMPLETED,6906.56,4787.32,2025-03-22,16
WO-BXX7OBHB8D4U,CA-CA-00000230,,2025-04-18,LANDSCAPING,HIGH,COMPLETED,526.24,8887.69,2025-05-06,18
WO-426BFFC382ID,CA-CA-00000230,,2025-04-09,GENERAL,LOW,DEFERRED,5104.88,,,51
WO-D10OHA1KA1HS,CA-CA-00000230,,2025-04-09,ROOFING,HIGH,COMPLETED,13847.63,11487.69,2025-04-21,12
WO-ZKGAO7ELAXIS,CA-CA-00000230,,2025-05-22,STRUCTURAL,LOW,DEFERRED,2946.13,,,22
WO-1H58Q4NJFMZ6,CA-CA-00000230,,2025-05-06,LANDSCAPING,LOW,COMPLETED,6365.43,769.23,2025-05-07,1
WO-ZZL6QGX7G1LB,CA-CA-00000230,,2025-06-18,PLUMBING,HIGH,COMPLETED,6198.19,6078.55,2025-06-26,8
WO-02T4OL20NE4G,CA-CA-00000230,,2025-06-13,ELECTRICAL,MEDIUM,COMPLETED,10367.47,5954.83,2025-06-22,9
WO-YR0Q55C57OJJ,CA-FL-00000231,,2024-02-23,ROOFING,MEDIUM,COMPLETED,4940.39,7215.59,2024-03-12,18
WO-HST7NMBRSX6F,CA-FL-00000231,,2024-04-05,ELECTRICAL,HIGH,COMPLETED,9829.5,6723.53,2024-04-06,1
WO-Q7IN5U8M3YUH,CA-FL-00000231,,2024-04-25,PLUMBING,MEDIUM,COMPLETED,9496.32,9375.8,2024-04-26,1
WO-GI21SCUTJ0JM,CA-FL-00000231,,2024-07-22,GENERAL,LOW,COMPLETED,8940.39,3546.79,2024-07-28,6
WO-G1I10TY48PMJ,CA-FL-00000231,,2024-07-18,ROOFING,EMERGENCY,COMPLETED,773.45,1502.36,2024-08-06,19
WO-I6PD0FH9GAIV,CA-FL-00000231,,2024-10-28,ROOFING,HIGH,COMPLETED,5314.77,722.04,2024-11-17,20
WO-9E442S1FD8EY,CA-FL-00000231,,2025-02-02,ELECTRICAL,LOW,COMPLETED,7388.96,5792.95,2025-02-06,4
WO-V97LWY9V7MAU,CA-FL-00000231,,2025-02-03,HVAC,MEDIUM,COMPLETED,10436.04,5263.07,2025-02-11,8
WO-N6Q8CQPV8QM1,CA-FL-00000231,,2025-02-03,ELECTRICAL,MEDIUM,COMPLETED,402.56,6644.45,2025-02-21,18
WO-SC823ASV3JJ5,CA-FL-00000231,,2025-05-28,PLUMBING,MEDIUM,COMPLETED,4953.18,10978.35,2025-06-12,15
WO-7RKI9PAK5XYJ,CA-FL-00000231,,2025-05-26,ELECTRICAL,HIGH,COMPLETED,10614.04,9346.65,2025-06-16,21
WO-62XPESATB31X,CA-FL-00000231,,2025-06-11,HVAC,HIGH,COMPLETED,14443.14,10540.79,2025-06-23,12
WO-HJOGCTHUFREB,CA-TX-00000232,,2024-01-26,PLUMBING,HIGH,COMPLETED,9853.89,5436.63,2024-02-01,6
WO-0VTQMEUYF3HY,CA-TX-00000232,,2024-02-22,LANDSCAPING,HIGH,DEFERRED,9339.62,,,93
WO-9DSFROM56Y2I,CA-TX-00000232,,2024-03-14,ROOFING,MEDIUM,COMPLETED,14489.25,11401.5,2024-03-28,14
WO-CZXX3YGSQYBQ,CA-TX-00000232,,2024-03-07,HVAC,MEDIUM,COMPLETED,11493.56,5930.4,2024-03-20,13
WO-3SVR1NS7FPQV,CA-TX-00000232,,2024-05-02,HVAC,LOW,COMPLETED,9406.53,7236.16,2024-05-12,10
WO-2J4SL13325H4,CA-TX-00000232,,2024-05-17,ELECTRICAL,LOW,DEFERRED,9760.38,,,38
WO-TZ1X0RN85ZGZ,CA-TX-00000232,,2024-05-19,HVAC,MEDIUM,COMPLETED,9141.68,441.97,2024-05-23,4
WO-VOCR59GTLT00,CA-TX-00000232,,2024-05-25,PLUMBING,HIGH,OPEN,6866.89,,,180
WO-6CJ6W6JY6DNK,CA-TX-00000232,,2024-05-22,HVAC,HIGH,COMPLETED,1671.27,11668.62,2024-06-12,21
WO-1YRRP8DYAQ48,CA-TX-00000232,,2024-06-13,HVAC,MEDIUM,OPEN,5280.74,,,24
WO-WNIULEAG4RUK,CA-TX-00000232,,2024-06-07,LANDSCAPING,MEDIUM,COMPLETED,13168.03,11249.04,2024-06-08,1
WO-Z28ZYLLZELV3,CA-TX-00000232,,2024-06-03,ROOFING,MEDIUM,COMPLETED,14867.18,3099.1,2024-06-13,10
WO-FR3IBQYN5NR7,CA-TX-00000232,,2024-06-19,PLUMBING,LOW,DEFERRED,6145.98,,,124
WO-WVQQ6A74WWTJ,CA-TX-00000232,,2024-07-22,PLUMBING,HIGH,OPEN,6009.88,,,12
WO-0OGTRRM5JC1O,CA-TX-00000232,,2024-08-14,ELEVATOR,MEDIUM,COMPLETED,13451.86,7685.13,2024-08-24,10
WO-VMZ5EBZBYAK2,CA-TX-00000232,,2024-08-06,HVAC,LOW,COMPLETED,11933.64,1264.7,2024-08-19,13
WO-B73X9S4CO330,CA-TX-00000232,,2024-09-04,STRUCTURAL,LOW,OPEN,1960.47,,,37
WO-67BM71BMW56T,CA-TX-00000232,,2024-09-23,LANDSCAPING,MEDIUM,COMPLETED,2462.52,5092.44,2024-10-06,13
WO-YN3YT6RZMZX5,CA-TX-00000232,,2024-09-01,LANDSCAPING,MEDIUM,COMPLETED,10935.05,6367.58,2024-09-16,15
WO-OPIPDCTM7POE,CA-TX-00000232,,2024-10-04,LANDSCAPING,LOW,COMPLETED,3263.26,1249.87,2024-10-05,1
WO-5OZU98YZTAGQ,CA-TX-00000232,,2024-10-12,GENERAL,LOW,COMPLETED,12459.15,8301.18,2024-10-18,6
WO-SYF5HQUOCT4I,CA-TX-00000232,,2024-11-08,ELECTRICAL,HIGH,COMPLETED,11389.7,8093.57,2024-11-10,2
WO-VTIBRJHG6495,CA-TX-00000232,,2024-11-28,ELECTRICAL,MEDIUM,COMPLETED,2846.99,10782.95,2024-12-01,3
WO-EKQ50SGCDZUA,CA-TX-00000232,,2024-11-08,LANDSCAPING,LOW,COMPLETED,2674.55,5235.47,2024-11-15,7
WO-94G9DVA4TFKY,CA-TX-00000232,,2024-11-19,HVAC,MEDIUM,COMPLETED,14253.21,10762.91,2024-12-10,21
WO-PXHB0J22YLLU,CA-TX-00000232,,2024-12-07,HVAC,MEDIUM,COMPLETED,14254.89,8168.29,2024-12-28,21
WO-QL1RUDENQUE4,CA-TX-00000232,,2024-12-18,GENERAL,LOW,COMPLETED,9659.83,3591.59,2024-12-26,8
WO-L1KQS9BB1XCI,CA-TX-00000232,,2025-01-25,PLUMBING,LOW,COMPLETED,6889.91,2065.01,2025-02-04,10
WO-HTIP7D1T970Q,CA-TX-00000232,,2025-02-25,STRUCTURAL,LOW,OPEN,4631.44,,,63
WO-FU2IUQSWT8V3,CA-TX-00000232,,2025-02-23,LANDSCAPING,EMERGENCY,COMPLETED,13108.0,4853.11,2025-03-03,8
WO-PSUXK59V9UHI,CA-TX-00000232,,2025-02-18,GENERAL,HIGH,COMPLETED,10902.39,9194.07,2025-02-22,4
WO-7B7EXKUT6I6E,CA-TX-00000232,,2025-04-28,ROOFING,LOW,COMPLETED,11892.11,4540.77,2025-05-18,20
WO-3GLZR0P1OPAI,CA-TX-00000232,,2025-04-27,ROOFING,MEDIUM,OPEN,7955.39,,,74
WO-VKHHOU6QJ9BY,CA-TX-00000232,,2025-04-27,LANDSCAPING,LOW,OPEN,1434.75,,,55
WO-8C0ZQV8MFP67,CA-TX-00000232,,2025-05-05,GENERAL,MEDIUM,COMPLETED,1533.76,803.32,2025-05-14,9
WO-L6SQEAQ0Q7KF,CA-TX-00000232,,2025-05-25,ELEVATOR,MEDIUM,DEFERRED,14133.13,,,31
WO-VHYBY797ES5J,CA-TX-00000232,,2025-05-08,PLUMBING,MEDIUM,COMPLETED,11646.31,7735.87,2025-05-24,16
WO-UN83OI46TA6E,CA-TX-00000232,,2025-05-26,ELECTRICAL,MEDIUM,DEFERRED,14580.09,,,71
WO-Q4D67SUT2J8D,CA-TX-00000233,,2024-01-12,GENERAL,HIGH,COMPLETED,10962.89,2970.05,2024-01-31,19
WO-9RJIC2TNLW9U,CA-TX-00000233,,2024-02-15,ELEVATOR,MEDIUM,DEFERRED,14561.15,,,24
WO-VOU1EI22YLZB,CA-TX-00000233,,2024-02-13,GENERAL,LOW,COMPLETED,10291.32,2858.32,2024-02-25,12
WO-J88J7R413IS3,CA-TX-00000233,,2024-05-20,ELEVATOR,LOW,COMPLETED,7097.41,10552.4,2024-05-22,2
WO-8L2NAVXGIOPX,CA-TX-00000233,,2024-07-18,LANDSCAPING,MEDIUM,COMPLETED,3488.56,1684.58,2024-07-24,6
WO-BZFCS1BB2A8T,CA-TX-00000233,,2024-08-01,PLUMBING,MEDIUM,COMPLETED,6973.99,7135.29,2024-08-02,1
WO-902G8PM052L9,CA-TX-00000233,,2024-09-02,PLUMBING,LOW,COMPLETED,7684.79,8616.2,2024-09-09,7
WO-3K81L7PM1CUK,CA-TX-00000233,,2024-11-22,PLUMBING,MEDIUM,OPEN,2115.4,,,115
WO-I342IFV38CH6,CA-TX-00000233,,2024-12-28,GENERAL,MEDIUM,COMPLETED,8697.9,9151.36,2025-01-15,18
WO-QS7YGGYQLFLH,CA-TX-00000233,,2025-01-12,ELECTRICAL,MEDIUM,COMPLETED,4886.75,9300.39,2025-01-21,9
WO-ND11YB66YNKX,CA-TX-00000233,,2025-02-08,ELECTRICAL,HIGH,COMPLETED,5869.0,853.92,2025-02-16,8
WO-NQ1733OU70U0,CA-TX-00000233,,2025-03-09,PLUMBING,LOW,COMPLETED,13136.8,7312.47,2025-03-11,2
WO-7ZBA5BJKD2LV,CA-TX-00000233,,2025-03-07,LANDSCAPING,MEDIUM,COMPLETED,2114.05,3911.77,2025-03-22,15
WO-CQGZHP3FLC3O,CA-TX-00000233,,2025-04-09,STRUCTURAL,MEDIUM,COMPLETED,5246.14,8645.03,2025-04-10,1
WO-GXWDX9S6SGBH,CA-TX-00000233,,2025-04-16,PLUMBING,LOW,COMPLETED,4409.35,6730.55,2025-04-30,14
WO-9N71N2LMY73S,CA-TX-00000233,,2025-06-25,STRUCTURAL,LOW,COMPLETED,5250.21,6460.52,2025-06-29,4
WO-47HPHRDD0ZGM,CA-TX-00000233,,2025-06-11,HVAC,LOW,COMPLETED,5633.3,5411.88,2025-06-25,14
WO-IDDLS2ODDJHN,CA-AZ-00000234,,2024-01-08,LANDSCAPING,LOW,COMPLETED,12484.33,7820.92,2024-01-10,2
WO-WKF2CAZG83JE,CA-AZ-00000234,,2024-02-16,LANDSCAPING,MEDIUM,OPEN,6919.23,,,15
WO-6MI02AUVTEYR,CA-AZ-00000234,,2024-09-14,HVAC,EMERGENCY,COMPLETED,2089.88,1504.06,2024-10-05,21
WO-9ZQ5RCWYOVZJ,CA-AZ-00000234,,2024-12-23,ROOFING,LOW,COMPLETED,1623.76,413.56,2025-01-11,19
WO-M2KXYWA61XRR,CA-AZ-00000234,,2025-02-14,ELECTRICAL,MEDIUM,COMPLETED,3631.8,479.74,2025-03-06,20
WO-7XSX5K5WKLF6,CA-AZ-00000234,,2025-02-08,HVAC,HIGH,COMPLETED,8899.5,9172.54,2025-02-24,16
WO-8P6XQTCQN2KJ,CA-AZ-00000234,,2025-03-26,STRUCTURAL,MEDIUM,COMPLETED,9955.58,4073.85,2025-04-11,16
WO-X5WOWR0ZRVFT,CA-AZ-00000234,,2025-04-14,PLUMBING,LOW,COMPLETED,13597.32,2428.78,2025-04-30,16
WO-59RG2S3MC6P9,CA-AZ-00000234,,2025-05-14,LANDSCAPING,HIGH,DEFERRED,6225.42,,,42
WO-9AI3ULWCRMOL,CA-AZ-00000234,,2025-05-04,PLUMBING,LOW,COMPLETED,5953.32,7275.29,2025-05-09,5
WO-1QL3N0ECXD4E,CA-AZ-00000235,,2024-01-26,HVAC,HIGH,COMPLETED,1223.69,8020.11,2024-02-16,21
WO-0AVT6DFFCJ1M,CA-AZ-00000235,,2024-02-04,PLUMBING,LOW,COMPLETED,2548.2,11815.11,2024-02-09,5
WO-CT8LN4UIUBT9,CA-AZ-00000235,,2024-03-01,PLUMBING,LOW,COMPLETED,14408.97,851.11,2024-03-08,7
WO-ZPVZDYELBDX2,CA-AZ-00000235,,2024-04-20,PLUMBING,HIGH,COMPLETED,14291.17,4069.14,2024-04-26,6
WO-DKZG4RGMF5FQ,CA-AZ-00000235,,2024-04-07,ELECTRICAL,HIGH,DEFERRED,7826.66,,,46
WO-8BD4UC1V16K8,CA-AZ-00000235,,2024-05-26,ELECTRICAL,MEDIUM,COMPLETED,12962.27,10563.08,2024-06-12,17
WO-7N2Q4HHUADUO,CA-AZ-00000235,,2024-06-17,LANDSCAPING,MEDIUM,COMPLETED,14870.34,4110.03,2024-07-01,14
WO-9OLIQ9OFU77X,CA-AZ-00000235,,2024-08-21,ELECTRICAL,MEDIUM,COMPLETED,11938.28,11634.26,2024-09-05,15
WO-8STMNOBWU71U,CA-AZ-00000235,,2024-09-28,LANDSCAPING,LOW,COMPLETED,4001.9,9024.14,2024-10-11,13
WO-R7XGU6CX0H81,CA-AZ-00000235,,2024-09-12,PLUMBING,MEDIUM,COMPLETED,5570.61,8026.63,2024-09-14,2
WO-8ZKS8L17GNXX,CA-AZ-00000235,,2024-10-28,HVAC,MEDIUM,COMPLETED,547.53,702.2,2024-11-04,7
WO-UTKK66UWP3AD,CA-AZ-00000235,,2024-11-09,ELECTRICAL,LOW,COMPLETED,329.38,2671.54,2024-11-24,15
WO-59IC68XIG0SS,CA-AZ-00000235,,2024-12-12,ELEVATOR,LOW,DEFERRED,12377.53,,,71
WO-QCXC257J1XFS,CA-AZ-00000235,,2025-01-19,LANDSCAPING,MEDIUM,COMPLETED,1956.44,5225.78,2025-01-20,1
WO-WL4A5MG51CVX,CA-AZ-00000235,,2025-02-03,HVAC,LOW,DEFERRED,9949.0,,,41
WO-3KJQLXHAGR6I,CA-AZ-00000235,,2025-03-08,ROOFING,LOW,COMPLETED,12750.28,6274.08,2025-03-23,15
WO-VUVQOO6IBCHI,CA-AZ-00000235,,2025-04-25,GENERAL,EMERGENCY,COMPLETED,8009.74,7507.76,2025-05-05,10
WO-ZNKUV1PM0IFX,CA-AZ-00000235,,2025-06-27,LANDSCAPING,MEDIUM,COMPLETED,11939.8,8949.2,2025-07-01,4
WO-CHR39NMANG72,CA-CA-00000236,,2024-02-13,ELECTRICAL,LOW,COMPLETED,9618.31,1446.53,2024-02-23,10
WO-8MFEZLYI8XLR,CA-CA-00000236,,2024-02-27,LANDSCAPING,MEDIUM,DEFERRED,11745.84,,,92
WO-MZ3O480SLXT6,CA-CA-00000236,,2024-02-25,LANDSCAPING,LOW,COMPLETED,6110.69,10929.97,2024-03-11,15
WO-8TH4PRFJNQN9,CA-CA-00000236,,2024-02-04,ELECTRICAL,LOW,OPEN,10079.19,,,99
WO-SXFBDS9WTGV9,CA-CA-00000236,,2024-02-25,PLUMBING,LOW,COMPLETED,1768.56,6648.9,2024-03-09,13
WO-HQAD8VP1TU1T,CA-CA-00000236,,2024-02-27,ELEVATOR,MEDIUM,DEFERRED,10644.18,,,39
WO-6OIA2BPPUCK0,CA-CA-00000236,,2024-03-25,HVAC,HIGH,OPEN,14928.53,,,170
WO-AWQ7CZB3UJ5A,CA-CA-00000236,,2024-03-11,ROOFING,MEDIUM,OPEN,12598.12,,,169
WO-P199FKXXC4N5,CA-CA-00000236,,2024-03-03,GENERAL,MEDIUM,OPEN,10313.03,,,53
WO-DUG2KKELFBJE,CA-CA-00000236,,2024-03-07,GENERAL,MEDIUM,DEFERRED,6490.74,,,61
WO-5XNRDIDJLAMP,CA-CA-00000236,,2024-03-01,LANDSCAPING,HIGH,DEFERRED,13730.65,,,132
WO-5DYZTGNT1W0L,CA-CA-00000236,,2024-03-23,ELECTRICAL,EMERGENCY,OPEN,10804.62,,,16
WO-F7XTT1EIJ44D,CA-CA-00000236,,2024-04-05,GENERAL,HIGH,COMPLETED,11177.85,5677.54,2024-04-16,11
WO-77XKCA83UUXC,CA-CA-00000236,,2024-04-03,GENERAL,EMERGENCY,COMPLETED,13193.35,5036.48,2024-04-13,10
WO-160IFS4SYEUO,CA-CA-00000236,,2024-04-26,LANDSCAPING,MEDIUM,OPEN,3540.17,,,158
WO-PYACNXAUJSUR,CA-CA-00000236,,2024-04-06,PLUMBING,HIGH,COMPLETED,9277.47,6427.87,2024-04-27,21
WO-53BIMDWZUD2Q,CA-CA-00000236,,2024-05-10,ROOFING,MEDIUM,COMPLETED,14108.29,7462.16,2024-05-17,7
WO-41XAXUVN1IWB,CA-CA-00000236,,2024-05-11,PLUMBING,MEDIUM,DEFERRED,6931.9,,,73
WO-9LXHC39AQ5TT,CA-CA-00000236,,2024-05-08,HVAC,MEDIUM,DEFERRED,11459.53,,,16
WO-CVX9RSPLWZCU,CA-CA-00000236,,2024-05-04,ELECTRICAL,MEDIUM,DEFERRED,6554.56,,,52
WO-28V94BLB3XA3,CA-CA-00000236,,2024-05-23,ELEVATOR,MEDIUM,DEFERRED,14631.69,,,34
WO-CT5WEOQ6T6JN,CA-CA-00000236,,2024-05-04,LANDSCAPING,LOW,COMPLETED,10679.93,8426.92,2024-05-12,8
WO-J59OI7TSWDDZ,CA-CA-00000236,,2024-05-04,ELECTRICAL,LOW,OPEN,12830.13,,,71
WO-LSQUF5MZITM7,CA-CA-00000236,,2024-06-21,GENERAL,MEDIUM,OPEN,14931.88,,,24
WO-RUFLT5LJXK4A,CA-CA-00000236,,2024-06-19,ROOFING,HIGH,COMPLETED,9908.13,10565.83,2024-06-29,10
WO-8O9UIHS1LBJE,CA-CA-00000236,,2024-06-16,LANDSCAPING,HIGH,COMPLETED,13022.13,4802.67,2024-07-06,20
WO-7J2SAV2IP0GB,CA-CA-00000236,,2024-08-21,HVAC,MEDIUM,COMPLETED,7271.74,11204.25,2024-09-03,13
WO-MHT8MJ9QZS0H,CA-CA-00000236,,2024-08-28,LANDSCAPING,MEDIUM,COMPLETED,6976.57,5094.7,2024-09-10,13
WO-4VOUPQTYNI3C,CA-CA-00000236,,2024-08-05,STRUCTURAL,MEDIUM,COMPLETED,14034.19,1022.16,2024-08-12,7
WO-MLHS45V17SQF,CA-CA-00000236,,2024-08-10,GENERAL,EMERGENCY,COMPLETED,11909.24,2789.69,2024-08-28,18
WO-WJR6R51UIALM,CA-CA-00000236,,2024-08-03,ROOFING,LOW,COMPLETED,4300.47,460.39,2024-08-19,16
WO-IZ05UDNHZDO6,CA-CA-00000236,,2024-08-27,HVAC,LOW,COMPLETED,13235.78,234.83,2024-09-05,9
WO-HEJLENCN9C51,CA-CA-00000236,,2024-08-06,STRUCTURAL,MEDIUM,COMPLETED,13651.62,9940.1,2024-08-27,21
WO-9J93JOKP9YPC,CA-CA-00000236,,2024-08-10,LANDSCAPING,MEDIUM,OPEN,14284.74,,,39
WO-4ZZNS35HK2L0,CA-CA-00000236,,2024-09-16,GENERAL,HIGH,OPEN,3196.68,,,54
WO-Y3O0PWEXGY9C,CA-CA-00000236,,2024-09-02,HVAC,LOW,COMPLETED,11763.47,5811.31,2024-09-09,7
WO-N56RML8Y8ZVR,CA-CA-00000236,,2024-09-27,LANDSCAPING,MEDIUM,COMPLETED,3548.2,2929.3,2024-10-15,18
WO-2U0O5Y2JIOFB,CA-CA-00000236,,2024-09-10,GENERAL,HIGH,OPEN,13581.27,,,23
WO-MXLQ73DDTYUQ,CA-CA-00000236,,2024-09-19,PLUMBING,LOW,COMPLETED,870.75,1183.35,2024-10-05,16
WO-M770QZS910KW,CA-CA-00000236,,2024-10-11,GENERAL,MEDIUM,COMPLETED,1939.41,3674.52,2024-10-18,7
WO-CPCAH9BJ1NG9,CA-CA-00000236,,2024-10-25,PLUMBING,MEDIUM,COMPLETED,6229.45,2978.23,2024-11-09,15
WO-920L9YHQZTQ6,CA-CA-00000236,,2024-11-18,GENERAL,MEDIUM,COMPLETED,11581.84,7237.78,2024-12-07,19
WO-3F6BGMORM4NO,CA-CA-00000236,,2024-11-16,PLUMBING,MEDIUM,COMPLETED,11850.49,7877.64,2024-11-17,1
WO-5808HHKP1GBP,CA-CA-00000236,,2024-11-08,ELEVATOR,MEDIUM,COMPLETED,7043.01,8927.22,2024-11-16,8
WO-XDG4NKTZAAR8,CA-CA-00000236,,2024-12-28,LANDSCAPING,MEDIUM,DEFERRED,14471.7,,,73
WO-TZK73JJTZPB1,CA-CA-00000236,,2024-12-09,GENERAL,MEDIUM,COMPLETED,4229.04,10069.72,2024-12-23,14
WO-P045PF57SWRP,CA-CA-00000236,,2024-12-09,STRUCTURAL,LOW,OPEN,12872.96,,,28
WO-Z8LO312M8WN7,CA-CA-00000236,,2025-01-10,PLUMBING,LOW,COMPLETED,2993.02,8787.04,2025-01-23,13
WO-DGDPVIAWTWPF,CA-CA-00000236,,2025-01-11,LANDSCAPING,MEDIUM,DEFERRED,3281.8,,,124
WO-2JW8RMJR1IZ3,CA-CA-00000236,,2025-01-20,ELECTRICAL,LOW,COMPLETED,922.2,7080.42,2025-02-07,18
WO-4PXDMJFUGXC1,CA-CA-00000236,,2025-01-06,LANDSCAPING,MEDIUM,COMPLETED,6473.52,10019.76,2025-01-24,18
WO-S18CL6BZK6A3,CA-CA-00000236,,2025-01-01,GENERAL,LOW,COMPLETED,4900.06,11027.09,2025-01-14,13
WO-TEU3HWWBAC8A,CA-CA-00000236,,2025-01-23,PLUMBING,LOW,DEFERRED,13838.17,,,104
WO-OKZOW2Z8QDDK,CA-CA-00000236,,2025-01-24,ELECTRICAL,MEDIUM,COMPLETED,9802.09,4531.4,2025-02-04,11
WO-QZXF5Z7CXVK9,CA-CA-00000236,,2025-01-03,ELEVATOR,MEDIUM,COMPLETED,8228.29,6333.83,2025-01-04,1
WO-5SBDI8YMH4SL,CA-CA-00000236,,2025-01-02,HVAC,HIGH,COMPLETED,12183.62,5532.35,2025-01-14,12
WO-AWDYK6JLYUKT,CA-CA-00000236,,2025-02-27,GENERAL,LOW,COMPLETED,14599.84,7067.38,2025-03-01,2
WO-90MP75I8P8Q1,CA-CA-00000236,,2025-02-19,ELECTRICAL,EMERGENCY,OPEN,2568.88,,,183
WO-U6SYHRFM1EMT,CA-CA-00000236,,2025-02-15,PLUMBING,LOW,DEFERRED,3478.42,,,45
WO-LSDGZWWQKUWS,CA-CA-00000236,,2025-02-06,ROOFING,LOW,COMPLETED,8127.9,8692.9,2025-02-17,11
WO-XQ4UJ7DTMZNT,CA-CA-00000236,,2025-02-02,LANDSCAPING,LOW,OPEN,13067.24,,,53
WO-E8ERXOUYP6UN,CA-CA-00000236,,2025-03-04,HVAC,LOW,COMPLETED,4567.7,750.07,2025-03-15,11
WO-HGBKONQIWQ7V,CA-CA-00000236,,2025-03-02,HVAC,LOW,COMPLETED,3548.45,8802.59,2025-03-23,21
WO-4IOAR439WK2L,CA-CA-00000236,,2025-03-24,ELECTRICAL,MEDIUM,OPEN,8854.54,,,95
WO-KR7CP2O6PZJ7,CA-CA-00000236,,2025-03-05,HVAC,MEDIUM,OPEN,7003.09,,,90
WO-YYZPHJ3BCPUK,CA-CA-00000236,,2025-03-05,STRUCTURAL,EMERGENCY,DEFERRED,12425.13,,,37
WO-7NJ7E7PHICKC,CA-CA-00000236,,2025-04-02,LANDSCAPING,MEDIUM,COMPLETED,8083.65,6564.66,2025-04-19,17
WO-BFH24G0XBX3F,CA-CA-00000236,,2025-04-03,HVAC,MEDIUM,COMPLETED,1565.97,3110.87,2025-04-17,14
WO-0GUWWY3N77KS,CA-CA-00000236,,2025-04-17,GENERAL,HIGH,COMPLETED,3742.21,7080.84,2025-05-05,18
WO-R5EOC41LR2FT,CA-CA-00000236,,2025-04-19,HVAC,HIGH,COMPLETED,1032.14,10927.93,2025-05-09,20
WO-WYFHBBF7IERO,CA-CA-00000236,,2025-05-26,GENERAL,HIGH,OPEN,7844.86,,,96
WO-PZSFQF993QLX,CA-CA-00000236,,2025-05-22,ELECTRICAL,LOW,DEFERRED,6140.46,,,39
WO-X6YA7QYZTV0M,CA-CA-00000236,,2025-05-25,ROOFING,MEDIUM,COMPLETED,4462.87,5238.07,2025-06-11,17
WO-UFEFQVFHM25J,CA-CA-00000236,,2025-05-02,GENERAL,MEDIUM,COMPLETED,6592.67,7669.36,2025-05-09,7
WO-T0JMR27PNXTF,CA-CA-00000236,,2025-05-26,HVAC,MEDIUM,DEFERRED,10717.18,,,15
WO-H22LSI04W7H9,CA-CA-00000236,,2025-05-23,STRUCTURAL,LOW,DEFERRED,13516.85,,,46
WO-2C4A70TOKK88,CA-CA-00000236,,2025-06-06,STRUCTURAL,MEDIUM,COMPLETED,11362.49,9068.34,2025-06-10,4
WO-XFQS78CV3RCC,CA-CA-00000236,,2025-06-20,GENERAL,MEDIUM,OPEN,6053.66,,,231
WO-ONWQVHJWJZEX,CA-CA-00000236,,2025-06-04,PLUMBING,MEDIUM,COMPLETED,5852.49,11426.04,2025-06-18,14
WO-DQZ2R7MLE4E6,CA-CA-00000236,,2025-06-28,PLUMBING,LOW,COMPLETED,11480.31,6819.11,2025-07-09,11
WO-W0UMMG0FJ7CE,CA-CA-00000236,,2025-06-03,PLUMBING,MEDIUM,OPEN,14419.95,,,20
WO-9X1FPYVNHQZW,CA-CA-00000236,,2025-06-02,GENERAL,LOW,COMPLETED,14964.44,2326.82,2025-06-22,20
WO-P79BZ8P41EUG,CA-CA-00000237,,2024-03-20,ELECTRICAL,MEDIUM,COMPLETED,279.32,6575.24,2024-04-02,13
WO-I7YBI8B2G6GV,CA-CA-00000237,,2024-03-21,HVAC,LOW,COMPLETED,2260.57,589.76,2024-03-30,9
WO-ZF9V76NV2EKN,CA-CA-00000237,,2024-04-22,GENERAL,MEDIUM,COMPLETED,13518.79,9608.3,2024-05-09,17
WO-0WSQRL1HOXZ7,CA-CA-00000237,,2024-06-26,LANDSCAPING,MEDIUM,COMPLETED,10678.2,7950.77,2024-07-17,21
WO-UK481J37BL7R,CA-CA-00000237,,2024-10-07,HVAC,LOW,COMPLETED,13413.19,1006.81,2024-10-28,21
WO-Y0BA92D4IXE3,CA-CA-00000237,,2024-10-07,HVAC,MEDIUM,COMPLETED,2035.18,7005.01,2024-10-17,10
WO-8HG82XIC9T7Q,CA-CA-00000237,,2024-11-24,GENERAL,LOW,COMPLETED,12680.97,1342.83,2024-12-13,19
WO-4HHTD6RK7I42,CA-CA-00000237,,2024-12-19,LANDSCAPING,HIGH,COMPLETED,6710.57,9549.53,2025-01-09,21
WO-TNPIQ1Z5PX1D,CA-CA-00000237,,2025-01-17,GENERAL,MEDIUM,COMPLETED,419.01,7319.65,2025-01-28,11
WO-JO9X58HWVJEB,CA-CA-00000237,,2025-02-27,HVAC,LOW,DEFERRED,4997.16,,,68
WO-YZ6N2B29MCZF,CA-CA-00000237,,2025-03-04,PLUMBING,HIGH,DEFERRED,1216.33,,,59
WO-4CJ12NY5ZU8Q,CA-CA-00000237,,2025-04-14,ROOFING,LOW,COMPLETED,6119.47,9491.92,2025-04-18,4
WO-BZ0XDY12B9JN,CA-CA-00000237,,2025-05-22,HVAC,LOW,COMPLETED,8853.67,5317.98,2025-05-25,3
WO-LEDWKOG0TAMY,CA-TX-00000238,,2024-03-22,ELEVATOR,MEDIUM,COMPLETED,13036.79,3780.17,2024-04-06,15
WO-G0ITN2H6TWEI,CA-TX-00000238,,2024-03-02,HVAC,LOW,COMPLETED,14684.52,7866.96,2024-03-17,15
WO-EW0NVUCXP4WS,CA-TX-00000238,,2024-04-03,PLUMBING,HIGH,COMPLETED,8688.98,2317.86,2024-04-14,11
WO-ABMK3OC3CGHY,CA-TX-00000238,,2024-08-04,STRUCTURAL,MEDIUM,COMPLETED,13706.51,766.37,2024-08-10,6
WO-7OI3MEB6BRAP,CA-TX-00000238,,2024-08-10,ROOFING,MEDIUM,COMPLETED,3913.72,2393.04,2024-08-29,19
WO-RXOSTGJA4H2K,CA-TX-00000238,,2024-10-16,HVAC,MEDIUM,COMPLETED,6869.65,1920.67,2024-10-28,12
WO-50DI1SGH2AYG,CA-TX-00000238,,2024-11-01,HVAC,MEDIUM,COMPLETED,4604.89,9879.38,2024-11-03,2
WO-RSA5KT9F5YZH,CA-TX-00000238,,2024-12-01,GENERAL,LOW,COMPLETED,10338.87,5932.02,2024-12-14,13
WO-FO20AW9YJ2J5,CA-TX-00000238,,2025-01-20,ELEVATOR,EMERGENCY,COMPLETED,13154.93,6506.77,2025-01-28,8
WO-GKF5AL23JKJ4,CA-TX-00000238,,2025-05-15,PLUMBING,LOW,COMPLETED,6310.97,6213.49,2025-06-05,21
WO-19J3ZGOKQNE5,CA-TX-00000238,,2025-06-25,ELECTRICAL,LOW,DEFERRED,9741.06,,,13
WO-K4W6M9GNTT7X,CA-TX-00000238,,2025-06-04,HVAC,LOW,COMPLETED,2707.53,3639.09,2025-06-21,17
WO-S7SA0RTABONR,CA-CA-00000239,,2024-01-19,HVAC,LOW,DEFERRED,2495.38,,,35
WO-KV8P18JKBQ0B,CA-CA-00000239,,2024-02-09,ROOFING,LOW,COMPLETED,7144.19,1677.66,2024-02-12,3
WO-JYGX4O8HLUSD,CA-CA-00000239,,2024-02-26,HVAC,LOW,COMPLETED,4689.03,3536.64,2024-03-03,6
WO-NQ7RXA2TZL5H,CA-CA-00000239,,2024-03-16,LANDSCAPING,MEDIUM,DEFERRED,3316.2,,,47
WO-A4SEV3ALFY5H,CA-CA-00000239,,2024-03-09,PLUMBING,MEDIUM,COMPLETED,4323.54,9177.98,2024-03-20,11
WO-PZW2AO0AFI5G,CA-CA-00000239,,2024-03-24,ELEVATOR,LOW,OPEN,6262.86,,,76
WO-D0RYM9477JD6,CA-CA-00000239,,2024-04-22,ELECTRICAL,LOW,OPEN,2889.12,,,65
WO-4D8K9SIP4TH2,CA-CA-00000239,,2024-05-06,ROOFING,MEDIUM,OPEN,9807.47,,,30
WO-RRMJDOCVZHS7,CA-CA-00000239,,2024-05-17,GENERAL,MEDIUM,COMPLETED,7548.19,3532.44,2024-05-20,3
WO-8A46863RTSTC,CA-CA-00000239,,2024-05-01,ROOFING,LOW,OPEN,6614.02,,,102
WO-3S98CZL44994,CA-CA-00000239,,2024-06-06,PLUMBING,LOW,COMPLETED,3763.18,11931.24,2024-06-07,1
WO-WXB1LX0H2ZRZ,CA-CA-00000239,,2024-06-04,PLUMBING,HIGH,COMPLETED,12622.14,8344.3,2024-06-11,7
WO-F0ALF2Q0JS1V,CA-CA-00000239,,2024-07-15,GENERAL,MEDIUM,COMPLETED,7961.9,6391.37,2024-07-18,3
WO-MF9DEE75VD38,CA-CA-00000239,,2024-07-10,ELEVATOR,MEDIUM,COMPLETED,2061.22,6635.85,2024-07-28,18
WO-DJAI2PYG71XE,CA-CA-00000239,,2024-07-08,ELEVATOR,MEDIUM,COMPLETED,3331.4,4290.94,2024-07-23,15
WO-RI93HPC3VQNI,CA-CA-00000239,,2024-07-25,LANDSCAPING,LOW,COMPLETED,4188.61,466.15,2024-07-28,3
WO-B1NK8OOSIN9L,CA-CA-00000239,,2024-08-27,STRUCTURAL,HIGH,DEFERRED,9370.92,,,74
WO-TP39T8E4Q1PR,CA-CA-00000239,,2024-08-21,ELEVATOR,LOW,COMPLETED,6351.55,2335.89,2024-08-29,8
WO-FT7KH53FUA8F,CA-CA-00000239,,2024-09-18,PLUMBING,MEDIUM,COMPLETED,9854.29,6253.02,2024-09-19,1
WO-4RJG82L3UD7Y,CA-CA-00000239,,2024-09-16,PLUMBING,LOW,COMPLETED,296.73,10528.66,2024-09-28,12
WO-WWH3NMYUAWMJ,CA-CA-00000239,,2024-10-17,LANDSCAPING,LOW,COMPLETED,5254.29,10784.07,2024-10-18,1
WO-JC2A03WMUHBF,CA-CA-00000239,,2024-10-17,HVAC,LOW,COMPLETED,5727.09,9253.14,2024-11-02,16
WO-HYFA5NDHECGN,CA-CA-00000239,,2024-11-01,LANDSCAPING,HIGH,COMPLETED,9807.15,260.12,2024-11-05,4
WO-9U0E1OXWRPAH,CA-CA-00000239,,2024-11-22,LANDSCAPING,LOW,COMPLETED,6001.56,2725.42,2024-12-10,18
WO-EU1FRWYLNKJM,CA-CA-00000239,,2024-11-25,HVAC,LOW,DEFERRED,1811.53,,,83
WO-WTUXPBELOMPV,CA-CA-00000239,,2024-12-19,LANDSCAPING,MEDIUM,COMPLETED,12848.96,9330.26,2025-01-04,16
WO-BIVGOD1C0GLM,CA-CA-00000239,,2025-01-09,ELEVATOR,LOW,COMPLETED,13113.08,2539.31,2025-01-25,16
WO-J0FDK15131ZC,CA-CA-00000239,,2025-01-09,PLUMBING,MEDIUM,OPEN,8661.84,,,12
WO-96JJJR54BVQA,CA-CA-00000239,,2025-01-21,ELECTRICAL,LOW,OPEN,375.54,,,31
WO-VKOGWNIIZNDM,CA-CA-00000239,,2025-01-11,LANDSCAPING,MEDIUM,OPEN,12290.17,,,50
WO-2YEEGUAQT62O,CA-CA-00000239,,2025-02-03,LANDSCAPING,HIGH,COMPLETED,2997.85,5165.22,2025-02-21,18
WO-ELB0C2SPW299,CA-CA-00000239,,2025-02-25,PLUMBING,MEDIUM,OPEN,796.7,,,192
WO-MUM8BO32BM7R,CA-CA-00000239,,2025-02-22,PLUMBING,MEDIUM,COMPLETED,11332.8,9108.25,2025-03-07,13
WO-55SF7GOO1PN3,CA-CA-00000239,,2025-04-09,ROOFING,EMERGENCY,COMPLETED,2128.63,6687.88,2025-04-29,20
WO-8B0RC8JXN0L2,CA-CA-00000239,,2025-04-04,GENERAL,MEDIUM,COMPLETED,10561.87,10129.6,2025-04-22,18
WO-1BU8IXUNFW8V,CA-CA-00000239,,2025-06-15,ELEVATOR,LOW,COMPLETED,11529.77,3667.27,2025-06-25,10
WO-BHN5YY79VDUR,CA-CA-00000239,,2025-06-12,GENERAL,MEDIUM,COMPLETED,8771.97,7692.53,2025-06-14,2
WO-IR5326RFYVLH,CA-CA-00000240,,2024-01-02,ELECTRICAL,LOW,COMPLETED,2815.06,959.26,2024-01-19,17
WO-KTE3HX1LY5C0,CA-CA-00000240,,2024-02-19,GENERAL,HIGH,COMPLETED,9833.4,7458.07,2024-03-01,11
WO-6XV4KWYW8NKU,CA-CA-00000240,,2024-02-05,HVAC,MEDIUM,COMPLETED,1059.41,8917.42,2024-02-25,20
WO-4YH8CU23IPLY,CA-CA-00000240,,2024-03-19,HVAC,MEDIUM,OPEN,2992.12,,,125
WO-0L8FHIUI86PH,CA-CA-00000240,,2024-04-17,GENERAL,MEDIUM,COMPLETED,10031.74,8684.36,2024-05-05,18
WO-6HPW89M7TSH0,CA-CA-00000240,,2024-07-19,ROOFING,EMERGENCY,COMPLETED,9973.33,11671.28,2024-07-21,2
WO-TLT1967QOI9I,CA-CA-00000240,,2024-09-04,PLUMBING,LOW,COMPLETED,7564.13,9561.5,2024-09-05,1
WO-6B8CSK3EEVT7,CA-CA-00000240,,2024-09-12,GENERAL,MEDIUM,OPEN,6341.81,,,47
WO-WPBQ9OHGRABW,CA-CA-00000240,,2024-10-04,LANDSCAPING,LOW,COMPLETED,5364.6,8017.09,2024-10-11,7
WO-OAWBWLKYNNKE,CA-CA-00000240,,2024-10-01,ELECTRICAL,MEDIUM,COMPLETED,14442.65,5399.56,2024-10-04,3
WO-DJOWDV7TQH57,CA-CA-00000240,,2024-12-04,ROOFING,EMERGENCY,COMPLETED,5641.98,10600.22,2024-12-20,16
WO-5GD4436XYU2P,CA-CA-00000240,,2025-01-13,STRUCTURAL,LOW,COMPLETED,435.01,11448.54,2025-01-26,13
WO-M1D4DVR4EEI7,CA-CA-00000240,,2025-02-03,LANDSCAPING,MEDIUM,COMPLETED,13566.47,7890.04,2025-02-15,12
WO-052NXPTF79PW,CA-CA-00000240,,2025-04-07,LANDSCAPING,EMERGENCY,COMPLETED,8435.51,7652.49,2025-04-26,19
WO-6ENUEQOXIV5S,CA-CO-00000241,,2024-01-08,PLUMBING,LOW,DEFERRED,2027.47,,,97
WO-Z4FGYQV5QMD6,CA-CO-00000241,,2024-01-12,LANDSCAPING,LOW,COMPLETED,9268.97,736.64,2024-01-25,13
WO-E15123MOM7QH,CA-CO-00000241,,2024-02-16,ELECTRICAL,MEDIUM,COMPLETED,13957.1,2757.01,2024-03-05,18
WO-HB0G9UR0K1UP,CA-CO-00000241,,2024-03-24,PLUMBING,LOW,COMPLETED,9932.1,7763.27,2024-04-12,19
WO-MB9VHZ4QP8IQ,CA-CO-00000241,,2024-03-26,ELECTRICAL,MEDIUM,COMPLETED,13444.76,10357.01,2024-03-27,1
WO-DOKGGYEXD550,CA-CO-00000241,,2024-05-10,STRUCTURAL,MEDIUM,COMPLETED,7719.3,10671.43,2024-05-11,1
WO-HZRS1LTW88KG,CA-CO-00000241,,2024-05-17,ELECTRICAL,MEDIUM,COMPLETED,12446.93,1079.52,2024-05-26,9
WO-QBKH6066RQGX,CA-CO-00000241,,2024-06-14,LANDSCAPING,LOW,COMPLETED,8191.27,6408.4,2024-06-29,15
WO-H33FE80KHL5M,CA-CO-00000241,,2024-08-25,STRUCTURAL,MEDIUM,COMPLETED,5476.14,852.19,2024-09-08,14
WO-DTJWM1X486B8,CA-CO-00000241,,2024-08-22,HVAC,MEDIUM,COMPLETED,4313.07,5721.25,2024-08-30,8
WO-U07YIHORETZ3,CA-CO-00000241,,2024-09-17,ROOFING,LOW,COMPLETED,5681.35,8489.56,2024-09-22,5
WO-2UD6V63HWQLO,CA-CO-00000241,,2024-10-16,PLUMBING,EMERGENCY,COMPLETED,9026.26,2655.15,2024-10-21,5
WO-37CNVPSL2KUW,CA-CO-00000241,,2024-11-19,HVAC,LOW,COMPLETED,5519.7,8716.69,2024-12-10,21
WO-YEH1N2HIDCHS,CA-CO-00000241,,2025-01-12,HVAC,MEDIUM,COMPLETED,11225.39,3545.09,2025-01-31,19
WO-XN0FRJ1BYCHI,CA-CO-00000241,,2025-04-05,LANDSCAPING,LOW,COMPLETED,4189.0,3416.68,2025-04-16,11
WO-ZIWR8K2XQX4O,CA-CO-00000241,,2025-05-07,ELECTRICAL,MEDIUM,DEFERRED,332.54,,,64
WO-RZSTS2E0H48F,CA-IL-00000242,,2024-01-06,ELECTRICAL,EMERGENCY,OPEN,8481.35,,,141
WO-RAO2AXM52N86,CA-IL-00000242,,2024-01-03,LANDSCAPING,LOW,DEFERRED,11485.46,,,46
WO-Q2THZXVPZJKZ,CA-IL-00000242,,2024-01-21,PLUMBING,HIGH,COMPLETED,8454.8,506.22,2024-01-28,7
WO-MUK74P7BMIFO,CA-IL-00000242,,2024-01-28,STRUCTURAL,EMERGENCY,COMPLETED,10461.35,10027.85,2024-02-17,20
WO-UICDAH2ZR79C,CA-IL-00000242,,2024-01-26,LANDSCAPING,LOW,DEFERRED,6682.51,,,39
WO-3EAGJ03EL04O,CA-IL-00000242,,2024-01-03,STRUCTURAL,MEDIUM,DEFERRED,3508.72,,,124
WO-BD6Y8C7EVV8I,CA-IL-00000242,,2024-01-28,STRUCTURAL,MEDIUM,OPEN,14164.0,,,266
WO-EFFQWYFHRZZO,CA-IL-00000242,,2024-01-08,PLUMBING,LOW,DEFERRED,9707.01,,,117
WO-GWD4TWXCZ0QG,CA-IL-00000242,,2024-01-01,ROOFING,EMERGENCY,OPEN,5171.77,,,310
WO-8WNO7CGGMZRN,CA-IL-00000242,,2024-02-17,ELEVATOR,HIGH,DEFERRED,14540.75,,,28
WO-DNOQ4S3OGX4Y,CA-IL-00000242,,2024-02-22,HVAC,LOW,COMPLETED,12660.33,5978.58,2024-03-04,11
WO-WKXEDJIB3WMH,CA-IL-00000242,,2024-02-15,GENERAL,LOW,DEFERRED,11230.91,,,21
WO-Y7H9OXXE2ASS,CA-IL-00000242,,2024-03-10,ELECTRICAL,MEDIUM,OPEN,12171.9,,,62
WO-RDZCOQQUGXPO,CA-IL-00000242,,2024-03-19,GENERAL,LOW,DEFERRED,11478.5,,,48
WO-1AZ4Z35L8XFK,CA-IL-00000242,,2024-03-02,ELECTRICAL,HIGH,COMPLETED,4174.9,6827.61,2024-03-22,20
WO-TA5LO9GBCYUJ,CA-IL-00000242,,2024-03-17,GENERAL,LOW,DEFERRED,5057.63,,,104
WO-KPMNEHR7D6DC,CA-IL-00000242,,2024-03-03,GENERAL,MEDIUM,COMPLETED,6197.36,8483.07,2024-03-24,21
WO-D6ZRWOZQ2UFO,CA-IL-00000242,,2024-03-04,GENERAL,LOW,OPEN,5790.37,,,146
WO-DY1B3T6KUEUB,CA-IL-00000242,,2024-04-02,GENERAL,MEDIUM,COMPLETED,8070.27,3790.54,2024-04-20,18
WO-JGMBW2JHVXV3,CA-IL-00000242,,2024-04-16,PLUMBING,MEDIUM,COMPLETED,4819.14,8788.03,2024-04-18,2
WO-ZWVA65446WLK,CA-IL-00000242,,2024-05-28,HVAC,HIGH,OPEN,4673.27,,,105
WO-R29DTP7TZZGP,CA-IL-00000242,,2024-05-11,STRUCTURAL,LOW,COMPLETED,8886.94,448.87,2024-05-19,8
WO-E1E0WDQYGJTT,CA-IL-00000242,,2024-05-25,HVAC,MEDIUM,COMPLETED,8568.73,3751.04,2024-06-03,9
WO-A43F29D75V4I,CA-IL-00000242,,2024-05-28,PLUMBING,HIGH,COMPLETED,12883.69,5389.69,2024-06-08,11
WO-57KTZGVLQQAW,CA-IL-00000242,,2024-06-27,LANDSCAPING,HIGH,DEFERRED,619.34,,,28
WO-UHFUUPN7P0RL,CA-IL-00000242,,2024-06-01,PLUMBING,MEDIUM,DEFERRED,10345.4,,,123
WO-IFIWM9VVE2Y5,CA-IL-00000242,,2024-06-07,GENERAL,HIGH,OPEN,1870.04,,,19
WO-P28MW26UTNMD,CA-IL-00000242,,2024-06-16,LANDSCAPING,MEDIUM,COMPLETED,8994.16,8069.51,2024-07-01,15
WO-XQIRTL917GL8,CA-IL-00000242,,2024-07-03,HVAC,MEDIUM,COMPLETED,13646.22,3679.49,2024-07-09,6
WO-9FO58TMTRCEX,CA-IL-00000242,,2024-07-27,HVAC,MEDIUM,COMPLETED,12845.42,2179.95,2024-08-04,8
WO-GSKG9Z9VR15V,CA-IL-00000242,,2024-07-20,HVAC,LOW,OPEN,8964.56,,,71
WO-ASQ3V2AR8FZX,CA-IL-00000242,,2024-07-03,ELECTRICAL,HIGH,DEFERRED,4169.28,,,34
WO-ZCUB2OTKMP8P,CA-IL-00000242,,2024-08-18,ELEVATOR,MEDIUM,OPEN,9374.53,,,34
WO-0JAXAPDXTO74,CA-IL-00000242,,2024-08-19,ROOFING,LOW,DEFERRED,9126.59,,,168
WO-S7C0LUAMK47P,CA-IL-00000242,,2024-08-17,HVAC,MEDIUM,OPEN,8727.26,,,49
WO-451JF4SVZ2S9,CA-IL-00000242,,2024-08-05,LANDSCAPING,MEDIUM,DEFERRED,12553.41,,,93
WO-9BA2UV1SO6D5,CA-IL-00000242,,2024-08-12,STRUCTURAL,HIGH,COMPLETED,9061.47,8418.59,2024-08-19,7
WO-41N6GNS601XP,CA-IL-00000242,,2024-08-08,GENERAL,MEDIUM,OPEN,9982.36,,,99
WO-T1ITFL1T2H65,CA-IL-00000242,,2024-08-16,PLUMBING,LOW,OPEN,11522.76,,,33
WO-HTW6M1ZWHNU3,CA-IL-00000242,,2024-10-01,GENERAL,LOW,DEFERRED,11485.07,,,57
WO-3JB8U0QR5EFS,CA-IL-00000242,,2024-10-22,LANDSCAPING,LOW,COMPLETED,6879.99,6107.79,2024-10-23,1
WO-WPNSTBVBRP8Z,CA-IL-00000242,,2024-10-24,PLUMBING,LOW,COMPLETED,3449.15,9776.19,2024-10-27,3
WO-ZMZABEUFP2U3,CA-IL-00000242,,2024-10-18,PLUMBING,MEDIUM,COMPLETED,2983.81,2745.31,2024-11-05,18
WO-L7UFKWCAGQ2N,CA-IL-00000242,,2024-10-05,PLUMBING,MEDIUM,COMPLETED,9880.75,6514.24,2024-10-16,11
WO-V0DQFB62EKER,CA-IL-00000242,,2024-10-20,ELECTRICAL,MEDIUM,COMPLETED,7676.97,6460.06,2024-10-21,1
WO-AK0WCP4I5IKL,CA-IL-00000242,,2024-11-07,GENERAL,MEDIUM,COMPLETED,10591.73,4736.45,2024-11-17,10
WO-KIASPNJPOYAU,CA-IL-00000242,,2024-11-02,ELECTRICAL,HIGH,OPEN,5543.12,,,45
WO-O03B0W3I04C3,CA-IL-00000242,,2024-11-13,HVAC,LOW,COMPLETED,7826.5,6525.88,2024-11-28,15
WO-R8P1K918YLRS,CA-IL-00000242,,2024-11-09,ELEVATOR,MEDIUM,DEFERRED,7618.23,,,38
WO-ZOJBJR946A41,CA-IL-00000242,,2024-11-06,LANDSCAPING,LOW,COMPLETED,7529.76,7219.68,2024-11-21,15
WO-GNQV6O981609,CA-IL-00000242,,2024-11-05,STRUCTURAL,HIGH,COMPLETED,14151.72,9372.91,2024-11-10,5
WO-BNRHGOOW0AI7,CA-IL-00000242,,2024-12-24,HVAC,MEDIUM,OPEN,13769.69,,,16
WO-IEFIKH292JO3,CA-IL-00000242,,2024-12-07,STRUCTURAL,MEDIUM,DEFERRED,8811.63,,,98
WO-ZTPSFXOAVIS5,CA-IL-00000242,,2024-12-28,ELECTRICAL,MEDIUM,COMPLETED,763.36,3173.95,2025-01-07,10
WO-OEA70ZN64ZYZ,CA-IL-00000242,,2024-12-28,ROOFING,LOW,DEFERRED,1006.63,,,34
WO-3Q2ARR8660GG,CA-IL-00000242,,2024-12-14,ROOFING,EMERGENCY,OPEN,5939.93,,,41
WO-OAMATPD0M13H,CA-IL-00000242,,2024-12-04,ROOFING,LOW,DEFERRED,1827.84,,,42
WO-E8OHB1USRYIR,CA-IL-00000242,,2024-12-24,ELECTRICAL,MEDIUM,OPEN,13544.22,,,28
WO-553HI1S3N7S4,CA-IL-00000242,,2024-12-11,ELECTRICAL,HIGH,COMPLETED,6711.21,7118.07,2024-12-14,3
WO-4RJZKJ01SXFK,CA-IL-00000242,,2024-12-04,ELECTRICAL,MEDIUM,OPEN,4319.96,,,86
WO-2ZV130ELN2FM,CA-IL-00000242,,2025-01-19,GENERAL,MEDIUM,DEFERRED,10574.62,,,79
WO-TT2JXYD2EM9U,CA-IL-00000242,,2025-01-25,LANDSCAPING,MEDIUM,OPEN,9545.27,,,59
WO-UGJZB832LSBS,CA-IL-00000242,,2025-01-02,STRUCTURAL,MEDIUM,DEFERRED,12847.02,,,24
WO-Y29HP3TKCFCE,CA-IL-00000242,,2025-01-15,PLUMBING,MEDIUM,OPEN,13878.02,,,82
WO-EGKZSYDWIFWG,CA-IL-00000242,,2025-01-28,PLUMBING,MEDIUM,COMPLETED,4140.82,2353.03,2025-02-01,4
WO-V984EALDLJXD,CA-IL-00000242,,2025-01-03,ROOFING,LOW,DEFERRED,7572.74,,,306
WO-1V8VO91K4PXI,CA-IL-00000242,,2025-01-16,STRUCTURAL,MEDIUM,COMPLETED,12777.23,8585.12,2025-01-20,4
WO-SU9OI6V1HB0S,CA-IL-00000242,,2025-01-15,STRUCTURAL,HIGH,DEFERRED,12961.73,,,40
WO-L0Z7PG09KKAK,CA-IL-00000242,,2025-02-18,GENERAL,HIGH,COMPLETED,14714.64,9640.61,2025-02-20,2
WO-5WSMB1IDHRDI,CA-IL-00000242,,2025-02-05,PLUMBING,HIGH,COMPLETED,3747.89,8141.8,2025-02-24,19
WO-SO7LNTMPHW42,CA-IL-00000242,,2025-02-20,ELECTRICAL,LOW,COMPLETED,7008.65,6323.21,2025-03-06,14
WO-9TTUCJGV8861,CA-IL-00000242,,2025-02-25,ELEVATOR,LOW,DEFERRED,1806.42,,,34
WO-SX7OMC5NNT4P,CA-IL-00000242,,2025-03-04,LANDSCAPING,LOW,DEFERRED,9645.88,,,6
WO-TEXSPC6TTPG3,CA-IL-00000242,,2025-03-25,PLUMBING,HIGH,COMPLETED,7243.83,10680.64,2025-04-12,18
WO-3K1YBTYH9BR2,CA-IL-00000242,,2025-03-17,GENERAL,MEDIUM,COMPLETED,5255.22,5611.36,2025-03-20,3
WO-J4OELQLLGBNN,CA-IL-00000242,,2025-03-26,LANDSCAPING,LOW,OPEN,5708.93,,,75
WO-KDWMBU1U3LPX,CA-IL-00000242,,2025-04-23,LANDSCAPING,HIGH,OPEN,14865.43,,,15
WO-4ABI1ZE564KH,CA-IL-00000242,,2025-04-19,ELECTRICAL,LOW,DEFERRED,3556.56,,,99
WO-6RBN5F5JDVSP,CA-IL-00000242,,2025-04-22,HVAC,MEDIUM,COMPLETED,6311.01,3988.82,2025-05-12,20
WO-LQT2VKIIX6OG,CA-IL-00000242,,2025-05-18,GENERAL,MEDIUM,COMPLETED,4103.24,1562.4,2025-06-06,19
WO-YPX8BO0WFMFC,CA-IL-00000242,,2025-05-05,HVAC,MEDIUM,DEFERRED,1838.31,,,41
WO-GLEKBJNNVEKE,CA-IL-00000242,,2025-05-13,ELECTRICAL,MEDIUM,OPEN,4315.05,,,176
WO-QGOHF1K0VLR8,CA-IL-00000242,,2025-06-15,ELECTRICAL,HIGH,DEFERRED,4886.42,,,16
WO-0RY05NE2PAXQ,CA-IL-00000242,,2025-06-06,PLUMBING,LOW,COMPLETED,9167.97,10055.44,2025-06-19,13
WO-XIL5NU9CV23X,CA-FL-00000243,,2024-01-01,HVAC,MEDIUM,COMPLETED,14639.41,6506.04,2024-01-19,18
WO-DDJ259G4UEG7,CA-FL-00000243,,2024-01-07,LANDSCAPING,EMERGENCY,COMPLETED,3673.79,7926.32,2024-01-21,14
WO-RV6SQL5YPGTB,CA-FL-00000243,,2024-01-25,STRUCTURAL,MEDIUM,DEFERRED,11206.65,,,136
WO-KTX7J8SEMFXG,CA-FL-00000243,,2024-03-22,ELEVATOR,LOW,OPEN,13960.37,,,86
WO-MIEWX4WH96KT,CA-FL-00000243,,2024-03-13,ELEVATOR,MEDIUM,DEFERRED,13946.73,,,10
WO-KFO3BPDNQYYR,CA-FL-00000243,,2024-03-27,ROOFING,LOW,DEFERRED,7902.83,,,103
WO-3F08AVIJL6JJ,CA-FL-00000243,,2024-04-18,LANDSCAPING,LOW,COMPLETED,13968.93,11159.05,2024-04-24,6
WO-WCESQDA71745,CA-FL-00000243,,2024-04-27,HVAC,LOW,COMPLETED,11376.53,8282.19,2024-05-02,5
WO-02GXZFKV16XC,CA-FL-00000243,,2024-04-19,LANDSCAPING,HIGH,DEFERRED,14453.33,,,42
WO-QBO8MFFHP9J0,CA-FL-00000243,,2024-04-18,HVAC,LOW,COMPLETED,920.97,6271.08,2024-04-21,3
WO-84G5CU0LT420,CA-FL-00000243,,2024-05-02,STRUCTURAL,LOW,COMPLETED,5881.97,8408.79,2024-05-04,2
WO-4X9SXNJEDFS2,CA-FL-00000243,,2024-05-22,LANDSCAPING,EMERGENCY,COMPLETED,2769.05,9432.04,2024-06-02,11
WO-170VNO69HR1T,CA-FL-00000243,,2024-05-11,HVAC,MEDIUM,COMPLETED,4345.38,11811.75,2024-05-27,16
WO-T5TGHTXYO3KK,CA-FL-00000243,,2024-05-21,PLUMBING,MEDIUM,COMPLETED,9607.17,5530.94,2024-05-26,5
WO-BJKVAPJ7WDOX,CA-FL-00000243,,2024-06-13,LANDSCAPING,HIGH,COMPLETED,2075.25,2595.2,2024-06-19,6
WO-E58DWNJIWM1M,CA-FL-00000243,,2024-06-08,LANDSCAPING,LOW,OPEN,10012.68,,,59
WO-2YX44289WG5K,CA-FL-00000243,,2024-06-18,ROOFING,HIGH,COMPLETED,7747.31,1932.54,2024-06-22,4
WO-2PT1LUSUENJO,CA-FL-00000243,,2024-06-13,ELEVATOR,MEDIUM,COMPLETED,10407.96,1581.1,2024-06-28,15
WO-JESPLO9MUS3P,CA-FL-00000243,,2024-07-19,GENERAL,HIGH,COMPLETED,14518.39,11855.59,2024-08-01,13
WO-N6BI9DKJRP0Q,CA-FL-00000243,,2024-07-21,GENERAL,HIGH,COMPLETED,11704.74,8526.56,2024-08-05,15
WO-QI0P3US55EDV,CA-FL-00000243,,2024-08-12,GENERAL,MEDIUM,OPEN,14975.97,,,52
WO-W5M4Q8XFU24Y,CA-FL-00000243,,2024-09-16,HVAC,MEDIUM,COMPLETED,1584.0,3673.16,2024-09-28,12
WO-3FD36BMSNX0M,CA-FL-00000243,,2024-09-21,STRUCTURAL,LOW,COMPLETED,7561.95,8931.75,2024-10-08,17
WO-W3TEJSPPMEZY,CA-FL-00000243,,2024-09-19,ELECTRICAL,MEDIUM,COMPLETED,13512.36,9090.51,2024-10-07,18
WO-BXTWGLX75E1S,CA-FL-00000243,,2024-10-20,HVAC,HIGH,COMPLETED,11166.89,7715.04,2024-11-05,16
WO-412T6P92JU73,CA-FL-00000243,,2024-10-03,PLUMBING,HIGH,COMPLETED,1809.64,5469.89,2024-10-12,9
WO-SINGXIH96HWI,CA-FL-00000243,,2024-12-16,STRUCTURAL,HIGH,OPEN,2841.6,,,63
WO-B89EDXEWR8RT,CA-FL-00000243,,2024-12-02,HVAC,MEDIUM,OPEN,9379.84,,,40
WO-Z576RANF5WDU,CA-FL-00000243,,2024-12-04,ELECTRICAL,EMERGENCY,COMPLETED,2521.57,5707.51,2024-12-22,18
WO-CIT0167D5HMF,CA-FL-00000243,,2024-12-25,ELECTRICAL,MEDIUM,OPEN,13514.86,,,108
WO-N97GWO7S93MM,CA-FL-00000243,,2025-01-13,LANDSCAPING,LOW,COMPLETED,8086.28,3190.39,2025-01-17,4
WO-QX7R1R57IS81,CA-FL-00000243,,2025-01-02,ROOFING,EMERGENCY,COMPLETED,12086.24,5257.14,2025-01-08,6
WO-7Y4BI7OE0YO2,CA-FL-00000243,,2025-01-27,ELEVATOR,MEDIUM,DEFERRED,5605.21,,,5
WO-92XVKFTT5HFV,CA-FL-00000243,,2025-01-02,ROOFING,LOW,COMPLETED,14415.47,8628.73,2025-01-12,10
WO-FTBLF8TIGKOE,CA-FL-00000243,,2025-02-05,ROOFING,HIGH,COMPLETED,4741.9,3079.38,2025-02-19,14
WO-0T1GA3MS89ZY,CA-FL-00000243,,2025-02-21,STRUCTURAL,HIGH,COMPLETED,2772.67,6808.12,2025-03-13,20
WO-A85MLRA380NF,CA-FL-00000243,,2025-02-14,ELECTRICAL,LOW,COMPLETED,8989.54,6135.24,2025-02-15,1
WO-6I825GL9TYP8,CA-FL-00000243,,2025-04-23,LANDSCAPING,HIGH,DEFERRED,996.17,,,60
WO-BTCBGUGNLGR6,CA-FL-00000243,,2025-04-25,HVAC,MEDIUM,OPEN,7481.27,,,90
WO-GV7GO1SE0UZ4,CA-FL-00000243,,2025-04-17,PLUMBING,MEDIUM,COMPLETED,8779.86,5537.59,2025-04-24,7
WO-I2E4RQ33TT48,CA-FL-00000243,,2025-05-25,STRUCTURAL,HIGH,COMPLETED,3500.19,3145.07,2025-05-31,6
WO-HBZMU7EZVLLO,CA-FL-00000243,,2025-05-23,HVAC,LOW,DEFERRED,5524.51,,,12
WO-2PPGB47Y2HPM,CA-FL-00000243,,2025-06-03,ROOFING,MEDIUM,COMPLETED,8335.4,11288.45,2025-06-23,20
WO-2LBY1V0R9PIH,CA-FL-00000243,,2025-06-23,ELECTRICAL,HIGH,COMPLETED,1892.4,3662.37,2025-06-28,5
WO-LCLW7Y56N4AO,CA-IL-00000244,,2024-01-10,HVAC,HIGH,COMPLETED,14580.69,5337.63,2024-01-16,6
WO-LW77DG1SYVS8,CA-IL-00000244,,2024-02-05,ELECTRICAL,LOW,COMPLETED,14768.06,4424.72,2024-02-25,20
WO-Y3ZKD8N88OXI,CA-IL-00000244,,2024-02-01,GENERAL,MEDIUM,COMPLETED,9742.25,3752.27,2024-02-07,6
WO-GB0Y3ZFQCPEQ,CA-IL-00000244,,2024-04-10,STRUCTURAL,HIGH,COMPLETED,1318.78,9968.53,2024-05-01,21
WO-KE6OQHBU34VY,CA-IL-00000244,,2024-04-05,GENERAL,HIGH,COMPLETED,10575.86,7334.98,2024-04-06,1
WO-1IAUXL9BSG9K,CA-IL-00000244,,2024-06-08,LANDSCAPING,MEDIUM,COMPLETED,3977.64,582.12,2024-06-14,6
WO-DW059NYM7WJ7,CA-IL-00000244,,2024-08-23,GENERAL,MEDIUM,COMPLETED,1655.63,7640.13,2024-09-01,9
WO-0IRTPV0EHBV1,CA-IL-00000244,,2024-09-05,LANDSCAPING,MEDIUM,COMPLETED,12021.05,5957.14,2024-09-12,7
WO-CK23G2IFZDLE,CA-IL-00000244,,2024-12-26,HVAC,HIGH,OPEN,9209.74,,,372
WO-8HI9ISJEN9JS,CA-IL-00000244,,2025-02-06,PLUMBING,MEDIUM,COMPLETED,3106.71,10305.95,2025-02-19,13
WO-EN4AXO88KIOV,CA-IL-00000244,,2025-02-26,GENERAL,MEDIUM,COMPLETED,12133.9,886.33,2025-03-04,6
WO-FMSTKX1RUDGV,CA-IL-00000244,,2025-03-07,ROOFING,MEDIUM,COMPLETED,11777.63,7425.67,2025-03-11,4
WO-KDPX0D4NXQ09,CA-IL-00000244,,2025-03-05,GENERAL,LOW,COMPLETED,12822.44,2932.97,2025-03-18,13
WO-X010QO9TNI52,CA-IL-00000244,,2025-04-01,STRUCTURAL,LOW,COMPLETED,4382.33,1819.77,2025-04-22,21
WO-JH68HOMYA55I,CA-CA-00000245,,2024-01-10,LANDSCAPING,HIGH,COMPLETED,1861.63,8636.83,2024-01-21,11
WO-B0CRTR7XDYY2,CA-CA-00000245,,2024-03-09,GENERAL,MEDIUM,COMPLETED,4978.05,4096.53,2024-03-15,6
WO-RW2IP0F44D9I,CA-CA-00000245,,2024-04-19,ELECTRICAL,HIGH,COMPLETED,615.15,6951.64,2024-04-30,11
WO-HD4VPT0HBU4J,CA-CA-00000245,,2024-04-09,ELEVATOR,LOW,COMPLETED,2638.18,5338.12,2024-04-12,3
WO-M0JFLL9VMUKW,CA-CA-00000245,,2024-06-12,ELECTRICAL,LOW,COMPLETED,8777.8,4817.62,2024-06-18,6
WO-VKB5JQDVMBF3,CA-CA-00000245,,2024-08-18,PLUMBING,MEDIUM,COMPLETED,9986.24,5098.52,2024-09-02,15
WO-F4N15UN0ECA6,CA-CA-00000245,,2024-09-25,PLUMBING,LOW,COMPLETED,3787.13,10759.01,2024-09-29,4
WO-17TAHLODR0D6,CA-CA-00000245,,2024-10-02,LANDSCAPING,HIGH,COMPLETED,10381.33,8372.25,2024-10-10,8
WO-52YSLFXBVKCF,CA-CA-00000245,,2024-11-23,ROOFING,MEDIUM,COMPLETED,9213.48,9186.79,2024-12-01,8
WO-ND6HOSFCU8DN,CA-CA-00000245,,2025-01-21,HVAC,LOW,COMPLETED,14787.5,2583.25,2025-02-11,21
WO-XBT8NN9SGYD4,CA-CA-00000245,,2025-02-16,ELECTRICAL,LOW,COMPLETED,5871.13,7332.9,2025-02-23,7
WO-LS0ZYBOJS1QZ,CA-CA-00000245,,2025-03-19,LANDSCAPING,MEDIUM,COMPLETED,8998.48,3530.3,2025-03-21,2
WO-H43BXSI2STAN,CA-CA-00000245,,2025-04-28,GENERAL,EMERGENCY,COMPLETED,2191.12,10087.68,2025-05-16,18
WO-D8HDM0A4L9JL,CA-CA-00000245,,2025-05-28,ELEVATOR,MEDIUM,COMPLETED,7156.42,2905.64,2025-06-03,6
WO-3UGVRZ1VHSZ7,CA-CA-00000245,,2025-05-07,ROOFING,MEDIUM,COMPLETED,3577.8,4147.37,2025-05-12,5
WO-Y1ZWFZFHE2JN,CA-CA-00000245,,2025-06-26,PLUMBING,MEDIUM,COMPLETED,7386.63,3070.91,2025-06-27,1
WO-D789MS4YIV80,CA-CA-00000246,,2024-01-25,GENERAL,HIGH,COMPLETED,13038.57,3097.05,2024-02-02,8
WO-2S709TWID1LB,CA-CA-00000246,,2024-01-14,HVAC,HIGH,COMPLETED,9372.77,2604.15,2024-01-22,8
WO-P92SIKD4Z7PA,CA-CA-00000246,,2024-01-04,LANDSCAPING,MEDIUM,OPEN,7949.86,,,183
WO-V2ZBQO5G4QEI,CA-CA-00000246,,2024-02-08,PLUMBING,LOW,COMPLETED,13953.06,2928.93,2024-02-26,18
WO-5X7NFPH5Y0Y3,CA-CA-00000246,,2024-02-01,ELECTRICAL,MEDIUM,OPEN,12431.97,,,155
WO-18HC3OBEDTLK,CA-CA-00000246,,2024-02-26,HVAC,MEDIUM,COMPLETED,7948.99,6224.96,2024-03-10,13
WO-OXLOU0459WDD,CA-CA-00000246,,2024-03-11,HVAC,HIGH,COMPLETED,7719.81,1984.29,2024-03-15,4
WO-TY5DSHG6M5A5,CA-CA-00000246,,2024-03-25,PLUMBING,HIGH,COMPLETED,848.92,5311.83,2024-03-29,4
WO-KKQ8CRG7VVZ5,CA-CA-00000246,,2024-03-02,ELECTRICAL,MEDIUM,COMPLETED,5274.42,10262.26,2024-03-21,19
WO-X98RWI8C2090,CA-CA-00000246,,2024-05-18,ROOFING,MEDIUM,DEFERRED,13153.1,,,60
WO-LWKUJNLGZ6JF,CA-CA-00000246,,2024-05-23,PLUMBING,LOW,COMPLETED,5865.19,1072.21,2024-06-05,13
WO-NG2RHSDG3Z89,CA-CA-00000246,,2024-05-03,LANDSCAPING,MEDIUM,COMPLETED,9735.9,9574.25,2024-05-06,3
WO-LZPIYU4JS639,CA-CA-00000246,,2024-05-06,HVAC,MEDIUM,DEFERRED,4728.41,,,52
WO-XHOK7H0Z5LHJ,CA-CA-00000246,,2024-06-08,HVAC,MEDIUM,COMPLETED,1715.82,8837.24,2024-06-09,1
WO-LCG2HW22RHBW,CA-CA-00000246,,2024-06-16,ELEVATOR,MEDIUM,COMPLETED,10278.0,412.06,2024-06-26,10
WO-UMBZSP3M97K3,CA-CA-00000246,,2024-06-15,ROOFING,MEDIUM,OPEN,7034.56,,,41
WO-04KY0QT2KX7S,CA-CA-00000246,,2024-07-17,GENERAL,MEDIUM,COMPLETED,14023.5,10332.03,2024-07-20,3
WO-QH79UUSK0X02,CA-CA-00000246,,2024-07-04,ELEVATOR,EMERGENCY,COMPLETED,5609.78,452.25,2024-07-17,13
WO-1UTPUB3IZK3C,CA-CA-00000246,,2024-07-16,LANDSCAPING,EMERGENCY,COMPLETED,260.03,3585.25,2024-08-04,19
WO-BNLJHD56ZOMF,CA-CA-00000246,,2024-08-05,ELECTRICAL,HIGH,COMPLETED,7158.84,4034.4,2024-08-11,6
WO-KGY9ULEIOL7J,CA-CA-00000246,,2024-09-27,STRUCTURAL,LOW,COMPLETED,8894.42,557.29,2024-10-10,13
WO-B40RD2Z3BD88,CA-CA-00000246,,2024-09-05,HVAC,HIGH,COMPLETED,11723.66,3633.71,2024-09-16,11
WO-7XDK8ZJRAXX0,CA-CA-00000246,,2024-09-27,ELECTRICAL,MEDIUM,COMPLETED,12522.32,5426.35,2024-10-06,9
WO-7CC7M69UQ7YZ,CA-CA-00000246,,2024-09-24,GENERAL,HIGH,DEFERRED,9953.28,,,49
WO-MR7F3J9W093V,CA-CA-00000246,,2024-10-07,STRUCTURAL,MEDIUM,COMPLETED,2250.12,1832.37,2024-10-22,15
WO-37REYNFP1RUR,CA-CA-00000246,,2024-10-19,STRUCTURAL,MEDIUM,OPEN,7869.26,,,26
WO-D4T6V03CAV1J,CA-CA-00000246,,2024-11-17,LANDSCAPING,MEDIUM,COMPLETED,4509.44,11068.93,2024-12-02,15
WO-NY2C1HWZIVAV,CA-CA-00000246,,2024-11-01,LANDSCAPING,MEDIUM,COMPLETED,13188.28,7407.21,2024-11-07,6
WO-2D1VIQVT5W5T,CA-CA-00000246,,2024-11-18,LANDSCAPING,LOW,COMPLETED,11184.7,10552.63,2024-12-06,18
WO-U0MGTL7S9FLA,CA-CA-00000246,,2024-12-19,ELEVATOR,MEDIUM,COMPLETED,9810.01,11267.66,2024-12-23,4
WO-Q8V1SJWVDTND,CA-CA-00000246,,2024-12-08,LANDSCAPING,MEDIUM,COMPLETED,6142.67,9128.71,2024-12-18,10
WO-UI1IF49LL2RQ,CA-CA-00000246,,2024-12-18,GENERAL,MEDIUM,COMPLETED,2073.45,6943.98,2024-12-28,10
WO-YCA6Z5XSD8S2,CA-CA-00000246,,2025-01-14,GENERAL,MEDIUM,OPEN,4857.87,,,24
WO-CW00131OD70K,CA-CA-00000246,,2025-01-14,GENERAL,LOW,COMPLETED,4387.51,8164.83,2025-02-02,19
WO-PXX70TK9PNO4,CA-CA-00000246,,2025-01-02,ELECTRICAL,MEDIUM,DEFERRED,9214.93,,,15
WO-G48VD1FP1T2E,CA-CA-00000246,,2025-02-16,ELEVATOR,EMERGENCY,DEFERRED,5240.04,,,179
WO-AM34YTPDX94W,CA-CA-00000246,,2025-02-27,LANDSCAPING,MEDIUM,COMPLETED,7850.45,9222.77,2025-03-19,20
WO-UNFP0HGO0WWW,CA-CA-00000246,,2025-02-14,ELEVATOR,HIGH,COMPLETED,5650.45,3205.22,2025-02-16,2
WO-DCR7OFBHBM9E,CA-CA-00000246,,2025-03-03,STRUCTURAL,LOW,COMPLETED,7716.2,8185.89,2025-03-15,12
WO-5S3BNZ952WIS,CA-CA-00000246,,2025-04-25,HVAC,EMERGENCY,DEFERRED,13258.02,,,68
WO-MCTV0Q9OEQ9H,CA-CA-00000246,,2025-04-14,ELECTRICAL,LOW,COMPLETED,1063.02,3897.33,2025-04-24,10
WO-U5BG3T5HDXZ4,CA-CA-00000246,,2025-04-03,STRUCTURAL,HIGH,COMPLETED,6389.0,1371.57,2025-04-08,5
WO-6V66PTFULZI5,CA-CA-00000246,,2025-04-01,LANDSCAPING,MEDIUM,COMPLETED,560.87,10994.8,2025-04-19,18
WO-7M90CW9GK6NY,CA-CA-00000246,,2025-04-01,LANDSCAPING,MEDIUM,COMPLETED,6567.04,7460.61,2025-04-02,1
WO-BD2O0JCFVBGT,CA-CA-00000246,,2025-05-17,GENERAL,MEDIUM,COMPLETED,10553.07,3746.57,2025-06-06,20
WO-9KL6M2WP8JDQ,CA-CA-00000246,,2025-05-22,LANDSCAPING,LOW,DEFERRED,4950.19,,,39
WO-2JB1XJ8GXIHG,CA-CA-00000247,,2024-01-13,ROOFING,EMERGENCY,COMPLETED,5929.08,7758.91,2024-01-28,15
WO-EE49AJM7MS1V,CA-CA-00000247,,2024-04-14,ELECTRICAL,MEDIUM,COMPLETED,9006.46,10249.57,2024-04-21,7
WO-NKSOVCO5JYNP,CA-CA-00000247,,2024-07-11,ROOFING,MEDIUM,COMPLETED,4392.5,2577.56,2024-07-21,10
WO-7SR48F3TJKJY,CA-CA-00000247,,2024-08-13,LANDSCAPING,MEDIUM,COMPLETED,10022.06,9754.41,2024-08-20,7
WO-MGYEJFYDEY17,CA-CA-00000247,,2024-09-17,ELEVATOR,LOW,COMPLETED,3948.74,7796.08,2024-09-19,2
WO-E8BXPY40L0FM,CA-CA-00000247,,2024-11-03,GENERAL,MEDIUM,COMPLETED,9700.85,11039.91,2024-11-09,6
WO-0PDRAFXZYL5W,CA-CA-00000247,,2024-11-10,PLUMBING,LOW,COMPLETED,1381.7,1671.35,2024-11-20,10
WO-H89MAWAUA49C,CA-CA-00000247,,2024-11-11,GENERAL,LOW,COMPLETED,292.84,2291.06,2024-11-18,7
WO-8CNA5SKCH16T,CA-CA-00000247,,2024-12-01,ELECTRICAL,LOW,COMPLETED,1618.25,5265.79,2024-12-17,16
WO-RECPB6CFGWEO,CA-CA-00000247,,2025-01-21,STRUCTURAL,MEDIUM,COMPLETED,649.99,8754.18,2025-02-07,17
WO-V81IPRHOA0JL,CA-CA-00000247,,2025-03-03,PLUMBING,MEDIUM,COMPLETED,7673.36,1800.16,2025-03-15,12
WO-1NFDEM5FMW3M,CA-CA-00000247,,2025-04-19,LANDSCAPING,LOW,COMPLETED,332.15,4696.88,2025-05-07,18
WO-NDQ4SD80X0P8,CA-CA-00000247,,2025-05-12,ROOFING,EMERGENCY,COMPLETED,8010.15,9372.48,2025-05-24,12
WO-3OP967AFNVGM,CA-CA-00000247,,2025-05-27,GENERAL,MEDIUM,COMPLETED,2885.92,5976.67,2025-06-01,5
WO-ZZ0RBU2VYPZH,CA-WA-00000248,,2024-01-03,ELECTRICAL,MEDIUM,COMPLETED,8384.37,7917.38,2024-01-05,2
WO-6TLOKQIIKQKI,CA-WA-00000248,,2024-02-01,PLUMBING,MEDIUM,COMPLETED,2361.21,8035.21,2024-02-13,12
WO-NIHL1K0QZJQL,CA-WA-00000248,,2024-03-24,GENERAL,LOW,COMPLETED,12895.2,5023.17,2024-04-04,11
WO-8Y1BMSY9YSL3,CA-WA-00000248,,2024-04-16,LANDSCAPING,LOW,COMPLETED,4744.12,10777.6,2024-04-19,3
WO-R4VUUHB7SXHP,CA-WA-00000248,,2024-05-15,ELECTRICAL,MEDIUM,COMPLETED,9184.2,162.2,2024-05-24,9
WO-WOHDW8HDDK3J,CA-WA-00000248,,2024-07-21,PLUMBING,HIGH,COMPLETED,12606.14,7379.5,2024-08-11,21
WO-4H60QIG4AOX3,CA-WA-00000248,,2024-07-02,GENERAL,MEDIUM,COMPLETED,10378.98,5429.64,2024-07-10,8
WO-UBCP0NZKNZ8H,CA-WA-00000248,,2024-08-16,ELECTRICAL,LOW,COMPLETED,4013.39,7974.34,2024-08-24,8
WO-9QQFB7DE4LZR,CA-WA-00000248,,2024-12-08,LANDSCAPING,LOW,COMPLETED,8294.27,11678.86,2024-12-14,6
WO-NXP33NW241J8,CA-WA-00000248,,2025-03-25,HVAC,MEDIUM,COMPLETED,8511.23,5906.52,2025-04-12,18
WO-MRA6QIZ39294,CA-WA-00000248,,2025-04-04,STRUCTURAL,LOW,COMPLETED,14846.41,8395.75,2025-04-09,5
WO-PUS897OA2GRZ,CA-WA-00000248,,2025-05-25,STRUCTURAL,LOW,COMPLETED,1874.63,2452.32,2025-06-13,19
WO-BAX7D36W1UEO,CA-FL-00000249,,2024-01-04,ELEVATOR,MEDIUM,COMPLETED,13152.07,6120.32,2024-01-10,6
WO-5BY7JQZUWNMQ,CA-FL-00000249,,2024-04-13,HVAC,MEDIUM,COMPLETED,6181.67,1992.36,2024-04-29,16
WO-ITOVKVX9VUEG,CA-FL-00000249,,2024-05-28,STRUCTURAL,LOW,COMPLETED,8268.61,7054.76,2024-06-02,5
WO-O30I5HBKAII4,CA-FL-00000249,,2024-06-25,ELECTRICAL,HIGH,COMPLETED,204.84,6072.21,2024-06-28,3
WO-44G960C0WUG8,CA-FL-00000249,,2024-09-16,STRUCTURAL,LOW,COMPLETED,9734.78,198.26,2024-09-25,9
WO-R4TAKDZRFOZO,CA-FL-00000249,,2024-12-15,HVAC,LOW,COMPLETED,865.85,11259.7,2024-12-25,10
WO-TJV9O8IGWZEF,CA-FL-00000249,,2025-02-04,HVAC,EMERGENCY,COMPLETED,14127.95,8830.4,2025-02-06,2
WO-DCTMVGFTTZSK,CA-FL-00000249,,2025-02-20,GENERAL,MEDIUM,COMPLETED,6406.89,4004.25,2025-03-09,17
WO-N37JSFMPL5AL,CA-FL-00000249,,2025-03-18,ELECTRICAL,MEDIUM,COMPLETED,13980.29,3360.21,2025-03-19,1
WO-08SDKULYIBP2,CA-FL-00000249,,2025-03-19,ROOFING,LOW,COMPLETED,4458.78,4396.5,2025-04-08,20
WO-DEKMI10QRIEO,CA-FL-00000249,,2025-05-26,GENERAL,HIGH,COMPLETED,14057.59,452.06,2025-05-29,3
WO-IBLN6X2NN6QW,CA-FL-00000249,,2025-05-26,ELEVATOR,LOW,COMPLETED,12623.61,9519.35,2025-05-29,3
WO-BHNRA00KH1Y8,CA-FL-00000249,,2025-06-04,ELECTRICAL,MEDIUM,COMPLETED,14210.16,3419.64,2025-06-25,21
WO-9NLUIPXJESM7,CA-TX-00000250,,2024-01-10,LANDSCAPING,MEDIUM,OPEN,9751.43,,,36
WO-Q6R2USFF2YHQ,CA-TX-00000250,,2024-01-27,ELECTRICAL,LOW,COMPLETED,6284.94,1235.44,2024-02-15,19
WO-32ALFXKNCX16,CA-TX-00000250,,2024-01-06,ELECTRICAL,HIGH,DEFERRED,10128.85,,,114
WO-30K8F1CUKFCZ,CA-TX-00000250,,2024-02-16,HVAC,MEDIUM,COMPLETED,7753.52,11594.22,2024-03-01,14
WO-JF5S7H47IORG,CA-TX-00000250,,2024-02-25,PLUMBING,HIGH,DEFERRED,4544.67,,,28
WO-5K4RT7VR6PSH,CA-TX-00000250,,2024-02-11,GENERAL,MEDIUM,COMPLETED,4830.53,436.73,2024-02-29,18
WO-SKJ9GHOBHV03,CA-TX-00000250,,2024-03-01,LANDSCAPING,LOW,OPEN,12672.21,,,16
WO-01KKRTFR4NXL,CA-TX-00000250,,2024-04-01,PLUMBING,LOW,COMPLETED,14491.21,8784.51,2024-04-22,21
WO-ZBYVKAY18JQA,CA-TX-00000250,,2024-04-23,STRUCTURAL,LOW,COMPLETED,11109.78,10032.53,2024-04-27,4
WO-7DJXMT20N3AI,CA-TX-00000250,,2024-04-15,GENERAL,HIGH,DEFERRED,2964.07,,,86
WO-A5Z2TDEWDGYF,CA-TX-00000250,,2024-05-22,STRUCTURAL,EMERGENCY,COMPLETED,6262.55,3885.31,2024-06-08,17
WO-51O1WAEL5CE8,CA-TX-00000250,,2024-05-13,ELECTRICAL,HIGH,OPEN,12005.29,,,49
WO-71HOBXMW9X0W,CA-TX-00000250,,2024-05-20,STRUCTURAL,MEDIUM,COMPLETED,9003.99,792.32,2024-06-09,20
WO-4AGW6DNMCTQ5,CA-TX-00000250,,2024-06-24,STRUCTURAL,MEDIUM,COMPLETED,13921.13,6639.51,2024-07-07,13
WO-WHQB6C7G5HHU,CA-TX-00000250,,2024-07-19,ROOFING,LOW,COMPLETED,5824.06,9316.13,2024-08-07,19
WO-CN875Y9H1N9Z,CA-TX-00000250,,2024-08-07,GENERAL,HIGH,OPEN,5065.63,,,37
WO-AWTB5JIDAB2U,CA-TX-00000250,,2024-08-23,GENERAL,MEDIUM,COMPLETED,1568.77,10658.13,2024-09-08,16
WO-BA42BO35NDR0,CA-TX-00000250,,2024-08-14,ROOFING,MEDIUM,COMPLETED,6426.41,3650.25,2024-08-18,4
WO-DZKLCRVST3VA,CA-TX-00000250,,2024-08-04,ELECTRICAL,MEDIUM,OPEN,13950.52,,,61
WO-7BVNNHKYSMQ1,CA-TX-00000250,,2024-09-11,ELECTRICAL,MEDIUM,COMPLETED,11540.88,9469.47,2024-09-19,8
WO-0ZFZE7KIJRQO,CA-TX-00000250,,2024-10-12,LANDSCAPING,LOW,COMPLETED,5704.64,5069.58,2024-11-02,21
WO-FNTSXG4M65UE,CA-TX-00000250,,2024-10-14,PLUMBING,LOW,OPEN,11902.18,,,37
WO-S6G0C6H78G4R,CA-TX-00000250,,2024-10-23,ELEVATOR,MEDIUM,COMPLETED,1434.82,4294.88,2024-11-07,15
WO-EIQ7NSOM7APH,CA-TX-00000250,,2024-11-07,LANDSCAPING,MEDIUM,COMPLETED,12318.55,7714.06,2024-11-19,12
WO-6494GXPJLAHI,CA-TX-00000250,,2024-11-28,LANDSCAPING,LOW,COMPLETED,14561.55,3733.26,2024-11-30,2
WO-TRDRA04WMRKQ,CA-TX-00000250,,2024-11-21,LANDSCAPING,MEDIUM,DEFERRED,10956.73,,,101
WO-Q48J2K1WPWYT,CA-TX-00000250,,2024-11-25,HVAC,LOW,COMPLETED,2378.25,11165.97,2024-12-09,14
WO-ZCLOPVX5C4YH,CA-TX-00000250,,2024-12-07,ELEVATOR,LOW,DEFERRED,3472.78,,,49
WO-9FJKM0GO32H9,CA-TX-00000250,,2024-12-04,ELECTRICAL,HIGH,DEFERRED,10250.44,,,35
WO-HT8IPOPSDZV4,CA-TX-00000250,,2025-02-14,HVAC,LOW,COMPLETED,6697.16,8617.65,2025-03-01,15
WO-OBG8N11UVMLZ,CA-TX-00000250,,2025-03-15,ROOFING,MEDIUM,COMPLETED,7539.61,8666.04,2025-03-27,12
WO-FCUMCNW8X2Y4,CA-TX-00000250,,2025-03-20,GENERAL,MEDIUM,OPEN,4105.49,,,70
WO-XBYAVO6DAVQN,CA-TX-00000250,,2025-03-02,ELECTRICAL,LOW,COMPLETED,12281.42,9148.59,2025-03-07,5
WO-BPSY3HNUWANV,CA-TX-00000250,,2025-04-14,ELECTRICAL,LOW,COMPLETED,14418.87,9592.15,2025-05-01,17
WO-0ACNA4U6J4DT,CA-TX-00000250,,2025-04-19,PLUMBING,HIGH,COMPLETED,4236.86,9961.67,2025-05-03,14
WO-G4C3SX7PDBG4,CA-TX-00000250,,2025-04-18,STRUCTURAL,MEDIUM,COMPLETED,9136.52,400.55,2025-04-29,11
WO-URY6W4NPHMKB,CA-TX-00000250,,2025-05-28,ELEVATOR,EMERGENCY,COMPLETED,912.19,3562.14,2025-06-06,9
WO-MIDA407U117Z,CA-TX-00000250,,2025-05-11,PLUMBING,MEDIUM,COMPLETED,2593.72,7871.14,2025-05-18,7
WO-LFF6091Q6CO2,CA-TX-00000250,,2025-06-16,PLUMBING,LOW,COMPLETED,12974.43,4616.72,2025-06-20,4
WO-ISYPSUY0PQU1,CA-TX-00000250,,2025-06-20,ROOFING,LOW,COMPLETED,10557.02,11120.4,2025-06-29,9
WO-W34K71IGR3GH,CA-TX-00000250,,2025-06-27,STRUCTURAL,LOW,OPEN,10226.67,,,57
WO-01YEAGQPE4U3,CA-TX-00000250,,2025-06-19,LANDSCAPING,MEDIUM,COMPLETED,13355.6,10311.97,2025-06-23,4
WO-KJAZI2VJG533,CA-FL-00000251,,2024-01-19,PLUMBING,MEDIUM,COMPLETED,12381.42,8586.17,2024-01-21,2
WO-ZI7NVMYTW7VB,CA-FL-00000251,,2024-04-13,LANDSCAPING,MEDIUM,COMPLETED,1038.47,8000.63,2024-04-23,10
WO-E1O33SR7SU10,CA-FL-00000251,,2024-06-17,ELEVATOR,HIGH,COMPLETED,4724.08,1908.67,2024-06-18,1
WO-E28WT6F9GHCP,CA-FL-00000251,,2024-08-06,HVAC,MEDIUM,COMPLETED,11397.56,4950.05,2024-08-10,4
WO-25YUYSVVK8I0,CA-FL-00000251,,2024-08-12,STRUCTURAL,MEDIUM,COMPLETED,13005.16,11772.18,2024-09-01,20
WO-YYGRII09EB96,CA-FL-00000251,,2024-09-14,ELEVATOR,LOW,COMPLETED,13782.42,10076.55,2024-09-27,13
WO-DO5I8203XDDJ,CA-FL-00000251,,2024-10-25,PLUMBING,MEDIUM,COMPLETED,1831.33,4543.21,2024-11-01,7
WO-8OSO77OVQBL8,CA-FL-00000251,,2024-11-07,ROOFING,LOW,COMPLETED,6447.91,6325.68,2024-11-24,17
WO-F5YNOYVUY69B,CA-FL-00000251,,2024-12-02,ELECTRICAL,MEDIUM,COMPLETED,8529.79,6583.16,2024-12-21,19
WO-CHOEZ7CW1L7Q,CA-FL-00000251,,2025-02-21,LANDSCAPING,LOW,COMPLETED,11607.04,8630.35,2025-03-11,18
WO-EZTB1LSLTMAW,CA-FL-00000251,,2025-02-22,GENERAL,HIGH,COMPLETED,2219.88,2167.63,2025-03-05,11
WO-OTHY73245KN5,CA-FL-00000251,,2025-04-26,HVAC,LOW,COMPLETED,11230.87,1931.48,2025-04-27,1
WO-2E0C0UVB9WS4,CA-FL-00000251,,2025-06-05,PLUMBING,HIGH,COMPLETED,9781.89,4227.93,2025-06-21,16
WO-AOFF8708E5FM,CA-TX-00000252,,2024-01-07,HVAC,MEDIUM,COMPLETED,7852.61,9581.13,2024-01-24,17
WO-E5H1UN7UUU6X,CA-TX-00000252,,2024-01-28,PLUMBING,LOW,OPEN,11080.2,,,208
WO-GUY9GJJTYCFI,CA-TX-00000252,,2024-01-16,LANDSCAPING,HIGH,OPEN,6799.92,,,15
WO-JTD4ZQ7FDJWQ,CA-TX-00000252,,2024-01-07,HVAC,HIGH,DEFERRED,12034.52,,,33
WO-HDSPYJJ9IQE1,CA-TX-00000252,,2024-01-26,GENERAL,MEDIUM,OPEN,10139.88,,,105
WO-MR5NLXH886RM,CA-TX-00000252,,2024-02-17,GENERAL,LOW,OPEN,2507.36,,,63
WO-K7BYTL15LN0Z,CA-TX-00000252,,2024-02-17,STRUCTURAL,LOW,DEFERRED,12072.54,,,25
WO-8AGJO88NFTRG,CA-TX-00000252,,2024-02-07,PLUMBING,HIGH,COMPLETED,6406.25,9916.55,2024-02-10,3
WO-F6WQ4NW6OSHS,CA-TX-00000252,,2024-02-17,GENERAL,LOW,COMPLETED,3825.64,4244.48,2024-03-06,18
WO-A7BG351L0JQG,CA-TX-00000252,,2024-02-26,ELECTRICAL,MEDIUM,COMPLETED,10580.46,891.32,2024-03-15,18
WO-4YGCXW5Q29GK,CA-TX-00000252,,2024-02-05,ELECTRICAL,MEDIUM,COMPLETED,4644.49,2925.08,2024-02-09,4
WO-MEHHYR9WWJEF,CA-TX-00000252,,2024-03-18,HVAC,LOW,OPEN,6843.45,,,147
WO-C7P5D6ISQOCV,CA-TX-00000252,,2024-03-03,STRUCTURAL,MEDIUM,COMPLETED,10948.9,1647.54,2024-03-24,21
WO-HJ4TXMMEKP5Y,CA-TX-00000252,,2024-03-05,ROOFING,MEDIUM,DEFERRED,10548.03,,,52
WO-OFSMETX7FA0C,CA-TX-00000252,,2024-03-10,PLUMBING,LOW,OPEN,7511.26,,,73
WO-JCOA2Z8KMUS7,CA-TX-00000252,,2024-04-17,STRUCTURAL,LOW,DEFERRED,12719.89,,,21
WO-ZDEKN48TLZ1M,CA-TX-00000252,,2024-04-24,ELECTRICAL,LOW,DEFERRED,12870.38,,,115
WO-YYT0XQ2DA08U,CA-TX-00000252,,2024-04-15,ELEVATOR,LOW,COMPLETED,11984.29,8084.1,2024-05-06,21
WO-KD993UU7TVFF,CA-TX-00000252,,2024-04-27,PLUMBING,MEDIUM,COMPLETED,4536.98,402.78,2024-05-03,6
WO-8FZRMW37ZG8U,CA-TX-00000252,,2024-04-10,PLUMBING,LOW,DEFERRED,12485.93,,,81
WO-OE8ZLJX7DUPI,CA-TX-00000252,,2024-05-03,LANDSCAPING,HIGH,OPEN,8613.4,,,24
WO-HH9SWU0QYVIQ,CA-TX-00000252,,2024-05-10,ELECTRICAL,MEDIUM,COMPLETED,3417.55,2619.76,2024-05-15,5
WO-FGDWZVXZGM1H,CA-TX-00000252,,2024-05-17,PLUMBING,MEDIUM,DEFERRED,6076.36,,,105
WO-1KPO4WAPR3DQ,CA-TX-00000252,,2024-05-27,STRUCTURAL,LOW,COMPLETED,8536.53,6337.52,2024-06-14,18
WO-5OVRUM0STCTA,CA-TX-00000252,,2024-05-16,PLUMBING,HIGH,DEFERRED,11026.98,,,19
WO-0KX7TKA3SURI,CA-TX-00000252,,2024-05-19,STRUCTURAL,MEDIUM,OPEN,1530.64,,,61
WO-EUKFLRDN7F42,CA-TX-00000252,,2024-05-11,LANDSCAPING,LOW,DEFERRED,5739.31,,,119
WO-YM8AL3ZYHZRU,CA-TX-00000252,,2024-05-10,GENERAL,MEDIUM,COMPLETED,14612.35,4520.02,2024-05-25,15
WO-TJA902PZCD96,CA-TX-00000252,,2024-05-22,LANDSCAPING,LOW,COMPLETED,14876.17,4653.64,2024-05-28,6
WO-K53IN3FPQLFO,CA-TX-00000252,,2024-05-13,PLUMBING,MEDIUM,COMPLETED,3299.24,10616.91,2024-05-17,4
WO-DITY8XR1MGIX,CA-TX-00000252,,2024-07-02,GENERAL,MEDIUM,COMPLETED,10604.45,8451.68,2024-07-12,10
WO-MCHDHR23UVS2,CA-TX-00000252,,2024-07-08,ELECTRICAL,LOW,OPEN,14079.11,,,34
WO-RE1T0A6KEM93,CA-TX-00000252,,2024-07-13,PLUMBING,MEDIUM,COMPLETED,12136.87,1043.52,2024-07-16,3
WO-T4LSYCVUCXWJ,CA-TX-00000252,,2024-07-09,ELEVATOR,HIGH,COMPLETED,5876.2,7790.76,2024-07-18,9
WO-BGPAM8ANSJHB,CA-TX-00000252,,2024-07-28,PLUMBING,EMERGENCY,COMPLETED,7890.2,4841.48,2024-08-11,14
WO-6ZFJRRT97ZWU,CA-TX-00000252,,2024-08-24,PLUMBING,MEDIUM,OPEN,11385.54,,,74
WO-JFKIEULMRJDH,CA-TX-00000252,,2024-08-05,HVAC,HIGH,OPEN,2196.9,,,133
WO-FWJUL4CVJTO3,CA-TX-00000252,,2024-08-08,ROOFING,MEDIUM,COMPLETED,10282.76,11453.86,2024-08-11,3
WO-KG0GPUNFMXD4,CA-TX-00000252,,2024-09-08,ELEVATOR,MEDIUM,DEFERRED,11471.06,,,64
WO-5QAOY0RFHUHY,CA-TX-00000252,,2024-09-25,LANDSCAPING,MEDIUM,OPEN,607.53,,,59
WO-87FGWB2EH7DA,CA-TX-00000252,,2024-09-07,LANDSCAPING,MEDIUM,COMPLETED,6877.02,2335.68,2024-09-17,10
WO-UIQ2P2WV76ZF,CA-TX-00000252,,2024-09-07,LANDSCAPING,EMERGENCY,DEFERRED,9869.54,,,54
WO-774PPGG9HSFG,CA-TX-00000252,,2024-09-08,PLUMBING,LOW,DEFERRED,6073.96,,,22
WO-5GUL1E7EPHL3,CA-TX-00000252,,2024-10-27,LANDSCAPING,MEDIUM,OPEN,6961.43,,,69
WO-6X1LGOSZCQML,CA-TX-00000252,,2024-10-26,LANDSCAPING,MEDIUM,COMPLETED,12996.12,7827.73,2024-11-07,12
WO-FEHSNQHTANZH,CA-TX-00000252,,2024-10-14,ELECTRICAL,LOW,DEFERRED,4274.31,,,74
WO-NIM3MXOCCNCB,CA-TX-00000252,,2024-10-17,LANDSCAPING,HIGH,DEFERRED,10438.32,,,28
WO-6J6UHBHSQVC9,CA-TX-00000252,,2024-10-16,HVAC,HIGH,COMPLETED,7986.45,7154.8,2024-10-19,3
WO-X71LR5ZGCZ2T,CA-TX-00000252,,2024-10-04,HVAC,HIGH,COMPLETED,11876.68,2305.52,2024-10-13,9
WO-CLBUEIYQFAXD,CA-TX-00000252,,2024-10-20,HVAC,MEDIUM,OPEN,12240.44,,,37
WO-58COJ4LQ2NW2,CA-TX-00000252,,2024-11-19,HVAC,MEDIUM,OPEN,1802.26,,,16
WO-OA0YM7WMPW7P,CA-TX-00000252,,2024-11-09,HVAC,EMERGENCY,OPEN,9179.71,,,14
WO-5JSSO38JETO3,CA-TX-00000252,,2024-11-16,PLUMBING,HIGH,OPEN,11373.63,,,33
WO-45ACP6GKWGLS,CA-TX-00000252,,2024-11-03,STRUCTURAL,MEDIUM,COMPLETED,14713.27,3466.5,2024-11-21,18
WO-OYSUQEPF5TB4,CA-TX-00000252,,2024-11-17,PLUMBING,LOW,COMPLETED,14358.43,7628.52,2024-12-07,20
WO-1ONYT95AKOLY,CA-TX-00000252,,2024-12-11,LANDSCAPING,MEDIUM,OPEN,3655.48,,,32
WO-A20KTLTJ0IGC,CA-TX-00000252,,2024-12-09,GENERAL,MEDIUM,OPEN,3749.0,,,24
WO-W1DY310JFROE,CA-TX-00000252,,2024-12-10,ROOFING,HIGH,OPEN,7138.93,,,28
WO-GBBZJZJIF4PH,CA-TX-00000252,,2024-12-11,ELECTRICAL,LOW,OPEN,13716.64,,,37
WO-D3TPY5FVZ019,CA-TX-00000252,,2024-12-10,GENERAL,MEDIUM,DEFERRED,7809.5,,,41
WO-4QVN6PE66K87,CA-TX-00000252,,2024-12-22,ROOFING,MEDIUM,DEFERRED,5930.43,,,308
WO-UBT7GKEULCRG,CA-TX-00000252,,2025-01-16,PLUMBING,HIGH,COMPLETED,5295.55,3670.17,2025-01-22,6
WO-YBVRTYW3J3RF,CA-TX-00000252,,2025-01-18,STRUCTURAL,EMERGENCY,COMPLETED,9066.85,11760.6,2025-02-07,20
WO-5Y61TU0CF91E,CA-TX-00000252,,2025-01-06,ROOFING,MEDIUM,DEFERRED,9476.5,,,123
WO-8CDZ3FO5NN00,CA-TX-00000252,,2025-01-19,HVAC,MEDIUM,COMPLETED,7207.22,4349.24,2025-01-25,6
WO-ZGXSD38QM252,CA-TX-00000252,,2025-01-27,LANDSCAPING,MEDIUM,COMPLETED,2813.83,7988.55,2025-02-08,12
WO-IS2TLUMSNW3S,CA-TX-00000252,,2025-01-27,ELECTRICAL,MEDIUM,COMPLETED,14063.81,4949.57,2025-02-02,6
WO-J9IB4OMH8LXT,CA-TX-00000252,,2025-01-08,ELEVATOR,MEDIUM,DEFERRED,12043.7,,,139
WO-WMUZ8D64VNQN,CA-TX-00000252,,2025-02-21,HVAC,MEDIUM,DEFERRED,5029.67,,,20
WO-WQXTKKJE58TD,CA-TX-00000252,,2025-02-07,GENERAL,EMERGENCY,OPEN,10018.25,,,22
WO-HW5GFNDMM4BH,CA-TX-00000252,,2025-02-17,HVAC,MEDIUM,OPEN,9420.45,,,158
WO-O8RX2BL460NU,CA-TX-00000252,,2025-03-08,GENERAL,HIGH,COMPLETED,5124.16,1735.92,2025-03-10,2
WO-I1VFZHH1CSGR,CA-TX-00000252,,2025-03-22,ELEVATOR,LOW,DEFERRED,14261.19,,,20
WO-AMSQHJVO70D0,CA-TX-00000252,,2025-03-15,LANDSCAPING,HIGH,DEFERRED,628.58,,,38
WO-NRNIHLEOL168,CA-TX-00000252,,2025-03-24,ROOFING,MEDIUM,OPEN,4464.07,,,45
WO-55KSKEEJGTIU,CA-TX-00000252,,2025-04-14,ELEVATOR,MEDIUM,DEFERRED,7531.17,,,66
WO-4D25M9PPIARL,CA-TX-00000252,,2025-04-28,HVAC,MEDIUM,DEFERRED,7717.69,,,28
WO-02L27WZ17GQU,CA-TX-00000252,,2025-04-08,STRUCTURAL,LOW,DEFERRED,8345.25,,,94
WO-TMPT66FTCWYK,CA-TX-00000252,,2025-04-22,ELECTRICAL,MEDIUM,COMPLETED,12779.15,9256.79,2025-04-29,7
WO-1TST5FFBS7PI,CA-TX-00000252,,2025-04-14,PLUMBING,EMERGENCY,DEFERRED,11976.77,,,32
WO-E2J20I65YMV1,CA-TX-00000252,,2025-04-28,HVAC,LOW,OPEN,3626.06,,,48
WO-O3L94ZU2JZ5K,CA-TX-00000252,,2025-05-23,ROOFING,MEDIUM,DEFERRED,11347.07,,,32
WO-UE1B0ENGSA3Q,CA-TX-00000252,,2025-05-22,GENERAL,LOW,DEFERRED,3463.28,,,34
WO-5IAICF7VA0VT,CA-TX-00000252,,2025-05-19,PLUMBING,LOW,DEFERRED,2941.04,,,87
WO-RCSGVVCRHCHB,CA-TX-00000252,,2025-05-11,ELECTRICAL,MEDIUM,COMPLETED,9217.53,7128.38,2025-05-26,15
WO-I4G9B6R85FSG,CA-TX-00000252,,2025-05-15,ROOFING,MEDIUM,DEFERRED,10729.31,,,27
WO-5Q4T222XLSLE,CA-TX-00000252,,2025-05-16,ELECTRICAL,LOW,OPEN,2160.63,,,40
WO-8D6OM9TB145V,CA-TX-00000252,,2025-05-08,ELECTRICAL,LOW,COMPLETED,4159.48,11025.65,2025-05-23,15
WO-AACNP2XBTPB8,CA-TX-00000252,,2025-06-13,GENERAL,LOW,OPEN,1728.54,,,282
WO-KKZCUGF2F7S5,CA-TX-00000252,,2025-06-15,GENERAL,LOW,OPEN,2439.42,,,88
WO-6QL1BR4W75FR,CA-TX-00000252,,2025-06-26,STRUCTURAL,LOW,COMPLETED,9956.82,9846.55,2025-07-15,19
WO-H1F6GYVG4VDX,CA-TX-00000252,,2025-06-14,PLUMBING,HIGH,DEFERRED,11660.72,,,79
WO-MFORJZG9ED9Y,CA-TX-00000252,,2025-06-01,PLUMBING,HIGH,OPEN,7537.69,,,83
WO-6FRCO1DBD1DL,CA-TX-00000252,,2025-06-15,LANDSCAPING,MEDIUM,OPEN,6697.63,,,23
WO-A47HMDC7EB5W,CA-FL-00000253,,2024-01-10,LANDSCAPING,EMERGENCY,OPEN,1720.78,,,53
WO-RF3C610XOFN3,CA-FL-00000253,,2024-01-06,ELECTRICAL,MEDIUM,COMPLETED,10879.52,8643.62,2024-01-11,5
WO-ZFO79FM81T5L,CA-FL-00000253,,2024-01-10,PLUMBING,MEDIUM,COMPLETED,4671.89,10878.82,2024-01-20,10
WO-1X7N9E8GGWII,CA-FL-00000253,,2024-01-21,ELECTRICAL,MEDIUM,DEFERRED,2209.6,,,70
WO-3REGBE32HSJ8,CA-FL-00000253,,2024-01-28,LANDSCAPING,MEDIUM,DEFERRED,14325.27,,,59
WO-IKNRPHADGXTH,CA-FL-00000253,,2024-02-23,HVAC,MEDIUM,COMPLETED,2113.97,4367.09,2024-02-26,3
WO-RJ92UX39F4MD,CA-FL-00000253,,2024-02-20,HVAC,LOW,DEFERRED,5998.99,,,42
WO-NRF32ES3TZV7,CA-FL-00000253,,2024-02-26,LANDSCAPING,MEDIUM,DEFERRED,1148.62,,,57
WO-RR0EXMUHCR7O,CA-FL-00000253,,2024-02-22,ELECTRICAL,MEDIUM,COMPLETED,2294.13,10015.34,2024-03-03,10
WO-RZQTO4N17JGW,CA-FL-00000253,,2024-02-27,ELEVATOR,LOW,COMPLETED,11721.12,9923.06,2024-02-29,2
WO-VROW2P4BDT0G,CA-FL-00000253,,2024-02-17,ELEVATOR,MEDIUM,COMPLETED,2089.09,5777.56,2024-02-24,7
WO-NRNIERGAQGWL,CA-FL-00000253,,2024-03-13,LANDSCAPING,MEDIUM,COMPLETED,8596.76,11107.37,2024-03-15,2
WO-6FXUXY504ZDW,CA-FL-00000253,,2024-03-01,GENERAL,MEDIUM,OPEN,1022.0,,,42
WO-895ARA4Q8FD2,CA-FL-00000253,,2024-04-06,PLUMBING,HIGH,COMPLETED,5374.18,3644.86,2024-04-11,5
WO-1VKUU7L20F83,CA-FL-00000253,,2024-04-25,ELECTRICAL,LOW,OPEN,4348.82,,,70
WO-QT7VN91CTBV9,CA-FL-00000253,,2024-04-17,ELECTRICAL,MEDIUM,COMPLETED,2006.04,2910.16,2024-05-03,16
WO-PKX70MNMH9IK,CA-FL-00000253,,2024-04-16,ROOFING,LOW,COMPLETED,12742.52,1520.35,2024-05-03,17
WO-ERWP8YJLELVU,CA-FL-00000253,,2024-04-19,GENERAL,LOW,OPEN,3185.68,,,53
WO-KJ2ST11AL1LD,CA-FL-00000253,,2024-04-04,HVAC,HIGH,COMPLETED,1965.05,11903.06,2024-04-11,7
WO-56HP23POH30P,CA-FL-00000253,,2024-04-13,LANDSCAPING,HIGH,COMPLETED,11086.96,968.54,2024-04-26,13
WO-RUK2Q4HVQEIX,CA-FL-00000253,,2024-04-01,STRUCTURAL,MEDIUM,DEFERRED,13752.35,,,248
WO-IF3K6XMOH8AC,CA-FL-00000253,,2024-05-02,PLUMBING,MEDIUM,DEFERRED,6809.27,,,22
WO-4O888W2M031U,CA-FL-00000253,,2024-05-08,ELECTRICAL,MEDIUM,OPEN,14303.2,,,214
WO-JVLBZZ8YIN4D,CA-FL-00000253,,2024-06-15,LANDSCAPING,MEDIUM,OPEN,10052.35,,,44
WO-SI4UHBKU7PFX,CA-FL-00000253,,2024-06-11,PLUMBING,MEDIUM,COMPLETED,10796.27,3412.22,2024-06-22,11
WO-U0GCZQ1QG871,CA-FL-00000253,,2024-06-09,PLUMBING,LOW,COMPLETED,6007.73,8447.03,2024-06-12,3
WO-CH0EU02LX4BP,CA-FL-00000253,,2024-06-25,LANDSCAPING,MEDIUM,COMPLETED,1529.48,8372.34,2024-07-15,20
WO-K4V77QLB14U8,CA-FL-00000253,,2024-06-23,HVAC,MEDIUM,OPEN,12756.36,,,20
WO-J4XZUCTFOYSV,CA-FL-00000253,,2024-07-04,PLUMBING,MEDIUM,COMPLETED,3626.05,8792.61,2024-07-21,17
WO-J715C6MBYQSW,CA-FL-00000253,,2024-07-10,HVAC,HIGH,OPEN,13253.48,,,84
WO-T3I9ZDVMQPF9,CA-FL-00000253,,2024-07-06,PLUMBING,MEDIUM,OPEN,2038.16,,,22
WO-XY87ABYPIWXQ,CA-FL-00000253,,2024-07-04,PLUMBING,MEDIUM,COMPLETED,993.77,7698.02,2024-07-21,17
WO-M347QF100Y5I,CA-FL-00000253,,2024-07-01,STRUCTURAL,LOW,DEFERRED,12658.95,,,48
WO-ZL4QQC5QYUTX,CA-FL-00000253,,2024-07-28,ELECTRICAL,LOW,COMPLETED,4162.21,5750.2,2024-08-09,12
WO-YCNAEQCE4UL1,CA-FL-00000253,,2024-08-28,LANDSCAPING,LOW,COMPLETED,13076.29,9959.38,2024-09-01,4
WO-KR2GWRIVCRHQ,CA-FL-00000253,,2024-08-07,GENERAL,MEDIUM,DEFERRED,12505.96,,,67
WO-IDNCK3CWT5CI,CA-FL-00000253,,2024-08-18,PLUMBING,MEDIUM,COMPLETED,7309.75,7944.63,2024-08-28,10
WO-MDGRC17A0UP1,CA-FL-00000253,,2024-08-15,HVAC,MEDIUM,OPEN,8623.52,,,22
WO-HZLRD7ELDB9A,CA-FL-00000253,,2024-09-22,GENERAL,HIGH,COMPLETED,13252.87,7240.77,2024-09-25,3
WO-IYRHLXUQLMUQ,CA-FL-00000253,,2024-09-02,PLUMBING,LOW,COMPLETED,8646.8,10908.06,2024-09-17,15
WO-6GD4ZCDYA6RR,CA-FL-00000253,,2024-09-25,GENERAL,HIGH,COMPLETED,5903.04,6336.4,2024-09-30,5
WO-8PC95CV27EQQ,CA-FL-00000253,,2024-09-21,HVAC,LOW,DEFERRED,5470.73,,,113
WO-QQXI1IYLG5LG,CA-FL-00000253,,2024-09-14,ROOFING,MEDIUM,DEFERRED,12023.65,,,40
WO-1WAZE7LLHLSQ,CA-FL-00000253,,2024-09-10,ROOFING,MEDIUM,COMPLETED,2236.55,4002.43,2024-09-12,2
WO-475EU8C9IW2X,CA-FL-00000253,,2024-09-04,ROOFING,LOW,DEFERRED,13370.27,,,45
WO-WSLY8G5GP6G6,CA-FL-00000253,,2024-09-14,ELEVATOR,MEDIUM,COMPLETED,3708.44,721.8,2024-10-04,20
WO-GPG87KKIWBS3,CA-FL-00000253,,2024-10-10,HVAC,HIGH,DEFERRED,5213.68,,,29
WO-T6BBFNE9GJJE,CA-FL-00000253,,2024-10-15,HVAC,MEDIUM,DEFERRED,10222.4,,,38
WO-T8SKEOHXG4DV,CA-FL-00000253,,2024-10-04,HVAC,HIGH,COMPLETED,7052.69,9048.87,2024-10-15,11
WO-U20KJI6U6POA,CA-FL-00000253,,2024-10-22,PLUMBING,LOW,OPEN,4879.24,,,43
WO-7KKZWN6SQKBC,CA-FL-00000253,,2024-10-20,ELECTRICAL,MEDIUM,DEFERRED,3113.09,,,198
WO-40OR2ZSGSTTG,CA-FL-00000253,,2024-11-18,ELECTRICAL,MEDIUM,DEFERRED,5469.8,,,115
WO-G8MXRKC7RSXA,CA-FL-00000253,,2024-11-20,ELEVATOR,MEDIUM,COMPLETED,2734.88,2035.02,2024-11-27,7
WO-668777PMPACC,CA-FL-00000253,,2024-11-07,ELECTRICAL,HIGH,COMPLETED,3222.82,8831.87,2024-11-10,3
WO-YEKLO4YN7OVP,CA-FL-00000253,,2024-11-02,PLUMBING,HIGH,COMPLETED,9138.8,1568.93,2024-11-12,10
WO-G1RRDLGKHIEP,CA-FL-00000253,,2024-11-01,LANDSCAPING,HIGH,COMPLETED,5753.76,9270.88,2024-11-09,8
WO-O529910TCXKP,CA-FL-00000253,,2024-11-27,PLUMBING,LOW,COMPLETED,8302.46,10414.58,2024-12-03,6
WO-N5RXDRAX0TNM,CA-FL-00000253,,2024-11-11,GENERAL,MEDIUM,DEFERRED,855.42,,,73
WO-ZOTZ7V1SUUYX,CA-FL-00000253,,2024-12-05,STRUCTURAL,MEDIUM,OPEN,11663.29,,,52
WO-SD2QEZWLW9D3,CA-FL-00000253,,2024-12-26,STRUCTURAL,LOW,COMPLETED,7644.34,9067.13,2025-01-15,20
WO-FHUYE07X3VF9,CA-FL-00000253,,2024-12-05,LANDSCAPING,MEDIUM,COMPLETED,3502.39,3041.64,2024-12-12,7
WO-AE8254PKJ824,CA-FL-00000253,,2025-01-21,LANDSCAPING,LOW,OPEN,11779.86,,,19
WO-3B87G54BYOPG,CA-FL-00000253,,2025-01-01,HVAC,MEDIUM,DEFERRED,10313.99,,,90
WO-GL2LKUQQ9H9P,CA-FL-00000253,,2025-01-17,ROOFING,HIGH,DEFERRED,3509.37,,,350
WO-WEHZV2MMBH38,CA-FL-00000253,,2025-01-03,ELECTRICAL,MEDIUM,DEFERRED,5862.89,,,127
WO-9L3ZF4AOIKNH,CA-FL-00000253,,2025-01-18,LANDSCAPING,HIGH,COMPLETED,10681.19,1799.98,2025-01-28,10
WO-YF504H6J61R2,CA-FL-00000253,,2025-01-28,ROOFING,LOW,OPEN,1106.04,,,169
WO-RPLIOZ4SZPM5,CA-FL-00000253,,2025-01-22,HVAC,MEDIUM,DEFERRED,9657.4,,,65
WO-NGQNIRXVS9YO,CA-FL-00000253,,2025-02-26,ROOFING,LOW,COMPLETED,3792.38,5706.38,2025-03-17,19
WO-ZY5A5P3X4JCW,CA-FL-00000253,,2025-02-13,LANDSCAPING,MEDIUM,DEFERRED,5656.96,,,30
WO-07CMPJW6VM7Q,CA-FL-00000253,,2025-02-07,PLUMBING,LOW,COMPLETED,12021.65,10132.62,2025-02-26,19
WO-F6B19NDVDN0S,CA-FL-00000253,,2025-02-11,PLUMBING,LOW,OPEN,14831.72,,,103
WO-PH4497MJRM34,CA-FL-00000253,,2025-02-10,LANDSCAPING,LOW,OPEN,12540.96,,,92
WO-4D7BRBKI2TI6,CA-FL-00000253,,2025-02-14,LANDSCAPING,MEDIUM,COMPLETED,14828.19,5901.75,2025-03-06,20
WO-EU4UE66MHROY,CA-FL-00000253,,2025-02-13,HVAC,LOW,OPEN,10051.98,,,68
WO-QVRLYYNWS4M5,CA-FL-00000253,,2025-03-05,PLUMBING,LOW,OPEN,6052.33,,,35
WO-C09BKRN186E3,CA-FL-00000253,,2025-03-08,GENERAL,LOW,OPEN,14707.48,,,47
WO-LMG7U1SSPZEA,CA-FL-00000253,,2025-03-17,PLUMBING,LOW,OPEN,7879.54,,,58
WO-0QS1P80OON4I,CA-FL-00000253,,2025-03-18,PLUMBING,MEDIUM,COMPLETED,2286.38,557.78,2025-03-27,9
WO-B5XCTACWM0HV,CA-FL-00000253,,2025-03-10,GENERAL,HIGH,OPEN,6288.38,,,23
WO-MEDW4AOPI03B,CA-FL-00000253,,2025-03-23,HVAC,MEDIUM,OPEN,3305.36,,,65
WO-UKMIRWAQ8NXA,CA-FL-00000253,,2025-03-20,PLUMBING,MEDIUM,DEFERRED,5328.24,,,13
WO-57GUWHW0TW2K,CA-FL-00000253,,2025-03-09,LANDSCAPING,MEDIUM,DEFERRED,2494.53,,,126
WO-Q9IG5C1RRZZ8,CA-FL-00000253,,2025-04-27,ROOFING,HIGH,COMPLETED,12847.74,5033.17,2025-04-28,1
WO-8A93X667PNOD,CA-FL-00000253,,2025-04-03,STRUCTURAL,HIGH,OPEN,422.2,,,35
WO-LDPE2DU6HNWZ,CA-FL-00000253,,2025-04-27,ROOFING,MEDIUM,COMPLETED,5105.31,8060.1,2025-04-29,2
WO-P3N7RM2UA67H,CA-FL-00000253,,2025-04-22,ELEVATOR,MEDIUM,COMPLETED,2558.3,6683.08,2025-05-08,16
WO-L2YVHA7ZQXU2,CA-FL-00000253,,2025-04-26,HVAC,MEDIUM,OPEN,2560.28,,,28
WO-Y8JJG4X2Z0Q3,CA-FL-00000253,,2025-05-27,GENERAL,HIGH,COMPLETED,12098.08,9521.22,2025-06-07,11
WO-QNXO6APPYGNV,CA-FL-00000253,,2025-05-26,LANDSCAPING,MEDIUM,COMPLETED,9578.04,653.76,2025-05-27,1
WO-6AI36PBQSWYZ,CA-FL-00000253,,2025-05-12,GENERAL,LOW,DEFERRED,214.34,,,94
WO-T4KCIOKZRZJR,CA-FL-00000253,,2025-05-07,HVAC,LOW,OPEN,791.94,,,84
WO-UM444CYQ90SM,CA-FL-00000253,,2025-06-09,STRUCTURAL,LOW,COMPLETED,14926.8,922.93,2025-06-21,12
WO-TN4STFPKU0KN,CA-FL-00000253,,2025-06-15,ELECTRICAL,LOW,COMPLETED,4415.29,7930.94,2025-06-18,3
WO-S4XK4ACTB1LF,CA-FL-00000253,,2025-06-05,LANDSCAPING,MEDIUM,COMPLETED,1826.68,1587.55,2025-06-11,6
WO-RBIEAXKCC3O4,CA-AZ-00000254,,2024-02-12,ROOFING,LOW,COMPLETED,9780.83,2292.29,2024-03-01,18
WO-8YADU55N3FQJ,CA-AZ-00000254,,2024-04-21,PLUMBING,MEDIUM,COMPLETED,11618.21,1281.78,2024-05-05,14
WO-AEREREFU6HK5,CA-AZ-00000254,,2024-05-05,ROOFING,LOW,COMPLETED,7077.16,9397.37,2024-05-16,11
WO-GDVALQYKLZIQ,CA-AZ-00000254,,2024-06-17,LANDSCAPING,HIGH,COMPLETED,10317.87,10461.88,2024-07-02,15
WO-NN54I950F8QP,CA-AZ-00000254,,2024-07-07,HVAC,MEDIUM,COMPLETED,8793.05,3533.27,2024-07-27,20
WO-JK8A4V7V2AWB,CA-AZ-00000254,,2024-11-01,STRUCTURAL,MEDIUM,DEFERRED,14931.13,,,275
WO-1DISH29KR3IT,CA-AZ-00000254,,2024-11-06,PLUMBING,MEDIUM,COMPLETED,1786.61,10800.47,2024-11-26,20
WO-3CSQW64DY970,CA-AZ-00000254,,2024-12-16,GENERAL,HIGH,DEFERRED,6316.08,,,46
WO-ORXUNKTU40LY,CA-AZ-00000254,,2024-12-14,STRUCTURAL,HIGH,COMPLETED,11166.86,11300.0,2024-12-18,4
WO-ID3JSCRDFKF3,CA-AZ-00000254,,2025-04-12,ROOFING,LOW,COMPLETED,626.81,11691.89,2025-04-23,11
WO-GQXBULRNFLBS,CA-AZ-00000254,,2025-05-15,PLUMBING,MEDIUM,COMPLETED,6353.64,9909.57,2025-05-30,15
WO-Z1PR8K9VMUOV,CA-AZ-00000254,,2025-05-12,ROOFING,MEDIUM,COMPLETED,5327.11,4632.29,2025-06-02,21
WO-5P3P9HJKD3GT,CA-AZ-00000254,,2025-06-25,GENERAL,LOW,COMPLETED,7275.81,7291.2,2025-06-28,3
WO-U6SSA5OGQBBM,CA-CA-00000255,,2024-01-24,ELECTRICAL,MEDIUM,COMPLETED,10771.39,10889.27,2024-01-28,4
WO-DWI501VB1SAR,CA-CA-00000255,,2024-01-24,HVAC,HIGH,COMPLETED,12946.84,1949.12,2024-02-05,12
WO-9D00IWU0MRZG,CA-CA-00000255,,2024-01-25,PLUMBING,LOW,COMPLETED,3697.6,3148.2,2024-02-14,20
WO-97O4KXX4SYZS,CA-CA-00000255,,2024-02-19,STRUCTURAL,MEDIUM,COMPLETED,13383.38,1694.12,2024-02-25,6
WO-3TMPIHSPKTHF,CA-CA-00000255,,2024-03-19,ELECTRICAL,HIGH,COMPLETED,10610.49,7814.69,2024-03-30,11
WO-G0C2AOCFNXYP,CA-CA-00000255,,2024-04-13,LANDSCAPING,MEDIUM,COMPLETED,14609.13,6726.78,2024-05-04,21
WO-FJAZBW9IXVNK,CA-CA-00000255,,2024-04-27,GENERAL,MEDIUM,DEFERRED,14834.52,,,95
WO-FGA174SQRIRU,CA-CA-00000255,,2024-04-03,PLUMBING,LOW,DEFERRED,5695.42,,,74
WO-YQQ1U7EX2MCH,CA-CA-00000255,,2024-05-09,PLUMBING,HIGH,COMPLETED,7091.67,8573.32,2024-05-29,20
WO-JTIOSMTQAO0X,CA-CA-00000255,,2024-06-24,LANDSCAPING,MEDIUM,OPEN,11710.97,,,76
WO-ZS8ED2Q0S403,CA-CA-00000255,,2024-06-16,HVAC,EMERGENCY,DEFERRED,9776.44,,,23
WO-2F7XNBJ6DUCV,CA-CA-00000255,,2024-06-16,HVAC,LOW,OPEN,10058.86,,,29
WO-M7AS4G3MRHC5,CA-CA-00000255,,2024-07-26,HVAC,LOW,COMPLETED,10021.05,351.98,2024-08-01,6
WO-Z7ANLA78P764,CA-CA-00000255,,2024-07-03,GENERAL,MEDIUM,COMPLETED,5750.65,5726.76,2024-07-09,6
WO-VJ6PE29CHJI9,CA-CA-00000255,,2024-07-05,STRUCTURAL,MEDIUM,COMPLETED,9327.79,9664.97,2024-07-07,2
WO-Z0G2H2PE61GW,CA-CA-00000255,,2024-08-09,GENERAL,MEDIUM,COMPLETED,8887.79,4218.61,2024-08-24,15
WO-QHZLCC0IBQIP,CA-CA-00000255,,2024-08-04,PLUMBING,EMERGENCY,COMPLETED,4830.57,3083.69,2024-08-10,6
WO-OLH6CO7RI12Y,CA-CA-00000255,,2024-09-03,LANDSCAPING,MEDIUM,COMPLETED,8959.71,4668.95,2024-09-07,4
WO-X5P7E09BJSET,CA-CA-00000255,,2024-09-25,HVAC,MEDIUM,COMPLETED,2457.98,3616.46,2024-10-01,6
WO-8XNFPQQQK9VX,CA-CA-00000255,,2024-09-25,GENERAL,MEDIUM,OPEN,9486.64,,,81
WO-6HHTQPCIP14M,CA-CA-00000255,,2024-09-18,HVAC,MEDIUM,COMPLETED,5229.86,11816.7,2024-10-08,20
WO-7PS997AS29LF,CA-CA-00000255,,2024-09-10,HVAC,MEDIUM,DEFERRED,12920.1,,,36
WO-4S67X08C76HP,CA-CA-00000255,,2024-10-16,ELECTRICAL,MEDIUM,OPEN,8373.51,,,57
WO-CY0U9CIAG11L,CA-CA-00000255,,2024-10-22,GENERAL,MEDIUM,COMPLETED,1039.6,2114.91,2024-11-03,12
WO-G6OV3U4WM16G,CA-CA-00000255,,2024-11-14,PLUMBING,MEDIUM,DEFERRED,452.46,,,26
WO-SDTUCOLSQEBV,CA-CA-00000255,,2024-12-09,HVAC,LOW,COMPLETED,14739.0,7175.7,2024-12-19,10
WO-8G3I3Y970PN5,CA-CA-00000255,,2024-12-21,PLUMBING,LOW,COMPLETED,4523.81,6654.6,2025-01-02,12
WO-NL320EQFCVOZ,CA-CA-00000255,,2024-12-14,PLUMBING,HIGH,COMPLETED,557.02,905.57,2024-12-16,2
WO-T3ICF4JQG5RY,CA-CA-00000255,,2025-01-27,PLUMBING,MEDIUM,OPEN,5648.88,,,88
WO-YF3FSU4SGH1A,CA-CA-00000255,,2025-01-24,ELEVATOR,EMERGENCY,COMPLETED,14416.97,11253.68,2025-02-01,8
WO-0K9O876NSELY,CA-CA-00000255,,2025-01-25,PLUMBING,MEDIUM,COMPLETED,14208.42,1895.93,2025-01-29,4
WO-TXKE5J1SGJGO,CA-CA-00000255,,2025-02-17,PLUMBING,MEDIUM,COMPLETED,8174.78,7885.37,2025-03-08,19
WO-6JD3AMBSXLA1,CA-CA-00000255,,2025-02-15,PLUMBING,MEDIUM,COMPLETED,11940.1,1843.07,2025-02-23,8
WO-9E5BVT0WXFAB,CA-CA-00000255,,2025-02-10,GENERAL,HIGH,COMPLETED,2896.84,582.32,2025-02-28,18
WO-9QIYLLHG1J9L,CA-CA-00000255,,2025-02-07,STRUCTURAL,MEDIUM,COMPLETED,6422.41,11190.34,2025-02-19,12
WO-IHSLRUCXVBTV,CA-CA-00000255,,2025-03-08,LANDSCAPING,LOW,COMPLETED,13192.1,8198.56,2025-03-09,1
WO-FNND6YPR3AUX,CA-CA-00000255,,2025-03-16,GENERAL,MEDIUM,COMPLETED,10130.21,7278.0,2025-03-27,11
WO-24Y00GEANKIG,CA-CA-00000255,,2025-04-16,PLUMBING,MEDIUM,COMPLETED,7439.05,6265.5,2025-05-07,21
WO-LTHIVI09DL0X,CA-CA-00000255,,2025-04-23,HVAC,MEDIUM,COMPLETED,9733.68,5427.85,2025-05-09,16
WO-VWWHTGUZKZ00,CA-CA-00000255,,2025-04-22,ROOFING,HIGH,COMPLETED,12323.11,8294.4,2025-05-09,17
WO-3HKT795BSHNC,CA-CA-00000255,,2025-04-11,PLUMBING,LOW,COMPLETED,14534.2,3786.55,2025-05-01,20
WO-UVQTDVJIK5ND,CA-CA-00000255,,2025-04-22,ELECTRICAL,HIGH,COMPLETED,11897.56,4852.44,2025-04-25,3
WO-UDK18EUM3E6V,CA-CA-00000255,,2025-05-07,GENERAL,LOW,COMPLETED,12210.01,158.52,2025-05-18,11
WO-17DDYUTN1V7H,CA-CA-00000255,,2025-06-06,HVAC,LOW,COMPLETED,10083.5,4565.89,2025-06-08,2
WO-8CTSYR8DWU4F,CA-FL-00000256,,2024-02-09,ELECTRICAL,MEDIUM,OPEN,14600.68,,,36
WO-M79Z6X2DT3H6,CA-FL-00000256,,2024-02-12,ELECTRICAL,LOW,COMPLETED,13729.56,8094.57,2024-03-04,21
WO-HJSX6YB6EV2N,CA-FL-00000256,,2024-03-08,ROOFING,MEDIUM,COMPLETED,3405.33,2078.23,2024-03-18,10
WO-PKBLM19Q060X,CA-FL-00000256,,2024-03-15,LANDSCAPING,HIGH,COMPLETED,8097.62,11805.42,2024-03-16,1
WO-T69PO1RPJ13E,CA-FL-00000256,,2024-03-20,PLUMBING,HIGH,DEFERRED,5694.49,,,66
WO-DC0YVJCLZQHR,CA-FL-00000256,,2024-04-22,PLUMBING,MEDIUM,COMPLETED,9178.13,6011.39,2024-04-30,8
WO-NVX8OGQNGW6J,CA-FL-00000256,,2024-05-18,HVAC,HIGH,COMPLETED,2709.19,1526.72,2024-06-02,15
WO-TK3M05SD3IEN,CA-FL-00000256,,2024-05-20,ELECTRICAL,LOW,COMPLETED,9497.54,2416.89,2024-06-02,13
WO-ZJ9V2E8KFDW7,CA-FL-00000256,,2024-06-28,ELECTRICAL,HIGH,COMPLETED,14596.72,6084.35,2024-06-30,2
WO-WFIZZPUCRZHD,CA-FL-00000256,,2024-06-09,HVAC,EMERGENCY,COMPLETED,6770.72,3188.94,2024-06-17,8
WO-VW798JWWIBO3,CA-FL-00000256,,2024-08-11,PLUMBING,MEDIUM,COMPLETED,7950.12,2749.1,2024-08-22,11
WO-TED049CWWRW4,CA-FL-00000256,,2024-09-23,ELECTRICAL,HIGH,DEFERRED,7634.05,,,171
WO-RFWRRWYU7GKV,CA-FL-00000256,,2024-10-28,STRUCTURAL,MEDIUM,COMPLETED,1993.07,5111.81,2024-11-07,10
WO-MCOXGSPPXVZ9,CA-FL-00000256,,2024-10-03,LANDSCAPING,MEDIUM,DEFERRED,13876.19,,,92
WO-NVCUPUVDTQEM,CA-FL-00000256,,2024-10-04,GENERAL,LOW,COMPLETED,11842.01,10974.89,2024-10-07,3
WO-EO9AHKL4VL30,CA-FL-00000256,,2024-12-13,LANDSCAPING,LOW,COMPLETED,14094.05,8051.81,2024-12-20,7
WO-11EBHNED5NYY,CA-FL-00000256,,2024-12-28,HVAC,EMERGENCY,COMPLETED,10698.29,3918.13,2025-01-18,21
WO-IIN5RTJNLT1A,CA-FL-00000256,,2024-12-04,PLUMBING,HIGH,COMPLETED,6821.6,3236.76,2024-12-24,20
WO-T9KI5FTPQPTW,CA-FL-00000256,,2024-12-05,STRUCTURAL,HIGH,COMPLETED,2996.84,5818.29,2024-12-19,14
WO-78UUP69RK7QL,CA-FL-00000256,,2025-01-12,HVAC,MEDIUM,COMPLETED,14309.41,2565.13,2025-01-30,18
WO-VV9IPEH3BWNR,CA-FL-00000256,,2025-01-16,ROOFING,MEDIUM,COMPLETED,9231.09,11407.6,2025-01-23,7
WO-Z7D5GCN3BXBB,CA-FL-00000256,,2025-01-22,LANDSCAPING,EMERGENCY,COMPLETED,2395.88,2842.78,2025-01-31,9
WO-C7DKDPS5MJSU,CA-FL-00000256,,2025-01-13,GENERAL,MEDIUM,COMPLETED,9776.83,2574.73,2025-01-25,12
WO-BANDEMB9K5KQ,CA-FL-00000256,,2025-03-27,LANDSCAPING,MEDIUM,COMPLETED,10845.58,3876.05,2025-04-12,16
WO-PUFH7LKS12X9,CA-FL-00000256,,2025-04-16,ELEVATOR,LOW,OPEN,6821.93,,,91
WO-SNKB7IY8W6VN,CA-FL-00000256,,2025-04-09,PLUMBING,MEDIUM,COMPLETED,8656.77,2020.2,2025-04-29,20
WO-VRZXYME43D64,CA-FL-00000256,,2025-04-05,PLUMBING,LOW,OPEN,9217.49,,,31
WO-GDQHJQWNOX9U,CA-FL-00000256,,2025-05-22,GENERAL,LOW,COMPLETED,13864.12,10329.01,2025-06-12,21
WO-1Q83HAO70FCG,CA-FL-00000256,,2025-05-18,GENERAL,MEDIUM,COMPLETED,2083.34,3807.76,2025-06-03,16
WO-F2N866J9YFSE,CA-FL-00000256,,2025-06-28,STRUCTURAL,MEDIUM,COMPLETED,10813.64,7959.03,2025-07-04,6
WO-GVOX7507EJCL,CA-VA-00000257,,2024-01-12,PLUMBING,LOW,COMPLETED,9046.94,10824.87,2024-01-29,17
WO-TMXIC6PPXOAA,CA-VA-00000257,,2024-02-03,STRUCTURAL,LOW,OPEN,877.54,,,29
WO-YJ9LK4OBE7NN,CA-VA-00000257,,2024-02-05,ELEVATOR,MEDIUM,COMPLETED,817.94,5741.31,2024-02-12,7
WO-AV348ANQ88KY,CA-VA-00000257,,2024-03-08,LANDSCAPING,LOW,COMPLETED,11138.26,11549.12,2024-03-27,19
WO-WQJNYXRKRM9E,CA-VA-00000257,,2024-03-07,PLUMBING,MEDIUM,COMPLETED,11071.63,11831.43,2024-03-15,8
WO-UCUJRK7XIB1G,CA-VA-00000257,,2024-06-12,ELEVATOR,LOW,COMPLETED,617.93,6146.69,2024-06-29,17
WO-2RITJAOZDELA,CA-VA-00000257,,2024-07-20,PLUMBING,MEDIUM,DEFERRED,13268.91,,,107
WO-ZRBCIU7WIQRD,CA-VA-00000257,,2024-10-18,LANDSCAPING,MEDIUM,COMPLETED,14633.94,4497.47,2024-11-03,16
WO-EYER58SVQSZN,CA-VA-00000257,,2024-11-12,STRUCTURAL,MEDIUM,DEFERRED,13603.86,,,23
WO-6NYGZ844HZKY,CA-VA-00000257,,2024-12-15,HVAC,MEDIUM,COMPLETED,12903.1,7874.29,2025-01-04,20
WO-6DQC3EG6923V,CA-VA-00000257,,2025-02-10,LANDSCAPING,HIGH,COMPLETED,12057.68,5937.32,2025-02-28,18
WO-ZLYZKYX0OKJD,CA-VA-00000257,,2025-02-17,LANDSCAPING,MEDIUM,DEFERRED,11550.07,,,187
WO-4ZO4G7ZAUFDV,CA-VA-00000257,,2025-03-05,STRUCTURAL,MEDIUM,COMPLETED,14105.05,1250.05,2025-03-15,10
WO-Q4S2PHBJGKWY,CA-VA-00000257,,2025-04-25,GENERAL,LOW,COMPLETED,12546.59,9296.72,2025-04-30,5
WO-THRACKKBYL06,CA-VA-00000257,,2025-04-05,GENERAL,MEDIUM,COMPLETED,6683.16,3820.22,2025-04-13,8
WO-14R8H7WXOQEY,CA-VA-00000257,,2025-05-15,LANDSCAPING,MEDIUM,COMPLETED,11673.34,4961.03,2025-06-01,17
WO-MDED0RO9R1XG,CA-VA-00000257,,2025-06-07,GENERAL,LOW,COMPLETED,13014.11,9756.91,2025-06-12,5
WO-SIJWXCHBCWRL,CA-NY-00000258,,2024-01-16,GENERAL,EMERGENCY,COMPLETED,1056.45,8170.85,2024-02-02,17
WO-Y8ZL9ARJF6WM,CA-NY-00000258,,2024-01-13,STRUCTURAL,HIGH,COMPLETED,14796.72,3977.3,2024-01-18,5
WO-OMCJ3POKFY0R,CA-NY-00000258,,2024-02-11,GENERAL,LOW,COMPLETED,5649.9,7324.69,2024-02-25,14
WO-2JBKEU51XE4B,CA-NY-00000258,,2024-05-09,GENERAL,MEDIUM,OPEN,14514.07,,,105
WO-9JHE4K4PLF8G,CA-NY-00000258,,2024-06-24,HVAC,MEDIUM,COMPLETED,1664.47,2590.56,2024-07-06,12
WO-8JZ6VOSOV6SF,CA-NY-00000258,,2024-07-17,HVAC,LOW,COMPLETED,3954.44,2887.98,2024-07-22,5
WO-XNYXBXKOWDOS,CA-NY-00000258,,2025-01-01,HVAC,MEDIUM,COMPLETED,556.25,2944.26,2025-01-11,10
WO-FOGQT1IAE7Z9,CA-NY-00000258,,2025-02-20,ELECTRICAL,HIGH,COMPLETED,7841.54,2779.61,2025-03-02,10
WO-WDMEWD77H6TW,CA-NY-00000258,,2025-02-26,PLUMBING,LOW,COMPLETED,11791.65,8465.83,2025-03-12,14
WO-VEKVLCZ790DI,CA-NY-00000258,,2025-03-18,ELEVATOR,EMERGENCY,COMPLETED,7113.99,7906.0,2025-03-30,12
WO-XKW0UTL39BHR,CA-NY-00000258,,2025-04-12,LANDSCAPING,MEDIUM,COMPLETED,3882.49,7375.02,2025-04-25,13
WO-67VRNFH2BLS0,CA-NY-00000258,,2025-06-08,STRUCTURAL,LOW,COMPLETED,7445.1,5804.79,2025-06-17,9
WO-HRN77HTMMQMO,CA-TX-00000259,,2024-02-08,LANDSCAPING,MEDIUM,COMPLETED,9635.28,8513.01,2024-02-25,17
WO-WEYYDBYF00N8,CA-TX-00000259,,2024-03-08,HVAC,MEDIUM,COMPLETED,879.72,3076.0,2024-03-25,17
WO-YW5IHW3FP72H,CA-TX-00000259,,2024-04-07,PLUMBING,MEDIUM,COMPLETED,14838.0,10057.65,2024-04-23,16
WO-RIVSPGY9Z7JX,CA-TX-00000259,,2024-05-13,GENERAL,LOW,COMPLETED,13083.25,6491.3,2024-05-25,12
WO-KEJ1U167U1LB,CA-TX-00000259,,2024-06-25,HVAC,EMERGENCY,COMPLETED,6603.02,8195.16,2024-07-12,17
WO-NYDCIATI0HAO,CA-TX-00000259,,2024-08-03,ROOFING,LOW,COMPLETED,12779.6,3165.51,2024-08-11,8
WO-GUT27X4AX64Z,CA-TX-00000259,,2024-12-26,HVAC,HIGH,OPEN,9550.63,,,45
WO-9ZPLM43BIMH6,CA-TX-00000259,,2025-02-20,HVAC,HIGH,COMPLETED,11987.72,2769.08,2025-03-05,13
WO-Y1C9JBREMGMW,CA-TX-00000259,,2025-04-06,HVAC,LOW,COMPLETED,7373.72,885.35,2025-04-12,6
WO-BCSMLMHT03HU,CA-TX-00000259,,2025-05-26,PLUMBING,MEDIUM,COMPLETED,6269.29,1448.62,2025-06-02,7
WO-1AB1X5SCGPZF,CA-TX-00000259,,2025-06-17,GENERAL,HIGH,COMPLETED,9050.52,3000.47,2025-06-24,7
WO-SRZRDEP559HG,CA-OH-00000260,,2024-01-04,PLUMBING,MEDIUM,COMPLETED,9135.52,10415.53,2024-01-21,17
WO-43THJY5GDMI2,CA-OH-00000260,,2024-01-11,LANDSCAPING,MEDIUM,COMPLETED,8593.29,4071.17,2024-01-14,3
WO-40APNT83OZBM,CA-OH-00000260,,2024-03-17,PLUMBING,LOW,COMPLETED,14247.5,2361.04,2024-03-22,5
WO-FYRDD2W4X972,CA-OH-00000260,,2024-05-12,PLUMBING,MEDIUM,COMPLETED,6515.06,1677.14,2024-06-02,21
WO-2MZ73F0PDDC4,CA-OH-00000260,,2024-06-19,STRUCTURAL,MEDIUM,COMPLETED,14018.41,6212.8,2024-07-03,14
WO-JH1O649OULSW,CA-OH-00000260,,2024-10-24,PLUMBING,MEDIUM,COMPLETED,10117.59,1114.44,2024-10-30,6
WO-GGHFCKMOZ6VU,CA-OH-00000260,,2024-11-02,LANDSCAPING,LOW,COMPLETED,2695.03,7645.87,2024-11-14,12
WO-423XA3JU6WZ6,CA-OH-00000260,,2024-12-22,LANDSCAPING,LOW,COMPLETED,12349.78,5003.51,2024-12-23,1
WO-HI0VMBWP3H7J,CA-OH-00000260,,2025-04-12,HVAC,MEDIUM,COMPLETED,6673.62,10751.93,2025-04-29,17
WO-HAXO6NZMZYFK,CA-OH-00000260,,2025-06-06,GENERAL,HIGH,COMPLETED,822.89,3115.6,2025-06-10,4
WO-I0F8U3BDLCWS,CA-OH-00000260,,2025-06-19,GENERAL,HIGH,COMPLETED,14497.82,3502.43,2025-06-24,5
WO-1JD4W0EJKF0C,CA-IL-00000261,,2024-02-26,GENERAL,LOW,COMPLETED,11547.33,3779.31,2024-02-27,1
WO-6AR7Z44TWADH,CA-IL-00000261,,2024-02-06,LANDSCAPING,MEDIUM,COMPLETED,1965.52,6127.83,2024-02-14,8
WO-4P4BZYPVNJTP,CA-IL-00000261,,2024-02-14,LANDSCAPING,EMERGENCY,COMPLETED,14136.1,8274.16,2024-03-01,16
WO-58YGRXJF7NWT,CA-IL-00000261,,2024-03-06,HVAC,MEDIUM,COMPLETED,4860.48,5372.2,2024-03-13,7
WO-AXC2U4Z38HS1,CA-IL-00000261,,2024-03-26,HVAC,MEDIUM,COMPLETED,9440.73,5800.8,2024-03-27,1
WO-8GQZ3HMBXRBP,CA-IL-00000261,,2024-03-21,STRUCTURAL,LOW,DEFERRED,13328.42,,,88
WO-M9IYLNAL6IM9,CA-IL-00000261,,2024-03-05,STRUCTURAL,LOW,COMPLETED,3849.91,11485.03,2024-03-23,18
WO-6BW0TTOLNN7J,CA-IL-00000261,,2024-04-07,LANDSCAPING,LOW,DEFERRED,5400.89,,,25
WO-PUOTINBPO1XA,CA-IL-00000261,,2024-04-25,LANDSCAPING,MEDIUM,DEFERRED,8565.63,,,18
WO-OJHGLIQWY85B,CA-IL-00000261,,2024-04-21,LANDSCAPING,LOW,COMPLETED,4039.1,4099.2,2024-04-26,5
WO-KH5HGA2AE3BB,CA-IL-00000261,,2024-05-19,ROOFING,MEDIUM,COMPLETED,3061.65,1668.67,2024-05-29,10
WO-7UI9AQ66XJNG,CA-IL-00000261,,2024-05-24,LANDSCAPING,MEDIUM,OPEN,7919.25,,,182
WO-HWNTV4Z43DLV,CA-IL-00000261,,2024-05-10,HVAC,LOW,OPEN,7175.54,,,38
WO-1M284QBOSZ8U,CA-IL-00000261,,2024-06-10,STRUCTURAL,HIGH,COMPLETED,4218.34,3057.15,2024-06-27,17
WO-8URDU62MJHVW,CA-IL-00000261,,2024-08-01,PLUMBING,EMERGENCY,COMPLETED,9196.34,501.58,2024-08-04,3
WO-IKB12W11YGYL,CA-IL-00000261,,2024-09-21,ROOFING,LOW,COMPLETED,10525.87,2054.77,2024-09-29,8
WO-NPX2VCRMAYR9,CA-IL-00000261,,2024-09-05,LANDSCAPING,HIGH,COMPLETED,13583.93,9118.52,2024-09-13,8
WO-5SDTL3FWEVXG,CA-IL-00000261,,2024-10-17,STRUCTURAL,MEDIUM,COMPLETED,9846.48,2988.18,2024-10-23,6
WO-9FPESFRGPV3V,CA-IL-00000261,,2024-10-24,ELEVATOR,MEDIUM,COMPLETED,14949.17,787.75,2024-11-06,13
WO-FOXXNO48W0PM,CA-IL-00000261,,2024-10-09,PLUMBING,LOW,COMPLETED,5048.96,11338.81,2024-10-18,9
WO-W00GJ9GGQZ70,CA-IL-00000261,,2024-10-11,HVAC,MEDIUM,COMPLETED,1908.48,1485.27,2024-10-30,19
WO-V0FGSVOJDIXB,CA-IL-00000261,,2024-10-03,ELECTRICAL,LOW,OPEN,11115.07,,,93
WO-8UV4WKWEG3JG,CA-IL-00000261,,2024-11-21,GENERAL,LOW,OPEN,13935.25,,,39
WO-T6W9EGQIE3WL,CA-IL-00000261,,2024-11-11,ROOFING,MEDIUM,COMPLETED,4737.03,2718.92,2024-11-18,7
WO-PYZM8SH7ND9P,CA-IL-00000261,,2024-11-16,GENERAL,MEDIUM,COMPLETED,12536.67,9610.01,2024-12-01,15
WO-CPVDA3FW1JIQ,CA-IL-00000261,,2024-12-11,HVAC,EMERGENCY,DEFERRED,6300.18,,,168
WO-95KLMROLGXLO,CA-IL-00000261,,2025-01-11,PLUMBING,LOW,COMPLETED,14876.11,7709.51,2025-01-22,11
WO-TDBXVMPJF94N,CA-IL-00000261,,2025-01-13,HVAC,MEDIUM,COMPLETED,14023.81,1836.36,2025-01-31,18
WO-0KSGOKSKK3U3,CA-IL-00000261,,2025-01-23,LANDSCAPING,MEDIUM,COMPLETED,4186.24,11295.04,2025-01-28,5
WO-CI2LH8AG0FOH,CA-IL-00000261,,2025-03-28,HVAC,MEDIUM,DEFERRED,2161.71,,,27
WO-NEQE7T1SB92O,CA-IL-00000261,,2025-04-05,ELECTRICAL,MEDIUM,COMPLETED,5744.39,6776.38,2025-04-11,6
WO-QE12DRWE8HTW,CA-IL-00000261,,2025-04-26,LANDSCAPING,LOW,OPEN,1648.53,,,85
WO-U0KV887FFR5J,CA-IL-00000261,,2025-05-21,ROOFING,MEDIUM,DEFERRED,5673.69,,,51
WO-AOCEM7TZ7D7Y,CA-IL-00000261,,2025-05-28,LANDSCAPING,LOW,COMPLETED,3774.29,4447.71,2025-06-03,6
WO-VWY2W3F3HS82,CA-IL-00000261,,2025-06-20,LANDSCAPING,LOW,DEFERRED,5753.36,,,31
WO-3VVDXEA3MI9H,CA-IL-00000261,,2025-06-12,PLUMBING,MEDIUM,OPEN,12086.39,,,242
WO-S6GAO04F384M,CA-IL-00000261,,2025-06-17,ELECTRICAL,MEDIUM,COMPLETED,7688.26,2008.6,2025-07-04,17
WO-YR34VIQPE1Y5,CA-IL-00000261,,2025-06-01,ELEVATOR,MEDIUM,COMPLETED,3738.94,8063.54,2025-06-03,2
WO-UGVLE6804R9C,CA-VA-00000262,,2024-02-03,HVAC,MEDIUM,DEFERRED,5554.47,,,43
WO-86L15YI42EFQ,CA-VA-00000262,,2024-03-02,PLUMBING,MEDIUM,OPEN,4638.34,,,77
WO-5AB33MEW1YTT,CA-VA-00000262,,2024-04-11,HVAC,MEDIUM,COMPLETED,4057.25,6095.3,2024-04-19,8
WO-U5TBMEAPIES2,CA-VA-00000262,,2024-07-02,ELECTRICAL,MEDIUM,COMPLETED,3127.1,3288.57,2024-07-10,8
WO-DW36UPG20BSL,CA-VA-00000262,,2024-07-01,LANDSCAPING,MEDIUM,DEFERRED,12370.35,,,37
WO-S2ORGTCWU970,CA-VA-00000262,,2024-07-10,HVAC,LOW,COMPLETED,9566.77,3828.59,2024-07-16,6
WO-7BLV9XGIKI0I,CA-VA-00000262,,2024-08-25,ROOFING,HIGH,OPEN,8592.78,,,15
WO-P68J5ENMDB4G,CA-VA-00000262,,2024-10-04,STRUCTURAL,HIGH,COMPLETED,2302.43,8478.21,2024-10-21,17
WO-FL05J1DY4WU6,CA-VA-00000262,,2024-11-11,LANDSCAPING,MEDIUM,COMPLETED,2825.82,2985.95,2024-11-12,1
WO-APTWH21EHZ4O,CA-VA-00000262,,2025-01-11,STRUCTURAL,MEDIUM,COMPLETED,14742.47,8541.39,2025-01-30,19
WO-ABSKY1W3UNOB,CA-VA-00000262,,2025-03-04,LANDSCAPING,MEDIUM,COMPLETED,8742.8,3585.99,2025-03-16,12
WO-6UUFG8F0DUF1,CA-NC-00000263,,2024-05-25,PLUMBING,EMERGENCY,COMPLETED,342.61,2228.02,2024-05-27,2
WO-F0D000YDO8IQ,CA-NC-00000263,,2024-05-21,LANDSCAPING,MEDIUM,COMPLETED,13042.8,9868.85,2024-05-27,6
WO-P3S86O8HXAFP,CA-NC-00000263,,2024-07-07,PLUMBING,LOW,COMPLETED,7502.92,5244.34,2024-07-26,19
WO-WS1N14D0IE37,CA-NC-00000263,,2024-08-24,PLUMBING,MEDIUM,COMPLETED,1514.1,5799.31,2024-09-11,18
WO-TOZJX21F8676,CA-NC-00000263,,2024-11-05,ROOFING,LOW,COMPLETED,10114.65,3555.52,2024-11-07,2
WO-4NTIQX5FW9T6,CA-NC-00000263,,2024-12-08,PLUMBING,LOW,COMPLETED,2943.86,2615.34,2024-12-19,11
WO-JJ10FJ7YKTKE,CA-NC-00000263,,2024-12-27,HVAC,MEDIUM,COMPLETED,13740.4,4031.21,2025-01-07,11
WO-A8QTAOT48UF7,CA-NC-00000263,,2025-02-15,HVAC,LOW,OPEN,4244.24,,,13
WO-L011L58MJQW4,CA-NC-00000263,,2025-04-15,ELECTRICAL,HIGH,COMPLETED,2684.6,6867.01,2025-04-26,11
WO-PRYC40QNKBUJ,CA-CA-00000264,,2024-01-08,ELEVATOR,MEDIUM,COMPLETED,3652.36,6624.45,2024-01-26,18
WO-QIAB5ARC7S8O,CA-CA-00000264,,2024-01-21,HVAC,HIGH,OPEN,1783.06,,,58
WO-Z4LAPDAK3M4P,CA-CA-00000264,,2024-02-27,HVAC,HIGH,COMPLETED,6494.33,178.7,2024-03-03,5
WO-QFF15JY1GPRS,CA-CA-00000264,,2024-02-09,LANDSCAPING,HIGH,OPEN,10660.4,,,22
WO-2MC36W468WWW,CA-CA-00000264,,2024-02-27,ELECTRICAL,MEDIUM,COMPLETED,9167.96,8860.64,2024-03-16,18
WO-ZNYIH6K7X0B3,CA-CA-00000264,,2024-02-19,ELECTRICAL,MEDIUM,COMPLETED,12718.81,1268.5,2024-03-01,11
WO-7FX9DG0415PU,CA-CA-00000264,,2024-02-28,ROOFING,MEDIUM,OPEN,3071.89,,,33
WO-EI8UWZNDF380,CA-CA-00000264,,2024-02-22,ROOFING,MEDIUM,COMPLETED,5658.75,4608.59,2024-03-03,10
WO-ZFC8SLEBNYER,CA-CA-00000264,,2024-02-20,LANDSCAPING,MEDIUM,COMPLETED,3623.91,1682.09,2024-03-02,11
WO-I7BO5DQLKQWI,CA-CA-00000264,,2024-03-23,ELECTRICAL,MEDIUM,OPEN,14332.98,,,143
WO-IL5VLRSVOMQS,CA-CA-00000264,,2024-03-23,GENERAL,LOW,OPEN,2686.29,,,16
WO-R81M7X79SUN0,CA-CA-00000264,,2024-03-13,HVAC,MEDIUM,COMPLETED,10168.32,8197.47,2024-04-03,21
WO-EZPCLIOXCZEX,CA-CA-00000264,,2024-03-13,HVAC,LOW,COMPLETED,3256.26,376.89,2024-03-15,2
WO-78HA4LSPI5GH,CA-CA-00000264,,2024-03-11,ROOFING,LOW,COMPLETED,12495.47,10983.97,2024-03-16,5
WO-T9TGR9PGCD6J,CA-CA-00000264,,2024-03-13,GENERAL,LOW,COMPLETED,9260.66,4433.53,2024-04-03,21
WO-PNBHMOXFS1QW,CA-CA-00000264,,2024-04-23,GENERAL,MEDIUM,COMPLETED,3172.28,363.7,2024-04-30,7
WO-0K9V9DEX368J,CA-CA-00000264,,2024-04-18,GENERAL,MEDIUM,COMPLETED,14901.9,6907.78,2024-05-09,21
WO-VD57ZX0MP5BY,CA-CA-00000264,,2024-04-11,LANDSCAPING,HIGH,COMPLETED,3076.83,6284.46,2024-04-16,5
WO-MXUH824E5C83,CA-CA-00000264,,2024-04-11,STRUCTURAL,LOW,OPEN,9432.87,,,68
WO-LL7I7ZSZNTB5,CA-CA-00000264,,2024-04-23,LANDSCAPING,EMERGENCY,COMPLETED,9348.08,11789.51,2024-04-29,6
WO-MM3YZA5TGKJT,CA-CA-00000264,,2024-05-24,ELECTRICAL,MEDIUM,OPEN,7558.07,,,7
WO-DYWX7DQ4N751,CA-CA-00000264,,2024-05-15,PLUMBING,MEDIUM,DEFERRED,7208.08,,,81
WO-ZHQJAPV3PIVY,CA-CA-00000264,,2024-05-26,ELECTRICAL,MEDIUM,COMPLETED,8036.84,1267.35,2024-06-03,8
WO-EPAPHZU8J2R6,CA-CA-00000264,,2024-05-25,LANDSCAPING,MEDIUM,COMPLETED,13994.3,7632.02,2024-06-12,18
WO-QK8WC955VLRD,CA-CA-00000264,,2024-05-24,STRUCTURAL,LOW,OPEN,9926.76,,,184
WO-UETNXXS0RDH6,CA-CA-00000264,,2024-06-03,HVAC,MEDIUM,DEFERRED,7888.92,,,23
WO-9PTRD8KB1PEJ,CA-CA-00000264,,2024-06-03,PLUMBING,HIGH,COMPLETED,4065.98,4470.34,2024-06-19,16
WO-WM7PASMD1S0M,CA-CA-00000264,,2024-06-15,LANDSCAPING,MEDIUM,COMPLETED,11031.2,2005.31,2024-06-22,7
WO-OG0AF87L4SF7,CA-CA-00000264,,2024-06-14,LANDSCAPING,MEDIUM,DEFERRED,4990.73,,,36
WO-N1TSEVL33NX2,CA-CA-00000264,,2024-06-14,LANDSCAPING,MEDIUM,COMPLETED,4264.65,2128.51,2024-06-27,13
WO-MFUOADBV2PXT,CA-CA-00000264,,2024-07-24,GENERAL,MEDIUM,OPEN,9555.99,,,113
WO-0ZWIUPFFUFRA,CA-CA-00000264,,2024-07-13,ELECTRICAL,HIGH,COMPLETED,6402.13,5083.17,2024-07-15,2
WO-JI7RWJGLERY5,CA-CA-00000264,,2024-07-26,HVAC,MEDIUM,COMPLETED,957.02,6256.3,2024-08-13,18
WO-JA22HH0I9M0V,CA-CA-00000264,,2024-07-02,ELECTRICAL,MEDIUM,DEFERRED,5019.65,,,91
WO-Q254OOP4I6CI,CA-CA-00000264,,2024-07-24,ELECTRICAL,LOW,DEFERRED,13736.74,,,72
WO-FCKOM8CB7BY5,CA-CA-00000264,,2024-07-18,ELECTRICAL,LOW,COMPLETED,11160.88,6704.7,2024-07-31,13
WO-JYEE62S5G8MB,CA-CA-00000264,,2024-07-12,ROOFING,HIGH,COMPLETED,12510.91,4381.68,2024-07-23,11
WO-A9QCI8YG8NXO,CA-CA-00000264,,2024-07-05,PLUMBING,MEDIUM,COMPLETED,9093.81,7526.99,2024-07-25,20
WO-T8SU2SGHVKNW,CA-CA-00000264,,2024-07-21,GENERAL,MEDIUM,DEFERRED,1841.08,,,32
WO-EI4AN9ZOK7YK,CA-CA-00000264,,2024-08-10,HVAC,HIGH,OPEN,13482.03,,,51
WO-Q0K9YEMHN63H,CA-CA-00000264,,2024-08-19,PLUMBING,LOW,OPEN,14080.48,,,84
WO-2VZ03XTA0NOM,CA-CA-00000264,,2024-08-19,PLUMBING,MEDIUM,COMPLETED,10909.07,2249.71,2024-09-05,17
WO-GHS0INVSTNY0,CA-CA-00000264,,2024-08-01,LANDSCAPING,MEDIUM,COMPLETED,1133.83,11103.26,2024-08-07,6
WO-63WQ9IO25L59,CA-CA-00000264,,2024-08-20,LANDSCAPING,HIGH,OPEN,12863.26,,,182
WO-K4HZ4EZ9R7X7,CA-CA-00000264,,2024-09-01,PLUMBING,HIGH,COMPLETED,5181.42,4590.92,2024-09-05,4
WO-A8JRF32MGV23,CA-CA-00000264,,2024-09-04,ROOFING,LOW,COMPLETED,5615.08,1267.11,2024-09-21,17
WO-4IWP3M9PN8UN,CA-CA-00000264,,2024-09-27,ELECTRICAL,LOW,OPEN,11940.21,,,17
WO-4LAL5T8YMSXT,CA-CA-00000264,,2024-09-27,STRUCTURAL,EMERGENCY,DEFERRED,3877.24,,,65
WO-CHQOCMBTB2II,CA-CA-00000264,,2024-09-05,GENERAL,MEDIUM,DEFERRED,10360.15,,,98
WO-1TA04XKRU8T5,CA-CA-00000264,,2024-09-02,PLUMBING,HIGH,COMPLETED,14475.72,6803.49,2024-09-06,4
WO-UVRSF4RZNJIA,CA-CA-00000264,,2024-09-24,STRUCTURAL,EMERGENCY,OPEN,2017.43,,,89
WO-CZO45PTC72H1,CA-CA-00000264,,2024-10-09,PLUMBING,HIGH,COMPLETED,7830.63,7587.18,2024-10-28,19
WO-4HRKYVLCEHLK,CA-CA-00000264,,2024-10-16,HVAC,MEDIUM,COMPLETED,2062.55,6711.63,2024-10-29,13
WO-03WNME10KRC1,CA-CA-00000264,,2024-10-12,STRUCTURAL,HIGH,COMPLETED,13136.45,3780.72,2024-10-17,5
WO-85B0EBOMVW3B,CA-CA-00000264,,2024-10-06,PLUMBING,MEDIUM,OPEN,5938.69,,,561
WO-J9749C4C2PE2,CA-CA-00000264,,2024-11-26,GENERAL,LOW,COMPLETED,12055.44,3036.49,2024-12-13,17
WO-3LJ2T1ZL9LSG,CA-CA-00000264,,2024-11-23,PLUMBING,MEDIUM,DEFERRED,4394.58,,,22
WO-E2NWV5JOVQV8,CA-CA-00000264,,2024-12-12,LANDSCAPING,HIGH,OPEN,2453.07,,,296
WO-HNDNAJ9WSK8L,CA-CA-00000264,,2024-12-08,PLUMBING,MEDIUM,OPEN,12214.69,,,27
WO-SIMM0ZPZQ5V4,CA-CA-00000264,,2024-12-18,PLUMBING,LOW,OPEN,7217.98,,,44
WO-M6CZIHC7QH98,CA-CA-00000264,,2024-12-11,PLUMBING,MEDIUM,COMPLETED,9515.08,730.28,2024-12-27,16
WO-VSY2ZQRG0MXI,CA-CA-00000264,,2024-12-01,GENERAL,MEDIUM,COMPLETED,14482.08,3708.48,2024-12-11,10
WO-0BJPA4P07GMK,CA-CA-00000264,,2024-12-19,PLUMBING,LOW,OPEN,4129.35,,,129
WO-IJ0DJEA8SGLD,CA-CA-00000264,,2025-01-10,LANDSCAPING,HIGH,COMPLETED,6407.74,11773.3,2025-01-26,16
WO-4RGWDEYE70D9,CA-CA-00000264,,2025-01-26,GENERAL,LOW,DEFERRED,5203.5,,,41
WO-2UWBJEFF86UM,CA-CA-00000264,,2025-01-11,HVAC,MEDIUM,DEFERRED,10574.22,,,85
WO-YP8PVAEWK8E3,CA-CA-00000264,,2025-01-17,ELECTRICAL,MEDIUM,COMPLETED,13121.45,1489.48,2025-01-28,11
WO-53IWL8NMBK2D,CA-CA-00000264,,2025-01-10,PLUMBING,MEDIUM,OPEN,3386.52,,,67
WO-Q31MQGF39TJP,CA-CA-00000264,,2025-02-02,LANDSCAPING,LOW,DEFERRED,5173.94,,,153
WO-AMM1XMGX1262,CA-CA-00000264,,2025-02-12,LANDSCAPING,MEDIUM,COMPLETED,7295.97,3464.24,2025-02-20,8
WO-3ME3UHBY95EI,CA-CA-00000264,,2025-02-16,ELECTRICAL,HIGH,DEFERRED,4626.34,,,69
WO-K8KSCGK5B8CD,CA-CA-00000264,,2025-02-05,GENERAL,LOW,COMPLETED,5868.97,5388.21,2025-02-14,9
WO-DQ74440CRJUU,CA-CA-00000264,,2025-02-16,HVAC,HIGH,COMPLETED,704.6,10588.41,2025-02-20,4
WO-5EQJ0SOJJQHY,CA-CA-00000264,,2025-02-16,LANDSCAPING,LOW,OPEN,13727.05,,,68
WO-99LJ4VZQTP62,CA-CA-00000264,,2025-02-03,PLUMBING,MEDIUM,COMPLETED,3992.16,9964.66,2025-02-20,17
WO-OFW9V9DUOJRD,CA-CA-00000264,,2025-03-08,ROOFING,MEDIUM,DEFERRED,11386.59,,,80
WO-FUBEPFA4Q4Q6,CA-CA-00000264,,2025-03-05,GENERAL,LOW,COMPLETED,5818.42,3520.05,2025-03-18,13
WO-WPM0RLT23AQQ,CA-CA-00000264,,2025-03-18,PLUMBING,MEDIUM,OPEN,11264.55,,,57
WO-0VR00X2VUVNC,CA-CA-00000264,,2025-03-21,LANDSCAPING,HIGH,OPEN,4675.65,,,54
WO-2BBX1XLARG3O,CA-CA-00000264,,2025-03-04,LANDSCAPING,HIGH,OPEN,7614.38,,,142
WO-Q5ROP6BPPV43,CA-CA-00000264,,2025-04-26,ROOFING,MEDIUM,OPEN,1072.11,,,16
WO-BRX5TOOETGTU,CA-CA-00000264,,2025-04-18,ELEVATOR,LOW,OPEN,9432.85,,,55
WO-J1QPTWWJDCLL,CA-CA-00000264,,2025-04-18,PLUMBING,LOW,DEFERRED,6207.89,,,31
WO-VN2P8AXG8WOG,CA-CA-00000264,,2025-04-25,STRUCTURAL,LOW,DEFERRED,1535.9,,,42
WO-H6TQTFAL5F6S,CA-CA-00000264,,2025-04-20,LANDSCAPING,HIGH,OPEN,5031.64,,,75
WO-P5HUCFPCJXZT,CA-CA-00000264,,2025-04-27,LANDSCAPING,LOW,OPEN,4030.01,,,93
WO-CFTZOA4N1D1A,CA-CA-00000264,,2025-04-06,GENERAL,HIGH,COMPLETED,6216.25,11078.42,2025-04-21,15
WO-6AJVA40KIEUT,CA-CA-00000264,,2025-04-23,STRUCTURAL,LOW,DEFERRED,13116.37,,,49
WO-PZSZ2KC8YINN,CA-CA-00000264,,2025-05-08,ELECTRICAL,LOW,COMPLETED,4012.02,11137.65,2025-05-16,8
WO-95TEBNSER8GG,CA-CA-00000264,,2025-06-18,PLUMBING,MEDIUM,OPEN,13214.98,,,111
WO-75LAO93WYC0O,CA-CA-00000264,,2025-06-10,ROOFING,LOW,DEFERRED,1947.45,,,6
WO-9UYW8I4CJBNK,CA-CA-00000264,,2025-06-22,LANDSCAPING,HIGH,COMPLETED,12822.52,7372.96,2025-07-02,10
WO-4AIVDRG2K1T6,CA-FL-00000265,,2024-01-20,GENERAL,HIGH,COMPLETED,13235.13,7849.33,2024-02-05,16
WO-OFSN9KPVFNOT,CA-FL-00000265,,2024-01-15,PLUMBING,LOW,COMPLETED,2371.24,6972.13,2024-02-05,21
WO-T10YV7R5B7N1,CA-FL-00000265,,2024-01-20,LANDSCAPING,MEDIUM,OPEN,8837.7,,,82
WO-W527GOBTQ9FH,CA-FL-00000265,,2024-01-07,ROOFING,EMERGENCY,COMPLETED,10549.96,3206.64,2024-01-24,17
WO-6CVUGP51U3NX,CA-FL-00000265,,2024-01-21,ELECTRICAL,MEDIUM,COMPLETED,8895.7,6145.22,2024-02-09,19
WO-94XI0H2TWJ8I,CA-FL-00000265,,2024-01-05,LANDSCAPING,LOW,DEFERRED,540.98,,,156
WO-4BBYRBR8ZPCP,CA-FL-00000265,,2024-01-18,ELECTRICAL,MEDIUM,COMPLETED,7669.89,3905.46,2024-01-31,13
WO-Y0Y5G2T1N11M,CA-FL-00000265,,2024-01-01,GENERAL,HIGH,COMPLETED,13708.88,842.23,2024-01-12,11
WO-YF342TR8O4QS,CA-FL-00000265,,2024-02-14,GENERAL,LOW,DEFERRED,6105.18,,,10
WO-FBVXAO7468Z1,CA-FL-00000265,,2024-02-18,STRUCTURAL,MEDIUM,DEFERRED,1853.88,,,77
WO-NNTJPOGCSEWC,CA-FL-00000265,,2024-02-04,LANDSCAPING,LOW,OPEN,8975.52,,,151
WO-Y0GUO2KUQ3NV,CA-FL-00000265,,2024-02-21,GENERAL,MEDIUM,DEFERRED,8392.89,,,114
WO-PIZDCPGO1WY9,CA-FL-00000265,,2024-02-28,GENERAL,HIGH,OPEN,7394.5,,,32
WO-38GEYHCJLWJ0,CA-FL-00000265,,2024-03-05,PLUMBING,MEDIUM,COMPLETED,4039.38,11822.13,2024-03-18,13
WO-U0FNCY20VYBK,CA-FL-00000265,,2024-03-26,LANDSCAPING,MEDIUM,DEFERRED,9257.5,,,35
WO-H12XPBV7N5S3,CA-FL-00000265,,2024-03-01,PLUMBING,LOW,COMPLETED,13732.12,1857.56,2024-03-14,13
WO-41W468MUCWXP,CA-FL-00000265,,2024-03-06,ELECTRICAL,MEDIUM,DEFERRED,13895.28,,,28
WO-XQEH9AK4TPA8,CA-FL-00000265,,2024-03-15,ELECTRICAL,LOW,DEFERRED,6197.51,,,117
WO-E75AID901DVX,CA-FL-00000265,,2024-04-27,GENERAL,MEDIUM,DEFERRED,10236.52,,,26
WO-U9S8QUEK9YQW,CA-FL-00000265,,2024-04-16,LANDSCAPING,LOW,DEFERRED,6932.87,,,22
WO-LPJBM0F6E4VS,CA-FL-00000265,,2024-05-04,HVAC,MEDIUM,OPEN,2297.14,,,61
WO-H5EBF0RBAZON,CA-FL-00000265,,2024-05-02,ELECTRICAL,LOW,COMPLETED,1414.34,11545.23,2024-05-10,8
WO-4EF12N4RKSAN,CA-FL-00000265,,2024-06-01,ELECTRICAL,LOW,COMPLETED,10203.71,6017.7,2024-06-17,16
WO-IGMKL4RREZES,CA-FL-00000265,,2024-06-24,PLUMBING,MEDIUM,DEFERRED,506.69,,,47
WO-TM3MMEAKPK1J,CA-FL-00000265,,2024-06-23,HVAC,HIGH,COMPLETED,13827.36,11802.98,2024-06-27,4
WO-2BX58VRE5AZF,CA-FL-00000265,,2024-06-26,STRUCTURAL,MEDIUM,COMPLETED,14575.43,4703.07,2024-07-11,15
WO-ARBYI0Q9ACLM,CA-FL-00000265,,2024-06-21,ROOFING,HIGH,DEFERRED,11133.41,,,16
WO-916WQIGSZV16,CA-FL-00000265,,2024-06-12,HVAC,LOW,COMPLETED,14295.5,2122.31,2024-07-01,19
WO-V0VABCHXJE87,CA-FL-00000265,,2024-06-27,PLUMBING,MEDIUM,COMPLETED,7776.44,4792.14,2024-07-07,10
WO-YB1Y94DCC7DF,CA-FL-00000265,,2024-06-04,GENERAL,LOW,OPEN,13863.22,,,106
WO-0V1LGF6H2ST5,CA-FL-00000265,,2024-07-24,ROOFING,LOW,COMPLETED,3298.14,2721.96,2024-08-02,9
WO-UY1RQEYXF6W1,CA-FL-00000265,,2024-07-17,LANDSCAPING,HIGH,COMPLETED,10529.49,839.48,2024-07-29,12
WO-0NI1V17NJIHV,CA-FL-00000265,,2024-07-11,ELECTRICAL,LOW,DEFERRED,2079.61,,,32
WO-MCS2SRQHMYC2,CA-FL-00000265,,2024-07-09,ROOFING,HIGH,COMPLETED,7388.89,2771.76,2024-07-12,3
WO-KNA993WFH4NY,CA-FL-00000265,,2024-07-07,PLUMBING,HIGH,OPEN,5474.91,,,37
WO-JO4BIKIHIL3O,CA-FL-00000265,,2024-07-17,STRUCTURAL,MEDIUM,OPEN,11707.57,,,82
WO-G0UVAVKXM0ON,CA-FL-00000265,,2024-07-16,GENERAL,MEDIUM,OPEN,6794.03,,,199
WO-S8C1MKB2S1O3,CA-FL-00000265,,2024-07-07,GENERAL,MEDIUM,DEFERRED,2214.07,,,36
WO-QM5KLQI92M31,CA-FL-00000265,,2024-07-02,HVAC,MEDIUM,DEFERRED,847.76,,,18
WO-FSC2DPPV1PJ1,CA-FL-00000265,,2024-08-23,PLUMBING,LOW,COMPLETED,6751.79,10632.73,2024-08-27,4
WO-46PJZPP2P5OC,CA-FL-00000265,,2024-08-02,ELECTRICAL,MEDIUM,OPEN,13004.91,,,103
WO-WW67J2UC7ELX,CA-FL-00000265,,2024-08-22,STRUCTURAL,LOW,OPEN,3427.33,,,54
WO-8DCTR7P3O4P7,CA-FL-00000265,,2024-08-08,ROOFING,HIGH,OPEN,7257.26,,,34
WO-C2IXGSWOGETK,CA-FL-00000265,,2024-08-25,HVAC,LOW,DEFERRED,8385.68,,,120
WO-N7EA8IIU6023,CA-FL-00000265,,2024-08-20,LANDSCAPING,MEDIUM,DEFERRED,9508.16,,,83
WO-WJWFU2NOOXXX,CA-FL-00000265,,2024-09-05,ELECTRICAL,LOW,COMPLETED,7835.76,10747.23,2024-09-13,8
WO-EN92GO4H1WUC,CA-FL-00000265,,2024-09-14,GENERAL,MEDIUM,DEFERRED,8912.85,,,56
WO-0ZLMRVPNZY9K,CA-FL-00000265,,2024-09-06,ROOFING,MEDIUM,COMPLETED,13689.3,1953.98,2024-09-12,6
WO-862GDDTA04DC,CA-FL-00000265,,2024-10-18,ROOFING,LOW,COMPLETED,4196.46,3329.26,2024-10-22,4
WO-ZPQOTZIEFFVQ,CA-FL-00000265,,2024-10-06,PLUMBING,MEDIUM,COMPLETED,3156.36,1027.65,2024-10-13,7
WO-JY6I6YM171BV,CA-FL-00000265,,2024-11-20,ELECTRICAL,MEDIUM,OPEN,4398.66,,,44
WO-K322A3LWB2JH,CA-FL-00000265,,2024-11-15,GENERAL,LOW,COMPLETED,10002.05,6141.94,2024-11-26,11
WO-2A94SYF3OR9D,CA-FL-00000265,,2024-11-12,GENERAL,LOW,DEFERRED,11739.22,,,38
WO-B6LT3QX8DA45,CA-FL-00000265,,2024-11-19,HVAC,HIGH,DEFERRED,14385.42,,,53
WO-V5ZUR672R3VY,CA-FL-00000265,,2024-11-03,LANDSCAPING,MEDIUM,OPEN,2586.57,,,56
WO-XM86UIS3OJBU,CA-FL-00000265,,2024-11-05,ELEVATOR,HIGH,OPEN,3157.96,,,111
WO-3CMF4OKBOCX1,CA-FL-00000265,,2024-11-05,PLUMBING,LOW,COMPLETED,6885.31,6179.95,2024-11-16,11
WO-OWDD0287GED5,CA-FL-00000265,,2024-12-15,ELEVATOR,LOW,COMPLETED,3042.82,8065.23,2024-12-21,6
WO-MQL5D91AYT16,CA-FL-00000265,,2024-12-14,HVAC,MEDIUM,OPEN,9353.21,,,48
WO-U0KKFNKNY0GW,CA-FL-00000265,,2024-12-25,LANDSCAPING,MEDIUM,OPEN,1898.75,,,100
WO-OYDY4AC1PAGE,CA-FL-00000265,,2024-12-23,ELEVATOR,MEDIUM,OPEN,2457.03,,,75
WO-20WT73C9BN3V,CA-FL-00000265,,2024-12-04,HVAC,MEDIUM,COMPLETED,11911.93,7608.49,2024-12-10,6
WO-D03QYGU1IHDF,CA-FL-00000265,,2024-12-23,ELECTRICAL,LOW,DEFERRED,10765.1,,,38
WO-QJQC8KTTVRQD,CA-FL-00000265,,2025-01-10,HVAC,MEDIUM,OPEN,11605.51,,,48
WO-IRM6CGOGH3YH,CA-FL-00000265,,2025-01-10,ELECTRICAL,MEDIUM,DEFERRED,13107.42,,,81
WO-2W1FV7YQL1DT,CA-FL-00000265,,2025-01-02,GENERAL,HIGH,DEFERRED,7133.06,,,40
WO-HWY350K6GJHG,CA-FL-00000265,,2025-01-19,LANDSCAPING,MEDIUM,DEFERRED,1130.08,,,39
WO-TMM5DCJ231MA,CA-FL-00000265,,2025-01-06,LANDSCAPING,LOW,DEFERRED,2745.76,,,263
WO-EDP56GE12NLG,CA-FL-00000265,,2025-02-26,LANDSCAPING,MEDIUM,OPEN,2816.41,,,29
WO-FLCCYN49GUUG,CA-FL-00000265,,2025-02-26,STRUCTURAL,LOW,COMPLETED,8565.86,11863.04,2025-03-15,17
WO-0FTOESZTGFYN,CA-FL-00000265,,2025-02-18,LANDSCAPING,MEDIUM,COMPLETED,7699.67,10028.74,2025-03-08,18
WO-N8YA52J6S7HD,CA-FL-00000265,,2025-02-04,HVAC,MEDIUM,OPEN,10666.71,,,86
WO-KL8JPPAF5H2R,CA-FL-00000265,,2025-02-24,PLUMBING,MEDIUM,COMPLETED,7947.1,274.44,2025-03-03,7
WO-XIMCOK1JY70N,CA-FL-00000265,,2025-02-24,HVAC,MEDIUM,COMPLETED,9072.21,4121.26,2025-03-12,16
WO-IPKJ8E9QRKKT,CA-FL-00000265,,2025-02-07,LANDSCAPING,LOW,COMPLETED,4009.64,11035.01,2025-02-21,14
WO-HHZ9XUMD6WUD,CA-FL-00000265,,2025-03-06,ELECTRICAL,MEDIUM,COMPLETED,9436.66,1109.67,2025-03-17,11
WO-WCBIT2QV4O0O,CA-FL-00000265,,2025-03-11,STRUCTURAL,MEDIUM,OPEN,14349.56,,,74
WO-99MBFK3HW5R4,CA-FL-00000265,,2025-03-09,PLUMBING,EMERGENCY,COMPLETED,10949.25,5221.35,2025-03-28,19
WO-H67XTT6306XD,CA-FL-00000265,,2025-03-07,PLUMBING,MEDIUM,COMPLETED,6674.74,4616.56,2025-03-10,3
WO-NBR1SG7V3T4P,CA-FL-00000265,,2025-03-15,STRUCTURAL,LOW,DEFERRED,4150.17,,,60
WO-M3O2XXRP3U6Y,CA-FL-00000265,,2025-04-15,PLUMBING,LOW,OPEN,2672.62,,,71
WO-DE2AB02FVREY,CA-FL-00000265,,2025-04-24,LANDSCAPING,LOW,COMPLETED,5866.81,4642.91,2025-05-12,18
WO-J71CBQ2FZ6ED,CA-FL-00000265,,2025-04-01,PLUMBING,LOW,OPEN,9280.52,,,51
WO-SMXJ17QI43YJ,CA-FL-00000265,,2025-04-13,ROOFING,EMERGENCY,COMPLETED,12825.31,5351.35,2025-04-19,6
WO-2SVDQRDO94H4,CA-FL-00000265,,2025-04-17,LANDSCAPING,HIGH,COMPLETED,3664.53,5236.49,2025-05-04,17
WO-UKC3KX2N9JBX,CA-FL-00000265,,2025-04-09,LANDSCAPING,EMERGENCY,COMPLETED,13894.27,9085.99,2025-04-10,1
WO-OGEGHEHF5U2P,CA-FL-00000265,,2025-04-05,GENERAL,MEDIUM,DEFERRED,14716.7,,,125
WO-TFCHYJQJLA6J,CA-FL-00000265,,2025-04-24,HVAC,MEDIUM,COMPLETED,4014.11,5176.36,2025-05-06,12
WO-MDYBB1J4FH7O,CA-FL-00000265,,2025-05-25,GENERAL,MEDIUM,COMPLETED,1646.96,1988.22,2025-06-02,8
WO-C76CU9URC2K4,CA-FL-00000265,,2025-05-09,LANDSCAPING,HIGH,COMPLETED,3719.94,9016.73,2025-05-24,15
WO-JW6YTPZ4AXA4,CA-FL-00000265,,2025-05-18,GENERAL,LOW,COMPLETED,8014.68,11247.87,2025-05-25,7
WO-YLYWYET1H6BE,CA-FL-00000265,,2025-05-19,STRUCTURAL,LOW,COMPLETED,6613.9,627.51,2025-05-25,6
WO-E638018UQZRX,CA-FL-00000265,,2025-05-08,ELECTRICAL,HIGH,COMPLETED,13758.22,4301.47,2025-05-15,7
WO-URSOOLRLL8DW,CA-FL-00000265,,2025-05-16,ELECTRICAL,MEDIUM,DEFERRED,8457.56,,,60
WO-5SIHOXN7V49O,CA-FL-00000265,,2025-06-12,ELECTRICAL,MEDIUM,COMPLETED,11752.85,11663.21,2025-06-30,18
WO-VRGV69HCH5K5,CA-FL-00000265,,2025-06-05,PLUMBING,MEDIUM,DEFERRED,8961.3,,,50
WO-7MMIB5FCX85W,CA-FL-00000265,,2025-06-13,HVAC,LOW,DEFERRED,6789.19,,,55
WO-AQSHDN0OA5NY,CA-FL-00000265,,2025-06-17,PLUMBING,HIGH,COMPLETED,883.95,1721.51,2025-07-03,16
WO-HQTY065XGYRS,CA-FL-00000265,,2025-06-09,PLUMBING,LOW,OPEN,3277.76,,,34
WO-UTT0DB12OZRM,CA-FL-00000265,,2025-06-23,LANDSCAPING,MEDIUM,COMPLETED,7074.17,9830.57,2025-07-09,16
WO-EUQ3OP7Z7X6Q,CA-WA-00000266,,2024-05-24,GENERAL,HIGH,COMPLETED,6828.04,1336.02,2024-05-26,2
WO-Z1AO91AMNT4T,CA-WA-00000266,,2024-06-20,HVAC,LOW,COMPLETED,12033.23,11355.76,2024-07-03,13
WO-8LT86VUZUTWD,CA-WA-00000266,,2024-09-05,PLUMBING,HIGH,COMPLETED,10664.79,3869.48,2024-09-21,16
WO-F7LIUHED0LMJ,CA-WA-00000266,,2024-09-02,HVAC,LOW,COMPLETED,8856.78,8824.31,2024-09-13,11
WO-HRETI4LWNJ43,CA-WA-00000266,,2024-10-04,GENERAL,HIGH,COMPLETED,1677.31,6592.91,2024-10-08,4
WO-8K1A1TCY6T41,CA-WA-00000266,,2024-10-02,LANDSCAPING,LOW,COMPLETED,499.78,11113.37,2024-10-21,19
WO-ZIS3HLC14KP0,CA-WA-00000266,,2024-11-25,PLUMBING,MEDIUM,COMPLETED,10184.12,540.49,2024-12-14,19
WO-5Z9ASAZ2RBZR,CA-WA-00000266,,2024-12-01,GENERAL,HIGH,COMPLETED,10127.41,8980.49,2024-12-04,3
WO-EMH75BJCQUZU,CA-WA-00000266,,2024-12-02,STRUCTURAL,EMERGENCY,COMPLETED,246.98,4654.12,2024-12-14,12
WO-PCKXGOONCJ24,CA-WA-00000266,,2025-02-22,ROOFING,MEDIUM,COMPLETED,1337.47,2793.12,2025-03-10,16
WO-A31ZFUU61R54,CA-WA-00000266,,2025-02-25,PLUMBING,LOW,COMPLETED,7779.9,11506.47,2025-03-13,16
WO-3HA0T32LFWA8,CA-WA-00000266,,2025-04-19,PLUMBING,HIGH,DEFERRED,4577.36,,,19
WO-W4PTLCCUCYSB,CA-WA-00000266,,2025-05-15,ROOFING,HIGH,COMPLETED,7371.21,475.8,2025-05-18,3
WO-6YHCTQ97J37B,CA-WA-00000266,,2025-06-23,HVAC,MEDIUM,COMPLETED,4838.52,7510.6,2025-06-26,3
WO-8HVY8EJXT9X1,CA-NV-00000267,,2024-01-07,LANDSCAPING,MEDIUM,COMPLETED,11459.87,4414.75,2024-01-11,4
WO-REHCPWN1QENC,CA-NV-00000267,,2024-01-19,STRUCTURAL,HIGH,OPEN,12116.38,,,96
WO-MUIETJCCJ99D,CA-NV-00000267,,2024-02-19,LANDSCAPING,HIGH,COMPLETED,11957.38,9194.45,2024-03-09,19
WO-XUTBBG02L2A6,CA-NV-00000267,,2024-02-21,ROOFING,HIGH,OPEN,1826.81,,,35
WO-SM78R41KLNH4,CA-NV-00000267,,2024-03-02,STRUCTURAL,HIGH,COMPLETED,517.92,3458.92,2024-03-18,16
WO-T3AEF5AMLBJP,CA-NV-00000267,,2024-03-07,ELECTRICAL,LOW,COMPLETED,4378.23,4737.52,2024-03-15,8
WO-6LIT4932WOOP,CA-NV-00000267,,2024-04-16,PLUMBING,MEDIUM,COMPLETED,11981.39,8901.12,2024-05-05,19
WO-33O6UR370XE2,CA-NV-00000267,,2024-04-18,ELEVATOR,LOW,OPEN,8860.78,,,32
WO-KTRXCU4TSOAP,CA-NV-00000267,,2024-04-05,GENERAL,MEDIUM,COMPLETED,11315.28,2225.23,2024-04-17,12
WO-W0OPHU7CQUVT,CA-NV-00000267,,2024-05-11,PLUMBING,MEDIUM,OPEN,7470.1,,,145
WO-SEU7CKZ58OQF,CA-NV-00000267,,2024-05-20,ROOFING,MEDIUM,COMPLETED,4283.47,10913.02,2024-06-04,15
WO-EOUT5G21A00B,CA-NV-00000267,,2024-05-28,PLUMBING,MEDIUM,COMPLETED,3813.33,11879.54,2024-06-10,13
WO-MAS2H0CHXRFA,CA-NV-00000267,,2024-05-25,LANDSCAPING,MEDIUM,COMPLETED,2142.12,7301.95,2024-06-01,7
WO-S5I1P6F2BWLL,CA-NV-00000267,,2024-07-06,LANDSCAPING,EMERGENCY,COMPLETED,5108.21,3413.76,2024-07-27,21
WO-TKZRP5G9SEUE,CA-NV-00000267,,2024-07-17,GENERAL,MEDIUM,COMPLETED,2921.51,4811.94,2024-07-25,8
WO-WUNTY8V1S37I,CA-NV-00000267,,2024-07-06,ELECTRICAL,MEDIUM,COMPLETED,3926.55,5097.91,2024-07-24,18
WO-5IKH9N5O3GZT,CA-NV-00000267,,2024-07-07,ELECTRICAL,MEDIUM,COMPLETED,7961.49,3333.16,2024-07-24,17
WO-924XIJQ3T9RO,CA-NV-00000267,,2024-08-13,HVAC,MEDIUM,COMPLETED,3455.17,9857.73,2024-08-24,11
WO-UZVR6GVU2Q1G,CA-NV-00000267,,2024-08-22,GENERAL,MEDIUM,OPEN,6415.87,,,66
WO-7N9Q71HUBX3O,CA-NV-00000267,,2024-08-25,ELECTRICAL,MEDIUM,COMPLETED,4624.62,3794.48,2024-09-04,10
WO-LQ2RJ2XW8L57,CA-NV-00000267,,2024-08-18,LANDSCAPING,HIGH,COMPLETED,13681.54,6602.12,2024-09-01,14
WO-R2Q895290DJ9,CA-NV-00000267,,2024-08-24,PLUMBING,HIGH,COMPLETED,918.77,4804.52,2024-09-13,20
WO-LZZ4WGM2UC4G,CA-NV-00000267,,2024-09-19,ELECTRICAL,MEDIUM,COMPLETED,617.02,4034.71,2024-10-09,20
WO-5HG78CX0IXPK,CA-NV-00000267,,2024-09-01,LANDSCAPING,HIGH,COMPLETED,13461.83,2283.88,2024-09-17,16
WO-KJ46WIOJP4R1,CA-NV-00000267,,2024-09-25,ROOFING,EMERGENCY,OPEN,9647.3,,,125
WO-DWB0E84QRAZZ,CA-NV-00000267,,2024-10-05,PLUMBING,MEDIUM,COMPLETED,1170.49,10059.27,2024-10-25,20
WO-3OA9G4QZIO7P,CA-NV-00000267,,2024-10-25,GENERAL,LOW,OPEN,13553.19,,,63
WO-V4MVGKR9KBYJ,CA-NV-00000267,,2024-12-07,GENERAL,LOW,COMPLETED,13716.01,984.92,2024-12-22,15
WO-BX4ZPL0RIM5J,CA-NV-00000267,,2024-12-28,LANDSCAPING,MEDIUM,COMPLETED,5886.95,795.84,2025-01-06,9
WO-S2ACXXD1SZZO,CA-NV-00000267,,2025-01-04,ELEVATOR,LOW,COMPLETED,439.13,7461.05,2025-01-11,7
WO-GLKJDPIOKHTR,CA-NV-00000267,,2025-01-06,ELECTRICAL,LOW,COMPLETED,5201.87,9013.4,2025-01-20,14
WO-J666HIFOO2KQ,CA-NV-00000267,,2025-01-19,PLUMBING,LOW,DEFERRED,4118.2,,,82
WO-6U9HAKLWQZ0K,CA-NV-00000267,,2025-02-11,LANDSCAPING,LOW,COMPLETED,2368.94,784.67,2025-02-26,15
WO-BO971TVJLRRU,CA-NV-00000267,,2025-02-14,STRUCTURAL,MEDIUM,COMPLETED,887.61,1360.72,2025-02-21,7
WO-7PTN1L4A7U28,CA-NV-00000267,,2025-02-18,LANDSCAPING,EMERGENCY,COMPLETED,1770.99,9348.19,2025-02-27,9
WO-A4PI7W8BDHBR,CA-NV-00000267,,2025-02-02,PLUMBING,LOW,OPEN,14145.7,,,29
WO-PUUPWV2VYKMX,CA-NV-00000267,,2025-03-28,GENERAL,MEDIUM,COMPLETED,4878.76,9509.75,2025-03-31,3
WO-B6Q9ETDG8OYW,CA-NV-00000267,,2025-03-12,GENERAL,MEDIUM,COMPLETED,8859.25,4446.65,2025-03-20,8
WO-2O6HKOC9D0YK,CA-NV-00000267,,2025-04-17,LANDSCAPING,LOW,DEFERRED,6498.31,,,48
WO-LN24P9C2RHOI,CA-NV-00000267,,2025-04-20,LANDSCAPING,MEDIUM,COMPLETED,7436.08,11693.91,2025-05-07,17
WO-HH2CAGWG0E9Q,CA-NV-00000267,,2025-04-24,PLUMBING,EMERGENCY,COMPLETED,4468.87,6233.91,2025-05-06,12
WO-K5AIK0K2EJWB,CA-NV-00000267,,2025-04-11,PLUMBING,MEDIUM,OPEN,3377.56,,,64
WO-K6FKWNBRIE6S,CA-NV-00000267,,2025-04-07,ELECTRICAL,LOW,DEFERRED,1924.34,,,51
WO-XS5NNNLBYG3N,CA-NV-00000267,,2025-05-01,ELEVATOR,LOW,COMPLETED,11594.64,8155.25,2025-05-13,12
WO-12L2ZNMQW0FD,CA-NV-00000267,,2025-06-18,ELECTRICAL,MEDIUM,COMPLETED,12365.11,9088.67,2025-07-01,13
WO-SRZZ5JDIHQ8C,CA-NV-00000267,,2025-06-19,GENERAL,MEDIUM,COMPLETED,501.5,252.33,2025-06-24,5
WO-7Q02B0HMQS2L,CA-NV-00000267,,2025-06-21,HVAC,LOW,COMPLETED,4809.43,4151.2,2025-07-03,12
WO-EU9H9HRYCU9F,CA-NV-00000267,,2025-06-01,GENERAL,LOW,COMPLETED,2770.29,11485.95,2025-06-06,5
WO-1VY2FUDUM510,CA-NV-00000267,,2025-06-21,HVAC,LOW,COMPLETED,14399.27,7079.84,2025-06-27,6
WO-9XUB9TBJIR0E,CA-CA-00000268,,2024-01-21,HVAC,LOW,COMPLETED,13090.15,11671.59,2024-02-02,12
WO-MKWK4KD7JT5N,CA-CA-00000268,,2024-01-28,LANDSCAPING,MEDIUM,DEFERRED,9606.02,,,22
WO-BQNYB5M86GEC,CA-CA-00000268,,2024-01-25,PLUMBING,MEDIUM,OPEN,3844.12,,,38
WO-KHDP382G9LA5,CA-CA-00000268,,2024-01-14,GENERAL,MEDIUM,DEFERRED,12600.03,,,11
WO-YGDI25PA782N,CA-CA-00000268,,2024-02-12,PLUMBING,EMERGENCY,DEFERRED,4357.41,,,25
WO-3F0K13E1WQF4,CA-CA-00000268,,2024-02-24,ELEVATOR,HIGH,COMPLETED,4269.32,2486.52,2024-03-15,20
WO-L5M499C0JMIM,CA-CA-00000268,,2024-02-18,ROOFING,HIGH,OPEN,2659.23,,,89
WO-JRCGNFGN7Y1G,CA-CA-00000268,,2024-02-05,HVAC,MEDIUM,COMPLETED,13985.97,1095.38,2024-02-24,19
WO-619Y728041UN,CA-CA-00000268,,2024-03-12,ROOFING,HIGH,COMPLETED,5776.25,4222.29,2024-03-13,1
WO-VXT6YFE83O90,CA-CA-00000268,,2024-03-23,LANDSCAPING,MEDIUM,COMPLETED,14496.13,2651.58,2024-03-26,3
WO-01RAK0TEVG0G,CA-CA-00000268,,2024-03-09,GENERAL,LOW,DEFERRED,5428.93,,,111
WO-QM25FSSCPTWR,CA-CA-00000268,,2024-03-28,GENERAL,HIGH,OPEN,13087.43,,,167
WO-CREU8QVAJ6GD,CA-CA-00000268,,2024-04-17,PLUMBING,MEDIUM,DEFERRED,3964.5,,,45
WO-5SNHDKTT4LG0,CA-CA-00000268,,2024-04-15,ROOFING,HIGH,COMPLETED,2592.77,8361.8,2024-04-30,15
WO-WOY0K5HZOSZ2,CA-CA-00000268,,2024-04-18,LANDSCAPING,MEDIUM,COMPLETED,5939.86,3467.49,2024-05-02,14
WO-X5M9T7IESKY6,CA-CA-00000268,,2024-04-19,ROOFING,LOW,OPEN,299.36,,,61
WO-KUL1D4IMW50C,CA-CA-00000268,,2024-04-16,PLUMBING,MEDIUM,DEFERRED,5711.25,,,16
WO-CHG7R3MZSGWD,CA-CA-00000268,,2024-04-16,HVAC,HIGH,DEFERRED,14016.76,,,49
WO-J6NPOG6M3J1O,CA-CA-00000268,,2024-04-20,GENERAL,LOW,DEFERRED,13202.72,,,27
WO-DASAIP9HNP9G,CA-CA-00000268,,2024-05-15,PLUMBING,MEDIUM,OPEN,12844.72,,,427
WO-D2QFES3VH8DS,CA-CA-00000268,,2024-05-01,ELECTRICAL,LOW,DEFERRED,12885.39,,,81
WO-L8QX3L16X7LE,CA-CA-00000268,,2024-05-26,STRUCTURAL,HIGH,OPEN,10270.81,,,11
WO-MJOXTZX55A76,CA-CA-00000268,,2024-05-23,ROOFING,MEDIUM,COMPLETED,8411.3,10778.42,2024-05-24,1
WO-451LHS8Q77JM,CA-CA-00000268,,2024-05-27,PLUMBING,HIGH,COMPLETED,2447.89,8031.35,2024-06-08,12
WO-C5TWVYNL7Z7U,CA-CA-00000268,,2024-05-23,STRUCTURAL,MEDIUM,OPEN,13572.17,,,40
WO-M1V9TSSST6QR,CA-CA-00000268,,2024-05-10,HVAC,LOW,DEFERRED,8337.85,,,60
WO-FNAE2MNDX5L8,CA-CA-00000268,,2024-06-03,ROOFING,HIGH,COMPLETED,2732.5,6005.15,2024-06-10,7
WO-DE4WPGURUMWR,CA-CA-00000268,,2024-06-21,HVAC,HIGH,DEFERRED,1618.83,,,30
WO-EGDGRPM40W5X,CA-CA-00000268,,2024-06-23,PLUMBING,LOW,COMPLETED,14681.69,7842.88,2024-07-12,19
WO-LJUXSROVOZPZ,CA-CA-00000268,,2024-06-28,GENERAL,LOW,DEFERRED,14509.45,,,66
WO-MW93K9TDR38A,CA-CA-00000268,,2024-06-28,STRUCTURAL,HIGH,DEFERRED,7011.77,,,20
WO-V5CHN8BTB0BA,CA-CA-00000268,,2024-07-17,ROOFING,MEDIUM,OPEN,4895.9,,,91
WO-L2VNCAP6H62I,CA-CA-00000268,,2024-07-28,LANDSCAPING,LOW,OPEN,12336.92,,,24
WO-N32A6LM9MHK9,CA-CA-00000268,,2024-07-05,ELECTRICAL,MEDIUM,COMPLETED,7146.6,9164.72,2024-07-08,3
WO-B8QQX9VNQGPF,CA-CA-00000268,,2024-08-23,GENERAL,LOW,COMPLETED,7832.7,7794.51,2024-08-30,7
WO-EC0M6PLBI9AP,CA-CA-00000268,,2024-08-22,HVAC,MEDIUM,COMPLETED,10008.35,11420.66,2024-09-03,12
WO-S3QCRKHAUI69,CA-CA-00000268,,2024-08-22,GENERAL,HIGH,DEFERRED,6029.67,,,18
WO-3G4561DJEHA2,CA-CA-00000268,,2024-08-10,LANDSCAPING,LOW,DEFERRED,7539.88,,,224
WO-7OPCQPC9E7D7,CA-CA-00000268,,2024-08-27,ROOFING,HIGH,DEFERRED,5120.21,,,29
WO-HOEY43LR541M,CA-CA-00000268,,2024-08-21,HVAC,MEDIUM,OPEN,10026.67,,,45
WO-1TXSO0D0GG8W,CA-CA-00000268,,2024-09-07,LANDSCAPING,LOW,DEFERRED,8304.08,,,34
WO-SKJJSI1Q5JRF,CA-CA-00000268,,2024-09-16,HVAC,MEDIUM,COMPLETED,10943.66,10641.19,2024-09-26,10
WO-E6PDT4TFTQ1E,CA-CA-00000268,,2024-09-19,STRUCTURAL,LOW,OPEN,7825.51,,,61
WO-NAFE7LAKJC3Q,CA-CA-00000268,,2024-09-10,PLUMBING,MEDIUM,OPEN,5675.76,,,86
WO-3NX8OSBB3DAE,CA-CA-00000268,,2024-09-15,PLUMBING,LOW,COMPLETED,819.9,10230.87,2024-09-16,1
WO-T24SKLG8GSM4,CA-CA-00000268,,2024-09-15,HVAC,MEDIUM,COMPLETED,13392.51,1462.65,2024-10-02,17
WO-G9I0RJFVMLK9,CA-CA-00000268,,2024-10-05,PLUMBING,LOW,OPEN,362.92,,,102
WO-W6V5AT5JH9OB,CA-CA-00000268,,2024-10-07,HVAC,LOW,DEFERRED,8129.75,,,47
WO-1PH3R9SUJJOC,CA-CA-00000268,,2024-10-17,ELECTRICAL,HIGH,OPEN,13720.8,,,48
WO-WWFGRSWJB9YI,CA-CA-00000268,,2024-10-24,ROOFING,MEDIUM,COMPLETED,12020.59,626.78,2024-11-13,20
WO-8C5ZUO6M3GPG,CA-CA-00000268,,2024-10-17,STRUCTURAL,LOW,OPEN,8703.55,,,357
WO-JN9YB10ORV7O,CA-CA-00000268,,2024-10-04,HVAC,LOW,COMPLETED,1601.58,7008.43,2024-10-22,18
WO-PZVCBHXVXR64,CA-CA-00000268,,2024-10-05,GENERAL,LOW,OPEN,7374.53,,,116
WO-6YI2EQ6S8C87,CA-CA-00000268,,2024-11-02,ELECTRICAL,HIGH,OPEN,629.04,,,59
WO-ONHCXDVWWKYT,CA-CA-00000268,,2024-11-12,LANDSCAPING,MEDIUM,OPEN,626.58,,,41
WO-3UZXE8JWRMMA,CA-CA-00000268,,2024-11-03,ELECTRICAL,HIGH,OPEN,1595.32,,,48
WO-1LJQ3D4UFSGS,CA-CA-00000268,,2024-12-14,ELECTRICAL,MEDIUM,OPEN,12932.54,,,39
WO-5A1M90B4Z3P9,CA-CA-00000268,,2024-12-02,HVAC,MEDIUM,COMPLETED,4541.56,4040.02,2024-12-20,18
WO-26O2D4LKNKBW,CA-CA-00000268,,2025-01-24,ELECTRICAL,MEDIUM,COMPLETED,10793.45,4075.52,2025-01-31,7
WO-PGDJ1PFVI98R,CA-CA-00000268,,2025-01-20,ROOFING,MEDIUM,COMPLETED,5669.45,4155.73,2025-02-05,16
WO-3PWGKIA9MAOC,CA-CA-00000268,,2025-01-09,STRUCTURAL,MEDIUM,OPEN,1355.22,,,86
WO-F7N5V23MQ2U0,CA-CA-00000268,,2025-01-14,GENERAL,LOW,COMPLETED,629.52,1729.09,2025-01-25,11
WO-8R8UKVN6M7BZ,CA-CA-00000268,,2025-01-25,LANDSCAPING,MEDIUM,DEFERRED,4026.07,,,7
WO-UPYLFW1S5RPS,CA-CA-00000268,,2025-01-07,STRUCTURAL,EMERGENCY,COMPLETED,12932.98,5758.85,2025-01-16,9
WO-9O2S3ZA1V43G,CA-CA-00000268,,2025-01-01,ELECTRICAL,LOW,COMPLETED,12998.54,9550.53,2025-01-15,14
WO-NAO31CVH84CJ,CA-CA-00000268,,2025-01-03,PLUMBING,MEDIUM,DEFERRED,1835.54,,,144
WO-X216SCE7PNLG,CA-CA-00000268,,2025-01-26,ROOFING,LOW,DEFERRED,14504.8,,,130
WO-6IY6074H7817,CA-CA-00000268,,2025-02-27,ELEVATOR,HIGH,COMPLETED,13882.63,9728.86,2025-03-17,18
WO-1GLV73F2EAWR,CA-CA-00000268,,2025-02-09,PLUMBING,HIGH,COMPLETED,10619.1,2030.73,2025-02-24,15
WO-T0LVPGH6CKKJ,CA-CA-00000268,,2025-02-22,HVAC,LOW,COMPLETED,2422.74,939.6,2025-02-27,5
WO-QERS0QEGGY5Z,CA-CA-00000268,,2025-02-19,PLUMBING,MEDIUM,COMPLETED,10473.57,10820.62,2025-03-08,17
WO-AVUF6R3Z8462,CA-CA-00000268,,2025-03-26,LANDSCAPING,MEDIUM,OPEN,7724.27,,,27
WO-Q1H2B2N3B819,CA-CA-00000268,,2025-03-26,GENERAL,MEDIUM,COMPLETED,14449.56,5999.55,2025-04-14,19
WO-YUVJFOM8I3BJ,CA-CA-00000268,,2025-03-08,PLUMBING,LOW,COMPLETED,2144.92,7589.66,2025-03-18,10
WO-4E7PDI028ADF,CA-CA-00000268,,2025-03-24,PLUMBING,HIGH,DEFERRED,12267.42,,,37
WO-3NWE9LRUHKHO,CA-CA-00000268,,2025-03-01,ROOFING,HIGH,DEFERRED,2508.56,,,181
WO-TEUANU6RC9X1,CA-CA-00000268,,2025-03-05,LANDSCAPING,HIGH,COMPLETED,10331.85,654.67,2025-03-18,13
WO-3USEHIWTP348,CA-CA-00000268,,2025-03-28,LANDSCAPING,MEDIUM,DEFERRED,13109.61,,,43
WO-VVK5MMN5BEZV,CA-CA-00000268,,2025-04-18,PLUMBING,MEDIUM,DEFERRED,14201.4,,,51
WO-1AE1X2BH5KPI,CA-CA-00000268,,2025-05-18,GENERAL,LOW,COMPLETED,1989.6,5437.49,2025-05-31,13
WO-1P4N46UQ1D4H,CA-CA-00000268,,2025-05-08,LANDSCAPING,LOW,COMPLETED,9661.52,4226.96,2025-05-23,15
WO-4LG6EGFLSJUZ,CA-CA-00000268,,2025-05-25,GENERAL,EMERGENCY,COMPLETED,7248.83,5067.45,2025-06-07,13
WO-8VAODF4GVD3A,CA-CA-00000268,,2025-05-20,LANDSCAPING,MEDIUM,DEFERRED,5431.73,,,142
WO-Q38GG0SWC8UQ,CA-CA-00000268,,2025-05-02,STRUCTURAL,MEDIUM,OPEN,3156.24,,,55
WO-S738B3U9GVKF,CA-CA-00000268,,2025-06-25,GENERAL,MEDIUM,DEFERRED,6739.38,,,125
WO-FVIWWU2IM69U,CA-CA-00000268,,2025-06-13,ELEVATOR,HIGH,COMPLETED,4888.97,8375.21,2025-06-24,11
WO-WS27HG3R1UIL,CA-CA-00000268,,2025-06-26,ELECTRICAL,HIGH,COMPLETED,6457.67,4025.99,2025-06-28,2
WO-V42DQCXOWT8F,CA-CA-00000268,,2025-06-24,LANDSCAPING,LOW,COMPLETED,11579.36,6450.41,2025-07-05,11
WO-FJNTBP9CPSDL,CA-TX-00000269,,2024-01-28,LANDSCAPING,MEDIUM,COMPLETED,3048.4,8911.14,2024-02-17,20
WO-DXENBRNSNAZL,CA-TX-00000269,,2024-03-22,PLUMBING,MEDIUM,COMPLETED,6887.54,10074.02,2024-03-28,6
WO-5229OH3M4CKJ,CA-TX-00000269,,2024-03-21,PLUMBING,LOW,COMPLETED,841.42,10340.95,2024-03-26,5
WO-Q95I6SDN5QYG,CA-TX-00000269,,2024-04-08,PLUMBING,MEDIUM,COMPLETED,3969.32,2996.06,2024-04-27,19
WO-VOF0AWUTK2SO,CA-TX-00000269,,2024-05-24,LANDSCAPING,LOW,COMPLETED,8305.34,556.83,2024-06-06,13
WO-QQ50T3XNC6BS,CA-TX-00000269,,2024-06-28,LANDSCAPING,LOW,DEFERRED,3993.41,,,23
WO-A2B2NTJUSWKZ,CA-TX-00000269,,2024-08-04,PLUMBING,HIGH,COMPLETED,14174.22,8221.33,2024-08-13,9
WO-KWMFG36OQTM4,CA-TX-00000269,,2024-09-05,STRUCTURAL,MEDIUM,COMPLETED,3311.57,1000.17,2024-09-12,7
WO-FR63OE3LLF0W,CA-TX-00000269,,2024-10-18,HVAC,HIGH,OPEN,8905.11,,,64
WO-6P9I13FK3O23,CA-TX-00000269,,2024-10-27,ELECTRICAL,HIGH,COMPLETED,9514.73,5842.93,2024-11-16,20
WO-7O2C2MUZUR13,CA-TX-00000269,,2024-11-13,GENERAL,MEDIUM,COMPLETED,6645.14,8985.79,2024-11-19,6
WO-R1R9ISJSJ7UB,CA-TX-00000269,,2024-12-13,PLUMBING,LOW,COMPLETED,6560.55,11343.27,2024-12-23,10
WO-LE71OMI607LX,CA-TX-00000269,,2025-01-20,ELEVATOR,HIGH,COMPLETED,4098.7,10614.3,2025-01-31,11
WO-YPWFQTCHXWU9,CA-TX-00000269,,2025-01-25,PLUMBING,MEDIUM,COMPLETED,3033.76,298.83,2025-02-08,14
WO-LTVWHFBCYBO5,CA-TX-00000269,,2025-02-23,PLUMBING,HIGH,COMPLETED,8223.51,9183.3,2025-03-02,7
WO-W6KPK7FZ70V8,CA-TX-00000269,,2025-03-04,GENERAL,HIGH,COMPLETED,2623.14,7651.15,2025-03-09,5
WO-V63MTVJLXT4K,CA-TX-00000269,,2025-04-12,ELECTRICAL,MEDIUM,COMPLETED,14033.98,543.24,2025-04-15,3
WO-B5S6B13CWPL5,CA-TX-00000269,,2025-06-01,GENERAL,MEDIUM,OPEN,7135.85,,,52
WO-BOF3SH0XEVCO,CA-GA-00000270,,2024-01-23,GENERAL,HIGH,COMPLETED,9059.42,8831.72,2024-01-24,1
WO-M2BD9CZ86NWP,CA-GA-00000270,,2024-01-06,ELECTRICAL,LOW,DEFERRED,5078.55,,,132
WO-6MT6MNKJASGB,CA-GA-00000270,,2024-02-22,LANDSCAPING,LOW,COMPLETED,821.31,7122.21,2024-03-10,17
WO-BS0KOWYIZ9JJ,CA-GA-00000270,,2024-03-15,STRUCTURAL,LOW,OPEN,1386.31,,,124
WO-EQUQCZRGKOM1,CA-GA-00000270,,2024-03-10,GENERAL,LOW,COMPLETED,4981.68,1491.96,2024-03-12,2
WO-CE5XHPM122W5,CA-GA-00000270,,2024-04-15,STRUCTURAL,MEDIUM,COMPLETED,9472.59,10381.02,2024-05-04,19
WO-AWZCES1M7L5P,CA-GA-00000270,,2024-04-19,HVAC,LOW,OPEN,11690.44,,,52
WO-18NC68A5IZPC,CA-GA-00000270,,2024-04-19,HVAC,LOW,COMPLETED,7505.59,1276.35,2024-04-27,8
WO-LFE8KTNKO5TF,CA-GA-00000270,,2024-05-05,PLUMBING,MEDIUM,OPEN,1627.06,,,63
WO-XV36CLPJQVQU,CA-GA-00000270,,2024-05-18,LANDSCAPING,MEDIUM,DEFERRED,14810.72,,,16
WO-E5ABZ1M6Z142,CA-GA-00000270,,2024-05-17,GENERAL,LOW,DEFERRED,14110.51,,,41
WO-ZXYQVHT12YGP,CA-GA-00000270,,2024-06-02,LANDSCAPING,HIGH,OPEN,4318.17,,,32
WO-G04BO2VDQ1BH,CA-GA-00000270,,2024-06-25,ROOFING,MEDIUM,COMPLETED,2197.08,9008.59,2024-07-16,21
WO-VB4ONCCZBIJ1,CA-GA-00000270,,2024-06-14,ELECTRICAL,HIGH,COMPLETED,9880.99,8843.82,2024-07-02,18
WO-W3FG08MRKH8W,CA-GA-00000270,,2024-06-18,LANDSCAPING,MEDIUM,DEFERRED,564.17,,,42
WO-TB9GTVIIWETY,CA-GA-00000270,,2024-06-15,LANDSCAPING,HIGH,DEFERRED,5034.69,,,35
WO-SLP17HU5RY35,CA-GA-00000270,,2024-07-01,ELECTRICAL,LOW,COMPLETED,9534.54,7290.36,2024-07-08,7
WO-6NFP6Y42K4KR,CA-GA-00000270,,2024-07-21,ELEVATOR,MEDIUM,COMPLETED,8123.12,2583.86,2024-08-10,20
WO-OIGTLMWPIMFD,CA-GA-00000270,,2024-08-21,HVAC,LOW,COMPLETED,12327.71,1518.52,2024-08-23,2
WO-80KLQVZYQBOI,CA-GA-00000270,,2024-09-04,LANDSCAPING,MEDIUM,COMPLETED,10399.6,1346.09,2024-09-13,9
WO-2ZRMAZPE4WX9,CA-GA-00000270,,2024-09-27,ELEVATOR,MEDIUM,COMPLETED,1948.16,2948.58,2024-10-07,10
WO-NOVJRC900AOL,CA-GA-00000270,,2024-09-11,ROOFING,LOW,COMPLETED,5697.03,9755.29,2024-09-30,19
WO-UWOFNL0E003E,CA-GA-00000270,,2024-10-11,ELECTRICAL,MEDIUM,COMPLETED,13537.47,5784.83,2024-10-25,14
WO-ZKA3P61QADJU,CA-GA-00000270,,2024-10-23,LANDSCAPING,MEDIUM,OPEN,6292.29,,,101
WO-BN1J8IJ2S2AW,CA-GA-00000270,,2024-10-04,GENERAL,EMERGENCY,COMPLETED,12540.3,8749.11,2024-10-14,10
WO-1G07FNBAWWZ9,CA-GA-00000270,,2024-11-16,ROOFING,LOW,DEFERRED,10871.61,,,41
WO-Q41KYVNML7T3,CA-GA-00000270,,2024-12-25,PLUMBING,MEDIUM,COMPLETED,454.2,7257.28,2025-01-09,15
WO-8LVBC1AOYFIG,CA-GA-00000270,,2024-12-20,GENERAL,MEDIUM,COMPLETED,11590.7,5012.76,2025-01-06,17
WO-U3COU4U12EFL,CA-GA-00000270,,2025-01-20,GENERAL,MEDIUM,COMPLETED,12059.65,6543.61,2025-01-28,8
WO-7S5Q99153TO4,CA-GA-00000270,,2025-01-15,ELEVATOR,LOW,COMPLETED,458.43,3825.14,2025-02-01,17
WO-2JOYNICKP5LD,CA-GA-00000270,,2025-01-21,HVAC,MEDIUM,COMPLETED,11478.16,8801.42,2025-02-05,15
WO-O3Z9UX7AE60M,CA-GA-00000270,,2025-02-20,PLUMBING,HIGH,COMPLETED,11261.67,3316.67,2025-03-07,15
WO-YZB9AHNMGSL5,CA-GA-00000270,,2025-03-15,STRUCTURAL,HIGH,COMPLETED,231.96,7201.38,2025-03-28,13
WO-L7U2UBV6Y4AR,CA-GA-00000270,,2025-03-14,PLUMBING,MEDIUM,COMPLETED,10107.99,9439.21,2025-03-16,2
WO-9BS7JQBOOGPU,CA-GA-00000270,,2025-03-14,PLUMBING,HIGH,COMPLETED,6516.38,7885.25,2025-03-22,8
WO-T3R5QPT0XX5W,CA-GA-00000270,,2025-03-10,LANDSCAPING,HIGH,COMPLETED,4291.24,3996.95,2025-03-31,21
WO-LJPEG7CR3MYX,CA-GA-00000270,,2025-04-03,PLUMBING,MEDIUM,COMPLETED,5253.74,8136.94,2025-04-18,15
WO-VDLVWOXW129J,CA-GA-00000270,,2025-04-06,LANDSCAPING,MEDIUM,COMPLETED,9549.61,3907.03,2025-04-10,4
WO-WQCCQ5ZXJR3P,CA-GA-00000270,,2025-04-04,GENERAL,MEDIUM,DEFERRED,403.03,,,24
WO-GL0UQTX1U7J2,CA-GA-00000270,,2025-04-10,STRUCTURAL,HIGH,DEFERRED,8131.96,,,36
WO-GUUQAIKOJBBI,CA-GA-00000270,,2025-05-06,PLUMBING,HIGH,COMPLETED,736.33,3308.41,2025-05-24,18
WO-214VGGUP0XT2,CA-GA-00000270,,2025-05-28,ROOFING,LOW,OPEN,9979.55,,,448
WO-TIDXCFIP0EA6,CA-GA-00000270,,2025-06-13,PLUMBING,HIGH,COMPLETED,7389.42,9197.17,2025-07-02,19
WO-CPFRWR9A3KDW,CA-GA-00000270,,2025-06-24,HVAC,LOW,COMPLETED,6715.07,2571.45,2025-06-29,5
WO-P6RLPE26XX4O,CA-CO-00000271,,2024-01-28,PLUMBING,LOW,COMPLETED,629.84,6901.92,2024-02-04,7
WO-MGSEVTJHTC5O,CA-CO-00000271,,2024-01-16,LANDSCAPING,MEDIUM,COMPLETED,12338.24,3166.75,2024-01-20,4
WO-3419W6QSQE2J,CA-CO-00000271,,2024-09-04,ROOFING,EMERGENCY,COMPLETED,756.45,2527.22,2024-09-10,6
WO-M0PCB3E8OKZ3,CA-CO-00000271,,2024-09-28,HVAC,MEDIUM,COMPLETED,12796.68,10211.39,2024-10-03,5
WO-D8XAHJFX8H4V,CA-CO-00000271,,2024-10-11,GENERAL,MEDIUM,DEFERRED,5595.75,,,116
WO-0GDOFMRJ3HPS,CA-CO-00000271,,2024-10-07,ELEVATOR,MEDIUM,COMPLETED,6772.28,9547.03,2024-10-15,8
WO-LZQVRH3JIZZU,CA-CO-00000271,,2024-11-05,HVAC,MEDIUM,COMPLETED,12476.99,5723.22,2024-11-21,16
WO-7QLE1YELW9G1,CA-CO-00000271,,2024-12-26,GENERAL,MEDIUM,COMPLETED,11116.64,4169.03,2025-01-08,13
WO-VXOERCMZLYBA,CA-CO-00000271,,2025-03-17,PLUMBING,MEDIUM,COMPLETED,13183.78,11770.53,2025-03-23,6
WO-RJ24FF9E3MCR,CA-CO-00000271,,2025-06-17,PLUMBING,HIGH,COMPLETED,8362.88,11680.5,2025-06-21,4
WO-V79JNLOLGHT2,CA-CO-00000271,,2025-06-22,LANDSCAPING,LOW,COMPLETED,3398.38,11879.75,2025-06-25,3
WO-OSV56FHDKDLC,CA-FL-00000272,,2024-01-09,PLUMBING,LOW,COMPLETED,14296.26,881.75,2024-01-13,4
WO-8MGYGN411KYX,CA-FL-00000272,,2024-01-24,ELECTRICAL,MEDIUM,COMPLETED,3215.76,4488.43,2024-01-25,1
WO-M09S41QE4MH4,CA-FL-00000272,,2024-01-12,ELECTRICAL,HIGH,COMPLETED,7317.64,6837.51,2024-01-13,1
WO-0ATJDGRDMOV3,CA-FL-00000272,,2024-01-16,ROOFING,MEDIUM,COMPLETED,7002.51,344.55,2024-01-27,11
WO-KHMR3VEIDCRY,CA-FL-00000272,,2024-01-10,ROOFING,MEDIUM,COMPLETED,5011.32,360.09,2024-01-17,7
WO-Q9CL0FSOPJJF,CA-FL-00000272,,2024-01-01,ELECTRICAL,LOW,COMPLETED,11371.5,2342.56,2024-01-10,9
WO-H29WZ268TQX8,CA-FL-00000272,,2024-01-28,ROOFING,MEDIUM,DEFERRED,7954.41,,,74
WO-ZSDQUDOJFBVY,CA-FL-00000272,,2024-01-01,GENERAL,MEDIUM,COMPLETED,7139.2,1648.33,2024-01-04,3
WO-W2YFML0TUV3W,CA-FL-00000272,,2024-01-07,PLUMBING,HIGH,COMPLETED,6415.33,11116.3,2024-01-16,9
WO-QM3IS7VX3T9K,CA-FL-00000272,,2024-02-20,LANDSCAPING,MEDIUM,OPEN,6807.64,,,44
WO-K94G6S47M80M,CA-FL-00000272,,2024-02-16,ROOFING,MEDIUM,DEFERRED,8221.9,,,18
WO-B3X9AM9YHXIN,CA-FL-00000272,,2024-02-04,ELECTRICAL,MEDIUM,COMPLETED,2596.48,2679.53,2024-02-12,8
WO-9B2VGN6EZQ15,CA-FL-00000272,,2024-02-28,HVAC,HIGH,DEFERRED,11436.35,,,89
WO-479DTA8UN61G,CA-FL-00000272,,2024-02-15,PLUMBING,MEDIUM,DEFERRED,6307.64,,,86
WO-PYPU49BO341X,CA-FL-00000272,,2024-02-24,GENERAL,EMERGENCY,DEFERRED,6653.26,,,57
WO-SRFBWM91JLHT,CA-FL-00000272,,2024-02-20,HVAC,MEDIUM,DEFERRED,1006.67,,,44
WO-FXNP9EK4JOH6,CA-FL-00000272,,2024-03-23,ELEVATOR,MEDIUM,OPEN,13663.42,,,24
WO-V9BAXVMUW3RI,CA-FL-00000272,,2024-03-04,HVAC,LOW,DEFERRED,4463.42,,,29
WO-NF089GM8CAWJ,CA-FL-00000272,,2024-03-18,HVAC,MEDIUM,COMPLETED,1289.52,7691.64,2024-03-20,2
WO-XFOIL3XXJNAM,CA-FL-00000272,,2024-03-01,STRUCTURAL,LOW,COMPLETED,2042.94,10445.37,2024-03-12,11
WO-ES8BDULD39YO,CA-FL-00000272,,2024-03-25,GENERAL,LOW,COMPLETED,13353.02,10539.47,2024-04-04,10
WO-HAYWJ71DY8XI,CA-FL-00000272,,2024-03-12,PLUMBING,LOW,COMPLETED,7897.22,10308.22,2024-03-24,12
WO-E3VV9NN8DG26,CA-FL-00000272,,2024-03-28,LANDSCAPING,MEDIUM,COMPLETED,2307.85,4478.83,2024-04-06,9
WO-BWYQEP9RZYD5,CA-FL-00000272,,2024-04-28,ELECTRICAL,LOW,COMPLETED,4993.27,10271.49,2024-05-03,5
WO-OX5VFLQA73D6,CA-FL-00000272,,2024-04-08,PLUMBING,LOW,COMPLETED,8818.22,5824.82,2024-04-19,11
WO-Y8NKX59QZHBJ,CA-FL-00000272,,2024-04-14,ROOFING,LOW,COMPLETED,10938.17,4810.13,2024-04-30,16
WO-VUIB00OVCQ2A,CA-FL-00000272,,2024-05-01,ELECTRICAL,MEDIUM,COMPLETED,14188.95,2369.07,2024-05-15,14
WO-UHW02PFR84LE,CA-FL-00000272,,2024-05-23,LANDSCAPING,LOW,COMPLETED,12043.15,11049.53,2024-06-06,14
WO-PL0N7OP3GX3Q,CA-FL-00000272,,2024-05-07,ELECTRICAL,LOW,COMPLETED,14610.78,11356.54,2024-05-18,11
WO-ALL5AFH4OULL,CA-FL-00000272,,2024-05-28,HVAC,MEDIUM,COMPLETED,13843.27,5153.13,2024-06-12,15
WO-17DOIFSUYTXT,CA-FL-00000272,,2024-05-19,ROOFING,LOW,DEFERRED,8701.79,,,22
WO-RHYLFUT16OMK,CA-FL-00000272,,2024-06-02,ELECTRICAL,MEDIUM,OPEN,5970.71,,,31
WO-A9XCGGXRUXON,CA-FL-00000272,,2024-06-09,LANDSCAPING,MEDIUM,DEFERRED,6309.77,,,44
WO-0JHF7JK8Q0LQ,CA-FL-00000272,,2024-06-03,PLUMBING,MEDIUM,COMPLETED,14396.07,5236.1,2024-06-20,17
WO-Z5C6FFYMN42X,CA-FL-00000272,,2024-07-11,ROOFING,MEDIUM,OPEN,4847.74,,,58
WO-DT2DRD66N2AK,CA-FL-00000272,,2024-07-01,ELECTRICAL,MEDIUM,COMPLETED,6838.68,11712.7,2024-07-12,11
WO-3MCFQELVP2EY,CA-FL-00000272,,2024-08-11,ELEVATOR,MEDIUM,COMPLETED,12793.31,4920.73,2024-08-29,18
WO-A4ZTKOEPZCNM,CA-FL-00000272,,2024-08-23,HVAC,LOW,DEFERRED,7764.7,,,60
WO-PYI2XMWHV9Z5,CA-FL-00000272,,2024-08-11,LANDSCAPING,MEDIUM,DEFERRED,10210.08,,,187
WO-1A3UY8KK0UMX,CA-FL-00000272,,2024-08-11,PLUMBING,LOW,DEFERRED,10026.24,,,158
WO-YJJMG0VD8C0K,CA-FL-00000272,,2024-08-09,ELECTRICAL,EMERGENCY,COMPLETED,5917.63,10251.4,2024-08-15,6
WO-ACRDO4PMIFFC,CA-FL-00000272,,2024-08-09,GENERAL,HIGH,COMPLETED,11777.79,4179.08,2024-08-14,5
WO-SZVYM6RL4TNJ,CA-FL-00000272,,2024-08-24,PLUMBING,HIGH,COMPLETED,2073.66,1287.17,2024-09-02,9
WO-M5H4RAA453DQ,CA-FL-00000272,,2024-08-21,ELEVATOR,MEDIUM,COMPLETED,14708.8,2141.34,2024-08-27,6
WO-ENWSLXLTQYKI,CA-FL-00000272,,2024-09-05,HVAC,HIGH,OPEN,1751.74,,,57
WO-H5P6H90WER6U,CA-FL-00000272,,2024-09-02,PLUMBING,LOW,COMPLETED,14499.95,5967.52,2024-09-04,2
WO-KND6LO86IXTJ,CA-FL-00000272,,2024-09-20,PLUMBING,MEDIUM,OPEN,11454.26,,,55
WO-XML7W2K4TJC6,CA-FL-00000272,,2024-09-09,ELECTRICAL,HIGH,OPEN,6359.27,,,100
WO-CVH58GX657NS,CA-FL-00000272,,2024-09-05,ROOFING,MEDIUM,OPEN,929.3,,,39
WO-U1JOG3TAJV9A,CA-FL-00000272,,2024-09-05,GENERAL,MEDIUM,COMPLETED,8068.93,158.46,2024-09-06,1
WO-ET41IVXU7OCF,CA-FL-00000272,,2024-09-24,ROOFING,HIGH,DEFERRED,9298.14,,,12
WO-N7JXC0PM4DCF,CA-FL-00000272,,2024-10-11,ROOFING,MEDIUM,DEFERRED,9001.95,,,22
WO-E4GM9D1L501V,CA-FL-00000272,,2024-10-02,ELEVATOR,HIGH,COMPLETED,12522.98,8531.76,2024-10-12,10
WO-E3J5CKB5B8CA,CA-FL-00000272,,2024-10-22,GENERAL,MEDIUM,OPEN,1861.28,,,25
WO-8413LXEA3ZFY,CA-FL-00000272,,2024-10-24,HVAC,MEDIUM,COMPLETED,9912.2,2617.86,2024-10-28,4
WO-YOI495JQXZS2,CA-FL-00000272,,2024-10-19,LANDSCAPING,MEDIUM,COMPLETED,1612.15,5828.7,2024-10-23,4
WO-EUEEZBERFZUR,CA-FL-00000272,,2024-10-04,HVAC,MEDIUM,DEFERRED,12406.12,,,54
WO-4FTHUE5K0K3Y,CA-FL-00000272,,2024-11-21,ELECTRICAL,LOW,COMPLETED,12008.75,5611.72,2024-11-27,6
WO-5ZU6QC56QKZK,CA-FL-00000272,,2024-11-13,ROOFING,LOW,DEFERRED,580.82,,,17
WO-60AKQ6R1NHU5,CA-FL-00000272,,2024-11-27,PLUMBING,MEDIUM,COMPLETED,601.54,2462.65,2024-12-05,8
WO-PDC5ZE8ZD66K,CA-FL-00000272,,2024-11-22,HVAC,HIGH,DEFERRED,5561.65,,,62
WO-I6WRV8G8SGPS,CA-FL-00000272,,2024-11-19,ELEVATOR,MEDIUM,OPEN,12386.76,,,118
WO-EWZDFP3I8J05,CA-FL-00000272,,2024-12-01,LANDSCAPING,LOW,OPEN,14016.36,,,151
WO-4LZMQJUMR01A,CA-FL-00000272,,2024-12-20,ROOFING,MEDIUM,DEFERRED,6663.09,,,15
WO-Y7WG9QHOVDO8,CA-FL-00000272,,2024-12-03,LANDSCAPING,LOW,OPEN,1595.23,,,297
WO-AYN8UGUHX4EP,CA-FL-00000272,,2025-01-03,STRUCTURAL,MEDIUM,COMPLETED,9076.41,4241.64,2025-01-11,8
WO-9J98UPW05RLR,CA-FL-00000272,,2025-01-21,GENERAL,MEDIUM,COMPLETED,5448.26,4099.87,2025-02-11,21
WO-S8QPQ2NHGSRA,CA-FL-00000272,,2025-01-03,ELECTRICAL,EMERGENCY,DEFERRED,5300.19,,,61
WO-PQWOSY1R4NGR,CA-FL-00000272,,2025-01-07,GENERAL,LOW,OPEN,6175.24,,,12
WO-4D9DM6QOKLJ6,CA-FL-00000272,,2025-02-15,GENERAL,MEDIUM,OPEN,9336.46,,,65
WO-3KNQM73SO8ZO,CA-FL-00000272,,2025-02-05,PLUMBING,MEDIUM,OPEN,8410.96,,,50
WO-PI3OG9C4F5JZ,CA-FL-00000272,,2025-02-13,ELECTRICAL,LOW,DEFERRED,9633.63,,,34
WO-24JM3CYPJ7CU,CA-FL-00000272,,2025-02-05,STRUCTURAL,MEDIUM,DEFERRED,13571.36,,,25
WO-0V3VNBROFT6N,CA-FL-00000272,,2025-02-19,LANDSCAPING,HIGH,COMPLETED,3419.94,6439.2,2025-03-01,10
WO-LXAD66ADFDZL,CA-FL-00000272,,2025-03-26,STRUCTURAL,MEDIUM,DEFERRED,4089.91,,,55
WO-HZ4QH9FM7IGT,CA-FL-00000272,,2025-03-14,HVAC,MEDIUM,COMPLETED,13337.01,9873.13,2025-04-03,20
WO-EEXD0PEUFMKD,CA-FL-00000272,,2025-03-15,PLUMBING,LOW,OPEN,568.93,,,187
WO-1YJIQRK8V4I9,CA-FL-00000272,,2025-03-03,PLUMBING,HIGH,OPEN,6457.13,,,35
WO-2MMZPD70LQAM,CA-FL-00000272,,2025-03-16,GENERAL,MEDIUM,DEFERRED,8474.64,,,38
WO-5MIWUIWAQHYO,CA-FL-00000272,,2025-03-10,PLUMBING,LOW,COMPLETED,12776.35,3942.32,2025-03-28,18
WO-LWKP1ZTQPV46,CA-FL-00000272,,2025-03-14,HVAC,MEDIUM,COMPLETED,14035.67,4789.87,2025-03-22,8
WO-N7O9I6NW2H3V,CA-FL-00000272,,2025-04-03,PLUMBING,MEDIUM,DEFERRED,2211.43,,,14
WO-874LOCHWA4WA,CA-FL-00000272,,2025-04-16,GENERAL,LOW,COMPLETED,370.49,1256.38,2025-05-03,17
WO-0EKH7TZ5942Z,CA-FL-00000272,,2025-04-14,HVAC,MEDIUM,COMPLETED,11981.65,8265.83,2025-04-29,15
WO-6WGFUMO9SEWN,CA-FL-00000272,,2025-04-22,ROOFING,MEDIUM,COMPLETED,1484.44,10150.2,2025-04-24,2
WO-RPW9HINE6OA0,CA-FL-00000272,,2025-04-18,ELECTRICAL,HIGH,COMPLETED,10182.63,2523.49,2025-04-24,6
WO-LUFZECI7X0YL,CA-FL-00000272,,2025-04-02,HVAC,LOW,DEFERRED,8118.1,,,20
WO-Z5QK2OHZG775,CA-FL-00000272,,2025-04-18,LANDSCAPING,MEDIUM,COMPLETED,1183.23,3619.18,2025-05-09,21
WO-47DK41QFWY5E,CA-FL-00000272,,2025-05-08,ELECTRICAL,LOW,DEFERRED,9565.46,,,21
WO-CD84770GBUFM,CA-FL-00000272,,2025-05-19,HVAC,MEDIUM,DEFERRED,1501.59,,,12
WO-1OFDTM5PWV1N,CA-FL-00000272,,2025-05-21,ELECTRICAL,MEDIUM,OPEN,2234.05,,,243
WO-ZPWMHRZRXQF4,CA-FL-00000272,,2025-05-09,PLUMBING,EMERGENCY,OPEN,4273.34,,,17
WO-YXE1HBKGHIE8,CA-FL-00000272,,2025-05-12,STRUCTURAL,MEDIUM,OPEN,13899.42,,,63
WO-GPWMAQIJM82D,CA-FL-00000272,,2025-05-15,STRUCTURAL,LOW,OPEN,4756.47,,,57
WO-Z4X4XP78GSDZ,CA-FL-00000272,,2025-05-26,ROOFING,MEDIUM,OPEN,10432.67,,,5
WO-LEJVMYCG9J3N,CA-FL-00000272,,2025-06-18,GENERAL,MEDIUM,OPEN,7741.56,,,78
WO-FUYHB1FWP7NJ,CA-FL-00000272,,2025-06-22,GENERAL,LOW,COMPLETED,8079.4,2434.7,2025-07-02,10
WO-8OUW6D7WEBVZ,CA-FL-00000272,,2025-06-24,ELECTRICAL,MEDIUM,COMPLETED,3360.63,10980.31,2025-07-15,21
WO-WIVWRW0JKC0V,CA-FL-00000272,,2025-06-19,GENERAL,MEDIUM,OPEN,4536.08,,,72
WO-1MIMS9PKB7BM,CA-AZ-00000273,,2024-01-02,LANDSCAPING,LOW,DEFERRED,3179.32,,,40
WO-6HF6H47DG9GJ,CA-AZ-00000273,,2024-01-09,GENERAL,MEDIUM,OPEN,6917.26,,,96
WO-GCEZDM5HHVUY,CA-AZ-00000273,,2024-01-17,STRUCTURAL,HIGH,OPEN,10823.65,,,31
WO-5HOOXA8Y0STJ,CA-AZ-00000273,,2024-01-23,PLUMBING,LOW,DEFERRED,11821.57,,,17
WO-K2UBWNP58HY9,CA-AZ-00000273,,2024-04-20,GENERAL,HIGH,DEFERRED,13838.46,,,16
WO-I0S8KA6FZB0W,CA-AZ-00000273,,2024-04-28,STRUCTURAL,MEDIUM,COMPLETED,8093.19,8945.02,2024-05-10,12
WO-YBP9VLPUJHJ4,CA-AZ-00000273,,2024-04-17,HVAC,LOW,COMPLETED,1811.77,1088.12,2024-05-03,16
WO-9Z4GHF8AFVP6,CA-AZ-00000273,,2024-04-10,HVAC,LOW,DEFERRED,926.67,,,67
WO-PUZ9S1Y3I805,CA-AZ-00000273,,2024-05-12,LANDSCAPING,MEDIUM,COMPLETED,12481.25,8053.52,2024-05-31,19
WO-YKHZ92BTIMRK,CA-AZ-00000273,,2024-05-12,STRUCTURAL,MEDIUM,COMPLETED,4915.69,7581.04,2024-05-29,17
WO-S5YIXF8RQSBN,CA-AZ-00000273,,2024-06-11,LANDSCAPING,EMERGENCY,COMPLETED,7040.47,6565.65,2024-06-22,11
WO-L8XV876DLP6E,CA-AZ-00000273,,2024-06-03,GENERAL,MEDIUM,COMPLETED,6713.19,10516.64,2024-06-22,19
WO-EY0PP6VJMLUK,CA-AZ-00000273,,2024-07-08,LANDSCAPING,LOW,DEFERRED,10715.29,,,38
WO-LEBIJYP3FV18,CA-AZ-00000273,,2024-07-05,ROOFING,MEDIUM,COMPLETED,12561.22,8437.16,2024-07-15,10
WO-E1V5ML7APFWS,CA-AZ-00000273,,2024-07-03,ROOFING,HIGH,COMPLETED,4222.92,8987.73,2024-07-14,11
WO-YURYKDCOC6VQ,CA-AZ-00000273,,2024-07-12,HVAC,MEDIUM,COMPLETED,2301.05,11534.33,2024-07-28,16
WO-HMT4JU3C64HB,CA-AZ-00000273,,2024-08-24,ROOFING,MEDIUM,COMPLETED,5726.55,10493.34,2024-09-13,20
WO-PU0FMKP9WFS3,CA-AZ-00000273,,2024-08-22,ELECTRICAL,MEDIUM,COMPLETED,4111.55,10901.62,2024-09-09,18
WO-049T1ZQ4ZRC0,CA-AZ-00000273,,2024-08-02,PLUMBING,MEDIUM,COMPLETED,6210.01,5790.81,2024-08-21,19
WO-BXO85EA1IT68,CA-AZ-00000273,,2024-09-09,HVAC,MEDIUM,COMPLETED,6379.93,8778.02,2024-09-11,2
WO-DYNG5YBUDSDM,CA-AZ-00000273,,2024-09-27,ELECTRICAL,HIGH,COMPLETED,284.84,5094.48,2024-10-07,10
WO-ZICPDSVXVLVJ,CA-AZ-00000273,,2024-10-22,PLUMBING,EMERGENCY,COMPLETED,1614.47,887.81,2024-11-05,14
WO-O09GSC14GQ78,CA-AZ-00000273,,2024-10-22,LANDSCAPING,LOW,COMPLETED,11854.41,6974.12,2024-11-06,15
WO-5RS5JBMS1CJD,CA-AZ-00000273,,2024-11-22,HVAC,MEDIUM,COMPLETED,10874.39,3529.12,2024-11-23,1
WO-5HWDEOTN72YE,CA-AZ-00000273,,2024-11-02,PLUMBING,HIGH,COMPLETED,14666.78,3195.97,2024-11-18,16
WO-OOSW7BAIQFBC,CA-AZ-00000273,,2024-11-08,ROOFING,MEDIUM,COMPLETED,10235.48,9596.63,2024-11-16,8
WO-JS4N2UYZDC5O,CA-AZ-00000273,,2024-11-25,STRUCTURAL,HIGH,COMPLETED,5631.73,9149.87,2024-12-05,10
WO-MS7KR7INHBDG,CA-AZ-00000273,,2024-11-16,ELECTRICAL,LOW,COMPLETED,10655.82,10084.57,2024-12-02,16
WO-A5YRWSXIL8ER,CA-AZ-00000273,,2024-11-09,PLUMBING,LOW,COMPLETED,10807.39,9716.64,2024-11-12,3
WO-VVOTAJNAA7OT,CA-AZ-00000273,,2025-01-12,HVAC,LOW,COMPLETED,10298.07,4631.35,2025-01-25,13
WO-3M5JVY6NX9T8,CA-AZ-00000273,,2025-01-19,ROOFING,MEDIUM,DEFERRED,12779.62,,,92
WO-F767VR7IIUCT,CA-AZ-00000273,,2025-01-18,LANDSCAPING,LOW,OPEN,3514.94,,,37
WO-OV6CU6Q1ZADG,CA-AZ-00000273,,2025-01-27,ELECTRICAL,MEDIUM,COMPLETED,6734.96,3996.24,2025-02-08,12
WO-QIOJZ8JPKUVX,CA-AZ-00000273,,2025-02-06,LANDSCAPING,LOW,COMPLETED,3229.46,5125.72,2025-02-09,3
WO-VXGBSTKM5V3N,CA-AZ-00000273,,2025-02-21,ELEVATOR,HIGH,COMPLETED,5543.06,8625.16,2025-03-01,8
WO-IYR9IHIHJ3DR,CA-AZ-00000273,,2025-02-07,ELECTRICAL,HIGH,COMPLETED,8783.66,7178.6,2025-02-20,13
WO-8SBAJQ0ZBQ1D,CA-AZ-00000273,,2025-02-04,LANDSCAPING,LOW,DEFERRED,13986.87,,,12
WO-RNURLT1JI44I,CA-AZ-00000273,,2025-02-04,HVAC,EMERGENCY,COMPLETED,13267.29,3838.98,2025-02-13,9
WO-TZ5DJ2XYBH07,CA-AZ-00000273,,2025-03-27,GENERAL,MEDIUM,COMPLETED,10666.04,8971.52,2025-03-31,4
WO-95Q6AKXCIN1L,CA-AZ-00000273,,2025-03-16,STRUCTURAL,EMERGENCY,DEFERRED,2154.85,,,20
WO-W29SWFIC6ZHY,CA-AZ-00000273,,2025-04-17,GENERAL,MEDIUM,OPEN,8200.22,,,22
WO-XUS7QC2WJLTF,CA-AZ-00000273,,2025-04-04,ELECTRICAL,HIGH,COMPLETED,9495.12,10140.08,2025-04-07,3
WO-R1AKOCGR2H2T,CA-AZ-00000273,,2025-04-09,PLUMBING,MEDIUM,COMPLETED,5129.26,8928.31,2025-04-26,17
WO-JWR63SWQ3Y08,CA-AZ-00000273,,2025-05-08,PLUMBING,HIGH,COMPLETED,5706.73,9399.55,2025-05-29,21
WO-5X7S3Y265CKA,CA-AZ-00000273,,2025-05-05,LANDSCAPING,MEDIUM,COMPLETED,3696.91,10188.28,2025-05-06,1
WO-TPQZJL5LABJ9,CA-AZ-00000273,,2025-05-28,PLUMBING,MEDIUM,COMPLETED,3360.67,3151.3,2025-06-10,13
WO-3FSXS53NEN88,CA-AZ-00000273,,2025-06-24,GENERAL,LOW,COMPLETED,2713.36,6936.18,2025-07-14,20
WO-77WVHP2NPIK1,CA-AZ-00000273,,2025-06-02,PLUMBING,LOW,COMPLETED,13402.02,10851.25,2025-06-21,19
WO-T1T225DZO0ZT,CA-NV-00000274,,2024-01-04,ROOFING,HIGH,OPEN,13868.6,,,74
WO-ERSAPBDLEN7C,CA-NV-00000274,,2024-01-28,HVAC,MEDIUM,DEFERRED,14718.44,,,44
WO-X0C8ZTAJJTPX,CA-NV-00000274,,2024-01-02,PLUMBING,EMERGENCY,COMPLETED,12473.67,3201.51,2024-01-16,14
WO-93JFCJGPFKCG,CA-NV-00000274,,2024-01-21,GENERAL,MEDIUM,OPEN,1060.63,,,22
WO-BYUGA7OJSPQF,CA-NV-00000274,,2024-02-03,GENERAL,MEDIUM,COMPLETED,1392.31,11552.62,2024-02-10,7
WO-IKZRA3W7OZTN,CA-NV-00000274,,2024-02-20,STRUCTURAL,MEDIUM,OPEN,6908.8,,,36
WO-2EBWCM9DZJYE,CA-NV-00000274,,2024-02-12,HVAC,LOW,COMPLETED,4397.55,6988.26,2024-03-02,19
WO-RQWJJGN8KXPC,CA-NV-00000274,,2024-02-04,ELECTRICAL,EMERGENCY,COMPLETED,512.62,2483.66,2024-02-17,13
WO-NHS82LS7BZWS,CA-NV-00000274,,2024-02-15,ELEVATOR,MEDIUM,DEFERRED,9595.69,,,9
WO-2OW1LJI30LN5,CA-NV-00000274,,2024-02-19,HVAC,HIGH,OPEN,10216.09,,,27
WO-5XHJSMGHBT52,CA-NV-00000274,,2024-02-19,GENERAL,HIGH,COMPLETED,4639.1,7508.32,2024-02-21,2
WO-MWPIAHY98LDY,CA-NV-00000274,,2024-02-06,LANDSCAPING,MEDIUM,COMPLETED,7755.52,11366.94,2024-02-21,15
WO-EMN0X17FKHE6,CA-NV-00000274,,2024-02-27,GENERAL,HIGH,OPEN,11275.58,,,19
WO-I1BI8ZAUB680,CA-NV-00000274,,2024-02-11,LANDSCAPING,LOW,COMPLETED,3158.14,5504.76,2024-02-28,17
WO-CV8T5RNAMF9P,CA-NV-00000274,,2024-02-04,PLUMBING,HIGH,OPEN,9588.2,,,105
WO-GSDBEFQTYDPZ,CA-NV-00000274,,2024-03-17,STRUCTURAL,HIGH,COMPLETED,14346.4,11659.64,2024-04-07,21
WO-AW40L6V81KQP,CA-NV-00000274,,2024-03-25,PLUMBING,MEDIUM,COMPLETED,14186.89,5513.16,2024-04-09,15
WO-UHSFY9LXT90K,CA-NV-00000274,,2024-03-21,ELECTRICAL,LOW,COMPLETED,2538.21,810.48,2024-03-30,9
WO-4V4QIH90KRBT,CA-NV-00000274,,2024-03-27,HVAC,LOW,OPEN,8766.4,,,75
WO-63ZBQ4RB5AKA,CA-NV-00000274,,2024-03-17,PLUMBING,HIGH,DEFERRED,5406.06,,,40
WO-1ZCI8U0WNA6E,CA-NV-00000274,,2024-03-17,HVAC,LOW,COMPLETED,9576.8,5502.4,2024-04-01,15
WO-VPR02SX5RK71,CA-NV-00000274,,2024-04-25,HVAC,MEDIUM,COMPLETED,10784.15,8349.85,2024-05-06,11
WO-DRFMC2GVSLDQ,CA-NV-00000274,,2024-04-05,HVAC,HIGH,OPEN,9970.1,,,40
WO-AAPXKP7I2M3A,CA-NV-00000274,,2024-04-11,ROOFING,LOW,DEFERRED,11871.71,,,51
WO-G6OS368JGQCJ,CA-NV-00000274,,2024-04-17,LANDSCAPING,MEDIUM,OPEN,13755.43,,,106
WO-JX9E9CA2B6YY,CA-NV-00000274,,2024-05-19,PLUMBING,HIGH,DEFERRED,2320.44,,,81
WO-1S5T33RWWOGJ,CA-NV-00000274,,2024-05-12,ELECTRICAL,MEDIUM,COMPLETED,12918.44,6324.98,2024-06-01,20
WO-314OK2NN69PS,CA-NV-00000274,,2024-05-02,ELECTRICAL,LOW,OPEN,11310.1,,,81
WO-WCIQ56GVP2S7,CA-NV-00000274,,2024-05-08,ELEVATOR,MEDIUM,COMPLETED,14137.27,281.66,2024-05-21,13
WO-HE2SB3LS7X3E,CA-NV-00000274,,2024-05-21,PLUMBING,LOW,DEFERRED,8323.46,,,110
WO-DNL0QSHBBNAW,CA-NV-00000274,,2024-05-01,ROOFING,MEDIUM,DEFERRED,13704.49,,,68
WO-VP7BUA1KRKMM,CA-NV-00000274,,2024-06-21,PLUMBING,MEDIUM,DEFERRED,11028.66,,,141
WO-P7SY3W8UXVED,CA-NV-00000274,,2024-06-04,ROOFING,MEDIUM,OPEN,13493.45,,,32
WO-OBS2HWB1CLWT,CA-NV-00000274,,2024-06-21,HVAC,LOW,COMPLETED,3936.45,3690.39,2024-07-06,15
WO-P0UZZT5ZY8RH,CA-NV-00000274,,2024-06-27,GENERAL,HIGH,OPEN,4055.01,,,27
WO-DSIKGUHLA4VF,CA-NV-00000274,,2024-06-11,GENERAL,LOW,OPEN,14795.44,,,21
WO-EFAQHGR5EYSG,CA-NV-00000274,,2024-06-07,STRUCTURAL,HIGH,COMPLETED,11178.65,1677.87,2024-06-09,2
WO-MDMSKHJIJOUN,CA-NV-00000274,,2024-07-16,HVAC,LOW,COMPLETED,13949.6,9554.98,2024-07-29,13
WO-9T1S3SX9XYVZ,CA-NV-00000274,,2024-07-22,LANDSCAPING,MEDIUM,OPEN,2388.81,,,12
WO-YYLOCHLHYFLU,CA-NV-00000274,,2024-07-19,LANDSCAPING,MEDIUM,COMPLETED,4026.67,4970.87,2024-08-07,19
WO-ME4B8NVPFOSW,CA-NV-00000274,,2024-07-15,PLUMBING,MEDIUM,DEFERRED,4927.49,,,79
WO-QU7362DBZES4,CA-NV-00000274,,2024-07-24,HVAC,HIGH,COMPLETED,7753.95,8280.96,2024-08-13,20
WO-5LQ2GOG8RZOI,CA-NV-00000274,,2024-08-17,PLUMBING,HIGH,COMPLETED,10389.28,9935.46,2024-08-20,3
WO-86365CMO9K14,CA-NV-00000274,,2024-08-08,GENERAL,HIGH,OPEN,3654.74,,,135
WO-1ADNPXCCGO4Z,CA-NV-00000274,,2024-08-21,HVAC,MEDIUM,COMPLETED,655.28,1742.15,2024-09-03,13
WO-PYCFDZQT3TXT,CA-NV-00000274,,2024-08-22,HVAC,MEDIUM,COMPLETED,10004.69,5822.31,2024-09-07,16
WO-9T01A8W169X5,CA-NV-00000274,,2024-08-06,LANDSCAPING,HIGH,DEFERRED,10886.18,,,31
WO-R835T6D1XU2J,CA-NV-00000274,,2024-09-28,GENERAL,HIGH,COMPLETED,3982.33,9322.23,2024-10-02,4
WO-9XSFC2AT6YPV,CA-NV-00000274,,2024-09-28,PLUMBING,LOW,DEFERRED,14444.37,,,133
WO-H08NGF7J13JA,CA-NV-00000274,,2024-09-24,HVAC,LOW,COMPLETED,11326.54,3558.21,2024-10-02,8
WO-HR844KPQ3F9Y,CA-NV-00000274,,2024-09-12,HVAC,MEDIUM,COMPLETED,13644.88,10474.86,2024-09-15,3
WO-XI2341Y40VJU,CA-NV-00000274,,2024-09-01,ELECTRICAL,MEDIUM,DEFERRED,3110.99,,,165
WO-VKK2OONUK9VV,CA-NV-00000274,,2024-10-23,ELECTRICAL,LOW,COMPLETED,9315.54,2306.02,2024-10-28,5
WO-NLJWFS88083L,CA-NV-00000274,,2024-10-03,ELECTRICAL,LOW,COMPLETED,8181.04,4997.61,2024-10-06,3
WO-WD4ZCQ8FGJYO,CA-NV-00000274,,2024-10-21,ELEVATOR,HIGH,DEFERRED,13990.61,,,63
WO-UU9JLOAEPQGR,CA-NV-00000274,,2024-10-02,HVAC,LOW,COMPLETED,14083.11,8155.78,2024-10-09,7
WO-6P1Z88JM7PNR,CA-NV-00000274,,2024-11-14,LANDSCAPING,HIGH,COMPLETED,8821.1,8995.81,2024-11-29,15
WO-13DL8Z105Z9I,CA-NV-00000274,,2024-11-03,ELECTRICAL,MEDIUM,COMPLETED,3063.14,7257.44,2024-11-13,10
WO-R767CZJKHJG3,CA-NV-00000274,,2024-11-25,ELECTRICAL,MEDIUM,OPEN,7380.2,,,73
WO-03MGXSNPJIR3,CA-NV-00000274,,2024-11-22,ROOFING,HIGH,DEFERRED,12478.08,,,44
WO-GQPQ1CNS6812,CA-NV-00000274,,2024-11-15,STRUCTURAL,LOW,OPEN,4836.16,,,152
WO-XZ92DLBQU6NR,CA-NV-00000274,,2024-11-25,PLUMBING,HIGH,OPEN,4275.57,,,12
WO-GN9TSMXH5OAS,CA-NV-00000274,,2024-12-21,GENERAL,EMERGENCY,COMPLETED,9224.12,1077.81,2024-12-30,9
WO-0NZOARJP607U,CA-NV-00000274,,2024-12-28,ELECTRICAL,HIGH,OPEN,5031.02,,,78
WO-LSRG31LRHEZ8,CA-NV-00000274,,2024-12-16,LANDSCAPING,LOW,COMPLETED,5488.12,7319.87,2025-01-06,21
WO-DDXLG0QZDKDX,CA-NV-00000274,,2024-12-11,ROOFING,HIGH,OPEN,11744.05,,,78
WO-XDPDJE0VZN2J,CA-NV-00000274,,2025-01-21,PLUMBING,LOW,COMPLETED,13251.1,554.17,2025-01-31,10
WO-CQ687PJDQMU4,CA-NV-00000274,,2025-01-07,PLUMBING,MEDIUM,DEFERRED,9881.33,,,142
WO-CMD05VOQ4LZB,CA-NV-00000274,,2025-01-16,PLUMBING,HIGH,COMPLETED,4836.34,1956.66,2025-01-24,8
WO-GXYCKCGV3H08,CA-NV-00000274,,2025-01-27,PLUMBING,LOW,COMPLETED,14196.95,6025.12,2025-02-08,12
WO-4008OQ2SXTQT,CA-NV-00000274,,2025-01-25,ROOFING,MEDIUM,COMPLETED,9620.83,1910.14,2025-02-06,12
WO-J2MA01MCL4KI,CA-NV-00000274,,2025-01-02,PLUMBING,LOW,DEFERRED,11296.07,,,43
WO-GBZ8CANUY1C1,CA-NV-00000274,,2025-01-01,ELEVATOR,MEDIUM,DEFERRED,412.32,,,154
WO-U6HITE4A1T03,CA-NV-00000274,,2025-01-26,ROOFING,HIGH,OPEN,5541.94,,,30
WO-U0UXQDVRXH6A,CA-NV-00000274,,2025-02-08,LANDSCAPING,MEDIUM,COMPLETED,3277.06,10392.2,2025-02-24,16
WO-65YU2HZ4JZ7B,CA-NV-00000274,,2025-02-14,STRUCTURAL,HIGH,COMPLETED,4398.57,9416.76,2025-02-18,4
WO-5ERXVL5A2HI3,CA-NV-00000274,,2025-02-21,LANDSCAPING,MEDIUM,COMPLETED,10145.1,3147.41,2025-02-25,4
WO-LITR2VIAYKWG,CA-NV-00000274,,2025-02-24,LANDSCAPING,LOW,DEFERRED,5368.82,,,232
WO-JSU2JMVTP7Z6,CA-NV-00000274,,2025-02-01,HVAC,LOW,DEFERRED,6509.37,,,144
WO-YS2BQXHZUMOM,CA-NV-00000274,,2025-02-26,ELECTRICAL,LOW,OPEN,7186.38,,,59
WO-UALYBHPAIBO7,CA-NV-00000274,,2025-02-23,PLUMBING,LOW,OPEN,14019.64,,,41
WO-M9D85UIDIWC4,CA-NV-00000274,,2025-03-28,ELECTRICAL,MEDIUM,OPEN,12935.15,,,69
WO-UX4CBSQM13WK,CA-NV-00000274,,2025-03-06,HVAC,MEDIUM,COMPLETED,7804.76,2748.86,2025-03-08,2
WO-QPCVOXB5GHEX,CA-NV-00000274,,2025-04-17,LANDSCAPING,LOW,COMPLETED,1654.8,9574.11,2025-04-25,8
WO-7ZA5LS66440X,CA-NV-00000274,,2025-04-05,ROOFING,MEDIUM,COMPLETED,14813.68,9982.96,2025-04-09,4
WO-NU7U0CA3TT21,CA-NV-00000274,,2025-04-19,ELEVATOR,LOW,COMPLETED,13317.48,7808.44,2025-04-25,6
WO-OCZU32UHPI2J,CA-NV-00000274,,2025-05-17,LANDSCAPING,LOW,OPEN,14449.47,,,21
WO-3L32ZPIXGTTD,CA-NV-00000274,,2025-05-16,HVAC,MEDIUM,OPEN,3786.02,,,37
WO-16G153X1X6A0,CA-NV-00000274,,2025-05-10,LANDSCAPING,HIGH,COMPLETED,8475.02,2872.79,2025-05-22,12
WO-YIFWGS7OIHQO,CA-NV-00000274,,2025-06-22,STRUCTURAL,MEDIUM,OPEN,12146.3,,,67
WO-KL6JW6TB6AQL,CA-NV-00000274,,2025-06-28,PLUMBING,HIGH,OPEN,1333.68,,,33
WO-AQRHCI9X3IHP,CA-NV-00000274,,2025-06-17,GENERAL,MEDIUM,COMPLETED,2110.78,9270.71,2025-06-19,2
WO-7T9AXF9C1N59,CA-NV-00000274,,2025-06-01,GENERAL,HIGH,COMPLETED,9922.19,7175.82,2025-06-09,8
WO-LJY0UNMN4BO5,CA-NV-00000274,,2025-06-28,GENERAL,MEDIUM,DEFERRED,361.22,,,128
WO-UAPL4NX6E6I6,CA-GA-00000275,,2024-01-20,HVAC,MEDIUM,COMPLETED,3770.02,6339.18,2024-02-10,21
WO-WP8GUZYJBUJS,CA-GA-00000275,,2024-03-11,ROOFING,MEDIUM,COMPLETED,14825.21,8881.86,2024-03-16,5
WO-BLI0GFK5S97G,CA-GA-00000275,,2024-04-04,GENERAL,LOW,COMPLETED,3080.78,1121.92,2024-04-23,19
WO-Z5ZVVCWQDQSN,CA-GA-00000275,,2024-04-27,ELECTRICAL,HIGH,COMPLETED,13759.82,3557.8,2024-05-02,5
WO-981AGBV8FAQ0,CA-GA-00000275,,2024-05-15,ROOFING,MEDIUM,COMPLETED,7071.92,1770.09,2024-06-04,20
WO-95OL36WBVH9Q,CA-GA-00000275,,2024-08-13,LANDSCAPING,LOW,COMPLETED,2869.79,1289.84,2024-08-27,14
WO-896QOTM3UX98,CA-GA-00000275,,2024-09-17,GENERAL,EMERGENCY,COMPLETED,7174.39,6931.62,2024-10-01,14
WO-72GFDWCJU4KW,CA-GA-00000275,,2025-01-02,ROOFING,MEDIUM,COMPLETED,1643.49,8319.32,2025-01-08,6
WO-V8K66RQ42GP3,CA-GA-00000275,,2025-01-20,LANDSCAPING,LOW,COMPLETED,7787.83,783.1,2025-02-05,16
WO-41S8OC88NMSE,CA-GA-00000275,,2025-02-15,HVAC,MEDIUM,COMPLETED,5586.2,4830.37,2025-02-24,9
WO-00M37I5N6VAC,CA-GA-00000275,,2025-02-10,LANDSCAPING,HIGH,COMPLETED,11158.67,6234.36,2025-02-16,6
WO-MIJP0PBZARPF,CA-GA-00000275,,2025-04-05,ROOFING,EMERGENCY,OPEN,10510.53,,,21
WO-YV2CKQ1ZSK8C,CA-GA-00000275,,2025-05-15,LANDSCAPING,EMERGENCY,COMPLETED,5558.2,2852.76,2025-05-25,10
WO-0M5L1MLNFV1K,CA-GA-00000275,,2025-05-20,ELECTRICAL,HIGH,COMPLETED,9924.32,6268.09,2025-06-07,18
WO-SHT7XP8CB9X7,CA-GA-00000275,,2025-06-05,ROOFING,MEDIUM,COMPLETED,4554.78,5934.51,2025-06-08,3
WO-NLSJHKI3FV0L,CA-AZ-00000276,,2024-01-13,ROOFING,MEDIUM,COMPLETED,9270.67,8681.48,2024-02-01,19
WO-MHT3QX4XXRIY,CA-AZ-00000276,,2024-03-16,HVAC,HIGH,COMPLETED,5092.19,2238.68,2024-03-17,1
WO-O7B2A1BLHXRL,CA-AZ-00000276,,2024-04-14,ELECTRICAL,HIGH,COMPLETED,6718.9,9875.67,2024-04-28,14
WO-SKQOE4FGTBWN,CA-AZ-00000276,,2024-05-01,GENERAL,MEDIUM,COMPLETED,1511.28,4118.83,2024-05-22,21
WO-CLP2EIDXCKIR,CA-AZ-00000276,,2024-06-24,ELEVATOR,EMERGENCY,COMPLETED,5569.19,10146.41,2024-07-15,21
WO-AQMUEQYH33EG,CA-AZ-00000276,,2024-07-09,ELECTRICAL,LOW,COMPLETED,9899.2,7305.43,2024-07-15,6
WO-81SQOW4IF3RS,CA-AZ-00000276,,2024-09-06,GENERAL,MEDIUM,COMPLETED,14339.65,6721.89,2024-09-20,14
WO-P3GVWCLDK36J,CA-AZ-00000276,,2024-10-07,GENERAL,LOW,COMPLETED,13631.26,11332.49,2024-10-19,12
WO-HWOGQ22YM6R0,CA-AZ-00000276,,2025-03-19,PLUMBING,LOW,COMPLETED,10988.46,7632.11,2025-03-24,5
WO-38V4B7KB2KJ2,CA-AZ-00000276,,2025-03-20,HVAC,LOW,COMPLETED,8703.75,5529.81,2025-04-07,18
WO-7RAW31WQY50Y,CA-AZ-00000276,,2025-04-01,HVAC,LOW,COMPLETED,9439.36,1818.34,2025-04-17,16
WO-R9QQ3UNFAZKO,CA-AZ-00000276,,2025-06-27,LANDSCAPING,LOW,COMPLETED,12099.52,1461.86,2025-07-07,10
WO-W6LIYR20KS0G,CA-CA-00000277,,2024-02-25,LANDSCAPING,MEDIUM,COMPLETED,1646.02,4107.01,2024-02-28,3
WO-TPBY8JVT01ZV,CA-CA-00000277,,2024-03-14,LANDSCAPING,MEDIUM,COMPLETED,5518.6,1865.96,2024-03-31,17
WO-P0BFCJ6N8BCU,CA-CA-00000277,,2024-04-03,HVAC,MEDIUM,COMPLETED,8740.48,7028.34,2024-04-12,9
WO-EQPED11GO1K3,CA-CA-00000277,,2024-09-02,PLUMBING,LOW,COMPLETED,4059.26,2777.23,2024-09-04,2
WO-48SZ83Y9JWXJ,CA-CA-00000277,,2024-09-14,HVAC,LOW,COMPLETED,13684.98,2448.1,2024-09-20,6
WO-8IWVM2Z2I231,CA-CA-00000277,,2024-12-02,HVAC,LOW,COMPLETED,9715.85,9285.16,2024-12-20,18
WO-WXVHRBI89BJX,CA-CA-00000277,,2025-01-21,PLUMBING,MEDIUM,DEFERRED,12800.83,,,50
WO-ZIJFYDGB6XV0,CA-CA-00000277,,2025-01-20,HVAC,HIGH,COMPLETED,2110.12,2569.3,2025-01-29,9
WO-RIK370OVOI9G,CA-CA-00000277,,2025-02-20,HVAC,HIGH,COMPLETED,11210.17,4899.81,2025-03-11,19
WO-DOTHTC0ITJ6B,CA-CA-00000277,,2025-04-20,PLUMBING,LOW,COMPLETED,7606.44,7689.36,2025-04-23,3
WO-ZCZCLBKSEO7B,CA-CA-00000277,,2025-04-14,LANDSCAPING,LOW,COMPLETED,3440.55,9009.96,2025-04-26,12
WO-8EM57I9JCUH3,CA-CA-00000277,,2025-05-25,LANDSCAPING,HIGH,COMPLETED,13090.18,7547.35,2025-06-02,8
WO-BT2Z6PHRZ2UZ,CA-CA-00000277,,2025-05-14,HVAC,MEDIUM,COMPLETED,6081.73,2323.77,2025-05-19,5
WO-J4BMMMXHFU42,CA-CA-00000277,,2025-06-11,PLUMBING,MEDIUM,COMPLETED,809.44,4984.55,2025-06-28,17
WO-OJMJ6JQ2WCBD,CA-VA-00000278,,2024-03-19,LANDSCAPING,MEDIUM,COMPLETED,1709.74,9299.91,2024-04-05,17
WO-Y8BXYLGUNSRD,CA-VA-00000278,,2024-05-08,ELECTRICAL,HIGH,COMPLETED,13624.75,9738.1,2024-05-23,15
WO-44RYHF8ERJJN,CA-VA-00000278,,2024-05-08,ELECTRICAL,LOW,COMPLETED,7567.98,10253.24,2024-05-21,13
WO-OQ0V1SFBBN8E,CA-VA-00000278,,2024-06-13,HVAC,MEDIUM,COMPLETED,2675.53,6792.41,2024-06-20,7
WO-DHOXJQ69MU0S,CA-VA-00000278,,2024-08-06,HVAC,HIGH,COMPLETED,7164.96,2461.32,2024-08-22,16
WO-IBE8E6K3FM4Z,CA-VA-00000278,,2024-10-08,PLUMBING,MEDIUM,COMPLETED,3911.18,4280.49,2024-10-25,17
WO-MVV8JM0NYG2Q,CA-VA-00000278,,2024-12-17,PLUMBING,HIGH,COMPLETED,546.06,8024.58,2024-12-19,2
WO-QAVUITHWR3E9,CA-VA-00000278,,2024-12-21,ELECTRICAL,LOW,COMPLETED,14379.26,6578.95,2025-01-06,16
WO-CPAX6OEUWLNC,CA-VA-00000278,,2025-01-27,STRUCTURAL,LOW,COMPLETED,3648.33,9331.38,2025-01-30,3
WO-Y2ISOEP2X1DY,CA-VA-00000278,,2025-01-25,PLUMBING,HIGH,COMPLETED,5633.85,2808.88,2025-02-07,13
WO-QFNM1HGV2UUO,CA-VA-00000278,,2025-04-18,ROOFING,MEDIUM,COMPLETED,5331.84,7460.83,2025-04-30,12
WO-EDK89WYWNDA5,CA-VA-00000278,,2025-06-24,ROOFING,HIGH,COMPLETED,2861.89,10957.44,2025-07-04,10
WO-4ZDNWP3Y6V5Z,CA-NC-00000279,,2024-01-07,LANDSCAPING,MEDIUM,COMPLETED,1708.95,8044.33,2024-01-23,16
WO-3YPQ82A5HLRO,CA-NC-00000279,,2024-02-07,ROOFING,HIGH,COMPLETED,3651.88,11987.55,2024-02-12,5
WO-8YRVQHHI3RR8,CA-NC-00000279,,2024-02-06,HVAC,LOW,COMPLETED,4727.16,3252.62,2024-02-22,16
WO-45594N4NQIBC,CA-NC-00000279,,2024-03-08,LANDSCAPING,HIGH,COMPLETED,2617.51,2664.81,2024-03-23,15
WO-89URLZX564N2,CA-NC-00000279,,2024-04-24,ROOFING,LOW,COMPLETED,8100.99,3355.23,2024-05-03,9
WO-RMJ8QL4PEYUD,CA-NC-00000279,,2024-06-25,GENERAL,MEDIUM,DEFERRED,12926.65,,,57
WO-4A1ZFMFCB71D,CA-NC-00000279,,2024-07-21,PLUMBING,LOW,COMPLETED,13862.0,5582.89,2024-08-11,21
WO-Q7J03I6UCDXG,CA-NC-00000279,,2025-02-22,PLUMBING,EMERGENCY,COMPLETED,10391.95,11249.8,2025-03-01,7
WO-BRH9P67Z37S5,CA-TX-00000280,,2024-01-11,ELEVATOR,EMERGENCY,DEFERRED,2303.53,,,24
WO-1OFNMN4A7BA1,CA-TX-00000280,,2024-01-02,GENERAL,MEDIUM,COMPLETED,6137.16,7578.15,2024-01-14,12
WO-OKF3PFQ5PF2F,CA-TX-00000280,,2024-04-28,HVAC,MEDIUM,DEFERRED,10663.13,,,61
WO-UO50SJ6JWYL8,CA-TX-00000280,,2024-07-18,GENERAL,MEDIUM,COMPLETED,2439.04,2487.19,2024-08-03,16
WO-3HFVGA8HCDNN,CA-TX-00000280,,2024-07-19,ROOFING,HIGH,COMPLETED,1448.95,767.0,2024-08-06,18
WO-QWW7PEHMDX91,CA-TX-00000280,,2024-08-19,LANDSCAPING,HIGH,COMPLETED,3335.45,7935.29,2024-09-05,17
WO-RPT16VOPMZOC,CA-TX-00000280,,2024-09-02,ELECTRICAL,LOW,COMPLETED,14817.65,1556.24,2024-09-12,10
WO-BVLXT4E3O6S0,CA-TX-00000280,,2024-12-05,STRUCTURAL,MEDIUM,OPEN,2658.43,,,70
WO-OUS089XKOTSF,CA-TX-00000280,,2025-01-03,HVAC,MEDIUM,COMPLETED,6722.57,4668.67,2025-01-06,3
WO-36YTB8FW5HBK,CA-TX-00000280,,2025-01-04,LANDSCAPING,LOW,COMPLETED,10079.53,10538.65,2025-01-08,4
WO-B402HR8OD9T8,CA-TX-00000280,,2025-05-26,ELEVATOR,MEDIUM,COMPLETED,6061.2,810.16,2025-06-02,7
WO-13HDBLZJ13IE,CA-TX-00000280,,2025-06-07,ROOFING,HIGH,COMPLETED,11506.0,1852.63,2025-06-24,17
WO-KFOI4PM892U9,CA-OH-00000281,,2024-01-09,GENERAL,MEDIUM,COMPLETED,8605.64,9855.58,2024-01-19,10
WO-L3Q6T00QQUHP,CA-OH-00000281,,2024-02-13,ELECTRICAL,HIGH,COMPLETED,10870.47,623.95,2024-03-02,18
WO-T845V8D20UR9,CA-OH-00000281,,2024-04-24,PLUMBING,MEDIUM,COMPLETED,7810.74,1341.75,2024-04-30,6
WO-O0Z2G2U0UU41,CA-OH-00000281,,2024-05-12,LANDSCAPING,MEDIUM,DEFERRED,6197.48,,,42
WO-QOE2AWUNBOZA,CA-OH-00000281,,2024-06-13,GENERAL,MEDIUM,COMPLETED,10894.57,3765.07,2024-06-20,7
WO-X38JETJI9TJI,CA-OH-00000281,,2024-06-02,HVAC,MEDIUM,COMPLETED,9892.37,6700.68,2024-06-19,17
WO-E01AUP5K2VC9,CA-OH-00000281,,2024-07-25,PLUMBING,MEDIUM,COMPLETED,2154.19,8832.44,2024-08-07,13
WO-8K3WOHBQ03DO,CA-OH-00000281,,2024-07-26,ELEVATOR,LOW,COMPLETED,3852.51,8317.52,2024-08-14,19
WO-YWEHYWEVCSIG,CA-OH-00000281,,2024-08-01,HVAC,MEDIUM,COMPLETED,8652.54,4268.04,2024-08-11,10
WO-0Z4F5GKA3MT5,CA-OH-00000281,,2024-10-10,GENERAL,LOW,COMPLETED,817.99,6480.67,2024-10-25,15
WO-AOA3H5LJ1TGW,CA-OH-00000281,,2024-10-10,ELECTRICAL,LOW,COMPLETED,13598.23,4840.61,2024-10-14,4
WO-WM1LDLRPH7GT,CA-OH-00000281,,2024-11-07,LANDSCAPING,MEDIUM,COMPLETED,11043.45,2901.52,2024-11-23,16
WO-F3XKWMAZT2ZT,CA-OH-00000281,,2024-12-11,PLUMBING,HIGH,COMPLETED,6894.59,2491.28,2025-01-01,21
WO-2LIX72GUOZKU,CA-OH-00000281,,2024-12-08,GENERAL,LOW,COMPLETED,8100.78,5162.98,2024-12-27,19
WO-Z76EYLBPJE9Y,CA-OH-00000281,,2025-01-02,LANDSCAPING,MEDIUM,DEFERRED,14165.71,,,192
WO-XASCZU9P5DOO,CA-OH-00000281,,2025-01-22,PLUMBING,EMERGENCY,OPEN,12100.47,,,110
WO-0S2VPARGKGLJ,CA-OH-00000281,,2025-02-13,PLUMBING,MEDIUM,COMPLETED,6076.81,11281.97,2025-02-16,3
WO-4P7O027B7MXS,CA-OH-00000281,,2025-02-07,GENERAL,MEDIUM,COMPLETED,3560.54,9646.65,2025-02-15,8
WO-GRQS79C8X0UZ,CA-OH-00000281,,2025-03-03,ELECTRICAL,LOW,DEFERRED,6759.77,,,64
WO-O0X26NZ8HKGZ,CA-OH-00000281,,2025-03-14,HVAC,LOW,DEFERRED,1362.21,,,15
WO-RY5ZTUP96SS9,CA-OH-00000281,,2025-05-07,ROOFING,MEDIUM,COMPLETED,13612.53,9354.31,2025-05-21,14
WO-PMW33WSLI96E,CA-OH-00000281,,2025-06-07,LANDSCAPING,HIGH,COMPLETED,12208.54,7154.64,2025-06-12,5
WO-7SB84IQQQUET,CA-CO-00000282,,2024-01-20,HVAC,MEDIUM,DEFERRED,11964.07,,,14
WO-UZLXUHLUBS0R,CA-CO-00000282,,2024-01-05,HVAC,MEDIUM,COMPLETED,14640.63,2996.75,2024-01-12,7
WO-D4LDEBY77M8P,CA-CO-00000282,,2024-02-06,HVAC,HIGH,DEFERRED,8214.69,,,104
WO-O6KRU82GZLEI,CA-CO-00000282,,2024-02-21,LANDSCAPING,MEDIUM,DEFERRED,3854.11,,,193
WO-403NG3RIUJLV,CA-CO-00000282,,2024-02-08,LANDSCAPING,LOW,DEFERRED,13056.51,,,113
WO-NSG1ZKPUIZAP,CA-CO-00000282,,2024-03-15,ELECTRICAL,MEDIUM,OPEN,14918.37,,,51
WO-PMN9KZ4LIMBI,CA-CO-00000282,,2024-03-22,ELECTRICAL,MEDIUM,COMPLETED,1772.54,3992.61,2024-04-11,20
WO-MVRVI8NPJN6M,CA-CO-00000282,,2024-03-14,HVAC,HIGH,DEFERRED,7301.27,,,13
WO-J1WSFOE7Q8LB,CA-CO-00000282,,2024-03-12,HVAC,LOW,COMPLETED,9138.67,11348.34,2024-03-19,7
WO-0PD392D8R67F,CA-CO-00000282,,2024-03-07,LANDSCAPING,LOW,OPEN,5199.37,,,37
WO-1ORSZ0Y0RNOL,CA-CO-00000282,,2024-03-12,LANDSCAPING,LOW,OPEN,10708.51,,,44
WO-KHONQW664330,CA-CO-00000282,,2024-03-25,STRUCTURAL,EMERGENCY,OPEN,1520.44,,,36
WO-L01BRJ2K88NA,CA-CO-00000282,,2024-04-21,LANDSCAPING,LOW,COMPLETED,9774.52,4693.75,2024-05-01,10
WO-WHGTKYJX6TCO,CA-CO-00000282,,2024-04-12,GENERAL,EMERGENCY,OPEN,4558.86,,,77
WO-GJBEGF8QOLV5,CA-CO-00000282,,2024-04-03,STRUCTURAL,MEDIUM,OPEN,6100.92,,,108
WO-UANJF6PQV1NH,CA-CO-00000282,,2024-04-17,GENERAL,MEDIUM,DEFERRED,8686.64,,,43
WO-M8VB3T26RQZX,CA-CO-00000282,,2024-04-07,ROOFING,LOW,DEFERRED,1427.11,,,11
WO-KMTG7LBJ9GHF,CA-CO-00000282,,2024-05-12,ELECTRICAL,LOW,COMPLETED,11641.89,9040.33,2024-05-23,11
WO-FUGAJDS95MTI,CA-CO-00000282,,2024-05-05,LANDSCAPING,LOW,COMPLETED,6216.29,5483.61,2024-05-14,9
WO-1C94YZ3WGMJS,CA-CO-00000282,,2024-05-16,PLUMBING,HIGH,DEFERRED,12550.77,,,56
WO-UFFSKKM0395D,CA-CO-00000282,,2024-05-19,PLUMBING,MEDIUM,COMPLETED,9785.97,5130.91,2024-06-01,13
WO-Y2EZ936TCDRI,CA-CO-00000282,,2024-06-23,GENERAL,HIGH,OPEN,10049.58,,,34
WO-K00V33BT5L7I,CA-CO-00000282,,2024-06-22,ROOFING,HIGH,OPEN,7950.92,,,82
WO-M6FSL1SIW663,CA-CO-00000282,,2024-06-28,ROOFING,MEDIUM,COMPLETED,6632.73,7335.93,2024-07-08,10
WO-N1IANW0LLYIF,CA-CO-00000282,,2024-06-23,PLUMBING,MEDIUM,COMPLETED,12439.11,5020.27,2024-07-13,20
WO-ITMLSKS3OZYW,CA-CO-00000282,,2024-06-27,ELECTRICAL,MEDIUM,DEFERRED,11744.9,,,68
WO-6IRF4OVSNK89,CA-CO-00000282,,2024-06-27,ELECTRICAL,MEDIUM,COMPLETED,6565.09,9259.03,2024-07-18,21
WO-MUPDJDIAORNI,CA-CO-00000282,,2024-06-19,HVAC,LOW,COMPLETED,3814.69,9640.88,2024-06-25,6
WO-R6HINDMRCKFC,CA-CO-00000282,,2024-06-19,ELECTRICAL,MEDIUM,OPEN,4087.68,,,56
WO-29K98PXDEECK,CA-CO-00000282,,2024-07-07,PLUMBING,MEDIUM,COMPLETED,7369.51,9198.99,2024-07-22,15
WO-A22FHR5IR4BV,CA-CO-00000282,,2024-07-17,PLUMBING,LOW,COMPLETED,8652.64,10097.7,2024-07-26,9
WO-T1YRCKXLL2YL,CA-CO-00000282,,2024-07-11,GENERAL,MEDIUM,DEFERRED,9577.99,,,32
WO-47ODPAVVTYLQ,CA-CO-00000282,,2024-07-26,PLUMBING,LOW,COMPLETED,9839.98,320.98,2024-07-29,3
WO-OZMJGJ7WU8E7,CA-CO-00000282,,2024-07-01,PLUMBING,HIGH,DEFERRED,14307.35,,,34
WO-A6HUDU20JR4Y,CA-CO-00000282,,2024-07-13,LANDSCAPING,MEDIUM,COMPLETED,7447.15,9450.39,2024-07-19,6
WO-UDS753GHW4PG,CA-CO-00000282,,2024-07-10,ELECTRICAL,MEDIUM,COMPLETED,2873.15,4232.04,2024-07-22,12
WO-RQ4BUTU7SVZL,CA-CO-00000282,,2024-08-24,ELECTRICAL,MEDIUM,COMPLETED,5657.19,2594.65,2024-09-02,9
WO-UXL9X50FW9UU,CA-CO-00000282,,2024-08-08,HVAC,MEDIUM,DEFERRED,5918.97,,,32
WO-OLQD5IFW1A2K,CA-CO-00000282,,2024-08-03,LANDSCAPING,LOW,COMPLETED,2572.44,7695.9,2024-08-21,18
WO-YTR8VZF9UUV0,CA-CO-00000282,,2024-08-16,ELEVATOR,LOW,DEFERRED,8596.89,,,81
WO-IL4AOXG2SWU1,CA-CO-00000282,,2024-08-22,GENERAL,MEDIUM,COMPLETED,11589.15,948.96,2024-09-04,13
WO-FL9BDCYT4QFQ,CA-CO-00000282,,2024-09-18,ROOFING,MEDIUM,DEFERRED,6896.52,,,65
WO-7PDVZ7RN2DV7,CA-CO-00000282,,2024-09-25,LANDSCAPING,LOW,DEFERRED,5021.04,,,50
WO-SKW0YV4QFMBM,CA-CO-00000282,,2024-09-10,HVAC,MEDIUM,COMPLETED,3115.93,4934.9,2024-09-16,6
WO-QGT2AFB3ZVT0,CA-CO-00000282,,2024-10-14,PLUMBING,MEDIUM,OPEN,12893.6,,,37
WO-ZZ36QWMRB1S8,CA-CO-00000282,,2024-10-16,STRUCTURAL,MEDIUM,DEFERRED,8433.71,,,41
WO-LUUGAK1LS5QY,CA-CO-00000282,,2024-10-01,ELECTRICAL,LOW,COMPLETED,14749.94,7564.11,2024-10-02,1
WO-FJL4KWTWQFVU,CA-CO-00000282,,2024-10-04,PLUMBING,HIGH,OPEN,562.14,,,58
WO-4QFE1VZNMXXQ,CA-CO-00000282,,2024-10-09,HVAC,LOW,OPEN,10844.46,,,64
WO-LE2226CSFE5R,CA-CO-00000282,,2024-11-05,LANDSCAPING,MEDIUM,OPEN,3511.5,,,213
WO-W6EICL9DOWDO,CA-CO-00000282,,2024-11-26,PLUMBING,LOW,COMPLETED,6710.92,8961.51,2024-12-04,8
WO-OAR8QWQ6SLXI,CA-CO-00000282,,2024-11-03,LANDSCAPING,HIGH,COMPLETED,9436.17,9618.32,2024-11-20,17
WO-BWA9KKZ2VSNJ,CA-CO-00000282,,2024-11-05,LANDSCAPING,MEDIUM,OPEN,14273.69,,,24
WO-P8P59WRAX55R,CA-CO-00000282,,2024-11-15,ELECTRICAL,MEDIUM,COMPLETED,10731.47,10839.98,2024-11-20,5
WO-QOXY10ENKGCU,CA-CO-00000282,,2024-12-11,ELECTRICAL,LOW,COMPLETED,9393.99,7543.55,2024-12-20,9
WO-172RJ44IT1FX,CA-CO-00000282,,2024-12-26,PLUMBING,HIGH,OPEN,3597.88,,,15
WO-9SUZB6DKY8W8,CA-CO-00000282,,2024-12-26,GENERAL,MEDIUM,COMPLETED,14032.68,1684.71,2025-01-14,19
WO-GXOU4A0VRPEU,CA-CO-00000282,,2024-12-03,HVAC,EMERGENCY,COMPLETED,2310.46,7166.59,2024-12-16,13
WO-85Q6E7NCPTV4,CA-CO-00000282,,2024-12-14,HVAC,LOW,COMPLETED,6748.97,11434.01,2024-12-17,3
WO-91Y3HFPNFVL8,CA-CO-00000282,,2025-01-25,ELECTRICAL,LOW,OPEN,8940.02,,,22
WO-GUEZ4EL7IUXV,CA-CO-00000282,,2025-01-03,PLUMBING,LOW,COMPLETED,1486.04,2766.14,2025-01-12,9
WO-ZZWINWIFYOXV,CA-CO-00000282,,2025-01-12,LANDSCAPING,EMERGENCY,OPEN,9753.54,,,43
WO-2JLVN7U8ZAE2,CA-CO-00000282,,2025-01-04,PLUMBING,EMERGENCY,OPEN,10192.94,,,40
WO-6B6C2Z5BQ3HR,CA-CO-00000282,,2025-01-07,LANDSCAPING,LOW,OPEN,13990.99,,,68
WO-UGNZV86TMDYQ,CA-CO-00000282,,2025-01-25,STRUCTURAL,MEDIUM,OPEN,8360.81,,,35
WO-4CJH1VOVFX1W,CA-CO-00000282,,2025-02-21,ROOFING,LOW,COMPLETED,6787.88,10835.09,2025-03-09,16
WO-SP4P1OJEYX5X,CA-CO-00000282,,2025-02-07,LANDSCAPING,MEDIUM,COMPLETED,4333.11,4944.39,2025-02-17,10
WO-S1P1PXYM777T,CA-CO-00000282,,2025-02-12,ROOFING,LOW,OPEN,9937.08,,,172
WO-JFMWCCYYVWSZ,CA-CO-00000282,,2025-02-03,GENERAL,HIGH,OPEN,5831.38,,,68
WO-MF420VXNYZY0,CA-CO-00000282,,2025-03-11,ELECTRICAL,LOW,COMPLETED,5422.48,6253.09,2025-03-17,6
WO-YFLT39QWLRXA,CA-CO-00000282,,2025-03-06,STRUCTURAL,MEDIUM,DEFERRED,13246.22,,,44
WO-UDD9Q0S98JGP,CA-CO-00000282,,2025-03-26,HVAC,LOW,COMPLETED,7560.55,6741.94,2025-04-08,13
WO-I4M3H7NC5BNC,CA-CO-00000282,,2025-03-11,HVAC,LOW,COMPLETED,6517.73,5217.63,2025-03-15,4
WO-4QS3B49TNQET,CA-CO-00000282,,2025-04-28,HVAC,LOW,COMPLETED,5108.68,7383.88,2025-05-03,5
WO-OE76Y5B1BWV6,CA-CO-00000282,,2025-04-27,ROOFING,LOW,DEFERRED,2735.13,,,45
WO-TQUFIJ3LP24V,CA-CO-00000282,,2025-04-24,PLUMBING,MEDIUM,DEFERRED,12865.09,,,31
WO-NMAGRCHOI1IY,CA-CO-00000282,,2025-04-16,ELECTRICAL,MEDIUM,COMPLETED,3645.35,8285.03,2025-05-01,15
WO-CUK7B6ONQ72R,CA-CO-00000282,,2025-04-19,LANDSCAPING,MEDIUM,COMPLETED,7682.55,11652.25,2025-04-20,1
WO-R0GOGYFY5VRE,CA-CO-00000282,,2025-04-26,LANDSCAPING,LOW,DEFERRED,235.37,,,31
WO-NFIMLGDWH34Z,CA-CO-00000282,,2025-04-20,HVAC,LOW,DEFERRED,8316.16,,,35
WO-GW5K8OCA43YQ,CA-CO-00000282,,2025-04-18,LANDSCAPING,HIGH,DEFERRED,10524.45,,,33
WO-6CDCX9NOX4K7,CA-CO-00000282,,2025-04-22,PLUMBING,LOW,OPEN,1276.75,,,19
WO-FUIU3F8KKY8B,CA-CO-00000282,,2025-05-28,ROOFING,LOW,DEFERRED,9460.65,,,28
WO-9B3SDOGD4FIF,CA-CO-00000282,,2025-05-09,PLUMBING,HIGH,DEFERRED,1421.82,,,87
WO-V2JP7XC80XBT,CA-CO-00000282,,2025-05-10,ELECTRICAL,LOW,DEFERRED,10568.35,,,40
WO-TQOC7XR6GHF5,CA-CO-00000282,,2025-06-20,ELECTRICAL,LOW,COMPLETED,1352.94,3612.6,2025-06-25,5
WO-1J3VTV4ENPOQ,CA-CO-00000282,,2025-06-14,STRUCTURAL,MEDIUM,DEFERRED,2169.78,,,150
WO-4IBL5URMYSNV,CA-CO-00000282,,2025-06-20,LANDSCAPING,LOW,COMPLETED,13982.38,2755.74,2025-07-10,20
WO-LJ7YL5N5YHQ9,CA-CO-00000282,,2025-06-07,ROOFING,LOW,OPEN,12422.42,,,153
WO-KHHO9KNPX40Q,CA-CO-00000282,,2025-06-21,HVAC,HIGH,COMPLETED,12622.34,435.87,2025-06-30,9
WO-68PGE0RPL5Q1,CA-CO-00000283,,2024-01-02,ELECTRICAL,HIGH,COMPLETED,4092.5,11961.29,2024-01-03,1
WO-49B37NNX8F2Y,CA-CO-00000283,,2024-01-27,LANDSCAPING,MEDIUM,COMPLETED,9064.89,4526.93,2024-02-09,13
WO-QESECVQOVDGX,CA-CO-00000283,,2024-01-17,GENERAL,MEDIUM,DEFERRED,12486.36,,,32
WO-3065AVB0I80P,CA-CO-00000283,,2024-01-04,GENERAL,MEDIUM,OPEN,5107.66,,,27
WO-GUT4F4FPHMU9,CA-CO-00000283,,2024-02-10,HVAC,MEDIUM,OPEN,1899.2,,,46
WO-WN0CKBHVVQPV,CA-CO-00000283,,2024-02-26,HVAC,LOW,DEFERRED,642.19,,,40
WO-YHAORNKREWY1,CA-CO-00000283,,2024-02-26,PLUMBING,HIGH,DEFERRED,4955.56,,,28
WO-KDQ1VUOWQHLN,CA-CO-00000283,,2024-02-06,STRUCTURAL,LOW,COMPLETED,13426.4,4878.6,2024-02-08,2
WO-54IWEE1YCNBA,CA-CO-00000283,,2024-02-11,LANDSCAPING,MEDIUM,COMPLETED,4728.48,6022.8,2024-02-19,8
WO-N66Y9CUCU4FC,CA-CO-00000283,,2024-02-08,PLUMBING,HIGH,COMPLETED,8919.42,4319.19,2024-02-15,7
WO-A7LN1YICNJX0,CA-CO-00000283,,2024-02-26,LANDSCAPING,HIGH,OPEN,14959.7,,,29
WO-CQLZ9MLKXUL3,CA-CO-00000283,,2024-03-09,ELEVATOR,EMERGENCY,COMPLETED,1458.07,1245.55,2024-03-24,15
WO-CG3SO6VW04L2,CA-CO-00000283,,2024-03-16,LANDSCAPING,MEDIUM,OPEN,3990.83,,,19
WO-1W78NQB99W5Q,CA-CO-00000283,,2024-03-16,STRUCTURAL,MEDIUM,OPEN,3902.29,,,121
WO-2YACDAVGGV5N,CA-CO-00000283,,2024-03-05,STRUCTURAL,MEDIUM,DEFERRED,284.17,,,35
WO-COYHM2GZL5LX,CA-CO-00000283,,2024-03-07,LANDSCAPING,MEDIUM,COMPLETED,9927.19,8047.07,2024-03-28,21
WO-CTTBSO9I3BBI,CA-CO-00000283,,2024-03-25,LANDSCAPING,MEDIUM,DEFERRED,3543.41,,,48
WO-BOWGP42ID9FU,CA-CO-00000283,,2024-04-19,ELEVATOR,MEDIUM,OPEN,11112.7,,,54
WO-EFID3FVUEDH4,CA-CO-00000283,,2024-04-27,HVAC,MEDIUM,COMPLETED,13635.12,11546.52,2024-04-29,2
WO-S9LF0EKZ490L,CA-CO-00000283,,2024-05-26,ELECTRICAL,MEDIUM,COMPLETED,12651.24,11555.76,2024-06-12,17
WO-WRYBG8YK7L22,CA-CO-00000283,,2024-05-01,HVAC,HIGH,COMPLETED,7434.5,5928.74,2024-05-05,4
WO-PK0UGNZ1YZKG,CA-CO-00000283,,2024-05-18,ROOFING,LOW,OPEN,4787.47,,,52
WO-X5Z2U3UM53LX,CA-CO-00000283,,2024-05-16,ELECTRICAL,MEDIUM,COMPLETED,10764.65,8626.9,2024-05-25,9
WO-L24AUAIV6M7F,CA-CO-00000283,,2024-06-06,LANDSCAPING,MEDIUM,DEFERRED,3108.96,,,62
WO-FVF0SDOMBAX1,CA-CO-00000283,,2024-06-14,PLUMBING,MEDIUM,COMPLETED,13725.78,8776.69,2024-06-17,3
WO-KUJX8FO48UIC,CA-CO-00000283,,2024-06-01,STRUCTURAL,LOW,DEFERRED,6757.35,,,28
WO-Q246DU1IQLAP,CA-CO-00000283,,2024-06-13,PLUMBING,LOW,COMPLETED,1681.83,9845.44,2024-06-30,17
WO-G9VR1V2X334D,CA-CO-00000283,,2024-06-28,HVAC,LOW,COMPLETED,14963.18,11193.66,2024-07-18,20
WO-VVVS7459TTHZ,CA-CO-00000283,,2024-06-07,ROOFING,MEDIUM,COMPLETED,7228.35,4628.11,2024-06-08,1
WO-3HIOK6T71Z73,CA-CO-00000283,,2024-06-19,HVAC,LOW,OPEN,2421.78,,,30
WO-348HBO2XLIBO,CA-CO-00000283,,2024-06-07,ELECTRICAL,MEDIUM,COMPLETED,14727.34,10098.08,2024-06-18,11
WO-G0P8JQRFT47M,CA-CO-00000283,,2024-07-05,ROOFING,HIGH,OPEN,9808.14,,,154
WO-N09AS3WDMBD8,CA-CO-00000283,,2024-07-07,GENERAL,HIGH,COMPLETED,14132.08,2102.91,2024-07-12,5
WO-PGUCX8UMFGGV,CA-CO-00000283,,2024-07-26,ROOFING,EMERGENCY,OPEN,12353.99,,,68
WO-OZR1PI38GBVO,CA-CO-00000283,,2024-07-06,LANDSCAPING,HIGH,OPEN,10207.22,,,94
WO-1G220HUIJ2R5,CA-CO-00000283,,2024-07-06,GENERAL,MEDIUM,COMPLETED,11621.12,6656.6,2024-07-10,4
WO-8QVS9YJW0XF4,CA-CO-00000283,,2024-07-16,HVAC,MEDIUM,COMPLETED,6504.61,4663.32,2024-08-06,21
WO-W4Q2C5REPLHU,CA-CO-00000283,,2024-08-19,HVAC,HIGH,OPEN,243.34,,,169
WO-N1Z1G3D9AFX3,CA-CO-00000283,,2024-08-18,ELECTRICAL,LOW,OPEN,2644.99,,,11
WO-KCORSFKN2R7O,CA-CO-00000283,,2024-08-06,ROOFING,MEDIUM,COMPLETED,7506.73,10332.04,2024-08-08,2
WO-WD4LL9YZKV0A,CA-CO-00000283,,2024-08-22,GENERAL,LOW,COMPLETED,10712.54,2928.16,2024-09-01,10
WO-J1G278TYA81C,CA-CO-00000283,,2024-08-18,GENERAL,LOW,DEFERRED,2105.95,,,93
WO-U6O61B5224X9,CA-CO-00000283,,2024-08-18,HVAC,LOW,DEFERRED,13787.33,,,119
WO-HX1CRAW1TYR9,CA-CO-00000283,,2024-09-03,PLUMBING,MEDIUM,COMPLETED,4149.73,6826.5,2024-09-05,2
WO-QPNCTLEX8987,CA-CO-00000283,,2024-09-15,PLUMBING,MEDIUM,OPEN,10306.58,,,26
WO-KGG1ONCWYEQ1,CA-CO-00000283,,2024-10-04,LANDSCAPING,MEDIUM,OPEN,4446.88,,,30
WO-YNMDQQJ9LBHA,CA-CO-00000283,,2024-10-23,ELECTRICAL,LOW,DEFERRED,6486.77,,,37
WO-LWNDJ6KHJ964,CA-CO-00000283,,2024-10-04,PLUMBING,MEDIUM,COMPLETED,4537.44,11878.9,2024-10-20,16
WO-WVQ47AI79RN4,CA-CO-00000283,,2024-11-17,ELECTRICAL,LOW,COMPLETED,13216.96,7899.86,2024-12-02,15
WO-G9W3534ZPR3M,CA-CO-00000283,,2024-11-21,ELECTRICAL,MEDIUM,DEFERRED,3468.83,,,109
WO-4887SJRTSYH0,CA-CO-00000283,,2024-11-25,PLUMBING,LOW,COMPLETED,3257.32,11533.97,2024-11-26,1
WO-RRE5VVCN23TX,CA-CO-00000283,,2024-11-23,LANDSCAPING,HIGH,DEFERRED,12717.37,,,129
WO-5BZDUQJZGQ6Z,CA-CO-00000283,,2024-11-12,HVAC,MEDIUM,OPEN,5923.81,,,27
WO-1KXUW7EZ53YS,CA-CO-00000283,,2024-11-16,HVAC,MEDIUM,DEFERRED,5583.81,,,27
WO-KWABKGYSK31K,CA-CO-00000283,,2024-12-11,PLUMBING,HIGH,OPEN,7497.71,,,91
WO-96JWTZABHC6R,CA-CO-00000283,,2024-12-09,GENERAL,LOW,DEFERRED,11372.75,,,58
WO-7N6VYXVPJBA7,CA-CO-00000283,,2024-12-28,PLUMBING,HIGH,COMPLETED,14460.21,8145.5,2025-01-16,19
WO-GNFQCMHOU7X0,CA-CO-00000283,,2024-12-07,HVAC,MEDIUM,DEFERRED,10675.67,,,79
WO-7LZ8DX8PCUFX,CA-CO-00000283,,2024-12-25,GENERAL,MEDIUM,OPEN,5781.13,,,53
WO-MOCHFP5QPYMK,CA-CO-00000283,,2024-12-07,GENERAL,MEDIUM,COMPLETED,13295.05,826.94,2024-12-09,2
WO-XP1P0LCORO7E,CA-CO-00000283,,2024-12-09,ELECTRICAL,LOW,DEFERRED,1567.24,,,83
WO-WPPYU2VWQCZ0,CA-CO-00000283,,2024-12-01,PLUMBING,HIGH,DEFERRED,1828.86,,,41
WO-EYUL36APT21M,CA-CO-00000283,,2025-01-07,GENERAL,LOW,OPEN,3104.81,,,16
WO-EBA6O35QMU7W,CA-CO-00000283,,2025-01-18,LANDSCAPING,LOW,COMPLETED,3922.68,3969.86,2025-02-08,21
WO-AD5RWUNO3OEM,CA-CO-00000283,,2025-01-23,HVAC,MEDIUM,OPEN,13917.78,,,31
WO-9EF8IU34E5VO,CA-CO-00000283,,2025-01-18,GENERAL,LOW,DEFERRED,9205.94,,,31
WO-HL8YNC2OOFQ5,CA-CO-00000283,,2025-01-17,HVAC,LOW,COMPLETED,5028.43,4995.96,2025-01-19,2
WO-PBOL15H33255,CA-CO-00000283,,2025-01-18,HVAC,HIGH,COMPLETED,5002.06,6033.39,2025-02-05,18
WO-M35AJ6YWFVGM,CA-CO-00000283,,2025-02-07,LANDSCAPING,HIGH,DEFERRED,11389.1,,,26
WO-PA94ONC4BTYN,CA-CO-00000283,,2025-02-23,HVAC,LOW,OPEN,4857.09,,,35
WO-I21EQME4C9ES,CA-CO-00000283,,2025-02-09,LANDSCAPING,HIGH,DEFERRED,11383.86,,,16
WO-HWDTD1SDDZTC,CA-CO-00000283,,2025-02-04,GENERAL,LOW,COMPLETED,13517.68,5869.36,2025-02-14,10
WO-U1NLN9BEDC56,CA-CO-00000283,,2025-03-11,GENERAL,LOW,COMPLETED,2973.11,2282.47,2025-03-12,1
WO-WUUYJ0WJPSDT,CA-CO-00000283,,2025-03-12,PLUMBING,HIGH,OPEN,9621.45,,,51
WO-JMGFSQE3L7CJ,CA-CO-00000283,,2025-03-22,ELEVATOR,LOW,COMPLETED,9717.8,3484.02,2025-04-04,13
WO-S9XEUF6DXM38,CA-CO-00000283,,2025-03-08,PLUMBING,LOW,COMPLETED,8167.08,11454.35,2025-03-16,8
WO-5DDDM95DX6XM,CA-CO-00000283,,2025-03-18,ROOFING,MEDIUM,DEFERRED,7486.49,,,13
WO-5KBNG9QBR8NI,CA-CO-00000283,,2025-03-20,GENERAL,MEDIUM,COMPLETED,9830.35,2399.43,2025-03-25,5
WO-1QHLNV5HHSZ2,CA-CO-00000283,,2025-04-02,LANDSCAPING,EMERGENCY,COMPLETED,2663.61,5650.86,2025-04-13,11
WO-7D9TFWQTUOMX,CA-CO-00000283,,2025-04-09,HVAC,HIGH,COMPLETED,9864.74,1951.56,2025-04-28,19
WO-8YO9V3XYSD2H,CA-CO-00000283,,2025-04-10,ELECTRICAL,EMERGENCY,COMPLETED,11880.0,2501.39,2025-04-23,13
WO-M4NAG7RZLM7M,CA-CO-00000283,,2025-05-11,HVAC,HIGH,DEFERRED,2429.12,,,35
WO-6YNO34FONITT,CA-CO-00000283,,2025-05-18,ELECTRICAL,MEDIUM,OPEN,4942.93,,,31
WO-C3W2AAOHO7TF,CA-CO-00000283,,2025-05-08,ELECTRICAL,MEDIUM,DEFERRED,9933.68,,,51
WO-Q57QZ8P9Q0GS,CA-CO-00000283,,2025-05-19,ELEVATOR,MEDIUM,COMPLETED,1608.87,10756.3,2025-06-08,20
WO-DZC6ZL3EYLHM,CA-CO-00000283,,2025-05-16,HVAC,EMERGENCY,DEFERRED,13397.14,,,71
WO-TY7PJR3W8EWN,CA-CO-00000283,,2025-05-18,HVAC,HIGH,COMPLETED,7773.09,7460.32,2025-05-29,11
WO-5UBKGXBSRKBY,CA-CO-00000283,,2025-06-03,LANDSCAPING,MEDIUM,DEFERRED,8875.54,,,84
WO-HDCRICVJU258,CA-CO-00000283,,2025-06-15,PLUMBING,MEDIUM,COMPLETED,12335.61,526.9,2025-06-21,6
WO-NYJV6NCOIYE1,CA-CA-00000284,,2024-02-19,GENERAL,LOW,COMPLETED,5559.66,2723.74,2024-02-26,7
WO-J4SOKI29CUJ3,CA-CA-00000284,,2024-03-01,STRUCTURAL,MEDIUM,COMPLETED,4452.85,912.5,2024-03-16,15
WO-CL3IZYA20UON,CA-CA-00000284,,2024-07-26,PLUMBING,MEDIUM,COMPLETED,6472.16,9890.67,2024-08-11,16
WO-0B8D6I1J773S,CA-CA-00000284,,2024-07-01,ELECTRICAL,MEDIUM,COMPLETED,14287.78,7384.31,2024-07-08,7
WO-AGPUQ17TZKA6,CA-CA-00000284,,2024-09-12,LANDSCAPING,LOW,COMPLETED,1580.42,2783.47,2024-09-16,4
WO-MV45P3HNA3ME,CA-CA-00000284,,2024-09-11,ELEVATOR,MEDIUM,COMPLETED,4190.19,5913.65,2024-09-24,13
WO-UCWNK7HGQ1HH,CA-CA-00000284,,2024-11-08,ELECTRICAL,LOW,COMPLETED,2397.67,5893.21,2024-11-29,21
WO-2VVYM305CV2O,CA-CA-00000284,,2025-04-07,GENERAL,HIGH,COMPLETED,6614.89,11745.08,2025-04-14,7
WO-Y9LI9R47QTI3,CA-CA-00000284,,2025-06-27,PLUMBING,MEDIUM,COMPLETED,5724.25,6044.32,2025-07-04,7
WO-LCQV1PVWGFJU,CA-CA-00000284,,2025-06-24,ROOFING,LOW,COMPLETED,5386.05,3446.16,2025-07-14,20
WO-F6ZAUKYTZ1IL,CA-NY-00000285,,2024-01-16,ROOFING,LOW,DEFERRED,11466.68,,,59
WO-5Q9FK5IGX6KW,CA-NY-00000285,,2024-01-26,HVAC,LOW,OPEN,296.14,,,66
WO-OO2JGJ5JFQD3,CA-NY-00000285,,2024-02-17,ROOFING,EMERGENCY,OPEN,8832.59,,,94
WO-DJYZQKQRIHEB,CA-NY-00000285,,2024-02-01,LANDSCAPING,MEDIUM,DEFERRED,9065.65,,,39
WO-XPUMVADLZCT2,CA-NY-00000285,,2024-02-09,ELECTRICAL,MEDIUM,COMPLETED,8209.44,11390.15,2024-02-16,7
WO-9KH0XF3147GM,CA-NY-00000285,,2024-04-19,HVAC,LOW,DEFERRED,7804.8,,,22
WO-1O7L8ZE5UXHN,CA-NY-00000285,,2024-04-14,HVAC,MEDIUM,COMPLETED,7032.25,3217.69,2024-04-27,13
WO-HPAKFPJF4IGT,CA-NY-00000285,,2024-04-17,ELECTRICAL,LOW,COMPLETED,8502.9,3252.82,2024-04-24,7
WO-8WSSNBDXK3ET,CA-NY-00000285,,2024-04-06,PLUMBING,MEDIUM,DEFERRED,8889.93,,,23
WO-NAXWO9BKAH4S,CA-NY-00000285,,2024-04-23,ELECTRICAL,EMERGENCY,OPEN,11923.88,,,94
WO-03GLWOPIHFSD,CA-NY-00000285,,2024-04-10,ELECTRICAL,HIGH,COMPLETED,6294.39,4598.93,2024-05-01,21
WO-2IEOV4DD3JKN,CA-NY-00000285,,2024-05-26,STRUCTURAL,MEDIUM,DEFERRED,14739.07,,,113
WO-04H5XRIO6Q8F,CA-NY-00000285,,2024-05-26,STRUCTURAL,HIGH,COMPLETED,11031.56,4059.86,2024-06-03,8
WO-7LOK5VJ7DSVR,CA-NY-00000285,,2024-05-24,PLUMBING,MEDIUM,DEFERRED,4260.34,,,143
WO-8JBAXE02TXY5,CA-NY-00000285,,2024-05-28,PLUMBING,HIGH,COMPLETED,6084.48,7803.81,2024-05-29,1
WO-0VB1JIXRKYBH,CA-NY-00000285,,2024-06-16,HVAC,MEDIUM,COMPLETED,8780.16,4790.98,2024-07-05,19
WO-71AGFWWZJPV0,CA-NY-00000285,,2024-06-01,STRUCTURAL,MEDIUM,OPEN,4763.32,,,102
WO-RK8YX19DKZO4,CA-NY-00000285,,2024-06-06,PLUMBING,EMERGENCY,DEFERRED,3249.01,,,29
WO-HV5FXJAH1JF5,CA-NY-00000285,,2024-06-25,LANDSCAPING,MEDIUM,OPEN,2209.33,,,325
WO-XQZH884HUGIP,CA-NY-00000285,,2024-07-16,GENERAL,MEDIUM,COMPLETED,11808.82,9937.69,2024-07-25,9
WO-46D0PPMSWJ2Q,CA-NY-00000285,,2024-07-25,ROOFING,LOW,OPEN,7940.97,,,124
WO-54FOJBC7LT1K,CA-NY-00000285,,2024-07-18,PLUMBING,MEDIUM,DEFERRED,6532.08,,,107
WO-96LPYU9NNY78,CA-NY-00000285,,2024-08-01,HVAC,MEDIUM,COMPLETED,11689.67,10584.0,2024-08-05,4
WO-JUGOQ7Y81DM4,CA-NY-00000285,,2024-08-11,HVAC,MEDIUM,OPEN,9190.14,,,31
WO-ZSAHMR6WWK9O,CA-NY-00000285,,2024-08-15,ELECTRICAL,MEDIUM,OPEN,9263.22,,,48
WO-JSJAR9QZTTIR,CA-NY-00000285,,2024-08-26,LANDSCAPING,MEDIUM,COMPLETED,8374.94,7479.77,2024-08-29,3
WO-LQPW2OZ5VLF8,CA-NY-00000285,,2024-08-01,ELECTRICAL,HIGH,COMPLETED,8494.4,11686.42,2024-08-03,2
WO-WDCI4T4OVIJQ,CA-NY-00000285,,2024-08-22,ELEVATOR,MEDIUM,OPEN,5671.12,,,9
WO-CCNA49MFHOLD,CA-NY-00000285,,2024-09-18,HVAC,MEDIUM,DEFERRED,2543.69,,,72
WO-7TA5NECBBYTJ,CA-NY-00000285,,2024-09-21,GENERAL,HIGH,DEFERRED,12194.83,,,60
WO-Z5WBINNDUDZ6,CA-NY-00000285,,2024-09-04,ELECTRICAL,MEDIUM,OPEN,8063.63,,,5
WO-4THKDLUU5I66,CA-NY-00000285,,2024-09-01,PLUMBING,LOW,DEFERRED,3218.73,,,19
WO-SPATTF1825Y7,CA-NY-00000285,,2024-09-17,PLUMBING,MEDIUM,COMPLETED,12122.65,5235.01,2024-09-22,5
WO-1Q92EJI30S3L,CA-NY-00000285,,2024-10-20,LANDSCAPING,MEDIUM,DEFERRED,8663.18,,,68
WO-B87KJ6E86B20,CA-NY-00000285,,2024-10-11,STRUCTURAL,HIGH,COMPLETED,8483.51,726.43,2024-10-22,11
WO-CVAFAI7LDBBH,CA-NY-00000285,,2024-10-06,HVAC,LOW,COMPLETED,6062.66,7141.26,2024-10-25,19
WO-GG605ALMIUI6,CA-NY-00000285,,2024-11-28,PLUMBING,MEDIUM,COMPLETED,5634.84,631.39,2024-12-17,19
WO-JS79CKSA4E0Q,CA-NY-00000285,,2024-11-07,PLUMBING,LOW,OPEN,4436.53,,,47
WO-NYZ6YLYYHZD6,CA-NY-00000285,,2024-11-10,STRUCTURAL,LOW,COMPLETED,7769.23,3458.14,2024-11-16,6
WO-S17ZN5CWDZI3,CA-NY-00000285,,2024-11-07,GENERAL,MEDIUM,COMPLETED,11010.83,6888.05,2024-11-20,13
WO-22DV0ZSK1SD4,CA-NY-00000285,,2024-11-26,LANDSCAPING,MEDIUM,OPEN,6738.88,,,90
WO-VCJDVTZJ3995,CA-NY-00000285,,2024-11-28,GENERAL,MEDIUM,COMPLETED,10156.4,4693.5,2024-12-10,12
WO-R511CMK08O42,CA-NY-00000285,,2024-12-19,ELECTRICAL,MEDIUM,DEFERRED,14378.65,,,88
WO-XG8IHW45II2M,CA-NY-00000285,,2024-12-19,LANDSCAPING,MEDIUM,COMPLETED,1243.68,6787.39,2024-12-31,12
WO-YKBYIJV1MGZU,CA-NY-00000285,,2024-12-12,GENERAL,MEDIUM,COMPLETED,11368.15,2381.58,2024-12-21,9
WO-N995HF999QDI,CA-NY-00000285,,2025-01-25,ELECTRICAL,HIGH,COMPLETED,6496.76,4912.0,2025-02-07,13
WO-UUZ6M1DTXMRH,CA-NY-00000285,,2025-01-27,GENERAL,MEDIUM,DEFERRED,1715.7,,,73
WO-JK1E16L877UJ,CA-NY-00000285,,2025-01-13,PLUMBING,MEDIUM,COMPLETED,7467.4,3780.87,2025-01-17,4
WO-HGLPWW93KRP1,CA-NY-00000285,,2025-01-18,LANDSCAPING,HIGH,DEFERRED,4810.67,,,47
WO-B65C0UI533MH,CA-NY-00000285,,2025-01-22,ROOFING,MEDIUM,OPEN,14499.3,,,236
WO-JKXQB3WGOIZ2,CA-NY-00000285,,2025-01-15,ELEVATOR,LOW,DEFERRED,14044.17,,,81
WO-J1DS5CKN2CFJ,CA-NY-00000285,,2025-02-08,LANDSCAPING,MEDIUM,COMPLETED,865.13,11683.57,2025-02-17,9
WO-KKS0903KEWR9,CA-NY-00000285,,2025-02-22,GENERAL,LOW,COMPLETED,1766.1,5626.5,2025-02-24,2
WO-PUEOIEC8MEEV,CA-NY-00000285,,2025-02-28,HVAC,MEDIUM,COMPLETED,13713.27,9467.39,2025-03-14,14
WO-Y6EXHTVFXM8Y,CA-NY-00000285,,2025-03-22,PLUMBING,LOW,OPEN,5614.33,,,99
WO-0UAE9FAWU7ZP,CA-NY-00000285,,2025-03-06,ELECTRICAL,LOW,COMPLETED,12934.96,2664.98,2025-03-20,14
WO-OLZJX3D8M2WN,CA-NY-00000285,,2025-03-24,GENERAL,LOW,DEFERRED,5000.81,,,34
WO-PP3MBTNOBGO7,CA-NY-00000285,,2025-03-26,HVAC,LOW,OPEN,4578.34,,,130
WO-OC60XQETRTVZ,CA-NY-00000285,,2025-03-12,GENERAL,MEDIUM,DEFERRED,5874.21,,,74
WO-Y7PHIMN6O1B2,CA-NY-00000285,,2025-03-21,HVAC,HIGH,OPEN,13276.91,,,8
WO-VSN7NZ7Q5AC9,CA-NY-00000285,,2025-04-09,STRUCTURAL,LOW,COMPLETED,8352.89,2540.28,2025-04-15,6
WO-MHYB6BCF3Y8L,CA-NY-00000285,,2025-04-04,ROOFING,EMERGENCY,OPEN,9885.95,,,39
WO-KJFC6722GMAP,CA-NY-00000285,,2025-04-19,HVAC,LOW,DEFERRED,2415.44,,,83
WO-D6DN8J1GNEZW,CA-NY-00000285,,2025-04-14,HVAC,MEDIUM,DEFERRED,5681.37,,,116
WO-HVC7HH3I9NQN,CA-NY-00000285,,2025-04-16,HVAC,MEDIUM,DEFERRED,2828.51,,,63
WO-MDI4II55QM6U,CA-NY-00000285,,2025-04-13,PLUMBING,HIGH,COMPLETED,3971.36,1222.33,2025-05-03,20
WO-A0DLBNU8SXS5,CA-NY-00000285,,2025-05-07,HVAC,LOW,DEFERRED,6061.8,,,47
WO-1V77GCJ3SWTZ,CA-NY-00000285,,2025-05-06,LANDSCAPING,MEDIUM,OPEN,427.32,,,90
WO-RHDSEIPOHL6X,CA-NY-00000285,,2025-05-01,HVAC,MEDIUM,COMPLETED,1392.39,11437.27,2025-05-19,18
WO-UHMQCY8BA62X,CA-NY-00000285,,2025-05-09,LANDSCAPING,HIGH,COMPLETED,11953.91,11403.36,2025-05-14,5
WO-0QFE79AYC0B8,CA-NY-00000285,,2025-05-14,GENERAL,MEDIUM,OPEN,6442.0,,,103
WO-GQWC2CCKLYHV,CA-NY-00000285,,2025-05-03,PLUMBING,HIGH,COMPLETED,2255.58,11266.52,2025-05-10,7
WO-5LWW8CF98LK0,CA-NY-00000285,,2025-05-25,PLUMBING,MEDIUM,COMPLETED,13567.56,927.68,2025-06-15,21
WO-TYO3ZQW53UKV,CA-NY-00000285,,2025-05-19,LANDSCAPING,MEDIUM,DEFERRED,5142.66,,,50
WO-75IL7H7I2ZLO,CA-NY-00000285,,2025-05-13,PLUMBING,LOW,OPEN,13871.34,,,101
WO-HO5P4TN2JCNY,CA-NY-00000285,,2025-06-24,HVAC,MEDIUM,OPEN,4747.91,,,38
WO-YOHC1S5Y0Q9L,CA-NY-00000285,,2025-06-17,ROOFING,MEDIUM,OPEN,14500.33,,,19
WO-QWBAYMMDP9PP,CA-NY-00000285,,2025-06-18,ELECTRICAL,EMERGENCY,COMPLETED,3606.94,8433.27,2025-07-01,13
WO-0R98BAQ3XBTD,CA-NY-00000285,,2025-06-20,LANDSCAPING,MEDIUM,OPEN,8946.97,,,66
WO-2BJ5N9R49A6I,CA-TX-00000286,,2024-01-05,PLUMBING,MEDIUM,COMPLETED,4281.25,8068.76,2024-01-15,10
WO-19UWNQ9AO8A9,CA-TX-00000286,,2024-02-12,PLUMBING,HIGH,COMPLETED,10646.98,5815.5,2024-02-29,17
WO-6FVMFS8P57YU,CA-TX-00000286,,2024-02-23,ELECTRICAL,MEDIUM,COMPLETED,8187.06,7692.45,2024-03-15,21
WO-FWV16T59S3GF,CA-TX-00000286,,2024-03-14,LANDSCAPING,LOW,COMPLETED,10550.22,11958.42,2024-03-27,13
WO-S96AUT9JJV4M,CA-TX-00000286,,2024-06-08,LANDSCAPING,LOW,COMPLETED,8053.96,3034.99,2024-06-14,6
WO-44BEXLVYXHEO,CA-TX-00000286,,2024-07-22,ELEVATOR,MEDIUM,COMPLETED,9706.2,198.71,2024-08-09,18
WO-DI0Q1CCF3ZSA,CA-TX-00000286,,2024-07-13,STRUCTURAL,MEDIUM,COMPLETED,7498.21,7764.89,2024-07-16,3
WO-KSMNUHHZDJUV,CA-TX-00000286,,2024-08-25,ELECTRICAL,LOW,COMPLETED,1876.96,5517.78,2024-09-05,11
WO-GCAGVEGOIH83,CA-TX-00000286,,2024-09-22,ELECTRICAL,MEDIUM,COMPLETED,6832.7,6171.15,2024-10-04,12
WO-D8ZFZMCFSSUY,CA-TX-00000286,,2024-09-10,HVAC,MEDIUM,COMPLETED,3283.72,5214.98,2024-09-26,16
WO-XWHFR7ULF9PK,CA-TX-00000286,,2024-10-16,ROOFING,HIGH,COMPLETED,9035.11,11842.6,2024-11-02,17
WO-P0K2NCOXHLXE,CA-TX-00000286,,2025-01-24,LANDSCAPING,LOW,COMPLETED,13290.43,8433.71,2025-01-26,2
WO-1IKOC1Y33GBS,CA-TX-00000286,,2025-02-10,LANDSCAPING,MEDIUM,COMPLETED,12596.7,5660.01,2025-02-11,1
WO-TTZGWH55H4PE,CA-TX-00000286,,2025-03-08,ROOFING,LOW,COMPLETED,12582.92,8499.94,2025-03-13,5
WO-CKHR7LA31ACF,CA-TX-00000286,,2025-04-23,HVAC,LOW,COMPLETED,1476.16,6689.19,2025-05-02,9
WO-5Z494SJSU4UX,CA-TX-00000286,,2025-05-21,LANDSCAPING,MEDIUM,COMPLETED,5054.91,6823.43,2025-06-05,15
WO-LQYMD54ZH2VQ,CA-IL-00000287,,2024-01-15,PLUMBING,HIGH,COMPLETED,4194.08,3507.3,2024-01-19,4
WO-9F9H9J0FGV0K,CA-IL-00000287,,2024-02-11,HVAC,LOW,COMPLETED,2802.78,6880.98,2024-02-14,3
WO-UCB76M29TQR1,CA-IL-00000287,,2024-03-22,ELECTRICAL,HIGH,COMPLETED,1198.49,4865.82,2024-03-29,7
WO-51F88PYGU2FY,CA-IL-00000287,,2024-06-02,HVAC,MEDIUM,COMPLETED,3109.88,10059.64,2024-06-11,9
WO-KKXUXUEZLD3N,CA-IL-00000287,,2024-06-19,PLUMBING,LOW,COMPLETED,8944.86,3583.86,2024-06-24,5
WO-6UVVXWEYH6I6,CA-IL-00000287,,2024-07-22,PLUMBING,LOW,COMPLETED,13277.48,8763.91,2024-08-04,13
WO-UNXQDKBII5N7,CA-IL-00000287,,2024-09-10,HVAC,HIGH,COMPLETED,1308.32,3672.97,2024-09-24,14
WO-ABHYARF6EM1P,CA-IL-00000287,,2024-10-27,ROOFING,MEDIUM,COMPLETED,6468.98,11204.29,2024-11-12,16
WO-TA130Z87G4FA,CA-IL-00000287,,2024-11-05,ROOFING,HIGH,COMPLETED,3126.85,4376.83,2024-11-24,19
WO-I2LPR00028UY,CA-IL-00000287,,2024-12-17,ROOFING,HIGH,OPEN,5004.35,,,64
WO-SEOKABHVAR62,CA-IL-00000287,,2024-12-19,ELECTRICAL,HIGH,COMPLETED,14509.52,826.19,2024-12-27,8
WO-I8DM73Z6H7IM,CA-IL-00000287,,2025-02-14,ROOFING,EMERGENCY,COMPLETED,3996.12,5136.66,2025-02-26,12
WO-WFZOFFGWXWRK,CA-IL-00000287,,2025-03-16,LANDSCAPING,HIGH,COMPLETED,12818.46,7616.76,2025-03-19,3
WO-ZF0TSA4VDI4M,CA-IL-00000287,,2025-05-08,ELEVATOR,MEDIUM,COMPLETED,11596.76,9444.03,2025-05-17,9
WO-4T3YJQ684POS,CA-IL-00000288,,2024-01-20,PLUMBING,LOW,COMPLETED,10347.15,7983.18,2024-02-01,12
WO-5WEVIKO0044X,CA-IL-00000288,,2024-04-09,HVAC,MEDIUM,COMPLETED,14037.65,10128.39,2024-04-28,19
WO-H5N1336PQJUA,CA-IL-00000288,,2024-05-26,LANDSCAPING,MEDIUM,COMPLETED,6921.99,264.45,2024-06-16,21
WO-VYAPPL1E1L3R,CA-IL-00000288,,2024-06-18,ELEVATOR,LOW,COMPLETED,12470.66,928.79,2024-07-01,13
WO-0OZQLQ95KNMR,CA-IL-00000288,,2024-10-02,STRUCTURAL,MEDIUM,COMPLETED,7233.14,4945.63,2024-10-15,13
WO-ICM4VRHD7TCR,CA-IL-00000288,,2024-11-23,HVAC,MEDIUM,COMPLETED,14326.73,3643.38,2024-11-29,6
WO-E8Z6BVP4QPU0,CA-IL-00000288,,2024-11-12,GENERAL,LOW,COMPLETED,5668.25,5332.72,2024-11-20,8
WO-YYQBRWEQ9T1F,CA-IL-00000288,,2024-12-12,GENERAL,LOW,COMPLETED,3837.84,1584.97,2024-12-17,5
WO-8Q8DQWVR177P,CA-IL-00000288,,2025-01-24,ELEVATOR,MEDIUM,COMPLETED,1583.58,478.39,2025-02-12,19
WO-BSSJ1NMU0GOM,CA-IL-00000288,,2025-02-09,GENERAL,MEDIUM,COMPLETED,14698.67,8286.79,2025-02-15,6
WO-0K9DF0TQEICQ,CA-IL-00000288,,2025-02-03,LANDSCAPING,LOW,COMPLETED,2247.81,6609.07,2025-02-19,16
WO-S3973YMXCJW0,CA-IL-00000288,,2025-04-24,ELECTRICAL,MEDIUM,COMPLETED,825.88,2948.41,2025-05-11,17
WO-HKH0RZH55SGV,CA-IL-00000288,,2025-05-19,ELECTRICAL,MEDIUM,COMPLETED,11951.16,8848.28,2025-05-22,3
WO-TH0EOQKTQ4E8,CA-IL-00000288,,2025-05-01,GENERAL,MEDIUM,COMPLETED,13704.61,1561.3,2025-05-10,9
WO-4RLE116Z7590,CA-IL-00000288,,2025-06-03,ROOFING,LOW,COMPLETED,4033.94,8067.69,2025-06-21,18
WO-MVZKV3QI3RB9,CA-IL-00000288,,2025-06-09,ROOFING,MEDIUM,COMPLETED,7983.1,1649.04,2025-06-14,5
WO-GNNV250IDX7A,CA-VA-00000289,,2024-01-23,PLUMBING,LOW,OPEN,12254.42,,,74
WO-V0247Q1EABSM,CA-VA-00000289,,2024-02-01,LANDSCAPING,LOW,COMPLETED,12610.26,6618.55,2024-02-02,1
WO-FR75MB8N4HAN,CA-VA-00000289,,2024-02-17,PLUMBING,MEDIUM,COMPLETED,1336.96,6950.52,2024-03-08,20
WO-R6M63ANC4X49,CA-VA-00000289,,2024-02-10,HVAC,LOW,COMPLETED,13497.34,761.59,2024-02-16,6
WO-OC576NNDBLH5,CA-VA-00000289,,2024-02-15,HVAC,HIGH,COMPLETED,2494.6,1638.32,2024-02-25,10
WO-ZDXQFE7M4UFZ,CA-VA-00000289,,2024-02-19,GENERAL,HIGH,COMPLETED,9724.92,9684.54,2024-02-28,9
WO-D97YFCURA2SY,CA-VA-00000289,,2024-03-02,PLUMBING,MEDIUM,COMPLETED,10386.08,10023.92,2024-03-10,8
WO-PHKXF2JFBUXI,CA-VA-00000289,,2024-03-23,LANDSCAPING,LOW,COMPLETED,10177.28,5837.99,2024-03-24,1
WO-KH37NF1PWU34,CA-VA-00000289,,2024-03-28,PLUMBING,HIGH,COMPLETED,8796.03,7516.46,2024-04-03,6
WO-DGRDBFH7H312,CA-VA-00000289,,2024-03-14,GENERAL,LOW,DEFERRED,9746.36,,,30
WO-NSLCXPSA8QBB,CA-VA-00000289,,2024-03-05,LANDSCAPING,HIGH,COMPLETED,3898.99,1772.93,2024-03-18,13
WO-AG5RXAIO2JT1,CA-VA-00000289,,2024-03-01,ROOFING,MEDIUM,OPEN,7027.43,,,27
WO-LPQDOBGP79RZ,CA-VA-00000289,,2024-03-14,LANDSCAPING,EMERGENCY,OPEN,13777.84,,,31
WO-8CMY1XQY5LJ3,CA-VA-00000289,,2024-04-25,PLUMBING,HIGH,OPEN,14656.55,,,104
WO-0FGS8WK44RRX,CA-VA-00000289,,2024-04-01,PLUMBING,HIGH,DEFERRED,10958.19,,,21
WO-9L29TAVFCF28,CA-VA-00000289,,2024-04-11,HVAC,HIGH,COMPLETED,11121.46,7603.88,2024-04-16,5
WO-LV50N47DFXIP,CA-VA-00000289,,2024-04-02,ROOFING,LOW,DEFERRED,10036.44,,,33
WO-CIK1PV7R7YKN,CA-VA-00000289,,2024-05-21,STRUCTURAL,LOW,OPEN,10315.62,,,122
WO-RJP4RN6Y0F0U,CA-VA-00000289,,2024-06-10,PLUMBING,LOW,OPEN,6701.31,,,42
WO-KZYRZRC588W8,CA-VA-00000289,,2024-06-15,PLUMBING,MEDIUM,OPEN,3626.72,,,43
WO-W8RJY286NUUR,CA-VA-00000289,,2024-06-24,ELECTRICAL,LOW,OPEN,9311.77,,,78
WO-QC08459XPCAO,CA-VA-00000289,,2024-06-26,ROOFING,MEDIUM,COMPLETED,7724.1,11786.74,2024-06-29,3
WO-K2GSEJQTGDB7,CA-VA-00000289,,2024-06-27,ROOFING,HIGH,OPEN,7972.81,,,177
WO-Q7DPHRD08N5Z,CA-VA-00000289,,2024-06-08,STRUCTURAL,MEDIUM,DEFERRED,4524.36,,,75
WO-6JRN8XUOJGEM,CA-VA-00000289,,2024-06-22,GENERAL,HIGH,COMPLETED,4227.38,4286.56,2024-06-23,1
WO-78HSGEBU8ZCA,CA-VA-00000289,,2024-06-06,PLUMBING,HIGH,DEFERRED,11405.01,,,31
WO-2KWHOTQCKB2H,CA-VA-00000289,,2024-07-01,ELEVATOR,MEDIUM,DEFERRED,4966.58,,,22
WO-GIQ3JMYCXB3H,CA-VA-00000289,,2024-08-15,GENERAL,MEDIUM,OPEN,5857.32,,,32
WO-YTPJUE6OPGBT,CA-VA-00000289,,2024-08-20,HVAC,MEDIUM,COMPLETED,5448.7,8713.28,2024-09-01,12
WO-V4CYGEK0CRGH,CA-VA-00000289,,2024-08-07,LANDSCAPING,MEDIUM,COMPLETED,2541.7,10741.31,2024-08-28,21
WO-DLC1KFXYB3VC,CA-VA-00000289,,2024-08-18,PLUMBING,MEDIUM,COMPLETED,3082.4,7122.61,2024-09-02,15
WO-RU2V42I9OLG5,CA-VA-00000289,,2024-08-07,HVAC,HIGH,COMPLETED,11346.06,3167.97,2024-08-18,11
WO-QDVUV9U1JZ0Q,CA-VA-00000289,,2024-09-19,PLUMBING,HIGH,OPEN,13093.25,,,35
WO-DMKXTY6MEIG8,CA-VA-00000289,,2024-09-12,ROOFING,LOW,OPEN,426.43,,,23
WO-Q0JLKNA05Y4K,CA-VA-00000289,,2024-09-12,PLUMBING,LOW,OPEN,5435.97,,,21
WO-58Z4QG58EX2U,CA-VA-00000289,,2024-09-27,GENERAL,MEDIUM,COMPLETED,1238.03,5708.54,2024-10-10,13
WO-AYUTM1LAFKU0,CA-VA-00000289,,2024-09-05,GENERAL,LOW,OPEN,284.14,,,190
WO-612Q62PU1EKN,CA-VA-00000289,,2024-10-16,HVAC,MEDIUM,DEFERRED,7465.98,,,217
WO-YKN1NB90CX3S,CA-VA-00000289,,2024-10-21,GENERAL,HIGH,OPEN,13092.58,,,84
WO-F4AL6O94C90U,CA-VA-00000289,,2024-10-27,PLUMBING,MEDIUM,DEFERRED,4968.23,,,38
WO-AJE7MUM0OE3T,CA-VA-00000289,,2024-10-18,STRUCTURAL,LOW,OPEN,7402.95,,,157
WO-HSO54LO4WX9C,CA-VA-00000289,,2024-10-02,LANDSCAPING,LOW,COMPLETED,13593.02,9617.54,2024-10-20,18
WO-K4DT78FAVZUV,CA-VA-00000289,,2024-10-09,PLUMBING,MEDIUM,COMPLETED,9402.79,11632.3,2024-10-30,21
WO-FBK4KVWW253E,CA-VA-00000289,,2024-10-15,ROOFING,MEDIUM,COMPLETED,9229.94,3971.23,2024-10-29,14
WO-3I8HI9J1V4VP,CA-VA-00000289,,2024-11-12,PLUMBING,LOW,DEFERRED,7621.27,,,65
WO-NBHE48PO0EXH,CA-VA-00000289,,2024-11-24,LANDSCAPING,HIGH,DEFERRED,206.39,,,52
WO-QJ65VTQCMXF5,CA-VA-00000289,,2024-11-16,ELEVATOR,HIGH,OPEN,5865.19,,,5
WO-IH02FFVOWSYM,CA-VA-00000289,,2024-11-22,LANDSCAPING,MEDIUM,DEFERRED,10937.13,,,197
WO-Z9UD3NKI0D1A,CA-VA-00000289,,2024-11-17,STRUCTURAL,MEDIUM,OPEN,11430.03,,,80
WO-FF8VAQJFZNRU,CA-VA-00000289,,2024-12-07,PLUMBING,MEDIUM,DEFERRED,12390.9,,,51
WO-4JZTELPKKQZL,CA-VA-00000289,,2024-12-09,PLUMBING,MEDIUM,DEFERRED,2934.63,,,62
WO-3KWF7FESDIHD,CA-VA-00000289,,2024-12-06,LANDSCAPING,HIGH,COMPLETED,2177.13,8308.03,2024-12-26,20
WO-5H3FVU6LBW9G,CA-VA-00000289,,2024-12-11,PLUMBING,LOW,COMPLETED,8042.78,2481.97,2024-12-22,11
WO-YKL6PQBXWAD1,CA-VA-00000289,,2024-12-18,HVAC,MEDIUM,OPEN,8849.97,,,33
WO-LCZYJ9Q3R99A,CA-VA-00000289,,2024-12-14,PLUMBING,MEDIUM,DEFERRED,4220.35,,,89
WO-A9AJJRD7L6JT,CA-VA-00000289,,2025-01-15,ELECTRICAL,MEDIUM,DEFERRED,2095.08,,,63
WO-JWUNKHSGHT5G,CA-VA-00000289,,2025-01-26,PLUMBING,MEDIUM,OPEN,13197.15,,,85
WO-IHEGQXONZMDD,CA-VA-00000289,,2025-02-11,ELECTRICAL,HIGH,COMPLETED,8859.55,4872.13,2025-02-16,5
WO-GGN8NJMWTVJN,CA-VA-00000289,,2025-02-15,ELEVATOR,LOW,COMPLETED,1056.73,11533.82,2025-02-21,6
WO-3OFF99ZYXG7H,CA-VA-00000289,,2025-02-06,PLUMBING,MEDIUM,COMPLETED,14220.48,10534.75,2025-02-23,17
WO-GF2SD7HTLA19,CA-VA-00000289,,2025-02-06,LANDSCAPING,MEDIUM,COMPLETED,6556.42,4457.35,2025-02-27,21
WO-QRYGI8MSLZ5M,CA-VA-00000289,,2025-02-07,HVAC,LOW,COMPLETED,5330.74,9070.81,2025-02-26,19
WO-KNGUTT0WH446,CA-VA-00000289,,2025-03-24,LANDSCAPING,MEDIUM,DEFERRED,13127.59,,,24
WO-YRJMGECKL69O,CA-VA-00000289,,2025-03-20,GENERAL,MEDIUM,OPEN,11666.22,,,25
WO-5VKLOZ41UP9J,CA-VA-00000289,,2025-03-22,PLUMBING,MEDIUM,COMPLETED,5492.95,8828.89,2025-04-09,18
WO-YB46C6752WCU,CA-VA-00000289,,2025-03-16,PLUMBING,LOW,DEFERRED,4743.4,,,65
WO-53XGKX4CZZQ4,CA-VA-00000289,,2025-03-21,GENERAL,LOW,COMPLETED,3729.56,8958.7,2025-03-22,1
WO-FB06LZ2KN25F,CA-VA-00000289,,2025-03-17,HVAC,MEDIUM,DEFERRED,7870.79,,,93
WO-17Q71GJG4YBB,CA-VA-00000289,,2025-04-13,PLUMBING,MEDIUM,COMPLETED,9793.54,749.3,2025-04-15,2
WO-QH96BG4NMG7W,CA-VA-00000289,,2025-05-21,STRUCTURAL,EMERGENCY,OPEN,4154.08,,,35
WO-RBKI8KRD375K,CA-VA-00000289,,2025-05-12,GENERAL,HIGH,DEFERRED,9417.84,,,46
WO-4PS35KUT2YW1,CA-VA-00000289,,2025-05-02,LANDSCAPING,MEDIUM,DEFERRED,12269.33,,,18
WO-ZZKS6ZMP22AF,CA-VA-00000289,,2025-05-14,ROOFING,LOW,OPEN,4243.11,,,27
WO-QY8XZS2MF1B5,CA-VA-00000289,,2025-05-18,ROOFING,LOW,OPEN,8308.34,,,118
WO-GN3JXES7T9ZI,CA-VA-00000289,,2025-05-21,ROOFING,MEDIUM,DEFERRED,2132.44,,,56
WO-I9DVLUOXVMR3,CA-VA-00000289,,2025-06-04,ROOFING,MEDIUM,COMPLETED,9469.54,9569.74,2025-06-05,1
WO-0GIC658Z1LB3,CA-VA-00000289,,2025-06-19,ELECTRICAL,LOW,OPEN,4832.4,,,49
WO-LE13P3EIIBIA,CA-VA-00000289,,2025-06-01,PLUMBING,EMERGENCY,OPEN,5231.58,,,80
WO-IPQNE70EYE8I,CA-VA-00000289,,2025-06-03,PLUMBING,LOW,COMPLETED,5038.45,11658.16,2025-06-17,14
WO-12H5AGSAAI5J,CA-FL-00000290,,2024-01-25,ROOFING,MEDIUM,COMPLETED,3355.75,10463.73,2024-02-01,7
WO-3O1XLC13ODDD,CA-FL-00000290,,2024-01-11,GENERAL,MEDIUM,COMPLETED,14631.92,10488.58,2024-01-20,9
WO-ENDGBZZF3RJ4,CA-FL-00000290,,2024-01-06,PLUMBING,HIGH,OPEN,4009.38,,,51
WO-DGUXH7VVVLCH,CA-FL-00000290,,2024-02-13,ELECTRICAL,MEDIUM,COMPLETED,8463.92,9388.44,2024-02-25,12
WO-H7EG96AHDWXB,CA-FL-00000290,,2024-02-01,HVAC,HIGH,COMPLETED,12089.86,8690.67,2024-02-06,5
WO-E8Q12SA3JF8T,CA-FL-00000290,,2024-02-07,LANDSCAPING,MEDIUM,OPEN,9418.29,,,118
WO-BRKBGZMOG7FK,CA-FL-00000290,,2024-02-06,HVAC,HIGH,COMPLETED,1271.65,8577.64,2024-02-18,12
WO-HOG89AUOAOU6,CA-FL-00000290,,2024-03-12,PLUMBING,EMERGENCY,COMPLETED,10049.5,3463.08,2024-03-18,6
WO-WQQL17QNLVVB,CA-FL-00000290,,2024-03-03,LANDSCAPING,LOW,COMPLETED,959.31,8495.9,2024-03-09,6
WO-DIVUXEO5TOMT,CA-FL-00000290,,2024-03-25,ELECTRICAL,LOW,COMPLETED,10064.43,4933.58,2024-04-04,10
WO-HB2280F958UG,CA-FL-00000290,,2024-04-11,ROOFING,LOW,DEFERRED,5633.27,,,92
WO-EA0P4JQ17HLF,CA-FL-00000290,,2024-04-04,GENERAL,MEDIUM,COMPLETED,5433.79,435.18,2024-04-05,1
WO-6OJBME3MROVL,CA-FL-00000290,,2024-05-25,STRUCTURAL,MEDIUM,COMPLETED,5045.21,9844.42,2024-06-01,7
WO-IB0AO1JAMDM4,CA-FL-00000290,,2024-05-26,PLUMBING,MEDIUM,COMPLETED,14825.65,10336.63,2024-06-07,12
WO-3EGUH5ZPMEZA,CA-FL-00000290,,2024-05-25,HVAC,EMERGENCY,DEFERRED,7318.67,,,127
WO-3098KDWEVY0M,CA-FL-00000290,,2024-06-09,PLUMBING,HIGH,COMPLETED,13132.82,2368.3,2024-06-15,6
WO-P9YWULGL0NFQ,CA-FL-00000290,,2024-06-19,PLUMBING,LOW,COMPLETED,702.59,10616.82,2024-07-04,15
WO-TICE05OU3K79,CA-FL-00000290,,2024-06-27,GENERAL,MEDIUM,COMPLETED,11445.16,8986.67,2024-07-12,15
WO-CA9IYRSUJYGH,CA-FL-00000290,,2024-06-02,ROOFING,HIGH,COMPLETED,9730.35,3983.33,2024-06-18,16
WO-R5HVW1B19G6T,CA-FL-00000290,,2024-07-20,HVAC,HIGH,OPEN,494.76,,,22
WO-9EEATY2RBM6J,CA-FL-00000290,,2024-08-22,ELECTRICAL,MEDIUM,OPEN,5944.8,,,119
WO-FQ1BQKPUOH8M,CA-FL-00000290,,2024-10-28,LANDSCAPING,LOW,COMPLETED,9462.62,3985.16,2024-11-08,11
WO-T4FTKZBOXD6F,CA-FL-00000290,,2024-10-14,LANDSCAPING,MEDIUM,COMPLETED,13552.37,11868.51,2024-10-24,10
WO-7KFBWRXX3Y0U,CA-FL-00000290,,2024-10-07,ROOFING,MEDIUM,DEFERRED,5853.87,,,72
WO-2KGKCWJDUGD4,CA-FL-00000290,,2024-11-16,HVAC,LOW,DEFERRED,5628.8,,,63
WO-C42N68RGFTGA,CA-FL-00000290,,2024-11-19,PLUMBING,MEDIUM,OPEN,7477.92,,,18
WO-PRI42XEH9C8J,CA-FL-00000290,,2024-11-17,LANDSCAPING,LOW,COMPLETED,7236.39,8779.34,2024-11-21,4
WO-IXUMK5LKACNZ,CA-FL-00000290,,2024-11-09,GENERAL,LOW,OPEN,11406.69,,,25
WO-Z6XIBM92EZKQ,CA-FL-00000290,,2024-12-25,PLUMBING,MEDIUM,COMPLETED,7626.32,4960.53,2025-01-08,14
WO-PUHMAQUL8QR0,CA-FL-00000290,,2025-01-06,PLUMBING,MEDIUM,OPEN,6455.57,,,47
WO-49IAJN4KWK8W,CA-FL-00000290,,2025-01-05,HVAC,MEDIUM,OPEN,12615.54,,,21
WO-BI9RG6JXE57L,CA-FL-00000290,,2025-02-05,GENERAL,MEDIUM,COMPLETED,472.9,10917.91,2025-02-09,4
WO-3QITJ8YY61FO,CA-FL-00000290,,2025-02-25,ELEVATOR,HIGH,COMPLETED,2016.91,9628.56,2025-03-02,5
WO-PG67AIO9LZAT,CA-FL-00000290,,2025-02-05,PLUMBING,MEDIUM,DEFERRED,8523.93,,,18
WO-8IWKLNPK7MJR,CA-FL-00000290,,2025-02-26,STRUCTURAL,MEDIUM,COMPLETED,13157.03,5874.49,2025-02-28,2
WO-4GB56V8TJ2EP,CA-FL-00000290,,2025-03-09,ROOFING,LOW,COMPLETED,12502.73,8625.54,2025-03-23,14
WO-K9RL3ICTC5QU,CA-FL-00000290,,2025-03-12,PLUMBING,MEDIUM,COMPLETED,4082.44,3970.44,2025-03-23,11
WO-44BZIXX39BT8,CA-FL-00000290,,2025-03-20,STRUCTURAL,MEDIUM,COMPLETED,6618.89,11441.31,2025-03-30,10
WO-SC1P599NEV6Z,CA-FL-00000290,,2025-03-07,PLUMBING,MEDIUM,OPEN,3784.4,,,140
WO-X9BF4J4XWWDR,CA-FL-00000290,,2025-04-18,PLUMBING,HIGH,COMPLETED,8881.18,5717.51,2025-04-30,12
WO-ZZOYMJK3MWDE,CA-FL-00000290,,2025-04-15,HVAC,HIGH,COMPLETED,5865.33,6733.26,2025-04-27,12
WO-V7A3WFZLR446,CA-FL-00000290,,2025-04-18,GENERAL,MEDIUM,DEFERRED,7078.59,,,31
WO-5YOHTKE7CTVY,CA-FL-00000290,,2025-04-22,STRUCTURAL,EMERGENCY,COMPLETED,1468.48,7181.85,2025-04-24,2
WO-1VWB9F5D2PDM,CA-FL-00000290,,2025-05-06,ROOFING,LOW,COMPLETED,5932.55,11036.03,2025-05-08,2
WO-0PYZHYTWBX4S,CA-FL-00000290,,2025-05-23,LANDSCAPING,HIGH,COMPLETED,6326.51,6386.69,2025-06-01,9
WO-3729V0B6KRS0,CA-FL-00000290,,2025-05-02,ROOFING,HIGH,DEFERRED,283.21,,,19
WO-FKW6F8OOBHNR,CA-FL-00000290,,2025-06-20,LANDSCAPING,HIGH,COMPLETED,2253.41,2288.22,2025-07-02,12
WO-5NKMS84TGV4G,CA-FL-00000290,,2025-06-17,STRUCTURAL,LOW,COMPLETED,7828.76,1674.8,2025-06-23,6
WO-1BT50C5ZMWHE,CA-FL-00000290,,2025-06-09,HVAC,EMERGENCY,COMPLETED,5470.6,1769.89,2025-06-19,10
WO-P63X2MV8LYKV,CA-FL-00000290,,2025-06-14,HVAC,LOW,DEFERRED,7664.05,,,51
WO-F1WDP5NOR0N2,CA-VA-00000291,,2024-01-21,LANDSCAPING,HIGH,DEFERRED,1540.87,,,20
WO-X5T9G2TZIRZE,CA-VA-00000291,,2024-01-20,HVAC,MEDIUM,OPEN,5519.7,,,7
WO-BJRJTADPM8UF,CA-VA-00000291,,2024-01-18,ELECTRICAL,LOW,OPEN,3344.45,,,23
WO-E0BAH1ZVK2S6,CA-VA-00000291,,2024-01-07,HVAC,HIGH,COMPLETED,1926.33,10486.48,2024-01-08,1
WO-U8KP3QQ6FCMS,CA-VA-00000291,,2024-02-28,LANDSCAPING,MEDIUM,DEFERRED,9665.52,,,39
WO-QTPML1RKP6L3,CA-VA-00000291,,2024-02-27,ELECTRICAL,MEDIUM,COMPLETED,13082.55,8175.09,2024-03-02,4
WO-WKB4164ZF7OI,CA-VA-00000291,,2024-02-28,HVAC,MEDIUM,DEFERRED,14222.39,,,47
WO-E9GQ6PZQUM39,CA-VA-00000291,,2024-02-23,HVAC,HIGH,DEFERRED,3102.07,,,92
WO-FPBKPYEMRJYC,CA-VA-00000291,,2024-02-03,GENERAL,HIGH,COMPLETED,13550.41,2920.55,2024-02-20,17
WO-7SXE73UA7HOR,CA-VA-00000291,,2024-02-21,PLUMBING,MEDIUM,COMPLETED,9760.78,11670.42,2024-03-13,21
WO-UUGPXQXBU71M,CA-VA-00000291,,2024-02-28,LANDSCAPING,MEDIUM,COMPLETED,8997.1,5795.03,2024-02-29,1
WO-YZLBREMYPF8T,CA-VA-00000291,,2024-03-21,PLUMBING,EMERGENCY,COMPLETED,1347.18,1110.43,2024-03-22,1
WO-X20U27PLFHXZ,CA-VA-00000291,,2024-03-01,HVAC,LOW,OPEN,10495.16,,,157
WO-SLSWN2KAAILB,CA-VA-00000291,,2024-03-04,STRUCTURAL,HIGH,OPEN,2654.04,,,25
WO-Z6JA598BUXEY,CA-VA-00000291,,2024-03-23,STRUCTURAL,MEDIUM,COMPLETED,8943.44,3627.73,2024-04-06,14
WO-6HPEZAGTX1D5,CA-VA-00000291,,2024-03-16,LANDSCAPING,LOW,COMPLETED,14889.15,1059.54,2024-04-06,21
WO-PVZKUPVEHQTF,CA-VA-00000291,,2024-03-08,STRUCTURAL,HIGH,DEFERRED,4369.88,,,11
WO-SP9S9BWT27GO,CA-VA-00000291,,2024-03-10,LANDSCAPING,LOW,COMPLETED,2633.46,4562.05,2024-03-11,1
WO-ZXOQPD7OPMZZ,CA-VA-00000291,,2024-03-23,GENERAL,MEDIUM,OPEN,8210.69,,,360
WO-T2PUQWQNVDK3,CA-VA-00000291,,2024-03-14,ELECTRICAL,MEDIUM,COMPLETED,13837.07,10432.16,2024-03-25,11
WO-TKL2WGT4BIMX,CA-VA-00000291,,2024-04-06,GENERAL,EMERGENCY,COMPLETED,14842.53,10735.18,2024-04-19,13
WO-I21FA2ESMK0C,CA-VA-00000291,,2024-04-24,ELECTRICAL,MEDIUM,OPEN,5425.78,,,63
WO-5A8WSNVYDRB3,CA-VA-00000291,,2024-04-04,HVAC,MEDIUM,DEFERRED,837.27,,,19
WO-1DUESW046HEN,CA-VA-00000291,,2024-04-20,HVAC,HIGH,COMPLETED,3805.62,1948.96,2024-04-23,3
WO-LIX304WDXUAF,CA-VA-00000291,,2024-04-10,HVAC,HIGH,DEFERRED,2379.43,,,117
WO-JLJVJIDYIIU7,CA-VA-00000291,,2024-04-10,GENERAL,MEDIUM,COMPLETED,5319.83,1655.89,2024-04-14,4
WO-RUKIDQT4A0UP,CA-VA-00000291,,2024-04-07,GENERAL,MEDIUM,COMPLETED,12024.89,5010.13,2024-04-24,17
WO-OF6C5I1AWKEO,CA-VA-00000291,,2024-04-16,GENERAL,HIGH,DEFERRED,4990.3,,,50
WO-COWCHUFPNOJJ,CA-VA-00000291,,2024-04-19,ELEVATOR,HIGH,OPEN,2570.61,,,49
WO-7214CQXDLPL5,CA-VA-00000291,,2024-04-13,ELECTRICAL,MEDIUM,DEFERRED,989.99,,,111
WO-B0F96E1ZJ3ND,CA-VA-00000291,,2024-05-28,ELECTRICAL,LOW,OPEN,12113.94,,,21
WO-WA4SMFA07OJ8,CA-VA-00000291,,2024-05-06,ELECTRICAL,MEDIUM,COMPLETED,14646.98,669.62,2024-05-16,10
WO-RWG91E3LIRC8,CA-VA-00000291,,2024-05-22,LANDSCAPING,EMERGENCY,COMPLETED,9690.5,976.79,2024-05-24,2
WO-T4J37C6JHLVP,CA-VA-00000291,,2024-05-04,GENERAL,LOW,COMPLETED,9608.38,7113.33,2024-05-16,12
WO-VC22NS7TZ6H1,CA-VA-00000291,,2024-05-24,GENERAL,MEDIUM,DEFERRED,10244.23,,,42
WO-QK76ADMGXM8E,CA-VA-00000291,,2024-05-24,GENERAL,MEDIUM,DEFERRED,2107.05,,,92
WO-69OLKSIFP53A,CA-VA-00000291,,2024-06-15,LANDSCAPING,LOW,DEFERRED,13349.99,,,67
WO-2MUZ87RPED7I,CA-VA-00000291,,2024-06-16,GENERAL,HIGH,OPEN,5195.88,,,115
WO-69SYY8JGWQYE,CA-VA-00000291,,2024-06-10,PLUMBING,LOW,COMPLETED,13082.51,3874.59,2024-06-27,17
WO-954FZTE1S9XT,CA-VA-00000291,,2024-06-15,GENERAL,LOW,OPEN,3560.92,,,40
WO-Z08535G7IUK0,CA-VA-00000291,,2024-06-06,ELEVATOR,LOW,COMPLETED,2533.94,1473.09,2024-06-25,19
WO-LPXD3AMXRMO9,CA-VA-00000291,,2024-06-20,ELECTRICAL,LOW,COMPLETED,12138.99,3971.0,2024-07-08,18
WO-5H1GI6WJCM3V,CA-VA-00000291,,2024-07-01,LANDSCAPING,MEDIUM,COMPLETED,2618.11,9601.7,2024-07-22,21
WO-REFL66TL62H9,CA-VA-00000291,,2024-07-24,STRUCTURAL,LOW,OPEN,5802.41,,,3
WO-X1R6ERKTVVDW,CA-VA-00000291,,2024-07-21,HVAC,HIGH,COMPLETED,7577.67,5406.12,2024-08-01,11
WO-KLR2PCITGDF4,CA-VA-00000291,,2024-07-07,PLUMBING,EMERGENCY,OPEN,4253.37,,,38
WO-P2EEVGXULU6R,CA-VA-00000291,,2024-07-13,PLUMBING,LOW,DEFERRED,2606.54,,,100
WO-FFVXSM8T7CF6,CA-VA-00000291,,2024-08-03,STRUCTURAL,EMERGENCY,OPEN,9477.41,,,37
WO-OFZLH5M14I1R,CA-VA-00000291,,2024-08-07,GENERAL,LOW,COMPLETED,12217.95,9226.33,2024-08-19,12
WO-SMJ4GYE7QHTU,CA-VA-00000291,,2024-08-22,GENERAL,LOW,OPEN,2013.97,,,23
WO-H1SW34UKCSOD,CA-VA-00000291,,2024-08-05,ELECTRICAL,LOW,COMPLETED,4375.14,2259.59,2024-08-26,21
WO-KE6OF4WP5SSJ,CA-VA-00000291,,2024-09-03,STRUCTURAL,MEDIUM,DEFERRED,10156.9,,,84
WO-36NY7J96TU42,CA-VA-00000291,,2024-09-24,HVAC,MEDIUM,OPEN,11476.91,,,105
WO-LI7FCHNP9CHL,CA-VA-00000291,,2024-09-16,ELECTRICAL,HIGH,COMPLETED,905.16,7158.1,2024-09-30,14
WO-VY4CU8090QP9,CA-VA-00000291,,2024-09-25,ELECTRICAL,MEDIUM,COMPLETED,5379.26,10219.69,2024-10-04,9
WO-0YHAV2F6YDOF,CA-VA-00000291,,2024-09-21,HVAC,EMERGENCY,COMPLETED,6112.06,2185.15,2024-10-12,21
WO-PB3LKJ73NJSU,CA-VA-00000291,,2024-09-25,ROOFING,LOW,DEFERRED,14437.35,,,13
WO-19DI1N6J7PEO,CA-VA-00000291,,2024-09-17,PLUMBING,EMERGENCY,DEFERRED,1181.87,,,48
WO-V20175YODK3T,CA-VA-00000291,,2024-10-24,LANDSCAPING,LOW,COMPLETED,9941.09,10090.62,2024-11-09,16
WO-P9EEUH0ISV1C,CA-VA-00000291,,2024-10-21,HVAC,LOW,OPEN,5610.74,,,43
WO-U0I06P8IUCWX,CA-VA-00000291,,2024-10-09,ELECTRICAL,MEDIUM,DEFERRED,8072.12,,,33
WO-TFEB4ECYFKY8,CA-VA-00000291,,2024-10-26,STRUCTURAL,LOW,OPEN,6400.67,,,41
WO-AN4CX16AEDH1,CA-VA-00000291,,2024-11-02,PLUMBING,EMERGENCY,DEFERRED,5359.5,,,11
WO-YUORD6132KP6,CA-VA-00000291,,2024-11-27,GENERAL,LOW,DEFERRED,12862.18,,,226
WO-C0F994E60FAS,CA-VA-00000291,,2024-11-22,LANDSCAPING,LOW,COMPLETED,14494.51,9618.81,2024-11-28,6
WO-SK9CUXH2MDXB,CA-VA-00000291,,2024-11-22,ROOFING,EMERGENCY,OPEN,6236.21,,,80
WO-SFZ3UPNFWIF5,CA-VA-00000291,,2024-11-19,ELEVATOR,LOW,DEFERRED,2202.34,,,52
WO-UWCJVUI5PA2Q,CA-VA-00000291,,2024-11-12,ELECTRICAL,HIGH,COMPLETED,629.0,6297.54,2024-11-28,16
WO-H6GGTO34CG46,CA-VA-00000291,,2024-11-25,HVAC,MEDIUM,DEFERRED,4424.34,,,112
WO-Z3IATB1AZ9TA,CA-VA-00000291,,2024-12-17,GENERAL,HIGH,COMPLETED,2236.64,9729.11,2024-12-19,2
WO-5ZW3IIYIBMHD,CA-VA-00000291,,2024-12-18,ELECTRICAL,LOW,DEFERRED,10738.31,,,32
WO-VG2CO5DRI3GM,CA-VA-00000291,,2025-01-18,LANDSCAPING,MEDIUM,COMPLETED,11393.76,5688.44,2025-01-29,11
WO-O2VFE3B3LVUW,CA-VA-00000291,,2025-01-03,HVAC,MEDIUM,OPEN,7990.71,,,162
WO-9YK1MVWDGTWR,CA-VA-00000291,,2025-01-10,ELECTRICAL,MEDIUM,COMPLETED,8544.3,4407.78,2025-01-13,3
WO-MRKW0XH70H6F,CA-VA-00000291,,2025-01-06,ELECTRICAL,MEDIUM,COMPLETED,7409.21,8624.28,2025-01-17,11
WO-GN5ZB2VCS1G0,CA-VA-00000291,,2025-01-11,GENERAL,LOW,DEFERRED,1023.77,,,52
WO-U9LHUXFOD2AP,CA-VA-00000291,,2025-02-08,HVAC,MEDIUM,COMPLETED,3455.23,11311.97,2025-02-19,11
WO-XTP3TCMOGJC6,CA-VA-00000291,,2025-02-06,HVAC,HIGH,COMPLETED,9941.95,6852.68,2025-02-08,2
WO-JGGQPXX9796C,CA-VA-00000291,,2025-02-09,PLUMBING,MEDIUM,DEFERRED,12841.85,,,34
WO-FPHOODI4O44U,CA-VA-00000291,,2025-02-11,PLUMBING,EMERGENCY,DEFERRED,10849.22,,,80
WO-UINN7TFCO1UO,CA-VA-00000291,,2025-02-28,STRUCTURAL,LOW,COMPLETED,488.98,8887.14,2025-03-10,10
WO-4FO05TLRVKPC,CA-VA-00000291,,2025-02-27,HVAC,MEDIUM,OPEN,9196.6,,,208
WO-ZNRGDLI89JP3,CA-VA-00000291,,2025-03-12,ELEVATOR,LOW,DEFERRED,2196.44,,,51
WO-FH6I3HK36A3A,CA-VA-00000291,,2025-03-15,GENERAL,LOW,COMPLETED,14443.8,9454.7,2025-03-30,15
WO-MPCZEWB7R39X,CA-VA-00000291,,2025-03-11,LANDSCAPING,MEDIUM,COMPLETED,2603.88,6088.96,2025-03-28,17
WO-90Q4HG0L9VOT,CA-VA-00000291,,2025-03-18,HVAC,LOW,COMPLETED,3512.42,8199.11,2025-03-29,11
WO-BC9U58Z3E8Y3,CA-VA-00000291,,2025-03-25,ROOFING,MEDIUM,DEFERRED,14910.99,,,93
WO-9NH52C9784UH,CA-VA-00000291,,2025-03-04,ELECTRICAL,LOW,COMPLETED,2922.17,11082.3,2025-03-22,18
WO-7LV0TGEJG2HB,CA-VA-00000291,,2025-03-04,PLUMBING,LOW,COMPLETED,5865.3,5169.11,2025-03-18,14
WO-P25P0JVIVC45,CA-VA-00000291,,2025-04-02,ELECTRICAL,MEDIUM,COMPLETED,4370.01,7963.99,2025-04-14,12
WO-S4Z254FG8W4W,CA-VA-00000291,,2025-04-04,HVAC,LOW,COMPLETED,10798.36,1754.34,2025-04-08,4
WO-ZLIBIYWBEGQZ,CA-VA-00000291,,2025-04-24,PLUMBING,LOW,COMPLETED,2496.1,1559.16,2025-05-15,21
WO-K3HPE45WQKAF,CA-VA-00000291,,2025-04-16,HVAC,MEDIUM,COMPLETED,8214.08,4897.33,2025-05-02,16
WO-IW0X75MCWQRR,CA-VA-00000291,,2025-04-05,PLUMBING,EMERGENCY,OPEN,11733.57,,,81
WO-ZVBOLYUE5NSX,CA-VA-00000291,,2025-04-07,ELEVATOR,HIGH,OPEN,6424.44,,,132
WO-445QOYKSOP6T,CA-VA-00000291,,2025-05-19,HVAC,HIGH,DEFERRED,14372.96,,,49
WO-BA6XX2F73BR8,CA-VA-00000291,,2025-05-11,HVAC,HIGH,OPEN,11954.72,,,91
WO-UJ2AHWLOP0WO,CA-VA-00000291,,2025-05-11,HVAC,LOW,DEFERRED,7300.92,,,40
WO-SLU0T6X5FKC7,CA-VA-00000291,,2025-05-18,HVAC,EMERGENCY,COMPLETED,6978.49,8466.57,2025-06-07,20
WO-T58D6DC5YAE6,CA-VA-00000291,,2025-05-18,GENERAL,LOW,OPEN,14309.6,,,26
WO-ARF8XV6OYHAJ,CA-VA-00000291,,2025-05-18,STRUCTURAL,HIGH,COMPLETED,4298.69,5422.77,2025-05-28,10
WO-5GKLDWHNR8WJ,CA-VA-00000291,,2025-05-24,ROOFING,MEDIUM,OPEN,4344.21,,,44
WO-I0EDM2KS6YOK,CA-VA-00000291,,2025-06-27,PLUMBING,LOW,COMPLETED,9055.37,11155.4,2025-07-07,10
WO-DOWKHFS1P5WW,CA-VA-00000291,,2025-06-20,HVAC,LOW,DEFERRED,1754.49,,,14
WO-L672ZO103XBS,CA-VA-00000291,,2025-06-22,LANDSCAPING,MEDIUM,COMPLETED,923.94,6948.37,2025-07-07,15
WO-PKYCXVX6QTCX,CA-VA-00000291,,2025-06-08,GENERAL,MEDIUM,DEFERRED,11820.29,,,108
WO-S7KG6C1J48BT,CA-VA-00000291,,2025-06-23,ELECTRICAL,LOW,OPEN,1378.41,,,5
WO-3SXC2D6HDX3U,CA-FL-00000292,,2024-01-01,GENERAL,LOW,COMPLETED,10530.97,1390.67,2024-01-21,20
WO-78RZJYABGENO,CA-FL-00000292,,2024-01-13,GENERAL,MEDIUM,COMPLETED,4606.19,6243.1,2024-01-20,7
WO-YV1EJUI0MYZK,CA-FL-00000292,,2024-01-06,PLUMBING,HIGH,COMPLETED,12129.77,2239.86,2024-01-27,21
WO-SUJ6JQRIL327,CA-FL-00000292,,2024-01-17,HVAC,HIGH,COMPLETED,1572.97,787.8,2024-01-22,5
WO-CMX8EVXC90NU,CA-FL-00000292,,2024-01-04,HVAC,MEDIUM,COMPLETED,6307.58,2072.06,2024-01-07,3
WO-5QNGO4PY6CAV,CA-FL-00000292,,2024-01-28,ROOFING,MEDIUM,COMPLETED,1345.72,1193.7,2024-02-11,14
WO-LNJYLW9LCTC9,CA-FL-00000292,,2024-02-02,GENERAL,MEDIUM,DEFERRED,1208.49,,,44
WO-P5WLBSF5O6JU,CA-FL-00000292,,2024-02-21,ELEVATOR,LOW,OPEN,5459.7,,,55
WO-QQY0QI9HOD2Q,CA-FL-00000292,,2024-02-13,STRUCTURAL,MEDIUM,OPEN,12925.75,,,69
WO-272Q7NCY738O,CA-FL-00000292,,2024-02-03,STRUCTURAL,EMERGENCY,COMPLETED,7866.85,11549.71,2024-02-07,4
WO-VX6A20V8EY0Q,CA-FL-00000292,,2024-03-04,LANDSCAPING,MEDIUM,DEFERRED,5187.98,,,63
WO-2EURV888YYZA,CA-FL-00000292,,2024-04-08,LANDSCAPING,LOW,COMPLETED,11476.41,6950.63,2024-04-25,17
WO-MELLWO0OUE3N,CA-FL-00000292,,2024-04-20,ROOFING,EMERGENCY,DEFERRED,12362.12,,,50
WO-P93M33D4W8SV,CA-FL-00000292,,2024-05-10,PLUMBING,HIGH,COMPLETED,11613.37,3421.2,2024-05-19,9
WO-4LCDJQ3V42MC,CA-FL-00000292,,2024-05-03,LANDSCAPING,HIGH,OPEN,1145.32,,,19
WO-68Q5686X0P4J,CA-FL-00000292,,2024-05-01,GENERAL,MEDIUM,COMPLETED,1213.57,11138.48,2024-05-17,16
WO-RUGTUK17QY2D,CA-FL-00000292,,2024-06-28,ELECTRICAL,MEDIUM,COMPLETED,14121.09,5311.97,2024-07-13,15
WO-I9DGZYBTCC7H,CA-FL-00000292,,2024-06-28,PLUMBING,LOW,COMPLETED,12142.14,6380.98,2024-07-10,12
WO-ZVFF7LDTJXLY,CA-FL-00000292,,2024-07-19,ROOFING,HIGH,DEFERRED,4148.63,,,60
WO-VSFUH42AQKPZ,CA-FL-00000292,,2024-07-12,GENERAL,MEDIUM,COMPLETED,592.69,6786.85,2024-08-01,20
WO-JJRZZNYP1WO9,CA-FL-00000292,,2024-07-03,GENERAL,LOW,COMPLETED,6156.79,11956.49,2024-07-22,19
WO-YIZXVUMX9N8G,CA-FL-00000292,,2024-08-18,PLUMBING,LOW,DEFERRED,4744.41,,,135
WO-16Z7767WQ61S,CA-FL-00000292,,2024-08-03,PLUMBING,MEDIUM,COMPLETED,253.58,8658.95,2024-08-19,16
WO-D9Y9B0CS1VJC,CA-FL-00000292,,2024-09-26,LANDSCAPING,EMERGENCY,COMPLETED,10003.38,8964.62,2024-10-04,8
WO-B3F3FWQD79CD,CA-FL-00000292,,2024-09-25,ELECTRICAL,MEDIUM,DEFERRED,7429.77,,,65
WO-8TRRTEDS9I5J,CA-FL-00000292,,2024-10-23,ELECTRICAL,LOW,OPEN,4481.27,,,51
WO-IHZU3178JRHU,CA-FL-00000292,,2024-10-12,GENERAL,MEDIUM,COMPLETED,3019.03,2031.76,2024-10-18,6
WO-RVPR3341BD0I,CA-FL-00000292,,2024-10-08,LANDSCAPING,LOW,OPEN,7347.26,,,64
WO-64JG0J9GYIOC,CA-FL-00000292,,2024-10-09,GENERAL,LOW,COMPLETED,10896.67,7413.96,2024-10-26,17
WO-F6AY0Z44JFG8,CA-FL-00000292,,2024-11-07,LANDSCAPING,LOW,COMPLETED,7228.7,1244.7,2024-11-14,7
WO-2S73WIMSUM64,CA-FL-00000292,,2024-11-27,GENERAL,LOW,COMPLETED,13713.6,6403.58,2024-11-30,3
WO-9041MGQFI5N4,CA-FL-00000292,,2024-12-09,STRUCTURAL,MEDIUM,COMPLETED,4214.83,7259.71,2024-12-20,11
WO-ZKFAESS1V2YJ,CA-FL-00000292,,2024-12-10,LANDSCAPING,EMERGENCY,COMPLETED,7242.79,10224.05,2024-12-11,1
WO-WLMMMP4IE7TT,CA-FL-00000292,,2024-12-23,LANDSCAPING,HIGH,COMPLETED,13266.67,3423.49,2025-01-12,20
WO-9LD306TGUWRI,CA-FL-00000292,,2024-12-25,LANDSCAPING,LOW,COMPLETED,5064.34,1485.37,2024-12-28,3
WO-YNFDTTHVAYJ6,CA-FL-00000292,,2025-01-02,ELECTRICAL,LOW,COMPLETED,6028.7,10322.59,2025-01-11,9
WO-ERXSDQLIG2ZC,CA-FL-00000292,,2025-01-28,GENERAL,LOW,COMPLETED,8652.68,1272.68,2025-02-12,15
WO-DC4QP01Y14B8,CA-FL-00000292,,2025-02-08,ROOFING,MEDIUM,OPEN,13934.35,,,50
WO-9PXMV1D6F6LD,CA-FL-00000292,,2025-02-25,PLUMBING,MEDIUM,COMPLETED,1940.96,10951.55,2025-03-13,16
WO-3XWXYQHOJQN3,CA-FL-00000292,,2025-02-23,LANDSCAPING,MEDIUM,OPEN,6200.26,,,27
WO-PG3DS98NHNYF,CA-FL-00000292,,2025-02-04,GENERAL,MEDIUM,COMPLETED,520.78,548.98,2025-02-23,19
WO-KTNNUUPBLWG5,CA-FL-00000292,,2025-03-10,ROOFING,HIGH,COMPLETED,12349.84,2151.25,2025-03-30,20
WO-0L7DNJ7FAK5G,CA-FL-00000292,,2025-03-18,PLUMBING,HIGH,COMPLETED,7543.78,7205.88,2025-04-05,18
WO-DA7BM86TMKTU,CA-FL-00000292,,2025-03-28,ELECTRICAL,HIGH,COMPLETED,9795.44,7146.38,2025-04-06,9
WO-N06RTK29JY6O,CA-FL-00000292,,2025-04-05,ROOFING,HIGH,COMPLETED,14081.89,8813.64,2025-04-08,3
WO-VWDKOQ3WV4GL,CA-FL-00000292,,2025-04-04,GENERAL,MEDIUM,COMPLETED,8423.63,6607.38,2025-04-06,2
WO-DO0LVQ4Y8OB2,CA-FL-00000292,,2025-05-26,GENERAL,MEDIUM,COMPLETED,7995.97,10506.34,2025-06-09,14
WO-X54I0EGJJL5Z,CA-FL-00000292,,2025-05-06,HVAC,LOW,OPEN,2474.47,,,6
WO-FXDK2WEJRSCX,CA-FL-00000292,,2025-05-21,ROOFING,MEDIUM,OPEN,3181.59,,,54
WO-8GEX4PT5FZ2K,CA-FL-00000292,,2025-06-21,STRUCTURAL,LOW,COMPLETED,4256.3,288.66,2025-06-29,8
WO-F9BR8OIIX5K5,CA-FL-00000292,,2025-06-03,LANDSCAPING,MEDIUM,DEFERRED,5741.96,,,23
WO-GKCV0HM9WMDW,CA-FL-00000293,,2024-01-24,LANDSCAPING,MEDIUM,DEFERRED,2596.14,,,34
WO-8BPCIUFKPHWR,CA-FL-00000293,,2024-01-12,PLUMBING,HIGH,OPEN,9058.98,,,52
WO-RTZBB46XNDS7,CA-FL-00000293,,2024-03-21,ELECTRICAL,LOW,COMPLETED,5804.59,4996.69,2024-03-26,5
WO-PNMP4WP7VL5I,CA-FL-00000293,,2024-03-22,HVAC,MEDIUM,COMPLETED,9159.1,3984.57,2024-04-09,18
WO-NDBNU4ZITGT8,CA-FL-00000293,,2024-03-22,PLUMBING,MEDIUM,COMPLETED,10859.02,7490.34,2024-04-06,15
WO-LLZBDVLUQ0XW,CA-FL-00000293,,2024-04-06,STRUCTURAL,MEDIUM,DEFERRED,4116.98,,,68
WO-PZKNGZKY3VFS,CA-FL-00000293,,2024-04-20,HVAC,MEDIUM,COMPLETED,4506.07,7346.05,2024-05-06,16
WO-3C2VTW98R8KL,CA-FL-00000293,,2024-04-13,STRUCTURAL,LOW,COMPLETED,3299.2,8349.31,2024-04-28,15
WO-8D0DJ9GB5CRL,CA-FL-00000293,,2024-04-12,ROOFING,LOW,COMPLETED,5406.61,8015.03,2024-04-13,1
WO-2TS6B9MIWC9M,CA-FL-00000293,,2024-05-21,LANDSCAPING,LOW,DEFERRED,392.76,,,131
WO-YO684T4KJ6VW,CA-FL-00000293,,2024-05-19,GENERAL,HIGH,COMPLETED,13718.39,10109.5,2024-06-06,18
WO-MZ54942OWDMU,CA-FL-00000293,,2024-05-13,HVAC,LOW,COMPLETED,8150.71,5808.75,2024-05-15,2
WO-VQGFAXRR0ZXL,CA-FL-00000293,,2024-06-05,HVAC,MEDIUM,COMPLETED,13888.73,2767.51,2024-06-26,21
WO-JJAPTKJG7A5Q,CA-FL-00000293,,2024-06-16,LANDSCAPING,MEDIUM,COMPLETED,13689.1,6762.17,2024-07-03,17
WO-G2R6S08WLIKS,CA-FL-00000293,,2024-06-17,LANDSCAPING,HIGH,OPEN,9016.85,,,243
WO-IFXISTOD59PI,CA-FL-00000293,,2024-06-07,PLUMBING,HIGH,COMPLETED,8164.2,1196.24,2024-06-26,19
WO-G0J8139KVE4L,CA-FL-00000293,,2024-07-26,LANDSCAPING,EMERGENCY,COMPLETED,6400.42,5945.31,2024-08-07,12
WO-5L3TPUBHPG9Y,CA-FL-00000293,,2024-07-10,HVAC,MEDIUM,DEFERRED,14559.63,,,30
WO-LNJ2E859ZO06,CA-FL-00000293,,2024-08-20,GENERAL,LOW,COMPLETED,10422.59,4539.14,2024-09-07,18
WO-6EURIW4WZZAH,CA-FL-00000293,,2024-08-26,ROOFING,MEDIUM,OPEN,11625.17,,,96
WO-L15MECKS8A4B,CA-FL-00000293,,2024-08-09,PLUMBING,HIGH,DEFERRED,9779.37,,,101
WO-BMVD90KT6I3G,CA-FL-00000293,,2024-09-05,HVAC,LOW,COMPLETED,11114.62,9160.48,2024-09-10,5
WO-22LLAL8R72OW,CA-FL-00000293,,2024-09-28,PLUMBING,MEDIUM,COMPLETED,10809.24,3946.69,2024-10-13,15
WO-MWVT1JVR84HL,CA-FL-00000293,,2024-09-01,GENERAL,MEDIUM,COMPLETED,3872.1,4505.81,2024-09-07,6
WO-DCXRRYAGU5K2,CA-FL-00000293,,2024-09-22,ELEVATOR,LOW,DEFERRED,572.58,,,55
WO-ASCKVRDWD3P4,CA-FL-00000293,,2024-09-05,GENERAL,MEDIUM,COMPLETED,4118.91,6362.77,2024-09-14,9
WO-P2IF6RQZIM62,CA-FL-00000293,,2024-10-01,HVAC,HIGH,COMPLETED,12353.59,11272.64,2024-10-21,20
WO-68S5LW1FD5P4,CA-FL-00000293,,2024-10-21,HVAC,MEDIUM,OPEN,523.76,,,24
WO-MOI8X6F4D8PT,CA-FL-00000293,,2024-10-08,LANDSCAPING,MEDIUM,COMPLETED,10161.62,7058.29,2024-10-17,9
WO-J6JYI7GNQR1N,CA-FL-00000293,,2024-11-02,ELEVATOR,MEDIUM,COMPLETED,12018.48,1973.15,2024-11-21,19
WO-E4QB79YA0QTX,CA-FL-00000293,,2024-11-04,HVAC,MEDIUM,COMPLETED,763.31,11939.6,2024-11-10,6
WO-78FFEOKZZ191,CA-FL-00000293,,2024-11-23,STRUCTURAL,LOW,COMPLETED,1810.67,3421.74,2024-11-25,2
WO-P3BX66IMRKAL,CA-FL-00000293,,2024-11-27,HVAC,MEDIUM,OPEN,5803.29,,,41
WO-ZWXBHZISZ1K6,CA-FL-00000293,,2024-11-08,HVAC,LOW,OPEN,8971.47,,,42
WO-7EMM1IXYDA0F,CA-FL-00000293,,2024-12-18,LANDSCAPING,MEDIUM,COMPLETED,11639.08,7135.92,2024-12-20,2
WO-ZFY75TOGEC10,CA-FL-00000293,,2024-12-20,HVAC,EMERGENCY,COMPLETED,9066.24,303.87,2025-01-07,18
WO-933WZ754YB3S,CA-FL-00000293,,2025-01-09,HVAC,HIGH,OPEN,10385.82,,,30
WO-7DA9QJX9MUBR,CA-FL-00000293,,2025-02-23,PLUMBING,MEDIUM,COMPLETED,6510.39,5638.33,2025-03-10,15
WO-1N0DDO6ELJT5,CA-FL-00000293,,2025-02-27,HVAC,EMERGENCY,COMPLETED,9263.61,10493.89,2025-03-20,21
WO-RBV3JGRWQG01,CA-FL-00000293,,2025-04-08,LANDSCAPING,MEDIUM,COMPLETED,11396.72,7100.25,2025-04-10,2
WO-7QJB63C2AG11,CA-FL-00000293,,2025-05-27,PLUMBING,MEDIUM,COMPLETED,10639.25,7196.51,2025-06-10,14
WO-IB7JU2984ZHP,CA-FL-00000293,,2025-05-19,GENERAL,HIGH,COMPLETED,1114.12,7798.87,2025-05-25,6
WO-E4497NSSRQEE,CA-FL-00000293,,2025-05-09,LANDSCAPING,HIGH,COMPLETED,2724.98,4580.23,2025-05-26,17
WO-C0JZMT233OKX,CA-FL-00000293,,2025-05-04,ELEVATOR,HIGH,COMPLETED,3670.69,2028.62,2025-05-08,4
WO-B9PPTVEK8OY5,CA-FL-00000293,,2025-05-11,ELECTRICAL,LOW,OPEN,11557.91,,,98
WO-4MCI4DK325BV,CA-FL-00000293,,2025-06-04,HVAC,MEDIUM,COMPLETED,481.38,8913.48,2025-06-22,18
WO-5BZPUDHBSWR6,CA-FL-00000293,,2025-06-11,LANDSCAPING,LOW,OPEN,3814.9,,,140
WO-GP9UY87Z76UM,CA-FL-00000293,,2025-06-05,ELECTRICAL,LOW,COMPLETED,1066.6,5935.13,2025-06-19,14
WO-MW80A494UOVO,CA-FL-00000293,,2025-06-09,ROOFING,HIGH,OPEN,5496.5,,,236
WO-T7DRFWAV9X6I,CA-AZ-00000294,,2024-07-08,ELECTRICAL,HIGH,COMPLETED,12061.95,9918.07,2024-07-22,14
WO-EXMJA8B7BCZS,CA-AZ-00000294,,2024-08-20,GENERAL,MEDIUM,COMPLETED,6409.21,8353.71,2024-09-02,13
WO-2T7TL10GZTQ7,CA-AZ-00000294,,2025-01-25,STRUCTURAL,LOW,COMPLETED,13643.93,3951.41,2025-02-03,9
WO-61YGQB035YYO,CA-AZ-00000294,,2025-05-12,ELECTRICAL,MEDIUM,COMPLETED,9413.9,5908.8,2025-05-23,11
WO-SD31KMDE4FLX,CA-FL-00000295,,2024-01-17,ELECTRICAL,HIGH,DEFERRED,11890.4,,,19
WO-NZ83O28YZ98I,CA-FL-00000295,,2024-01-26,HVAC,MEDIUM,DEFERRED,7703.73,,,48
WO-KOG8WVE9W6NW,CA-FL-00000295,,2024-01-26,PLUMBING,MEDIUM,DEFERRED,13628.0,,,27
WO-9NFTLCAUWT1K,CA-FL-00000295,,2024-02-05,LANDSCAPING,MEDIUM,OPEN,10324.6,,,75
WO-8X9O6FUNA5F8,CA-FL-00000295,,2024-02-11,STRUCTURAL,MEDIUM,COMPLETED,12248.31,4878.87,2024-02-15,4
WO-72MNBI1P7VWV,CA-FL-00000295,,2024-02-22,STRUCTURAL,MEDIUM,OPEN,2231.22,,,51
WO-YYU6Y776UUI7,CA-FL-00000295,,2024-02-16,ELEVATOR,MEDIUM,COMPLETED,11165.56,1288.15,2024-02-20,4
WO-B96STG42GB79,CA-FL-00000295,,2024-02-19,ROOFING,LOW,COMPLETED,10833.16,2056.33,2024-03-05,15
WO-DOXJAZGYP0MK,CA-FL-00000295,,2024-02-16,PLUMBING,HIGH,OPEN,3694.98,,,28
WO-MECJIS4BJQUP,CA-FL-00000295,,2024-02-27,ELEVATOR,MEDIUM,COMPLETED,7850.25,10553.0,2024-03-14,16
WO-PIJ60T2D4KOA,CA-FL-00000295,,2024-03-28,ROOFING,HIGH,COMPLETED,6004.29,4448.37,2024-04-14,17
WO-KO1JSJXLPU24,CA-FL-00000295,,2024-03-17,ELECTRICAL,MEDIUM,COMPLETED,9285.01,10188.29,2024-04-06,20
WO-HH3S5X09NLIO,CA-FL-00000295,,2024-03-22,ELEVATOR,MEDIUM,OPEN,14490.64,,,94
WO-U26VV95QSWP3,CA-FL-00000295,,2024-03-12,LANDSCAPING,MEDIUM,COMPLETED,6164.07,4997.12,2024-03-24,12
WO-9695U64N6F59,CA-FL-00000295,,2024-03-20,GENERAL,HIGH,COMPLETED,1103.4,11517.27,2024-04-04,15
WO-QIQND6LOZ2NF,CA-FL-00000295,,2024-03-11,HVAC,MEDIUM,OPEN,1358.72,,,61
WO-5LYX1NU5TQ8G,CA-FL-00000295,,2024-04-05,LANDSCAPING,MEDIUM,COMPLETED,2077.83,6852.35,2024-04-14,9
WO-KBPSTWS8H8QS,CA-FL-00000295,,2024-04-17,ELECTRICAL,MEDIUM,OPEN,3721.13,,,78
WO-5J3VXS9Y9YT5,CA-FL-00000295,,2024-04-06,STRUCTURAL,MEDIUM,OPEN,13395.18,,,113
WO-5I581RC17ZOO,CA-FL-00000295,,2024-04-18,PLUMBING,HIGH,COMPLETED,3907.63,4214.94,2024-05-02,14
WO-AEIUSMG5X4YP,CA-FL-00000295,,2024-04-26,ROOFING,LOW,DEFERRED,9231.39,,,60
WO-A8GYE2F2EAWI,CA-FL-00000295,,2024-04-16,LANDSCAPING,HIGH,DEFERRED,7766.07,,,93
WO-6QCPWWGFGG51,CA-FL-00000295,,2024-04-16,HVAC,MEDIUM,COMPLETED,9575.08,8203.06,2024-04-24,8
WO-QSDFQSM8NS0K,CA-FL-00000295,,2024-04-05,ROOFING,LOW,OPEN,9129.0,,,28
WO-N4X6V7BMTIE3,CA-FL-00000295,,2024-04-24,LANDSCAPING,EMERGENCY,DEFERRED,9070.9,,,37
WO-EVIFHI5R3LVZ,CA-FL-00000295,,2024-05-18,HVAC,MEDIUM,COMPLETED,5728.54,3015.35,2024-05-26,8
WO-RCKN8L9FO1OQ,CA-FL-00000295,,2024-05-26,STRUCTURAL,MEDIUM,OPEN,5041.24,,,71
WO-6QYRRKLFW1NS,CA-FL-00000295,,2024-05-21,PLUMBING,MEDIUM,COMPLETED,4915.94,310.61,2024-06-03,13
WO-DDIWLFDRB8KS,CA-FL-00000295,,2024-05-19,ELEVATOR,MEDIUM,OPEN,8685.36,,,81
WO-JDNKJDOZ7VLR,CA-FL-00000295,,2024-05-06,HVAC,LOW,COMPLETED,8673.59,7787.16,2024-05-22,16
WO-BGJDYZJ8GWR7,CA-FL-00000295,,2024-05-18,HVAC,LOW,OPEN,7360.82,,,131
WO-JRTNW24YEEWK,CA-FL-00000295,,2024-06-12,LANDSCAPING,LOW,COMPLETED,289.66,6356.77,2024-06-19,7
WO-KITQQQ0P2UYO,CA-FL-00000295,,2024-06-24,PLUMBING,MEDIUM,OPEN,10420.33,,,25
WO-W6AWU73FS6NE,CA-FL-00000295,,2024-07-16,ELEVATOR,MEDIUM,DEFERRED,5668.02,,,30
WO-B61K71N712Q4,CA-FL-00000295,,2024-07-17,ELECTRICAL,LOW,OPEN,11041.13,,,814
WO-Q2BV9HX22UWP,CA-FL-00000295,,2024-07-09,ROOFING,LOW,OPEN,8870.45,,,82
WO-4G4VG5QFBY87,CA-FL-00000295,,2024-07-24,GENERAL,LOW,COMPLETED,7238.08,9491.17,2024-07-29,5
WO-XAPA6N5OY8EC,CA-FL-00000295,,2024-07-26,LANDSCAPING,MEDIUM,DEFERRED,13715.73,,,51
WO-LG038MZUSDMF,CA-FL-00000295,,2024-07-08,PLUMBING,MEDIUM,OPEN,12337.63,,,36
WO-QF25EDNLBH0M,CA-FL-00000295,,2024-08-05,PLUMBING,MEDIUM,COMPLETED,4859.66,11321.34,2024-08-13,8
WO-Y1SUVAK4GSCE,CA-FL-00000295,,2024-08-23,HVAC,LOW,DEFERRED,11785.96,,,55
WO-73CRU2G2N47J,CA-FL-00000295,,2024-08-07,ELECTRICAL,LOW,COMPLETED,9240.36,2153.54,2024-08-11,4
WO-0DHE6XSY5DE7,CA-FL-00000295,,2024-08-26,ELECTRICAL,LOW,COMPLETED,821.79,10794.52,2024-09-06,11
WO-F61MQUBEDDLD,CA-FL-00000295,,2024-09-12,LANDSCAPING,MEDIUM,COMPLETED,6267.79,2021.66,2024-09-15,3
WO-AN2S09AU96ZW,CA-FL-00000295,,2024-09-02,ROOFING,LOW,DEFERRED,11703.29,,,37
WO-RMR2SWFA0NDA,CA-FL-00000295,,2024-09-21,PLUMBING,MEDIUM,DEFERRED,14197.01,,,43
WO-10KS4TOPE5JZ,CA-FL-00000295,,2024-09-03,STRUCTURAL,MEDIUM,COMPLETED,8320.75,3113.76,2024-09-13,10
WO-CV0WRNSXBUMU,CA-FL-00000295,,2024-09-08,PLUMBING,HIGH,COMPLETED,11182.43,2543.56,2024-09-21,13
WO-59TPN0K9WHT6,CA-FL-00000295,,2024-10-25,PLUMBING,EMERGENCY,OPEN,1897.29,,,165
WO-PIDWTE2H01RS,CA-FL-00000295,,2024-10-02,HVAC,HIGH,OPEN,7702.48,,,66
WO-SCLNSVMAKAMX,CA-FL-00000295,,2024-10-01,HVAC,MEDIUM,COMPLETED,10821.5,9608.86,2024-10-10,9
WO-B3DI9Y302I98,CA-FL-00000295,,2024-10-22,PLUMBING,LOW,COMPLETED,3212.67,2357.74,2024-11-12,21
WO-8AH2FA8HXJXN,CA-FL-00000295,,2024-10-16,ELECTRICAL,MEDIUM,COMPLETED,12080.37,10679.47,2024-10-24,8
WO-XINHUWZMAY6Y,CA-FL-00000295,,2024-10-13,HVAC,LOW,OPEN,1212.01,,,18
WO-53IBATSVGGMK,CA-FL-00000295,,2024-10-07,ELEVATOR,MEDIUM,COMPLETED,6854.73,5144.83,2024-10-19,12
WO-DR348WVO9U3K,CA-FL-00000295,,2024-10-15,LANDSCAPING,MEDIUM,DEFERRED,10566.14,,,83
WO-LYMYO4GT3XW4,CA-FL-00000295,,2024-11-03,LANDSCAPING,MEDIUM,OPEN,9622.63,,,163
WO-6IWPC5XB18HS,CA-FL-00000295,,2024-11-26,LANDSCAPING,MEDIUM,OPEN,7182.03,,,98
WO-NTE5A6K13UL5,CA-FL-00000295,,2024-11-03,ELECTRICAL,LOW,OPEN,4430.99,,,170
WO-CTUCEN4U39WM,CA-FL-00000295,,2024-11-02,PLUMBING,MEDIUM,COMPLETED,1153.06,8018.55,2024-11-10,8
WO-XZJADFOXWGVB,CA-FL-00000295,,2024-11-16,STRUCTURAL,LOW,COMPLETED,11073.16,2620.25,2024-12-07,21
WO-QFAUVEY2BELS,CA-FL-00000295,,2024-11-18,PLUMBING,HIGH,COMPLETED,8146.6,10414.97,2024-11-20,2
WO-2CIXS66XXV8M,CA-FL-00000295,,2024-11-15,HVAC,HIGH,COMPLETED,9259.25,8696.97,2024-11-18,3
WO-JBR0AW06QVWA,CA-FL-00000295,,2024-11-15,ROOFING,MEDIUM,DEFERRED,2879.62,,,56
WO-NBAO3TZOA71R,CA-FL-00000295,,2024-12-19,ELECTRICAL,LOW,COMPLETED,5459.84,4788.95,2024-12-26,7
WO-G6D8QNHGFHYL,CA-FL-00000295,,2024-12-13,PLUMBING,MEDIUM,DEFERRED,11557.93,,,31
WO-7J5G9AD34IHP,CA-FL-00000295,,2024-12-27,PLUMBING,LOW,COMPLETED,4155.16,11607.52,2025-01-15,19
WO-JTB6DAZTZPGI,CA-FL-00000295,,2024-12-12,ELEVATOR,EMERGENCY,COMPLETED,4033.95,893.08,2024-12-17,5
WO-EFVZ38LBZ5H6,CA-FL-00000295,,2024-12-09,HVAC,LOW,COMPLETED,6087.07,1001.26,2024-12-12,3
WO-VYXI4XRK9IK8,CA-FL-00000295,,2024-12-12,LANDSCAPING,LOW,DEFERRED,551.68,,,68
WO-QCVKBPUS9YHC,CA-FL-00000295,,2025-01-21,STRUCTURAL,LOW,OPEN,339.82,,,34
WO-Y20X0T0CJ9F3,CA-FL-00000295,,2025-01-16,LANDSCAPING,MEDIUM,COMPLETED,3924.14,1710.84,2025-01-17,1
WO-L7E8SUE72OFU,CA-FL-00000295,,2025-01-28,ELECTRICAL,HIGH,COMPLETED,11912.03,11072.63,2025-01-29,1
WO-5POUS8NK6A1S,CA-FL-00000295,,2025-01-23,GENERAL,LOW,DEFERRED,3466.67,,,27
WO-4TJQPTVKM5ET,CA-FL-00000295,,2025-01-10,PLUMBING,MEDIUM,OPEN,7144.94,,,59
WO-DSRKM3ZGE3LR,CA-FL-00000295,,2025-01-19,LANDSCAPING,MEDIUM,OPEN,7727.93,,,45
WO-B639A3T0KM6H,CA-FL-00000295,,2025-01-28,ELEVATOR,LOW,COMPLETED,723.98,5364.26,2025-02-03,6
WO-LNJ2MX0OLYOF,CA-FL-00000295,,2025-01-06,STRUCTURAL,MEDIUM,OPEN,12349.68,,,91
WO-Z9YXNFPQCWPG,CA-FL-00000295,,2025-02-04,ROOFING,MEDIUM,DEFERRED,2706.05,,,215
WO-RV9JBQM9BLNW,CA-FL-00000295,,2025-02-24,GENERAL,LOW,DEFERRED,13383.11,,,19
WO-6W9H57IJ2II4,CA-FL-00000295,,2025-02-13,STRUCTURAL,MEDIUM,DEFERRED,6142.72,,,148
WO-Q1AYO9C6TEF2,CA-FL-00000295,,2025-02-12,ROOFING,LOW,COMPLETED,3857.99,6668.9,2025-02-20,8
WO-N7LL3J14GFKV,CA-FL-00000295,,2025-03-05,LANDSCAPING,LOW,COMPLETED,5115.13,5878.49,2025-03-20,15
WO-QM6FKI5Z7JK3,CA-FL-00000295,,2025-03-17,ELEVATOR,MEDIUM,OPEN,655.08,,,12
WO-A20F6ZA54IAP,CA-FL-00000295,,2025-03-09,PLUMBING,HIGH,COMPLETED,2850.76,8715.55,2025-03-13,4
WO-ZFEKN42OLORS,CA-FL-00000295,,2025-04-09,LANDSCAPING,LOW,DEFERRED,9226.74,,,44
WO-ZI3JP5CKW6XR,CA-FL-00000295,,2025-04-01,HVAC,LOW,COMPLETED,7338.78,10219.78,2025-04-09,8
WO-FK1XV5XC3YJV,CA-FL-00000295,,2025-04-21,LANDSCAPING,LOW,COMPLETED,5646.2,8699.06,2025-05-05,14
WO-ITR54CDFVHDN,CA-FL-00000295,,2025-04-24,GENERAL,LOW,OPEN,2313.78,,,22
WO-AD27REB5ABEO,CA-FL-00000295,,2025-04-16,ROOFING,HIGH,COMPLETED,12769.68,9094.59,2025-04-29,13
WO-KZ0SADOECJCL,CA-FL-00000295,,2025-04-13,PLUMBING,EMERGENCY,DEFERRED,13079.86,,,14
WO-7I64WB5YDFV6,CA-FL-00000295,,2025-05-05,ROOFING,HIGH,DEFERRED,5505.35,,,119
WO-W642MU3DH18A,CA-FL-00000295,,2025-05-13,LANDSCAPING,HIGH,DEFERRED,7261.79,,,87
WO-SZRU90T2104A,CA-FL-00000295,,2025-05-17,HVAC,MEDIUM,OPEN,9591.27,,,57
WO-X1V9GQE9ZJM4,CA-FL-00000295,,2025-05-12,LANDSCAPING,MEDIUM,OPEN,12283.88,,,80
WO-EESCLS1BCCB5,CA-FL-00000295,,2025-05-26,ELEVATOR,LOW,OPEN,7456.94,,,53
WO-01M9ZA62I9P9,CA-FL-00000295,,2025-06-03,GENERAL,HIGH,COMPLETED,1654.91,3803.61,2025-06-09,6
WO-LVQKXK75QQRA,CA-FL-00000295,,2025-06-01,ROOFING,MEDIUM,DEFERRED,9846.76,,,17
WO-0M905RPCZ8HN,CA-FL-00000296,,2024-01-09,LANDSCAPING,EMERGENCY,DEFERRED,6335.41,,,48
WO-PJF47H6IRWN1,CA-FL-00000296,,2024-02-16,GENERAL,MEDIUM,COMPLETED,7931.04,204.58,2024-02-26,10
WO-YE64OLZUH2YP,CA-FL-00000296,,2024-03-04,PLUMBING,HIGH,COMPLETED,11631.72,4634.47,2024-03-07,3
WO-Q9P65E0JHXCN,CA-FL-00000296,,2024-04-16,ROOFING,EMERGENCY,COMPLETED,10628.77,9949.02,2024-05-04,18
WO-04CKRG2SXOKS,CA-FL-00000296,,2024-07-25,LANDSCAPING,MEDIUM,COMPLETED,2270.14,8415.13,2024-08-09,15
WO-N1RF3VQ1I3R6,CA-FL-00000296,,2024-08-19,STRUCTURAL,HIGH,COMPLETED,7587.76,10195.56,2024-09-07,19
WO-PKNBAD7M9AR5,CA-FL-00000296,,2024-12-14,HVAC,MEDIUM,OPEN,4507.47,,,28
WO-7K4E1MQKT4LR,CA-FL-00000296,,2025-01-11,LANDSCAPING,HIGH,DEFERRED,9692.7,,,46
WO-SK00TQTII1IB,CA-FL-00000296,,2025-02-23,ROOFING,HIGH,COMPLETED,9433.69,249.56,2025-03-16,21
WO-SG2VSV4HNLN7,CA-FL-00000296,,2025-06-07,ELEVATOR,LOW,COMPLETED,6237.49,9813.37,2025-06-14,7
WO-LH3V3WM5SK7K,CA-FL-00000297,,2024-01-28,HVAC,LOW,COMPLETED,3549.81,8002.96,2024-02-13,16
WO-YILMXN879NRK,CA-FL-00000297,,2024-01-23,ELECTRICAL,LOW,COMPLETED,7185.38,8755.6,2024-02-11,19
WO-UL85BMMH3VX8,CA-FL-00000297,,2024-01-08,LANDSCAPING,HIGH,COMPLETED,8139.73,2561.42,2024-01-09,1
WO-0BCOMASUG53K,CA-FL-00000297,,2024-02-13,ELECTRICAL,MEDIUM,COMPLETED,3808.17,3449.12,2024-02-17,4
WO-NIAPHLT5I6J6,CA-FL-00000297,,2024-03-14,GENERAL,LOW,COMPLETED,11341.46,1656.74,2024-03-16,2
WO-ZHH3HNRDO595,CA-FL-00000297,,2024-03-28,STRUCTURAL,LOW,COMPLETED,1667.58,2800.89,2024-03-29,1
WO-9BOU499WLBY7,CA-FL-00000297,,2024-03-22,ROOFING,MEDIUM,COMPLETED,6215.6,1256.5,2024-04-10,19
WO-PIC8IEGBJT69,CA-FL-00000297,,2024-03-04,HVAC,HIGH,OPEN,14758.2,,,42
WO-G7Q6O4RDOSJ1,CA-FL-00000297,,2024-04-15,PLUMBING,MEDIUM,COMPLETED,2748.62,6514.94,2024-04-16,1
WO-JP9OSWK7W94Z,CA-FL-00000297,,2024-04-22,STRUCTURAL,LOW,COMPLETED,13569.29,5497.15,2024-05-07,15
WO-OTEYWLN0I1G0,CA-FL-00000297,,2024-04-02,LANDSCAPING,MEDIUM,OPEN,1546.12,,,32
WO-EDSR1NNSJBOA,CA-FL-00000297,,2024-04-17,ELECTRICAL,LOW,COMPLETED,6749.85,175.19,2024-04-24,7
WO-QUQ1LTQZ0QKK,CA-FL-00000297,,2024-06-15,PLUMBING,LOW,COMPLETED,2741.06,11311.99,2024-06-17,2
WO-1H3MD26YHBGD,CA-FL-00000297,,2024-06-21,PLUMBING,MEDIUM,COMPLETED,10723.58,2045.58,2024-06-22,1
WO-NZ412JKHWI6Q,CA-FL-00000297,,2024-06-06,STRUCTURAL,MEDIUM,COMPLETED,1950.22,11584.7,2024-06-13,7
WO-DC1CHPI6U8L9,CA-FL-00000297,,2024-07-28,STRUCTURAL,LOW,COMPLETED,5961.02,6436.87,2024-08-01,4
WO-QC3DR3O688F7,CA-FL-00000297,,2024-07-14,PLUMBING,LOW,COMPLETED,4268.92,7765.17,2024-07-20,6
WO-9VSCQ2NRHABP,CA-FL-00000297,,2024-07-21,ROOFING,MEDIUM,COMPLETED,7320.11,10245.57,2024-07-30,9
WO-L64CU5EEA4DK,CA-FL-00000297,,2024-08-08,LANDSCAPING,MEDIUM,OPEN,2978.76,,,32
WO-3LEHFCUE3LSJ,CA-FL-00000297,,2024-08-07,LANDSCAPING,MEDIUM,COMPLETED,8593.74,10599.26,2024-08-09,2
WO-GKPX4Q2POPV0,CA-FL-00000297,,2024-09-01,PLUMBING,HIGH,COMPLETED,13652.95,816.82,2024-09-22,21
WO-TMI0HG9YJ65I,CA-FL-00000297,,2024-09-13,STRUCTURAL,MEDIUM,COMPLETED,7722.39,6218.72,2024-09-15,2
WO-PHGXDVEHGDSY,CA-FL-00000297,,2024-10-13,STRUCTURAL,EMERGENCY,COMPLETED,6256.37,5883.69,2024-10-19,6
WO-3MEPJZP6UV5Q,CA-FL-00000297,,2024-10-18,LANDSCAPING,MEDIUM,COMPLETED,2597.63,3925.44,2024-11-08,21
WO-JNFUJUE3IW8V,CA-FL-00000297,,2024-11-05,GENERAL,LOW,COMPLETED,13984.8,5350.55,2024-11-20,15
WO-M5N63NLPS1NZ,CA-FL-00000297,,2024-11-11,PLUMBING,HIGH,COMPLETED,11986.63,8728.32,2024-11-15,4
WO-X3KZP4E3SZ77,CA-FL-00000297,,2024-12-20,PLUMBING,LOW,COMPLETED,3051.83,4716.77,2024-12-27,7
WO-J80GD4AHO4EY,CA-FL-00000297,,2024-12-03,HVAC,MEDIUM,COMPLETED,8291.46,1367.83,2024-12-21,18
WO-54LTLJWGHEPV,CA-FL-00000297,,2024-12-08,PLUMBING,LOW,COMPLETED,10559.88,4353.89,2024-12-10,2
WO-THBCUFRVM27Y,CA-FL-00000297,,2025-01-12,STRUCTURAL,MEDIUM,COMPLETED,8775.13,2742.57,2025-01-15,3
WO-D1YB9J6ODFM7,CA-FL-00000297,,2025-01-15,GENERAL,EMERGENCY,COMPLETED,9066.69,10454.59,2025-02-01,17
WO-PNSY15GP2ZZH,CA-FL-00000297,,2025-01-12,LANDSCAPING,HIGH,COMPLETED,9422.01,9714.18,2025-01-30,18
WO-6HOIKE8GTQGF,CA-FL-00000297,,2025-02-11,PLUMBING,LOW,COMPLETED,14717.05,11887.54,2025-02-28,17
WO-SHJ2T66D3H4T,CA-FL-00000297,,2025-02-15,GENERAL,LOW,COMPLETED,8504.74,6800.21,2025-02-24,9
WO-THRWPVFUTJZ6,CA-FL-00000297,,2025-02-28,GENERAL,EMERGENCY,COMPLETED,12295.23,11929.32,2025-03-19,19
WO-D9NC52RLMP97,CA-FL-00000297,,2025-03-15,PLUMBING,HIGH,COMPLETED,13577.67,6972.13,2025-03-31,16
WO-1N30GD6MRQ3V,CA-FL-00000297,,2025-03-17,HVAC,HIGH,COMPLETED,5959.0,4862.6,2025-04-04,18
WO-W5HDUIJW4DVQ,CA-FL-00000297,,2025-04-14,PLUMBING,MEDIUM,COMPLETED,1826.22,2649.22,2025-04-19,5
WO-8TLQSX9HMG6E,CA-FL-00000297,,2025-04-17,LANDSCAPING,LOW,COMPLETED,14518.08,10142.39,2025-04-30,13
WO-15OBBXQII7PT,CA-FL-00000297,,2025-05-01,ELECTRICAL,LOW,COMPLETED,8785.37,3963.68,2025-05-09,8
WO-R3TAQ269LESR,CA-FL-00000297,,2025-06-12,HVAC,MEDIUM,OPEN,12984.77,,,3
WO-RC5LJIHRNJ4L,CA-FL-00000297,,2025-06-17,ELECTRICAL,LOW,COMPLETED,9531.43,4729.7,2025-07-04,17
WO-ZFVFBMTPIV5F,CA-TX-00000298,,2024-02-24,LANDSCAPING,LOW,COMPLETED,14053.19,8434.01,2024-03-16,21
WO-JXELF8JB0OMA,CA-TX-00000298,,2024-03-22,HVAC,HIGH,COMPLETED,3814.23,599.53,2024-04-05,14
WO-QNGSF5RAKUQZ,CA-TX-00000298,,2024-05-28,STRUCTURAL,MEDIUM,COMPLETED,6948.59,5989.51,2024-06-11,14
WO-NQX7W2CC2OEA,CA-TX-00000298,,2024-07-03,PLUMBING,MEDIUM,COMPLETED,10768.09,4351.4,2024-07-15,12
WO-NUM8STSTMI8B,CA-TX-00000298,,2024-10-13,ELECTRICAL,LOW,COMPLETED,13365.7,453.82,2024-10-18,5
WO-VCQD1MKEUOSL,CA-TX-00000298,,2024-11-20,HVAC,MEDIUM,COMPLETED,10341.85,9167.33,2024-11-28,8
WO-0ZZVGQE2BWDG,CA-TX-00000298,,2024-11-21,PLUMBING,LOW,COMPLETED,14653.97,9687.73,2024-12-12,21
WO-DZABTSOX9QSP,CA-TX-00000298,,2024-12-19,LANDSCAPING,MEDIUM,COMPLETED,2373.82,369.16,2025-01-01,13
WO-BKTPK1JYELV8,CA-TX-00000298,,2025-01-14,HVAC,LOW,COMPLETED,9774.61,2989.77,2025-01-16,2
WO-NWHHNX48SFRP,CA-TX-00000298,,2025-02-09,GENERAL,MEDIUM,COMPLETED,1630.64,11623.7,2025-02-17,8
WO-G33IVG67XMF5,CA-TX-00000298,,2025-05-28,HVAC,LOW,COMPLETED,3626.18,2682.32,2025-06-02,5
WO-1VJYVCULY6LY,CA-TX-00000299,,2024-01-22,LANDSCAPING,MEDIUM,COMPLETED,12800.17,8990.36,2024-01-23,1
WO-VVVYG7MLAGS7,CA-TX-00000299,,2024-03-12,ELECTRICAL,LOW,COMPLETED,2307.78,8064.58,2024-03-22,10
WO-G41T1NGQMQ4D,CA-TX-00000299,,2024-04-09,STRUCTURAL,LOW,COMPLETED,13413.29,2049.41,2024-04-15,6
WO-QV0DSDEPUNFI,CA-TX-00000299,,2024-10-08,HVAC,MEDIUM,COMPLETED,2585.36,6832.3,2024-10-15,7
WO-9VFPX7DSBHRF,CA-TX-00000299,,2024-10-07,HVAC,MEDIUM,COMPLETED,1560.75,5924.46,2024-10-16,9
WO-179S08BWRKR7,CA-TX-00000299,,2024-10-06,ELECTRICAL,HIGH,COMPLETED,4435.17,8248.9,2024-10-12,6
WO-5GASG9CYCKSF,CA-TX-00000299,,2024-11-04,GENERAL,MEDIUM,COMPLETED,7665.85,339.01,2024-11-17,13
WO-SAZ91YZOHDA5,CA-TX-00000299,,2024-12-08,GENERAL,MEDIUM,COMPLETED,1811.84,11935.93,2024-12-17,9
WO-17PB7RQP88XN,CA-TX-00000299,,2024-12-02,HVAC,MEDIUM,COMPLETED,8358.74,10135.5,2024-12-20,18
WO-ML5LB0WL0O1S,CA-TX-00000299,,2025-01-26,LANDSCAPING,MEDIUM,COMPLETED,4109.14,11647.21,2025-01-27,1
WO-59FHU638H4M5,CA-TX-00000299,,2025-04-12,STRUCTURAL,LOW,COMPLETED,9412.88,10168.57,2025-05-03,21
WO-2X99XBL5DXQB,CA-TX-00000299,,2025-05-24,ELECTRICAL,MEDIUM,COMPLETED,8591.52,10252.97,2025-06-01,8
WO-EX7UARYDYGC9,CA-IL-00000300,,2024-02-07,STRUCTURAL,LOW,COMPLETED,5696.29,1863.83,2024-02-21,14
WO-SLNNDUW7AYJD,CA-IL-00000300,,2024-02-02,PLUMBING,LOW,COMPLETED,6297.26,4980.8,2024-02-13,11
WO-3VBA6NDDZXNP,CA-IL-00000300,,2024-02-17,ELEVATOR,LOW,DEFERRED,5490.85,,,48
WO-LFFLQVBZATMT,CA-IL-00000300,,2024-02-12,GENERAL,HIGH,COMPLETED,1209.9,11211.35,2024-02-28,16
WO-NG09ECT21FWO,CA-IL-00000300,,2024-02-02,PLUMBING,MEDIUM,DEFERRED,10268.4,,,42
WO-LMNLG5Z393OZ,CA-IL-00000300,,2024-02-17,PLUMBING,MEDIUM,COMPLETED,14592.89,9153.7,2024-03-07,19
WO-N5QV8L25CVAI,CA-IL-00000300,,2024-02-24,HVAC,LOW,COMPLETED,4050.22,8631.73,2024-03-11,16
WO-UFNDKCTTFMOM,CA-IL-00000300,,2024-03-17,ELEVATOR,MEDIUM,OPEN,14168.13,,,44
WO-YU457FY9A9JT,CA-IL-00000300,,2024-03-13,HVAC,MEDIUM,COMPLETED,8454.27,2281.76,2024-03-25,12
WO-7U8JIQNSDF2N,CA-IL-00000300,,2024-04-14,PLUMBING,HIGH,COMPLETED,6630.15,3461.83,2024-04-21,7
WO-H8Z5JBVKZ6XT,CA-IL-00000300,,2024-04-22,GENERAL,EMERGENCY,COMPLETED,7753.63,11279.72,2024-05-11,19
WO-2VQ0CQH19SU9,CA-IL-00000300,,2024-05-22,HVAC,MEDIUM,COMPLETED,5941.01,3134.25,2024-06-08,17
WO-C7KGHXGYRI5M,CA-IL-00000300,,2024-05-26,ELEVATOR,LOW,DEFERRED,11806.72,,,49
WO-9QLW4669UGQI,CA-IL-00000300,,2024-05-22,LANDSCAPING,MEDIUM,COMPLETED,10790.05,2759.45,2024-06-11,20
WO-VNBM5GW0WGPP,CA-IL-00000300,,2024-05-26,LANDSCAPING,LOW,COMPLETED,5454.91,4983.53,2024-06-07,12
WO-2S77F21FGJC7,CA-IL-00000300,,2024-06-13,GENERAL,MEDIUM,COMPLETED,9612.92,10329.98,2024-07-02,19
WO-06DYS25RIBM3,CA-IL-00000300,,2024-07-08,HVAC,HIGH,COMPLETED,13783.37,11747.93,2024-07-25,17
WO-QZ1CZYLUYOFS,CA-IL-00000300,,2024-07-24,ELEVATOR,LOW,DEFERRED,486.73,,,37
WO-CIKP8BTU0QAI,CA-IL-00000300,,2024-08-22,PLUMBING,MEDIUM,COMPLETED,5962.5,9552.42,2024-09-05,14
WO-XIF3EKPP201A,CA-IL-00000300,,2024-08-07,ELEVATOR,HIGH,COMPLETED,4693.62,11668.94,2024-08-24,17
WO-VO78KLLY8RJ6,CA-IL-00000300,,2024-08-05,GENERAL,EMERGENCY,COMPLETED,10582.51,1570.87,2024-08-13,8
WO-6WKXAO8K4IOO,CA-IL-00000300,,2024-08-17,ELEVATOR,HIGH,DEFERRED,11482.43,,,139
WO-E74GQS9776EU,CA-IL-00000300,,2024-09-04,HVAC,HIGH,COMPLETED,6071.01,11770.37,2024-09-11,7
WO-5FSNV46VH7WE,CA-IL-00000300,,2024-09-05,GENERAL,HIGH,COMPLETED,10778.83,866.72,2024-09-12,7
WO-9Z48Z1FL0JLH,CA-IL-00000300,,2024-10-13,ELECTRICAL,LOW,DEFERRED,2644.91,,,20
WO-PONBZO47A5P2,CA-IL-00000300,,2024-11-25,LANDSCAPING,LOW,COMPLETED,8404.97,6448.4,2024-12-16,21
WO-ZD8ZRRARDNWP,CA-IL-00000300,,2024-11-18,ELECTRICAL,MEDIUM,DEFERRED,1373.74,,,71
WO-WYMXDRVQ5N2T,CA-IL-00000300,,2024-12-25,HVAC,MEDIUM,COMPLETED,2690.62,11102.58,2025-01-03,9
WO-RQWGNQPCU8XO,CA-IL-00000300,,2024-12-17,HVAC,MEDIUM,OPEN,9009.14,,,37
WO-GNKEJBFK556R,CA-IL-00000300,,2025-01-22,PLUMBING,MEDIUM,COMPLETED,13712.25,3121.21,2025-02-11,20
WO-6R30FZL8SBYV,CA-IL-00000300,,2025-02-23,ROOFING,MEDIUM,COMPLETED,5478.7,8106.21,2025-03-02,7
WO-I0R2KZMGQP5X,CA-IL-00000300,,2025-02-10,GENERAL,LOW,COMPLETED,10929.49,7557.37,2025-02-26,16
WO-LC3WUYF89BJB,CA-IL-00000300,,2025-04-05,LANDSCAPING,LOW,COMPLETED,7661.54,345.26,2025-04-19,14
WO-6F0Z9EYGHGDV,CA-IL-00000300,,2025-05-15,ELECTRICAL,MEDIUM,COMPLETED,4436.01,2916.51,2025-05-25,10
WO-XXL3O31UWDT0,CA-IL-00000300,,2025-06-06,ELECTRICAL,MEDIUM,OPEN,5988.93,,,28
WO-V972U50SADND,CA-IL-00000300,,2025-06-17,GENERAL,LOW,OPEN,4116.26,,,63
WO-HYSPPJVGJAN2,CA-IL-00000300,,2025-06-20,ELECTRICAL,LOW,COMPLETED,14564.41,721.37,2025-06-23,3
WO-YK62R0UM7C75,CA-IL-00000300,,2025-06-24,STRUCTURAL,MEDIUM,COMPLETED,10317.6,7355.0,2025-07-08,14
